# https://github.com/mikedh/trimesh
v 0.04909381 -0.02150758 -0.00428933
v -0.02768975 -0.02088064 0.04544914
v -0.05186488 -0.02134858 -0.00574748
v -0.04206761 -0.02155605 0.02846482
v 0.03911522 -0.02202466 -0.03237835
v 0.04961445 -0.02104087 0.01733353
v -0.03691243 -0.02140684 -0.03432143
v 0.02356465 -0.02184804 0.04567470
v 0.02492082 0.01643040 -0.05136556
v 0.04382409 0.01999893 -0.03180195
v 0.05043880 0.02024160 -0.01492769
v 0.04869437 0.02169655 0.01062494
v 0.02651052 0.02094374 0.04471977
v -0.05413785 0.02078808 0.00543053
v -0.01754726 0.01999704 -0.05054794
v -0.04268572 0.02047653 -0.03027246
v -0.02468187 0.02150877 0.04417292
v 0.04223058 0.01969695 0.03386479
v 0.00237643 0.02165757 0.04959673
v -0.03622716 0.02092407 0.03709406
v -0.04358681 0.02046867 0.00116499
v -0.03363618 0.02088708 -0.03117209
v 0.00871713 0.01271405 -0.03977071
v 0.01990560 0.01401158 -0.03564488
v 0.03344914 0.01961436 -0.02338145
v 0.03563534 0.01959379 -0.02003789
v 0.03472658 0.01972756 -0.02157238
v 0.04008563 0.01972795 -0.00826687
v 0.04045229 0.01950000 -0.00501783
v 0.04066912 0.01965451 -0.00355809
v 0.04087588 0.01948590 0.00000000
v 0.04020426 0.01965451 0.00708910
v 0.04082146 0.01965021 0.00181573
v 0.04045229 0.01950000 0.00501783
v 0.03981243 0.01900454 0.00964808
v 0.03763443 0.01968327 0.01583055
v 0.02429760 0.01955425 0.03280118
v 0.01726122 0.01933080 0.03707629
v -0.00054189 0.01948006 0.04082031
v 0.02660018 0.01980345 -0.03127080
v 0.03131528 0.01968955 -0.02619142
v 0.03706390 0.01979389 -0.01728318
v 0.03814150 0.01959341 -0.01439619
v 0.04027420 0.01979389 -0.00710143
v 0.04089399 0.01978772 -0.00171200
v 0.04147964 0.02019662 0.00530994
v 0.03129615 0.01968523 0.02620956
v 0.00000000 0.01990451 -0.04100611
v 0.00260115 0.01973543 -0.04075393
v 0.01110189 0.01978195 -0.03939934
v 0.02028146 0.01976900 -0.03557256
v 0.02635822 0.01990451 -0.03141250
v 0.02899570 0.01990451 -0.02899570
v 0.03141250 0.01990451 -0.02635822
v 0.03359024 0.01990451 -0.02352014
v 0.03551233 0.01990451 -0.02050305
v 0.03716415 0.01990451 -0.01732993
v 0.03853314 0.01990451 -0.01402491
v 0.03960886 0.01990451 -0.01061316
v 0.04070411 0.01989949 -0.00522428
v 0.03972727 0.02027164 0.01402784
v 0.03594676 0.01976061 0.01942313
v 0.03397608 0.01982842 0.02274034
v 0.03022079 0.01994956 0.02786505
v 0.02768399 0.01978907 0.03012982
v 0.02256752 0.02027843 0.03583317
v 0.01492990 0.01987256 0.03826245
v 0.00635522 0.01977591 0.04049014
v 0.00357392 0.01990451 0.04085007
v 0.00000000 0.01997553 -0.04114549
v 0.00358607 0.01997553 -0.04098892
v -0.00446697 0.02073006 -0.04371644
v 0.00896878 0.01990242 -0.04002891
v 0.01881600 0.01997483 -0.03664821
v 0.02360008 0.01997553 -0.03370441
v 0.02644781 0.01997553 -0.03151928
v 0.02909426 0.01997553 -0.02909426
v 0.03151928 0.01997553 -0.02644781
v 0.03370441 0.01997553 -0.02360008
v 0.03563304 0.01997553 -0.02057275
v 0.03729048 0.01997553 -0.01738884
v 0.04109324 0.02016205 -0.01353721
v 0.00000000 0.01990451 0.04100611
v 0.00000000 0.02000000 -0.04130000
v 0.02065000 0.02000000 -0.03576685
v 0.02368871 0.02000000 -0.03383098
v 0.02654713 0.02000000 -0.03163764
v 0.02920351 0.02000000 -0.02920351
v 0.03163764 0.02000000 -0.02654713
v 0.03383098 0.02000000 -0.02368871
v 0.03576685 0.02000000 -0.02065000
v 0.04295262 0.02110845 -0.01331737
v 0.03763832 0.02022407 0.02034262
v 0.03385681 0.02015279 0.02635169
v -0.00376107 0.01960106 0.04069468
v -0.00708910 0.01965451 0.04020426
v -0.00708485 0.01950000 0.04018016
v -0.01053350 0.01950000 0.03941561
v -0.01056615 0.01965451 0.03943341
v -0.01725057 0.01960989 0.03698323
v -0.01274999 0.01970089 0.03891689
v -0.01534111 0.01950000 0.03776507
v -0.02038777 0.01960292 0.03534834
v -0.02364330 0.01969488 0.03337108
v -0.02419328 0.01950000 0.03281417
v -0.02686969 0.01954056 0.03079176
v -0.03344145 0.01965451 0.02341595
v -0.03042880 0.01958969 0.02721028
v -0.03155544 0.01950000 0.02583369
v -0.03342140 0.01950000 0.02340192
v -0.03450805 0.01950000 0.02169622
v -0.03535503 0.01965451 0.02041224
v -0.03533384 0.01950000 0.02040000
v -0.03990176 0.01959965 0.00903553
v -0.04082447 0.01965451 0.00000000
v -0.04080789 0.01968277 0.00339268
v -0.04068904 0.01950000 0.00254145
v -0.04080476 0.01955380 -0.00014655
v -0.04066912 0.01965451 -0.00355809
v -0.04064474 0.01950000 -0.00355595
v -0.04018016 0.01950000 -0.00708485
v -0.04020426 0.01965451 -0.00708910
v -0.03863621 0.01166829 -0.01299093
v -0.03344145 0.01965451 -0.02341595
v -0.03468900 0.01958715 -0.02153159
v -0.03155544 0.01950000 -0.02583369
v -0.03127336 0.01965451 -0.02624146
v -0.02889049 0.01262256 -0.02852112
v -0.02624146 0.01965451 -0.03127336
v -0.02886726 0.01965451 -0.02886726
v -0.02419328 0.01950000 -0.03281417
v -0.02341595 0.01965451 -0.03344145
v -0.01722554 0.01961426 -0.03699680
v -0.02138964 0.01966018 -0.03480112
v -0.01534111 0.01950000 -0.03776507
v -0.01396279 0.01965451 -0.03836245
v -0.01145599 0.01962152 -0.03919075
v -0.00554325 0.01950000 -0.04038311
v -0.00356428 0.01979389 0.04073987
v -0.00710143 0.01979389 0.04027420
v -0.01058453 0.01979389 0.03950201
v -0.01398708 0.01979389 0.03842919
v -0.01728318 0.01979389 0.03706390
v -0.02044775 0.01979389 0.03541653
v -0.02345669 0.01979389 0.03349963
v -0.02628712 0.01979389 0.03132776
v -0.02891748 0.01979389 0.02891748
v -0.03132776 0.01979389 0.02628712
v -0.03349963 0.01979389 0.02345669
v -0.03541653 0.01979389 0.02044775
v -0.03685994 0.01974358 0.01755627
v -0.04027420 0.01979389 0.00710143
v -0.04073987 0.01979389 0.00356428
v -0.04089549 0.01979389 0.00000000
v -0.04073987 0.01979389 -0.00356428
v -0.04027420 0.01979389 -0.00710143
v -0.03706390 0.01979389 -0.01728318
v -0.03541653 0.01979389 -0.02044775
v -0.03349963 0.01979389 -0.02345669
v -0.03132776 0.01979389 -0.02628712
v -0.02891748 0.01979389 -0.02891748
v -0.02628712 0.01979389 -0.03132776
v -0.02345669 0.01979389 -0.03349963
v -0.02044775 0.01979389 -0.03541653
v -0.01728318 0.01979389 -0.03706390
v -0.01398708 0.01979389 -0.03842919
v -0.01058453 0.01979389 -0.03950201
v -0.00718742 0.01969276 -0.04019009
v -0.00197918 0.01963786 -0.04078043
v -0.00357392 0.01990451 0.04085007
v -0.00712064 0.01990451 0.04038313
v -0.01061316 0.01990451 0.03960886
v -0.01402491 0.01990451 0.03853314
v -0.01732993 0.01990451 0.03716415
v -0.02050305 0.01990451 0.03551233
v -0.02352014 0.01990451 0.03359024
v -0.02635822 0.01990451 0.03141250
v -0.02899570 0.01990451 0.02899570
v -0.03141250 0.01990451 0.02635822
v -0.03359024 0.01990451 0.02352014
v -0.03551233 0.01990451 0.02050305
v -0.03827181 0.01981305 0.01443114
v -0.03953154 0.01975609 0.01026134
v -0.04038313 0.01990451 0.00712064
v -0.04085007 0.01990451 0.00357392
v -0.04100611 0.01990451 0.00000000
v -0.04085007 0.01990451 -0.00357392
v -0.04038313 0.01990451 -0.00712064
v -0.03978380 0.01978970 -0.00939956
v -0.03816541 0.01977430 -0.01467095
v -0.03716415 0.01990451 -0.01732993
v -0.03551233 0.01990451 -0.02050305
v -0.03359024 0.01990451 -0.02352014
v -0.03141250 0.01990451 -0.02635822
v -0.02899570 0.01990451 -0.02899570
v -0.02635822 0.01990451 -0.03141250
v -0.02352014 0.01990451 -0.03359024
v -0.02050305 0.01990451 -0.03551233
v -0.01732993 0.01990451 -0.03716415
v -0.01402491 0.01990451 -0.03853314
v -0.01061316 0.01990451 -0.03960886
v -0.00712064 0.01990451 -0.04038313
v -0.00357392 0.01990451 -0.04085007
v -0.00208860 0.01997675 0.04113048
v -0.00685552 0.02013583 0.04232933
v -0.02057275 0.01997553 0.03563304
v -0.02360008 0.01997553 0.03370441
v -0.02644781 0.01997553 0.03151928
v -0.02909426 0.01997553 0.02909426
v -0.03151928 0.01997553 0.02644781
v -0.03370441 0.01997553 0.02360008
v -0.03563304 0.01997553 0.02057275
v -0.03729048 0.01997553 0.01738884
v -0.03866412 0.01997553 0.01407259
v -0.03974349 0.01997553 0.01064924
v -0.04052040 0.01997553 0.00714484
v -0.04098892 0.01997553 0.00358607
v -0.04114549 0.01997553 0.00000000
v -0.04098892 0.01997553 -0.00358607
v -0.04052040 0.01997553 -0.00714484
v -0.03974349 0.01997553 -0.01064924
v -0.03866412 0.01997553 -0.01407259
v -0.03729048 0.01997553 -0.01738884
v -0.03563304 0.01997553 -0.02057275
v -0.03370441 0.01997553 -0.02360008
v -0.03151928 0.01997553 -0.02644781
v -0.02909426 0.01997553 -0.02909426
v -0.02644781 0.01997553 -0.03151928
v -0.02360008 0.01997553 -0.03370441
v -0.02057275 0.01997553 -0.03563304
v -0.01738884 0.01997553 -0.03729048
v -0.01407259 0.01997553 -0.03866412
v -0.01064924 0.01997553 -0.03974349
v -0.00714484 0.01997553 -0.04052040
v -0.00358607 0.01997553 -0.04098892
v -0.01584041 0.02021550 0.03960581
v -0.02034262 0.02022407 0.03763832
v -0.02065000 0.02000000 0.03576685
v -0.02368871 0.02000000 0.03383098
v -0.02654713 0.02000000 0.03163764
v -0.02920351 0.02000000 0.02920351
v -0.03163764 0.02000000 0.02654713
v -0.03383098 0.02000000 0.02368871
v -0.03576685 0.02000000 0.02065000
v -0.03743051 0.02000000 0.01745413
v -0.03880931 0.02000000 0.01412543
v -0.03989274 0.02000000 0.01068923
v -0.04067256 0.02000000 0.00717167
v -0.04114284 0.02000000 0.00359953
v -0.04130000 0.02000000 0.00000000
v -0.04114284 0.02000000 -0.00359953
v -0.04067256 0.02000000 -0.00717167
v -0.03989274 0.02000000 -0.01068923
v -0.03880931 0.02000000 -0.01412543
v -0.03743051 0.02000000 -0.01745413
v -0.03576685 0.02000000 -0.02065000
v -0.03383098 0.02000000 -0.02368871
v -0.03163764 0.02000000 -0.02654713
v -0.02920351 0.02000000 -0.02920351
v -0.02654713 0.02000000 -0.03163764
v -0.02368871 0.02000000 -0.03383098
v -0.02065000 0.02000000 -0.03576685
v -0.01745413 0.02000000 -0.03743051
v -0.01412543 0.02000000 -0.03880931
v -0.00989896 0.02000006 -0.04011182
v -0.00717167 0.02000000 -0.04067256
v -0.00359953 0.02000000 -0.04114284
v 0.02200658 0.02005753 -0.03700904
v 0.00967678 0.02007805 -0.04207919
v 0.03189696 0.02000000 -0.02913437
v -0.02913437 0.02000000 -0.03189696
v -0.03709608 0.02000000 -0.02188631
v -0.04209665 0.02000000 -0.00970049
v -0.03361850 0.02000000 0.02692446
v -0.02619817 0.02000000 0.03418751
v -0.01809663 0.02000000 -0.03908506
v 0.00655079 0.02026429 0.04211992
v -0.04118916 0.02000000 0.01361609
v -0.03276670 -0.02000000 0.02815264
v -0.04041092 -0.01999953 0.01186352
v -0.03673372 -0.02000000 -0.02307765
v -0.01286949 -0.02118585 -0.05122785
v 0.02967022 -0.01999954 -0.03186455
v 0.00863199 -0.02000000 -0.03987642
v 0.03338746 -0.01999948 0.02719183
v 0.04169851 -0.01999988 0.00091463
v 0.00984999 -0.01999967 0.04068936
v -0.03157017 -0.02000000 0.02584500
v -0.00188609 -0.02166888 0.04840332
v -0.03454020 -0.02000000 0.02171670
v -0.01892229 -0.01999954 -0.03793582
v -0.04067625 -0.01999967 -0.00913579
v -0.03454020 -0.02000000 -0.02171670
v -0.00274788 -0.02000000 -0.04102966
v -0.03157017 -0.02000000 -0.02584500
v 0.01416042 0.01317523 -0.03826386
v 0.03064902 0.00871847 -0.02670134
v 0.00923762 0.00858054 -0.04011809
v 0.00757533 0.00820000 -0.04009058
v 0.00721286 0.00913640 0.04019809
v 0.03055434 0.01241966 0.02703670
v 0.02822072 0.01525040 0.02956432
v 0.02246710 0.01381826 0.03403635
v 0.02364444 0.01382133 0.03325062
v 0.02385128 0.01374805 0.03310216
v 0.02163055 0.01381826 0.03459421
v 0.01918476 0.01381826 0.03600813
v 0.01675559 0.01371699 0.03719764
v 0.01810568 0.01381826 0.03654225
v 0.03896283 0.01302762 -0.01174553
v 0.04077583 0.01381826 -0.00140413
v 0.04061338 0.01379611 -0.00388979
v 0.04060681 0.01381043 0.00396648
v 0.04077583 0.01381826 0.00140411
v 0.04077583 0.01381826 0.00000000
v 0.00851274 0.01229806 -0.03947553
v 0.00872252 0.01255440 -0.03929422
v 0.00926939 0.01263097 -0.03926770
v 0.00896618 0.01266235 -0.03933257
v 0.00864507 0.01253001 -0.03920465
v 0.00868417 0.01256606 -0.03917808
v 0.00872056 0.01259961 -0.03915335
v 0.00874893 0.01262578 -0.03913407
v 0.00879585 0.01266903 -0.03910218
v 0.00882521 0.01267135 -0.03912352
v 0.00887132 0.01271349 -0.03905857
v 0.00893944 0.01273022 -0.03904850
v 0.00895489 0.01275271 -0.03901333
v 0.00894596 0.01274852 -0.03901817
v 0.01904057 0.01363474 -0.03576825
v 0.02145592 0.01363474 -0.03437375
v 0.02148633 0.01361948 -0.03442248
v 0.01906756 0.01361948 -0.03581896
v 0.02151778 0.01362178 -0.03447287
v 0.01909547 0.01362178 -0.03587139
v 0.02154749 0.01364143 -0.03452045
v 0.01912183 0.01364143 -0.03592091
v 0.02157282 0.01367670 -0.03456104
v 0.01914431 0.01367670 -0.03596314
v 0.02159155 0.01372447 -0.03459104
v 0.01916093 0.01372447 -0.03599435
v 0.01697318 0.01367773 -0.03703639
v 0.01670079 0.01367786 -0.03721572
v 0.01696988 0.01367123 -0.03702919
v 0.01693018 0.01362292 -0.03694255
v 0.01691257 0.01361832 -0.03690413
v 0.01688933 0.01362772 -0.03685342
v 0.01688190 0.01363643 -0.03683720
v 0.01678362 0.01359792 -0.03695571
v 0.01901020 0.01365304 -0.03574680
v 0.01902468 0.01365304 -0.03573845
v 0.02143805 0.01365304 -0.03434509
v 0.02346050 0.01363474 -0.03303809
v 0.02145252 0.01365304 -0.03433673
v 0.02347046 0.01363018 -0.03305211
v 0.02350281 0.01362009 -0.03309767
v 0.02353371 0.01362514 -0.03314119
v 0.02352815 0.01362178 -0.03313336
v 0.02357178 0.01365562 -0.03319479
v 0.02357811 0.01363037 -0.03314425
v 0.02359391 0.01368973 -0.03322597
v 0.02347630 0.01364490 -0.03299551
v 0.02988646 0.01273404 -0.02757568
v 0.02967078 0.01226169 -0.02693543
v 0.03832987 0.01267103 -0.01190603
v 0.00800906 0.01214049 0.04000576
v 0.00883310 0.01277405 0.03977219
v 0.02148237 0.01363474 0.03435722
v 0.01905334 0.01363474 0.03576145
v 0.01908035 0.01361948 0.03581215
v 0.02151283 0.01361948 0.03440593
v 0.01910828 0.01362178 0.03586457
v 0.02154432 0.01362178 0.03445629
v 0.01913465 0.01364143 0.03591407
v 0.02157406 0.01364143 0.03450385
v 0.01915715 0.01367670 0.03595630
v 0.02159942 0.01367670 0.03454442
v 0.01917378 0.01372447 0.03598751
v 0.02161817 0.01372447 0.03457440
v 0.01918307 0.01378052 0.03600495
v 0.02162865 0.01378052 0.03459116
v 0.02361162 0.01373444 0.03325091
v 0.02361372 0.01373585 0.03324983
v 0.02361929 0.01378099 0.03326171
v 0.02358764 0.01367809 0.03321714
v 0.02359429 0.01368785 0.03322649
v 0.02358309 0.01367142 0.03321074
v 0.02352806 0.01362317 0.03313323
v 0.02350358 0.01361830 0.03309877
v 0.02347381 0.01362637 0.03305683
v 0.02342229 0.01367235 0.03298964
v 0.01688158 0.01363474 0.03683644
v 0.01676559 0.01383095 0.03657383
v 0.01688873 0.01363018 0.03685206
v 0.01693025 0.01362178 0.03694266
v 0.01693425 0.01362514 0.03695137
v 0.01697356 0.01367670 0.03703714
v 0.01698441 0.01371189 0.03706083
v 0.01699406 0.01376375 0.03708188
v 0.01699652 0.01378052 0.03708726
v 0.02362109 0.01379190 0.03326424
v 0.02362142 0.01379389 0.03326471
v 0.02966226 0.01258205 0.02718561
v 0.03005142 0.01242927 0.02723000
v 0.03021851 0.01273496 0.02734186
v 0.03864707 0.01204590 0.01268157
v 0.03881523 0.01288707 0.01254131
v 0.04049650 0.01363474 -0.00139451
v 0.04049650 0.01363474 0.00139449
v 0.04055391 0.01361948 0.00139647
v 0.04055391 0.01361948 -0.00139649
v 0.04061327 0.01362178 0.00139851
v 0.04061327 0.01362178 -0.00139853
v 0.04066933 0.01364143 0.00140044
v 0.04066933 0.01364143 -0.00140046
v 0.04071714 0.01367670 0.00140209
v 0.04071714 0.01367670 -0.00140211
v 0.04075249 0.01372447 0.00140331
v 0.04075249 0.01372447 -0.00140333
v 0.04077224 0.01378052 0.00140399
v 0.04077224 0.01378052 -0.00140401
v 0.04060186 0.01373415 -0.00382283
v 0.04056104 0.01367773 -0.00381899
v 0.04056922 0.01368448 -0.00381976
v 0.04055316 0.01367123 -0.00381825
v 0.04045828 0.01362292 -0.00380932
v 0.04041620 0.01361832 -0.00380535
v 0.04036067 0.01362772 -0.00380012
v 0.04034290 0.01363643 -0.00379845
v 0.04036476 0.01360792 -0.00392814
v 0.04046274 0.01365304 -0.00141008
v 0.04046274 0.01365304 -0.00139337
v 0.04046274 0.01365304 0.00139335
v 0.04034208 0.01363474 0.00379835
v 0.04046274 0.01365304 0.00141006
v 0.04039927 0.01361948 0.00380373
v 0.04041681 0.01362017 0.00380538
v 0.04051426 0.01364143 0.00381456
v 0.04051514 0.01364209 0.00381464
v 0.04055308 0.01366631 0.00388410
v 0.04057196 0.01369037 0.00381999
v 0.04060144 0.01373687 0.00382277
v 0.04057910 0.01369425 0.00397492
v 0.04061786 0.01379206 0.00382431
v 0.04061844 0.01379182 -0.00382439
v 0.00811344 0.01186021 -0.03996725
v 0.00830119 0.01204600 -0.03979514
v 0.00828442 0.01179738 -0.03965583
v 0.00742395 0.00936800 -0.04004588
v 0.03063424 0.01173132 -0.02693046
v 0.03031946 0.01224220 -0.02720446
v 0.03049643 0.01150933 -0.02694266
v 0.02310108 0.01544027 -0.02374001
v 0.03588105 0.01047172 -0.01124004
v 0.03857773 0.01133696 -0.01322599
v 0.03843468 0.00884941 -0.01385105
v 0.03845847 0.01106705 -0.01303685
v 0.03872929 0.01253676 -0.01282031
v 0.01251872 0.01525111 -0.01254803
v 0.01696178 0.01548598 -0.00354655
v 0.02500203 0.01715724 -0.00524271
v 0.03258544 0.01371737 -0.00916233
v 0.03253462 0.01583248 -0.00850624
v 0.02869692 0.01330308 -0.02676148
v 0.01386723 0.01645392 -0.01571861
v 0.01252051 0.01233256 -0.01055838
v 0.01301021 0.01582716 -0.01391195
v 0.01307476 0.01580805 -0.01388150
v 0.01221514 0.01518081 -0.01226710
v 0.01228360 0.01516210 -0.01224659
v 0.01214766 0.01518945 -0.01229139
v 0.01161389 0.01454563 -0.01077521
v 0.01168192 0.01454653 -0.01075911
v 0.01175251 0.01453797 -0.01074639
v 0.01175979 0.01378925 -0.00878153
v 0.01165144 0.01315898 -0.00534107
v 0.01300538 0.01321908 -0.00617139
v 0.01396453 0.01177170 -0.00551825
v 0.03028688 0.01654545 -0.00717721
v 0.03169294 0.01614994 -0.00792398
v 0.03392955 0.01533201 -0.00911616
v 0.03388839 0.01531329 -0.00917458
v 0.03613364 0.01424160 -0.01028833
v 0.03609638 0.01424247 -0.01034749
v 0.03396764 0.01534066 -0.00905540
v 0.03605431 0.01423421 -0.01040563
v 0.03600844 0.01421632 -0.01046071
v 0.03811744 0.01286939 -0.01164704
v 0.03807712 0.01287021 -0.01170416
v 0.03711164 0.01345693 -0.01128860
v 0.01368728 0.01619915 -0.01494865
v 0.01294709 0.01583596 -0.01394537
v 0.01257106 0.01559967 -0.01336388
v 0.01208317 0.01518854 -0.01231839
v 0.01235702 0.01544994 -0.01297328
v 0.01207313 0.01518093 -0.01232536
v 0.01234614 0.01544232 -0.01295342
v 0.01186353 0.01498025 -0.01184315
v 0.01173280 0.01416749 -0.00969277
v 0.03175500 0.01615767 -0.00780282
v 0.03249558 0.01590455 -0.00818340
v 0.03400172 0.01533975 -0.00899435
v 0.03307122 0.01570780 -0.00847921
v 0.03399747 0.01532325 -0.00898900
v 0.03318502 0.01566901 -0.00853751
v 0.03536209 0.01466361 -0.00978434
v 0.03483792 0.01495236 -0.00946248
v 0.03815968 0.01284233 -0.01166615
v 0.03629761 0.01414828 -0.01035876
v 0.00591657 0.01608086 -0.01952419
v 0.00749953 0.01694833 -0.02382340
v 0.00867800 0.01653135 -0.02949290
v 0.00887433 0.01592696 -0.03201616
v 0.00841843 0.01670154 -0.02854696
v 0.00886420 0.01500512 -0.03451337
v 0.00892615 0.01504286 -0.03452903
v 0.00884093 0.01388033 -0.03698227
v 0.00878013 0.01384439 -0.03695947
v 0.00435290 0.01509456 -0.01651595
v 0.00640822 0.01633738 -0.01967304
v 0.00889370 0.01649703 -0.02997456
v 0.00894205 0.01595685 -0.03202142
v 0.00906708 0.01598240 -0.03203473
v 0.00906388 0.01509081 -0.03454914
v 0.00899347 0.01507169 -0.03454107
v 0.00911733 0.01393471 -0.03702744
v 0.00904783 0.01393481 -0.03702348
v 0.00913500 0.01510008 -0.03455320
v 0.00897709 0.01392598 -0.03701465
v 0.00890733 0.01390778 -0.03700084
v 0.00220076 0.01346364 -0.01516472
v 0.00142438 0.01344736 -0.01372206
v 0.00916071 0.01590058 -0.03228450
v 0.00916779 0.01583089 -0.03249180
v 0.00920461 0.01509997 -0.03455342
v 0.00918104 0.01570048 -0.03287972
v 0.00921209 0.01508384 -0.03454671
v 0.00921455 0.01537072 -0.03386060
v 0.00920859 0.01467538 -0.03552362
v 0.00920833 0.01464544 -0.03559523
v 0.00914002 0.01378619 -0.03729320
v 0.00908177 0.01334055 -0.03803960
v 0.00896717 0.01270219 -0.03910613
v 0.03861877 0.01150522 0.01300217
v 0.03839058 0.00924259 0.01283266
v 0.03632810 0.01402882 0.01083799
v 0.01724829 0.01525111 0.00461388
v 0.01678129 0.01511484 0.00461623
v 0.01530478 0.01256562 0.00573533
v 0.02057295 0.01666310 0.02179289
v 0.02383534 0.01574379 0.02401564
v 0.02799873 0.01365205 0.02630311
v 0.02215637 0.01658831 0.00465928
v 0.01770857 0.01556669 0.00425648
v 0.01675300 0.01516209 0.00451869
v 0.01518773 0.01453815 0.00480893
v 0.01521576 0.01451902 0.00487402
v 0.01197756 0.01341665 0.00756440
v 0.01221073 0.01227268 0.01006545
v 0.01128890 0.01549010 0.01361023
v 0.01258724 0.01413287 0.01228763
v 0.01454114 0.01577607 0.01622289
v 0.02145102 0.01652373 0.02269415
v 0.02259861 0.01617551 0.02332022
v 0.02470973 0.01539747 0.02473140
v 0.02473958 0.01537811 0.02466719
v 0.02682642 0.01432817 0.02606395
v 0.02685877 0.01432827 0.02600232
v 0.02467635 0.01540686 0.02479431
v 0.02688785 0.01431929 0.02593725
v 0.02691243 0.01430078 0.02587061
v 0.02899764 0.01297477 0.02711419
v 0.02902664 0.01297487 0.02705091
v 0.02905136 0.01296640 0.02698399
v 0.03013104 0.01589633 0.00733658
v 0.01469766 0.01436655 0.00484845
v 0.01158786 0.01357937 0.00804364
v 0.01865720 0.01698509 0.02035433
v 0.02256069 0.01618402 0.02353926
v 0.02355060 0.01582952 0.02418066
v 0.02464071 0.01540676 0.02485410
v 0.02404550 0.01565229 0.02450132
v 0.02442782 0.01548286 0.02472884
v 0.02415848 0.01560789 0.02456651
v 0.02388423 0.01571004 0.02439683
v 0.02463495 0.01539108 0.02485210
v 0.02615805 0.01466295 0.02572829
v 0.02554825 0.01498635 0.02539561
v 0.02916652 0.01264681 0.02825992
v 0.02701788 0.01420847 0.02619282
v 0.03028933 0.01004453 0.02670199
v 0.03068465 0.00896231 0.02665449
v 0.03068340 0.01135193 0.02686295
v 0.00814693 0.01185844 0.03991087
v 0.00806275 0.01152833 0.03994915
v 0.00859308 0.01274739 0.03938769
v 0.00868254 0.01253629 0.03965101
v 0.00865881 0.01464484 0.03467838
v 0.00481316 0.01309521 0.01938658
v 0.00535773 0.01572400 0.01799752
v 0.00748295 0.01626345 0.01864524
v 0.00466331 0.01529646 0.01694330
v 0.00348094 0.01461014 0.01598393
v 0.00088152 0.01341979 0.01415893
v 0.00802991 0.01719935 0.02429210
v 0.00767456 0.01311632 0.02580274
v 0.00327938 0.01077936 0.01591461
v 0.01219036 0.00930362 0.00820169
v 0.02135599 0.01270711 0.00028757
v 0.00872524 0.00852781 -0.00951486
v 0.03951518 0.01029569 -0.00232605
v 0.02481407 0.00848660 0.03253707
v 0.00915161 0.01214635 -0.03361841
v 0.00848514 0.00869071 0.04007487
v 0.00653847 0.01402770 -0.02169522
v -0.00853064 0.00963604 -0.03953668
v -0.00105122 0.01124803 -0.01488322
v -0.00876719 0.01035562 0.03715079
v -0.00823577 0.01190962 -0.03988123
v -0.00787970 0.01062886 0.03991058
v -0.00029208 0.01337046 0.01431174
v -0.00440828 0.01511413 0.01696525
v -0.00762635 0.01697214 0.02359425
v -0.00803319 0.01405998 0.02829467
v -0.00867817 0.01598883 0.03155999
v -0.00887433 0.01592696 0.03201616
v -0.00886420 0.01500512 0.03451337
v -0.00892615 0.01504286 0.03452903
v -0.00884093 0.01388033 0.03698227
v -0.00878013 0.01384439 0.03695947
v -0.00032900 0.01306530 0.01438716
v -0.00131971 0.00981095 0.01460310
v -0.00597111 0.01602346 0.01863184
v -0.00527819 0.01567381 0.01787179
v -0.00547719 0.01485423 0.01957337
v -0.00651030 0.01641920 0.02021918
v -0.00655886 0.01646540 0.02017322
v -0.00894205 0.01595685 0.03202142
v -0.00895904 0.01639693 0.03051749
v -0.00906388 0.01509081 0.03454914
v -0.00899347 0.01507169 0.03454107
v -0.00911733 0.01393471 0.03702744
v -0.00904783 0.01393481 0.03702348
v -0.00913500 0.01510008 0.03455320
v -0.00897709 0.01392598 0.03701465
v -0.00890733 0.01390778 0.03700084
v -0.00245639 0.01401507 0.01461163
v -0.00187934 0.01376121 0.01458119
v -0.00915440 0.01596270 0.03209972
v -0.00916779 0.01583089 0.03249180
v -0.00920461 0.01509997 0.03455342
v -0.00921455 0.01537072 0.03386059
v -0.00921209 0.01508384 0.03454671
v -0.00920892 0.01542198 0.03372416
v -0.00918104 0.01570048 0.03287972
v -0.00916889 0.01582003 0.03252409
v -0.00920859 0.01467538 0.03552362
v -0.00920833 0.01464544 0.03559522
v -0.00914001 0.01378623 0.03729314
v -0.00895489 0.01275271 0.03901333
v -0.00908177 0.01334055 0.03803960
v -0.00893944 0.01273022 0.03904850
v -0.00894596 0.01274852 0.03901817
v -0.00887132 0.01271349 0.03905857
v -0.00881584 0.01268746 0.03908860
v -0.00872056 0.01259961 0.03915335
v -0.00868417 0.01256606 0.03917808
v -0.00861643 0.01250978 0.03920619
v -0.00864507 0.01253001 0.03920465
v -0.00483848 0.01547891 -0.01738301
v 0.00010611 0.01311698 -0.01445595
v -0.00894078 0.01498533 -0.03486328
v -0.00229002 0.01396370 -0.01489370
v 0.00005473 0.01345095 -0.01411243
v -0.00867881 0.01276183 0.03981617
v -0.00874960 0.01259180 0.03923070
v -0.00854488 0.01253376 0.03981810
v -0.00822942 0.01217964 -0.03992378
v -0.00869521 0.01261162 -0.03971138
v -0.00858163 0.01264136 -0.03920858
v 0.01615693 0.01268115 -0.03682866
v 0.01604661 0.01276210 -0.03666195
v 0.01606832 0.01281424 -0.03751548
v 0.01641956 0.01294550 -0.03719636
v 0.01682644 0.01361511 -0.03704129
v 0.01657814 0.01347825 -0.03703172
v 0.01639935 0.01317144 -0.03739245
v 0.01638704 0.01520747 -0.03433422
v 0.02483991 0.01282316 -0.03234203
v 0.02402234 0.01335973 -0.03293740
v 0.02385940 0.01339325 -0.03291030
v 0.02366589 0.01355544 -0.03292968
v 0.02365794 0.01367027 -0.03317316
v 0.02368974 0.01356377 -0.03303397
v 0.02383724 0.01374912 -0.03311159
v 0.02373480 0.01371883 -0.03316949
v 0.02353792 0.01361470 -0.03303455
v 0.02351856 0.01363753 -0.03296166
v 0.02363131 0.01358249 -0.03289531
v 0.02369072 0.01352481 -0.03286552
v 0.02383926 0.01331752 -0.03280307
v 0.02403803 0.01303699 -0.03287742
v 0.02400170 0.01283321 -0.03279409
v 0.02092134 0.01430230 -0.03348652
v 0.01853949 0.01430230 -0.03486168
v 0.00927817 0.01601868 -0.01352158
v 0.02022494 0.01621918 -0.02961872
v 0.01327167 0.01751294 -0.02845607
v 0.00686831 0.01607650 -0.01566032
v 0.01567551 0.01501555 -0.03469326
v 0.02229917 0.01483962 -0.03125844
v 0.00997095 0.01601835 -0.01352156
v 0.01668807 0.01783410 -0.02388688
v 0.01969556 0.01669881 -0.02811366
v 0.02223966 0.01487859 -0.03133702
v 0.02234476 0.01478223 -0.03117844
v 0.02286535 0.01416516 -0.03156563
v 0.02217140 0.01489841 -0.03140925
v 0.01609712 0.01273209 -0.03670252
v 0.01626223 0.01278871 -0.03674822
v 0.01607967 0.01276564 -0.03664919
v 0.01613672 0.01278072 -0.03664082
v 0.01607910 0.01276561 -0.03664937
v 0.01615490 0.01279055 -0.03664179
v 0.01615945 0.01279301 -0.03664203
v 0.01620771 0.01274693 -0.03673032
v 0.01621720 0.01283360 -0.03665190
v 0.01622691 0.01284203 -0.03665472
v 0.01625540 0.01288125 -0.03667350
v 0.01607802 0.01276555 -0.03664969
v 0.01544403 0.01418679 -0.03450845
v 0.01541195 0.01416533 -0.03450776
v 0.01453022 0.01534100 -0.03213644
v 0.01456114 0.01536402 -0.03213432
v 0.01355607 0.01621480 -0.02968362
v 0.01358568 0.01623903 -0.02967849
v 0.01249646 0.01677795 -0.02718388
v 0.01252466 0.01680297 -0.02717558
v 0.01154654 0.01700680 -0.02507069
v 0.01038478 0.01701137 -0.02256190
v 0.01157350 0.01703213 -0.02505965
v 0.00914665 0.01667359 -0.02011114
v 0.01035932 0.01698612 -0.02257621
v 0.00787691 0.01602369 -0.01773735
v 0.00912264 0.01664894 -0.02012865
v 0.01537568 0.01414904 -0.03451153
v 0.01533556 0.01413891 -0.03452019
v 0.01445551 0.01531215 -0.03215292
v 0.01449491 0.01532336 -0.03214253
v 0.01549572 0.01424373 -0.03452231
v 0.01547214 0.01421281 -0.03451316
v 0.01458790 0.01539180 -0.03213581
v 0.01551366 0.01427939 -0.03453619
v 0.01460993 0.01542466 -0.03214129
v 0.01348327 0.01618404 -0.02970459
v 0.01352185 0.01619611 -0.02969225
v 0.01361096 0.01626814 -0.02967655
v 0.01462615 0.01546244 -0.03215108
v 0.01363130 0.01630247 -0.02967815
v 0.01242577 0.01674592 -0.02720966
v 0.01246343 0.01675856 -0.02719521
v 0.01254834 0.01683294 -0.02717005
v 0.01364566 0.01634184 -0.02968367
v 0.01256688 0.01686823 -0.02716763
v 0.01147775 0.01697429 -0.02510065
v 0.01151458 0.01698715 -0.02508436
v 0.01159578 0.01706245 -0.02505104
v 0.01257926 0.01690864 -0.02716873
v 0.01161276 0.01709812 -0.02504517
v 0.01032864 0.01696657 -0.02259267
v 0.01042049 0.01707721 -0.02253964
v 0.01054141 0.01769076 -0.02268432
v 0.01040538 0.01704161 -0.02254961
v 0.00909320 0.01662995 -0.02014783
v 0.01029283 0.01695381 -0.02261115
v 0.00917890 0.01673816 -0.02008120
v 0.00916562 0.01670321 -0.02009524
v 0.00782592 0.01598223 -0.01777963
v 0.00785423 0.01600017 -0.01775791
v 0.00790598 0.01608586 -0.01769999
v 0.00864567 0.01714391 -0.01895066
v 0.00789438 0.01605214 -0.01771797
v 0.00658251 0.01506408 -0.01557897
v 0.00779197 0.01597094 -0.01780215
v 0.00658588 0.01506502 -0.01557656
v 0.00633061 0.01479404 -0.01503226
v 0.00662542 0.01509414 -0.01553941
v 0.00664689 0.01512838 -0.01551016
v 0.00665069 0.01513444 -0.01550499
v 0.00664762 0.01512955 -0.01550917
v 0.01387930 0.01620341 -0.03024950
v 0.01633383 0.01273811 -0.03693057
v 0.01573207 0.01331209 -0.03578804
v 0.01491922 0.01464710 -0.03351519
v 0.01406354 0.01566651 -0.03126327
v 0.01511576 0.01440683 -0.03403975
v 0.01291108 0.01650154 -0.02844951
v 0.00769989 0.01610953 -0.01812381
v 0.00562677 0.01542033 -0.01690221
v 0.00653191 0.01503822 -0.01556494
v 0.02373827 0.01272275 -0.03232848
v 0.02369667 0.01275779 -0.03239812
v 0.02382449 0.01272767 -0.03260541
v 0.02368166 0.01281682 -0.03245620
v 0.02363049 0.01284263 -0.03238080
v 0.02363300 0.01283368 -0.03237041
v 0.02365534 0.01279062 -0.03231145
v 0.02365326 0.01279307 -0.03231551
v 0.02376397 0.01271343 -0.03232274
v 0.02366380 0.01278061 -0.03229487
v 0.02370050 0.01276544 -0.03224877
v 0.02369968 0.01276550 -0.03224954
v 0.02363222 0.01288029 -0.03241368
v 0.01140319 0.01601235 -0.01565830
v 0.01143236 0.01598884 -0.01564897
v 0.01286366 0.01664660 -0.01795388
v 0.01283648 0.01667123 -0.01796590
v 0.01437147 0.01698607 -0.02025889
v 0.01434635 0.01701131 -0.02027378
v 0.01594021 0.01700666 -0.02253725
v 0.01753014 0.01673477 -0.02478318
v 0.01591717 0.01703198 -0.02255508
v 0.01916335 0.01612392 -0.02693217
v 0.01755111 0.01670985 -0.02476245
v 0.02079241 0.01520684 -0.02897777
v 0.01918229 0.01609986 -0.02690867
v 0.02239138 0.01399358 -0.03089816
v 0.02080941 0.01518403 -0.02895168
v 0.01146534 0.01597092 -0.01563534
v 0.01150184 0.01595965 -0.01561723
v 0.01293025 0.01661537 -0.01791813
v 0.01289499 0.01662761 -0.01793798
v 0.01135623 0.01607447 -0.01566470
v 0.01137763 0.01604077 -0.01566369
v 0.01281322 0.01670085 -0.01797436
v 0.01133994 0.01611328 -0.01566079
v 0.01279440 0.01673580 -0.01797882
v 0.01443498 0.01695376 -0.02021877
v 0.01440106 0.01696652 -0.02024054
v 0.01432541 0.01704156 -0.02028548
v 0.01278101 0.01677589 -0.01797873
v 0.01430921 0.01707716 -0.02029357
v 0.01600054 0.01697415 -0.02249264
v 0.01596803 0.01698701 -0.02251640
v 0.01589857 0.01706231 -0.02257007
v 0.01429870 0.01711792 -0.02029744
v 0.01588501 0.01709798 -0.02258184
v 0.01757716 0.01669055 -0.02473913
v 0.01750293 0.01679982 -0.02481686
v 0.01749815 0.01684010 -0.02482876
v 0.01588429 0.01714075 -0.02260034
v 0.01751389 0.01676464 -0.02480143
v 0.01920662 0.01608131 -0.02688300
v 0.01760828 0.01667797 -0.02471344
v 0.01914099 0.01618699 -0.02697252
v 0.01913903 0.01622616 -0.02698831
v 0.01914938 0.01615285 -0.02695357
v 0.02083211 0.01516658 -0.02892383
v 0.01923639 0.01606935 -0.02685548
v 0.02077474 0.01526698 -0.02902443
v 0.02077552 0.01530448 -0.02904392
v 0.02078064 0.01523438 -0.02900213
v 0.02242776 0.01395630 -0.03083991
v 0.02086063 0.01515552 -0.02889466
v 0.02240657 0.01397237 -0.03086970
v 0.02237817 0.01404993 -0.03095066
v 0.02238158 0.01408525 -0.03097363
v 0.02238170 0.01401933 -0.03092525
v 0.02245517 0.01394634 -0.03080931
v 0.02129533 0.01565340 -0.02976641
v 0.01353670 0.01772668 -0.01927341
v 0.01006595 0.01519658 -0.01350263
v 0.01009985 0.01513747 -0.01351213
v 0.01010773 0.01512976 -0.01351137
v 0.01010894 0.01512858 -0.01351126
v 0.01014184 0.01509644 -0.01350807
v 0.01016635 0.01508207 -0.01350099
v 0.01016646 0.01508200 -0.01350096
v 0.01019240 0.01506680 -0.01349346
v 0.01352799 0.01677447 -0.01876839
v 0.01544763 0.01699571 -0.02162833
v 0.01635737 0.01737352 -0.02036961
v 0.02411347 0.01266709 -0.03234755
v 0.00661622 0.01415324 -0.01340381
v 0.01003574 0.01496645 -0.01329078
v 0.00997176 0.01511739 -0.01335558
v 0.00655087 0.01503209 -0.01533085
v 0.00642115 0.01488905 -0.01489433
v 0.00997934 0.01501365 -0.01330705
v 0.00981801 0.01489345 -0.01311101
v 0.00747269 0.01240880 -0.00993711
v 0.01006715 0.01492315 -0.01319997
v 0.00651519 0.01564883 -0.01509750
v 0.00645443 0.01553960 -0.01424665
v 0.00826291 0.01431300 -0.01243334
v 0.00681847 0.01502199 -0.01320564
v 0.00756894 0.01507268 -0.01269924
v 0.00846462 0.01380840 -0.01206648
v 0.00956857 0.01809363 -0.01881062
v -0.01637271 0.01274649 -0.03709911
v -0.01289798 0.01266235 0.03818140
v -0.01604877 0.01293202 0.03757447
v -0.00896699 0.01270368 0.03910102
v -0.01601046 0.01268248 0.03686147
v 0.01603218 0.01266445 0.03739148
v 0.01629759 0.01323739 0.03742198
v 0.01693912 0.01363267 0.03697922
v 0.01681036 0.01358610 0.03698706
v 0.01656723 0.01338416 0.03714466
v 0.01648775 0.01323898 0.03726383
v 0.02452362 0.01268136 0.03189408
v 0.02412483 0.01348634 0.03292482
v 0.02408393 0.01281502 0.03276734
v 0.02365106 0.01370948 0.03320862
v 0.02363403 0.01362335 0.03310711
v 0.02372038 0.01367896 0.03315068
v 0.02373410 0.01378102 0.03318507
v 0.02357965 0.01360863 0.03298512
v 0.02375915 0.01346318 0.03286470
v 0.02379321 0.01350618 0.03297586
v 0.02398239 0.01315101 0.03286473
v 0.02384012 0.01330963 0.03280407
v 0.02377158 0.01342718 0.03282859
v 0.02381239 0.01337462 0.03281056
v 0.02368763 0.01353530 0.03286567
v 0.02360427 0.01359559 0.03291122
v 0.02357914 0.01361224 0.03293507
v 0.02351850 0.01363532 0.03296206
v 0.01465203 0.01710516 0.03066268
v 0.00651306 0.01533145 0.01375458
v 0.01559518 0.01553010 0.03377568
v 0.01508919 0.01560113 0.03324742
v 0.01195929 0.01765738 0.02568562
v 0.00670474 0.01604342 0.01536068
v 0.02234486 0.01478214 0.03117856
v 0.02237280 0.01470973 0.03110275
v 0.01183696 0.01727760 0.01665129
v 0.01204073 0.01869949 0.02172551
v 0.02238180 0.01462776 0.03103616
v 0.02223976 0.01487850 0.03133714
v 0.02229927 0.01483953 0.03125856
v 0.02126527 0.01568430 0.02993786
v 0.02217150 0.01489833 0.03140937
v 0.01995748 0.01652911 0.02814624
v 0.01621314 0.01276601 0.03671596
v 0.01614915 0.01272343 0.03673267
v 0.01618548 0.01274042 0.03672755
v 0.01624360 0.01278890 0.03672834
v 0.01630583 0.01273503 0.03686972
v 0.01637487 0.01280455 0.03707330
v 0.01640880 0.01286628 0.03715918
v 0.01625496 0.01288029 0.03667294
v 0.01622735 0.01284263 0.03665500
v 0.01621710 0.01283368 0.03665198
v 0.01621655 0.01283319 0.03665182
v 0.01615522 0.01279081 0.03664186
v 0.01615486 0.01279062 0.03664185
v 0.01613628 0.01278061 0.03664089
v 0.01607943 0.01276552 0.03664919
v 0.00785889 0.01601235 0.01770460
v 0.00783622 0.01598884 0.01772519
v 0.00911668 0.01664660 0.02011720
v 0.00914069 0.01667123 0.02009967
v 0.01035898 0.01698607 0.02257550
v 0.01038444 0.01701131 0.02256119
v 0.01154773 0.01700666 0.02507325
v 0.01269779 0.01673477 0.02757314
v 0.01157469 0.01703198 0.02506221
v 0.01374227 0.01612392 0.03006203
v 0.01266936 0.01670985 0.02758093
v 0.01469928 0.01520684 0.03249564
v 0.01371245 0.01609986 0.03006669
v 0.01556290 0.01399358 0.03484058
v 0.01466818 0.01518403 0.03249731
v 0.00780793 0.01597092 0.01774695
v 0.00936370 0.01674251 0.02083881
v 0.00908725 0.01662761 0.02013638
v 0.00788792 0.01607447 0.01766713
v 0.00787634 0.01604077 0.01768517
v 0.00915964 0.01670085 0.02008375
v 0.00789268 0.01611328 0.01765107
v 0.00917292 0.01673580 0.02006969
v 0.01029248 0.01695376 0.02261044
v 0.01032829 0.01696652 0.02259196
v 0.01040504 0.01704156 0.02254890
v 0.00917953 0.01677589 0.02005804
v 0.01042014 0.01707716 0.02253893
v 0.01147893 0.01697415 0.02510320
v 0.01151576 0.01698701 0.02508692
v 0.01159697 0.01706231 0.02505361
v 0.01042875 0.01711792 0.02253175
v 0.01161395 0.01709798 0.02504774
v 0.01263614 0.01669055 0.02759183
v 0.01274056 0.01679982 0.02756641
v 0.01275326 0.01684010 0.02756822
v 0.01162971 0.01714090 0.02505501
v 0.01272173 0.01676464 0.02756819
v 0.01367805 0.01608131 0.03007492
v 0.01259832 0.01667797 0.02760593
v 0.01378840 0.01618699 0.03006285
v 0.01380305 0.01622616 0.03006904
v 0.01376779 0.01615285 0.03006064
v 0.01463272 0.01516658 0.03250305
v 0.01363933 0.01606935 0.03008694
v 0.01474852 0.01526698 0.03250367
v 0.01476501 0.01530448 0.03251409
v 0.01472626 0.01523438 0.03249763
v 0.01549426 0.01395630 0.03484297
v 0.01459320 0.01515552 0.03251317
v 0.01553066 0.01397237 0.03483951
v 0.01561498 0.01404993 0.03485539
v 0.01563316 0.01408525 0.03486983
v 0.01559120 0.01401933 0.03484574
v 0.01545406 0.01394634 0.03485140
v 0.01585624 0.01439740 0.03540790
v 0.01235967 0.01703357 0.02666303
v 0.00953096 0.01710299 0.02072381
v 0.00666065 0.01519658 0.01546868
v 0.00658041 0.01511741 0.01531361
v 0.00665193 0.01513747 0.01550279
v 0.00664732 0.01512976 0.01550924
v 0.00664662 0.01512858 0.01551023
v 0.00662742 0.01509644 0.01553712
v 0.00660903 0.01508207 0.01555481
v 0.00660894 0.01508200 0.01555489
v 0.00658948 0.01506680 0.01557361
v 0.02379629 0.01270982 0.03256022
v 0.02373676 0.01273209 0.03229177
v 0.02369379 0.01278869 0.03245763
v 0.02369930 0.01276564 0.03225000
v 0.02366352 0.01278072 0.03229522
v 0.02369973 0.01276561 0.03224959
v 0.02365527 0.01279055 0.03231145
v 0.02365321 0.01279301 0.03231551
v 0.02370554 0.01274693 0.03240145
v 0.02363288 0.01283360 0.03237046
v 0.02363047 0.01284203 0.03238028
v 0.02363248 0.01288125 0.03241433
v 0.02370055 0.01276555 0.03224882
v 0.02216318 0.01418679 0.03062914
v 0.02217862 0.01416533 0.03060102
v 0.02056586 0.01534100 0.02865176
v 0.02054857 0.01536402 0.02867747
v 0.01892873 0.01621480 0.02658171
v 0.01890948 0.01623903 0.02660479
v 0.01729370 0.01677795 0.02441419
v 0.01727241 0.01680297 0.02443446
v 0.01593858 0.01700680 0.02253495
v 0.01434679 0.01701137 0.02027444
v 0.01591554 0.01703213 0.02255277
v 0.01284344 0.01667359 0.01797680
v 0.01437191 0.01698612 0.02025954
v 0.01142255 0.01602369 0.01569028
v 0.01287060 0.01664894 0.01796477
v 0.02220002 0.01414904 0.03057149
v 0.02222758 0.01413891 0.03054108
v 0.02061750 0.01531215 0.02859530
v 0.02058879 0.01532336 0.02862423
v 0.02214934 0.01424373 0.03068084
v 0.02215321 0.01421281 0.03065585
v 0.02053648 0.01539180 0.02870140
v 0.02215238 0.01427939 0.03070332
v 0.02053021 0.01542466 0.02872322
v 0.01898330 0.01618404 0.02652915
v 0.01895332 0.01619611 0.02655639
v 0.01889516 0.01626814 0.02662571
v 0.02053058 0.01546244 0.02874216
v 0.01888638 0.01630247 0.02664413
v 0.01735137 0.01674592 0.02436586
v 0.01732003 0.01675856 0.02439125
v 0.01725578 0.01683294 0.02445221
v 0.01888398 0.01634184 0.02665932
v 0.01724442 0.01686823 0.02446706
v 0.01599892 0.01697429 0.02249035
v 0.01596640 0.01698715 0.02251410
v 0.01589694 0.01706245 0.02256776
v 0.01667264 0.01716634 0.02372621
v 0.01588338 0.01709812 0.02257953
v 0.01440150 0.01696657 0.02024120
v 0.01430966 0.01707721 0.02029423
v 0.01432585 0.01704161 0.02028613
v 0.01290193 0.01662995 0.01794886
v 0.01443541 0.01695381 0.02021942
v 0.01280138 0.01673816 0.01798976
v 0.01278800 0.01677826 0.01798968
v 0.01282018 0.01670321 0.01798528
v 0.01148465 0.01598223 0.01566726
v 0.01293717 0.01661771 0.01792900
v 0.01145169 0.01600017 0.01568091
v 0.01137565 0.01608586 0.01569677
v 0.01135940 0.01612469 0.01569291
v 0.01139702 0.01605214 0.01569572
v 0.01020053 0.01506408 0.01349010
v 0.01152113 0.01597094 0.01564912
v 0.01017507 0.01503139 0.01342302
v 0.01019676 0.01506502 0.01349182
v 0.01014481 0.01509414 0.01350748
v 0.01010875 0.01512838 0.01351146
v 0.01010237 0.01513444 0.01351216
v 0.01010752 0.01512955 0.01351160
v 0.01007126 0.01518207 0.01350670
v 0.01416500 0.01788080 0.02025567
v 0.01925718 0.01620341 0.02714458
v 0.02194258 0.01439183 0.03013491
v 0.02156540 0.01464710 0.02967801
v 0.02004315 0.01566643 0.02781120
v 0.01474036 0.01717931 0.01786009
v 0.01140983 0.01590764 0.01537562
v 0.01023787 0.01505478 0.01347312
v 0.00649229 0.01496646 0.01533661
v 0.01000147 0.01503209 0.01333864
v 0.00950989 0.01474869 0.01281405
v 0.01005708 0.01495634 0.01328056
v 0.00653458 0.01501366 0.01529591
v 0.00648522 0.01495011 0.01515363
v 0.00651448 0.01458186 0.01357813
v 0.00869379 0.01424925 0.01243471
v 0.00952844 0.01488654 0.01281889
v 0.00715538 0.01545572 0.01293780
v 0.00954890 0.01556767 0.01287602
v 0.03863415 0.01261368 0.01205028
v 0.03994830 0.01266214 0.00603670
v 0.04031589 0.01342915 0.00417264
v 0.04032864 0.01331090 0.00424810
v 0.04046890 0.01332233 0.00427000
v 0.04030383 0.01358249 0.00401766
v 0.04030491 0.01363753 0.00388684
v 0.04032673 0.01363667 0.00384611
v 0.04041726 0.01361117 0.00385968
v 0.04051290 0.01364072 0.00385668
v 0.04030774 0.01352481 0.00408400
v 0.04040685 0.01352072 0.00406860
v 0.04043847 0.01357595 0.00396213
v 0.04052949 0.01343832 0.00421889
v 0.04059557 0.01374862 0.00405502
v 0.04027199 0.01274863 0.00435229
v 0.03873792 0.01267377 -0.01226176
v 0.03821807 0.01325546 -0.00922630
v 0.04014502 0.01262810 -0.00455545
v 0.04055247 0.01365202 -0.00398099
v 0.04059966 0.01376419 -0.00402137
v 0.04056364 0.01348740 -0.00425941
v 0.04035980 0.01350532 -0.00412207
v 0.03946085 0.01430230 0.00137515
v 0.03946085 0.01430230 -0.00137517
v 0.02331483 0.01801226 0.00192853
v 0.03579059 0.01620530 0.00269671
v 0.03822019 0.01483962 0.00368243
v 0.03335694 0.01690788 0.00304447
v 0.03825848 0.01487859 0.00359160
v 0.03812202 0.01470982 0.00382401
v 0.03806884 0.01462784 0.00386510
v 0.03817370 0.01478223 0.00376190
v 0.04034752 0.01324805 0.00428065
v 0.03828691 0.01489841 0.00349637
v 0.03800579 0.01449888 0.00388464
v 0.04055447 0.01297429 0.00442514
v 0.03963130 0.01409598 -0.00377052
v 0.02722573 0.01816653 -0.00222206
v 0.01708846 0.01605525 -0.00192303
v 0.02075041 0.01714859 -0.00199742
v 0.03986644 0.01272276 0.00439366
v 0.03990593 0.01275779 0.00432286
v 0.04010227 0.01272328 0.00433165
v 0.03985784 0.01284263 0.00427420
v 0.03985010 0.01283368 0.00428157
v 0.03981020 0.01279062 0.00433040
v 0.03981268 0.01279307 0.00432657
v 0.03987430 0.01271343 0.00441883
v 0.03980008 0.01278061 0.00434602
v 0.03977850 0.01276544 0.00440085
v 0.03977876 0.01276550 0.00439975
v 0.03988718 0.01288029 0.00425926
v 0.01926208 0.01601235 0.00204630
v 0.01926858 0.01598884 0.00207623
v 0.02198034 0.01664660 0.00216332
v 0.02197717 0.01667123 0.00213377
v 0.02473044 0.01698607 0.00231661
v 0.02473078 0.01701131 0.00228741
v 0.02748793 0.01700666 0.00253600
v 0.03022793 0.01673477 0.00278996
v 0.02749185 0.01703198 0.00250713
v 0.03290562 0.01612392 0.00312986
v 0.03022047 0.01670985 0.00281848
v 0.03549168 0.01520684 0.00351787
v 0.03289474 0.01609986 0.00315801
v 0.03795428 0.01399358 0.00394242
v 0.03547759 0.01518403 0.00354564
v 0.01927327 0.01597092 0.00211161
v 0.02198268 0.01661537 0.00223886
v 0.02198224 0.01662761 0.00219840
v 0.01924414 0.01607447 0.00200243
v 0.01925397 0.01604077 0.00202147
v 0.02197286 0.01670085 0.00210939
v 0.01923261 0.01611328 0.00199028
v 0.02196732 0.01673580 0.00209087
v 0.02472746 0.01695376 0.00239167
v 0.02472935 0.01696652 0.00235142
v 0.02473044 0.01704156 0.00226343
v 0.02196054 0.01677589 0.00207931
v 0.02472935 0.01707716 0.00224536
v 0.02747947 0.01697415 0.00261056
v 0.02748378 0.01698701 0.00257052
v 0.02749554 0.01706231 0.00248353
v 0.02237744 0.01753849 0.00204934
v 0.02749895 0.01709798 0.00246590
v 0.03021329 0.01669055 0.00285270
v 0.03024349 0.01679982 0.00274955
v 0.03023561 0.01676464 0.00276675
v 0.03288467 0.01608131 0.00319192
v 0.03020660 0.01667797 0.00289250
v 0.03292939 0.01618699 0.00309032
v 0.03294207 0.01622616 0.00308073
v 0.03291717 0.01615285 0.00310706
v 0.03546482 0.01516658 0.00357922
v 0.03287572 0.01606935 0.00323146
v 0.03552326 0.01526698 0.00347924
v 0.03554053 0.01530448 0.00347017
v 0.03550690 0.01523438 0.00349550
v 0.03792203 0.01395630 0.00400306
v 0.03545383 0.01515552 0.00361851
v 0.03793723 0.01397237 0.00396981
v 0.03799314 0.01404993 0.00390473
v 0.03801474 0.01408525 0.00389620
v 0.03797290 0.01401933 0.00392050
v 0.03790923 0.01394634 0.00404209
v 0.03644941 0.01564673 0.00355848
v 0.01672659 0.01519658 0.00196605
v 0.01675178 0.01513747 0.00199066
v 0.01675506 0.01512976 0.00199787
v 0.01675556 0.01512858 0.00199897
v 0.01676925 0.01509644 0.00202905
v 0.01677538 0.01508207 0.00205382
v 0.01677540 0.01508200 0.00205393
v 0.01678188 0.01506680 0.00208014
v 0.02491024 0.01701985 0.00244499
v 0.02671498 0.01730349 0.00564853
v 0.03825038 0.01373913 0.00415068
v 0.04019239 0.01274375 -0.00433789
v 0.03997853 0.01271471 -0.00433048
v 0.03983388 0.01273209 -0.00441075
v 0.03995603 0.01278870 -0.00429061
v 0.03977897 0.01276564 -0.00439919
v 0.03980024 0.01278072 -0.00434559
v 0.03977883 0.01276561 -0.00439978
v 0.03981017 0.01279055 -0.00433034
v 0.03981266 0.01279301 -0.00432652
v 0.03991325 0.01274693 -0.00432887
v 0.03985007 0.01283360 -0.00428144
v 0.03985738 0.01284203 -0.00427445
v 0.03988788 0.01288125 -0.00425916
v 0.03977857 0.01276555 -0.00440087
v 0.03760720 0.01418679 -0.00387930
v 0.03759057 0.01416533 -0.00390674
v 0.03509608 0.01534100 -0.00348467
v 0.03510971 0.01536402 -0.00345685
v 0.03248481 0.01621480 -0.00310191
v 0.03249517 0.01623903 -0.00307370
v 0.02979016 0.01677795 -0.00276969
v 0.02979707 0.01680297 -0.00274112
v 0.02748513 0.01700680 -0.00253575
v 0.02473157 0.01701137 -0.00228746
v 0.02748904 0.01703213 -0.00250688
v 0.02199009 0.01667359 -0.00213434
v 0.02473123 0.01698612 -0.00231667
v 0.01929945 0.01602369 -0.00204707
v 0.02199324 0.01664894 -0.00216388
v 0.03757570 0.01414904 -0.00394004
v 0.03756314 0.01413891 -0.00397911
v 0.03507300 0.01531215 -0.00355763
v 0.03508370 0.01532336 -0.00351830
v 0.03764505 0.01424373 -0.00384147
v 0.03762535 0.01421281 -0.00385731
v 0.03512438 0.01539180 -0.00343441
v 0.03766605 0.01427939 -0.00383287
v 0.03514014 0.01542466 -0.00341807
v 0.03246657 0.01618404 -0.00317545
v 0.03247517 0.01619611 -0.00313586
v 0.03250613 0.01626814 -0.00305084
v 0.03515673 0.01546244 -0.00340892
v 0.03251768 0.01630247 -0.00303402
v 0.02977714 0.01674592 -0.00284380
v 0.02978346 0.01675856 -0.00280396
v 0.02980412 0.01683294 -0.00271784
v 0.03252964 0.01634184 -0.00302435
v 0.02981130 0.01686823 -0.00270057
v 0.02747667 0.01697429 -0.00261030
v 0.02748098 0.01698715 -0.00257026
v 0.02749273 0.01706245 -0.00248328
v 0.02981845 0.01690864 -0.00269041
v 0.02749614 0.01709812 -0.00246564
v 0.02473014 0.01696657 -0.00235147
v 0.02473014 0.01707721 -0.00224541
v 0.02472824 0.01711797 -0.00223437
v 0.02473123 0.01704161 -0.00226348
v 0.02199513 0.01662995 -0.00219897
v 0.02472824 0.01695381 -0.00239172
v 0.02198028 0.01673816 -0.00209144
v 0.02197352 0.01677826 -0.00207989
v 0.02198580 0.01670321 -0.00210996
v 0.01931057 0.01598223 -0.00211237
v 0.02199555 0.01661771 -0.00223942
v 0.01930591 0.01600017 -0.00207699
v 0.01928163 0.01608586 -0.00200321
v 0.01927016 0.01612469 -0.00199107
v 0.01929140 0.01605214 -0.00202225
v 0.01678304 0.01506408 -0.00208886
v 0.01931310 0.01597094 -0.00215303
v 0.01674557 0.01503822 -0.00212567
v 0.01678264 0.01506502 -0.00208474
v 0.01652838 0.01497232 -0.00204689
v 0.01677023 0.01509414 -0.00203192
v 0.01675564 0.01512838 -0.00199870
v 0.01675306 0.01513444 -0.00199283
v 0.01675515 0.01512955 -0.00199757
v 0.01673277 0.01518207 -0.00196861
v 0.03134565 0.01666277 -0.00286798
v 0.03576234 0.01606776 -0.00341124
v 0.04044438 0.01291747 -0.00438294
v 0.03885939 0.01331209 -0.00426965
v 0.03648461 0.01464710 -0.00383717
v 0.03410666 0.01566647 -0.00345227
v 0.03703716 0.01440684 -0.00392924
v 0.02788316 0.01694386 -0.00268781
v 0.01161054 0.01466082 0.03506568
v 0.02382855 0.01499216 0.02730190
v 0.01074243 0.01551059 -0.03358643
v 0.01001265 0.01422856 -0.03629995
v 0.00604095 0.01458351 0.01469248
v 0.00600442 0.01180390 0.00956985
v 0.01288403 0.01320663 0.00337762
v 0.01280257 0.01304953 -0.00411223
v 0.01167980 0.01693268 -0.02566407
v 0.01207848 0.01322751 0.00656351
v 0.01654880 0.01498417 0.00209673
v 0.01588272 0.01463457 -0.00191179
v 0.03368378 0.01571625 -0.00558803
v 0.01169345 0.01545058 -0.01357427
v 0.01493886 0.01414885 -0.00101094
v 0.01652804 0.01496646 0.00204582
v 0.01655217 0.01511740 0.00195800
v 0.01655234 0.01503209 -0.00199220
v 0.01641292 0.01515433 -0.00197132
v 0.01574560 0.01464987 0.00177896
v 0.01651393 0.01501366 0.00198884
v 0.01637351 0.01493901 0.00196915
v 0.01557316 0.01474111 -0.00154249
v 0.01508390 0.01519253 -0.00133604
v 0.01493997 0.01438932 0.00099306
v 0.01555594 0.01541284 0.00156028
v 0.01511258 0.01530347 -0.00077418
v 0.01476437 0.01504813 0.00006712
v 0.01614295 0.01593419 0.00146059
v 0.01728926 0.01623834 0.00189216
v -0.01612813 0.01272274 -0.03672219
v -0.01620926 0.01275780 -0.03672098
v -0.01626707 0.01281682 -0.03673704
v -0.01622735 0.01284263 -0.03665500
v -0.01621710 0.01283368 -0.03665198
v -0.01615486 0.01279062 -0.03664185
v -0.01615942 0.01279307 -0.03664208
v -0.01611033 0.01271343 -0.03674157
v -0.01613628 0.01278061 -0.03664089
v -0.01607800 0.01276544 -0.03664962
v -0.01607908 0.01276550 -0.03664929
v -0.01625496 0.01288029 -0.03667294
v -0.00785889 0.01601235 -0.01770460
v -0.00783622 0.01598884 -0.01772519
v -0.00911668 0.01664660 -0.02011720
v -0.00914069 0.01667123 -0.02009967
v -0.01035898 0.01698607 -0.02257550
v -0.01038444 0.01701131 -0.02256119
v -0.01154773 0.01700666 -0.02507325
v -0.01269779 0.01673477 -0.02757314
v -0.01157469 0.01703198 -0.02506221
v -0.01374227 0.01612392 -0.03006203
v -0.01266936 0.01670985 -0.02758093
v -0.01469928 0.01520684 -0.03249564
v -0.01371245 0.01609986 -0.03006669
v -0.01556290 0.01399358 -0.03484058
v -0.01466818 0.01518403 -0.03249731
v -0.00780793 0.01597092 -0.01774695
v -0.00777400 0.01595965 -0.01776950
v -0.00905243 0.01661537 -0.02015699
v -0.00908725 0.01662761 -0.02013638
v -0.00788792 0.01607447 -0.01766713
v -0.00787634 0.01604077 -0.01768517
v -0.00915964 0.01670085 -0.02008375
v -0.00789268 0.01611328 -0.01765107
v -0.00917292 0.01673580 -0.02006969
v -0.01029248 0.01695376 -0.02261044
v -0.01032829 0.01696652 -0.02259196
v -0.01040504 0.01704156 -0.02254890
v -0.00778765 0.01687824 -0.01716695
v -0.01042014 0.01707716 -0.02253893
v -0.01147893 0.01697415 -0.02510320
v -0.01151576 0.01698701 -0.02508692
v -0.01159697 0.01706231 -0.02505361
v -0.01109476 0.01771670 -0.02381618
v -0.01263614 0.01669055 -0.02759183
v -0.01274056 0.01679982 -0.02756641
v -0.01272173 0.01676464 -0.02756819
v -0.01367805 0.01608131 -0.03007492
v -0.01259832 0.01667797 -0.02760593
v -0.01378840 0.01618699 -0.03006285
v -0.01376779 0.01615285 -0.03006064
v -0.01463272 0.01516658 -0.03250305
v -0.01363933 0.01606935 -0.03008694
v -0.01474852 0.01526698 -0.03250367
v -0.01476501 0.01530448 -0.03251409
v -0.01472626 0.01523438 -0.03249763
v -0.01549426 0.01395630 -0.03484297
v -0.01512597 0.01447618 -0.03425204
v -0.01553066 0.01397237 -0.03483951
v -0.01561498 0.01404993 -0.03485539
v -0.01563316 0.01408525 -0.03486983
v -0.01559120 0.01401933 -0.03484574
v -0.01545406 0.01394634 -0.03485140
v -0.01259679 0.01712253 -0.02719287
v -0.00666065 0.01519658 -0.01546868
v -0.00638589 0.01486576 -0.01471425
v -0.00665193 0.01513747 -0.01550279
v -0.00664732 0.01512976 -0.01550924
v -0.00664662 0.01512858 -0.01551023
v -0.00662742 0.01509644 -0.01553712
v -0.00643088 0.01489521 -0.01515758
v -0.00660894 0.01508200 -0.01555489
v -0.00658948 0.01506680 -0.01557361
v -0.00650321 0.01503060 -0.01557147
v -0.01096238 0.01700233 -0.02409529
v -0.00803802 0.01723648 -0.02420447
v -0.01553066 0.01373903 -0.03520136
v -0.01499318 0.01259000 -0.03758141
v -0.01609712 0.01273209 0.03670252
v -0.01629474 0.01270920 0.03688024
v -0.01607967 0.01276564 0.03664919
v -0.01613672 0.01278072 0.03664082
v -0.01607910 0.01276561 0.03664937
v -0.01615490 0.01279055 0.03664179
v -0.01615945 0.01279301 0.03664203
v -0.01620771 0.01274693 0.03673032
v -0.01621720 0.01283360 0.03665190
v -0.01622691 0.01284203 0.03665472
v -0.01625540 0.01288125 0.03667350
v -0.01640220 0.01287864 0.03715832
v -0.01607802 0.01276555 0.03664969
v -0.01544403 0.01418679 0.03450845
v -0.01541195 0.01416533 0.03450776
v -0.01453022 0.01534100 0.03213644
v -0.01456114 0.01536402 0.03213432
v -0.01355607 0.01621480 0.02968362
v -0.01358568 0.01623903 0.02967849
v -0.01249646 0.01677795 0.02718388
v -0.01252466 0.01680297 0.02717558
v -0.01154654 0.01700680 0.02507069
v -0.01038478 0.01701137 0.02256190
v -0.01157350 0.01703213 0.02505965
v -0.00914665 0.01667359 0.02011114
v -0.01035932 0.01698612 0.02257621
v -0.00787691 0.01602369 0.01773735
v -0.00912264 0.01664894 0.02012865
v -0.01537568 0.01414904 0.03451153
v -0.01533556 0.01413891 0.03452019
v -0.01445551 0.01531215 0.03215292
v -0.01449491 0.01532336 0.03214253
v -0.01549572 0.01424373 0.03452231
v -0.01547214 0.01421281 0.03451316
v -0.01458790 0.01539180 0.03213581
v -0.01551366 0.01427939 0.03453619
v -0.01460993 0.01542466 0.03214129
v -0.01348327 0.01618404 0.02970459
v -0.01352185 0.01619611 0.02969225
v -0.01361096 0.01626814 0.02967655
v -0.01363130 0.01630247 0.02967815
v -0.01242577 0.01674592 0.02720966
v -0.01246343 0.01675856 0.02719521
v -0.01254834 0.01683294 0.02717005
v -0.01350353 0.01723416 0.02908468
v -0.01256688 0.01686823 0.02716763
v -0.01147775 0.01697429 0.02510065
v -0.01151458 0.01698715 0.02508436
v -0.01159578 0.01706245 0.02505104
v -0.01161276 0.01709812 0.02504517
v -0.01032864 0.01696657 0.02259267
v -0.01042049 0.01707721 0.02253964
v -0.01040538 0.01704161 0.02254961
v -0.00909320 0.01662995 0.02014783
v -0.01029283 0.01695381 0.02261115
v -0.00917890 0.01673816 0.02008120
v -0.01041249 0.01769083 0.02239609
v -0.00916562 0.01670321 0.02009524
v -0.00782592 0.01598223 0.01777963
v -0.00905838 0.01661771 0.02016842
v -0.00785423 0.01600017 0.01775791
v -0.00790598 0.01608586 0.01769999
v -0.00789438 0.01605214 0.01771797
v -0.00658251 0.01506408 0.01557897
v -0.00779197 0.01597094 0.01780215
v -0.00653702 0.01503127 0.01552318
v -0.00658588 0.01506502 0.01557656
v -0.00649153 0.01497232 0.01533745
v -0.00662542 0.01509414 0.01553941
v -0.00664689 0.01512838 0.01551016
v -0.00665069 0.01513444 0.01550499
v -0.00664762 0.01512955 0.01550917
v -0.00666152 0.01518207 0.01547532
v -0.01629021 0.01288222 0.03674940
v -0.01573207 0.01331209 0.03578804
v -0.01491922 0.01464710 0.03351519
v -0.01406356 0.01566649 0.03126332
v -0.01511576 0.01440683 0.03403975
v -0.01291107 0.01650154 0.02844951
v -0.01191351 0.01684672 0.02617387
v -0.01161673 0.01694351 0.02550697
v -0.00860534 0.01706190 0.02470219
v -0.00828611 0.01622791 0.01881641
v -0.00775456 0.01592795 0.01783595
v -0.00882966 0.01653587 0.01982300
v -0.00735919 0.01570483 0.01710668
v -0.00650152 0.01501380 0.01552007
v -0.00654913 0.01505478 0.01560281
v -0.01663968 0.01351225 0.03708360
v -0.01651824 0.01327068 0.03723158
v -0.01626493 0.01400598 0.03630301
v -0.01688190 0.01363643 0.03683720
v -0.01688933 0.01362772 0.03685342
v -0.01675361 0.01360147 0.03692418
v -0.01691257 0.01361832 0.03690413
v -0.01693018 0.01362292 0.03694255
v -0.01686816 0.01368340 0.03710582
v -0.01696988 0.01367123 0.03702919
v -0.01697318 0.01367773 0.03703639
v -0.01699026 0.01373415 0.03707366
v -0.01676823 0.01375227 0.03719298
v -0.01699720 0.01379182 0.03708879
v -0.01687913 0.01381991 0.03714522
v -0.01666263 0.01361225 0.03721835
v -0.00637234 0.01435803 0.01398638
v -0.01003574 0.01496645 0.01329078
v -0.00997176 0.01511739 0.01335558
v -0.00655087 0.01503209 0.01533085
v -0.00644542 0.01499614 0.01500853
v -0.00929965 0.01454552 0.01270539
v -0.00997934 0.01501365 0.01330705
v -0.00982488 0.01486968 0.01309953
v -0.01019240 0.01506680 0.01349346
v -0.01016646 0.01508200 0.01350096
v -0.01016635 0.01508207 0.01350099
v -0.01014184 0.01509644 0.01350807
v -0.01010894 0.01512858 0.01351126
v -0.01010773 0.01512976 0.01351137
v -0.01009985 0.01513747 0.01351213
v -0.01006595 0.01519658 0.01350263
v -0.00634309 0.01483877 0.01516976
v -0.00483578 0.01525670 0.01672279
v -0.01017319 0.01498711 0.01332925
v -0.01525653 0.01565655 0.03357595
v -0.01204616 0.01850603 0.02242161
v -0.00857857 0.01714008 0.01879703
v -0.00822466 0.01673593 0.01623232
v -0.00692164 0.01604982 0.01576125
v -0.01904057 0.01363474 0.03576825
v -0.02145592 0.01363474 0.03437375
v -0.02148633 0.01361948 0.03442248
v -0.01906756 0.01361948 0.03581896
v -0.02151778 0.01362178 0.03447287
v -0.01909547 0.01362178 0.03587139
v -0.02154749 0.01364143 0.03452045
v -0.01912183 0.01364143 0.03592091
v -0.02157282 0.01367670 0.03456104
v -0.01914431 0.01367670 0.03596314
v -0.02159155 0.01372447 0.03459104
v -0.01916093 0.01372447 0.03599435
v -0.02160201 0.01378052 0.03460780
v -0.01917021 0.01378052 0.03601180
v -0.01901020 0.01365304 0.03574680
v -0.01902468 0.01365304 0.03573845
v -0.02143805 0.01365304 0.03434509
v -0.02346050 0.01363474 0.03303809
v -0.02145252 0.01365304 0.03433673
v -0.02349376 0.01361948 0.03308493
v -0.02350396 0.01362017 0.03309929
v -0.02356063 0.01364143 0.03317910
v -0.02356115 0.01364209 0.03317982
v -0.02359419 0.01369037 0.03322636
v -0.02361134 0.01373687 0.03325050
v -0.02373192 0.01369425 0.03315508
v -0.02362088 0.01379206 0.03326395
v -0.02160391 0.01381826 0.03461085
v -0.01992852 0.01381826 0.03557814
v -0.01917190 0.01381826 0.03601497
v -0.00637944 0.01525347 0.01456357
v -0.00772216 0.01393200 0.01244278
v -0.00890354 0.01543296 0.01247229
v -0.01140319 0.01601235 0.01565830
v -0.01143236 0.01598884 0.01564897
v -0.01286366 0.01664660 0.01795388
v -0.01283648 0.01667123 0.01796590
v -0.01437147 0.01698607 0.02025889
v -0.01434635 0.01701131 0.02027378
v -0.01594021 0.01700666 0.02253725
v -0.01753014 0.01673477 0.02478318
v -0.01591717 0.01703198 0.02255508
v -0.01916335 0.01612392 0.02693217
v -0.01755111 0.01670985 0.02476245
v -0.02079241 0.01520684 0.02897777
v -0.01918229 0.01609986 0.02690867
v -0.02239138 0.01399358 0.03089816
v -0.02080941 0.01518403 0.02895168
v -0.01146534 0.01597092 0.01563534
v -0.01150184 0.01595965 0.01561723
v -0.01293025 0.01661537 0.01791813
v -0.01289499 0.01662761 0.01793798
v -0.01135623 0.01607447 0.01566470
v -0.01137763 0.01604077 0.01566369
v -0.01281322 0.01670085 0.01797436
v -0.01133994 0.01611328 0.01566079
v -0.01279440 0.01673580 0.01797882
v -0.01443498 0.01695376 0.02021877
v -0.01440106 0.01696652 0.02024054
v -0.01432541 0.01704156 0.02028548
v -0.01253724 0.01747367 0.01772008
v -0.01600054 0.01697415 0.02249264
v -0.01596803 0.01698701 0.02251640
v -0.01589857 0.01706231 0.02257007
v -0.01813745 0.01751910 0.02593449
v -0.01757716 0.01669055 0.02473913
v -0.01751389 0.01676464 0.02480143
v -0.01920662 0.01608131 0.02688300
v -0.01760828 0.01667797 0.02471344
v -0.01914099 0.01618699 0.02697252
v -0.01806937 0.01709972 0.02565339
v -0.01914938 0.01615285 0.02695357
v -0.02083211 0.01516658 0.02892383
v -0.02077474 0.01526698 0.02902443
v -0.02078064 0.01523438 0.02900213
v -0.02375315 0.01278285 0.03218093
v -0.02240657 0.01397237 0.03086970
v -0.02237817 0.01404993 0.03095066
v -0.02238158 0.01408525 0.03097363
v -0.02238170 0.01401933 0.03092525
v -0.02365326 0.01279307 0.03231551
v -0.02365534 0.01279062 0.03231145
v -0.02363300 0.01283368 0.03237041
v -0.02363049 0.01284263 0.03238080
v -0.02363222 0.01288029 0.03241368
v -0.01352463 0.01677355 0.01876265
v -0.01525052 0.01699325 0.02134074
v -0.01714081 0.01679020 0.02400222
v -0.01917159 0.01716346 0.02241988
v -0.02092134 0.01430230 0.03348652
v -0.01853949 0.01430230 0.03486168
v -0.01552034 0.01802805 0.02242077
v -0.02022303 0.01619323 0.02971485
v -0.00674371 0.01518927 0.01327050
v -0.02229917 0.01483962 0.03125844
v -0.01011327 0.01651092 0.01458207
v -0.01060664 0.01650880 0.01470109
v -0.02122272 0.01571546 0.02988347
v -0.02223966 0.01487859 0.03133702
v -0.02237270 0.01470982 0.03110263
v -0.02238169 0.01462784 0.03103604
v -0.02163193 0.01511046 0.03010042
v -0.02234476 0.01478223 0.03117844
v -0.02386441 0.01321938 0.03274557
v -0.02384328 0.01331090 0.03280158
v -0.02386880 0.01328355 0.03281445
v -0.02383926 0.01331752 0.03280307
v -0.02369072 0.01352481 0.03286552
v -0.02363131 0.01358249 0.03289531
v -0.02351856 0.01363753 0.03296166
v -0.02354109 0.01363030 0.03295470
v -0.02347618 0.01364494 0.03299552
v -0.02217140 0.01489841 0.03140925
v -0.02399556 0.01335120 0.03294642
v -0.02362355 0.01359688 0.03307906
v -0.02359644 0.01364072 0.03315686
v -0.02372086 0.01351796 0.03293229
v -0.02364028 0.01366631 0.03317794
v -0.02379673 0.01375544 0.03313950
v -0.02362935 0.01382026 0.03326088
v -0.02390541 0.01270714 0.03267939
v -0.02413266 0.01267507 0.03275195
v -0.02369667 0.01275779 0.03239812
v -0.02378388 0.01272757 0.03255531
v -0.02710454 0.01298588 0.03048530
v -0.02877990 0.01349860 0.02895694
v -0.02988478 0.01246884 0.02723730
v -0.03045101 0.01201526 0.02707305
v -0.03025486 0.01022753 0.02728083
v -0.03066579 0.00823642 0.02686875
v -0.02890840 0.01193294 0.02665487
v -0.03827426 0.01031596 0.01278562
v -0.03858655 0.01135408 0.01319871
v -0.01786137 0.01646890 0.01939345
v -0.01509266 0.01647573 0.01636418
v -0.01245834 0.01529831 0.01258600
v -0.01474430 0.01428084 0.00505015
v -0.03159025 0.01608750 0.00815353
v -0.03271923 0.01570394 0.00868081
v -0.03389985 0.01526303 0.00925601
v -0.03601162 0.01416065 0.01054023
v -0.03797558 0.01278502 0.01188744
v -0.01255864 0.01620274 0.01526668
v -0.01197469 0.01504450 0.01193453
v -0.01263540 0.01074425 0.01010528
v -0.01201618 0.01347449 0.00752853
v -0.01702745 0.01145711 0.00517367
v -0.01434428 0.01228751 0.00637382
v -0.01932910 0.01611550 0.00435105
v -0.02944210 0.01667895 0.00688149
v -0.03171329 0.01611516 0.00801031
v -0.03174922 0.01613399 0.00794915
v -0.03398363 0.01530932 0.00914407
v -0.03394268 0.01529111 0.00920220
v -0.03618403 0.01421166 0.01031898
v -0.03614705 0.01421275 0.01037774
v -0.03402147 0.01531759 0.00908369
v -0.03610529 0.01420486 0.01043553
v -0.03605970 0.01418747 0.01049036
v -0.03816383 0.01283307 0.01167879
v -0.03812383 0.01283410 0.01173554
v -0.03807837 0.01282666 0.01179054
v -0.03802848 0.01281028 0.01184181
v -0.02985819 0.01264808 0.02754682
v -0.02350066 0.01593406 0.02380162
v -0.01167276 0.01417543 0.00979322
v -0.02684435 0.01695792 0.00598847
v -0.02997659 0.01662904 0.00702534
v -0.03181069 0.01614183 0.00782977
v -0.03273085 0.01582341 0.00830465
v -0.03405531 0.01531645 0.00902307
v -0.03307028 0.01570595 0.00847982
v -0.03338350 0.01559756 0.00864147
v -0.03410007 0.01527801 0.00904676
v -0.03536264 0.01466453 0.00978411
v -0.03490430 0.01491937 0.00950163
v -0.03634892 0.01411554 0.01039390
v -0.03824872 0.01248664 0.01222320
v -0.03868309 0.01216589 0.01294655
v -0.03849225 0.01259524 0.01210553
v -0.03884296 0.01282530 0.01237816
v -0.03896949 0.01255437 0.01158733
v -0.03986873 0.01270146 0.00462075
v -0.04029020 0.01266640 0.00452332
v -0.03983388 0.01273209 0.00441075
v -0.03995603 0.01278870 0.00429061
v -0.03977897 0.01276564 0.00439919
v -0.03980024 0.01278072 0.00434559
v -0.03977883 0.01276561 0.00439978
v -0.03981017 0.01279055 0.00433034
v -0.03981266 0.01279301 0.00432652
v -0.03991325 0.01274693 0.00432887
v -0.03985007 0.01283360 0.00428144
v -0.03985738 0.01284203 0.00427445
v -0.03988788 0.01288125 0.00425916
v -0.03977857 0.01276555 0.00440087
v -0.03760720 0.01418679 0.00387930
v -0.03759057 0.01416533 0.00390674
v -0.03509608 0.01534100 0.00348467
v -0.03510971 0.01536402 0.00345685
v -0.03248481 0.01621480 0.00310191
v -0.03249517 0.01623903 0.00307370
v -0.02979016 0.01677795 0.00276969
v -0.02979707 0.01680297 0.00274112
v -0.02748513 0.01700680 0.00253575
v -0.02473157 0.01701137 0.00228746
v -0.02748904 0.01703213 0.00250688
v -0.02199009 0.01667359 0.00213434
v -0.02473123 0.01698612 0.00231667
v -0.01929945 0.01602369 0.00204707
v -0.02199324 0.01664894 0.00216388
v -0.03757570 0.01414904 0.00394004
v -0.03756314 0.01413891 0.00397911
v -0.03507300 0.01531215 0.00355763
v -0.03508370 0.01532336 0.00351830
v -0.03764505 0.01424373 0.00384147
v -0.03762535 0.01421281 0.00385731
v -0.03512438 0.01539180 0.00343441
v -0.03766605 0.01427939 0.00383287
v -0.03514014 0.01542466 0.00341807
v -0.03246657 0.01618404 0.00317545
v -0.03247517 0.01619611 0.00313586
v -0.03250613 0.01626814 0.00305084
v -0.03824709 0.01481738 0.00385272
v -0.03251768 0.01630247 0.00303402
v -0.02977714 0.01674592 0.00284380
v -0.02978346 0.01675856 0.00280396
v -0.02980412 0.01683294 0.00271784
v -0.03111555 0.01737819 0.00277815
v -0.02981130 0.01686823 0.00270057
v -0.02747667 0.01697429 0.00261030
v -0.02748098 0.01698715 0.00257026
v -0.02749273 0.01706245 0.00248328
v -0.02749614 0.01709812 0.00246564
v -0.02473014 0.01696657 0.00235147
v -0.02473014 0.01707721 0.00224541
v -0.02473123 0.01704161 0.00226348
v -0.02199513 0.01662995 0.00219897
v -0.02472824 0.01695381 0.00239172
v -0.02198028 0.01673816 0.00209144
v -0.02460181 0.01769084 0.00218056
v -0.02198580 0.01670321 0.00210996
v -0.01931057 0.01598223 0.00211237
v -0.02199555 0.01661771 0.00223942
v -0.01930591 0.01600017 0.00207699
v -0.01928163 0.01608586 0.00200321
v -0.02116563 0.01695862 0.00203422
v -0.01929140 0.01605214 0.00202225
v -0.01678304 0.01506408 0.00208886
v -0.01931310 0.01597094 0.00215303
v -0.01678264 0.01506502 0.00208474
v -0.01652838 0.01497232 0.00204689
v -0.01677023 0.01509414 0.00203192
v -0.01675564 0.01512838 0.00199870
v -0.01675306 0.01513444 0.00199283
v -0.01675515 0.01512955 0.00199757
v -0.01638397 0.01568947 0.00190071
v -0.04021826 0.01271332 0.00434623
v -0.03885939 0.01331209 0.00426965
v -0.03648461 0.01464710 0.00383717
v -0.03410688 0.01566640 0.00345229
v -0.03664983 0.01475213 0.00393595
v -0.02477966 0.01707174 0.00499297
v -0.02143278 0.01666270 0.00240475
v -0.01674557 0.01503822 0.00212567
v -0.01485207 0.01408925 0.00087445
v -0.01602188 0.01473478 -0.00188125
v -0.01652804 0.01496646 -0.00204582
v -0.01655217 0.01511740 -0.00195800
v -0.01655234 0.01503209 0.00199220
v -0.01606666 0.01477966 0.00189968
v -0.01661371 0.01498007 -0.00212939
v -0.01651393 0.01501366 -0.00198884
v -0.01628054 0.01491379 -0.00194340
v -0.01678686 0.01505511 -0.00212949
v -0.01678188 0.01506680 -0.00208014
v -0.01677540 0.01508200 -0.00205393
v -0.01677538 0.01508207 -0.00205382
v -0.01676925 0.01509644 -0.00202905
v -0.01675556 0.01512858 -0.00199897
v -0.01675506 0.01512976 -0.00199787
v -0.01675178 0.01513747 -0.00199066
v -0.01672659 0.01519658 -0.00196605
v -0.01630455 0.01483638 0.00209195
v -0.04057008 0.01349762 0.00435673
v -0.04057522 0.01369489 0.00388402
v -0.04060289 0.01377072 0.00399918
v -0.04052313 0.01363132 0.00392012
v -0.04030833 0.01362675 0.00393912
v -0.04049082 0.01299526 0.00441054
v -0.04044129 0.01341151 0.00420951
v -0.04034290 0.01363643 0.00379845
v -0.04036067 0.01362772 0.00380012
v -0.04036988 0.01360706 0.00392740
v -0.04041620 0.01361832 0.00380535
v -0.04045828 0.01362292 0.00380932
v -0.04055316 0.01367123 0.00381825
v -0.04056104 0.01367773 0.00381899
v -0.04060186 0.01373415 0.00382283
v -0.03969709 0.01382170 0.00413182
v -0.03028678 0.01818674 0.00233899
v -0.02560319 0.01805049 0.00209253
v -0.02056784 0.01714005 0.00196925
v -0.01817010 0.01673597 0.00099346
v -0.01650554 0.01598828 0.00150293
v -0.04049650 0.01363474 0.00139451
v -0.04049650 0.01363474 -0.00139449
v -0.04055391 0.01361948 -0.00139647
v -0.04055391 0.01361948 0.00139649
v -0.04061327 0.01362178 -0.00139851
v -0.04061327 0.01362178 0.00139853
v -0.04066933 0.01364143 -0.00140044
v -0.04066933 0.01364143 0.00140046
v -0.04071714 0.01367670 -0.00140209
v -0.04071714 0.01367670 0.00140211
v -0.04075249 0.01372447 -0.00140331
v -0.04075249 0.01372447 0.00140333
v -0.04077224 0.01378052 -0.00140399
v -0.04077224 0.01378052 0.00140401
v -0.04046274 0.01365304 0.00141008
v -0.04046274 0.01365304 0.00139337
v -0.04046274 0.01365304 -0.00139335
v -0.04034208 0.01363474 -0.00379835
v -0.04046274 0.01365304 -0.00141006
v -0.04035920 0.01363018 -0.00379996
v -0.04041483 0.01362009 -0.00380519
v -0.04046797 0.01362514 -0.00381020
v -0.04045840 0.01362178 -0.00380930
v -0.04053342 0.01365562 -0.00381636
v -0.04049283 0.01363038 -0.00384711
v -0.04057149 0.01368973 -0.00381994
v -0.04060128 0.01373639 -0.00382275
v -0.04061139 0.01377836 -0.00389722
v -0.04082903 0.01385224 -0.00056474
v -0.01560567 0.01518914 0.00163280
v -0.01495177 0.01495100 0.00086140
v -0.01926208 0.01601235 -0.00204630
v -0.01926858 0.01598884 -0.00207623
v -0.02198034 0.01664660 -0.00216332
v -0.02197717 0.01667123 -0.00213377
v -0.02473044 0.01698607 -0.00231661
v -0.02473078 0.01701131 -0.00228741
v -0.02748793 0.01700666 -0.00253600
v -0.03022793 0.01673477 -0.00278996
v -0.02749185 0.01703198 -0.00250713
v -0.03290562 0.01612392 -0.00312986
v -0.03022047 0.01670985 -0.00281848
v -0.03549168 0.01520684 -0.00351787
v -0.03289474 0.01609986 -0.00315801
v -0.03795428 0.01399358 -0.00394242
v -0.03547759 0.01518403 -0.00354564
v -0.01927327 0.01597092 -0.00211161
v -0.01927583 0.01595965 -0.00215227
v -0.02198268 0.01661537 -0.00223886
v -0.02198224 0.01662761 -0.00219840
v -0.01924414 0.01607447 -0.00200243
v -0.01925397 0.01604077 -0.00202147
v -0.02197286 0.01670085 -0.00210939
v -0.01923261 0.01611328 -0.00199028
v -0.02196732 0.01673580 -0.00209087
v -0.02472746 0.01695376 -0.00239167
v -0.02472935 0.01696652 -0.00235142
v -0.02473044 0.01704156 -0.00226343
v -0.02196054 0.01677589 -0.00207931
v -0.02472935 0.01707716 -0.00224536
v -0.02747947 0.01697415 -0.00261056
v -0.02748378 0.01698701 -0.00257052
v -0.02749554 0.01706231 -0.00248353
v -0.02434030 0.01781846 -0.00213497
v -0.02749895 0.01709798 -0.00246590
v -0.03021329 0.01669055 -0.00285270
v -0.03024349 0.01679982 -0.00274955
v -0.03025141 0.01684010 -0.00273946
v -0.03023561 0.01676464 -0.00276675
v -0.03288467 0.01608131 -0.00319192
v -0.03020660 0.01667797 -0.00289250
v -0.03292939 0.01618699 -0.00309032
v -0.03294207 0.01622616 -0.00308073
v -0.03291717 0.01615285 -0.00310706
v -0.03552326 0.01526698 -0.00347924
v -0.03554053 0.01530448 -0.00347017
v -0.03550690 0.01523438 -0.00349550
v -0.03793723 0.01397237 -0.00396981
v -0.03799314 0.01404993 -0.00390473
v -0.03801474 0.01408525 -0.00389620
v -0.03797290 0.01401933 -0.00392050
v -0.03981268 0.01279307 -0.00432657
v -0.03981020 0.01279062 -0.00433040
v -0.03985010 0.01283368 -0.00428157
v -0.03985784 0.01284263 -0.00427420
v -0.03988718 0.01288029 -0.00425926
v -0.04028074 0.01286526 -0.00433280
v -0.01779778 0.01540534 -0.00218196
v -0.02043314 0.01624321 -0.00222902
v -0.02301127 0.01677355 -0.00233135
v -0.02634837 0.01700234 -0.00255393
v -0.03989228 0.01270846 -0.00452397
v -0.01626460 0.01559436 -0.00190134
v -0.04024041 0.01308919 -0.00432066
v -0.03946085 0.01430230 -0.00137515
v -0.03946085 0.01430230 0.00137517
v -0.01528604 0.01545320 0.00098387
v -0.03587554 0.01617810 -0.00264533
v -0.01467831 0.01505730 -0.00006089
v -0.02846287 0.01776821 -0.00248183
v -0.03822019 0.01483962 -0.00368243
v -0.01516104 0.01472733 -0.00127784
v -0.01967463 0.01710757 -0.00182222
v -0.03175007 0.01753506 -0.00260271
v -0.03669074 0.01524658 -0.00365292
v -0.03644297 0.01564737 -0.00354865
v -0.03825848 0.01487859 -0.00359160
v -0.03812202 0.01470982 -0.00382401
v -0.03806884 0.01462784 -0.00386510
v -0.03768166 0.01474279 -0.00382104
v -0.03817370 0.01478223 -0.00376190
v -0.04029070 0.01321938 -0.00429439
v -0.04032864 0.01331090 -0.00424810
v -0.04032793 0.01331752 -0.00424387
v -0.04031443 0.01346811 -0.00414694
v -0.04030774 0.01352481 -0.00408400
v -0.04030383 0.01358249 -0.00401766
v -0.04030491 0.01363753 -0.00388684
v -0.04031310 0.01364490 -0.00383331
v -0.03828691 0.01489841 -0.00349637
v -0.04039260 0.01326024 -0.00428768
v -0.04033030 0.01361312 -0.00392976
v -0.04037533 0.01351721 -0.00407958
v -0.04055775 0.01367026 -0.00390178
v -0.04059837 0.01372842 -0.00397164
v -0.04037772 0.01361470 -0.00386716
v -0.04054996 0.01348166 -0.00425419
v -0.03990593 0.01275779 -0.00432286
v -0.04007995 0.01273195 -0.00431859
v -0.04027234 0.01268787 -0.00446632
v -0.04050228 0.01294724 -0.00443873
v -0.03901433 0.01278404 -0.01168979
v -0.03865971 0.01231981 -0.01257885
v -0.03883900 0.01278726 -0.01240681
v -0.00561986 0.00771007 0.00971187
v -0.00753661 0.01338567 -0.02494625
v -0.02831486 0.01320173 0.00686189
v -0.03923320 0.00981507 -0.01256143
v -0.01144765 0.00879912 -0.00812369
v -0.01504090 0.01458214 -0.01565356
v -0.03098541 0.00904868 -0.02642560
v -0.01568631 0.01466825 -0.00488797
v -0.01269480 0.01505911 -0.01258436
v -0.01255301 0.01556767 -0.01315775
v -0.01960886 0.01682050 -0.02088387
v -0.02333307 0.01593916 -0.02372663
v -0.02613768 0.01464142 -0.02521074
v -0.03838236 0.01252042 -0.01223628
v -0.03459493 0.01505029 -0.00935347
v -0.03645423 0.01401163 -0.01078853
v -0.02429553 0.01429698 -0.00549097
v -0.02616246 0.01707389 -0.00579040
v -0.01984897 0.01627060 -0.00435882
v -0.01372115 0.01380472 -0.00574370
v -0.01210199 0.01324356 -0.00760934
v -0.01111940 0.01239651 -0.00363441
v -0.01205934 0.01429177 -0.01060211
v -0.01182175 0.01499870 -0.01207462
v -0.01287645 0.01544322 -0.01315118
v -0.01633252 0.01724715 -0.02042766
v -0.02455349 0.01546436 -0.02463875
v -0.02666887 0.01441516 -0.02598197
v -0.02670146 0.01441527 -0.02592046
v -0.02451980 0.01547377 -0.02470150
v -0.02673086 0.01440626 -0.02585554
v -0.02573034 0.01494943 -0.02521859
v -0.02884268 0.01308126 -0.02704410
v -0.02887193 0.01308136 -0.02698093
v -0.03416959 0.01526614 -0.00908416
v -0.03307554 0.01558597 -0.00895525
v -0.02955095 0.01697666 -0.00330791
v -0.01821979 0.01572333 -0.00390816
v -0.02162531 0.01646834 -0.02282024
v -0.02256068 0.01618402 -0.02353926
v -0.02355060 0.01582952 -0.02418066
v -0.02448392 0.01547367 -0.02476115
v -0.02388423 0.01571004 -0.02439683
v -0.02447902 0.01546018 -0.02475931
v -0.02404549 0.01565229 -0.02450132
v -0.02612308 0.01468150 -0.02570921
v -0.02615805 0.01466295 -0.02572829
v -0.02665269 0.01440063 -0.02599815
v -0.02554825 0.01498635 -0.02539560
v -0.02854347 0.01326219 -0.02695949
v -0.02705251 0.01418859 -0.02621628
v -0.02907435 0.01129282 -0.02683103
v -0.02988616 0.01234949 -0.02711904
v -0.03000340 0.01242483 -0.02722229
v -0.02964971 0.01255138 -0.02707907
v -0.02950140 0.01265434 -0.02738680
v -0.03018391 0.01277984 -0.02739817
v -0.02383413 0.01467786 -0.02790618
v -0.03535140 0.01532992 -0.00492772
v -0.01385613 0.01423198 0.03501031
v -0.00890803 0.01645060 -0.03059479
v -0.00941082 0.01580308 0.03262937
v -0.01005837 0.01422125 0.03629934
v -0.00783702 0.01659898 0.02036031
v -0.00710688 0.01366408 -0.01262537
v -0.00057381 0.01221115 -0.01198737
v -0.00604043 0.01598311 -0.01839856
v -0.00639739 0.01438620 -0.01405501
v -0.02217485 0.01571625 -0.02596342
v -0.02192433 0.01440311 -0.03011461
v -0.02312732 0.01331209 -0.03151840
v -0.02373466 0.01275344 -0.03224350
v -0.02555676 0.01276349 -0.03079218
v -0.02614493 0.01466175 -0.02574228
v -0.00632844 0.01479513 -0.01505522
v -0.01000147 0.01503209 -0.01333864
v -0.00992025 0.01542770 -0.01329312
v -0.00653458 0.01501366 -0.01529591
v -0.01007126 0.01518207 -0.01350670
v -0.01010237 0.01513444 -0.01351216
v -0.01010752 0.01512955 -0.01351160
v -0.01014481 0.01509414 -0.01350748
v -0.00983556 0.01479011 -0.01298862
v -0.01019676 0.01506502 -0.01349182
v -0.01020053 0.01506408 -0.01349010
v -0.01021247 0.01503799 -0.01343860
v -0.01010875 0.01512838 -0.01351146
v -0.01621084 0.01325740 -0.03768042
v -0.01648446 0.01323857 -0.03711686
v -0.01657498 0.01339320 -0.03711844
v -0.01659116 0.01345643 -0.03723860
v -0.01680025 0.01358726 -0.03696536
v -0.01663233 0.01346966 -0.03705825
v -0.01668240 0.01353283 -0.03700403
v -0.01678789 0.01365825 -0.03715736
v -0.01699697 0.01379188 -0.03708824
v -0.01699004 0.01373639 -0.03707311
v -0.01684714 0.01369366 -0.03712965
v -0.01697758 0.01368973 -0.03704591
v -0.01696165 0.01365562 -0.03701115
v -0.01691471 0.01363037 -0.03699137
v -0.01693426 0.01362514 -0.03695139
v -0.01693025 0.01362178 -0.03694266
v -0.01688874 0.01363018 -0.03685207
v -0.01691202 0.01362009 -0.03690287
v -0.01688163 0.01361732 -0.03690810
v -0.01683743 0.01364245 -0.03683340
v -0.01688158 0.01363474 -0.03683644
v -0.01684576 0.01360012 -0.03694418
v -0.01678636 0.01363753 -0.03684850
v -0.01667252 0.01358249 -0.03691297
v -0.01661702 0.01352481 -0.03694952
v -0.01654433 0.01342915 -0.03700090
v -0.01648867 0.01331753 -0.03704694
v -0.01648536 0.01331090 -0.03704967
v -0.01679276 0.01375442 -0.03718254
v -0.01698936 0.01382070 -0.03709443
v -0.01992852 0.01381826 -0.03557814
v -0.02160393 0.01381826 -0.03461084
v -0.02367523 0.01379594 -0.03322738
v -0.02377193 0.01376576 -0.03315702
v -0.01917192 0.01381826 -0.03601496
v -0.02145593 0.01363474 -0.03437374
v -0.01904058 0.01363474 -0.03576824
v -0.01906758 0.01361948 -0.03581895
v -0.02148635 0.01361948 -0.03442247
v -0.01909549 0.01362178 -0.03587138
v -0.02151780 0.01362178 -0.03447285
v -0.01912185 0.01364143 -0.03592089
v -0.02154750 0.01364143 -0.03452044
v -0.01914433 0.01367670 -0.03596313
v -0.02157284 0.01367670 -0.03456103
v -0.01916095 0.01372447 -0.03599435
v -0.02159156 0.01372447 -0.03459103
v -0.01917023 0.01378052 -0.03601179
v -0.02160203 0.01378052 -0.03460779
v -0.02361160 0.01373415 -0.03325083
v -0.02358787 0.01367773 -0.03321740
v -0.02359262 0.01368448 -0.03322410
v -0.02358328 0.01367123 -0.03321094
v -0.02352810 0.01362292 -0.03313324
v -0.02350363 0.01361832 -0.03309878
v -0.02347133 0.01362772 -0.03305331
v -0.02346100 0.01363643 -0.03303875
v -0.02145254 0.01365304 -0.03433672
v -0.02143806 0.01365304 -0.03434507
v -0.01902469 0.01365304 -0.03573843
v -0.01901022 0.01365304 -0.03574679
v -0.02362123 0.01379182 -0.03326440
v -0.01592102 0.01483962 -0.03494087
v -0.00651957 0.01571506 -0.01505233
v -0.01007452 0.01778896 -0.02147122
v -0.01462993 0.01631646 -0.03193728
v -0.01508736 0.01572000 -0.03319161
v -0.01601883 0.01487859 -0.03492862
v -0.01574932 0.01470982 -0.03492664
v -0.01568715 0.01462784 -0.03490113
v -0.01582895 0.01478223 -0.03494035
v -0.01645460 0.01307504 -0.03720202
v -0.01611551 0.01489841 -0.03490562
v -0.01234193 0.01796979 -0.02602022
v -0.02216318 0.01418679 -0.03062914
v -0.02217862 0.01416533 -0.03060102
v -0.02056586 0.01534100 -0.02865176
v -0.02054857 0.01536402 -0.02867747
v -0.01892873 0.01621480 -0.02658171
v -0.01890948 0.01623903 -0.02660479
v -0.01729370 0.01677795 -0.02441419
v -0.01727241 0.01680297 -0.02443446
v -0.01593858 0.01700680 -0.02253495
v -0.01434679 0.01701137 -0.02027444
v -0.01591554 0.01703213 -0.02255277
v -0.01284344 0.01667359 -0.01797680
v -0.01437191 0.01698612 -0.02025954
v -0.01142255 0.01602369 -0.01569028
v -0.01287060 0.01664894 -0.01796477
v -0.02220002 0.01414904 -0.03057149
v -0.02222758 0.01413891 -0.03054108
v -0.02061750 0.01531215 -0.02859530
v -0.02058879 0.01532336 -0.02862423
v -0.02214934 0.01424373 -0.03068084
v -0.02215321 0.01421281 -0.03065585
v -0.02053648 0.01539180 -0.02870140
v -0.02215238 0.01427939 -0.03070332
v -0.02053021 0.01542466 -0.02872322
v -0.01898330 0.01618404 -0.02652915
v -0.01895332 0.01619611 -0.02655639
v -0.01889516 0.01626814 -0.02662571
v -0.02053058 0.01546244 -0.02874216
v -0.01888638 0.01630247 -0.02664413
v -0.01735137 0.01674592 -0.02436586
v -0.01732003 0.01675856 -0.02439125
v -0.01725578 0.01683294 -0.02445221
v -0.01888398 0.01634184 -0.02665932
v -0.01724442 0.01686823 -0.02446706
v -0.01599892 0.01697429 -0.02249035
v -0.01596640 0.01698715 -0.02251410
v -0.01589694 0.01706245 -0.02256776
v -0.01723918 0.01690864 -0.02447833
v -0.01588338 0.01709812 -0.02257953
v -0.01440150 0.01696657 -0.02024120
v -0.01430966 0.01707721 -0.02029423
v -0.01429914 0.01711797 -0.02029810
v -0.01587573 0.01713894 -0.02258743
v -0.01432585 0.01704161 -0.02028613
v -0.01290193 0.01662995 -0.01794886
v -0.01280138 0.01673816 -0.01798976
v -0.01278800 0.01677826 -0.01798968
v -0.01282018 0.01670321 -0.01798528
v -0.01148465 0.01598223 -0.01566726
v -0.01167658 0.01601407 -0.01560722
v -0.01145169 0.01600017 -0.01568091
v -0.01137565 0.01608586 -0.01569677
v -0.01135940 0.01612469 -0.01569291
v -0.01139702 0.01605214 -0.01569572
v -0.01152113 0.01597094 -0.01564912
v -0.01832091 0.01726746 -0.02603543
v -0.02363248 0.01288125 -0.03241433
v -0.02363047 0.01284203 -0.03238028
v -0.02363288 0.01283360 -0.03237046
v -0.02370554 0.01274693 -0.03240145
v -0.02365321 0.01279301 -0.03231551
v -0.02365527 0.01279055 -0.03231145
v -0.02366352 0.01278072 -0.03229522
v -0.02369930 0.01276564 -0.03225000
v -0.02369973 0.01276561 -0.03224959
v -0.02370055 0.01276555 -0.03224882
v -0.02612322 0.01272986 -0.03042235
v -0.02384709 0.01268399 -0.03260085
v -0.02433847 0.01279263 -0.03271037
v -0.02373676 0.01273209 -0.03229177
v -0.02370245 0.01280093 -0.03249214
v -0.02407168 0.01298979 -0.03287275
v -0.00808396 0.01615626 -0.01409657
v -0.02317031 0.01416476 -0.03204789
v -0.01940618 0.01685578 -0.02794992
v -0.01498765 0.01815660 -0.02189492
v -0.01054167 0.01652624 -0.01469664
v -0.01355860 0.01780217 -0.01934782
v -0.01241755 0.01706026 -0.01742392
v -0.02372387 0.01365203 -0.03312898
v -0.02360072 0.01360069 -0.03301649
v -0.02384806 0.01348542 -0.03296353
v -0.01853951 0.01430230 -0.03486167
v -0.02092135 0.01430230 -0.03348651
v -0.01558825 0.01619900 -0.03241866
v -0.00683514 0.01507723 -0.01315511
v -0.00857964 0.01397023 -0.01227281
v -0.00785170 0.01507900 -0.01257092
v -0.00742572 0.01517280 -0.01290366
v 0.00060645 0.00679801 -0.00579811
v -0.00633165 0.01050058 0.00691362
v -0.00738185 0.01239231 0.00439621
v 0.00631458 0.01320000 -0.00390554
v 0.00631458 0.01320000 0.00390554
v 0.00351544 0.01308597 0.00654555
v -0.00116851 0.01320000 0.00752059
v -0.00619895 0.01412536 0.00340236
v -0.00340480 0.01315055 -0.00636379
v -0.00470987 0.01350532 0.00339413
v -0.00470956 0.01320000 0.00424470
v -0.00468067 0.01320000 0.00410459
v -0.00589502 0.01320000 0.00200129
v -0.00575628 0.01320000 0.00200648
v -0.00603080 0.01320000 0.00195625
v -0.00556381 0.01320000 0.00200171
v -0.00520497 0.01370490 0.00257255
v -0.00469760 0.01320000 0.00438725
v -0.00692589 0.01320048 0.00052457
v -0.00575628 0.01320000 -0.00200648
v -0.00603080 0.01320000 -0.00195625
v -0.00589502 0.01320000 -0.00200129
v -0.00490204 0.01320000 -0.00223325
v -0.00434740 0.01319991 -0.00291408
v -0.00461580 0.01320000 -0.00398184
v -0.00468067 0.01320000 -0.00410459
v -0.00637676 0.01378831 -0.00353618
v -0.00470956 0.01320000 -0.00424470
v -0.00614827 0.01320000 -0.00187461
v 0.00446902 0.01320000 -0.00278464
v 0.00516498 0.01320000 -0.00306417
v 0.00556381 0.01320000 -0.00200171
v 0.00575628 0.01320000 -0.00200648
v 0.00469760 0.01320000 -0.00438725
v 0.00470956 0.01320000 -0.00424470
v 0.00589502 0.01320000 -0.00200129
v 0.00464576 0.01320000 -0.00452058
v 0.00603080 0.01320000 -0.00195625
v 0.00468067 0.01320000 -0.00410459
v 0.00440097 0.01320000 -0.00348243
v 0.00461580 0.01320000 -0.00398184
v 0.00438507 0.01320000 -0.00312867
v 0.00561560 0.01355632 -0.00402911
v 0.00623781 0.01320000 -0.00176305
v 0.00629105 0.01320000 -0.00163483
v 0.00451543 0.01320000 -0.00381754
v 0.00614827 0.01320000 -0.00187461
v 0.00725667 0.01288471 0.00079416
v 0.00490204 0.01320000 0.00223325
v 0.00464608 0.01320000 0.00247796
v 0.00451543 0.01320000 0.00381754
v 0.00461580 0.01320000 0.00398184
v 0.00446902 0.01320000 0.00278464
v 0.00468067 0.01320000 0.00410459
v 0.00470956 0.01320000 0.00424470
v 0.00487165 0.01319794 0.00359267
v 0.00603080 0.01320000 0.00195625
v 0.00537803 0.01320004 0.00201719
v 0.00586577 0.01354976 0.00254981
v 0.00479707 0.01311702 0.00489790
v 0.00629105 0.01320000 0.00163483
v 0.00623782 0.01320000 0.00176305
v 0.00614827 0.01320000 0.00187461
v -0.00114048 0.01320000 -0.00598832
v -0.00083841 0.01320005 -0.00554348
v -0.00132124 0.01320000 -0.00620095
v -0.00121435 0.01320000 -0.00610588
v 0.00114048 0.01320000 -0.00598832
v 0.00104837 0.01320000 -0.00581925
v 0.00121435 0.01320000 -0.00610588
v 0.00132124 0.01320000 -0.00620095
v -0.00017706 0.01320000 -0.00526260
v 0.00039482 0.01320743 -0.00559008
v 0.00403412 0.01291170 -0.00627844
v -0.00145068 0.01320000 -0.00626187
v -0.00114048 0.01320000 0.00598832
v 0.00114048 0.01320000 0.00598832
v 0.00046857 0.01370086 0.00700912
v -0.00121435 0.01320000 0.00610588
v -0.00132124 0.01320000 0.00620095
v 0.00132124 0.01320000 0.00620095
v 0.00121435 0.01320000 0.00610588
v -0.00051697 0.01320000 0.00536191
v 0.00017706 0.01320000 0.00526260
v -0.00017706 0.01320000 0.00526260
v -0.00159207 0.01320000 0.00628363
v -0.00429549 0.01316825 0.00562047
v -0.00145068 0.01320000 0.00626187
v 0.00616291 0.01855966 0.00185638
v 0.00609154 0.01855966 0.00191404
v 0.00613099 0.01873131 0.00188999
v 0.00628469 0.01861420 0.00164194
v 0.00626055 0.01855966 0.00170829
v 0.00438150 0.02002790 0.00476879
v 0.00468067 0.01855966 0.00410459
v 0.00470523 0.01855966 0.00422368
v 0.00461580 0.01855966 0.00398184
v 0.00465338 0.01855966 0.00405295
v 0.00462386 0.02222029 0.00247683
v 0.00490624 0.02168064 0.00223881
v 0.00446969 0.02207105 0.00278493
v 0.00456657 0.01959603 0.00390810
v 0.00617464 0.01990630 0.00167885
v 0.00527079 0.02162462 0.00192032
v 0.00606790 0.02040876 -0.00157236
v 0.00463060 0.01963845 0.00405192
v 0.00574916 0.01997576 0.00199189
v 0.00446613 0.02079004 0.00389727
v 0.00616172 0.01855966 -0.00185786
v 0.00623009 0.01900757 -0.00175043
v 0.00603080 0.01855966 -0.00195625
v 0.00608955 0.01855966 -0.00191542
v 0.00589502 0.01855966 -0.00200129
v 0.00601043 0.01855966 -0.00196301
v 0.00575628 0.01855966 -0.00200648
v 0.00583665 0.01855966 -0.00200347
v 0.00626022 0.01855966 -0.00170908
v 0.00159807 0.01937176 0.00627408
v 0.00135431 0.01961325 0.00618634
v 0.00123678 0.01855966 0.00612583
v 0.00118329 0.01855966 0.00605646
v 0.00114048 0.01855966 0.00598832
v 0.00120763 0.01868186 0.00610055
v 0.00017087 0.02242306 0.00519428
v 0.00088281 0.02149516 0.00554116
v -0.00017728 0.02206996 0.00526363
v -0.00051420 0.02168345 0.00536770
v -0.00115057 0.01964076 0.00598702
v -0.00147192 0.01855966 0.00626514
v -0.00132124 0.01855966 0.00620095
v -0.00138598 0.01855966 0.00623142
v -0.00121435 0.01855966 0.00610588
v -0.00130521 0.01855966 0.00618669
v -0.00118327 0.01855966 0.00605642
v -0.00085069 0.02231625 0.00532487
v -0.00029678 0.02212646 0.00527501
v -0.00144431 0.01940049 0.00620535
v -0.00124924 0.02054301 0.00592849
v -0.00156401 0.01976218 0.00620356
v -0.00127519 0.01965185 0.00609208
v -0.00438545 0.01952783 0.00494988
v -0.00470338 0.01855966 0.00431840
v -0.00468738 0.01855966 0.00413714
v -0.00441638 0.02092658 0.00359314
v -0.00589502 0.01855966 0.00200129
v -0.00601044 0.01855966 0.00196301
v -0.00575628 0.01855966 0.00200648
v -0.00583665 0.01855966 0.00200347
v -0.00425063 0.02184800 0.00347184
v -0.00456720 0.01321081 0.00263237
v -0.00573069 0.01979753 0.00199352
v -0.00468747 0.02220462 0.00239536
v -0.00504524 0.02180319 0.00207035
v -0.00465988 0.01971691 0.00428367
v -0.00615846 0.01947624 0.00181999
v -0.00591349 0.01965184 0.00194170
v -0.00613626 0.01898689 -0.00187981
v -0.00609154 0.01855966 -0.00191404
v -0.00592656 0.01855966 -0.00199082
v -0.00584030 0.01855966 -0.00200333
v -0.00575628 0.01855966 -0.00200648
v -0.00468067 0.01855966 -0.00410459
v -0.00470523 0.01855966 -0.00422368
v -0.00458323 0.01983335 -0.00394438
v -0.00465338 0.01855966 -0.00405295
v -0.00461834 0.02222397 -0.00248328
v -0.00513306 0.02161437 -0.00204230
v -0.00470862 0.02249929 -0.00206389
v -0.00625175 0.01981270 -0.00153718
v -0.00600752 0.01952263 -0.00193492
v -0.00588834 0.01869699 -0.00200418
v -0.00463749 0.01965830 -0.00414946
v -0.00467616 0.01952041 -0.00437191
v -0.00443455 0.02063731 -0.00413210
v -0.00287266 0.02245872 -0.00502124
v -0.00143876 0.01897300 -0.00625436
v -0.00138615 0.01855966 -0.00623150
v -0.00130762 0.01939602 -0.00616894
v -0.00123678 0.01855966 -0.00612583
v -0.00118329 0.01855966 -0.00605646
v -0.00114048 0.01855966 -0.00598832
v 0.00132124 0.01855966 -0.00620095
v 0.00121435 0.01855966 -0.00610588
v 0.00130521 0.01855966 -0.00618669
v 0.00114048 0.01855966 -0.00598832
v 0.00118327 0.01855966 -0.00605642
v 0.00468913 0.01855966 -0.00440903
v 0.00470338 0.01855966 -0.00431840
v 0.00468738 0.01855966 -0.00413714
v 0.00463367 0.01898130 -0.00452915
v 0.00465509 0.01855966 -0.00405618
v 0.00467323 0.01911014 -0.00409687
v 0.00461580 0.01855966 -0.00398184
v 0.00439201 0.02168054 -0.00312953
v 0.00553966 0.01381749 -0.00243494
v 0.00565483 0.02019507 -0.00199104
v 0.00439958 0.02108963 -0.00356104
v 0.00611050 0.01945449 -0.00183221
v 0.00579479 0.01959030 -0.00199144
v 0.00591349 0.01965184 -0.00194170
v 0.00390703 0.02387596 -0.00251994
v 0.00440249 0.02221718 -0.00287019
v 0.00469580 0.01901315 -0.00436158
v 0.00465988 0.01971691 -0.00428367
v 0.00127519 0.01965185 -0.00609208
v 0.00262733 0.02354117 -0.00500349
v 0.00113599 0.01979244 -0.00595478
v -0.00014709 0.02349302 -0.00487734
v -0.00119438 0.02082319 -0.00581846
v -0.00040614 0.02213378 -0.00529008
v 0.00084745 0.02132626 -0.00553266
v -0.00120763 0.01868186 -0.00610055
v -0.00388560 0.02380695 -0.00260373
v 0.00382483 0.02397416 0.00265725
v -0.00024886 0.01401820 -0.00691050
v 0.00031288 0.01445979 -0.00652125
v 0.00596048 0.01437856 -0.00351892
v 0.00525340 0.01427592 -0.00332174
v 0.00598976 0.01428303 0.00359101
v 0.00518650 0.01427938 0.00305278
v -0.00047916 0.01381581 0.00695862
v -0.00052949 0.01364396 0.00592394
v 0.00034612 0.01423994 0.00608204
v -0.00551850 0.01422545 0.00365912
v -0.00507315 0.01419585 -0.00316705
v -0.00533753 0.01367412 -0.00248468
v -0.00452784 0.02387580 0.00138803
v 0.00234708 0.02326887 0.00107871
v -0.00030744 0.02371764 0.00359323
v -0.00234720 0.02323584 -0.00129425
v 0.00169907 0.02340199 -0.00210060
v 0.00250862 0.02325049 -0.00046677
f 8 289 19
f 1 8 12
f 10 72 282
f 282 5 10
f 92 10 5
f 5 1 92
f 12 92 1
f 19 12 8
f 7 282 72
f 22 21 7
f 4 3 17
f 289 4 19
f 17 19 4
f 21 17 3
f 3 7 21
f 72 22 7
f 2 4 289
f 6 8 1
f 9 5 282
f 10 5 9
f 11 1 5
f 12 6 1
f 18 8 6
f 13 8 18
f 8 13 19
f 19 289 8
f 5 10 11
f 13 18 12
f 12 19 13
f 19 2 289
f 14 4 2
f 14 3 4
f 14 7 3
f 7 16 15
f 15 282 7
f 2 20 14
f 2 17 20
f 17 2 19
f 16 7 14
f 11 92 12
f 1 11 12
f 6 12 18
f 9 282 15
f 10 92 11
f 14 17 21
f 20 17 14
f 14 21 22
f 22 16 14
f 22 15 16
f 15 22 72
f 15 72 10
f 10 9 15
f 29 30 28
f 32 33 34
f 33 31 34
f 42 26 43
f 44 28 30
f 45 30 33
f 46 33 32
f 61 32 35
f 61 35 36
f 66 37 67
f 48 169 49
f 53 40 41
f 54 41 27
f 56 27 42
f 57 42 43
f 58 43 28
f 59 28 44
f 60 44 45
f 64 47 65
f 69 39 95
f 70 48 49
f 71 49 73
f 75 51 52
f 76 52 53
f 77 53 54
f 78 54 55
f 79 55 56
f 80 56 57
f 81 57 58
f 82 58 59
f 92 59 60
f 92 60 46
f 61 36 62
f 94 63 64
f 277 68 69
f 205 69 83
f 84 70 71
f 269 72 73
f 269 73 50
f 85 74 75
f 86 75 76
f 87 76 77
f 88 77 78
f 89 78 79
f 90 79 80
f 91 80 81
f 94 64 66
f 63 94 93
f 81 82 91
f 80 91 90
f 79 90 89
f 78 89 88
f 77 88 87
f 76 87 86
f 75 86 85
f 74 85 268
f 50 74 269
f 71 72 84
f 83 204 205
f 69 205 277
f 67 277 66
f 65 66 64
f 62 63 93
f 62 93 61
f 59 92 82
f 58 82 81
f 57 81 80
f 56 80 79
f 55 79 78
f 54 78 77
f 53 77 76
f 52 76 75
f 51 75 74
f 51 74 50
f 73 72 71
f 49 71 70
f 95 83 69
f 39 69 68
f 68 277 67
f 47 64 63
f 45 46 60
f 44 60 59
f 28 59 58
f 43 58 57
f 42 57 56
f 27 56 55
f 27 55 54
f 41 54 53
f 40 53 52
f 40 52 51
f 37 66 65
f 32 61 46
f 33 46 45
f 30 45 44
f 310 28 43
f 26 42 27
f 25 27 41
f 50 73 49
f 37 38 67
f 302 37 65
f 34 35 32
f 31 33 30
f 29 31 30
f 26 27 25
f 24 40 51
f 24 51 50
f 96 97 98
f 98 99 96
f 100 101 102
f 107 108 109
f 107 110 111
f 111 112 107
f 112 113 151
f 115 116 117
f 118 119 115
f 119 120 121
f 122 121 189
f 125 190 123
f 124 125 126
f 126 127 124
f 129 130 128
f 129 128 131
f 131 132 129
f 135 136 133
f 169 168 138
f 139 95 96
f 140 96 99
f 141 99 101
f 142 101 100
f 143 100 103
f 144 103 104
f 146 104 106
f 147 106 108
f 148 108 107
f 149 107 112
f 150 112 151
f 152 114 116
f 153 116 115
f 154 115 119
f 155 119 122
f 156 122 189
f 157 190 125
f 158 125 124
f 159 124 127
f 160 127 130
f 161 130 129
f 162 129 132
f 163 132 134
f 164 134 133
f 165 133 136
f 166 136 137
f 167 137 168
f 83 95 139
f 170 139 140
f 171 140 141
f 172 141 142
f 173 142 143
f 174 143 144
f 175 144 145
f 176 145 146
f 177 146 147
f 178 147 148
f 179 148 149
f 180 149 150
f 181 150 151
f 184 152 153
f 185 153 154
f 186 154 155
f 187 155 156
f 188 156 189
f 191 157 158
f 192 158 159
f 193 159 160
f 194 160 161
f 195 161 162
f 196 162 163
f 197 163 164
f 198 164 165
f 199 165 166
f 200 166 167
f 201 167 168
f 202 168 169
f 204 83 170
f 204 170 171
f 205 171 172
f 236 172 173
f 236 173 174
f 237 174 175
f 206 175 176
f 207 176 177
f 208 177 178
f 209 178 179
f 210 179 180
f 211 180 181
f 212 181 151
f 213 151 182
f 214 182 183
f 215 183 184
f 216 184 185
f 217 185 186
f 218 186 187
f 219 187 188
f 220 188 189
f 221 189 190
f 222 190 191
f 223 191 192
f 224 192 193
f 225 193 194
f 226 194 195
f 227 195 196
f 228 196 197
f 229 197 198
f 230 198 199
f 231 199 200
f 232 200 201
f 233 201 202
f 234 202 203
f 235 203 48
f 238 206 207
f 239 207 208
f 240 208 209
f 241 209 210
f 242 210 211
f 243 211 212
f 244 212 213
f 245 213 214
f 246 214 215
f 247 215 216
f 248 216 217
f 249 217 218
f 250 218 219
f 251 219 220
f 252 220 221
f 253 221 222
f 254 222 223
f 255 223 224
f 256 224 225
f 257 225 226
f 258 226 227
f 259 227 228
f 260 228 229
f 261 229 230
f 262 230 231
f 263 231 232
f 264 232 233
f 233 234 265
f 234 266 265
f 266 234 235
f 267 235 70
f 70 84 267
f 235 267 266
f 233 265 264
f 232 264 263
f 231 263 262
f 230 262 261
f 229 261 260
f 228 260 259
f 227 259 258
f 226 258 257
f 225 257 256
f 224 256 255
f 223 255 254
f 222 254 253
f 221 253 252
f 220 252 251
f 219 251 250
f 218 250 249
f 217 249 248
f 216 248 247
f 215 247 246
f 214 246 245
f 213 245 244
f 212 244 243
f 211 243 242
f 210 242 241
f 209 241 240
f 208 240 239
f 207 239 238
f 206 238 237
f 48 70 235
f 203 235 234
f 202 234 233
f 201 233 232
f 200 232 231
f 199 231 230
f 198 230 229
f 197 229 228
f 196 228 227
f 195 227 226
f 194 226 225
f 193 225 224
f 192 224 223
f 191 223 222
f 190 222 221
f 189 221 220
f 188 220 219
f 187 219 218
f 186 218 217
f 185 217 216
f 184 216 215
f 183 215 214
f 182 214 213
f 151 213 212
f 181 212 211
f 180 211 210
f 179 210 209
f 178 209 208
f 177 208 207
f 176 207 206
f 175 206 237
f 174 237 236
f 172 236 205
f 171 205 204
f 169 48 203
f 169 203 202
f 168 202 201
f 167 201 200
f 166 200 199
f 165 199 198
f 164 198 197
f 163 197 196
f 162 196 195
f 161 195 194
f 160 194 193
f 159 193 192
f 158 192 191
f 157 191 190
f 156 188 187
f 155 187 186
f 154 186 185
f 153 185 184
f 152 184 183
f 150 181 180
f 149 180 179
f 148 179 178
f 147 178 177
f 146 177 176
f 145 176 175
f 144 175 174
f 143 174 173
f 142 173 172
f 141 172 171
f 140 171 170
f 139 170 83
f 137 167 166
f 136 166 165
f 133 165 164
f 134 164 163
f 132 163 162
f 129 162 161
f 130 161 160
f 127 160 159
f 124 159 158
f 125 158 157
f 122 156 155
f 119 155 154
f 115 154 153
f 116 153 152
f 114 152 183
f 112 150 149
f 107 149 148
f 108 148 147
f 106 147 146
f 104 146 145
f 104 145 144
f 103 144 143
f 100 143 142
f 101 142 141
f 99 141 140
f 96 140 139
f 135 137 136
f 131 134 132
f 128 130 127
f 126 128 127
f 121 122 119
f 118 120 119
f 117 118 115
f 111 113 112
f 109 110 107
f 105 106 104
f 98 101 99
f 95 97 96
f 269 74 268
f 268 86 87
f 275 239 240
f 19 277 205
f 270 90 91
f 88 89 270
f 87 270 268
f 272 257 258
f 273 254 255
f 274 243 244
f 274 275 241
f 275 237 238
f 89 90 270
f 85 86 268
f 72 265 266
f 259 260 271
f 258 271 272
f 272 255 256
f 253 254 273
f 278 247 248
f 278 244 245
f 242 243 274
f 240 241 275
f 87 88 270
f 267 84 72
f 276 262 263
f 271 261 262
f 258 259 271
f 255 272 273
f 278 246 247
f 244 278 274
f 238 239 275
f 276 264 265
f 262 276 271
f 256 257 272
f 21 278 249
f 241 242 274
f 265 72 276
f 260 261 271
f 273 251 252
f 21 250 251
f 248 249 278
f 91 82 270
f 263 264 276
f 251 273 21
f 245 246 278
f 252 253 273
f 266 267 72
f 249 250 21
f 289 19 205
f 289 205 236
f 289 236 237
f 289 237 275
f 279 275 274
f 279 274 278
f 280 278 21
f 3 21 273
f 281 273 272
f 281 272 271
f 291 271 276
f 291 276 72
f 72 282 291
f 271 291 281
f 273 281 292
f 273 292 3
f 21 3 280
f 278 280 279
f 275 279 289
f 282 283 284
f 284 294 282
f 283 1 286
f 279 288 289
f 279 290 288
f 3 292 280
f 290 279 280
f 293 292 281
f 291 282 294
f 295 293 281
f 291 295 281
f 282 72 269
f 283 269 268
f 283 268 270
f 283 270 82
f 1 82 92
f 1 92 46
f 286 46 61
f 285 61 93
f 285 93 94
f 285 94 66
f 287 66 277
f 287 277 19
f 19 289 287
f 66 287 285
f 61 285 286
f 46 286 1
f 82 1 283
f 269 283 282
f 283 43 26
f 50 49 446
f 446 23 50
f 683 343 50
f 24 50 343
f 683 50 296
f 695 689 40
f 24 695 40
f 450 297 25
f 25 451 450
f 41 40 451
f 451 25 41
f 297 283 25
f 298 284 283
f 294 284 299
f 299 49 294
f 284 298 299
f 614 285 287
f 47 63 405
f 301 405 63
f 593 301 63
f 63 285 592
f 592 593 63
f 285 612 592
f 65 405 302
f 37 305 304
f 37 302 305
f 912 305 302
f 306 307 38
f 37 303 306
f 38 37 306
f 308 906 67
f 308 67 38
f 67 906 367
f 367 68 67
f 366 300 68
f 34 1157 35
f 286 285 545
f 36 544 545
f 407 544 36
f 35 407 36
f 545 285 36
f 458 310 43
f 455 458 43
f 43 283 456
f 456 455 43
f 286 611 456
f 456 283 286
f 31 312 311
f 312 31 29
f 1141 312 29
f 1142 1141 29
f 34 1135 1134
f 1134 1157 34
f 313 1135 34
f 34 31 313
f 31 315 314
f 314 313 31
f 311 315 31
f 28 1142 29
f 545 611 286
f 307 309 38
f 37 304 303
f 405 65 47
f 614 612 285
f 300 614 287
f 297 298 283
f 23 296 50
f 26 25 283
f 62 36 285
f 63 62 285
f 317 325 543
f 316 320 317
f 317 321 322
f 322 325 317
f 323 324 325
f 543 329 328
f 327 329 543
f 543 325 327
f 326 327 325
f 322 323 325
f 320 321 317
f 319 23 543
f 317 543 23
f 316 317 23
f 330 331 332
f 333 332 334
f 335 334 336
f 337 336 338
f 339 338 340
f 341 340 24
f 341 343 342
f 341 24 343
f 339 342 344
f 344 337 339
f 344 685 337
f 337 685 345
f 335 345 346
f 347 348 330
f 333 346 349
f 349 347 333
f 348 688 350
f 350 330 348
f 351 352 331
f 353 331 354
f 331 352 354
f 355 332 331
f 331 353 355
f 356 334 332
f 332 697 356
f 357 336 334
f 334 358 357
f 359 338 336
f 336 360 359
f 361 340 338
f 338 693 361
f 695 24 340
f 340 696 695
f 361 696 340
f 359 693 338
f 357 360 336
f 356 358 334
f 355 697 332
f 354 362 353
f 331 330 351
f 350 351 330
f 330 333 347
f 346 333 335
f 345 335 337
f 342 339 341
f 340 341 339
f 338 339 337
f 336 337 335
f 334 335 333
f 332 333 330
f 451 40 363
f 364 451 363
f 1138 365 508
f 1137 310 458
f 457 365 1137
f 366 367 597
f 366 68 367
f 596 597 367
f 368 369 370
f 371 370 372
f 373 372 374
f 375 374 376
f 377 376 378
f 379 378 380
f 381 383 382
f 381 384 383
f 379 386 385
f 379 382 386
f 377 385 387
f 387 375 377
f 387 915 375
f 375 915 388
f 373 388 389
f 390 391 368
f 371 389 918
f 918 390 371
f 369 368 391
f 392 369 393
f 394 370 369
f 369 392 394
f 370 908 395
f 374 396 907
f 396 374 372
f 372 395 396
f 374 907 397
f 398 378 376
f 376 397 398
f 399 380 378
f 378 308 399
f 400 38 309
f 309 380 400
f 381 380 307
f 306 401 384
f 303 304 402
f 401 306 303
f 402 401 303
f 384 381 306
f 307 306 381
f 309 307 380
f 399 400 380
f 398 308 378
f 397 376 374
f 395 372 370
f 394 908 370
f 391 393 369
f 368 371 390
f 389 371 373
f 388 373 375
f 385 377 379
f 382 379 381
f 380 381 379
f 378 379 377
f 376 377 375
f 374 375 373
f 372 373 371
f 370 371 368
f 404 403 405
f 35 1157 407
f 406 407 1121
f 408 409 410
f 411 410 412
f 413 412 414
f 415 414 416
f 417 416 418
f 419 418 420
f 421 1141 422
f 419 424 423
f 419 422 424
f 417 423 425
f 425 415 417
f 425 1140 415
f 415 1140 426
f 413 426 427
f 428 429 408
f 411 427 430
f 430 428 411
f 429 1158 431
f 431 408 429
f 432 433 409
f 434 409 435
f 409 433 435
f 409 434 436
f 437 412 410
f 410 436 437
f 412 1129 438
f 439 416 414
f 414 438 439
f 439 440 416
f 441 418 416
f 416 440 441
f 420 442 1135
f 442 420 418
f 418 443 442
f 420 1135 444
f 444 314 420
f 444 313 314
f 421 420 315
f 420 314 315
f 421 445 1141
f 311 312 445
f 445 421 311
f 315 311 421
f 441 443 418
f 438 414 412
f 437 1129 412
f 436 410 409
f 435 1128 434
f 409 408 432
f 431 432 408
f 408 411 428
f 427 411 413
f 426 413 415
f 423 417 419
f 422 419 421
f 420 421 419
f 418 419 417
f 416 417 415
f 414 415 413
f 412 413 411
f 410 411 408
f 23 447 316
f 447 23 446
f 316 446 448
f 446 316 447
f 446 449 448
f 298 448 449
f 448 298 613
f 452 297 450
f 452 450 451
f 452 451 297
f 1137 458 455
f 455 457 1137
f 455 456 457
f 491 466 465
f 467 468 491
f 468 459 491
f 469 470 468
f 471 469 467
f 472 473 471
f 474 499 470
f 473 474 469
f 499 466 459
f 479 462 461
f 479 480 463
f 481 482 463
f 490 454 462
f 483 484 485
f 486 487 482
f 484 486 481
f 487 490 463
f 488 489 484
f 489 490 486
f 471 492 493
f 494 493 495
f 495 496 494
f 495 497 496
f 494 496 498
f 498 472 494
f 498 898 472
f 485 481 480
f 485 500 501
f 501 502 485
f 502 501 503
f 503 504 502
f 503 505 504
f 483 502 506
f 506 1138 483
f 502 504 507
f 507 506 502
f 483 1138 509
f 509 488 483
f 509 508 488
f 489 488 365
f 365 490 489
f 466 499 475
f 364 297 451
f 478 466 475
f 462 478 461
f 365 457 490
f 508 365 488
f 480 500 485
f 479 500 480
f 898 499 472
f 493 494 471
f 491 492 467
f 486 484 489
f 487 486 490
f 484 483 488
f 454 490 457
f 463 482 487
f 481 485 484
f 482 481 486
f 485 502 483
f 463 480 481
f 462 479 463
f 478 477 460
f 460 477 476
f 476 477 475
f 477 478 475
f 474 473 499
f 473 472 499
f 459 470 499
f 469 471 473
f 470 469 474
f 471 494 472
f 459 468 470
f 467 492 471
f 468 467 469
f 466 491 459
f 453 465 466
f 453 364 464
f 462 463 490
f 461 478 460
f 515 316 514
f 513 516 515
f 517 518 515
f 532 519 615
f 519 520 510
f 521 512 514
f 522 513 512
f 521 523 522
f 524 525 522
f 525 516 513
f 526 527 528
f 529 530 525
f 527 529 524
f 530 517 516
f 519 532 799
f 520 799 798
f 524 523 533
f 528 533 534
f 534 535 528
f 535 534 536
f 536 537 535
f 536 538 537
f 526 539 540
f 540 541 526
f 535 537 539
f 539 526 535
f 328 542 543
f 526 541 542
f 542 328 526
f 527 526 329
f 329 327 527
f 529 527 326
f 326 325 529
f 530 529 324
f 324 323 530
f 517 530 322
f 322 321 517
f 518 517 320
f 320 316 518
f 321 320 517
f 323 322 530
f 325 324 529
f 327 326 527
f 328 329 526
f 533 528 524
f 520 519 799
f 516 525 530
f 524 528 527
f 525 524 529
f 528 535 526
f 316 515 518
f 513 522 525
f 522 523 524
f 512 521 522
f 510 520 511
f 531 674 532
f 671 674 531
f 515 516 517
f 514 513 515
f 514 512 513
f 510 615 519
f 407 406 544
f 544 406 545
f 550 562 578
f 554 547 553
f 555 548 547
f 556 557 555
f 576 556 554
f 557 549 548
f 576 1334 549
f 577 560 558
f 563 550 578
f 564 551 550
f 565 566 564
f 567 568 569
f 570 571 566
f 568 570 565
f 571 552 551
f 572 573 568
f 574 552 571
f 573 574 570
f 546 575 545
f 546 406 1121
f 1334 576 1331
f 565 563 579
f 569 579 580
f 580 581 569
f 582 583 584
f 584 585 582
f 581 580 584
f 584 586 581
f 584 583 586
f 580 585 584
f 567 581 587
f 587 590 567
f 581 586 588
f 588 587 581
f 590 572 567
f 590 589 572
f 573 572 403
f 403 574 573
f 552 574 403
f 589 403 572
f 579 569 565
f 570 568 573
f 571 570 574
f 568 567 572
f 591 552 403
f 551 566 571
f 565 569 568
f 566 565 570
f 569 581 567
f 551 564 566
f 564 563 565
f 550 563 564
f 561 1107 562
f 1107 561 560
f 561 558 560
f 558 561 559
f 558 559 608
f 558 549 1334
f 558 608 549
f 549 557 576
f 557 556 576
f 548 555 557
f 555 554 556
f 549 553 547
f 547 548 549
f 547 554 555
f 546 545 406
f 591 551 552
f 562 551 591
f 562 550 551
f 592 591 593
f 591 403 593
f 593 405 301
f 593 404 405
f 593 403 404
f 366 597 594
f 595 594 597
f 595 366 594
f 595 597 596
f 595 596 614
f 300 595 614
f 602 1329 603
f 599 606 605
f 599 605 601
f 603 1329 604
f 603 599 602
f 599 600 602
f 600 601 602
f 599 601 600
f 453 466 610
f 610 466 478
f 609 610 478
f 611 609 462
f 609 478 462
f 611 457 456
f 611 454 457
f 575 609 611
f 606 561 562
f 591 592 612
f 606 562 598
f 608 599 607
f 615 453 610
f 615 613 453
f 449 299 298
f 531 615 610
f 614 598 562
f 559 561 599
f 608 559 599
f 553 549 609
f 575 553 609
f 545 575 611
f 462 454 611
f 364 453 613
f 297 364 613
f 298 297 613
f 591 612 562
f 612 614 562
f 561 606 599
f 609 549 610
f 610 549 608
f 608 607 632
f 617 671 531
f 532 615 531
f 510 511 615
f 615 511 514
f 316 448 613
f 613 514 316
f 514 613 615
f 610 617 531
f 614 596 598
f 605 606 598
f 607 599 603
f 607 604 632
f 603 604 607
f 632 604 631
f 619 680 616
f 626 628 627
f 629 630 627
f 604 621 631
f 632 648 622
f 648 1555 622
f 1555 633 634
f 634 637 635
f 635 636 623
f 636 637 623
f 639 625 624
f 638 626 625
f 640 641 638
f 641 628 626
f 642 643 644
f 645 646 641
f 643 645 640
f 646 629 628
f 668 620 625
f 618 625 620
f 1515 623 637
f 1515 624 623
f 640 639 649
f 644 649 650
f 650 651 644
f 652 653 654
f 654 655 652
f 651 656 655
f 651 650 656
f 655 654 651
f 654 653 651
f 642 657 658
f 658 659 642
f 651 653 657
f 657 642 651
f 660 661 903
f 642 659 661
f 661 660 642
f 643 642 663
f 663 662 643
f 645 643 664
f 646 645 665
f 665 676 646
f 629 646 666
f 666 667 629
f 630 629 669
f 669 668 630
f 667 669 629
f 676 666 646
f 664 665 645
f 662 664 643
f 660 663 642
f 649 644 640
f 637 634 633
f 1555 648 647
f 618 624 625
f 625 630 668
f 628 641 646
f 640 644 643
f 641 640 645
f 644 651 642
f 625 627 630
f 626 638 641
f 638 639 640
f 625 639 638
f 624 635 623
f 636 635 637
f 635 622 634
f 632 622 635
f 634 622 1555
f 647 648 604
f 632 631 648
f 604 648 621
f 627 628 629
f 625 626 627
f 648 631 621
f 1431 670 2002
f 616 672 2002
f 672 616 680
f 617 2002 670
f 674 671 617
f 617 673 674
f 670 2065 673
f 670 673 617
f 1431 2002 2061
f 2002 672 2061
f 676 620 668
f 668 669 676
f 676 667 666
f 665 664 676
f 903 663 660
f 662 663 903
f 903 676 662
f 664 662 676
f 669 667 676
f 676 903 677
f 676 677 620
f 619 678 679
f 680 619 679
f 683 23 318
f 318 319 543
f 681 318 1328
f 23 319 318
f 296 23 683
f 318 681 683
f 349 686 348
f 686 688 348
f 349 346 345
f 345 685 349
f 685 344 342
f 342 343 685
f 348 347 349
f 684 686 687
f 687 343 683
f 687 685 343
f 687 349 685
f 686 349 687
f 464 689 883
f 464 364 689
f 363 40 689
f 703 883 689
f 364 363 689
f 694 692 691
f 690 694 691
f 695 694 690
f 696 361 693
f 693 359 360
f 697 360 358
f 360 357 358
f 697 355 353
f 697 362 698
f 699 692 694
f 700 691 692
f 691 701 702
f 690 689 695
f 698 694 697
f 697 353 362
f 358 356 697
f 360 694 693
f 694 695 696
f 694 696 693
f 697 694 360
f 702 689 690
f 690 691 702
f 703 689 702
f 707 704 705
f 354 704 707
f 352 351 705
f 704 354 352
f 705 704 352
f 705 350 688
f 351 350 705
f 707 362 354
f 705 688 707
f 894 706 709
f 688 710 708
f 686 684 710
f 688 686 710
f 708 707 688
f 893 894 709
f 899 781 706
f 706 781 709
f 772 781 899
f 716 701 691
f 717 702 701
f 701 716 717
f 716 691 700
f 711 692 699
f 711 700 692
f 715 694 698
f 715 699 694
f 707 718 362
f 718 698 362
f 707 870 718
f 714 870 707
f 899 713 708
f 707 708 713
f 698 718 715
f 699 715 711
f 700 711 716
f 717 703 702
f 870 717 716
f 870 711 715
f 715 718 870
f 713 870 714
f 713 714 707
f 713 899 871
f 899 712 871
f 870 716 711
f 792 681 726
f 792 726 720
f 721 722 681
f 719 723 721
f 726 681 722
f 722 724 726
f 720 727 728
f 720 726 727
f 720 729 792
f 683 684 687
f 730 719 682
f 730 723 719
f 681 682 719
f 683 681 792
f 710 684 792
f 724 725 726
f 681 719 721
f 684 683 792
f 731 732 733
f 734 733 735
f 736 735 737
f 738 737 739
f 740 741 739
f 742 740 743
f 744 742 745
f 746 747 748
f 732 746 749
f 750 751 752
f 753 750 754
f 751 731 734
f 749 748 755
f 733 749 756
f 754 752 757
f 758 754 759
f 752 734 736
f 756 755 760
f 735 756 761
f 759 757 762
f 763 759 764
f 757 736 738
f 761 760 765
f 737 761 766
f 764 762 767
f 768 764 769
f 762 738 741
f 770 766 765
f 743 739 766
f 771 769 767
f 773 767 741
f 774 770 775
f 745 743 770
f 776 771 773
f 781 772 771
f 777 773 740
f 778 774 798
f 779 745 774
f 780 776 777
f 782 777 742
f 783 778 784
f 784 800 783
f 779 778 785
f 785 786 779
f 787 744 779
f 788 782 744
f 744 787 788
f 789 780 782
f 782 790 789
f 781 780 888
f 888 709 781
f 768 772 708
f 763 768 708
f 763 708 791
f 791 758 763
f 791 710 758
f 753 710 792
f 710 753 758
f 753 792 729
f 728 727 751
f 750 729 720
f 720 728 750
f 727 726 731
f 725 724 732
f 731 726 725
f 732 724 722
f 721 723 747
f 747 746 721
f 723 730 747
f 746 722 721
f 747 730 793
f 730 682 793
f 747 796 794
f 794 748 747
f 794 795 748
f 755 748 795
f 755 795 797
f 797 760 755
f 765 760 1333
f 760 797 1333
f 1333 775 765
f 775 511 798
f 798 800 784
f 798 799 800
f 1333 511 775
f 793 796 747
f 722 746 732
f 732 731 725
f 731 751 727
f 751 750 728
f 729 750 753
f 789 888 780
f 788 790 782
f 779 786 787
f 783 785 778
f 742 744 782
f 776 780 781
f 777 782 780
f 774 778 779
f 798 784 778
f 740 742 777
f 771 776 781
f 773 777 776
f 770 774 745
f 775 798 774
f 741 740 773
f 769 771 772
f 767 773 771
f 766 770 743
f 765 775 770
f 741 767 762
f 769 772 768
f 767 769 764
f 766 739 737
f 765 766 761
f 738 762 757
f 764 768 763
f 762 764 759
f 761 737 735
f 760 761 756
f 736 757 752
f 759 763 758
f 757 759 754
f 756 735 733
f 755 756 749
f 734 752 751
f 754 758 753
f 752 754 750
f 749 733 732
f 748 749 746
f 745 779 744
f 743 745 742
f 739 743 740
f 739 741 738
f 737 738 736
f 735 736 734
f 733 734 731
f 804 805 806
f 806 802 804
f 801 802 807
f 802 808 807
f 883 809 811
f 809 812 811
f 703 803 883
f 803 809 883
f 801 812 809
f 807 810 801
f 803 813 804
f 804 802 803
f 802 801 803
f 801 809 803
f 814 815 816
f 817 816 818
f 819 818 820
f 821 822 820
f 823 821 824
f 825 823 826
f 827 825 828
f 829 830 831
f 815 829 832
f 833 834 835
f 836 833 837
f 834 814 817
f 832 831 838
f 816 832 839
f 837 835 840
f 841 837 842
f 835 817 819
f 839 838 843
f 818 839 844
f 842 840 845
f 846 842 847
f 840 819 822
f 848 844 843
f 824 820 844
f 849 847 845
f 850 851 847
f 852 845 822
f 853 848 854
f 826 824 848
f 855 849 852
f 856 850 849
f 857 852 821
f 858 853 859
f 828 826 853
f 860 855 857
f 861 856 855
f 862 857 823
f 863 858 864
f 865 828 858
f 866 860 862
f 867 861 860
f 868 862 825
f 812 863 869
f 869 811 812
f 812 801 863
f 865 863 810
f 808 827 865
f 865 807 808
f 806 868 827
f 866 805 804
f 805 866 868
f 868 806 805
f 867 866 813
f 717 867 803
f 861 867 870
f 867 717 870
f 856 870 713
f 870 856 861
f 850 856 713
f 851 713 871
f 713 851 850
f 846 851 871
f 841 846 871
f 836 841 871
f 836 712 872
f 872 833 836
f 872 886 833
f 873 874 834
f 833 886 873
f 834 874 875
f 875 814 834
f 875 876 814
f 876 877 815
f 815 877 878
f 878 829 815
f 878 879 829
f 879 892 830
f 892 465 830
f 465 831 830
f 465 880 831
f 880 838 831
f 843 838 881
f 838 880 881
f 881 854 843
f 854 881 882
f 859 854 882
f 864 859 453
f 859 882 453
f 869 864 883
f 864 453 883
f 883 811 869
f 830 829 879
f 815 814 876
f 834 833 873
f 871 712 836
f 813 803 867
f 804 813 866
f 827 802 806
f 808 802 827
f 810 807 865
f 801 810 863
f 825 827 868
f 860 866 867
f 862 868 866
f 858 863 865
f 864 869 863
f 823 825 862
f 855 860 861
f 857 862 860
f 853 858 828
f 859 864 858
f 821 823 857
f 849 855 856
f 852 857 855
f 848 853 826
f 854 859 853
f 822 821 852
f 847 849 850
f 845 852 849
f 844 848 824
f 843 854 848
f 822 845 840
f 847 851 846
f 845 847 842
f 844 820 818
f 843 844 839
f 819 840 835
f 842 846 841
f 840 842 837
f 839 818 816
f 838 839 832
f 817 835 834
f 837 841 836
f 835 837 833
f 832 816 815
f 831 832 829
f 828 865 827
f 826 828 825
f 824 826 823
f 820 824 821
f 820 822 819
f 818 819 817
f 816 817 814
f 892 890 898
f 890 712 898
f 879 878 885
f 885 878 877
f 877 890 885
f 877 876 890
f 876 875 889
f 889 874 873
f 889 875 874
f 890 873 886
f 886 872 712
f 887 789 790
f 789 887 888
f 787 786 887
f 785 800 786
f 799 786 800
f 785 783 800
f 887 788 787
f 790 788 887
f 873 890 889
f 889 890 876
f 885 892 879
f 884 888 786
f 888 887 786
f 712 890 886
f 890 892 885
f 803 703 717
f 884 894 888
f 894 893 888
f 709 888 893
f 708 710 791
f 899 708 772
f 898 706 895
f 896 894 884
f 896 884 895
f 706 712 899
f 897 706 894
f 706 897 895
f 897 896 895
f 706 898 712
f 897 894 896
f 680 1433 1413
f 680 679 1433
f 2088 1433 679
f 900 1433 2088
f 902 675 901
f 904 901 2063
f 904 902 901
f 903 2063 901
f 901 677 903
f 675 677 901
f 906 905 367
f 596 367 905
f 308 398 397
f 397 907 908
f 907 396 395
f 908 394 392
f 400 399 308
f 38 400 308
f 392 393 908
f 908 907 395
f 397 908 308
f 908 909 308
f 909 906 308
f 910 906 909
f 951 910 909
f 910 951 905
f 905 906 910
f 589 302 405
f 911 913 589
f 405 403 589
f 912 302 589
f 912 913 921
f 912 589 913
f 920 927 918
f 919 921 924
f 919 924 923
f 920 919 925
f 927 920 926
f 918 927 928
f 918 389 388
f 388 915 918
f 914 916 386
f 916 387 385
f 385 386 916
f 914 386 382
f 914 383 916
f 383 912 916
f 384 917 912
f 912 383 384
f 402 304 917
f 917 401 402
f 912 917 305
f 917 304 305
f 384 401 917
f 382 383 914
f 915 387 916
f 391 390 918
f 928 391 918
f 922 924 921
f 921 920 912
f 920 921 919
f 920 916 912
f 920 915 916
f 920 918 915
f 393 391 929
f 931 393 929
f 934 938 1119
f 908 931 1015
f 933 929 938
f 933 932 929
f 929 932 931
f 932 1015 931
f 931 908 393
f 1015 909 908
f 1015 951 909
f 935 936 942
f 939 921 944
f 936 939 942
f 940 941 942
f 942 943 940
f 941 935 942
f 938 944 1077
f 1102 938 1077
f 1102 937 938
f 944 938 929
f 929 942 944
f 943 942 929
f 929 391 943
f 940 943 928
f 928 927 940
f 941 940 926
f 926 920 941
f 935 941 925
f 925 919 935
f 936 935 923
f 923 924 936
f 939 936 922
f 922 921 939
f 924 922 936
f 919 923 935
f 920 925 941
f 927 926 940
f 391 928 943
f 1119 938 937
f 944 942 939
f 1120 1119 937
f 949 951 952
f 953 948 949
f 949 952 953
f 953 954 948
f 945 948 955
f 956 947 945
f 947 956 957
f 957 946 947
f 957 958 946
f 959 905 946
f 946 958 959
f 954 955 948
f 950 905 951
f 950 949 905
f 948 945 949
f 947 946 949
f 946 905 949
f 945 947 949
f 960 961 962
f 963 962 964
f 965 964 966
f 967 968 966
f 969 967 970
f 971 969 972
f 973 971 974
f 975 601 976
f 961 975 977
f 978 979 980
f 981 978 982
f 979 960 963
f 977 976 983
f 962 977 984
f 982 980 985
f 986 982 987
f 980 963 965
f 984 983 988
f 964 984 989
f 987 985 990
f 991 987 992
f 985 965 968
f 993 989 988
f 970 966 989
f 994 992 990
f 995 996 992
f 997 990 968
f 998 993 999
f 972 970 993
f 1000 994 997
f 1001 995 994
f 1002 997 967
f 1003 998 1004
f 974 972 998
f 1005 1000 1002
f 1006 1001 1000
f 1007 1002 969
f 1008 1003 1009
f 1010 974 1003
f 1011 1005 1007
f 1012 1006 1005
f 1013 1007 971
f 959 1008 1014
f 1014 905 959
f 1010 1008 958
f 956 973 1010
f 1010 957 956
f 955 1013 973
f 973 945 955
f 953 1011 1013
f 1013 954 953
f 1012 1011 952
f 952 951 1012
f 1015 1012 951
f 1006 1012 1015
f 1001 932 933
f 1006 1015 932
f 932 1001 1006
f 995 1001 933
f 996 1016 933
f 995 933 1016
f 1016 996 995
f 991 996 933
f 986 991 1017
f 991 933 1017
f 981 986 1017
f 981 934 1018
f 1018 978 981
f 1018 1019 978
f 1020 1021 979
f 978 1019 1020
f 979 1021 1022
f 1022 960 979
f 1022 1023 960
f 1023 1024 961
f 961 1024 1025
f 1025 975 961
f 1025 1026 975
f 1026 1329 601
f 988 983 605
f 983 976 605
f 605 999 988
f 1004 999 605
f 1009 1004 605
f 1014 1009 905
f 1009 1325 905
f 605 1325 1009
f 601 975 1026
f 961 960 1023
f 979 978 1020
f 1017 934 981
f 953 952 1011
f 955 954 1013
f 956 945 973
f 958 957 1010
f 959 958 1008
f 971 973 1013
f 1005 1011 1012
f 1007 1013 1011
f 1003 1008 1010
f 1009 1014 1008
f 969 971 1007
f 1000 1005 1006
f 1002 1007 1005
f 998 1003 974
f 1004 1009 1003
f 967 969 1002
f 994 1000 1001
f 997 1002 1000
f 993 998 972
f 999 1004 998
f 968 967 997
f 992 994 995
f 990 997 994
f 989 993 970
f 988 999 993
f 968 990 985
f 992 996 991
f 990 992 987
f 989 966 964
f 988 989 984
f 965 985 980
f 987 991 986
f 985 987 982
f 984 964 962
f 983 984 977
f 963 980 979
f 982 986 981
f 980 982 978
f 977 962 961
f 976 977 975
f 974 1010 973
f 972 974 971
f 970 972 969
f 966 970 967
f 966 968 965
f 964 965 963
f 962 963 960
f 1027 1035 1029
f 1027 1029 921
f 1030 1031 1027
f 1028 1032 1030
f 1035 1027 1031
f 1031 1033 1035
f 1029 1036 1037
f 1029 1035 1036
f 1029 1038 921
f 1028 1027 911
f 1039 1028 911
f 1039 1032 1028
f 913 911 1027
f 921 913 1027
f 1033 1034 1035
f 1027 1028 1030
f 1040 1041 1042
f 1043 1042 1044
f 1045 1044 1046
f 1047 1046 1048
f 1049 1050 1048
f 1051 1049 1052
f 1053 1051 1054
f 1055 1056 1057
f 1041 1055 1058
f 1059 1060 1061
f 1062 1059 1063
f 1060 1040 1043
f 1058 1057 1064
f 1042 1058 1065
f 1063 1061 1066
f 1067 1063 1068
f 1061 1043 1045
f 1065 1064 1069
f 1044 1065 1070
f 1068 1066 1071
f 1072 1068 1073
f 1066 1045 1047
f 1070 1069 1074
f 1046 1070 1075
f 1073 1071 1076
f 1077 1073 1078
f 1071 1047 1050
f 1079 1075 1074
f 1052 1048 1075
f 1080 1078 1076
f 1102 1077 1078
f 1081 1076 1050
f 1082 1079 1083
f 1054 1052 1079
f 1084 1080 1081
f 1085 1102 1080
f 1086 1081 1049
f 1087 1082 1088
f 1089 1054 1082
f 1090 1084 1086
f 1091 1085 1084
f 1092 1086 1051
f 1093 1087 1094
f 1094 1095 1093
f 1089 1087 1096
f 1096 1113 1089
f 1097 1053 1089
f 1098 1092 1053
f 1053 1097 1098
f 1099 1090 1092
f 1092 1100 1099
f 1091 1090 1101
f 1101 1118 1091
f 1085 1091 937
f 1072 944 1103
f 1103 1067 1072
f 1103 944 1067
f 944 1062 1067
f 921 1062 944
f 1062 921 1038
f 1037 1036 1060
f 1059 1038 1029
f 1029 1037 1059
f 1036 1035 1040
f 1034 1033 1041
f 1040 1035 1034
f 1041 1033 1031
f 1030 1032 1056
f 1056 1055 1030
f 1032 1039 1056
f 1055 1031 1030
f 1056 1039 1104
f 1039 911 1104
f 1056 1104 1105
f 1105 1057 1056
f 1105 1106 1057
f 1064 1057 1106
f 1064 1106 1107
f 1107 1069 1064
f 1074 1069 1107
f 1107 1083 1074
f 1107 1088 1083
f 1088 1107 1108
f 1108 1094 1088
f 1108 1109 1094
f 1109 1095 1094
f 1108 560 1109
f 1031 1055 1041
f 1041 1040 1034
f 1040 1060 1036
f 1060 1059 1037
f 1038 1059 1062
f 1077 944 1072
f 937 1102 1085
f 1118 937 1091
f 1099 1101 1090
f 1098 1100 1092
f 1089 1113 1097
f 1093 1096 1087
f 1051 1053 1092
f 1084 1090 1091
f 1086 1092 1090
f 1082 1087 1089
f 1088 1094 1087
f 1049 1051 1086
f 1080 1084 1085
f 1081 1086 1084
f 1079 1082 1054
f 1083 1088 1082
f 1050 1049 1081
f 1078 1080 1102
f 1076 1081 1080
f 1075 1079 1052
f 1074 1083 1079
f 1050 1076 1071
f 1076 1078 1073
f 1075 1048 1046
f 1074 1075 1070
f 1047 1071 1066
f 1073 1077 1072
f 1071 1073 1068
f 1070 1046 1044
f 1069 1070 1065
f 1045 1066 1061
f 1068 1072 1067
f 1066 1068 1063
f 1065 1044 1042
f 1064 1065 1058
f 1043 1061 1060
f 1063 1067 1062
f 1061 1063 1059
f 1058 1042 1041
f 1057 1058 1055
f 1054 1089 1053
f 1052 1054 1051
f 1048 1052 1049
f 1048 1050 1047
f 1046 1047 1045
f 1044 1045 1043
f 1042 1043 1040
f 1329 1115 1116
f 1026 1025 1110
f 1110 1025 1024
f 1024 1115 1110
f 1024 1023 1115
f 1023 1022 1114
f 1114 1021 1020
f 1114 1022 1021
f 1115 1020 1019
f 1019 1018 934
f 1111 1099 1100
f 1099 1111 1112
f 1112 1101 1099
f 1097 1113 1111
f 1096 1095 1113
f 1095 1109 1113
f 1113 1109 560
f 1096 1093 1095
f 1111 1098 1097
f 1100 1098 1111
f 1101 1112 1118
f 934 1116 1019
f 1020 1115 1114
f 1114 1115 1023
f 1110 1329 1026
f 1116 1330 1329
f 1330 1116 1117
f 1117 1112 560
f 560 1112 1113
f 1117 1118 1112
f 1112 1111 1113
f 1116 1115 1019
f 1115 1329 1110
f 938 934 1017
f 933 938 1017
f 949 950 951
f 1119 1117 1116
f 1118 1120 937
f 930 934 1119
f 1118 1119 1120
f 1119 1118 1117
f 1116 934 930
f 930 1119 1116
f 407 1122 1121
f 1157 1122 407
f 1123 1125 1134
f 1154 1125 1124
f 440 1129 1133
f 1133 1126 1132
f 1135 442 443
f 443 441 440
f 440 439 1130
f 1130 439 438
f 436 434 1129
f 1129 437 436
f 313 444 1135
f 1128 1129 434
f 1129 1130 438
f 1134 1135 443
f 1133 1134 443
f 1133 443 440
f 1132 1134 1133
f 1131 1134 1132
f 1129 440 1130
f 1129 1128 1133
f 1127 1133 1128
f 1125 1154 1157
f 1125 1157 1134
f 1139 310 1137
f 1139 1137 1138
f 1139 1142 310
f 1138 1137 365
f 310 1142 28
f 1142 1139 1319
f 430 1143 429
f 1143 1158 429
f 430 427 426
f 426 1142 430
f 1140 425 423
f 423 424 1140
f 1140 424 422
f 1141 445 312
f 422 1141 1140
f 426 1140 1142
f 429 428 430
f 1143 430 1142
f 1142 1140 1141
f 1147 1144 1145
f 1147 1158 1318
f 435 1144 1147
f 433 432 1145
f 1144 435 433
f 1145 1144 433
f 1145 431 1158
f 432 431 1145
f 1147 1128 435
f 1145 1158 1147
f 1154 1152 1156
f 1152 1154 1124
f 1151 1125 1123
f 1151 1124 1125
f 1153 1134 1131
f 1153 1123 1134
f 1148 1132 1126
f 1148 1131 1132
f 1150 1133 1127
f 1150 1126 1133
f 1147 1155 1128
f 1155 1127 1128
f 1147 1227 1155
f 1149 1227 1147
f 1159 1149 1147
f 1127 1155 1150
f 1126 1150 1148
f 1131 1148 1153
f 1123 1153 1151
f 1124 1151 1152
f 1156 1157 1154
f 1227 1151 1153
f 1227 1156 1152
f 1227 1152 1151
f 1227 1148 1150
f 1150 1155 1227
f 1159 1146 1149
f 1146 1354 1205
f 1353 1354 1146
f 1227 1153 1148
f 1143 1319 1318
f 1158 1143 1318
f 1143 1142 1319
f 1159 1147 1318
f 1353 1146 1159
f 1161 1343 1160
f 1159 1161 1353
f 1353 1161 1160
f 1164 1165 1166
f 1166 1163 1164
f 1162 1163 1167
f 1163 1168 1167
f 1122 1169 1171
f 1169 1172 1171
f 1136 1164 1122
f 1122 1157 1136
f 1164 1169 1122
f 1162 1172 1169
f 1167 1170 1162
f 1136 1173 1164
f 1163 1162 1164
f 1162 1169 1164
f 1174 1175 1176
f 1177 1176 1178
f 1179 1178 1180
f 1181 1182 1180
f 1183 1181 1184
f 1185 1183 1186
f 1187 1185 1188
f 1189 1335 1190
f 1175 1189 1191
f 1192 1193 1194
f 1195 1192 1196
f 1193 1174 1177
f 1191 1190 1197
f 1176 1191 1198
f 1196 1194 1199
f 1200 1196 1201
f 1194 1177 1179
f 1198 1197 1202
f 1178 1198 1203
f 1201 1199 1204
f 1205 1201 1206
f 1199 1179 1182
f 1207 1203 1202
f 1184 1180 1203
f 1208 1206 1204
f 1149 1146 1206
f 1209 1204 1182
f 1210 1207 1211
f 1186 1184 1207
f 1212 1208 1209
f 1213 1149 1208
f 1214 1209 1181
f 1215 1210 1216
f 1188 1186 1210
f 1217 1212 1214
f 1218 1213 1212
f 1219 1214 1183
f 1220 1215 1221
f 1222 1188 1215
f 1223 1217 1219
f 1224 1218 1217
f 1225 1219 1185
f 1172 1220 1226
f 1226 1171 1172
f 1172 1162 1220
f 1222 1220 1170
f 1168 1187 1222
f 1222 1167 1168
f 1166 1225 1187
f 1223 1165 1164
f 1165 1223 1225
f 1225 1166 1165
f 1224 1223 1173
f 1136 1156 1224
f 1218 1224 1156
f 1213 1227 1149
f 1227 1213 1218
f 1195 1200 1205
f 1195 1354 1228
f 1228 1192 1195
f 1228 1341 1192
f 1229 1230 1193
f 1192 1341 1229
f 1193 1230 1231
f 1231 1174 1193
f 1231 1232 1174
f 1232 1233 1175
f 1175 1233 1234
f 1234 1189 1175
f 1234 1235 1189
f 553 1190 1335
f 553 1236 1190
f 1197 1190 1236
f 1202 1197 1236
f 1236 1211 1202
f 1211 1236 1237
f 1216 1211 1237
f 1221 1216 1122
f 1216 1237 1122
f 1226 1221 1238
f 1221 1122 1238
f 1171 1238 1122
f 1238 1171 1226
f 1335 1189 1235
f 1175 1174 1232
f 1193 1192 1229
f 1205 1354 1195
f 1156 1227 1218
f 1173 1136 1224
f 1164 1173 1223
f 1187 1163 1166
f 1168 1163 1187
f 1170 1167 1222
f 1162 1170 1220
f 1185 1187 1225
f 1217 1223 1224
f 1219 1225 1223
f 1215 1220 1222
f 1221 1226 1220
f 1183 1185 1219
f 1212 1217 1218
f 1214 1219 1217
f 1210 1215 1188
f 1216 1221 1215
f 1181 1183 1214
f 1208 1212 1213
f 1209 1214 1212
f 1207 1210 1186
f 1211 1216 1210
f 1182 1181 1209
f 1206 1208 1149
f 1204 1209 1208
f 1203 1207 1184
f 1202 1211 1207
f 1182 1204 1199
f 1206 1146 1205
f 1204 1206 1201
f 1203 1180 1178
f 1202 1203 1198
f 1179 1199 1194
f 1201 1205 1200
f 1199 1201 1196
f 1198 1178 1176
f 1197 1198 1191
f 1177 1194 1193
f 1196 1200 1195
f 1194 1196 1192
f 1191 1176 1175
f 1190 1191 1189
f 1188 1222 1187
f 1186 1188 1185
f 1184 1186 1183
f 1180 1184 1181
f 1180 1182 1179
f 1178 1179 1177
f 1176 1177 1174
f 1240 1248 1242
f 1240 1242 1319
f 1243 1244 1240
f 1241 1245 1243
f 1248 1240 1244
f 1244 1246 1248
f 1242 1249 1250
f 1242 1248 1249
f 1242 1251 1319
f 1239 1319 1139
f 1241 1240 1139
f 1252 1241 1139
f 1252 1245 1241
f 1139 1240 1239
f 1246 1247 1248
f 1240 1241 1243
f 1319 1239 1240
f 1253 1254 1255
f 1256 1255 1257
f 1258 1257 1259
f 1260 1259 1261
f 1262 1263 1261
f 1264 1262 1265
f 1266 1264 1267
f 1268 1269 1270
f 1254 1268 1271
f 1272 1273 1274
f 1275 1272 1276
f 1273 1253 1256
f 1271 1270 1277
f 1255 1271 1278
f 1276 1274 1279
f 1280 1276 1281
f 1274 1256 1258
f 1278 1277 1282
f 1257 1278 1283
f 1281 1279 1284
f 1285 1281 1286
f 1279 1258 1260
f 1283 1282 1287
f 1259 1283 1288
f 1286 1284 1289
f 1290 1286 1291
f 1284 1260 1263
f 1292 1288 1287
f 1265 1261 1288
f 1293 1291 1289
f 1294 1159 1291
f 1295 1289 1263
f 1296 1292 1297
f 1267 1265 1292
f 1298 1293 1295
f 1299 1294 1293
f 1300 1295 1262
f 1301 1296 1302
f 1303 1267 1296
f 1304 1298 1300
f 1305 1299 1298
f 1306 1300 1264
f 1307 1301 1308
f 1308 1309 1307
f 1303 1301 1310
f 1310 1311 1303
f 1312 1266 1303
f 1313 1306 1266
f 1266 1312 1313
f 1314 1304 1306
f 1306 1315 1314
f 1305 1304 1316
f 1316 1343 1305
f 1299 1305 1161
f 1161 1294 1299
f 1285 1290 1317
f 1290 1159 1317
f 1318 1280 1285
f 1318 1275 1280
f 1275 1318 1319
f 1275 1319 1251
f 1250 1249 1273
f 1272 1251 1242
f 1242 1250 1272
f 1249 1248 1253
f 1247 1246 1254
f 1253 1248 1247
f 1254 1246 1244
f 1243 1245 1269
f 1269 1268 1243
f 1245 1252 1269
f 1268 1244 1243
f 1269 1252 1320
f 1252 1139 1320
f 1269 1323 1321
f 1321 1270 1269
f 1321 1322 1270
f 1277 1270 1322
f 1277 1322 461
f 461 1282 1277
f 1287 1282 1324
f 1282 461 1324
f 1324 1297 1287
f 460 1302 1297
f 460 1308 1302
f 460 1309 1308
f 1324 460 1297
f 1320 1323 1269
f 1244 1268 1254
f 1254 1253 1247
f 1253 1273 1249
f 1273 1272 1250
f 1251 1272 1275
f 1317 1318 1285
f 1161 1159 1294
f 1343 1161 1305
f 1314 1316 1304
f 1313 1315 1306
f 1303 1311 1312
f 1307 1310 1301
f 1264 1266 1306
f 1298 1304 1305
f 1300 1306 1304
f 1296 1301 1303
f 1302 1308 1301
f 1262 1264 1300
f 1293 1298 1299
f 1295 1300 1298
f 1292 1296 1267
f 1297 1302 1296
f 1263 1262 1295
f 1291 1293 1294
f 1289 1295 1293
f 1288 1292 1265
f 1287 1297 1292
f 1263 1289 1284
f 1291 1159 1290
f 1289 1291 1286
f 1288 1261 1259
f 1287 1288 1283
f 1260 1284 1279
f 1286 1290 1285
f 1284 1286 1281
f 1283 1259 1257
f 1282 1283 1278
f 1258 1279 1274
f 1281 1285 1280
f 1279 1281 1276
f 1278 1257 1255
f 1277 1278 1271
f 1256 1274 1273
f 1276 1280 1275
f 1274 1276 1272
f 1271 1255 1254
f 1270 1271 1268
f 1267 1303 1266
f 1265 1267 1264
f 1261 1265 1262
f 1261 1263 1260
f 1259 1260 1258
f 1257 1258 1256
f 1255 1256 1253
f 1327 1333 797
f 1327 797 795
f 1327 794 796
f 1327 793 682
f 1327 681 1328
f 1327 682 681
f 318 543 542
f 1328 542 541
f 541 540 1328
f 1327 1328 538
f 1328 539 537
f 537 538 1328
f 1327 536 534
f 1327 523 521
f 533 523 1327
f 1333 1327 514
f 1327 521 514
f 1333 514 511
f 798 511 520
f 1329 1330 604
f 601 1329 602
f 1325 605 598
f 601 605 976
f 1117 560 1330
f 563 578 1107
f 1326 563 1106
f 563 1107 1106
f 1326 1105 1104
f 1326 1104 911
f 1326 911 590
f 911 589 590
f 1326 588 586
f 1326 587 588
f 583 582 1326
f 1326 579 563
f 1326 585 580
f 580 579 1326
f 562 1107 578
f 1108 1107 560
f 1330 560 577
f 1334 577 558
f 576 554 1331
f 554 553 1331
f 1237 553 575
f 1122 575 546
f 1121 1122 546
f 575 1122 1237
f 553 1237 1236
f 1332 1331 1349
f 1339 1336 1332
f 1337 461 1322
f 1138 1337 1322
f 1138 1321 1323
f 1138 1320 1139
f 1138 508 509
f 1138 507 504
f 1138 506 507
f 504 505 1138
f 505 1337 1138
f 461 1337 479
f 1337 503 501
f 501 500 1337
f 500 479 1337
f 460 476 1332
f 898 475 499
f 898 476 475
f 1338 898 496
f 898 498 496
f 496 497 1338
f 465 1338 491
f 1338 495 493
f 493 492 1338
f 492 491 1338
f 465 453 882
f 453 464 883
f 880 465 882
f 892 898 1338
f 898 884 891
f 898 895 884
f 799 884 786
f 884 799 891
f 465 892 1338
f 881 880 882
f 497 495 1338
f 505 503 1337
f 1323 1320 1138
f 1322 1321 1138
f 460 1324 461
f 553 1335 1331
f 582 585 1326
f 586 583 1326
f 590 587 1326
f 1106 1105 1326
f 596 905 1325
f 598 596 1325
f 577 1334 1330
f 534 533 1327
f 538 536 1327
f 540 539 1328
f 542 1328 318
f 796 793 1327
f 795 794 1327
f 799 532 891
f 1311 1336 1343
f 1335 1340 1346
f 1235 1234 1340
f 1340 1234 1233
f 1233 1346 1340
f 1233 1232 1346
f 1232 1231 1345
f 1345 1230 1229
f 1345 1231 1230
f 1346 1229 1341
f 1344 1341 1354
f 1341 1228 1354
f 1342 1314 1315
f 1314 1342 1343
f 1343 1316 1314
f 1312 1311 1342
f 1310 1309 1311
f 1336 1311 1309
f 1309 460 1332
f 1332 1336 1309
f 1349 1339 1332
f 1310 1307 1309
f 1342 1313 1312
f 1315 1313 1342
f 1229 1346 1345
f 1345 1346 1232
f 1340 1335 1235
f 1344 1335 1346
f 1344 1331 1335
f 1344 1349 1331
f 1339 1343 1336
f 1339 1347 1343
f 1343 1342 1311
f 1344 1346 1341
f 1157 1156 1136
f 1348 1160 1343
f 1347 1348 1343
f 1339 1349 1348
f 1348 1347 1339
f 1318 1317 1159
f 1353 1349 1350
f 1352 1349 1353
f 1353 1348 1351
f 1351 1352 1353
f 1350 1344 1353
f 1349 1344 1350
f 1348 1349 1352
f 1353 1160 1348
f 1354 1353 1344
f 1352 1351 1348
f 1357 1358 1359
f 1359 1356 1357
f 1355 1356 1360
f 1356 1361 1360
f 1433 1362 1364
f 1362 1365 1364
f 900 1362 1433
f 1355 1365 1362
f 1360 1363 1355
f 900 1366 1357
f 1357 1356 900
f 1356 1355 900
f 1355 1362 900
f 1367 1368 1369
f 1370 1369 1371
f 1372 1371 1373
f 1374 1375 1373
f 1376 1374 1377
f 1378 1376 1379
f 1380 1378 1381
f 1382 1383 1384
f 1368 1382 1385
f 1386 1387 1388
f 1389 1386 1390
f 1387 1367 1370
f 1385 1384 1391
f 1369 1385 1392
f 1390 1388 1393
f 1394 1390 1395
f 1388 1370 1372
f 1392 1391 1396
f 1371 1392 1397
f 1395 1393 1398
f 1393 1372 1375
f 1400 1397 1396
f 1377 1373 1397
f 1401 1399 1398
f 1402 1398 1375
f 1403 1400 1404
f 1379 1377 1400
f 1405 1401 1402
f 2153 1419 1401
f 1406 1402 1374
f 1407 1403 1408
f 1381 1379 1403
f 1409 1405 1406
f 1410 2153 1405
f 1411 1406 1376
f 1412 1407 1413
f 1414 1381 1407
f 1415 1409 1411
f 1416 1410 1409
f 1417 1411 1378
f 1365 1412 1418
f 1418 1364 1365
f 1365 1355 1412
f 1414 1412 1363
f 1361 1380 1414
f 1414 1360 1361
f 1359 1417 1380
f 1415 1358 1357
f 1358 1415 1417
f 1417 1359 1358
f 1416 1415 1366
f 900 2154 1416
f 1410 1416 2154
f 1389 1394 2151
f 1389 2151 1420
f 1420 1386 1389
f 1420 1421 1386
f 1422 1423 1387
f 1386 1421 1422
f 1387 1423 1424
f 1424 1367 1387
f 1424 1425 1367
f 1425 1426 1368
f 1368 1426 1427
f 1427 1382 1368
f 1427 1428 1382
f 1428 1429 1383
f 1429 1431 1383
f 1431 1384 1383
f 1391 1384 1431
f 1396 1391 1430
f 1391 1431 1430
f 1430 1404 1396
f 1404 1430 1431
f 1408 1404 1431
f 1413 1408 1431
f 1418 1413 1432
f 1364 1432 1433
f 1432 1364 1418
f 1383 1382 1428
f 1368 1367 1425
f 1387 1386 1422
f 2154 2153 1410
f 1366 900 1416
f 1357 1366 1415
f 1380 1356 1359
f 1361 1356 1380
f 1363 1360 1414
f 1355 1363 1412
f 1378 1380 1417
f 1409 1415 1416
f 1411 1417 1415
f 1407 1412 1414
f 1413 1418 1412
f 1376 1378 1411
f 1405 1409 1410
f 1406 1411 1409
f 1403 1407 1381
f 1408 1413 1407
f 1374 1376 1406
f 1401 1405 2153
f 1402 1406 1405
f 1400 1403 1379
f 1404 1408 1403
f 1375 1374 1402
f 1399 1401 1419
f 1398 1402 1401
f 1397 1400 1377
f 1396 1404 1400
f 1375 1398 1393
f 1398 1399 1395
f 1397 1373 1371
f 1396 1397 1392
f 1372 1393 1388
f 1395 1399 1394
f 1393 1395 1390
f 1392 1371 1369
f 1391 1392 1385
f 1370 1388 1387
f 1390 1394 1389
f 1388 1390 1386
f 1385 1369 1368
f 1384 1385 1382
f 1381 1414 1380
f 1379 1381 1378
f 1377 1379 1376
f 1373 1377 1374
f 1373 1375 1372
f 1371 1372 1370
f 1369 1370 1367
f 1436 1437 1435
f 1434 1438 1436
f 1441 1435 1437
f 1437 1439 1441
f 1435 1442 1443
f 1435 1441 1442
f 1435 1444 1507
f 1434 1435 904
f 1446 1434 904
f 1446 1438 1434
f 902 904 1435
f 1439 1440 1441
f 1435 1434 1436
f 1445 902 1435
f 1447 1448 1449
f 1450 1449 1451
f 1452 1451 1453
f 1454 1453 1455
f 1456 1457 1455
f 1458 1456 1459
f 1460 1458 1461
f 1462 1463 1464
f 1448 1462 1465
f 1466 1467 1468
f 1469 1466 1470
f 1467 1447 1450
f 1465 1464 1471
f 1449 1465 1472
f 1470 1468 1473
f 1557 1470 1474
f 1468 1450 1452
f 1472 1471 1475
f 1451 1472 1476
f 1474 1473 1477
f 1478 1474 1479
f 1473 1452 1454
f 1476 1475 1480
f 1453 1476 1481
f 1479 1477 1482
f 1478 1479 1483
f 1477 1454 1457
f 1484 1481 1480
f 1459 1455 1481
f 1485 1483 1482
f 1486 1482 1457
f 1487 1484 1488
f 1461 1459 1484
f 1489 1485 1486
f 1491 1486 1456
f 1492 1487 1493
f 1494 1461 1487
f 1495 1489 1491
f 1561 1490 1489
f 1496 1491 1458
f 1497 1492 1498
f 1498 1499 1497
f 1494 1492 1500
f 1500 1501 1494
f 1502 1460 1494
f 1503 1496 1460
f 1460 1502 1503
f 1504 1495 1496
f 1496 1505 1504
f 1561 1495 1506
f 1506 1542 1561
f 1469 1557 1507
f 1469 1507 1444
f 1443 1442 1467
f 1466 1444 1435
f 1435 1443 1466
f 1442 1441 1447
f 1440 1439 1448
f 1447 1441 1440
f 1448 1439 1437
f 1436 1438 1463
f 1463 1462 1436
f 1438 1446 1463
f 1462 1437 1436
f 1463 1446 1508
f 1446 904 1508
f 1463 1511 1509
f 1509 1464 1463
f 1509 1510 1464
f 1471 1464 1510
f 1471 1510 1512
f 1512 1475 1471
f 1480 1475 1513
f 1513 1514 1480
f 1475 1512 1513
f 1514 1488 1480
f 1488 1515 1518
f 1518 1493 1488
f 1493 1518 1516
f 1516 1498 1493
f 1516 1517 1498
f 1498 1517 1519
f 1519 1521 1498
f 1521 1499 1498
f 1519 1520 1521
f 1514 1515 1488
f 1508 1511 1463
f 1437 1462 1448
f 1448 1447 1440
f 1447 1467 1442
f 1467 1466 1443
f 1444 1466 1469
f 1504 1506 1495
f 1503 1505 1496
f 1494 1501 1502
f 1497 1500 1492
f 1458 1460 1496
f 1489 1495 1561
f 1491 1496 1495
f 1487 1492 1494
f 1493 1498 1492
f 1456 1458 1491
f 1485 1489 1490
f 1486 1491 1489
f 1484 1487 1461
f 1488 1493 1487
f 1457 1456 1486
f 1483 1485 1490
f 1482 1486 1485
f 1481 1484 1459
f 1480 1488 1484
f 1457 1482 1477
f 1483 1490 1478
f 1482 1483 1479
f 1481 1455 1453
f 1480 1481 1476
f 1454 1477 1473
f 1477 1479 1474
f 1476 1453 1451
f 1475 1476 1472
f 1452 1473 1468
f 1474 1478 1557
f 1473 1474 1470
f 1472 1451 1449
f 1471 1472 1465
f 1450 1468 1467
f 1470 1557 1469
f 1468 1470 1466
f 1465 1449 1448
f 1464 1465 1462
f 1461 1494 1460
f 1459 1461 1458
f 1455 1459 1456
f 1455 1457 1454
f 1453 1454 1452
f 1451 1452 1450
f 1449 1450 1447
f 1523 902 1445
f 1537 902 1523
f 1527 1524 1525
f 1527 1528 1529
f 1529 1537 1527
f 1530 1531 1532
f 1536 1534 1535
f 1533 1534 1530
f 1537 1531 1530
f 1525 1526 1527
f 1522 1537 1523
f 1523 1527 1522
f 1537 1530 1534
f 1522 1527 1537
f 1557 1445 1507
f 1445 1435 1507
f 1501 1538 1542
f 1543 1556 1545
f 1546 1547 1539
f 1539 1547 1548
f 1548 1545 1539
f 1548 1549 1545
f 1549 1550 1544
f 1544 1551 1552
f 1544 1550 1551
f 1545 1552 1540
f 1540 1553 1594
f 1541 1504 1505
f 1504 1541 1542
f 1542 1506 1504
f 1502 1501 1541
f 1500 1499 1501
f 1554 1501 1499
f 1499 1521 1554
f 1520 1554 1521
f 1520 1555 1554
f 1500 1497 1499
f 1541 1503 1502
f 1505 1503 1541
f 1552 1545 1544
f 1544 1545 1549
f 1539 1556 1546
f 1594 1543 1545
f 1592 1542 1538
f 1538 1501 1554
f 1542 1541 1501
f 1594 1545 1540
f 1545 1556 1539
f 1524 1445 1557
f 1654 1557 1558
f 1523 1445 1524
f 1527 1523 1524
f 1561 1594 1560
f 1490 1558 1478
f 1558 1559 1560
f 1561 1559 1490
f 1478 1558 1557
f 1559 1561 1560
f 1490 1559 1558
f 1562 1563 1564
f 1565 1564 1566
f 1567 1566 1568
f 1569 1568 1570
f 1571 1570 1572
f 1573 1572 1574
f 1575 1534 1533
f 1573 1530 1532
f 1573 1533 1530
f 1571 1532 1531
f 1531 1569 1571
f 1531 1537 1569
f 1569 1537 1529
f 1567 1529 1528
f 1526 1525 1562
f 1565 1528 1527
f 1527 1526 1565
f 1525 1524 1576
f 1576 1562 1525
f 1577 1578 1563
f 1579 1563 1580
f 1563 1578 1580
f 1563 1579 1581
f 1582 1566 1564
f 1564 1581 1582
f 1566 1676 1583
f 1584 1570 1568
f 1568 1583 1584
f 1584 1679 1570
f 1585 1572 1570
f 1570 1679 1585
f 1574 1586 1680
f 1586 1574 1572
f 1572 1587 1586
f 1574 1680 1588
f 1588 1589 1574
f 1588 1681 1589
f 1574 1589 1590
f 1590 1575 1574
f 1575 1535 1534
f 1591 1536 1535
f 1535 1575 1591
f 1590 1591 1575
f 1585 1587 1572
f 1583 1568 1566
f 1582 1676 1566
f 1581 1564 1563
f 1580 1673 1579
f 1563 1562 1577
f 1576 1577 1562
f 1562 1565 1526
f 1528 1565 1567
f 1529 1567 1569
f 1532 1571 1573
f 1533 1573 1575
f 1574 1575 1573
f 1572 1573 1571
f 1570 1571 1569
f 1568 1569 1567
f 1566 1567 1565
f 1564 1565 1562
f 1594 1593 1543
f 1595 1596 1597
f 1598 1597 1599
f 1600 1599 1601
f 1602 1603 1601
f 1604 1602 1605
f 1606 1604 1607
f 1608 1606 1609
f 1610 1611 1612
f 1596 1610 1613
f 1614 1615 1616
f 1617 1614 1618
f 1615 1595 1598
f 1613 1612 1619
f 1597 1613 1620
f 1618 1616 1621
f 1616 1598 1600
f 1620 1619 1623
f 1599 1620 1624
f 1622 1621 1625
f 1621 1600 1603
f 1627 1624 1623
f 1605 1601 1624
f 1632 1626 1625
f 1628 1625 1603
f 1629 1627 1630
f 1607 1605 1627
f 1631 1632 1628
f 1633 1628 1602
f 1634 1629 1650
f 1609 1607 1629
f 1635 1631 1633
f 1663 1632 1631
f 1636 1633 1604
f 1637 1634 1650
f 1638 1609 1634
f 1639 1635 1636
f 1640 1663 1635
f 1641 1636 1606
f 1642 1608 1638
f 1638 1643 1642
f 1644 1641 1608
f 1639 1645 1685
f 1645 1639 1641
f 1641 1644 1645
f 1640 1639 1646
f 1682 1663 1640
f 1594 1617 1622
f 1617 1594 1553
f 1553 1614 1617
f 1553 1540 1614
f 1552 1551 1615
f 1614 1540 1552
f 1615 1551 1550
f 1550 1595 1615
f 1550 1549 1595
f 1549 1548 1596
f 1596 1548 1547
f 1547 1610 1596
f 1547 1546 1610
f 1546 1556 1611
f 1556 1704 1611
f 1704 1612 1611
f 1704 1647 1612
f 1619 1612 1647
f 1619 1647 1648
f 1648 1623 1619
f 1630 1623 1649
f 1623 1648 1649
f 1630 1649 1650
f 1611 1610 1546
f 1596 1595 1549
f 1615 1614 1552
f 1646 1682 1640
f 1685 1646 1639
f 1608 1684 1644
f 1642 1684 1608
f 1637 1643 1638
f 1606 1608 1641
f 1635 1639 1640
f 1636 1641 1639
f 1634 1637 1638
f 1604 1606 1636
f 1631 1635 1663
f 1633 1636 1635
f 1629 1634 1609
f 1602 1604 1633
f 1628 1633 1631
f 1627 1629 1607
f 1630 1650 1629
f 1603 1602 1628
f 1625 1628 1632
f 1624 1627 1605
f 1623 1630 1627
f 1603 1625 1621
f 1625 1626 1622
f 1624 1601 1599
f 1623 1624 1620
f 1600 1621 1616
f 1621 1622 1618
f 1620 1599 1597
f 1619 1620 1613
f 1598 1616 1615
f 1618 1622 1617
f 1616 1618 1614
f 1613 1597 1596
f 1612 1613 1610
f 1609 1638 1608
f 1607 1609 1606
f 1605 1607 1604
f 1601 1605 1602
f 1601 1603 1600
f 1599 1600 1598
f 1597 1598 1595
f 1654 1651 1652
f 1654 1652 1557
f 1622 1558 1560
f 1580 1651 1654
f 1578 1577 1652
f 1651 1580 1578
f 1652 1651 1578
f 1652 1576 1524
f 1524 1557 1652
f 1577 1576 1652
f 1654 1673 1580
f 1560 1594 1657
f 1663 1626 1632
f 1592 1655 1561
f 1542 1592 1561
f 1655 1538 1593
f 1593 1594 1655
f 1594 1561 1655
f 1655 1592 1538
f 1657 1594 1658
f 1594 1622 1658
f 1662 1659 1663
f 1665 1662 1663
f 1662 1667 1666
f 1662 1665 1667
f 1664 1668 1675
f 1661 1666 1668
f 1668 1664 1661
f 1664 1675 1669
f 1656 1678 1670
f 1656 1669 1678
f 1660 1672 1671
f 1660 1670 1672
f 1654 1674 1673
f 1674 1671 1673
f 1654 1659 1674
f 1626 1659 1654
f 1653 1626 1558
f 1657 1622 1560
f 1653 1558 1622
f 1653 1622 1626
f 1675 1665 1682
f 1654 1558 1626
f 1671 1674 1660
f 1670 1660 1656
f 1669 1656 1664
f 1666 1661 1662
f 1675 1667 1665
f 1663 1682 1665
f 1659 1661 1664
f 1659 1662 1661
f 1659 1656 1660
f 1660 1674 1659
f 1626 1663 1659
f 1657 1658 1622
f 1659 1664 1656
f 1667 1668 1666
f 1668 1667 1675
f 1676 1673 1671
f 1676 1670 1678
f 1680 1676 1675
f 1680 1586 1587
f 1587 1585 1679
f 1679 1584 1677
f 1677 1584 1583
f 1581 1579 1676
f 1676 1582 1581
f 1676 1579 1673
f 1681 1588 1680
f 1676 1677 1583
f 1676 1680 1587
f 1676 1587 1679
f 1676 1678 1675
f 1669 1675 1678
f 1676 1679 1677
f 1671 1672 1676
f 1676 1672 1670
f 1682 1683 1675
f 1685 1645 1644
f 1644 1684 1685
f 1637 1684 1643
f 1684 1642 1643
f 1685 1637 1682
f 1682 1646 1685
f 1684 1637 1685
f 1686 1683 1725
f 1675 1683 1686
f 1686 106 1675
f 1725 1683 1637
f 1682 1637 1683
f 1725 1687 1686
f 1725 1688 1689
f 1690 1689 1692
f 1702 1739 1700
f 1688 1726 1692
f 1697 1706 1696
f 1704 1697 1696
f 1728 1699 1824
f 1824 1699 2003
f 1711 1699 1728
f 1712 1700 1699
f 1711 1713 1712
f 1714 1715 1712
f 1715 1701 1700
f 1716 1717 1718
f 1719 1720 1715
f 1717 1719 1714
f 1720 1702 1701
f 1721 1722 1717
f 1723 1724 1720
f 1722 1723 1719
f 1724 1703 1702
f 1704 2252 1705
f 1729 1711 1728
f 1713 1711 1729
f 1718 1714 1713
f 1718 1730 1731
f 1731 1732 1718
f 1732 1733 1734
f 1734 1735 1732
f 1732 1731 1733
f 1716 1732 1736
f 1736 1738 1716
f 1732 1735 1737
f 1737 1736 1732
f 1738 1721 1716
f 1738 1743 1721
f 1722 1721 1739
f 1739 1723 1722
f 1724 1723 1739
f 1739 1703 1724
f 1743 1739 1721
f 1713 1730 1718
f 1729 1730 1713
f 1695 1704 1696
f 1689 1688 1692
f 1702 1720 1724
f 1719 1717 1722
f 1720 1719 1723
f 1717 1716 1721
f 1693 1699 1739
f 1701 1715 1720
f 1714 1718 1717
f 1715 1714 1719
f 1718 1732 1716
f 1699 1700 1739
f 1700 1712 1715
f 1712 1713 1714
f 1693 2003 1699
f 1699 1711 1712
f 1710 1824 1698
f 1824 1708 1698
f 1709 2252 1698
f 1698 1708 1709
f 1709 1706 1707
f 1706 1727 1707
f 1697 1705 1727
f 1697 1704 1705
f 1695 1696 1706
f 1695 1692 1650
f 1692 1726 1650
f 1726 1688 1725
f 1739 1702 1703
f 1700 1701 1702
f 1706 1697 1727
f 1694 1693 1741
f 1742 1740 1694
f 1742 1694 1741
f 1739 1741 1693
f 1743 1741 1739
f 1743 1742 1741
f 1743 1846 114
f 1745 1846 1743
f 1743 1744 1745
f 1743 114 1742
f 1819 1753 1747
f 1748 1749 1819
f 1746 1750 1748
f 1753 1819 1749
f 1749 1751 1753
f 1747 1754 1755
f 1747 1753 1754
f 1747 1756 1819
f 1746 1819 1745
f 1745 1744 1746
f 1757 1746 1744
f 1757 1750 1746
f 1751 1752 1753
f 1819 1746 1748
f 1758 1759 1760
f 1761 1760 1762
f 1763 1762 1764
f 1765 1764 1766
f 1767 1768 1766
f 1769 1767 1770
f 1771 1769 1772
f 1773 1774 1775
f 1759 1773 1776
f 1777 1778 1779
f 1780 1777 1781
f 1778 1758 1761
f 1776 1775 1782
f 1760 1776 1783
f 1781 1779 1784
f 1785 1781 1786
f 1779 1761 1763
f 1783 1782 1787
f 1762 1783 1788
f 1786 1784 1789
f 1790 1786 1791
f 1784 1763 1765
f 1788 1787 1792
f 1764 1788 1793
f 1791 1789 1794
f 1790 1791 1795
f 1789 1765 1768
f 1796 1793 1792
f 1770 1766 1793
f 1797 1795 1794
f 1798 1794 1768
f 1799 1796 1800
f 1772 1770 1796
f 1801 1797 1798
f 1803 1798 1767
f 1804 1799 1805
f 1806 1772 1799
f 1807 1801 1803
f 1808 1802 1801
f 1809 1803 1769
f 1810 1804 1811
f 1811 1826 1810
f 1806 1804 1812
f 1812 1813 1806
f 1814 1771 1806
f 1815 1809 1771
f 1771 1814 1815
f 1816 1807 1809
f 1809 1817 1816
f 1808 1807 1818
f 1780 1785 1819
f 1780 1819 1756
f 1755 1754 1778
f 1777 1756 1747
f 1747 1755 1777
f 1754 1753 1758
f 1752 1751 1759
f 1758 1753 1752
f 1759 1751 1749
f 1748 1750 1774
f 1774 1773 1748
f 1750 1757 1774
f 1773 1749 1748
f 1774 1757 1820
f 1757 1744 1820
f 1774 1823 1821
f 1821 1775 1774
f 1821 1822 1775
f 1782 1775 1822
f 1782 1822 1824
f 1824 1787 1782
f 1792 1787 1824
f 1824 1800 1792
f 1825 1805 1800
f 1825 1811 1805
f 1825 1826 1811
f 1825 1698 1826
f 1824 1825 1800
f 1820 1823 1774
f 1749 1773 1759
f 1759 1758 1752
f 1758 1778 1754
f 1778 1777 1755
f 1756 1777 1780
f 1816 1818 1807
f 1815 1817 1809
f 1806 1813 1814
f 1810 1812 1804
f 1769 1771 1809
f 1801 1807 1808
f 1803 1809 1807
f 1799 1804 1806
f 1805 1811 1804
f 1767 1769 1803
f 1797 1801 1802
f 1798 1803 1801
f 1796 1799 1772
f 1800 1805 1799
f 1768 1767 1798
f 1795 1797 1802
f 1794 1798 1797
f 1793 1796 1770
f 1792 1800 1796
f 1768 1794 1789
f 1795 1802 1790
f 1794 1795 1791
f 1793 1766 1764
f 1792 1793 1788
f 1765 1789 1784
f 1789 1791 1786
f 1788 1764 1762
f 1787 1788 1783
f 1763 1784 1779
f 1786 1790 1785
f 1784 1786 1781
f 1783 1762 1760
f 1782 1783 1776
f 1761 1779 1778
f 1781 1785 1780
f 1779 1781 1777
f 1776 1760 1759
f 1775 1776 1773
f 1772 1806 1771
f 1770 1772 1769
f 1766 1770 1767
f 1766 1768 1765
f 1764 1765 1763
f 1762 1763 1761
f 1760 1761 1758
f 1836 1837 1833
f 1837 1838 1829
f 1829 1838 1839
f 1839 1835 1829
f 1839 1840 1835
f 1840 1841 1834
f 1834 1842 1843
f 1834 1841 1842
f 1835 1843 1830
f 1830 1844 1959
f 1831 1816 1817
f 1816 1831 1832
f 1832 1818 1816
f 1814 1813 1831
f 1812 1826 1813
f 1845 1813 1826
f 1698 1845 1826
f 1828 2038 1833
f 1812 1810 1826
f 1831 1815 1814
f 1817 1815 1831
f 1959 1828 1830
f 1843 1835 1834
f 1834 1835 1840
f 1829 1833 1837
f 1835 1828 1833
f 1896 1832 1827
f 1832 1813 1845
f 1832 1831 1813
f 1828 1835 1830
f 1835 1833 1829
f 1851 1846 1745
f 1851 1745 1819
f 1846 1851 1852
f 1855 1850 1853
f 1855 1856 1857
f 1857 1849 1855
f 1849 1858 1859
f 1859 1847 1849
f 1847 1848 1849
f 1860 1848 1847
f 1853 1854 1855
f 1855 1852 1850
f 1852 1849 1846
f 1852 1855 1849
f 1846 1849 1848
f 1861 1819 1785
f 1862 1785 1790
f 1861 1785 1850
f 1861 1852 1851
f 1851 1819 1861
f 1850 1852 1861
f 1818 1866 1865
f 1802 1863 1790
f 1864 1808 1818
f 1863 1864 1865
f 1808 1864 1802
f 1862 1790 1863
f 1864 1818 1865
f 1802 1864 1863
f 1867 1868 1869
f 1870 1869 1871
f 1872 1871 1873
f 1874 1873 1875
f 1876 1875 1877
f 1878 1877 1879
f 1880 1848 1860
f 1878 1847 1859
f 1878 1860 1847
f 1876 1859 1858
f 1858 1874 1876
f 1858 1849 1874
f 1874 1849 1857
f 1872 1857 1856
f 1854 1853 1867
f 1870 1856 1855
f 1855 1854 1870
f 1853 1850 1881
f 1881 1867 1853
f 1882 1883 1868
f 1884 1868 1885
f 1868 1883 1885
f 1886 1869 1868
f 1868 1884 1886
f 1887 1871 1869
f 1869 1992 1887
f 1888 1873 1871
f 1871 1889 1888
f 1890 1875 1873
f 1873 1891 1890
f 1892 1877 1875
f 1875 1990 1892
f 1879 1893 1894
f 1893 1879 1877
f 1877 1991 1893
f 1880 1879 1895
f 1880 116 1848
f 1880 1895 116
f 1894 1895 1879
f 1892 1991 1877
f 1890 1990 1875
f 1888 1891 1873
f 1887 1889 1871
f 1886 1992 1869
f 1885 1985 1884
f 1868 1867 1882
f 1881 1882 1867
f 1867 1870 1854
f 1856 1870 1872
f 1857 1872 1874
f 1859 1876 1878
f 1860 1878 1880
f 1879 1880 1878
f 1877 1878 1876
f 1875 1876 1874
f 1873 1874 1872
f 1871 1872 1870
f 1869 1870 1867
f 1827 1897 1896
f 1959 1968 1828
f 1968 1897 1827
f 1896 1818 1832
f 1898 1899 1900
f 1901 1900 1902
f 1903 1902 1904
f 1905 1906 1904
f 1907 1905 1908
f 1909 1907 1910
f 1911 1909 1912
f 1913 1914 1915
f 1899 1913 1916
f 1917 1918 1919
f 1920 1917 1921
f 1918 1898 1901
f 1916 1915 1922
f 1900 1916 1923
f 1921 1919 1924
f 1925 1921 1926
f 1919 1901 1903
f 1923 1922 1927
f 1902 1923 1928
f 1926 1924 1929
f 1930 1926 1931
f 1924 1903 1906
f 1932 1928 1927
f 1908 1904 1928
f 1933 1931 1929
f 1934 1966 1931
f 1935 1929 1906
f 1936 1932 1937
f 1910 1908 1932
f 1938 1933 1935
f 1939 1934 1933
f 1940 1935 1905
f 1912 1910 1936
f 1941 1938 1940
f 1942 1939 1938
f 1943 1940 1907
f 1958 2037 2059
f 1944 1912 2037
f 1945 1941 1943
f 1946 1942 1941
f 1947 1943 1909
f 1948 1911 1944
f 1944 1949 1948
f 1950 1947 1911
f 1945 1951 1995
f 1951 1945 1947
f 1947 1950 1951
f 1946 1945 1952
f 1953 1971 1946
f 1942 1946 1971
f 1972 1939 1942
f 1934 1939 1966
f 1939 1972 1966
f 1920 1925 1930
f 1920 1959 1844
f 1844 1917 1920
f 1844 1830 1917
f 1843 1842 1918
f 1917 1830 1843
f 1918 1842 1841
f 1841 1898 1918
f 1841 1840 1898
f 1840 1839 1899
f 1899 1839 1838
f 1838 1913 1899
f 1838 1837 1913
f 1837 1836 1914
f 1836 1833 1954
f 1954 1914 1836
f 1954 2019 1914
f 1833 2038 1954
f 1914 2019 1955
f 1955 1915 1914
f 1955 1956 1915
f 1922 1915 1956
f 1927 1922 1957
f 1922 1956 1957
f 1957 1937 1927
f 1937 1957 2037
f 1914 1913 1837
f 1899 1898 1840
f 1918 1917 1843
f 1930 1959 1920
f 1971 1972 1942
f 1952 1953 1946
f 1995 1952 1945
f 1911 1994 1950
f 1948 1994 1911
f 1958 1949 1944
f 1909 1911 1947
f 1941 1945 1946
f 1943 1947 1945
f 2037 1958 1944
f 1907 1909 1943
f 1938 1941 1942
f 1940 1943 1941
f 1936 2037 1912
f 1905 1907 1940
f 1933 1938 1939
f 1935 1940 1938
f 1932 1936 1910
f 1937 2037 1936
f 1906 1905 1935
f 1931 1933 1934
f 1929 1935 1933
f 1928 1932 1908
f 1927 1937 1932
f 1906 1929 1924
f 1931 1966 1930
f 1929 1931 1926
f 1928 1904 1902
f 1927 1928 1923
f 1903 1924 1919
f 1926 1930 1925
f 1924 1926 1921
f 1923 1902 1900
f 1922 1923 1916
f 1901 1919 1918
f 1921 1925 1920
f 1919 1921 1917
f 1916 1900 1899
f 1915 1916 1913
f 1912 1944 1911
f 1910 1912 1909
f 1908 1910 1907
f 1904 1908 1905
f 1904 1906 1903
f 1902 1903 1901
f 1900 1901 1898
f 1960 1971 1953
f 1964 1961 1962
f 1964 1962 1862
f 1863 1865 1862
f 1866 1963 1865
f 1969 1862 1865
f 1885 1961 1964
f 1883 1882 1962
f 1961 1885 1883
f 1962 1961 1883
f 1962 1881 1785
f 1881 1850 1785
f 1785 1862 1962
f 1882 1881 1962
f 1964 1985 1885
f 1896 1963 1818
f 1965 1896 1897
f 1965 1897 1968
f 1963 1965 1968
f 1866 1818 1963
f 1968 1959 1969
f 1965 1963 1896
f 1975 1972 1976
f 1978 1975 1976
f 1975 1987 1979
f 1975 1978 1987
f 1977 1980 1981
f 1974 1979 1980
f 1980 1977 1974
f 1977 1981 1982
f 1967 1989 1983
f 1967 1982 1989
f 1973 1988 1984
f 1973 1983 1988
f 1964 1986 1985
f 1986 1984 1985
f 1964 1972 1986
f 1970 1972 1964
f 1862 1970 1964
f 1968 1969 1865
f 1969 1959 1930
f 1960 1953 1987
f 1987 1978 1960
f 1976 1971 1960
f 1963 1968 1865
f 1862 1969 1930
f 1984 1986 1973
f 1983 1973 1967
f 1982 1967 1977
f 1979 1974 1975
f 1976 1960 1978
f 1972 1974 1977
f 1971 1976 1972
f 1972 1975 1974
f 1972 1967 1973
f 1973 1986 1972
f 1966 1972 1970
f 1966 1862 1930
f 1966 1970 1862
f 1972 1977 1967
f 1894 1893 1991
f 1991 1892 1990
f 1990 1890 1891
f 1992 1891 1889
f 1891 1888 1889
f 1992 1886 1884
f 1992 1985 1984
f 1993 1992 1988
f 1983 1989 1988
f 1981 1987 1989
f 1987 1980 1979
f 1987 1981 1980
f 1982 1981 1989
f 1984 1988 1992
f 1992 1884 1985
f 1889 1887 1992
f 1891 1993 1990
f 1993 1991 1990
f 1993 1988 1989
f 1992 1993 1891
f 1993 1987 1997
f 1993 1989 1987
f 1995 1951 1950
f 1950 1994 1995
f 1958 1994 1949
f 1994 1948 1949
f 1996 1995 1958
f 1953 1952 1995
f 1953 1995 1996
f 1994 1958 1995
f 1997 1987 1953
f 1953 1996 1997
f 2014 1996 1958
f 1996 1998 1997
f 1997 1998 1993
f 1958 2059 2014
f 1996 2014 1998
f 1998 1999 2000
f 1998 2014 1999
f 1999 2014 2004
f 123 1999 2004
f 2052 616 2002
f 2005 2006 617
f 1690 624 618
f 618 620 1690
f 624 1692 1695
f 1695 1706 624
f 1706 1709 2001
f 1708 1824 2017
f 2004 2017 1693
f 2017 2003 1693
f 2005 1709 2017
f 2002 2006 2052
f 2052 2007 616
f 2005 2251 1709
f 1824 2003 2017
f 1708 2017 1709
f 635 624 1706
f 632 635 1706
f 2002 617 2006
f 624 1690 1692
f 632 1706 2001
f 2005 617 610
f 2017 2004 2036
f 2008 2005 2017
f 2006 2005 2023
f 2021 2023 2005
f 2023 2024 2009
f 2006 2025 2010
f 2036 2018 2017
f 2036 2037 2018
f 2019 2008 2017
f 2009 2010 2025
f 2011 2039 2012
f 2027 2032 2012
f 2028 2029 2030
f 2029 2031 2027
f 2032 2013 2012
f 2033 2034 2029
f 2034 2055 2031
f 2052 2013 2055
f 2026 2011 2052
f 2026 2052 2006
f 2006 2023 2009
f 2020 2021 2005
f 2008 2020 2005
f 2018 2019 2017
f 2036 2004 2014
f 2016 2014 2059
f 2015 2016 2059
f 2035 2036 2015
f 2059 2037 2036
f 2027 2039 2040
f 2030 2040 2041
f 2041 2042 2030
f 2042 2041 2043
f 2043 2044 2042
f 2043 2045 2044
f 2042 2046 2047
f 2047 2028 2042
f 2047 2048 2028
f 2042 2044 2049
f 2049 2046 2042
f 2028 2048 2051
f 2051 2033 2028
f 2051 2050 2033
f 2034 2033 2055
f 2056 2055 2033
f 2050 2056 2033
f 2040 2030 2027
f 2038 2008 2019
f 2013 2032 2055
f 2031 2029 2034
f 2032 2031 2055
f 2029 2028 2033
f 2027 2030 2029
f 2032 2027 2031
f 2030 2042 2028
f 2012 2039 2027
f 2052 2011 2013
f 2006 2009 2025
f 2023 2022 2024
f 2020 2022 2021
f 2036 2016 2015
f 2036 2014 2016
f 2011 2012 2013
f 2010 2009 2024
f 2023 2021 2022
f 2052 2055 2053
f 2052 2053 2054
f 2054 2007 2052
f 2007 2054 2057
f 2056 2054 2055
f 2053 2055 2054
f 2054 2056 2057
f 2058 2228 128
f 2062 2060 2063
f 2060 904 2063
f 2063 661 659
f 659 658 2063
f 2062 2063 652
f 2063 657 653
f 653 652 2063
f 2062 649 639
f 656 650 2062
f 650 649 2062
f 1515 639 624
f 637 633 2064
f 633 1555 2064
f 2252 1555 647
f 647 604 2252
f 2066 532 674
f 2066 673 2065
f 670 1431 2067
f 2061 1413 1431
f 2061 672 1413
f 1413 672 680
f 1413 1433 1432
f 2075 2068 670
f 1429 670 2067
f 2065 670 2068
f 2058 2069 2026
f 2228 2058 2070
f 2071 2072 2073
f 2073 2228 2071
f 128 2056 2050
f 2074 128 2048
f 128 2051 2048
f 128 2050 2051
f 2069 2058 2044
f 2058 2049 2044
f 2058 2074 2046
f 2046 2049 2058
f 2044 2045 2069
f 2026 2069 2039
f 2069 2040 2039
f 2069 2043 2041
f 2041 2040 2069
f 2039 2011 2026
f 2006 2211 2026
f 2006 2010 2211
f 2211 2010 2024
f 2024 2022 2248
f 2037 2019 2018
f 2059 2035 2015
f 2059 2036 2035
f 2019 2037 1956
f 2037 1957 1956
f 2022 1828 1968
f 2038 1828 2022
f 1968 1827 2022
f 2022 1827 2252
f 1698 2252 1827
f 1698 1827 1832
f 1832 1845 1698
f 1823 1824 1822
f 1744 1823 1820
f 1823 1743 1738
f 1823 1736 1737
f 1823 1735 1734
f 1824 1823 1729
f 1823 1731 1730
f 1823 1733 1731
f 1730 1729 1823
f 1824 1729 1728
f 1825 1824 1710
f 1825 1710 1698
f 1709 1707 2252
f 1650 1726 1725
f 1637 1650 1725
f 1695 1650 1649
f 1695 1649 1648
f 1695 1648 1647
f 1704 1695 1647
f 2252 1556 1543
f 2252 1704 1556
f 2252 1593 1538
f 1538 1554 1555
f 2064 1555 1519
f 1555 1520 1519
f 1519 1517 2064
f 2064 1516 1518
f 2064 1518 1515
f 639 1515 1512
f 1515 1513 1512
f 2062 639 1510
f 639 1512 1510
f 2060 2062 1510
f 2060 1509 1511
f 2060 1508 904
f 1511 1508 2060
f 1510 1509 2060
f 1514 1513 1515
f 1517 1516 2064
f 1543 1593 2252
f 1727 1705 2252
f 1707 1727 2252
f 1734 1733 1823
f 1737 1735 1823
f 1738 1736 1823
f 1744 1743 1823
f 1822 1821 1823
f 2019 1954 2038
f 1956 1955 2019
f 2008 2038 2022
f 2020 2008 2022
f 2045 2043 2069
f 2046 2074 2047
f 2048 2047 2074
f 2070 2071 2228
f 2026 2070 2058
f 1431 1429 2067
f 674 673 2066
f 1515 637 2064
f 656 2062 655
f 652 655 2062
f 658 657 2063
f 661 2063 903
f 1555 2252 1538
f 128 2074 2058
f 1429 1428 2075
f 1428 1427 2075
f 2075 1427 1426
f 1425 1424 2078
f 2078 1423 1422
f 2078 1424 1423
f 1421 1420 2151
f 2076 2080 2081
f 2080 2076 2077
f 2077 2079 2080
f 2082 2083 2076
f 2084 2086 2083
f 2024 2083 2086
f 1426 2068 2075
f 1429 2075 670
f 2024 2248 2083
f 2084 2085 2086
f 2076 2087 2082
f 2081 2087 2076
f 1422 1421 2078
f 2078 1426 1425
f 1421 1426 2078
f 1421 2068 1426
f 2068 2247 2065
f 2065 2249 2248
f 2248 2077 2083
f 2077 2076 2083
f 2159 900 2088
f 2095 2093 2090
f 2101 2106 2109
f 2092 2094 2095
f 2093 2095 2094
f 2116 2097 2098
f 2098 2099 2095
f 2095 2100 2101
f 2106 2101 2103
f 2101 2102 2103
f 2109 2104 2108
f 2108 2107 2109
f 2109 2110 2092
f 2111 2094 2092
f 2112 2093 2094
f 2113 2090 2093
f 2090 2115 2089
f 2090 2114 2115
f 2117 2096 2116
f 2113 2114 2090
f 2109 2106 2104
f 2103 2105 2106
f 2101 2109 2095
f 2095 2116 2098
f 2109 2092 2095
f 2090 2091 2095
f 2089 2159 2091
f 2091 2090 2089
f 2159 2088 2091
f 295 126 125
f 125 293 295
f 292 293 125
f 280 151 113
f 113 290 280
f 288 290 110
f 290 111 110
f 289 95 39
f 300 366 595
f 39 68 300
f 300 289 39
f 49 299 449
f 49 169 294
f 189 1993 1998
f 1998 190 189
f 1998 2000 190
f 123 2000 1999
f 2000 123 190
f 2004 292 123
f 280 292 2004
f 1742 183 182
f 1742 182 151
f 1694 1740 151
f 1740 1742 151
f 151 280 1693
f 1693 1694 151
f 280 2004 1693
f 114 183 1742
f 114 1846 1848
f 116 114 1848
f 117 116 1895
f 118 117 1895
f 1993 189 121
f 120 1894 1991
f 1895 1894 120
f 120 118 1895
f 1991 121 120
f 121 1991 1993
f 137 135 2088
f 138 619 616
f 678 619 138
f 679 678 138
f 679 138 168
f 2088 679 168
f 2088 168 137
f 616 294 138
f 616 291 294
f 2007 2057 126
f 128 126 2057
f 126 295 2007
f 295 291 2007
f 131 128 2230
f 134 2120 2119
f 134 131 2120
f 2121 2120 131
f 2230 2121 131
f 2088 2095 2091
f 2088 135 2095
f 2116 2095 135
f 135 2117 2116
f 135 133 2117
f 133 134 2122
f 134 2118 2122
f 2122 2117 133
f 105 1675 106
f 1691 289 288
f 109 1690 1691
f 1689 1690 109
f 1725 1689 109
f 1725 109 108
f 108 1687 1725
f 106 1686 1687
f 108 106 1687
f 1691 288 109
f 98 97 675
f 677 675 95
f 620 677 95
f 97 95 675
f 95 289 620
f 289 1690 620
f 101 98 902
f 100 1536 1591
f 1591 103 100
f 100 102 1536
f 102 1534 1536
f 102 902 1537
f 1537 1534 102
f 105 1681 1680
f 1681 105 104
f 1590 1589 104
f 104 103 1590
f 1589 1681 104
f 1680 1675 105
f 1591 1590 103
f 101 902 102
f 675 902 98
f 1691 1690 289
f 134 2119 2118
f 616 2007 291
f 449 446 49
f 300 287 289
f 110 109 288
f 113 111 290
f 125 123 292
f 169 138 294
f 2123 2124 2125
f 2126 2125 2127
f 2128 2127 2129
f 2130 2129 2131
f 2132 2131 2133
f 2134 2133 2135
f 2136 2121 2137
f 2134 2139 2138
f 2134 2137 2139
f 2132 2138 2140
f 2140 2130 2132
f 2140 2241 2130
f 2130 2241 2141
f 2128 2141 2142
f 2143 2144 2123
f 2126 2142 2242
f 2242 2143 2126
f 2144 2235 2145
f 2145 2123 2144
f 2146 2147 2124
f 2108 2124 2148
f 2124 2147 2148
f 2104 2125 2124
f 2124 2108 2104
f 2105 2127 2125
f 2125 2106 2105
f 2102 2129 2127
f 2127 2103 2102
f 2100 2131 2129
f 2129 2101 2100
f 2099 2133 2131
f 2131 2095 2099
f 2135 2097 2116
f 2097 2135 2133
f 2133 2098 2097
f 2135 2116 2096
f 2096 2122 2135
f 2096 2117 2122
f 2136 2135 2118
f 2135 2122 2118
f 2136 2149 2121
f 2119 2120 2149
f 2149 2136 2119
f 2118 2119 2136
f 2099 2098 2133
f 2100 2095 2131
f 2102 2101 2129
f 2105 2103 2127
f 2104 2106 2125
f 2148 2107 2108
f 2124 2123 2146
f 2145 2146 2123
f 2123 2126 2143
f 2142 2126 2128
f 2141 2128 2130
f 2138 2132 2134
f 2137 2134 2136
f 2135 2136 2134
f 2133 2134 2132
f 2131 2132 2130
f 2129 2130 2128
f 2127 2128 2126
f 2125 2126 2123
f 2159 2157 900
f 2157 2089 2115
f 2157 2159 2089
f 2156 2114 2113
f 2156 2115 2114
f 2158 2093 2112
f 2158 2113 2093
f 2150 2094 2111
f 2150 2112 2094
f 2155 2092 2110
f 2155 2111 2092
f 2246 2160 2107
f 2160 2110 2109
f 2109 2107 2160
f 2246 2154 2160
f 2153 2154 2246
f 1399 2152 1394
f 1399 1419 2161
f 2110 2160 2155
f 2111 2155 2150
f 2112 2150 2158
f 2113 2158 2156
f 2115 2156 2157
f 2154 2156 2158
f 2154 900 2157
f 2154 2157 2156
f 2154 2150 2155
f 2155 2160 2154
f 2246 2161 2153
f 2161 1419 2153
f 1399 2161 2152
f 2154 2158 2150
f 2247 2249 2065
f 2162 2163 2164
f 2165 2164 2166
f 2167 2166 2168
f 2169 2168 2170
f 2171 2172 2170
f 2173 2171 2174
f 2175 2173 2176
f 2177 2178 2179
f 2163 2177 2180
f 2181 2182 2183
f 2184 2181 2185
f 2182 2162 2165
f 2180 2179 2186
f 2164 2180 2187
f 2185 2183 2188
f 2189 2185 2190
f 2183 2165 2167
f 2187 2186 2191
f 2166 2187 2192
f 2190 2188 2193
f 2194 2190 2195
f 2188 2167 2169
f 2192 2191 2196
f 2168 2192 2197
f 2195 2193 2198
f 2199 2195 2200
f 2193 2169 2172
f 2201 2197 2196
f 2174 2170 2197
f 2202 2200 2198
f 2203 2204 2200
f 2205 2198 2172
f 2206 2201 2026
f 2176 2174 2201
f 2207 2202 2205
f 2208 2203 2202
f 2209 2205 2171
f 2210 2206 2211
f 2212 2176 2206
f 2213 2207 2209
f 2214 2208 2207
f 2215 2209 2173
f 2085 2210 2216
f 2216 2086 2085
f 2212 2210 2084
f 2084 2083 2212
f 2082 2175 2212
f 2087 2215 2175
f 2175 2082 2087
f 2080 2213 2215
f 2215 2081 2080
f 2214 2213 2079
f 2079 2077 2214
f 2208 2214 2240
f 2240 2203 2208
f 2239 2204 2203
f 2199 2204 2217
f 2194 2199 2217
f 2217 2189 2194
f 2217 2235 2189
f 2235 2184 2189
f 2233 2184 2235
f 2184 2233 2218
f 2219 2220 2182
f 2181 2218 2232
f 2232 2219 2181
f 2220 2221 2162
f 2222 2223 2163
f 2162 2221 2222
f 2163 2223 2224
f 2225 2226 2178
f 2178 2177 2225
f 2226 2227 2178
f 2177 2224 2225
f 2178 2227 2071
f 2227 2072 2071
f 2070 2179 2178
f 2070 2026 2179
f 2186 2179 2026
f 2026 2191 2186
f 2196 2191 2026
f 2211 2086 2216
f 2211 2024 2086
f 2071 2070 2178
f 2224 2177 2163
f 2163 2162 2222
f 2162 2182 2220
f 2182 2181 2219
f 2218 2181 2184
f 2239 2217 2204
f 2240 2239 2203
f 2077 2240 2214
f 2080 2079 2213
f 2087 2081 2215
f 2212 2083 2082
f 2085 2084 2210
f 2173 2175 2215
f 2207 2213 2214
f 2209 2215 2213
f 2206 2210 2212
f 2211 2216 2210
f 2171 2173 2209
f 2202 2207 2208
f 2205 2209 2207
f 2201 2206 2176
f 2026 2211 2206
f 2172 2171 2205
f 2200 2202 2203
f 2198 2205 2202
f 2197 2201 2174
f 2196 2026 2201
f 2172 2198 2193
f 2200 2204 2199
f 2198 2200 2195
f 2197 2170 2168
f 2196 2197 2192
f 2169 2193 2188
f 2195 2199 2194
f 2193 2195 2190
f 2192 2168 2166
f 2191 2192 2187
f 2167 2188 2183
f 2190 2194 2189
f 2188 2190 2185
f 2187 2166 2164
f 2186 2187 2180
f 2165 2183 2182
f 2185 2189 2184
f 2183 2185 2181
f 2180 2164 2163
f 2179 2180 2177
f 2176 2212 2175
f 2174 2176 2173
f 2170 2174 2171
f 2170 2172 2169
f 2168 2169 2167
f 2166 2167 2165
f 2164 2165 2162
f 2073 2072 2229
f 2229 2230 2228
f 2229 2228 2073
f 2057 2056 128
f 128 2228 2230
f 2229 2221 2232
f 2225 2224 2229
f 2231 2226 2225
f 2221 2229 2224
f 2224 2223 2221
f 2232 2220 2219
f 2232 2221 2220
f 2232 2218 2233
f 2227 2231 2072
f 2227 2226 2231
f 2229 2072 2231
f 2233 2230 2229
f 2223 2222 2221
f 2229 2231 2225
f 2077 2238 2240
f 2237 2236 2217
f 2239 2240 2238
f 2239 2238 2234
f 2239 2237 2217
f 2217 2236 2235
f 2238 2077 2234
f 2233 2235 2243
f 2242 2235 2144
f 2242 2142 2141
f 2241 2140 2138
f 2138 2139 2241
f 2241 2139 2137
f 2121 2149 2120
f 2137 2121 2241
f 2243 2242 2241
f 2141 2241 2242
f 2144 2143 2242
f 2242 2243 2235
f 2233 2243 2230
f 2230 2243 2121
f 2243 2241 2121
f 2233 2229 2232
f 2246 2244 2245
f 2246 2245 2235
f 2239 2234 2237
f 2237 1394 2152
f 2237 2234 1394
f 2237 2152 2161
f 2148 2244 2246
f 2147 2146 2245
f 2244 2148 2147
f 2245 2244 2147
f 2245 2145 2235
f 2146 2145 2245
f 2246 2107 2148
f 2161 2246 2237
f 2235 2236 2246
f 2246 2236 2237
f 2248 2234 2077
f 2250 2247 2234
f 2234 2247 2151
f 1394 2234 2151
f 2068 1421 2247
f 2247 1421 2151
f 2250 2249 2247
f 2250 2234 2249
f 2249 2234 2248
f 632 2252 2251
f 608 632 2251
f 2005 610 2251
f 2252 632 2001
f 2001 1709 2251
f 2251 610 608
f 2252 604 1330
f 1330 1331 1332
f 1334 1331 1330
f 1332 476 1330
f 476 898 891
f 2066 2022 476
f 532 2066 476
f 2022 2065 2248
f 891 532 476
f 2066 2065 2022
f 2022 2252 2001
f 476 2022 2251
f 2001 2251 2022
f 1330 476 2251
f 2252 1330 2251
f 2324 2277 2259
f 2253 2298 2310
f 2310 2256 2253
f 2253 2277 2298
f 2324 2298 2277
f 2310 2298 2255
f 2257 2253 2256
f 2254 2298 2324
f 2253 2257 2337
f 2253 2337 2258
f 2465 2324 2259
f 2269 2277 2253
f 2260 2261 2262
f 2260 2400 2267
f 2267 2266 2264
f 2263 2265 2267
f 2258 2267 2265
f 2261 2260 2258
f 2258 2337 2268
f 2258 2265 2269
f 2268 2261 2258
f 2264 2263 2267
f 2253 2258 2269
f 2476 2271 2272
f 2476 2272 2270
f 2273 2274 2476
f 2274 2475 2476
f 2275 2276 2475
f 2271 2476 2277
f 2277 2475 2278
f 2276 2278 2475
f 2278 2259 2277
f 2277 2279 2271
f 2269 2279 2277
f 2445 2281 2280
f 2281 2284 2285
f 2445 2282 2283
f 2293 2324 2287
f 2283 2286 2445
f 2293 2288 2254
f 2280 2285 2289
f 2286 2288 2445
f 2254 2324 2293
f 2293 2287 2284
f 2290 2289 2291
f 2289 2292 2280
f 2289 2290 2292
f 2293 2445 2288
f 2254 2294 2295
f 2291 2296 2290
f 2284 2281 2293
f 2254 2297 2294
f 2281 2285 2280
f 2254 2288 2297
f 2308 2299 2306
f 2299 2300 2306
f 2300 2303 2306
f 2306 2301 2302
f 2302 2304 2306
f 2306 2309 2308
f 2304 2305 2306
f 2469 2306 2255
f 2255 2307 2309
f 2306 2305 2255
f 2309 2469 2255
f 2255 2305 2310
f 2255 2298 2311
f 2311 2312 2255
f 2312 2313 2255
f 2313 2307 2255
f 2314 2315 2465
f 2465 2316 2317
f 2465 2317 2314
f 2323 2319 2318
f 2323 2465 2315
f 2315 2322 2323
f 2318 2320 2323
f 2465 2320 2321
f 2465 2323 2320
f 2465 2321 2324
f 2465 2325 2316
f 2259 2325 2465
f 2328 2471 2257
f 2328 2257 2256
f 2327 2473 2328
f 2328 2331 2332
f 2328 2332 2327
f 2326 2329 2472
f 2471 2329 2330
f 2471 2472 2329
f 2473 2334 2472
f 2334 2335 2472
f 2472 2335 2333
f 2257 2471 2336
f 2336 2337 2257
f 2471 2338 2336
f 2330 2338 2471
f 2328 2256 2331
f 2295 2298 2254
f 2312 2353 2339
f 2339 2313 2312
f 2307 2313 2340
f 2313 2341 2340
f 2357 2309 2307
f 2311 2342 2343
f 2343 2312 2311
f 2308 2309 2357
f 2343 2353 2312
f 2340 2357 2307
f 2339 2341 2313
f 2344 2310 2305
f 2304 2345 2346
f 2346 2305 2304
f 2302 2347 2348
f 2348 2304 2302
f 2348 2345 2304
f 2346 2344 2305
f 2299 2308 2357
f 2357 2354 2299
f 2300 2299 2350
f 2350 2349 2300
f 2300 2349 2351
f 2303 2351 2464
f 2306 2464 2358
f 2347 2301 2352
f 2301 2358 2352
f 2347 2302 2301
f 2358 2301 2306
f 2464 2306 2303
f 2351 2303 2300
f 2354 2350 2299
f 2357 2341 2353
f 2342 2353 2343
f 2357 2340 2341
f 2341 2339 2353
f 2298 2295 2355
f 2342 2311 2298
f 2353 2342 2298
f 2346 2345 2356
f 2345 2348 2356
f 2344 2346 2356
f 2344 2356 2358
f 2348 2347 2352
f 2352 2356 2348
f 2356 2352 2358
f 2344 2368 2310
f 2256 2310 2368
f 2354 2349 2350
f 2351 2349 2464
f 2354 2357 2353
f 2298 2355 2353
f 2355 2354 2353
f 2294 2359 2360
f 2297 2448 2359
f 2359 2294 2297
f 2288 2361 2362
f 2362 2297 2288
f 2286 2363 2364
f 2364 2288 2286
f 2283 2365 2366
f 2366 2286 2283
f 2295 2294 2367
f 2294 2360 2367
f 2367 2355 2295
f 2366 2363 2286
f 2364 2361 2288
f 2362 2448 2297
f 2331 2256 2369
f 2256 2368 2369
f 2331 2369 2370
f 2370 2332 2331
f 2327 2332 2371
f 2332 2373 2371
f 2371 2372 2327
f 2370 2373 2332
f 2373 2375 2372
f 2368 2375 2369
f 2368 2344 2375
f 2372 2371 2373
f 2369 2373 2370
f 2375 2373 2369
f 2334 2473 2375
f 2375 2374 2334
f 2334 2374 2376
f 2335 2386 2377
f 2335 2376 2386
f 2333 2377 2385
f 2385 2472 2333
f 2472 2385 2378
f 2473 2327 2372
f 2372 2375 2473
f 2378 2326 2472
f 2377 2333 2335
f 2376 2335 2334
f 2336 2379 2389
f 2338 2387 2379
f 2379 2336 2338
f 2330 2380 2381
f 2381 2338 2330
f 2329 2382 2383
f 2383 2330 2329
f 2326 2378 2384
f 2384 2329 2326
f 2337 2336 2389
f 2389 2391 2337
f 2384 2382 2329
f 2383 2380 2330
f 2381 2387 2338
f 2386 2376 2374
f 2377 2386 2385
f 2386 2374 2385
f 2379 2387 2389
f 2383 2382 2378
f 2382 2384 2378
f 2380 2383 2390
f 2387 2381 2380
f 2389 2387 2388
f 2390 2378 2388
f 2387 2390 2388
f 2385 2388 2378
f 2385 2389 2388
f 2390 2387 2380
f 2378 2390 2383
f 2391 2268 2337
f 2261 2268 2392
f 2268 2391 2392
f 2261 2404 2393
f 2393 2262 2261
f 2260 2262 2394
f 2393 2394 2262
f 2392 2404 2261
f 2405 2269 2265
f 2263 2395 2396
f 2396 2265 2263
f 2264 2397 2398
f 2398 2263 2264
f 2405 2477 2269
f 2398 2395 2263
f 2396 2405 2265
f 2400 2260 2399
f 2403 2401 2267
f 2266 2401 2397
f 2397 2264 2266
f 2401 2266 2267
f 2403 2267 2400
f 2394 2399 2260
f 2403 2400 2399
f 2403 2399 2402
f 2399 2394 2404
f 2404 2391 2399
f 2404 2392 2391
f 2394 2393 2404
f 2477 2419 2269
f 2396 2395 2401
f 2395 2398 2401
f 2405 2396 2406
f 2406 2401 2405
f 2398 2397 2401
f 2403 2405 2401
f 2403 2477 2405
f 2401 2406 2396
f 2269 2419 2407
f 2407 2279 2269
f 2271 2279 2408
f 2279 2407 2408
f 2271 2420 2409
f 2409 2272 2271
f 2270 2272 2410
f 2272 2421 2410
f 2410 2411 2270
f 2409 2421 2272
f 2408 2420 2271
f 2423 2259 2278
f 2276 2412 2413
f 2413 2278 2276
f 2275 2414 2415
f 2415 2276 2275
f 2423 2425 2259
f 2415 2412 2276
f 2413 2423 2278
f 2273 2476 2417
f 2274 2273 2417
f 2417 2416 2274
f 2274 2416 2463
f 2463 2414 2274
f 2476 2270 2411
f 2411 2417 2476
f 2414 2275 2475
f 2414 2475 2274
f 2417 2418 2416
f 2421 2420 2417
f 2421 2417 2411
f 2419 2418 2417
f 2417 2420 2419
f 2420 2408 2407
f 2420 2421 2409
f 2407 2419 2420
f 2411 2410 2421
f 2413 2412 2414
f 2412 2415 2414
f 2423 2413 2422
f 2422 2414 2423
f 2423 2414 2463
f 2463 2424 2423
f 2414 2422 2413
f 2426 2325 2259
f 2316 2325 2427
f 2325 2426 2427
f 2316 2428 2429
f 2429 2317 2316
f 2314 2317 2430
f 2317 2462 2430
f 2430 2431 2314
f 2429 2462 2317
f 2427 2428 2316
f 2425 2423 2424
f 2432 2324 2321
f 2320 2433 2434
f 2434 2321 2320
f 2318 2435 2436
f 2436 2320 2318
f 2436 2433 2320
f 2434 2432 2321
f 2432 2456 2324
f 2287 2440 2437
f 2437 2284 2287
f 2285 2284 2438
f 2284 2453 2438
f 2285 2454 2439
f 2439 2289 2285
f 2324 2456 2440
f 2440 2287 2324
f 2291 2289 2441
f 2289 2442 2441
f 2441 2443 2291
f 2439 2442 2289
f 2438 2454 2285
f 2437 2453 2284
f 2290 2296 2447
f 2292 2290 2447
f 2280 2292 2444
f 2444 2452 2280
f 2280 2452 2445
f 2451 2446 2445
f 2282 2446 2365
f 2296 2291 2443
f 2443 2447 2296
f 2365 2283 2282
f 2446 2282 2445
f 2447 2444 2292
f 2359 2448 2360
f 2364 2363 2449
f 2363 2366 2449
f 2361 2364 2450
f 2448 2362 2361
f 2450 2449 2446
f 2448 2450 2446
f 2366 2365 2446
f 2355 2367 2360
f 2446 2449 2366
f 2446 2355 2448
f 2451 2355 2446
f 2450 2448 2361
f 2449 2450 2364
f 2448 2355 2360
f 2444 2447 2452
f 2451 2445 2452
f 2452 2447 2456
f 2442 2447 2443
f 2456 2442 2454
f 2442 2456 2447
f 2454 2438 2453
f 2442 2439 2454
f 2440 2453 2437
f 2454 2440 2456
f 2454 2453 2440
f 2443 2441 2442
f 2434 2433 2457
f 2433 2436 2457
f 2432 2434 2455
f 2455 2457 2456
f 2436 2435 2457
f 2457 2461 2456
f 2455 2456 2432
f 2457 2455 2434
f 2344 2464 2375
f 2374 2375 2464
f 2464 2349 2354
f 2464 2344 2358
f 2451 2452 2456
f 2322 2315 2460
f 2323 2322 2460
f 2460 2458 2323
f 2323 2458 2461
f 2461 2457 2323
f 2319 2457 2435
f 2315 2314 2431
f 2431 2459 2315
f 2435 2318 2319
f 2457 2319 2323
f 2459 2460 2315
f 2456 2461 2458
f 2460 2425 2458
f 2460 2459 2425
f 2426 2459 2428
f 2462 2428 2459
f 2462 2459 2431
f 2425 2459 2259
f 2431 2430 2462
f 2428 2427 2426
f 2428 2462 2429
f 2459 2426 2259
f 2391 2389 2385
f 2463 2416 2418
f 2402 2399 2477
f 2477 2403 2402
f 2399 2391 2385
f 2399 2385 2477
f 2477 2418 2419
f 2463 2425 2424
f 2451 2354 2355
f 2354 2451 2464
f 2479 2374 2464
f 2425 2463 2458
f 2418 2477 2463
f 2385 2374 2479
f 2477 2385 2479
f 2466 2323 2465
f 2323 2466 2465
f 2293 2467 2445
f 2281 2445 2293
f 2468 2293 2445
f 2467 2468 2445
f 2293 2468 2467
f 2470 2309 2306
f 2470 2306 2469
f 2469 2309 2470
f 2328 2473 2471
f 2473 2472 2471
f 2260 2474 2258
f 2258 2260 2267
f 2260 2258 2474
f 2277 2476 2475
f 2481 2458 2463
f 2458 2481 2456
f 2451 2456 2482
f 2481 2482 2456
f 2477 2480 2463
f 2478 2464 2451
f 2478 2479 2464
f 2482 2478 2451
f 2463 2482 2481
f 2482 2463 2480
f 2482 2477 2479
f 2478 2482 2479
f 2482 2480 2477

