# https://github.com/mikedh/trimesh
v -0.03654078 -0.09510000 0.09908565
v -0.03453510 -0.09448806 0.09924990
v -0.03600000 -0.09410000 0.10250000
v -0.03523688 -0.09510000 0.10243537
v -0.03654078 -0.09510000 0.10241435
v -0.03772232 -0.09453478 0.10163252
v -0.03121595 -0.09470000 0.09669188
v -0.05433565 -0.09410000 0.10129078
v -0.03100000 -0.09410000 0.10325000
v -0.05623925 -0.09410000 0.09810575
v -0.06175129 -0.09410000 0.10325000
v -0.05425000 -0.09410000 0.10075000
v -0.06136900 -0.09470000 0.09623659
v -0.05771920 -0.09460000 0.10191206
v -0.05518966 -0.09482727 0.09889189
v -0.05442953 -0.09479231 0.10169297
v -0.05545922 -0.09510000 0.10241435
v -0.05632657 -0.09510000 0.10248842
v -0.06175129 -0.09510000 0.10325000
v -0.03100000 -0.09644782 0.10380278
v -0.03100000 -0.10060000 0.10525000
v -0.03100000 -0.09960000 0.10525000
v -0.03100000 -0.09960000 0.14825000
v -0.03100000 -0.10060000 0.14825000
v -0.06173399 -0.09839261 0.10480103
v -0.08600000 -0.10010000 0.14775000
v -0.08600000 -0.10060000 0.14825000
v -0.08600000 -0.09960000 0.14825000
v -0.08600000 -0.10031352 0.14913168
v -0.08600000 -0.09950451 0.14854390
v -0.08600000 -0.09957553 0.14840451
v -0.08600000 -0.09998167 0.14946353
v -0.08600000 -0.09939389 0.14865451
v -0.08600000 -0.09956352 0.14967659
v -0.08600000 -0.09925451 0.14872552
v -0.08600000 -0.09910000 0.14975000
v -0.08600000 -0.09910000 0.14875000
v -0.08600000 -0.10052659 0.14871353
v -0.03100000 -0.09910000 0.14975000
v -0.03100000 -0.09956352 0.14967659
v -0.03100000 -0.09998167 0.14946353
v -0.03100000 -0.10031352 0.14913168
v -0.03100000 -0.10052659 0.14871353
v -0.03100000 -0.09957553 0.14840451
v -0.03100000 -0.09950451 0.14854390
v -0.03100000 -0.09939389 0.14865451
v -0.03100000 -0.09925451 0.14872552
v -0.03100000 -0.09910000 0.14875000
v -0.08600000 -0.09560000 0.14975000
v -0.08600000 -0.09560000 0.14875000
v -0.03100000 -0.09560000 0.14975000
v -0.03100000 -0.09560000 0.14875000
v -0.08600000 -0.09544549 0.14977448
v -0.08600000 -0.09530611 0.14984549
v -0.03100000 -0.09544549 0.14977448
v -0.08600000 -0.09519549 0.14995610
v -0.03100000 -0.09530611 0.14984549
v -0.08600000 -0.09512447 0.15009549
v -0.03100000 -0.09519549 0.14995610
v -0.08600000 -0.09510000 0.15025000
v -0.03100000 -0.09512447 0.15009549
v -0.03100000 -0.09471832 0.14903647
v -0.03100000 -0.09438647 0.14936832
v -0.03100000 -0.09513647 0.14882341
v -0.03100000 -0.09417342 0.14978647
v -0.03350551 -0.09467959 0.15069898
v -0.08600000 -0.09410000 0.15025000
v -0.08600000 -0.09417342 0.14978647
v -0.08600000 -0.09438647 0.14936832
v -0.08600000 -0.09471832 0.14903647
v -0.08600000 -0.09513647 0.14882341
v -0.08022481 -0.09464268 0.15593567
v 0.07502083 0.09328416 0.23214201
v 0.17245921 -0.07166435 0.16885001
v 0.17300000 -0.07175000 0.16885001
v 0.17134983 -0.07084080 0.16796111
v 0.17152319 -0.06896462 0.16797728
v 0.17197137 -0.06858422 0.16885001
v 0.17245921 -0.06833565 0.16725000
v 0.17300000 -0.06825000 0.16725000
v 0.17354079 -0.06833565 0.16725000
v 0.17492285 -0.07009012 0.16807963
v 0.17197137 0.06858422 0.16725000
v 0.08441578 -0.06897137 0.16725000
v 0.08402863 -0.06858422 0.16725000
v 0.17158421 0.06897137 0.16725000
v 0.17245921 0.06833565 0.16725000
v 0.17300000 0.06825000 0.16725000
v 0.17402863 0.06858422 0.16725000
v 0.18100000 -0.07600000 0.16725000
v 0.08245922 0.06833565 0.16725000
v 0.08300000 0.06825000 0.16725000
v 0.08300000 -0.06825000 0.16725000
v 0.08354078 -0.06833565 0.16725000
v 0.08300000 -0.07175000 0.16725000
v 0.08103788 0.07011590 0.16774655
v 0.17479365 0.07285597 0.16725000
v 0.17300000 0.07175000 0.16725000
v 0.17354079 0.06833565 0.16725000
v 0.07800000 0.07600000 0.16725000
v 0.07861011 0.07764493 0.16783182
v 0.17900000 -0.07800000 0.16725000
v 0.07800000 -0.07600000 0.16725000
v 0.08354078 -0.07166435 0.16725000
v 0.08197137 -0.06858422 0.16725000
v 0.18100000 0.07600000 0.16725000
v 0.17245921 0.07166435 0.16725000
v 0.08354078 0.06833565 0.16725000
v 0.17121536 0.07067789 0.16725000
v 0.08499703 0.07088821 0.16725000
v 0.08279504 0.06816130 0.16885001
v 0.08402863 0.06858422 0.16885001
v 0.08158422 0.06897137 0.16885001
v 0.08245922 -0.06833565 0.16805000
v 0.08300000 -0.06825000 0.16885001
v 0.08000000 -0.07800000 0.16885001
v 0.18041391 -0.07761538 0.16831667
v 0.18100000 -0.07600000 0.16885001
v 0.07800000 0.07600000 0.16885001
v 0.08197137 -0.06858422 0.16885001
v 0.17133565 0.06945922 0.16885001
v 0.08466435 0.06945922 0.16885001
v 0.08441578 0.06897137 0.16885001
v 0.17125000 0.07000000 0.16885001
v 0.18061538 0.07741392 0.16824048
v 0.08475000 0.07000000 0.16885001
v 0.17900000 0.07800000 0.16885001
v 0.08466435 0.07054078 0.16885001
v 0.17133565 0.07054078 0.16885001
v 0.17158421 0.07102863 0.16885001
v 0.08321042 0.07196574 0.16885001
v 0.07979293 -0.07432701 0.16803841
v 0.08354078 -0.06833565 0.16885001
v 0.08497699 -0.07055841 0.16828226
v 0.08000000 0.07800000 0.16885001
v 0.17380758 0.07180451 0.16885001
v 0.17197137 0.07141578 0.16885001
v 0.17377720 0.06797594 0.16885001
v 0.12582822 -0.09310000 0.24132547
v 0.10699138 -0.09188935 0.23130433
v 0.14372559 -0.09244177 0.22141071
v 0.09645764 -0.09310000 0.24751973
v 0.12600187 -0.09310000 0.24231029
v 0.15593246 -0.09266000 0.23565301
v 0.15455661 -0.09210000 0.23625989
v 0.12583213 -0.09210889 0.24134767
v 0.09645764 -0.09210000 0.24751973
v 0.12615498 -0.09281352 0.24317857
v 0.12605290 -0.09200451 0.24259972
v 0.12607211 -0.09189389 0.24270865
v 0.12608236 -0.09302659 0.24276677
v 0.12602870 -0.09207553 0.24246245
v 0.12626234 -0.09160000 0.24378749
v 0.12624960 -0.09206352 0.24371519
v 0.12608445 -0.09175451 0.24277858
v 0.12621260 -0.09248167 0.24350537
v 0.12608869 -0.09160000 0.24280269
v 0.09653813 -0.09302659 0.24797621
v 0.09661074 -0.09281352 0.24838802
v 0.09666837 -0.09248167 0.24871481
v 0.09670536 -0.09206352 0.24892464
v 0.09663128 -0.09160067 0.24850448
v 0.09654021 -0.09175451 0.24798804
v 0.09652788 -0.09189389 0.24791809
v 0.09650867 -0.09200451 0.24780916
v 0.09648447 -0.09207553 0.24767189
v 0.12613499 -0.09060000 0.24314290
v 0.12675475 -0.09060000 0.24370067
v 0.09671811 -0.09110000 0.24899693
v 0.09654446 -0.09110000 0.24801213
v 0.09461139 -0.09064113 0.24889244
v 0.08939142 -0.06620267 0.24927341
v 0.08687003 -0.03610000 0.25073343
v 0.08669639 -0.03610000 0.24974861
v 0.08687003 0.03610000 0.25073343
v 0.08669639 0.03610000 0.24974861
v 0.08956506 0.06620267 0.25025821
v 0.09460054 0.09064113 0.24883088
v 0.09671811 0.09110000 0.24899693
v 0.09654446 0.09110000 0.24801213
v 0.09671811 0.09160000 0.24899693
v 0.09654446 0.09160000 0.24801213
v 0.09661074 0.09281352 0.24838802
v 0.09650867 0.09200451 0.24780916
v 0.09652788 0.09189389 0.24791809
v 0.09651132 0.09255103 0.24782417
v 0.09670536 0.09206352 0.24892464
v 0.09654021 0.09175451 0.24798804
v 0.09666837 0.09248167 0.24871481
v 0.12608236 0.09302659 0.24276677
v 0.12615498 0.09281352 0.24317857
v 0.12621260 0.09248167 0.24350537
v 0.12624960 0.09206352 0.24371519
v 0.12626234 0.09160000 0.24378749
v 0.12608445 0.09175451 0.24277858
v 0.12608869 0.09160000 0.24280269
v 0.12607211 0.09189389 0.24270865
v 0.12605290 0.09200451 0.24259972
v 0.12602870 0.09207553 0.24246245
v 0.11222462 0.09196668 0.23226566
v 0.09434652 0.09310000 0.22402945
v 0.09291966 0.09260000 0.22475679
v 0.15064954 0.09210000 0.21410172
v 0.15064954 0.09310000 0.21410172
v 0.12618792 0.09060000 0.24336543
v 0.12658110 0.09060000 0.24271587
v 0.12675475 0.09060000 0.24370067
v 0.12719849 0.09060000 0.24354788
v 0.12757329 0.09060000 0.24326544
v 0.12685394 0.09060000 0.24257079
v 0.12784247 0.09060000 0.24288101
v 0.12694367 0.09060000 0.24244264
v 0.12672901 0.09060000 0.24266493
v 0.12797968 0.09060000 0.24243222
v 0.12698941 0.09060000 0.24229305
v 0.12797149 -0.09060000 0.24196298
v 0.12797968 -0.09060000 0.24243222
v 0.12784247 -0.09060000 0.24288101
v 0.12757329 -0.09060000 0.24326544
v 0.12719849 -0.09060000 0.24354788
v 0.12672901 -0.09060000 0.24266493
v 0.12685394 -0.09060000 0.24257079
v 0.12694367 -0.09060000 0.24244264
v 0.12698941 -0.09060000 0.24229305
v 0.12698668 -0.09060000 0.24213664
v 0.12684277 0.08860000 0.23556174
v 0.12585796 0.08860000 0.23573538
v 0.12654219 0.09045010 0.23633963
v 0.12651988 -0.09024563 0.23616690
v 0.12585796 -0.08860000 0.23573538
v 0.15723171 0.09236582 0.21911933
v 0.04026667 -0.10210000 0.13478334
v 0.04026667 -0.10200000 0.13478334
v 0.04063397 -0.10205555 0.13695770
v 0.04156683 -0.10205000 0.13597466
v 0.04546639 -0.10204862 0.13660457
v 0.04783433 -0.10205000 0.12958394
v 0.04122322 -0.10205000 0.12375503
v 0.03905439 -0.10205000 0.12466154
v 0.03800000 -0.10210000 0.12579667
v 0.03800000 -0.10200000 0.12579667
v 0.03670667 -0.10200000 0.12147667
v 0.03796365 -0.10205500 0.11974597
v 0.03644108 -0.10205789 0.12044086
v 0.03837444 -0.10201429 0.11899678
v 0.03820000 -0.10210000 0.11883667
v 0.03218666 -0.10200000 0.11883667
v 0.03218666 -0.10210000 0.11883667
v 0.03304121 -0.10204386 0.11972448
v 0.03746299 -0.10205694 0.13589263
v 0.03891666 -0.10200000 0.12907167
v 0.03905059 -0.10200000 0.12591966
v 0.04201847 -0.10203750 0.12534631
v 0.04062881 -0.10206000 0.13393670
v 0.03865611 -0.10210000 0.12705599
v 0.04012737 -0.10210000 0.12531180
v -0.03907162 0.05536749 0.25075000
v -0.03851247 0.05500814 0.25075000
v -0.03873095 0.05507230 0.25075000
v -0.03919862 0.05580000 0.25075000
v -0.03806629 0.05652771 0.25075000
v -0.03787473 0.05640460 0.25075000
v -0.03892251 0.05519540 0.25075000
v -0.03916621 0.05557462 0.25075000
v -0.03806629 0.05507230 0.25075000
v -0.03828477 0.05500814 0.25075000
v -0.03828477 0.05659186 0.25075000
v -0.03851247 0.05659186 0.25075000
v -0.03907162 0.05623251 0.25075000
v -0.03892251 0.05640460 0.25075000
v -0.03772562 0.05536749 0.25075000
v -0.03787473 0.05519540 0.25075000
v -0.03916621 0.05602539 0.25075000
v -0.03759862 0.05580000 0.25075000
v -0.03763102 0.05557462 0.25075000
v -0.03772562 0.05623251 0.25075000
v -0.03873095 0.05652771 0.25075000
v -0.03763102 0.05602539 0.25075000
v -0.03759862 0.05580000 0.24550000
v -0.03763102 0.05557462 0.24550000
v -0.03772562 0.05536749 0.24550000
v -0.03787473 0.05519540 0.24550000
v -0.03806629 0.05507230 0.24550000
v -0.03839862 0.05500000 0.24550000
v -0.03828477 0.05500814 0.24550000
v -0.03851247 0.05500814 0.24550000
v -0.03873095 0.05507230 0.24550000
v -0.03892251 0.05519540 0.24550000
v -0.03907162 0.05536749 0.24550000
v -0.03916621 0.05557462 0.24550000
v -0.03919862 0.05580000 0.24550000
v -0.03916621 0.05602539 0.24550000
v -0.03907162 0.05623251 0.24550000
v -0.03892251 0.05640460 0.24550000
v -0.03873095 0.05652771 0.24550000
v -0.03839862 0.05660000 0.24550000
v -0.03851247 0.05659186 0.24550000
v -0.03828477 0.05659186 0.24550000
v -0.03806629 0.05652771 0.24550000
v -0.03787473 0.05640460 0.24550000
v -0.03772562 0.05623251 0.24550000
v -0.03763102 0.05602539 0.24550000
v -0.03642320 0.05502576 0.24507477
v -0.03909498 0.05487832 0.24525689
v -0.04003952 0.05645542 0.24511506
v -0.03790597 0.05847535 0.24501747
v -0.03844986 0.05242932 0.24839167
v -0.03906939 0.05882496 0.25083036
v -0.02286389 -0.06848873 0.25075000
v -0.02433335 -0.06848873 0.25075000
v -0.02398489 -0.06831118 0.25075000
v -0.02478744 -0.06988627 0.25075000
v -0.02398489 -0.07068882 0.25075000
v -0.02433335 -0.07051127 0.25075000
v -0.02359862 -0.06825000 0.25075000
v -0.02478744 -0.06911373 0.25075000
v -0.02460989 -0.06876527 0.25075000
v -0.02359862 -0.07075000 0.25075000
v -0.02286389 -0.07051127 0.25075000
v -0.02321235 -0.07068882 0.25075000
v -0.02234862 -0.06950000 0.25075000
v -0.02240980 -0.06988627 0.25075000
v -0.02484862 -0.06950000 0.25075000
v -0.02258735 -0.06876527 0.25075000
v -0.02258735 -0.07023473 0.25075000
v -0.02240980 -0.06911373 0.25075000
v -0.02321235 -0.06831118 0.25075000
v -0.02460989 -0.07023473 0.25075000
v -0.02234862 -0.06950000 0.24150000
v -0.02240980 -0.06988627 0.24150000
v -0.02258735 -0.07023473 0.24150000
v -0.02286389 -0.07051127 0.24150000
v -0.02321235 -0.07068882 0.24150000
v -0.02359862 -0.07075000 0.24150000
v -0.02398489 -0.07068882 0.24150000
v -0.02433335 -0.07051127 0.24150000
v -0.02460989 -0.07023473 0.24150000
v -0.02478744 -0.06988627 0.24150000
v -0.02484862 -0.06950000 0.24150000
v -0.02478744 -0.06911373 0.24150000
v -0.02460989 -0.06876527 0.24150000
v -0.02433335 -0.06848873 0.24150000
v -0.02398489 -0.06831118 0.24150000
v -0.02359862 -0.06825000 0.24150000
v -0.02321235 -0.06831118 0.24150000
v -0.02286389 -0.06848873 0.24150000
v -0.02258735 -0.06876527 0.24150000
v -0.02240980 -0.06911373 0.24150000
v -0.02492643 -0.06717592 0.24112847
v -0.02327956 -0.06795108 0.24125411
v -0.02349805 -0.07203519 0.24110795
v -0.02597865 -0.07037906 0.24110795
v -0.02091547 -0.06871208 0.24108447
v -0.02409106 -0.06961954 0.25080000
v 0.00113611 -0.08698873 0.25075000
v -0.00033335 -0.08698873 0.25075000
v 0.00001511 -0.08681118 0.25075000
v -0.00078744 -0.08838627 0.25075000
v 0.00001511 -0.08918882 0.25075000
v -0.00033335 -0.08901127 0.25075000
v 0.00040138 -0.08675000 0.25075000
v -0.00078744 -0.08761373 0.25075000
v -0.00060989 -0.08726527 0.25075000
v 0.00040138 -0.08925000 0.25075000
v 0.00113611 -0.08901127 0.25075000
v 0.00078765 -0.08918882 0.25075000
v 0.00165138 -0.08800000 0.25075000
v 0.00159020 -0.08838627 0.25075000
v -0.00084862 -0.08800000 0.25075000
v 0.00141265 -0.08726527 0.25075000
v 0.00141265 -0.08873473 0.25075000
v 0.00159020 -0.08761373 0.25075000
v 0.00078765 -0.08681118 0.25075000
v -0.00060989 -0.08873473 0.25075000
v 0.00165138 -0.08800000 0.24150000
v 0.00159020 -0.08838627 0.24150000
v 0.00141265 -0.08873473 0.24150000
v 0.00113611 -0.08901127 0.24150000
v 0.00078765 -0.08918882 0.24150000
v 0.00040138 -0.08925000 0.24150000
v 0.00001511 -0.08918882 0.24150000
v -0.00033335 -0.08901127 0.24150000
v -0.00060989 -0.08873473 0.24150000
v -0.00078744 -0.08838627 0.24150000
v -0.00084862 -0.08800000 0.24150000
v -0.00078744 -0.08761373 0.24150000
v -0.00060989 -0.08726527 0.24150000
v -0.00033335 -0.08698873 0.24150000
v 0.00001511 -0.08681118 0.24150000
v 0.00040138 -0.08675000 0.24150000
v 0.00078765 -0.08681118 0.24150000
v 0.00113611 -0.08698873 0.24150000
v 0.00141265 -0.08726527 0.24150000
v 0.00159020 -0.08761373 0.24150000
v -0.00109862 -0.08800000 0.24125000
v -0.00102520 -0.08753648 0.24125000
v -0.00081214 -0.08711832 0.24125000
v -0.00048030 -0.08678648 0.24125000
v -0.00006214 -0.08657342 0.24125000
v 0.00040138 -0.08650000 0.24125000
v 0.00086491 -0.08657342 0.24125000
v 0.00128306 -0.08678648 0.24125000
v -0.00102455 -0.08937216 0.24120368
v -0.00102520 -0.08846352 0.24125000
v -0.00235206 -0.08695411 0.24125000
v 0.00051441 -0.08522082 0.24125000
v 0.00216769 -0.08709108 0.24085317
v -0.00009188 -0.08779946 0.25079430
v -0.17156202 -0.09185252 0.16127415
v -0.12674391 -0.08160342 0.30575000
v -0.12687196 -0.08126577 0.30575000
v -0.12758234 -0.07988095 0.30575000
v -0.12785606 -0.07948439 0.30575000
v -0.12982559 -0.07812492 0.30575000
v -0.13099594 -0.07783646 0.30575000
v -0.13159862 -0.07783646 0.30575000
v -0.13220131 -0.07783646 0.30575000
v -0.13443895 -0.07868508 0.30575000
v -0.13561490 -0.07988095 0.30575000
v -0.13534117 -0.07948439 0.30575000
v -0.13602589 -0.08047639 0.30575000
v -0.13645332 -0.08160342 0.30575000
v -0.13651621 -0.08227112 0.30673376
v -0.13281375 -0.07875085 0.30922739
v -0.13475511 -0.08167721 0.31013339
v -0.12780170 -0.08088801 0.30898910
v -0.12925094 -0.07939608 0.30948709
v -0.13082629 -0.07861979 0.30898763
v -0.13447504 -0.07974562 0.30911555
v -0.13645332 -0.08399658 0.30575000
v -0.13602589 -0.08512362 0.30575000
v -0.13561490 -0.08571905 0.30575000
v -0.13534117 -0.08611562 0.30575000
v -0.13337164 -0.08747508 0.30575000
v -0.13220131 -0.08776354 0.30575000
v -0.13159862 -0.08776354 0.30575000
v -0.13099594 -0.08776354 0.30575000
v -0.12875830 -0.08691492 0.30575000
v -0.12758234 -0.08571905 0.30575000
v -0.12785606 -0.08611562 0.30575000
v -0.12687196 -0.08433423 0.30575000
v -0.12674391 -0.08399658 0.30575000
v -0.12736946 -0.08470261 0.30822663
v -0.12769473 -0.08272643 0.30966810
v -0.13536285 -0.08437579 0.30930091
v -0.13420939 -0.08620928 0.30904072
v -0.13244010 -0.08679307 0.30930088
v -0.13032792 -0.08681571 0.30921156
v -0.12879040 -0.08576091 0.30930084
v -0.13635390 -0.08434509 0.22275000
v -0.13659862 -0.08280000 0.22275000
v -0.13564371 -0.08573893 0.22275000
v -0.13453755 -0.08684509 0.22275000
v -0.13314371 -0.08755528 0.22275000
v -0.13159862 -0.08780000 0.22275000
v -0.13005353 -0.08755528 0.22275000
v -0.12865970 -0.08684509 0.22275000
v -0.12755354 -0.08573893 0.22275000
v -0.12659862 -0.08280000 0.23175000
v -0.12684334 -0.08434509 0.23175000
v -0.12691487 -0.08455000 0.23175000
v -0.12865970 -0.07875491 0.22275000
v -0.12755354 -0.07986108 0.22275000
v -0.13005353 -0.07804472 0.22275000
v -0.13159862 -0.07780000 0.22275000
v -0.13314371 -0.07804472 0.22275000
v -0.13453755 -0.07875491 0.22275000
v -0.13564371 -0.07986108 0.22275000
v -0.13635390 -0.08125491 0.22275000
v -0.12684334 -0.08125491 0.23175000
v -0.12691487 -0.08105000 0.23175000
v -0.12870061 -0.08185405 0.22722458
v -0.13459862 -0.08105000 0.23175000
v 0.02926791 -0.10204912 0.13512622
v 0.02283168 -0.10204231 0.12423200
v 0.02298667 -0.10210000 0.12498333
v 0.02468621 -0.10210000 0.13027635
v 0.02444000 -0.10200000 0.12950333
v 0.02557096 -0.10210000 0.13339735
v 0.02469613 -0.10200000 0.13031036
v 0.02578740 -0.10204615 0.13518529
v 0.02526641 -0.10206038 0.13653491
v -0.02359862 -0.04350000 0.24125000
v -0.02313509 -0.04342659 0.24125000
v -0.02294452 -0.04344460 0.23925000
v -0.02271694 -0.04321352 0.24125000
v -0.02238509 -0.04288168 0.24125000
v -0.02547975 -0.04118119 0.24094297
v -0.02448030 -0.04321352 0.24125000
v -0.02418486 -0.04352792 0.24046713
v -0.03034862 -0.03750000 0.24045000
v -0.00155006 -0.04134914 0.24081565
v -0.03034862 -0.04625000 0.23763462
v 0.00340192 -0.04386956 0.23884615
v 0.00174616 -0.04011453 0.23925000
v 0.00715138 -0.03750000 0.24125000
v -0.00082815 -0.04331998 0.24122744
v 0.00086491 -0.04342659 0.24125000
v 0.00182562 -0.04269871 0.24125246
v 0.00134115 -0.04066132 0.24125522
v 0.00715138 -0.08375000 0.23775000
v -0.02527012 -0.08556387 0.23891129
v -0.03034862 -0.09250000 0.24125000
v -0.03034862 -0.09250000 0.23925000
v 0.00224344 -0.08990736 0.24056272
v -0.02359862 -0.08650000 0.24125000
v -0.02195245 -0.08968074 0.24116517
v -0.02406214 -0.08657342 0.24125000
v -0.02313509 -0.08657342 0.24125000
v -0.02271694 -0.08678648 0.24125000
v -0.02502285 -0.08730130 0.24125246
v -0.02184285 -0.08791062 0.24081090
v -0.00133352 -0.08733383 0.23925000
v -0.02497796 -0.08942449 0.24044637
v -0.05879350 -0.06215000 0.18025000
v -0.05879350 -0.06195000 0.18025000
v -0.05707921 -0.06145000 0.17507000
v -0.05879350 -0.06115000 0.18025000
v -0.05879350 -0.06095000 0.17285001
v -0.05879350 -0.06095000 0.18025000
v -0.05679350 -0.06055000 0.17655000
v -0.05879350 -0.06015000 0.17285001
v -0.05879350 -0.06015000 0.18025000
v -0.05879350 -0.05995000 0.17285001
v -0.05879350 -0.05995000 0.18025000
v -0.05679350 -0.05955000 0.17655000
v -0.05879350 -0.05915000 0.17285001
v -0.05879350 -0.05915000 0.18025000
v -0.05879350 -0.05895000 0.17285001
v -0.05879350 -0.05895000 0.18025000
v -0.05679350 -0.05855000 0.17655000
v -0.05879350 -0.05815000 0.17285001
v -0.05879350 -0.05815000 0.18025000
v -0.05879350 -0.05795000 0.17285001
v -0.05879350 -0.05795000 0.18025000
v -0.05679350 -0.05755000 0.17655000
v -0.05879350 -0.05715000 0.17285001
v -0.05879350 -0.05715000 0.18025000
v -0.05879350 -0.05695000 0.17285001
v -0.05879350 -0.05695000 0.18025000
v -0.05679350 -0.05655000 0.17655000
v -0.05879350 -0.05615000 0.17285001
v -0.05879350 -0.05615000 0.18025000
v -0.05879350 -0.05595000 0.17285001
v -0.05879350 -0.05595000 0.18025000
v -0.05679350 -0.05555000 0.17655000
v -0.05879350 -0.05515000 0.17285001
v -0.05879350 -0.05515000 0.18025000
v -0.05879350 -0.05495000 0.17285001
v -0.05879350 -0.05495000 0.18025000
v -0.05679350 -0.05455000 0.17655000
v -0.05879350 -0.05415000 0.17285001
v -0.05879350 -0.05415000 0.18025000
v -0.05879350 -0.05395000 0.17285001
v -0.05879350 -0.05395000 0.18025000
v -0.05679350 -0.05355000 0.17655000
v -0.05879350 -0.05315000 0.17285001
v -0.05879350 -0.05315000 0.18025000
v -0.05879350 -0.05295000 0.17285001
v -0.05879350 -0.05295000 0.18025000
v -0.05679350 -0.05255000 0.17655000
v -0.05879350 -0.05215000 0.17285001
v -0.05879350 -0.05215000 0.18025000
v -0.05879350 -0.05195000 0.17285001
v -0.05879350 -0.05195000 0.18025000
v -0.05679350 -0.05155000 0.17655000
v -0.05879350 -0.05115000 0.17285001
v -0.05879350 -0.05115000 0.18025000
v -0.05879350 -0.05095000 0.17285001
v -0.05879350 -0.05095000 0.18025000
v -0.05679350 -0.05055000 0.17655000
v -0.05879350 -0.05015000 0.17285001
v -0.05879350 -0.05015000 0.18025000
v -0.05879350 -0.04995000 0.17285001
v -0.05879350 -0.04995000 0.18025000
v -0.05679350 -0.04955000 0.17655000
v -0.05879350 -0.04915000 0.17285001
v -0.05879350 -0.04915000 0.18025000
v -0.05879350 -0.04895000 0.17285001
v -0.05879350 -0.04895000 0.18025000
v -0.05679350 -0.04855000 0.17655000
v -0.05879350 -0.04815000 0.17285001
v -0.05879350 -0.04815000 0.18025000
v -0.05879350 -0.04795000 0.17285001
v -0.05879350 -0.04795000 0.18025000
v -0.05679350 -0.04755000 0.17655000
v -0.05879350 -0.04715000 0.17285001
v -0.05879350 -0.04715000 0.18025000
v -0.05879350 -0.04695000 0.17285001
v -0.05879350 -0.04695000 0.18025000
v -0.05679350 -0.04655000 0.17655000
v -0.05879350 -0.04615000 0.17285001
v -0.05879350 -0.04615000 0.18025000
v -0.05879350 -0.04595000 0.17285001
v -0.05879350 -0.04595000 0.18025000
v -0.05679350 -0.04555000 0.17655000
v -0.05879350 -0.04515000 0.17285001
v -0.05879350 -0.04515000 0.18025000
v -0.05879350 -0.04495000 0.17285001
v -0.05879350 -0.04495000 0.18025000
v -0.05679350 -0.04455000 0.17655000
v -0.05879350 -0.04415000 0.17285001
v -0.05879350 -0.04415000 0.18025000
v -0.05879350 -0.04395000 0.17285001
v -0.05879350 -0.04395000 0.18025000
v -0.05679350 -0.04355000 0.17655000
v -0.05879350 -0.04315000 0.17285001
v -0.05879350 -0.04315000 0.18025000
v -0.05879350 -0.04295000 0.17285001
v -0.05879350 -0.04295000 0.18025000
v -0.05679350 -0.04255000 0.17655000
v -0.05879350 -0.04215000 0.17285001
v -0.05879350 -0.04215000 0.18025000
v -0.05879350 -0.04195000 0.17285001
v -0.05879350 -0.04195000 0.18025000
v -0.05679350 -0.04155000 0.17655000
v -0.05879350 -0.04115000 0.17285001
v -0.05879350 -0.04115000 0.18025000
v -0.05879350 -0.04095000 0.17285001
v -0.05879350 -0.04095000 0.18025000
v -0.05679350 -0.04055000 0.17655000
v -0.05879350 -0.04015000 0.17285001
v -0.05879350 -0.04015000 0.18025000
v -0.05879350 -0.03995000 0.17285001
v -0.05879350 -0.03995000 0.18025000
v -0.05679350 -0.03955000 0.17655000
v -0.05879350 -0.03915000 0.17285001
v -0.05879350 -0.03915000 0.18025000
v -0.05879350 -0.03895000 0.17285001
v -0.05679350 -0.03895000 0.17285001
v -0.05679350 -0.03595000 0.17285001
v -0.05696017 -0.03778750 0.18098333
v -0.06361350 -0.03642500 0.18145000
v -0.06349350 -0.03785000 0.18025000
v -0.06359350 -0.03775000 0.17285001
v -0.05966850 -0.06381667 0.17681120
v -0.06409350 -0.03895000 0.18025000
v -0.06209350 -0.03895000 0.18025000
v -0.06209350 -0.03915000 0.17285001
v -0.06209350 -0.03915000 0.18025000
v -0.06409350 -0.03955000 0.17655000
v -0.06209350 -0.03995000 0.17285001
v -0.06209350 -0.03995000 0.18025000
v -0.06209350 -0.04015000 0.17285001
v -0.06209350 -0.04015000 0.18025000
v -0.06409350 -0.04055000 0.17655000
v -0.06209350 -0.04095000 0.17285001
v -0.06209350 -0.04095000 0.18025000
v -0.06209350 -0.04115000 0.17285001
v -0.06209350 -0.04115000 0.18025000
v -0.06409350 -0.04155000 0.17655000
v -0.06209350 -0.04195000 0.17285001
v -0.06209350 -0.04195000 0.18025000
v -0.06209350 -0.04215000 0.17285001
v -0.06209350 -0.04215000 0.18025000
v -0.06409350 -0.04255000 0.17655000
v -0.06209350 -0.04295000 0.17285001
v -0.06209350 -0.04295000 0.18025000
v -0.06209350 -0.04315000 0.17285001
v -0.06209350 -0.04315000 0.18025000
v -0.06409350 -0.04355000 0.17655000
v -0.06209350 -0.04395000 0.17285001
v -0.06209350 -0.04395000 0.18025000
v -0.06209350 -0.04415000 0.17285001
v -0.06209350 -0.04415000 0.18025000
v -0.06409350 -0.04455000 0.17655000
v -0.06209350 -0.04495000 0.17285001
v -0.06209350 -0.04495000 0.18025000
v -0.06209350 -0.04515000 0.17285001
v -0.06209350 -0.04515000 0.18025000
v -0.06409350 -0.04555000 0.17655000
v -0.06209350 -0.04595000 0.17285001
v -0.06209350 -0.04595000 0.18025000
v -0.06209350 -0.04615000 0.17285001
v -0.06209350 -0.04615000 0.18025000
v -0.06409350 -0.04655000 0.17655000
v -0.06209350 -0.04695000 0.17285001
v -0.06209350 -0.04695000 0.18025000
v -0.06209350 -0.04715000 0.17285001
v -0.06209350 -0.04715000 0.18025000
v -0.06409350 -0.04755000 0.17655000
v -0.06209350 -0.04795000 0.17285001
v -0.06209350 -0.04795000 0.18025000
v -0.06209350 -0.04815000 0.17285001
v -0.06209350 -0.04815000 0.18025000
v -0.06409350 -0.04855000 0.17655000
v -0.06209350 -0.04895000 0.17285001
v -0.06209350 -0.04895000 0.18025000
v -0.06209350 -0.04915000 0.17285001
v -0.06209350 -0.04915000 0.18025000
v -0.06409350 -0.04955000 0.17655000
v -0.06209350 -0.04995000 0.17285001
v -0.06209350 -0.04995000 0.18025000
v -0.06209350 -0.05015000 0.17285001
v -0.06209350 -0.05015000 0.18025000
v -0.06409350 -0.05055000 0.17655000
v -0.06209350 -0.05095000 0.17285001
v -0.06209350 -0.05095000 0.18025000
v -0.06209350 -0.05115000 0.17285001
v -0.06209350 -0.05115000 0.18025000
v -0.06409350 -0.05155000 0.17655000
v -0.06209350 -0.05195000 0.17285001
v -0.06209350 -0.05195000 0.18025000
v -0.06209350 -0.05215000 0.17285001
v -0.06209350 -0.05215000 0.18025000
v -0.06409350 -0.05255000 0.17655000
v -0.06209350 -0.05295000 0.17285001
v -0.06209350 -0.05295000 0.18025000
v -0.06209350 -0.05315000 0.17285001
v -0.06209350 -0.05315000 0.18025000
v -0.06409350 -0.05355000 0.17655000
v -0.06209350 -0.05395000 0.17285001
v -0.06209350 -0.05395000 0.18025000
v -0.06209350 -0.05415000 0.17285001
v -0.06209350 -0.05415000 0.18025000
v -0.06409350 -0.05455000 0.17655000
v -0.06209350 -0.05495000 0.17285001
v -0.06209350 -0.05495000 0.18025000
v -0.06209350 -0.05515000 0.17285001
v -0.06209350 -0.05515000 0.18025000
v -0.06409350 -0.05555000 0.17655000
v -0.06209350 -0.05595000 0.17285001
v -0.06209350 -0.05595000 0.18025000
v -0.06209350 -0.05615000 0.17285001
v -0.06209350 -0.05615000 0.18025000
v -0.06409350 -0.05655000 0.17655000
v -0.06209350 -0.05695000 0.17285001
v -0.06209350 -0.05695000 0.18025000
v -0.06209350 -0.05715000 0.17285001
v -0.06209350 -0.05715000 0.18025000
v -0.06409350 -0.05755000 0.17655000
v -0.06209350 -0.05795000 0.17285001
v -0.06209350 -0.05795000 0.18025000
v -0.06209350 -0.05815000 0.17285001
v -0.06209350 -0.05815000 0.18025000
v -0.06409350 -0.05855000 0.17655000
v -0.06209350 -0.05895000 0.17285001
v -0.06209350 -0.05895000 0.18025000
v -0.06209350 -0.05915000 0.17285001
v -0.06209350 -0.05915000 0.18025000
v -0.06409350 -0.05955000 0.17655000
v -0.06209350 -0.05995000 0.17285001
v -0.06209350 -0.05995000 0.18025000
v -0.06209350 -0.06015000 0.17285001
v -0.06209350 -0.06015000 0.18025000
v -0.06409350 -0.06055000 0.17655000
v -0.06209350 -0.06095000 0.17285001
v -0.06209350 -0.06095000 0.18025000
v -0.06209350 -0.06115000 0.17285001
v -0.06409350 -0.06168333 0.17285001
v -0.06359350 -0.06135000 0.18025000
v -0.06209350 -0.06195000 0.17285001
v -0.06209350 -0.06195000 0.18025000
v -0.06209350 -0.06215000 0.17285001
v -0.06342683 -0.06259445 0.17854231
v -0.06209350 -0.06295000 0.17285001
v -0.11900489 0.08379025 0.22630730
v -0.13191712 0.08225593 0.22826464
v -0.10802512 -0.03481379 0.16825000
v -0.10877214 -0.03677280 0.17032759
v -0.10796321 -0.03487548 0.16825000
v -0.10790134 -0.03483004 0.17125000
v -0.10802512 -0.03481379 0.17125000
v -0.10642255 -0.06227034 0.17285001
v -0.10893118 -0.06473019 0.17285001
v -0.10916883 -0.06490285 0.17285001
v -0.10865961 -0.06331132 0.17195989
v -0.10637179 -0.06389650 0.17285001
v -0.10637179 -0.06238438 0.17285001
v -0.11006229 -0.06232170 0.17285001
v -0.10858517 -0.06484261 0.17285001
v -0.10878175 -0.06506091 0.17285001
v -0.10890047 -0.06502234 0.17285001
v -0.10849440 -0.06115889 0.17285001
v -0.10837672 -0.06127360 0.17285001
v -0.10973042 -0.06227034 0.17285001
v -0.10987730 -0.06201594 0.17285001
v -0.10980393 -0.06191495 0.17285001
v -0.10642255 -0.06401054 0.17285001
v -0.10741254 -0.06161362 0.17941251
v -0.10893118 -0.06155069 0.17285001
v -0.10890047 -0.06125854 0.17285001
v -0.10878175 -0.06121997 0.17285001
v -0.10960737 -0.06169664 0.17285001
v -0.10951460 -0.06161311 0.17285001
v -0.10837025 -0.06513504 0.17285001
v -0.10849440 -0.06512199 0.17285001
v -0.10811101 -0.06486161 0.17285001
v -0.10622434 -0.06307803 0.17285001
v -0.10622434 -0.06320285 0.17285001
v -0.10740443 -0.06156156 0.17298462
v -0.10916883 -0.06137803 0.17285001
v -0.10849440 -0.06115889 0.17985001
v -0.10837025 -0.06114584 0.17985001
v -0.10858517 -0.06143827 0.17985001
v -0.10878175 -0.06121997 0.17985001
v -0.10837025 -0.06513504 0.17985001
v -0.10642255 -0.06401054 0.17985001
v -0.10637179 -0.06389650 0.17985001
v -0.10720490 -0.06369175 0.17744877
v -0.10622434 -0.06320285 0.17985001
v -0.10622434 -0.06307803 0.17985001
v -0.10637179 -0.06238438 0.17985001
v -0.10642255 -0.06227034 0.17985001
v -0.10653516 -0.06245613 0.17985001
v -0.10890047 -0.06125854 0.17985001
v -0.10893118 -0.06155069 0.17985001
v -0.10916883 -0.06137803 0.17985001
v -0.10951460 -0.06161311 0.17985001
v -0.10944299 -0.06176603 0.17985001
v -0.10980393 -0.06191495 0.17985001
v -0.10987730 -0.06201594 0.17985001
v -0.10973042 -0.06227034 0.17985001
v -0.11002419 -0.06227034 0.17985001
v -0.10922440 -0.06382923 0.17949958
v -0.10916883 -0.06490285 0.17985001
v -0.10893118 -0.06473019 0.17985001
v -0.10890047 -0.06502234 0.17985001
v -0.10878175 -0.06506091 0.17985001
v -0.10858517 -0.06484261 0.17985001
v -0.10849440 -0.06512199 0.17985001
v 0.02211329 -0.09455142 0.23491502
v 0.02340171 -0.09435714 0.23916294
v 0.02206644 -0.09304631 0.23967553
v 0.02177878 -0.09505317 0.23872086
v 0.02291269 -0.09470000 0.23823666
v 0.01774360 -0.09435821 0.23715718
v 0.01906703 -0.09570000 0.23963415
v -0.09845000 0.03540005 0.17411667
v -0.11195000 0.02290005 0.17385001
v -0.08495000 0.02290005 0.17385001
v -0.08495000 0.04790005 0.17385001
v -0.11195000 0.04790005 0.17385001
v -0.08495000 0.04790005 0.17285001
v -0.11195000 0.04790005 0.17285001
v -0.08495000 0.02290005 0.17285001
v -0.11195000 0.02290005 0.17285001
v -0.11500696 -0.09042952 0.16112896
v -0.02286389 -0.04098873 0.25075000
v -0.02433335 -0.04098873 0.25075000
v -0.02398489 -0.04081118 0.25075000
v -0.02478744 -0.04238627 0.25075000
v -0.02398489 -0.04318882 0.25075000
v -0.02433335 -0.04301127 0.25075000
v -0.02359862 -0.04075000 0.25075000
v -0.02478744 -0.04161373 0.25075000
v -0.02460989 -0.04126527 0.25075000
v -0.02359862 -0.04325000 0.25075000
v -0.02286389 -0.04301127 0.25075000
v -0.02321235 -0.04318882 0.25075000
v -0.02234862 -0.04200000 0.25075000
v -0.02240980 -0.04238627 0.25075000
v -0.02484862 -0.04200000 0.25075000
v -0.02258735 -0.04126527 0.25075000
v -0.02258735 -0.04273473 0.25075000
v -0.02240980 -0.04161373 0.25075000
v -0.02321235 -0.04081118 0.25075000
v -0.02460989 -0.04273473 0.25075000
v -0.02234862 -0.04200000 0.24150000
v -0.02240980 -0.04238627 0.24150000
v -0.02258735 -0.04273473 0.24150000
v -0.02286389 -0.04301127 0.24150000
v -0.02321235 -0.04318882 0.24150000
v -0.02359862 -0.04325000 0.24150000
v -0.02398489 -0.04318882 0.24150000
v -0.02433335 -0.04301127 0.24150000
v -0.02460989 -0.04273473 0.24150000
v -0.02478744 -0.04238627 0.24150000
v -0.02484862 -0.04200000 0.24150000
v -0.02478744 -0.04161373 0.24150000
v -0.02460989 -0.04126527 0.24150000
v -0.02433335 -0.04098873 0.24150000
v -0.02398489 -0.04081118 0.24150000
v -0.02359862 -0.04075000 0.24150000
v -0.02321235 -0.04081118 0.24150000
v -0.02286389 -0.04098873 0.24150000
v -0.02258735 -0.04126527 0.24150000
v -0.02240980 -0.04161373 0.24150000
v -0.02619890 -0.04317738 0.24125000
v -0.02325522 -0.03995968 0.24037452
v -0.02151724 -0.04133964 0.24084113
v -0.02282633 -0.04484234 0.24125000
v -0.02363933 -0.03826406 0.25082500
v -0.02456492 -0.03939177 0.25075000
v -0.02606465 -0.04083109 0.25075000
v -0.02252560 -0.04524062 0.25081122
v -0.02759862 -0.04200000 0.25091667
v -0.02286389 -0.08698873 0.25075000
v -0.02433335 -0.08698873 0.25075000
v -0.02398489 -0.08681118 0.25075000
v -0.02478744 -0.08838627 0.25075000
v -0.02398489 -0.08918882 0.25075000
v -0.02433335 -0.08901127 0.25075000
v -0.02359862 -0.08675000 0.25075000
v -0.02478744 -0.08761373 0.25075000
v -0.02460989 -0.08726527 0.25075000
v -0.02359862 -0.08925000 0.25075000
v -0.02286389 -0.08901127 0.25075000
v -0.02321235 -0.08918882 0.25075000
v -0.02234862 -0.08800000 0.25075000
v -0.02240980 -0.08838627 0.25075000
v -0.02484862 -0.08800000 0.25075000
v -0.02258735 -0.08726527 0.25075000
v -0.02258735 -0.08873473 0.25075000
v -0.02240980 -0.08761373 0.25075000
v -0.02321235 -0.08681118 0.25075000
v -0.02460989 -0.08873473 0.25075000
v -0.02234862 -0.08800000 0.24150000
v -0.02240980 -0.08838627 0.24150000
v -0.02258735 -0.08873473 0.24150000
v -0.02286389 -0.08901127 0.24150000
v -0.02321235 -0.08918882 0.24150000
v -0.02359862 -0.08925000 0.24150000
v -0.02398489 -0.08918882 0.24150000
v -0.02433335 -0.08901127 0.24150000
v -0.02460989 -0.08873473 0.24150000
v -0.02478744 -0.08838627 0.24150000
v -0.02484862 -0.08800000 0.24150000
v -0.02478744 -0.08761373 0.24150000
v -0.02460989 -0.08726527 0.24150000
v -0.02433335 -0.08698873 0.24150000
v -0.02398489 -0.08681118 0.24150000
v -0.02359862 -0.08675000 0.24150000
v -0.02321235 -0.08681118 0.24150000
v -0.02286389 -0.08698873 0.24150000
v -0.02258735 -0.08726527 0.24150000
v -0.02240980 -0.08761373 0.24150000
v -0.02675570 -0.08783754 0.24125000
v -0.02412618 -0.08462289 0.24888333
v -0.02128378 -0.08645787 0.24125000
v -0.02322895 -0.09116273 0.25083333
v -0.12674391 0.08399658 0.30575000
v -0.12687196 0.08433423 0.30575000
v -0.12758234 0.08571905 0.30575000
v -0.12785606 0.08611562 0.30575000
v -0.12982559 0.08747508 0.30575000
v -0.13099594 0.08776354 0.30575000
v -0.13159862 0.08776354 0.30575000
v -0.13220131 0.08776354 0.30575000
v -0.13443895 0.08691492 0.30575000
v -0.13561490 0.08571905 0.30575000
v -0.13534117 0.08611562 0.30575000
v -0.13602589 0.08512362 0.30575000
v -0.13645332 0.08399658 0.30575000
v -0.13651621 0.08332888 0.30673375
v -0.13281375 0.08684914 0.30922739
v -0.13475511 0.08392280 0.31013339
v -0.12780170 0.08471199 0.30898910
v -0.12925094 0.08620392 0.30948708
v -0.13082630 0.08698021 0.30898763
v -0.13447502 0.08585440 0.30911554
v -0.13645332 0.08160342 0.30575000
v -0.13602589 0.08047639 0.30575000
v -0.13561490 0.07988095 0.30575000
v -0.13534117 0.07948439 0.30575000
v -0.13337164 0.07812492 0.30575000
v -0.13220131 0.07783646 0.30575000
v -0.13159862 0.07783646 0.30575000
v -0.13099594 0.07783646 0.30575000
v -0.12875830 0.07868508 0.30575000
v -0.12758234 0.07988095 0.30575000
v -0.12785606 0.07948439 0.30575000
v -0.12687196 0.08126577 0.30575000
v -0.12674391 0.08160342 0.30575000
v -0.12736945 0.08089740 0.30822663
v -0.12769473 0.08287357 0.30966810
v -0.13536285 0.08122422 0.30930091
v -0.13420940 0.07939073 0.30904072
v -0.13244011 0.07880693 0.30930088
v -0.13032792 0.07878428 0.30921156
v -0.12879039 0.07983910 0.30930084
v -0.13635390 0.08125491 0.22275000
v -0.13659862 0.08280000 0.22275000
v -0.13564371 0.07986108 0.22275000
v -0.13453755 0.07875491 0.22275000
v -0.13314371 0.07804472 0.22275000
v -0.13159862 0.07780000 0.22275000
v -0.13005353 0.07804472 0.22275000
v -0.12865970 0.07875491 0.22275000
v -0.12755354 0.07986108 0.22275000
v -0.12659862 0.08280000 0.23175000
v -0.12684334 0.08125491 0.23175000
v -0.12691487 0.08105000 0.23175000
v -0.12691487 0.08105000 0.22275000
v -0.12865970 0.08684509 0.22275000
v -0.12755354 0.08573893 0.22275000
v -0.13005353 0.08755528 0.22275000
v -0.13159862 0.08780000 0.22275000
v -0.13314371 0.08755528 0.22275000
v -0.13453755 0.08684509 0.22275000
v -0.13564371 0.08573893 0.22275000
v -0.13635390 0.08434509 0.22275000
v -0.12684334 0.08434509 0.23175000
v -0.12691487 0.08455000 0.23175000
v -0.13459862 0.08455000 0.23175000
v -0.14524376 0.02946038 0.17664999
v -0.14524376 0.01916038 0.17664999
v -0.14755145 0.01883956 0.17524192
v -0.14524376 0.01736283 0.17530881
v -0.14524376 0.01731858 0.17535304
v -0.14524376 0.01729017 0.17540880
v -0.14524376 0.01728038 0.17547061
v -0.14524376 0.01748038 0.17527060
v -0.14524376 0.01741858 0.17528040
v -0.14524376 0.01728038 0.17825000
v -0.14524376 0.03134038 0.17547061
v -0.14524376 0.03125794 0.17530881
v -0.14524376 0.03120219 0.17528040
v -0.14524376 0.03133060 0.17540880
v -0.14524376 0.03114038 0.17527060
v -0.14524376 0.03125794 0.17841180
v -0.14524376 0.03134038 0.17825000
v -0.14524376 0.03130219 0.17836755
v -0.14524376 0.03133060 0.17831180
v -0.14524376 0.01736283 0.17841180
v -0.14524376 0.01729017 0.17831180
v -0.14524376 0.01748038 0.17845000
v -0.14524376 0.03114038 0.17845000
v -0.14524376 0.01741858 0.17844022
v -0.14755145 0.02972686 0.17522591
v -0.14524376 0.03130219 0.17535304
v -0.14524376 0.03120219 0.17844022
v -0.14524376 0.01731858 0.17836755
v -0.15774376 0.03018138 0.17433351
v -0.15774376 0.01805044 0.17479276
v -0.15774376 0.01748038 0.17527060
v -0.15774376 0.01741858 0.17528040
v -0.15774376 0.01736283 0.17530881
v -0.15774376 0.01731858 0.17535304
v -0.15774376 0.01729017 0.17540880
v -0.15774376 0.01728038 0.17547061
v -0.15774376 0.01728038 0.17825000
v -0.15774376 0.01748038 0.17845000
v -0.15774376 0.03114038 0.17845000
v -0.15774376 0.01729017 0.17831180
v -0.15774376 0.01731858 0.17836755
v -0.15774376 0.01736283 0.17841180
v -0.15774376 0.01741858 0.17844022
v -0.15774376 0.03120219 0.17844022
v -0.15774376 0.03125794 0.17841180
v -0.15774376 0.03130219 0.17836755
v -0.15774376 0.03133060 0.17831180
v -0.15774376 0.03134038 0.17547061
v -0.15774376 0.03133060 0.17540880
v -0.15774376 0.03130219 0.17535304
v -0.15774376 0.03125794 0.17530881
v -0.15774376 0.03120219 0.17528040
v -0.15774376 0.03114038 0.17527060
v -0.15774377 0.01674657 0.17511544
v -0.15774376 0.01680323 0.17842738
v -0.15774376 0.01697718 0.17873660
v -0.15774376 0.01711692 0.17884824
v -0.15774376 0.03169753 0.17757348
v -0.15774376 0.03172606 0.17499020
v -0.15774376 0.01687029 0.17859320
v -0.15774376 0.01728038 0.17892082
v -0.15774376 0.03155183 0.17881631
v -0.15774376 0.03170670 0.17866145
v -0.15774376 0.03180612 0.17846631
v -0.15774376 0.01766038 0.17477060
v -0.15774376 0.01748038 0.17477060
v -0.15774376 0.03114038 0.17895000
v -0.15774376 0.03135670 0.17891574
v -0.15774376 0.03114038 0.17477060
v -0.15774376 0.03096038 0.17477060
v -0.15774376 0.02952031 0.17350194
v -0.15774376 0.02431038 0.17318236
v -0.15774376 0.02936102 0.17344080
v -0.15774376 0.01925974 0.17344080
v -0.15774376 0.01910046 0.17350194
v -0.14474376 0.01728038 0.17892082
v -0.14474376 0.03114038 0.17895000
v -0.14474376 0.03135670 0.17891574
v -0.14474376 0.03155183 0.17881631
v -0.14474376 0.03170670 0.17866145
v -0.14474376 0.03180612 0.17846631
v -0.14697709 0.01665373 0.17526307
v -0.14474376 0.01687029 0.17859320
v -0.14474376 0.01697718 0.17873660
v -0.14474376 0.01711692 0.17884824
v -0.14474376 0.03114038 0.17477060
v -0.14474376 0.03099788 0.17474020
v -0.14474376 0.01896070 0.17359979
v -0.14474376 0.01766038 0.17477060
v -0.14474376 0.02952031 0.17350194
v -0.14474376 0.02936102 0.17344080
v -0.14474376 0.02919168 0.17342000
v -0.15464375 0.02919168 0.17342000
v -0.14474376 0.01925974 0.17344080
v -0.15464375 0.01942909 0.17342000
v -0.14474376 0.01910046 0.17350194
v -0.14474376 0.01942909 0.17342000
v -0.14610427 0.03175739 0.17499878
v -0.14678042 0.03141181 0.17227211
v -0.14541376 0.01728250 0.17479588
v -0.15309375 0.01692795 0.17494344
v -0.14555382 0.01723271 0.17423552
v -0.15043049 0.01722910 0.17234343
v -0.15340375 0.03067933 0.17259412
v -0.15309375 0.03168294 0.17493279
v -0.08333050 0.06898995 0.22138255
v -0.08459862 0.06897552 0.23190451
v -0.08203536 0.04558490 0.23214222
v -0.08459862 0.04520611 0.23215451
v -0.08459862 0.04534549 0.23222552
v -0.08459862 0.04550000 0.23225000
v -0.10509862 0.04509549 0.23204390
v -0.10509862 0.04520611 0.23215451
v -0.10509862 0.04534549 0.23222552
v -0.10509862 0.04550000 0.23225000
v -0.10024712 0.04254766 0.22703879
v -0.09734673 0.06920199 0.22860894
v -0.08459862 0.06897552 0.22159549
v -0.08459862 0.06890451 0.22145610
v -0.08459862 0.06879389 0.22134549
v -0.08459862 0.06865451 0.22127448
v -0.07593608 0.05106301 0.22064761
v -0.08459862 0.06850000 0.22125000
v -0.10509862 0.06850000 0.22125000
v -0.10509862 0.06550000 0.22125000
v -0.10509862 0.06897552 0.22159549
v -0.10509862 0.06890451 0.22145610
v -0.10509862 0.06879389 0.22134549
v -0.10509862 0.06865451 0.22127448
v -0.09959862 0.06900000 0.23175000
v -0.10509862 0.06897552 0.23190451
v -0.07544527 0.05967232 0.23034604
v -0.10505477 0.07032132 0.22528374
v -0.09956834 0.07588443 0.22659370
v -0.10911671 0.00707357 0.23296302
v -0.10738747 0.00766287 0.23868837
v -0.10817649 0.00203773 0.23097026
v -0.10860617 0.01202925 0.23068746
v -0.10725612 0.00745836 0.22758165
v -0.10565417 0.00399454 0.23036904
v -0.10569862 0.00700000 0.22921439
v -0.10568685 0.01000546 0.23036904
v -0.10509862 0.00463811 0.22752273
v -0.10393195 0.01127214 0.23039136
v -0.10333118 0.00226991 0.23099534
v -0.09969862 0.00831467 0.23454023
v -0.04589803 -0.06884493 0.16175000
v -0.04442857 -0.06884493 0.16175000
v -0.04477703 -0.06866738 0.16175000
v -0.04397448 -0.07024247 0.16175000
v -0.04477703 -0.07104502 0.16175000
v -0.04442857 -0.07086747 0.16175000
v -0.04516330 -0.06860620 0.16175000
v -0.04397448 -0.06946993 0.16175000
v -0.04415203 -0.06912147 0.16175000
v -0.04516330 -0.07110620 0.16175000
v -0.04589803 -0.07086747 0.16175000
v -0.04554957 -0.07104502 0.16175000
v -0.04641330 -0.06985620 0.16175000
v -0.04635212 -0.07024247 0.16175000
v -0.04391330 -0.06985620 0.16175000
v -0.04617457 -0.06912147 0.16175000
v -0.04617457 -0.07059093 0.16175000
v -0.04635212 -0.06946993 0.16175000
v -0.04554957 -0.06866738 0.16175000
v -0.04415203 -0.07059093 0.16175000
v -0.04641330 -0.06985620 0.17100000
v -0.04635212 -0.07024247 0.17100000
v -0.04617457 -0.07059093 0.17100000
v -0.04589803 -0.07086747 0.17100000
v -0.04554957 -0.07104502 0.17100000
v -0.04516330 -0.07110620 0.17100000
v -0.04477703 -0.07104502 0.17100000
v -0.04442857 -0.07086747 0.17100000
v -0.04415203 -0.07059093 0.17100000
v -0.04397448 -0.07024247 0.17100000
v -0.04391330 -0.06985620 0.17100000
v -0.04397448 -0.06946993 0.17100000
v -0.04415203 -0.06912147 0.17100000
v -0.04442857 -0.06884493 0.17100000
v -0.04477703 -0.06866738 0.17100000
v -0.04516330 -0.06860620 0.17100000
v -0.04554957 -0.06866738 0.17100000
v -0.04589803 -0.06884493 0.17100000
v -0.04617457 -0.06912147 0.17100000
v -0.04635212 -0.06946993 0.17100000
v -0.04383550 -0.06753212 0.17137152
v -0.04548236 -0.06830728 0.17124589
v -0.04526387 -0.07239139 0.17139205
v -0.04278327 -0.07073526 0.17139205
v -0.04784645 -0.06906829 0.17141553
v -0.04467086 -0.06997574 0.16170000
v 0.00113611 -0.04098873 0.25075000
v -0.00033335 -0.04098873 0.25075000
v 0.00001511 -0.04081118 0.25075000
v -0.00078744 -0.04238627 0.25075000
v 0.00001511 -0.04318882 0.25075000
v -0.00033335 -0.04301127 0.25075000
v 0.00040138 -0.04075000 0.25075000
v -0.00078744 -0.04161373 0.25075000
v -0.00060989 -0.04126527 0.25075000
v 0.00040138 -0.04325000 0.25075000
v 0.00113611 -0.04301127 0.25075000
v 0.00078765 -0.04318882 0.25075000
v 0.00165138 -0.04200000 0.25075000
v 0.00159020 -0.04238627 0.25075000
v -0.00084862 -0.04200000 0.25075000
v 0.00141265 -0.04126527 0.25075000
v 0.00141265 -0.04273473 0.25075000
v 0.00159020 -0.04161373 0.25075000
v 0.00078765 -0.04081118 0.25075000
v -0.00060989 -0.04273473 0.25075000
v 0.00165138 -0.04200000 0.24150000
v 0.00159020 -0.04238627 0.24150000
v 0.00141265 -0.04273473 0.24150000
v 0.00113611 -0.04301127 0.24150000
v 0.00078765 -0.04318882 0.24150000
v 0.00040138 -0.04325000 0.24150000
v 0.00001511 -0.04318882 0.24150000
v -0.00033335 -0.04301127 0.24150000
v -0.00060989 -0.04273473 0.24150000
v -0.00078744 -0.04238627 0.24150000
v -0.00084862 -0.04200000 0.24150000
v -0.00078744 -0.04161373 0.24150000
v -0.00060989 -0.04126527 0.24150000
v -0.00033335 -0.04098873 0.24150000
v 0.00001511 -0.04081118 0.24150000
v 0.00040138 -0.04075000 0.24150000
v 0.00078765 -0.04081118 0.24150000
v 0.00113611 -0.04098873 0.24150000
v 0.00141265 -0.04126527 0.24150000
v 0.00159020 -0.04161373 0.24150000
v 0.00355846 -0.04216245 0.24125000
v 0.00008516 -0.03916315 0.24125000
v -0.00017451 -0.04479572 0.24125000
v 0.00053716 -0.04182838 0.25079667
v -0.11558330 -0.03056993 0.18198558
v -0.11815343 -0.00140071 0.17888857
v -0.11837749 -0.00100296 0.17885002
v -0.11837749 -0.02710666 0.17885002
v -0.11701442 -0.00346230 0.17911258
v -0.11815396 -0.02789126 0.17889076
v -0.11910249 -0.02582767 0.17958000
v -0.11909109 -0.02584230 0.17945152
v -0.11906706 0.00037070 0.17935536
v -0.11910046 0.00044408 0.17950466
v -0.11906511 -0.02587619 0.17935590
v -0.11902489 -0.02592892 0.17924330
v -0.11896424 0.00014920 0.17915254
v -0.11901982 0.00026809 0.17924257
v -0.11896066 -0.02601985 0.17915547
v -0.11886345 -0.02616093 0.17903976
v -0.11880399 -0.00018328 0.17899118
v -0.11859074 -0.00059312 0.17892061
v -0.11864293 -0.02653035 0.17890194
v -0.11879872 -0.02626936 0.17899931
v -0.11872596 -0.00033324 0.17896536
v -0.11860033 -0.02662284 0.17889362
v -0.11910249 0.00044859 0.18837000
v -0.12010249 -0.02486174 0.18837000
v -0.12006042 0.00299098 0.18837000
v -0.12010249 0.00313069 0.18837000
v -0.12010249 0.00313069 0.17958000
v -0.11600639 -0.00466973 0.18125051
v -0.11347749 -0.03090604 0.17885002
v -0.11347749 -0.00698831 0.17885002
v -0.11325310 -0.03090604 0.17888698
v -0.11325310 -0.00717483 0.17888698
v -0.11125187 -0.03090604 0.17888698
v -0.11102748 -0.03090604 0.17885002
v -0.11102748 -0.00876937 0.17885002
v -0.11145399 -0.03090604 0.17899118
v -0.11125187 -0.00862774 0.17888698
v -0.10948222 -0.02556544 0.18476985
v -0.11225567 -0.00795189 0.17988461
v -0.11033791 -0.03090604 0.17935536
v -0.11030248 -0.03090604 0.17958000
v -0.11030248 -0.00920078 0.17958000
v -0.11031145 -0.00919568 0.17946591
v -0.11044073 -0.03090604 0.17915254
v -0.11033791 -0.00918060 0.17935536
v -0.11038181 -0.00915547 0.17924905
v -0.11060098 -0.03090604 0.17899118
v -0.11044073 -0.00912152 0.17915254
v -0.11080310 -0.03090604 0.17888698
v -0.11060098 -0.00902791 0.17899118
v -0.11080310 -0.00890711 0.17888698
v -0.10744676 -0.02207111 0.18837000
v -0.10930248 -0.03090604 0.17958000
v -0.10880186 -0.03090604 0.17888698
v -0.10857748 -0.03090604 0.17885002
v -0.10857748 -0.01007895 0.17885002
v -0.10900399 -0.03090604 0.17899118
v -0.10880186 -0.00997581 0.17888698
v -0.10916424 -0.03090604 0.17915254
v -0.10900399 -0.00988015 0.17899118
v -0.10926707 -0.03090604 0.17935536
v -0.10916424 -0.00980244 0.17915254
v -0.10922312 -0.00977347 0.17924899
v -0.10926707 -0.00975170 0.17935536
v -0.10930006 -0.00973522 0.17950352
v -0.10788790 -0.03090604 0.17935536
v -0.10785249 -0.03090604 0.17958000
v -0.10785249 -0.01039087 0.17958000
v -0.10786143 -0.01038721 0.17946605
v -0.10799073 -0.03090604 0.17915254
v -0.10788790 -0.01037637 0.17935536
v -0.10793166 -0.01035835 0.17924934
v -0.10815098 -0.03090604 0.17899118
v -0.10799073 -0.01033386 0.17915254
v -0.10835310 -0.03090604 0.17888698
v -0.10815098 -0.01026633 0.17899118
v -0.10835310 -0.01017893 0.17888698
v -0.10857672 -0.01007928 0.17885014
v -0.10561402 -0.02173145 0.18837000
v -0.10685249 -0.03090604 0.17958000
v -0.10635187 -0.03090604 0.17888698
v -0.10612749 -0.03090604 0.17885002
v -0.10612749 -0.01100914 0.17885002
v -0.10655399 -0.03090604 0.17899118
v -0.10635187 -0.01093818 0.17888698
v -0.10671424 -0.03090604 0.17915254
v -0.10655399 -0.01087189 0.17899118
v -0.10681706 -0.03090604 0.17935536
v -0.10671424 -0.01081772 0.17915254
v -0.10677355 -0.01079731 0.17924983
v -0.10681706 -0.01078221 0.17935536
v -0.10685008 -0.01077067 0.17950371
v -0.10390187 -0.03090604 0.17888698
v -0.10367748 -0.03090604 0.17885002
v -0.10367748 -0.01161104 0.17885002
v -0.10410399 -0.03090604 0.17899118
v -0.10390187 -0.01156870 0.17888698
v -0.10335745 -0.02017219 0.18214730
v -0.10298791 -0.03090604 0.17935536
v -0.10295248 -0.03090604 0.17958000
v -0.10295248 -0.01173077 0.17958000
v -0.10296141 -0.01172945 0.17946617
v -0.10309073 -0.03090604 0.17915254
v -0.10298791 -0.01172552 0.17935536
v -0.10303152 -0.01171898 0.17924962
v -0.10325098 -0.03090604 0.17899118
v -0.10309073 -0.01170994 0.17915254
v -0.10345310 -0.03090604 0.17888698
v -0.10325098 -0.01168462 0.17899118
v -0.10345310 -0.01165087 0.17888698
v -0.10187136 -0.02145637 0.18837000
v -0.10195248 -0.01185377 0.17958000
v -0.10195248 -0.03090604 0.17958000
v -0.10145187 -0.03090604 0.17888698
v -0.10122749 -0.03090604 0.17885002
v -0.10122749 -0.01191281 0.17885002
v -0.10165399 -0.03090604 0.17899118
v -0.10145187 -0.01189722 0.17888698
v -0.10181424 -0.03090604 0.17915254
v -0.10165399 -0.01188112 0.17899118
v -0.10166866 -0.01187983 0.17900595
v -0.10191706 -0.03090604 0.17935536
v -0.10181424 -0.01186697 0.17915254
v -0.10191706 -0.01185723 0.17935536
v -0.10194357 -0.01185464 0.17946622
v -0.09974887 -0.02238145 0.18799229
v -0.10064073 -0.03090604 0.17915254
v -0.10053790 -0.01194570 0.17935536
v -0.10080098 -0.03090604 0.17899118
v -0.10064073 -0.01194223 0.17915254
v -0.10100310 -0.03090604 0.17888698
v -0.10080098 -0.01193582 0.17899118
v -0.10100310 -0.01192600 0.17888698
v -0.09877748 -0.03090604 0.17885002
v -0.09877748 -0.01192735 0.17885002
v -0.09900187 -0.01193787 0.17888698
v -0.09900187 -0.03090604 0.17888698
v -0.09920399 -0.01194529 0.17899118
v -0.09920399 -0.03090604 0.17899118
v -0.09936424 -0.01194980 0.17915254
v -0.09936424 -0.03090604 0.17915254
v -0.09946706 -0.01195205 0.17935536
v -0.09946706 -0.03090604 0.17935536
v -0.09805248 -0.03090604 0.17958000
v -0.09808791 -0.01188001 0.17935536
v -0.09805251 -0.01187692 0.17957982
v -0.09808791 -0.03090604 0.17935536
v -0.09819073 -0.01188851 0.17915254
v -0.09819073 -0.03090604 0.17915254
v -0.09835098 -0.01190075 0.17899118
v -0.09835098 -0.03090604 0.17899118
v -0.09855310 -0.01191444 0.17888698
v -0.09855310 -0.03090604 0.17888698
v -0.09816885 -0.01926810 0.18834676
v -0.09632748 -0.03090604 0.17885002
v -0.09632748 -0.01165526 0.17885002
v -0.09655186 -0.01169232 0.17888698
v -0.09655186 -0.03090604 0.17888698
v -0.09675399 -0.01172357 0.17899118
v -0.09675399 -0.03090604 0.17899118
v -0.09691424 -0.01174693 0.17915254
v -0.09691424 -0.03090604 0.17915254
v -0.09697376 -0.01175529 0.17925024
v -0.09701707 -0.01176126 0.17935536
v -0.09701707 -0.03090604 0.17935536
v -0.09563790 -0.03090604 0.17935536
v -0.09574073 -0.01154655 0.17915254
v -0.09574073 -0.03090604 0.17915254
v -0.09590098 -0.01157795 0.17899118
v -0.09590098 -0.03090604 0.17899118
v -0.09610310 -0.01161572 0.17888698
v -0.09610310 -0.03090604 0.17888698
v -0.09387749 -0.03090604 0.17885002
v -0.09387749 -0.01108498 0.17885002
v -0.09410187 -0.01115019 0.17888698
v -0.09410187 -0.03090604 0.17888698
v -0.09430399 -0.01120662 0.17899118
v -0.09430399 -0.03090604 0.17899118
v -0.09446424 -0.01124984 0.17915254
v -0.09446424 -0.03090604 0.17915254
v -0.09456286 -0.01127570 0.17934170
v -0.09601154 -0.01888882 0.18715486
v -0.09373050 -0.01847933 0.18649113
v -0.09329073 -0.01090161 0.17915254
v -0.09329073 -0.03090604 0.17915254
v -0.09345098 -0.01095355 0.17899118
v -0.09345098 -0.03090604 0.17899118
v -0.09365310 -0.01101707 0.17888698
v -0.09365310 -0.03090604 0.17888698
v -0.09142748 -0.03090604 0.17885002
v -0.09142748 -0.01019014 0.17885002
v -0.09165187 -0.01028667 0.17888698
v -0.09165187 -0.03090604 0.17888698
v -0.09185399 -0.01037100 0.17899118
v -0.09185399 -0.03090604 0.17899118
v -0.09201424 -0.01043612 0.17915254
v -0.09201424 -0.03090604 0.17915254
v -0.09207336 -0.01045976 0.17924945
v -0.09211707 -0.01047710 0.17935536
v -0.09211707 -0.03090604 0.17935536
v -0.09232291 -0.01917261 0.18440722
v -0.09100099 -0.00999809 0.17899117
v -0.09100098 -0.03090604 0.17899118
v -0.09120310 -0.01009052 0.17888698
v -0.09120310 -0.03090604 0.17888698
v -0.08897749 -0.03090604 0.17885002
v -0.08897749 -0.00892259 0.17885002
v -0.08920187 -0.00905608 0.17888698
v -0.08920187 -0.03090604 0.17888698
v -0.08940399 -0.00917314 0.17899118
v -0.08940399 -0.03090604 0.17899118
v -0.08956424 -0.00926384 0.17915254
v -0.08956424 -0.03090604 0.17915254
v -0.08825249 -0.03090604 0.17958000
v -0.08825628 -0.00846734 0.17949574
v -0.08828790 -0.00848816 0.17935536
v -0.08828790 -0.03090604 0.17935536
v -0.08833190 -0.00851700 0.17924889
v -0.08839073 -0.00855532 0.17915254
v -0.08839073 -0.03090604 0.17915254
v -0.08855098 -0.00865830 0.17899118
v -0.08855098 -0.03090604 0.17899118
v -0.08875310 -0.00878529 0.17888698
v -0.08875310 -0.03090604 0.17888698
v -0.09063833 -0.02555195 0.18837000
v -0.08725249 -0.03090604 0.18837000
v -0.08805167 -0.00833060 0.18837000
v -0.08742521 -0.00789084 0.18832885
v -0.08725249 -0.03090604 0.17958000
v -0.08652748 -0.03090604 0.17885002
v -0.08602391 -0.00680723 0.17875007
v -0.08675187 -0.00737658 0.17888698
v -0.08675187 -0.03090604 0.17888698
v -0.08695399 -0.00753517 0.17899118
v -0.08695399 -0.03090604 0.17899118
v -0.08711424 -0.00765811 0.17915254
v -0.08711424 -0.03090604 0.17915254
v -0.08717291 -0.00770252 0.17924858
v -0.08721706 -0.03090604 0.17935536
v -0.08721706 -0.00773573 0.17935536
v -0.08724335 -0.00775541 0.17946490
v -0.08453095 -0.03057081 0.18230069
v -0.08400591 -0.00496756 0.18116690
v -0.12082748 -0.02442343 0.17885002
v -0.12070702 -0.02448681 0.17886986
v -0.12061144 0.00538078 0.17891302
v -0.12082748 0.00649396 0.17885002
v -0.12081041 0.00649396 0.17885033
v -0.12060310 -0.02454148 0.17888698
v -0.12040098 -0.02466076 0.17899118
v -0.12040574 0.00427386 0.17899635
v -0.12043227 0.00437841 0.17896948
v -0.12024073 -0.02476477 0.17915254
v -0.12024644 0.00364626 0.17915770
v -0.12018192 -0.02480517 0.17924884
v -0.12013908 0.00325535 0.17935571
v -0.12018924 0.00342816 0.17922436
v -0.12013790 -0.02483622 0.17935536
v -0.12010785 0.00314869 0.17947627
v -0.11920872 -0.02560057 0.18828878
v -0.12151707 0.00649396 0.17935536
v -0.12155248 0.00649396 0.17958000
v -0.12155248 -0.02413321 0.17958000
v -0.12154349 -0.02413603 0.17946573
v -0.12141424 0.00649396 0.17915254
v -0.12151707 -0.02414441 0.17935536
v -0.12147348 -0.02415860 0.17924969
v -0.12125399 0.00649396 0.17899118
v -0.12141424 -0.02417859 0.17915254
v -0.12134023 -0.02420473 0.17906538
v -0.12105186 0.00649396 0.17888698
v -0.12125399 -0.02423686 0.17899118
v -0.12105186 -0.02431938 0.17888698
v -0.12155248 0.00649396 0.18837000
v -0.12255248 0.00649396 0.18837000
v -0.12255248 -0.02393011 0.18837000
v -0.12155971 -0.02410731 0.18837000
v -0.12255248 0.00649396 0.17958000
v -0.12255248 -0.02393011 0.17958000
v -0.12327748 0.00649396 0.17885002
v -0.12327748 -0.02391157 0.17885002
v -0.12316383 -0.02390751 0.17885971
v -0.12305310 0.00649396 0.17888698
v -0.12305310 -0.02390605 0.17888698
v -0.12285098 0.00649396 0.17899118
v -0.12294833 -0.02390693 0.17893097
v -0.12269073 0.00649396 0.17915254
v -0.12285098 -0.02390971 0.17899118
v -0.12258791 0.00649396 0.17935536
v -0.12269073 -0.02391843 0.17915254
v -0.12258791 -0.02392675 0.17935536
v -0.12400249 0.00649396 0.17958000
v -0.12396706 -0.02399227 0.17935536
v -0.12477311 -0.02418755 0.18809284
v -0.12396706 0.00649396 0.17935536
v -0.12392376 -0.02398432 0.17925024
v -0.12386424 -0.02397403 0.17915254
v -0.12386424 0.00649396 0.17915254
v -0.12370399 -0.02395000 0.17899118
v -0.12370399 0.00649396 0.17899118
v -0.12360275 -0.02393753 0.17892899
v -0.12350187 0.00649396 0.17888698
v -0.12349921 -0.02392808 0.17889508
v -0.12339131 -0.02391822 0.17885974
v -0.12400249 0.00649396 0.18837000
v -0.12400249 -0.02399907 0.18837000
v -0.12504248 0.00649396 0.18837000
v -0.11845991 -0.03090604 0.17747000
v -0.11834324 -0.02714007 0.17747074
v -0.11950695 -0.02537051 0.17747000
v -0.12211321 -0.02399315 0.17747000
v -0.12360275 -0.02393753 0.17747000
v -0.12504248 -0.02432347 0.17747000
v -0.12504248 0.00649396 0.17857001
v -0.12081041 0.00649396 0.17857001
v -0.12389248 -0.02770514 0.17647621
v -0.12120183 -0.02524104 0.17746789
v -0.11976216 -0.02961811 0.17689182
v -0.12046171 -0.02647742 0.17485001
v -0.12084886 -0.02609026 0.17485001
v -0.12155094 -0.02576763 0.17485001
v -0.12241827 -0.02584169 0.17485001
v -0.08185816 -0.03086471 0.17888085
v -0.08185158 -0.00182301 0.17888753
v -0.08162749 -0.02798801 0.17885002
v -0.08162749 -0.00144601 0.17885002
v -0.08184901 -0.00181889 0.17888603
v -0.08162414 -0.02797715 0.17885086
v -0.08140813 -0.02727656 0.17890526
v -0.08140341 -0.00104966 0.17888847
v -0.08129115 -0.02689710 0.17893472
v -0.08121236 -0.00069114 0.17900818
v -0.08139381 -0.00103268 0.17889012
v -0.08108217 -0.02647585 0.17910036
v -0.08104462 -0.02641127 0.17915523
v -0.08109849 -0.00047682 0.17908226
v -0.08104702 -0.00037476 0.17915691
v -0.08098616 -0.02631072 0.17924063
v -0.08094013 -0.00016113 0.17935620
v -0.08097734 -0.00023656 0.17925801
v -0.08093874 -0.02623432 0.17935571
v -0.08093473 -0.02622786 0.17936543
v -0.08091511 -0.00010734 0.17943444
v -0.08268097 -0.02195491 0.18858186
v -0.07986232 -0.02502273 0.17933239
v -0.07976424 -0.02494539 0.17915254
v -0.07975817 0.00278931 0.17915695
v -0.07981769 0.00260067 0.17923851
v -0.07960399 -0.02482693 0.17899118
v -0.07959374 0.00335536 0.17900681
v -0.07969455 0.00299098 0.17906976
v -0.07940187 -0.02469092 0.17888698
v -0.07940187 0.00404895 0.17888698
v -0.07917748 -0.02455589 0.17885002
v -0.07917748 0.00505495 0.17885002
v -0.11170329 -0.00833060 0.17857001
v -0.10857673 -0.01007929 0.17857001
v -0.10519940 -0.01127386 0.17857001
v -0.09808630 -0.01187988 0.17857001
v -0.10166866 -0.01187988 0.17857001
v -0.09455557 -0.01127386 0.17857001
v -0.09117825 -0.01007929 0.17857001
v -0.08805167 -0.00833060 0.17857001
v -0.08290149 -0.00338702 0.17857001
v -0.08102632 -0.00033463 0.17857001
v -0.07969455 0.00299098 0.17857001
v -0.07894456 0.00649396 0.17857001
v -0.07895341 0.00643928 0.17888835
v -0.12006042 0.00299098 0.17857001
v -0.11872865 -0.00033463 0.17857001
v -0.07894456 0.00649396 0.17888986
v -0.07904795 -0.02448679 0.17887135
v -0.07895310 -0.02443618 0.17888698
v -0.07875098 -0.02434046 0.17899118
v -0.07875098 0.00649396 0.17899118
v -0.07866526 -0.02430314 0.17906485
v -0.07859073 0.00649396 0.17915254
v -0.07859073 -0.02427223 0.17915254
v -0.07853167 -0.02424873 0.17924933
v -0.07848791 0.00649396 0.17935536
v -0.07848791 -0.02423187 0.17935536
v -0.07846143 -0.02422190 0.17946608
v -0.07845248 0.00649396 0.17958000
v -0.07828175 -0.02415705 0.18832950
v -0.07845248 0.00649396 0.18837000
v -0.07764175 -0.02399315 0.18837000
v -0.07633497 -0.00340542 0.18837000
v -0.07744871 -0.02396052 0.17949591
v -0.07745248 0.00649396 0.17958000
v -0.07741706 -0.02395593 0.17935536
v -0.07741706 0.00649396 0.17935536
v -0.07731424 -0.02394238 0.17915254
v -0.07731424 0.00649396 0.17915254
v -0.07715399 -0.02392557 0.17899118
v -0.07715399 0.00649396 0.17899118
v -0.07695187 -0.02391178 0.17888698
v -0.07695187 0.00649396 0.17888698
v -0.07684126 -0.02390770 0.17885973
v -0.07672749 0.00649396 0.17885002
v -0.07672749 -0.02390606 0.17885002
v -0.07650310 0.00649396 0.17888698
v -0.07661379 -0.02390702 0.17885971
v -0.07630098 0.00649396 0.17899118
v -0.07650310 -0.02391043 0.17888698
v -0.07614073 0.00649396 0.17915254
v -0.07630098 -0.02392300 0.17899118
v -0.07615224 -0.02393770 0.17914095
v -0.07603790 0.00649396 0.17935536
v -0.07614073 -0.02393884 0.17915254
v -0.07600249 0.00649396 0.17958000
v -0.07603790 -0.02395176 0.17935536
v -0.07515873 -0.02413210 0.18811730
v -0.07600249 -0.02395671 0.18837000
v -0.07600249 0.00649396 0.18837000
v -0.07471249 0.00649396 0.18837000
v -0.07471249 0.00649396 0.17857001
v -0.08129506 -0.03090604 0.17747000
v -0.07471249 -0.03090604 0.17599625
v -0.12504248 -0.03090604 0.17485001
v -0.07764175 -0.02399315 0.17747000
v -0.07593673 -0.02571689 0.17746533
v -0.07904870 -0.02448540 0.17747000
v -0.08024802 -0.02537051 0.17747000
v -0.08162537 -0.02797677 0.17747000
v -0.07471249 -0.02432347 0.17747000
v -0.07621313 -0.02696526 0.17485001
v -0.07646171 -0.02647742 0.17485001
v -0.07684886 -0.02609026 0.17485001
v -0.08005284 -0.02853279 0.17646542
v -0.10519940 0.02956178 0.17857001
v -0.11448898 0.02436612 0.17857001
v -0.11685349 0.02167494 0.17857001
v -0.10857673 0.02836720 0.17857001
v -0.11170329 0.02661852 0.17857001
v -0.11872865 0.01862255 0.17857001
v -0.09455557 0.02956178 0.17857001
v -0.09808630 0.03016779 0.17857001
v -0.10166866 0.03016779 0.17857001
v -0.08805167 0.02661852 0.17857001
v -0.09117825 0.02836720 0.17857001
v -0.08384051 0.02296808 0.17874339
v -0.08526599 0.02436612 0.17857001
v -0.07969455 0.01529693 0.17857001
v -0.08102632 0.01862255 0.17857001
v -0.12081041 0.01179396 0.17857001
v -0.12006042 0.01529693 0.17857001
v -0.12504248 0.01179396 0.17857001
v -0.07471249 0.01179396 0.17857001
v -0.07471249 0.05751138 0.17747000
v -0.07471249 0.01179396 0.18837000
v -0.07471249 0.06409396 0.17485001
v -0.07600249 0.05714463 0.18837000
v -0.07600249 0.01179396 0.18837000
v -0.07501348 0.05735963 0.18816933
v -0.07600249 0.01179396 0.17958000
v -0.07603790 0.05713967 0.17935536
v -0.07603790 0.01179396 0.17935536
v -0.07614073 0.05712675 0.17915254
v -0.07614073 0.01179396 0.17915254
v -0.07615224 0.05712562 0.17914095
v -0.07630098 0.01179396 0.17899118
v -0.07630098 0.05711092 0.17899118
v -0.07650310 0.05709834 0.17888698
v -0.07650310 0.01179396 0.17888698
v -0.07661372 0.05709493 0.17885973
v -0.07672749 0.01179396 0.17885002
v -0.07672749 0.05709398 0.17885002
v -0.07695187 0.01179396 0.17888698
v -0.07684119 0.05709562 0.17885971
v -0.07715399 0.01179396 0.17899118
v -0.07695187 0.05709969 0.17888698
v -0.07731424 0.01179396 0.17915254
v -0.07715399 0.05711349 0.17899118
v -0.07741706 0.01179396 0.17935536
v -0.07731424 0.05713030 0.17915254
v -0.07745248 0.01179396 0.17958000
v -0.07741706 0.05714385 0.17935536
v -0.07744356 0.05714769 0.17946617
v -0.07745248 0.05714902 0.17958000
v -0.07745248 0.05714902 0.18837000
v -0.07745248 0.01179396 0.18837000
v -0.07845248 0.01179396 0.18837000
v -0.07764175 0.05718107 0.18837000
v -0.07845248 0.05740649 0.18837000
v -0.07845248 0.01179396 0.17958000
v -0.07848791 0.01179396 0.17935536
v -0.07875098 0.01179396 0.17899118
v -0.07859073 0.01179396 0.17915254
v -0.07896969 0.01179641 0.17861835
v -0.07845248 0.05740649 0.17958000
v -0.07846152 0.05740985 0.17946550
v -0.07848791 0.05741978 0.17935536
v -0.07853168 0.05743665 0.17924930
v -0.07859073 0.05746015 0.17915254
v -0.07866496 0.05749093 0.17906516
v -0.07895341 0.01184863 0.17888835
v -0.07875098 0.05752837 0.17899118
v -0.07895310 0.05762410 0.17888698
v -0.07904795 0.05767471 0.17887135
v -0.07917748 0.01323297 0.17885002
v -0.07917748 0.05774381 0.17885002
v -0.07940187 0.05787884 0.17888698
v -0.07940187 0.01423897 0.17888698
v -0.07960399 0.05801484 0.17899118
v -0.07959374 0.01493255 0.17900681
v -0.07976424 0.05813330 0.17915254
v -0.07975817 0.01549860 0.17915695
v -0.07969455 0.01529693 0.17906976
v -0.08054937 0.01763953 0.18024926
v -0.08408227 0.05248832 0.18895026
v -0.08093924 0.05942298 0.17935571
v -0.08097476 0.05947898 0.17925421
v -0.08104073 0.01865115 0.17915254
v -0.08120098 0.01896221 0.17899118
v -0.08113028 0.05975237 0.17905019
v -0.08104513 0.05960101 0.17915601
v -0.08140310 0.01933744 0.17888698
v -0.08120704 0.05991755 0.17900021
v -0.08135102 0.06022742 0.17890645
v -0.08162749 0.01973393 0.17885002
v -0.08140514 0.06041309 0.17889540
v -0.07615222 0.05712545 0.17747000
v -0.07764175 0.05718107 0.17747000
v -0.08129506 0.06409396 0.17747000
v -0.08000967 0.06322853 0.17783447
v -0.08070813 0.05901021 0.17747126
v -0.08385310 0.06409396 0.17888698
v -0.08407748 0.06409396 0.17885002
v -0.08407748 0.02312859 0.17885002
v -0.08342753 0.06363147 0.18124715
v -0.08302242 0.02194753 0.18115653
v -0.08567816 0.06409396 0.17942768
v -0.08430186 0.02337808 0.17888698
v -0.08630310 0.06409396 0.17888698
v -0.08652748 0.06409396 0.17885002
v -0.08652748 0.02548371 0.17885002
v -0.08610098 0.06409396 0.17899118
v -0.08630310 0.02529778 0.17888698
v -0.08610098 0.02512576 0.17899118
v -0.08675579 0.06313661 0.18541596
v -0.08551641 0.02464650 0.18285429
v -0.08721706 0.06409396 0.17935536
v -0.08725249 0.06409396 0.17958000
v -0.08725249 0.02605015 0.17958000
v -0.08724348 0.02604342 0.17946567
v -0.08711424 0.06409396 0.17915254
v -0.08721706 0.02602364 0.17935536
v -0.08717287 0.02599041 0.17924850
v -0.08695399 0.06409396 0.17899118
v -0.08711424 0.02594603 0.17915254
v -0.08675187 0.06409396 0.17888698
v -0.08695399 0.02582309 0.17899118
v -0.08675187 0.02566450 0.17888698
v -0.08725249 0.02605015 0.18837000
v -0.08725249 0.06409396 0.18837000
v -0.09222244 0.05518501 0.18837000
v -0.08805167 0.02661852 0.18837000
v -0.08825249 0.06409396 0.17958000
v -0.08875310 0.06409396 0.17888698
v -0.08897749 0.06409396 0.17885002
v -0.08897749 0.02721050 0.17885002
v -0.08855098 0.06409396 0.17899118
v -0.08875310 0.02707321 0.17888698
v -0.08839073 0.06409396 0.17915254
v -0.08855098 0.02694621 0.17899118
v -0.08828790 0.06409396 0.17935536
v -0.08839073 0.02684324 0.17915254
v -0.08833216 0.02680509 0.17924837
v -0.08828790 0.02677608 0.17935536
v -0.08825491 0.02675435 0.17950343
v -0.08966706 0.06409396 0.17935536
v -0.08970248 0.06409396 0.17958000
v -0.08970248 0.02762853 0.17958000
v -0.08969352 0.02762359 0.17946593
v -0.08956424 0.06409396 0.17915254
v -0.08966706 0.02760899 0.17935536
v -0.08962318 0.02758465 0.17924908
v -0.08940399 0.06409396 0.17899118
v -0.08956424 0.02755176 0.17915254
v -0.08920187 0.06409396 0.17888698
v -0.08940399 0.02746105 0.17899118
v -0.08920187 0.02734399 0.17888698
v -0.08970248 0.02762853 0.18837000
v -0.09324646 0.05687721 0.18837000
v -0.09070248 0.06409396 0.17958000
v -0.09120310 0.06409396 0.17888698
v -0.09142748 0.06409396 0.17885002
v -0.09142748 0.02847806 0.17885002
v -0.09100098 0.06409396 0.17899118
v -0.09120310 0.02837844 0.17888698
v -0.09117829 0.02836709 0.17889977
v -0.09084073 0.06409396 0.17915254
v -0.09100098 0.02828600 0.17899118
v -0.09073791 0.06409396 0.17935536
v -0.09084073 0.02821087 0.17915254
v -0.09078178 0.02818282 0.17924910
v -0.09073791 0.02816179 0.17935536
v -0.09070490 0.02814588 0.17950349
v -0.09211707 0.06409396 0.17935536
v -0.09215248 0.06409396 0.17958000
v -0.09215248 0.02877899 0.17958000
v -0.09214354 0.02877547 0.17946605
v -0.09201424 0.06409396 0.17915254
v -0.09211707 0.02876501 0.17935536
v -0.09207331 0.02874765 0.17924936
v -0.09185399 0.06409396 0.17899118
v -0.09201424 0.02872404 0.17915254
v -0.09165187 0.06409396 0.17888698
v -0.09185399 0.02865891 0.17899118
v -0.09165187 0.02857458 0.17888698
v -0.09215248 0.02877899 0.18837000
v -0.09215248 0.06409396 0.18837000
v -0.09315248 0.06409396 0.18837000
v -0.09315248 0.02914357 0.18837000
v -0.09315248 0.06409396 0.17958000
v -0.09365310 0.06409396 0.17888698
v -0.09387749 0.06409396 0.17885002
v -0.09387749 0.02937290 0.17885002
v -0.09345098 0.06409396 0.17899118
v -0.09365310 0.02930499 0.17888698
v -0.09329073 0.06409396 0.17915254
v -0.09345098 0.02924147 0.17899118
v -0.09318790 0.06409396 0.17935536
v -0.09329073 0.02918952 0.17915254
v -0.09323139 0.02916993 0.17924989
v -0.09318790 0.02915544 0.17935536
v -0.09315488 0.02914434 0.17950372
v -0.09456706 0.06409396 0.17935536
v -0.09460249 0.06409396 0.17958000
v -0.09460249 0.02957395 0.17958000
v -0.09459355 0.02957164 0.17946613
v -0.09446424 0.06409396 0.17915254
v -0.09456444 0.02956408 0.17935606
v -0.09455557 0.02956178 0.17932253
v -0.09430399 0.06409396 0.17899118
v -0.09446424 0.02953775 0.17915254
v -0.09410187 0.06409396 0.17888698
v -0.09430399 0.02949454 0.17899118
v -0.09410187 0.02943810 0.17888698
v -0.09702355 0.04756174 0.18837000
v -0.09560249 0.06409396 0.17958000
v -0.09610310 0.06409396 0.17888698
v -0.09632748 0.06409396 0.17885002
v -0.09632748 0.02994318 0.17885002
v -0.09590098 0.06409396 0.17899118
v -0.09610310 0.02990363 0.17888698
v -0.09574073 0.06409396 0.17915254
v -0.09590098 0.02986586 0.17899118
v -0.09563790 0.06409396 0.17935536
v -0.09574073 0.02983447 0.17915254
v -0.09568124 0.02982248 0.17925018
v -0.09563790 0.02981364 0.17935536
v -0.09560488 0.02980683 0.17950383
v -0.09701707 0.06409396 0.17935536
v -0.09705248 0.06409396 0.17958000
v -0.09705248 0.03005399 0.17958000
v -0.09704356 0.03005278 0.17946617
v -0.09691424 0.06409396 0.17915254
v -0.09701707 0.03004917 0.17935536
v -0.09697344 0.03004316 0.17924962
v -0.09675399 0.06409396 0.17899118
v -0.09691424 0.03003485 0.17915254
v -0.09655186 0.06409396 0.17888698
v -0.09675399 0.03001149 0.17899118
v -0.09655186 0.02998023 0.17888698
v -0.09705248 0.03005399 0.18837000
v -0.09705248 0.06409396 0.18837000
v -0.09805248 0.06409396 0.18837000
v -0.09805248 0.03016488 0.18837000
v -0.09805248 0.06409396 0.17958000
v -0.09855310 0.06409396 0.17888698
v -0.09877748 0.06409396 0.17885002
v -0.09877748 0.03021527 0.17885002
v -0.09835098 0.06409396 0.17899118
v -0.09855310 0.03020235 0.17888698
v -0.09819073 0.06409396 0.17915254
v -0.09835098 0.03018867 0.17899118
v -0.09808791 0.06409396 0.17935536
v -0.09819073 0.03017643 0.17915254
v -0.09808791 0.03016793 0.17935536
v -0.09805249 0.03016484 0.17957990
v -0.09946706 0.06409396 0.17935536
v -0.09950249 0.03024063 0.17958000
v -0.09936424 0.06409396 0.17915254
v -0.09946706 0.03023997 0.17935536
v -0.09920399 0.06409396 0.17899118
v -0.09936424 0.03023771 0.17915254
v -0.09900187 0.06409396 0.17888698
v -0.09920399 0.03023321 0.17899118
v -0.09900187 0.03022578 0.17888698
v -0.09950249 0.03024063 0.18837000
v -0.10050249 0.06409396 0.18837000
v -0.10050249 0.03023470 0.18837000
v -0.10050249 0.03023470 0.17958000
v -0.09983451 0.06409396 0.18811000
v -0.10122749 0.06409396 0.17885002
v -0.10122749 0.03020073 0.17885002
v -0.10100310 0.03021391 0.17888698
v -0.10100310 0.06409396 0.17888698
v -0.10080098 0.03022374 0.17899118
v -0.10080098 0.06409396 0.17899118
v -0.10064073 0.03023015 0.17915254
v -0.10064073 0.06409396 0.17915254
v -0.10053790 0.03023362 0.17935536
v -0.10053790 0.06409396 0.17935536
v -0.10195248 0.06409396 0.17958000
v -0.10191706 0.03014515 0.17935536
v -0.10191706 0.06409396 0.17935536
v -0.10181424 0.03015488 0.17915254
v -0.10181424 0.06409396 0.17915254
v -0.10166866 0.03016774 0.17900595
v -0.10165399 0.03016904 0.17899118
v -0.10165399 0.06409396 0.17899118
v -0.10145187 0.03018514 0.17888698
v -0.10145187 0.06409396 0.17888698
v -0.10195248 0.03014168 0.18837000
v -0.10195248 0.06409396 0.18837000
v -0.10295248 0.06409396 0.18837000
v -0.10278450 0.03005276 0.18808097
v -0.10295248 0.06409396 0.17958000
v -0.10367748 0.06409396 0.17885002
v -0.10367748 0.02989896 0.17885002
v -0.10345310 0.02993879 0.17888698
v -0.10345310 0.06409396 0.17888698
v -0.10325098 0.02997253 0.17899118
v -0.10325098 0.06409396 0.17899118
v -0.10309073 0.02999786 0.17915254
v -0.10309073 0.06409396 0.17915254
v -0.10303121 0.03000694 0.17925023
v -0.10298791 0.06409396 0.17935536
v -0.10298791 0.03001344 0.17935536
v -0.10296142 0.03001737 0.17946616
v -0.10440248 0.06409396 0.17958000
v -0.10436707 0.02976079 0.17935536
v -0.10439871 0.02975389 0.17949589
v -0.10436707 0.06409396 0.17935536
v -0.10432343 0.02977024 0.17924957
v -0.10426424 0.02978291 0.17915254
v -0.10426424 0.06409396 0.17915254
v -0.10410399 0.02981632 0.17899118
v -0.10410399 0.06409396 0.17899118
v -0.10390187 0.02985662 0.17888698
v -0.10390187 0.06409396 0.17888698
v -0.10440248 0.02975304 0.18837000
v -0.10440248 0.06409396 0.18837000
v -0.10540248 0.06409396 0.18837000
v -0.10519940 0.02956178 0.18837000
v -0.10540248 0.02950776 0.18837000
v -0.10540248 0.02950776 0.17958000
v -0.10540248 0.06409396 0.17958000
v -0.10612749 0.06409396 0.17885002
v -0.10612749 0.02929706 0.17885002
v -0.10590310 0.02936528 0.17888698
v -0.10590310 0.06409396 0.17888698
v -0.10570098 0.02942442 0.17899118
v -0.10570098 0.06409396 0.17899118
v -0.10554073 0.02946975 0.17915254
v -0.10554073 0.06409396 0.17915254
v -0.10548133 0.02948620 0.17925000
v -0.10543790 0.06409396 0.17935536
v -0.10543790 0.02949812 0.17935536
v -0.10541145 0.02950532 0.17946591
v -0.10410339 0.04405317 0.18430720
v -0.10655399 0.02915981 0.17899118
v -0.10655399 0.06409396 0.17899118
v -0.10635187 0.02922610 0.17888698
v -0.10635187 0.06409396 0.17888698
v -0.10857748 0.06409396 0.17885002
v -0.10857748 0.02836686 0.17885002
v -0.10857672 0.02836720 0.17885014
v -0.10835310 0.06409396 0.17888698
v -0.10835310 0.02846684 0.17888698
v -0.10815098 0.02855425 0.17899118
v -0.10815098 0.06409396 0.17899118
v -0.10634471 0.04241383 0.18585106
v -0.10916424 0.02809036 0.17915254
v -0.10916424 0.06409396 0.17915254
v -0.10900399 0.02816807 0.17899118
v -0.10900399 0.06409396 0.17899118
v -0.10880186 0.02826372 0.17888698
v -0.10880186 0.06409396 0.17888698
v -0.11102748 0.06409396 0.17885002
v -0.11102748 0.02705729 0.17885002
v -0.11080310 0.02719502 0.17888698
v -0.11080310 0.06409396 0.17888698
v -0.11060098 0.02731582 0.17899118
v -0.11060098 0.06409396 0.17899118
v -0.11044073 0.02740944 0.17915254
v -0.11044073 0.06409396 0.17915254
v -0.11038206 0.02744325 0.17924857
v -0.11033791 0.06409396 0.17935536
v -0.11175249 0.06409396 0.17958000
v -0.11171397 0.02661127 0.17935620
v -0.11174833 0.02658808 0.17949028
v -0.11171706 0.06409396 0.17935536
v -0.11170329 0.02661852 0.17931656
v -0.11161424 0.02667846 0.17915254
v -0.11161424 0.06409396 0.17915254
v -0.11145399 0.02678466 0.17899118
v -0.11145399 0.06409396 0.17899118
v -0.11125187 0.02691566 0.17888698
v -0.11125187 0.06409396 0.17888698
v -0.10877651 0.05674794 0.18850032
v -0.11176212 0.02662549 0.18721905
v -0.11347749 0.06409396 0.17885002
v -0.11347749 0.02527622 0.17885002
v -0.11325310 0.02546275 0.17888698
v -0.11325310 0.06409396 0.17888698
v -0.11305098 0.02562634 0.17899118
v -0.11305098 0.06409396 0.17899118
v -0.11289073 0.02575316 0.17915254
v -0.11289073 0.06409396 0.17915254
v -0.11283218 0.02579886 0.17924832
v -0.11278790 0.06409396 0.17935536
v -0.11592748 0.06409396 0.17885002
v -0.11592748 0.02284095 0.17885002
v -0.11570310 0.02309960 0.17888698
v -0.11570310 0.06409396 0.17888698
v -0.11407895 0.06338820 0.18290264
v -0.11479285 0.02412109 0.18170322
v -0.11615187 0.02257357 0.17888698
v -0.11615187 0.06409396 0.17888698
v -0.07776592 0.05826032 0.17746794
v -0.07787749 0.06244396 0.17485001
v -0.07841827 0.06235831 0.17485001
v -0.07997181 0.06013302 0.17485001
v -0.07733671 0.05902961 0.17485001
v -0.07577229 0.06091590 0.17485001
v -0.12504248 0.06409396 0.17485001
v -0.12362749 0.06069396 0.17485001
v -0.12021313 0.06123474 0.17485001
v -0.12241827 0.05902961 0.17485001
v -0.12187749 0.05894396 0.17485001
v -0.12354183 0.06015318 0.17485001
v -0.12329327 0.05966533 0.17485001
v -0.12133671 0.05902961 0.17485001
v -0.12021459 0.05989896 0.17616000
v -0.12290611 0.05927818 0.17485001
v -0.12255124 0.06157486 0.17680523
v -0.11862184 0.05975774 0.17747000
v -0.11950695 0.05855843 0.17747000
v -0.11800142 0.06185542 0.17746854
v -0.12360275 0.05712545 0.17747000
v -0.12211321 0.05718107 0.17747000
v -0.11845991 0.06409396 0.17747000
v -0.12504248 0.05751138 0.17747000
v -0.11667846 0.06326620 0.18595357
v -0.11795098 0.06409396 0.17899118
v -0.11741079 0.06409396 0.17966925
v -0.11834816 0.06406310 0.17883762
v -0.12504248 0.01179396 0.18837000
v -0.11816045 0.01967028 0.17891182
v -0.11837749 0.06029457 0.17885002
v -0.11804248 0.06209396 0.17893401
v -0.11815251 0.06105022 0.17888719
v -0.11800215 0.01994703 0.17895691
v -0.11795559 0.02002374 0.17899675
v -0.11782572 0.02023769 0.17910786
v -0.11737006 0.02102526 0.18320522
v -0.11837749 0.01929088 0.17885002
v -0.11859647 0.05983844 0.17890646
v -0.11859602 0.01887495 0.17890775
v -0.11863271 0.05976296 0.17891580
v -0.11872099 0.05957907 0.17893857
v -0.11879494 0.01848639 0.17900182
v -0.11872865 0.01862255 0.17894278
v -0.11879821 0.05945653 0.17899870
v -0.11890904 0.05928065 0.17908502
v -0.11896424 0.01813872 0.17915254
v -0.11895984 0.05920883 0.17915570
v -0.11901270 0.05913408 0.17922925
v -0.11901995 0.01801954 0.17924283
v -0.11906706 0.01791722 0.17935536
v -0.11906522 0.05906407 0.17935612
v -0.11910249 0.01783932 0.17958000
v -0.11907328 0.05905333 0.17937560
v -0.11910127 0.05901713 0.17952350
v -0.11909545 0.01785489 0.17947157
v -0.11910249 0.05901558 0.18837000
v -0.11910249 0.01783932 0.18837000
v -0.12010249 0.05804965 0.18837000
v -0.12010249 0.01515722 0.18837000
v -0.12006042 0.01529693 0.18837000
v -0.11950695 0.05855843 0.18837000
v -0.12043261 0.01390808 0.17896927
v -0.12061142 0.01290748 0.17891298
v -0.12021700 0.01475773 0.17918748
v -0.12024644 0.01464171 0.17915768
v -0.12040578 0.01401377 0.17899641
v -0.12011951 0.01509965 0.17942323
v -0.12014628 0.01500792 0.17933095
v -0.12010249 0.01515722 0.17958000
v -0.12010478 0.01514948 0.17951613
v -0.12081041 0.01179396 0.17885033
v -0.12010249 0.05804965 0.17958000
v -0.12013790 0.05802414 0.17935536
v -0.12011153 0.05804309 0.17946544
v -0.12024073 0.05795268 0.17915254
v -0.12018201 0.05799302 0.17924866
v -0.12040098 0.05784867 0.17899118
v -0.12060310 0.05772940 0.17888698
v -0.12070702 0.05767473 0.17886986
v -0.12082748 0.01179396 0.17885002
v -0.12077265 0.05763650 0.17792181
v -0.12400249 0.01179396 0.18837000
v -0.12400249 0.05718699 0.18837000
v -0.12400249 0.01179396 0.17958000
v -0.12350187 0.01179396 0.17888698
v -0.12327748 0.01179396 0.17885002
v -0.12327748 0.05709948 0.17885002
v -0.12339121 0.05710613 0.17885973
v -0.12370399 0.01179396 0.17899118
v -0.12350187 0.05711510 0.17888698
v -0.12360263 0.05712647 0.17893892
v -0.12386424 0.01179396 0.17915254
v -0.12370399 0.05713791 0.17899118
v -0.12396706 0.01179396 0.17935536
v -0.12386424 0.05716195 0.17915254
v -0.12392345 0.05717218 0.17924962
v -0.12396706 0.05718019 0.17935536
v -0.12477323 0.05737554 0.18809282
v -0.12255248 0.01179396 0.17958000
v -0.12255248 0.05711803 0.17958000
v -0.12258791 0.05711467 0.17935536
v -0.12258791 0.01179396 0.17935536
v -0.12269073 0.05710635 0.17915254
v -0.12269073 0.01179396 0.17915254
v -0.12285098 0.05709763 0.17899118
v -0.12285098 0.01179396 0.17899118
v -0.12294771 0.05709486 0.17893129
v -0.12305310 0.01179396 0.17888698
v -0.12305310 0.05709397 0.17888698
v -0.12316378 0.05709543 0.17885971
v -0.12255248 0.05711803 0.18837000
v -0.12255248 0.01179396 0.18837000
v -0.12172524 0.05726290 0.18835654
v -0.12105186 0.05750730 0.17888698
v -0.12141424 0.05736650 0.17915254
v -0.12133980 0.05739280 0.17906494
v -0.12147334 0.05734656 0.17924942
v -0.12151707 0.05733233 0.17935536
v -0.12154354 0.05732393 0.17946611
v -0.12125399 0.05742477 0.17899118
v -0.12155248 0.01179396 0.17958000
v -0.12151707 0.01179396 0.17935536
v -0.12141424 0.01179396 0.17915254
v -0.12125399 0.01179396 0.17899118
v -0.12155248 0.01179396 0.18837000
v -0.12105186 0.01179396 0.17888698
v -0.06219361 0.00011816 0.17814999
v -0.05950543 -0.00266160 0.17505000
v -0.06044680 0.00011816 0.17614999
v -0.06044680 0.00011816 0.17814999
v -0.06044680 0.06298193 0.17614999
v -0.06044680 0.06298193 0.17814999
v -0.06217759 0.06484066 0.17733749
v -0.05870000 0.06540005 0.17614999
v -0.05594949 0.06690297 0.17486905
v -0.06403150 -0.00230325 0.17630238
v -0.04896241 -0.00462037 0.17614167
v -0.06718593 0.06582230 0.17599074
v -0.04377499 0.06402928 0.17588605
v -0.01501118 0.03577049 0.24568905
v -0.00700862 0.03805835 0.24482895
v -0.01009862 0.03300000 0.24425000
v -0.07627994 -0.02318131 0.23162341
v -0.06627994 -0.03318132 0.23162341
v -0.07595217 -0.02285355 0.23155000
v -0.06595217 -0.03285355 0.23155000
v -0.07606142 -0.02296281 0.23257448
v -0.07595217 -0.02285355 0.23255000
v -0.06606142 -0.03296281 0.23257448
v -0.06595217 -0.03285355 0.23255000
v -0.06636803 -0.03326940 0.23224118
v -0.07098580 -0.02879627 0.23615060
v -0.07559862 -0.02250000 0.23155000
v -0.07559862 -0.02250000 0.23255000
v -0.07559862 0.02250000 0.23155000
v -0.07559862 -0.00266699 0.23155000
v -0.07559862 -0.00266699 0.23255000
v -0.07559862 0.02250000 0.23255000
v -0.06559862 -0.03250000 0.23155000
v -0.06559862 -0.03250000 0.23255000
v -0.04322930 -0.03250000 0.23155000
v -0.04322930 -0.03250000 0.23255000
v -0.02059862 -0.03250000 0.23255000
v -0.02059862 -0.03250000 0.23155000
v -0.02024507 -0.03285355 0.23155000
v -0.02024507 -0.03285355 0.23255000
v -0.07595217 0.02285355 0.23155000
v -0.07595217 0.02285355 0.23255000
v -0.07627994 0.02318131 0.23162341
v -0.07606142 0.02296281 0.23257448
v -0.07039462 0.02949113 0.23705382
v -0.06617080 0.03307218 0.23209901
v -0.06595217 0.03285355 0.23155000
v -0.06595217 0.03285355 0.23255000
v -0.06559862 0.03250000 0.23155000
v -0.06559862 0.03250000 0.23255000
v -0.04322930 0.03250000 0.23255000
v -0.04322930 0.03250000 0.23155000
v -0.02059862 0.03250000 0.23155000
v -0.02059862 0.03250000 0.23255000
v -0.02024507 0.03285355 0.23155000
v -0.02024507 0.03285355 0.23255000
v -0.00975225 0.02860529 0.24451256
v -0.01991730 0.03318132 0.23162341
v -0.02013581 0.03296281 0.23257448
v -0.01002649 0.02307213 0.23209899
v -0.01024507 0.02285355 0.23155000
v -0.01024507 0.02285355 0.23255000
v -0.01059862 0.02250000 0.23155000
v -0.01059862 0.02250000 0.23255000
v -0.01059862 -0.02250000 0.23155000
v -0.01059862 -0.00266699 0.23155000
v -0.01059862 -0.00266699 0.23255000
v -0.01059862 -0.02250000 0.23255000
v -0.01024507 -0.02285355 0.23155000
v -0.01024507 -0.02285355 0.23255000
v -0.00991730 -0.02318131 0.23162341
v -0.01013581 -0.02296281 0.23257448
v -0.01334240 -0.03344846 0.24466789
v -0.02002649 -0.03307213 0.23209898
v -0.04075082 -0.00007515 0.23205000
v 0.00113611 -0.06848873 0.25075000
v -0.00033335 -0.06848873 0.25075000
v 0.00001511 -0.06831118 0.25075000
v -0.00078744 -0.06988627 0.25075000
v 0.00001511 -0.07068882 0.25075000
v -0.00033335 -0.07051127 0.25075000
v 0.00040138 -0.06825000 0.25075000
v -0.00078744 -0.06911373 0.25075000
v -0.00060989 -0.06876527 0.25075000
v 0.00040138 -0.07075000 0.25075000
v 0.00113611 -0.07051127 0.25075000
v 0.00078765 -0.07068882 0.25075000
v 0.00165138 -0.06950000 0.25075000
v 0.00159020 -0.06988627 0.25075000
v -0.00084862 -0.06950000 0.25075000
v 0.00141265 -0.06876527 0.25075000
v 0.00141265 -0.07023473 0.25075000
v 0.00159020 -0.06911373 0.25075000
v 0.00078765 -0.06831118 0.25075000
v -0.00060989 -0.07023473 0.25075000
v 0.00165138 -0.06950000 0.24150000
v 0.00159020 -0.06988627 0.24150000
v 0.00141265 -0.07023473 0.24150000
v 0.00113611 -0.07051127 0.24150000
v 0.00078765 -0.07068882 0.24150000
v 0.00040138 -0.07075000 0.24150000
v 0.00001511 -0.07068882 0.24150000
v -0.00033335 -0.07051127 0.24150000
v -0.00060989 -0.07023473 0.24150000
v -0.00078744 -0.06988627 0.24150000
v -0.00084862 -0.06950000 0.24150000
v -0.00078744 -0.06911373 0.24150000
v -0.00060989 -0.06876527 0.24150000
v -0.00033335 -0.06848873 0.24150000
v 0.00001511 -0.06831118 0.24150000
v 0.00040138 -0.06825000 0.24150000
v 0.00078765 -0.06831118 0.24150000
v 0.00113611 -0.06848873 0.24150000
v 0.00141265 -0.06876527 0.24150000
v 0.00159020 -0.06911373 0.24150000
v -0.00092643 -0.06717592 0.24112847
v 0.00072044 -0.06795108 0.24125411
v 0.00050195 -0.07203519 0.24110795
v -0.00197865 -0.07037906 0.24110795
v 0.00308453 -0.06871208 0.24108447
v -0.00009106 -0.06961954 0.25080000
v 0.03709645 -0.09514391 0.23651993
v 0.03303139 -0.09511009 0.23638701
v 0.03887815 -0.09289683 0.23412286
v 0.03413311 -0.09427843 0.23342766
v 0.03791704 -0.09470000 0.23397949
v 0.03673793 -0.09518377 0.23163118
v 0.03572691 -0.09570000 0.23710732
v -0.03959862 -0.04350000 0.23964999
v -0.03959862 -0.06800000 0.23964999
v -0.03959862 -0.06800000 0.24125000
v -0.03959862 -0.04350000 0.24125000
v 0.00990138 -0.04350000 0.23964999
v 0.00990138 -0.06800000 0.23964999
v 0.00990138 -0.06800000 0.24125000
v 0.00990138 -0.04350000 0.24125000
v -0.15125967 -0.06884969 0.16175000
v -0.14979022 -0.06884969 0.16175000
v -0.15013867 -0.06867213 0.16175000
v -0.14933612 -0.07024723 0.16175000
v -0.15013867 -0.07104977 0.16175000
v -0.14979022 -0.07087223 0.16175000
v -0.15052495 -0.06861095 0.16175000
v -0.14933612 -0.06947469 0.16175000
v -0.14951367 -0.06912623 0.16175000
v -0.15052495 -0.07111095 0.16175000
v -0.15125967 -0.07087223 0.16175000
v -0.15091122 -0.07104977 0.16175000
v -0.15177495 -0.06986095 0.16175000
v -0.15171376 -0.07024723 0.16175000
v -0.14927495 -0.06986095 0.16175000
v -0.15153622 -0.06912623 0.16175000
v -0.15153622 -0.07059569 0.16175000
v -0.15171376 -0.06947469 0.16175000
v -0.15091122 -0.06867213 0.16175000
v -0.14951367 -0.07059569 0.16175000
v -0.15177495 -0.06986095 0.17100000
v -0.15171376 -0.07024723 0.17100000
v -0.15153622 -0.07059569 0.17100000
v -0.15125967 -0.07087223 0.17100000
v -0.15091122 -0.07104977 0.17100000
v -0.15052495 -0.07111095 0.17100000
v -0.15013867 -0.07104977 0.17100000
v -0.14979022 -0.07087223 0.17100000
v -0.14951367 -0.07059569 0.17100000
v -0.14933612 -0.07024723 0.17100000
v -0.14927495 -0.06986095 0.17100000
v -0.14933612 -0.06947469 0.17100000
v -0.14951367 -0.06912623 0.17100000
v -0.14979022 -0.06884969 0.17100000
v -0.15013867 -0.06867213 0.17100000
v -0.15052495 -0.06861095 0.17100000
v -0.15091122 -0.06867213 0.17100000
v -0.15125967 -0.06884969 0.17100000
v -0.15153622 -0.06912623 0.17100000
v -0.15171376 -0.06947469 0.17100000
v -0.14919714 -0.06753687 0.17137152
v -0.15084401 -0.06831204 0.17124589
v -0.15062553 -0.07239615 0.17139205
v -0.14814492 -0.07074004 0.17139205
v -0.15320810 -0.06907304 0.17141553
v -0.15003251 -0.06998050 0.16170000
v -0.13308860 -0.08385814 0.22828608
v -0.08333050 0.06898995 0.23538255
v -0.08459862 0.06897552 0.24590451
v -0.08203536 0.04558490 0.24614222
v -0.08459862 0.04520611 0.24615451
v -0.08459862 0.04534549 0.24622552
v -0.08459862 0.04550000 0.24625000
v -0.10509862 0.04509549 0.24604390
v -0.10509862 0.04520611 0.24615451
v -0.10509862 0.04534549 0.24622552
v -0.10509862 0.04550000 0.24625000
v -0.10024712 0.04254766 0.24103879
v -0.09734673 0.06920199 0.24260894
v -0.08459862 0.06897552 0.23559549
v -0.08459862 0.06890451 0.23545610
v -0.08459862 0.06879389 0.23534549
v -0.08459862 0.06865451 0.23527448
v -0.07593608 0.05106301 0.23464761
v -0.08459862 0.06850000 0.23525000
v -0.10509862 0.06850000 0.23525000
v -0.10509862 0.06550000 0.23525000
v -0.10509862 0.06897552 0.23559549
v -0.10509862 0.06890451 0.23545610
v -0.10509862 0.06879389 0.23534549
v -0.10509862 0.06865451 0.23527448
v -0.09959862 0.06900000 0.24575000
v -0.10509862 0.06897552 0.24590451
v -0.07544527 0.05967232 0.24434604
v -0.10505477 0.07032132 0.23928374
v -0.09956834 0.07588443 0.24059370
v -0.00606282 -0.10203077 0.13651602
v -0.00537333 -0.10200000 0.13682333
v -0.00537333 -0.10210000 0.13682333
v -0.00409333 -0.10210000 0.14343666
v -0.00415597 -0.10205200 0.14381260
v -0.00733580 -0.10205085 0.14306278
v 0.25336479 0.05492307 0.11166887
v 0.25198909 0.04744046 0.10452267
v 0.25333994 0.04386121 0.11290193
v 0.25255154 0.04598120 0.10314158
v 0.25183742 0.04739949 0.10490828
v 0.25051300 0.04674423 0.10408880
v 0.25174173 0.04738119 0.10503000
v 0.25183804 0.04739068 0.10503000
v 0.25183804 0.04739067 0.10503000
v 0.25064760 0.04669630 0.11149082
v 0.25174261 0.04746234 0.11113124
v 0.25183888 0.04738527 0.11084529
v 0.25189787 0.04739268 0.11084068
v 0.25203438 0.04740983 0.11083000
v 0.25203929 0.04772104 0.11114900
v 0.24785373 0.04479213 0.11356490
v 0.14120663 0.04366088 0.09250000
v 0.13372288 0.04927453 0.09250000
v 0.13979337 0.05633912 0.09250000
v 0.14493362 0.05418704 0.09250000
v 0.14674723 0.04871316 0.09250000
v 0.15773412 0.01422297 0.04122295
v 0.16456745 0.00408489 0.03988228
v 0.15750000 0.00250000 0.04000000
v 0.15750000 0.00250000 0.06500000
v 0.16032594 0.00699144 0.06531322
v 0.15750000 0.00203647 0.06507342
v 0.15750000 0.00203647 0.03992659
v 0.15750000 0.00161832 0.06528648
v 0.15738454 0.00159649 0.03957042
v 0.15805248 0.00041663 0.07115763
v 0.15750000 0.00107342 0.03896352
v 0.15750000 -0.00156066 0.03293934
v 0.15889574 -0.00060822 0.03270025
v 0.15750000 -0.00262132 0.03250000
v 0.15750000 -0.00937868 0.03250000
v 0.18222546 -0.00750617 0.05219926
v 0.16449905 -0.01481628 0.04490099
v 0.15704205 -0.00832397 0.07224458
v 0.15750000 -0.01342848 0.04204969
v 0.15750000 -0.01373224 0.04228862
v 0.15750000 -0.01408698 0.04244202
v 0.14048411 -0.01234156 0.06149747
v 0.13460825 0.01342243 0.07639885
v 0.13435696 0.01313498 0.07370180
v 0.13450514 0.01350935 0.07454966
v 0.13443166 0.01229435 0.07785966
v 0.13370915 0.01083730 0.07238998
v 0.13393849 0.01173019 0.07256639
v 0.13332031 0.00909895 0.07290442
v 0.13324683 0.00788394 0.07621442
v 0.13316025 0.00778489 0.07528507
v 0.13359026 0.00887137 0.07774567
v 0.13339500 0.00825832 0.07706228
v 0.13416171 0.01252192 0.07301841
v 0.13455309 0.01296964 0.07721917
v 0.13349614 0.00993063 0.07250646
v 0.13314372 0.00797087 0.07436523
v 0.13381348 0.00966310 0.07819769
v 0.13425583 0.01146266 0.07825761
v 0.13404282 0.01055600 0.07837409
v 0.13459172 0.01360840 0.07547900
v 0.13319888 0.00842366 0.07354491
v 0.04590261 0.02903844 0.08114948
v 0.04598919 0.02913749 0.08207882
v 0.04613736 0.02951187 0.08292668
v 0.04633261 0.03012493 0.08361007
v 0.04655584 0.03091665 0.08406210
v 0.04678518 0.03180955 0.08423849
v 0.04699819 0.03271622 0.08412202
v 0.04717402 0.03354790 0.08372406
v 0.04729546 0.03422319 0.08308357
v 0.04735061 0.03467598 0.08226326
v 0.04733409 0.03486195 0.08134341
v 0.04724751 0.03476291 0.08041407
v 0.04709933 0.03438853 0.07956621
v 0.04690408 0.03377547 0.07888282
v 0.04668086 0.03298375 0.07843079
v 0.04645152 0.03209085 0.07825439
v 0.04623851 0.03118418 0.07837086
v 0.04606268 0.03035250 0.07876883
v 0.04594124 0.02967721 0.07940931
v 0.04588609 0.02922442 0.08022963
v 0.12738525 0.04249430 0.05891246
v 0.12701964 0.04200102 0.05625862
v 0.12707619 0.04244241 0.05708503
v 0.12784719 0.04146728 0.06038540
v 0.12728540 0.03958571 0.05502756
v 0.12712963 0.04049917 0.05517694
v 0.12772376 0.03787207 0.05558340
v 0.12849477 0.03689694 0.05888376
v 0.12836877 0.03672697 0.05796931
v 0.12853290 0.03800792 0.06036766
v 0.12855132 0.03733833 0.05971017
v 0.12703806 0.04133143 0.05560114
v 0.12760751 0.04209973 0.05973459
v 0.12749013 0.03868047 0.05516762
v 0.12818570 0.03684505 0.05705634
v 0.12844133 0.03884018 0.06079185
v 0.12808083 0.04065887 0.06080118
v 0.12828555 0.03975364 0.06094123
v 0.12720218 0.04261238 0.05799949
v 0.12796344 0.03723962 0.05623420
v 0.04137040 0.01940428 0.07317477
v 0.04149638 0.01957425 0.07408923
v 0.04155293 0.02001564 0.07491564
v 0.04153452 0.02068523 0.07557313
v 0.04144294 0.02151749 0.07599732
v 0.04128717 0.02243095 0.07614670
v 0.04108244 0.02333619 0.07600665
v 0.04084881 0.02414460 0.07559087
v 0.04060913 0.02477704 0.07494006
v 0.04038688 0.02517162 0.07411793
v 0.04020380 0.02528970 0.07320496
v 0.04007781 0.02511972 0.07229050
v 0.04002126 0.02467834 0.07146409
v 0.04003967 0.02400874 0.07080660
v 0.04013125 0.02317648 0.07038241
v 0.04028702 0.02226303 0.07023303
v 0.04049174 0.02135779 0.07037309
v 0.04072538 0.02054938 0.07078886
v 0.04096506 0.01991693 0.07143967
v 0.04118732 0.01952236 0.07226180
v 0.12627671 -0.04179928 0.05590510
v 0.12661223 -0.03917962 0.05523827
v 0.12644303 -0.04010100 0.05517992
v 0.12770422 -0.03802044 0.06034160
v 0.12759791 -0.03704385 0.05876912
v 0.12745130 -0.03695847 0.05784598
v 0.12725957 -0.03716199 0.05694999
v 0.12753790 -0.03971872 0.06106678
v 0.12765351 -0.03881604 0.06083701
v 0.12638303 -0.04277586 0.05747757
v 0.12652963 -0.04286125 0.05840071
v 0.12629588 -0.04240993 0.05661764
v 0.12681845 -0.03832972 0.05557903
v 0.12704151 -0.03763449 0.05616885
v 0.12768506 -0.03740978 0.05962906
v 0.12736871 -0.04064010 0.06100843
v 0.12693942 -0.04218523 0.06007785
v 0.12716248 -0.04149001 0.06066767
v 0.12672136 -0.04265773 0.05929671
v 0.12632742 -0.04100368 0.05540969
v 0.14189005 -0.04209372 0.05602257
v 0.15324341 0.10100000 0.05741237
v 0.15100000 0.10100000 0.05250000
v 0.15126329 0.10100000 0.05433126
v 0.15126329 0.10100000 0.05066874
v 0.15324341 0.10100000 0.04758763
v 0.15203185 0.10100000 0.04898584
v 0.16175659 0.10100000 0.04758763
v 0.16400000 0.10100000 0.05250000
v 0.16373671 0.10100000 0.05066874
v 0.16296815 0.10100000 0.05601416
v 0.16373671 0.10100000 0.05433126
v 0.16020020 0.10100000 0.05841261
v 0.16175659 0.10100000 0.05741237
v 0.15479980 0.10100000 0.04658739
v 0.15842505 0.10100000 0.05893384
v 0.15479980 0.10100000 0.05841261
v 0.15657495 0.10100000 0.05893384
v 0.15657495 0.10100000 0.04606616
v 0.16020020 0.10100000 0.04658739
v 0.15842505 0.10100000 0.04606616
v 0.15203185 0.10100000 0.05601416
v 0.16296815 0.10100000 0.04898584
v 0.15750000 0.01421000 0.04600000
v 0.15842505 0.01421000 0.04606616
v 0.16020020 0.01421000 0.04658739
v 0.16175659 0.01421000 0.04758763
v 0.16296815 0.01421000 0.04898584
v 0.16373671 0.01421000 0.05066874
v 0.15324341 0.05400000 0.04758763
v 0.15203185 0.05400000 0.04898584
v 0.15126329 0.05400000 0.05066874
v 0.15100000 0.05400000 0.05250000
v 0.15618547 0.05400000 0.04613431
v 0.15657495 0.01421000 0.04606616
v 0.15479980 0.05400000 0.04658739
v 0.16400000 0.01421000 0.05250000
v 0.13928659 0.05400000 0.04962398
v 0.15126329 0.05400000 0.05433126
v 0.14137114 0.05400000 0.06143642
v 0.15203185 0.05400000 0.05601416
v 0.15479980 0.05400000 0.05841261
v 0.15324341 0.05400000 0.05741237
v 0.15657495 0.05400000 0.05893384
v 0.15844373 0.05400000 0.05893113
v 0.15842505 0.05400000 0.05893384
v 0.14063435 0.04975565 0.05630049
v 0.16373671 0.01421000 0.05433126
v 0.16296815 0.01421000 0.05601416
v 0.16175659 0.01421000 0.05741237
v 0.15805745 0.01805179 0.06189992
v 0.16020020 0.01421000 0.05841261
v 0.15272861 0.00169922 0.06523333
v 0.15430048 0.00216428 0.06470315
v 0.15747068 0.00235445 0.06510311
v 0.15750000 0.00220611 0.06509549
v 0.15750000 0.00204331 0.06528358
v 0.15750000 0.00200000 0.06550000
v 0.14957465 0.00310308 0.06254731
v 0.14974747 0.00212418 0.06289396
v 0.15005451 0.00201827 0.06308831
v 0.14963428 0.00213502 0.06287870
v 0.14963428 0.00212577 0.06289179
v 0.14963428 0.00205615 0.06299024
v 0.14963428 0.00203362 0.06305364
v 0.14963428 0.00201041 0.06311896
v 0.14963428 0.00200831 0.06313940
v 0.14634208 0.00218833 0.06282819
v 0.14649948 0.00213894 0.06288219
v 0.14649948 0.00208177 0.06294642
v 0.14649950 0.00206064 0.06299231
v 0.14649950 0.00201986 0.06308090
v 0.14649950 0.00201436 0.06311953
v 0.14503633 0.00228161 0.06276236
v 0.14503633 0.00222715 0.06279972
v 0.14503633 0.00215892 0.06284654
v 0.14576929 0.00213548 0.06287458
v 0.14503633 0.00213848 0.06287230
v 0.14503633 0.00206644 0.06296309
v 0.14610918 0.00207406 0.06295745
v 0.14503633 0.00202830 0.06306082
v 0.14576770 0.00202399 0.06306378
v 0.14503633 0.00201235 0.06310169
v 0.14503633 0.00200533 0.06316451
v 0.14503633 0.00200000 0.06321215
v 0.14599070 0.00200173 0.06318805
v 0.14230000 0.00205751 0.06298933
v 0.14230000 0.00202024 0.06307133
v 0.14230000 0.00201581 0.06310219
v 0.14230000 0.00211749 0.06289838
v 0.14230000 0.00207841 0.06294334
v 0.14230000 0.00216099 0.06284833
v 0.14230000 0.00228294 0.06276448
v 0.14230000 0.00217503 0.06283217
v 0.14230000 0.00200440 0.06318151
v 0.14870045 0.00212115 0.03624393
v 0.15750492 0.00098892 0.03628716
v 0.15750001 0.00084957 0.03540395
v 0.15748895 -0.00195402 0.03258311
v 0.15741765 -0.01231311 0.03435244
v 0.15274062 -0.01550254 0.04394121
v 0.14202055 0.00229254 0.06275048
v 0.14196069 -0.00170530 0.06464051
v 0.14220915 0.00199135 0.06313693
v 0.14227295 0.00199969 0.06320141
v 0.14199789 0.00192215 0.06296118
v 0.14204361 0.00207472 0.06286887
v 0.14201722 0.00180463 0.06329602
v 0.14192532 0.00149491 0.06299059
v 0.14193984 -0.00019264 0.07069546
v 0.14204031 0.00184219 0.06330109
v 0.14203860 0.00183898 0.06330274
v 0.14209120 0.00191050 0.06326471
v 0.14212811 0.00194586 0.06324482
v 0.14215950 0.00196264 0.06323481
v 0.14211522 0.00193351 0.06325176
v 0.14221375 0.00198505 0.06322135
v 0.14224054 0.00199162 0.06321731
v 0.14224670 0.00199313 0.06321638
v 0.14230000 0.00200000 0.07450000
v 0.14224026 0.00199214 0.07450000
v 0.14222235 0.00198978 0.07450000
v 0.14215898 0.00196353 0.07450000
v 0.14214999 0.00195981 0.07450000
v 0.14208899 0.00191299 0.07450000
v 0.14204019 0.00185000 0.07450000
v 0.14208788 0.00191213 0.07450000
v 0.14203755 0.00184362 0.07450000
v 0.14200824 0.00176253 0.07450000
v 0.14200000 -0.00170000 0.07450000
v 0.14201843 -0.00182982 0.06506802
v 0.14216499 -0.00216558 0.06529220
v 0.14221352 -0.00200174 0.06575839
v 0.14216400 -0.00195003 0.06581870
v 0.14216368 -0.00194991 0.06581770
v 0.14210190 -0.00194506 0.06542912
v 0.14205852 -0.00186600 0.06541568
v 0.14203937 -0.00184056 0.06532705
v 0.14201869 -0.00178664 0.06517391
v 0.14201279 -0.00175923 0.06510409
v 0.14200899 -0.00174164 0.06505927
v 0.14737997 0.00198978 0.07718489
v 0.14733545 0.00200000 0.07712128
v 0.14658736 0.00198978 0.07759203
v 0.14589060 0.00199947 0.07772495
v 0.14241826 0.00200000 0.07536189
v 0.14234348 0.00198978 0.07538280
v 0.14738023 0.00198960 0.07718524
v 0.14661136 0.00195981 0.07766028
v 0.14742148 0.00195981 0.07724416
v 0.14227380 0.00195981 0.07540229
v 0.14742191 0.00195924 0.07724477
v 0.14682696 0.00192673 0.07763899
v 0.14221396 0.00191213 0.07541902
v 0.14745761 0.00191102 0.07729575
v 0.14684442 0.00187091 0.07768645
v 0.14216805 0.00185000 0.07543186
v 0.14748488 0.00184827 0.07733469
v 0.14678580 0.00178424 0.07775613
v 0.14573814 0.00186268 0.07796788
v 0.14750752 0.00170000 0.07736703
v 0.14750183 0.00177533 0.07735891
v 0.14257369 0.00193121 0.07632655
v 0.14209713 0.00177832 0.07533305
v 0.15750000 0.00170000 0.07037022
v 0.15750000 0.00177537 0.07035847
v 0.15750000 0.00184836 0.07032230
v 0.15750000 0.00191113 0.07026417
v 0.15750000 0.00195934 0.07018810
v 0.15750000 0.00198966 0.07009933
v 0.15750000 0.00200000 0.07000399
v 0.14666112 -0.00170000 0.07780179
v 0.14400799 0.00189844 0.07775361
v 0.14750752 -0.00170000 0.07736703
v 0.14200768 -0.00176015 0.07450000
v 0.14203664 -0.00184192 0.07450000
v 0.14208798 -0.00191199 0.07450000
v 0.14208687 -0.00191113 0.07450000
v 0.14211746 -0.00186940 0.07522580
v 0.14214919 -0.00195934 0.07450000
v 0.14227422 -0.00198608 0.07523739
v 0.14417408 -0.00050149 0.07220222
v 0.15361157 -0.00205674 0.07245538
v 0.14291419 -0.00227228 0.06629617
v 0.14748650 -0.00184192 0.07733702
v 0.14665793 -0.00177537 0.07779271
v 0.14684684 -0.00184420 0.07770335
v 0.14209451 -0.00178279 0.07531316
v 0.14745769 -0.00191113 0.07729588
v 0.14663231 -0.00191113 0.07771983
v 0.14251860 -0.00182491 0.07630646
v 0.14221300 -0.00191113 0.07541929
v 0.14745705 -0.00191199 0.07729496
v 0.14661163 -0.00195934 0.07766105
v 0.14742195 -0.00195934 0.07724483
v 0.14525811 -0.00188907 0.07797313
v 0.14741678 -0.00196310 0.07723743
v 0.14658751 -0.00198966 0.07759245
v 0.14738023 -0.00198966 0.07718526
v 0.14393154 -0.00211599 0.07712746
v 0.14736990 -0.00199204 0.07717051
v 0.14750311 -0.00176015 0.07736074
v 0.14750200 -0.00177537 0.07735915
v 0.15393344 -0.00199029 0.07259373
v 0.15410283 -0.00197743 0.07250838
v 0.15411502 -0.00195190 0.07253728
v 0.15389046 -0.00199231 0.07260460
v 0.15416949 -0.00194038 0.07252036
v 0.15425482 -0.00192294 0.07249286
v 0.15433772 -0.00190481 0.07246806
v 0.15453856 -0.00183932 0.07238609
v 0.15455153 -0.00183348 0.07237942
v 0.15466586 -0.00179557 0.07231770
v 0.15472142 -0.00175700 0.07229218
v 0.15466370 -0.00193510 0.07228759
v 0.15514156 -0.00134196 0.07202158
v 0.15750000 0.00042506 0.07037022
v 0.15532822 -0.00125570 0.07190086
v 0.15750000 0.00033022 0.07037817
v 0.15750000 0.00035561 0.07037453
v 0.15506238 -0.00174692 0.07212627
v 0.15750000 -0.01700000 0.04600000
v 0.15657495 -0.01700000 0.04606616
v 0.16175659 -0.01700000 0.05741237
v 0.16373671 -0.01700000 0.05066874
v 0.16296815 -0.01700000 0.04898584
v 0.16400000 -0.01700000 0.05250000
v 0.16296815 -0.01700000 0.05601416
v 0.16175659 -0.01700000 0.04758763
v 0.16020020 -0.01700000 0.04658739
v 0.16373671 -0.01700000 0.05433126
v 0.15842505 -0.01700000 0.04606616
v 0.15842505 -0.01700000 0.05893384
v 0.16020020 -0.01700000 0.05841261
v 0.13079181 0.00147683 0.05103026
v 0.16400000 -0.10100000 0.05250000
v 0.16373671 -0.10100000 0.05433126
v 0.16296815 -0.10100000 0.05601416
v 0.16175659 -0.10100000 0.05741237
v 0.15842505 -0.10100000 0.05893384
v 0.15842505 -0.05400000 0.05893384
v 0.15657495 -0.05400000 0.05893384
v 0.15657495 -0.10100000 0.05893384
v 0.15479980 -0.05400000 0.05841261
v 0.15479980 -0.10100000 0.05841261
v 0.15324341 -0.05400000 0.05741237
v 0.15324341 -0.10100000 0.05741237
v 0.15203185 -0.05400000 0.05601416
v 0.15203185 -0.10100000 0.05601416
v 0.15126329 -0.05400000 0.05433126
v 0.15126329 -0.10100000 0.05433126
v 0.15100000 -0.05400000 0.05250000
v 0.16020020 -0.10100000 0.05841261
v 0.15844373 -0.05400000 0.05893113
v 0.15844128 -0.04857143 0.05893171
v 0.15100000 -0.10100000 0.05250000
v 0.15657495 -0.10100000 0.04606616
v 0.15842505 -0.10100000 0.04606616
v 0.15203185 -0.10100000 0.04898584
v 0.16175659 -0.10100000 0.04758763
v 0.16296815 -0.10100000 0.04898584
v 0.16373671 -0.10100000 0.05066874
v 0.15479980 -0.10100000 0.04658739
v 0.15324341 -0.10100000 0.04758763
v 0.16020020 -0.10100000 0.04658739
v 0.15126329 -0.10100000 0.05066874
v 0.14013568 -0.04908708 0.05507802
v 0.15126329 -0.05400000 0.05066874
v 0.15203185 -0.05400000 0.04898584
v 0.15324341 -0.05400000 0.04758763
v 0.15479980 -0.05400000 0.04658739
v 0.15618547 -0.05400000 0.04613431
v 0.14137114 -0.05400000 0.06143642
v 0.13928659 -0.05400000 0.04962398
v 0.03854078 0.09510000 0.09908565
v 0.03653510 0.09448806 0.09924990
v 0.03800000 0.09410000 0.10250000
v 0.03723688 0.09510000 0.10243537
v 0.03854078 0.09510000 0.10241435
v 0.03972232 0.09453478 0.10163252
v 0.03321595 0.09470000 0.09669188
v 0.05633565 0.09410000 0.10129078
v 0.03300000 0.09410000 0.10325000
v 0.05823925 0.09410000 0.09810575
v 0.06375129 0.09410000 0.10325000
v 0.05625000 0.09410000 0.10075000
v 0.06336900 0.09470000 0.09623659
v 0.05971920 0.09460000 0.10191206
v 0.05718966 0.09482727 0.09889189
v 0.05642953 0.09479231 0.10169297
v 0.05745922 0.09510000 0.10241435
v 0.05832657 0.09510000 0.10248842
v 0.06375129 0.09510000 0.10325000
v 0.03300000 0.09644782 0.10380278
v 0.03300000 0.10060000 0.10525000
v 0.03300000 0.09960000 0.10525000
v 0.03300000 0.09960000 0.14825000
v 0.03300000 0.10060000 0.14825000
v 0.06373399 0.09839261 0.10480103
v 0.08800000 0.10010000 0.14775000
v 0.08800000 0.10060000 0.14825000
v 0.08800000 0.09960000 0.14825000
v 0.08800000 0.10031352 0.14913168
v 0.08800000 0.09950451 0.14854390
v 0.08800000 0.09957553 0.14840451
v 0.08800000 0.09998167 0.14946353
v 0.08800000 0.09939389 0.14865451
v 0.08800000 0.09956352 0.14967659
v 0.08800000 0.09925451 0.14872552
v 0.08800000 0.09910000 0.14975000
v 0.08800000 0.09910000 0.14875000
v 0.08800000 0.10052659 0.14871353
v 0.03300000 0.09910000 0.14975000
v 0.03300000 0.09956352 0.14967659
v 0.03300000 0.09998167 0.14946353
v 0.03300000 0.10031352 0.14913168
v 0.03300000 0.10052659 0.14871353
v 0.03300000 0.09957553 0.14840451
v 0.03300000 0.09950451 0.14854390
v 0.03300000 0.09939389 0.14865451
v 0.03300000 0.09925451 0.14872552
v 0.03300000 0.09910000 0.14875000
v 0.08800000 0.09560000 0.14975000
v 0.08800000 0.09560000 0.14875000
v 0.03300000 0.09560000 0.14975000
v 0.03300000 0.09560000 0.14875000
v 0.08800000 0.09544549 0.14977448
v 0.08800000 0.09530611 0.14984549
v 0.03300000 0.09544549 0.14977448
v 0.08800000 0.09519549 0.14995610
v 0.03300000 0.09530611 0.14984549
v 0.08800000 0.09512447 0.15009549
v 0.03300000 0.09519549 0.14995610
v 0.08800000 0.09510000 0.15025000
v 0.03300000 0.09512447 0.15009549
v 0.03300000 0.09471832 0.14903647
v 0.03300000 0.09438647 0.14936832
v 0.03300000 0.09513647 0.14882341
v 0.03300000 0.09417342 0.14978647
v 0.03550551 0.09467959 0.15069898
v 0.08800000 0.09410000 0.15025000
v 0.08800000 0.09417342 0.14978647
v 0.08800000 0.09438647 0.14936832
v 0.08800000 0.09471832 0.14903647
v 0.08800000 0.09513647 0.14882341
v 0.08222481 0.09464268 0.15593567
v 0.13140350 -0.00833072 0.07633080
v 0.13135728 -0.00887713 0.07366262
v 0.13130154 -0.00842229 0.07448177
v 0.13174615 -0.00931425 0.07786473
v 0.13186867 -0.01129357 0.07251407
v 0.13165543 -0.01038665 0.07262814
v 0.13232112 -0.01297653 0.07314699
v 0.13276575 -0.01386849 0.07652995
v 0.13274982 -0.01405677 0.07561056
v 0.13258807 -0.01273678 0.07798781
v 0.13271001 -0.01341365 0.07734909
v 0.13147922 -0.00955400 0.07302390
v 0.13155122 -0.00870294 0.07717969
v 0.13209804 -0.01218598 0.07269285
v 0.13266377 -0.01396007 0.07468092
v 0.13241187 -0.01190414 0.07838358
v 0.13196924 -0.01010480 0.07831887
v 0.13219862 -0.01099722 0.07849765
v 0.13131747 -0.00823401 0.07540116
v 0.13251607 -0.01358784 0.07383203
v 0.04549218 -0.03531033 0.08147496
v 0.04550811 -0.03512204 0.08239436
v 0.04545237 -0.03466721 0.08321350
v 0.04533043 -0.03399033 0.08385222
v 0.04515422 -0.03315769 0.08424799
v 0.04494099 -0.03225077 0.08436206
v 0.04471161 -0.03135835 0.08418327
v 0.04448853 -0.03056780 0.08372913
v 0.04429359 -0.02995649 0.08304409
v 0.04414587 -0.02958427 0.08219521
v 0.04405984 -0.02948756 0.08126556
v 0.04404391 -0.02967584 0.08034618
v 0.04409964 -0.03013068 0.07952703
v 0.04422158 -0.03080755 0.07888831
v 0.04439779 -0.03164020 0.07849255
v 0.04461102 -0.03254712 0.07837847
v 0.04484041 -0.03343953 0.07855725
v 0.04506349 -0.03423009 0.07901139
v 0.04525843 -0.03484140 0.07969643
v 0.04540614 -0.03521362 0.08054533
v 0.03183838 0.03518888 0.08274286
v 0.14871343 0.00740946 0.07492038
v 0.02625320 0.01910935 0.07626603
v 0.14249208 0.04293622 0.05593069
v 0.13339838 0.04912950 0.11091682
v 0.13351065 0.05031389 0.11079235
v 0.13241720 0.04884772 0.11000761
v 0.13691512 0.04228792 0.11101279
v 0.13355296 0.04914845 0.10933266
v 0.13351065 0.05031389 0.10920764
v 0.13358490 0.05184642 0.10904436
v 0.13469490 0.05447647 0.10933572
v 0.13373718 0.05180576 0.11062814
v 0.13425279 0.04478000 0.08583887
v 0.13338029 0.05137197 0.08501048
v 0.14664293 0.04557951 0.08689293
v 0.13857028 0.04307061 0.08672699
v 0.14400462 0.04287568 0.08668359
v 0.13841169 0.04294047 0.08514349
v 0.03912738 -0.02777856 0.07367677
v 0.03931910 -0.02757504 0.07457277
v 0.03953716 -0.02710254 0.07535390
v 0.03976022 -0.02640731 0.07594373
v 0.03996645 -0.02555741 0.07628448
v 0.04013564 -0.02463602 0.07634283
v 0.04025126 -0.02373335 0.07611306
v 0.04030196 -0.02293775 0.07561766
v 0.04028281 -0.02232709 0.07490511
v 0.04019566 -0.02196116 0.07404518
v 0.04004904 -0.02187578 0.07312204
v 0.03985732 -0.02207930 0.07222604
v 0.03963926 -0.02255180 0.07144491
v 0.03941620 -0.02324702 0.07085509
v 0.03920998 -0.02409693 0.07051433
v 0.03904078 -0.02501831 0.07045598
v 0.03892516 -0.02592099 0.07068575
v 0.03887445 -0.02671659 0.07118115
v 0.03889362 -0.02732725 0.07189370
v 0.03898077 -0.02769317 0.07275363
v 0.14671125 -0.00720768 0.07502164
v -0.22092530 0.02007194 0.10887052
v -0.22050000 0.02011794 0.10862136
v -0.22050000 0.02000735 0.10864442
v -0.22071882 0.02000812 0.10867504
v -0.22097270 0.02006816 0.10899348
v -0.22100915 0.01985536 0.10933077
v -0.22097589 0.02015483 0.10896776
v -0.22092990 0.02015483 0.10887595
v -0.22097552 0.02015483 0.10896549
v -0.22090451 0.02015483 0.10882611
v -0.22089893 0.02015483 0.10882053
v -0.22080664 0.02015483 0.10872824
v -0.22079390 0.02015483 0.10871549
v -0.22075165 0.02015483 0.10869397
v -0.22069070 0.02015483 0.10866292
v -0.22065451 0.02015483 0.10864447
v -0.22059155 0.02015483 0.10863450
v -0.22050000 0.02015483 0.10862000
v -0.22050000 0.01987226 0.10870750
v -0.22050000 0.01998940 0.10864816
v -0.22097552 0.03229289 0.10896549
v -0.22100000 0.03229289 0.10912000
v -0.22096394 0.03229289 0.10894274
v -0.22090451 0.03229289 0.10882611
v -0.22084917 0.03229289 0.10877077
v -0.22084633 0.03229289 0.10876792
v -0.22079390 0.03229289 0.10871549
v -0.22065451 0.03229289 0.10864447
v -0.22072784 0.03229289 0.10868184
v -0.22061223 0.03229289 0.10863778
v -0.22051474 0.03229289 0.10862234
v -0.22050000 0.03229289 0.10862000
v -0.21550000 0.03229289 0.10862000
v -0.21550000 0.02015483 0.10862000
v -0.22090114 0.03249890 0.10891399
v -0.22066917 0.03229724 0.10864560
v -0.22078737 0.03239407 0.10872354
v -0.22079138 0.03257663 0.10883627
v -0.22085521 0.03254171 0.10887118
v -0.22074503 0.03247825 0.10869550
v -0.22050000 0.03254221 0.10868659
v -0.22075136 0.03259852 0.10881437
v -0.22065347 0.03262738 0.10878551
v -0.22050000 0.03264645 0.10876645
v -0.22053817 0.03254702 0.10869097
v -0.22050000 0.03242078 0.10863663
v -0.22093718 0.03240607 0.10891381
v -0.22098396 0.03238171 0.10903118
v -0.22063017 0.03263425 0.10877864
v -0.21550000 0.02002466 0.10863724
v -0.21550000 0.02000773 0.10864430
v -0.21550000 0.01990347 0.10868777
v -0.21547403 0.01987285 0.10870970
v -0.22077368 0.01803388 0.11002009
v -0.21514479 0.02015483 0.10876812
v -0.21524864 0.02015483 0.10868777
v -0.21519923 0.02000821 0.10874063
v -0.21536983 0.02015483 0.10863724
v -0.21534783 0.02000911 0.10865606
v -0.21501604 0.02015483 0.10899438
v -0.21502338 0.02009679 0.10898594
v -0.21506543 0.02015483 0.10887273
v -0.21511188 0.02000188 0.10883845
v -0.21500000 0.02015483 0.10912000
v -0.21550000 0.01812774 0.10990250
v -0.22090451 0.01784517 0.11019611
v -0.22079390 0.01784517 0.11008549
v -0.22065451 0.01784517 0.11001447
v -0.22050000 0.01784517 0.10999000
v -0.22050000 0.01799307 0.10996763
v -0.21509046 0.01808774 0.11010241
v -0.21534549 0.01784517 0.11001447
v -0.21550000 0.01784517 0.10999000
v -0.21550000 0.01799307 0.10996763
v -0.21520610 0.01784517 0.11008549
v -0.21509549 0.01784517 0.11019611
v -0.21502448 0.01784517 0.11033549
v -0.21500000 0.01784517 0.11049000
v -0.21481905 0.02147402 0.11367957
v -0.21500000 -0.01784589 0.11049000
v -0.21502448 -0.01784517 0.11033549
v -0.21509549 -0.01784517 0.11019611
v -0.21520610 -0.01784517 0.11008549
v -0.21534549 -0.01784517 0.11001447
v -0.21550000 -0.01784517 0.10999000
v -0.22138568 -0.02141620 0.11312671
v -0.22090451 -0.01784517 0.11019611
v -0.22079390 -0.01784517 0.11008549
v -0.22065451 -0.01784517 0.11001447
v -0.22050000 -0.01784517 0.10999000
v -0.21822847 -0.01803723 0.10973860
v -0.21515971 -0.01805879 0.11004729
v -0.21500379 -0.01967204 0.10941954
v -0.21502730 -0.02006816 0.10899348
v -0.21509256 -0.02003662 0.10885187
v -0.21530660 -0.01999603 0.10866710
v -0.22098721 -0.02014946 0.10902232
v -0.22087290 -0.01812745 0.11002263
v -0.22088812 -0.02000188 0.10883845
v -0.22050000 -0.02002466 0.10863724
v -0.21550000 -0.02000735 0.10864442
v -0.21550000 -0.02011794 0.10862136
v -0.22050000 -0.02015483 0.10862000
v -0.22050000 -0.02000773 0.10864430
v -0.21550000 -0.01998940 0.10864816
v -0.22050000 -0.01990347 0.10868777
v -0.21550000 -0.02015483 0.10862000
v -0.21500000 0.03229289 0.10912000
v -0.21502448 0.03229289 0.10896549
v -0.21509549 0.03229289 0.10882611
v -0.21520610 0.03229289 0.10871549
v -0.21534549 0.03229289 0.10864447
v -0.21550000 0.03242230 0.10863704
v -0.21550000 0.03254289 0.10868699
v -0.21537568 0.03256512 0.10871508
v -0.21502411 -0.02015483 0.10896776
v -0.21507010 -0.02015483 0.10887595
v -0.21502448 -0.02015483 0.10896549
v -0.21509549 -0.02015483 0.10882611
v -0.21510107 -0.02015483 0.10882053
v -0.21519336 -0.02015483 0.10872824
v -0.21520610 -0.02015483 0.10871549
v -0.21524835 -0.02015483 0.10869397
v -0.21530930 -0.02015483 0.10866292
v -0.21534549 -0.02015483 0.10864447
v -0.21540845 -0.02015483 0.10863450
v -0.21502448 -0.03229289 0.10896549
v -0.21500000 -0.03229289 0.10912000
v -0.21503606 -0.03229289 0.10894274
v -0.21509549 -0.03229289 0.10882611
v -0.21515083 -0.03229289 0.10877077
v -0.21515367 -0.03229289 0.10876792
v -0.21520610 -0.03229289 0.10871549
v -0.21534549 -0.03229289 0.10864447
v -0.21527216 -0.03229289 0.10868184
v -0.21538777 -0.03229289 0.10863778
v -0.21548526 -0.03229289 0.10862234
v -0.21550000 -0.03229289 0.10862000
v -0.22085521 -0.02015483 0.10876812
v -0.22075136 -0.02015483 0.10868777
v -0.22076238 -0.02000770 0.10870936
v -0.22065175 -0.02001298 0.10865526
v -0.22063017 -0.02015483 0.10863724
v -0.22097270 -0.02015483 0.10896664
v -0.22098396 -0.02015483 0.10899438
v -0.22093457 -0.02015483 0.10887273
v -0.22050000 -0.03229289 0.10862000
v -0.22100000 -0.03229289 0.10912000
v -0.22097552 -0.03229289 0.10896549
v -0.22090451 -0.03229289 0.10882611
v -0.22079390 -0.03229289 0.10871549
v -0.22065451 -0.03229289 0.10864447
v -0.21550000 -0.03242078 0.10863663
v -0.22050000 -0.03242230 0.10863704
v -0.21532331 -0.03244929 0.10865736
v -0.21550000 -0.03254221 0.10868659
v -0.22050000 -0.03254289 0.10868699
v -0.21543446 -0.03256848 0.10870585
v -0.21521263 -0.03239407 0.10872354
v -0.21534653 -0.03262738 0.10878551
v -0.21508396 -0.03245567 0.10887609
v -0.21536983 -0.03263425 0.10877864
v -0.22085337 -0.03334206 0.10926928
v -0.22085618 -0.03449998 0.11072464
v -0.22100000 -0.03450000 0.11132711
v -0.21550000 -0.03450000 0.11062000
v -0.21502193 -0.03450000 0.11112000
v -0.21512753 -0.03449999 0.11083064
v -0.21534549 -0.03450000 0.11065461
v -0.21542178 -0.03450000 0.11062871
v -0.21534549 0.03262914 0.10878375
v -0.21520610 0.03257892 0.10883397
v -0.21513685 0.03242819 0.10876207
v -0.21507535 0.03246130 0.10887920
v -0.21509549 0.03250071 0.10891219
v -0.22050000 0.03435355 0.11047356
v -0.21550000 0.03435355 0.11047356
v -0.22079140 0.03448978 0.11074944
v -0.22075000 0.03448296 0.11069770
v -0.22065349 0.03444299 0.11060119
v -0.22062941 0.03443301 0.11057711
v -0.22104430 0.03151191 0.11360015
v -0.22097552 0.03450000 0.11110860
v -0.22090451 0.03450000 0.11091148
v -0.22085355 0.03450000 0.11082711
v -0.21537059 0.03443301 0.11057711
v -0.21534651 0.03444299 0.11060119
v -0.21525000 0.03448296 0.11069770
v -0.21520860 0.03448978 0.11074944
v -0.21514645 0.03450000 0.11082711
v -0.21509549 0.03450000 0.11091148
v -0.21501951 0.03449949 0.11112097
v -0.21200000 0.03095455 0.11425637
v -0.20000000 0.03450000 0.11812000
v -0.21500000 0.03429289 0.11812000
v -0.21502193 0.03450000 0.11812000
v -0.21509549 0.03450000 0.11832852
v -0.22090451 0.03450000 0.11832852
v -0.22085355 0.03450000 0.11841290
v -0.22100000 0.03450000 0.11791290
v -0.21502567 0.03450000 0.11813060
v -0.21514645 0.03450000 0.11841290
v -0.21520860 0.03448978 0.11849056
v -0.22079140 0.03448978 0.11849056
v -0.22075000 0.03448296 0.11854230
v -0.21525000 0.03448296 0.11854230
v -0.21534651 0.03444299 0.11863881
v -0.22065349 0.03444299 0.11863881
v -0.22062941 0.03443301 0.11866290
v -0.21537059 0.03443301 0.11866290
v -0.22050000 0.03435355 0.11876645
v -0.21550000 0.03435355 0.11876645
v -0.21520862 0.03257663 0.12040374
v -0.21524864 0.03259852 0.12042563
v -0.21534653 0.03262738 0.12045449
v -0.21536983 0.03263425 0.12046136
v -0.21550000 0.03264645 0.12047356
v -0.21501604 0.03238171 0.12020882
v -0.21500000 0.03229289 0.12012000
v -0.21509886 0.03249890 0.12032601
v -0.21506275 0.03240647 0.12032593
v -0.21514479 0.03254171 0.12036882
v -0.22065451 0.03262914 0.12045625
v -0.22062434 0.03256513 0.12052491
v -0.22079390 0.03257892 0.12040603
v -0.22090451 0.03250071 0.12032781
v -0.22096358 0.03449421 0.11832206
v -0.22100000 0.03229289 0.12012000
v -0.22050000 0.03229289 0.12062000
v -0.21550000 0.03229289 0.12062000
v -0.21550000 0.03242078 0.12060337
v -0.22050000 0.03242230 0.12060297
v -0.21525493 0.03247845 0.12054436
v -0.21550000 0.03254221 0.12055341
v -0.22050000 0.03254289 0.12055301
v -0.21546183 0.03254702 0.12054903
v -0.21533084 0.03229724 0.12059440
v -0.21521263 0.03239407 0.12051646
v -0.21548526 0.03229289 0.12061767
v -0.21538777 0.03229289 0.12060223
v -0.21534549 0.03229289 0.12059553
v -0.21527216 0.03229289 0.12055817
v -0.21520610 0.03229289 0.12052451
v -0.21515083 0.03229289 0.12046924
v -0.21515367 0.03229289 0.12047208
v -0.21509549 0.03229289 0.12041389
v -0.21503606 0.03229289 0.12029726
v -0.21502448 0.03229289 0.12027451
v -0.21502448 0.02015483 0.12027451
v -0.21502411 0.02015483 0.12027224
v -0.21509549 0.02015483 0.12041389
v -0.21507010 0.02015483 0.12036405
v -0.21519336 0.02015483 0.12051176
v -0.21520610 0.02015483 0.12052451
v -0.21510107 0.02015483 0.12041947
v -0.21534549 0.02015483 0.12059553
v -0.21530930 0.02015483 0.12057708
v -0.21524835 0.02015483 0.12054604
v -0.21550000 0.02015483 0.12062000
v -0.21540845 0.02015483 0.12060550
v -0.22065451 0.03229289 0.12059553
v -0.22079390 0.03229289 0.12052451
v -0.22090451 0.03229289 0.12041389
v -0.22080397 0.03241290 0.12051908
v -0.22097552 0.03229289 0.12027451
v -0.22092249 0.03246930 0.12035943
v -0.22050000 0.02015483 0.12062000
v -0.22100000 0.02015483 0.12012000
v -0.22098396 0.02015483 0.12024561
v -0.22093457 0.02015483 0.12036727
v -0.22085521 0.02015483 0.12047189
v -0.22080079 0.02000819 0.12049936
v -0.22075136 0.02015483 0.12055222
v -0.22065218 0.02000910 0.12058393
v -0.22063017 0.02015483 0.12060276
v -0.22050000 0.02002466 0.12060276
v -0.21550000 0.02000735 0.12059558
v -0.21550000 0.02011794 0.12061864
v -0.22050000 0.02000773 0.12059570
v -0.21550000 0.01998940 0.12059184
v -0.22050000 0.01990347 0.12055222
v -0.21529454 0.01999099 0.12056740
v -0.21507469 0.02007190 0.12036945
v -0.21502730 0.02006816 0.12024652
v -0.21499318 0.01986065 0.11991946
v -0.21509811 0.01804797 0.11914884
v -0.22097662 0.02009679 0.12025406
v -0.22088813 0.02000187 0.12040153
v -0.21871171 0.01794189 0.11942833
v -0.21550000 0.01784517 0.11925000
v -0.21534549 0.01784517 0.11922552
v -0.21520610 0.01784517 0.11915451
v -0.21509549 0.01784517 0.11904389
v -0.21502448 0.01784517 0.11890451
v -0.22090325 0.01804753 0.11914539
v -0.21500000 -0.01784517 0.11875000
v -0.21502448 -0.01784517 0.11890451
v -0.21509549 -0.01784517 0.11904389
v -0.21520610 -0.01784517 0.11915451
v -0.21534549 -0.01784517 0.11922552
v -0.21550000 -0.01784517 0.11925000
v -0.22151574 0.02121902 0.11435485
v -0.22097552 0.01784517 0.11890451
v -0.22090451 0.01784517 0.11904389
v -0.22079390 0.01784517 0.11915451
v -0.22065451 0.01784517 0.11922552
v -0.22050000 -0.01784517 0.11925000
v -0.21550000 -0.01799307 0.11927238
v -0.21550000 -0.01812774 0.11933750
v -0.21507473 -0.01804094 0.11911911
v -0.22098498 -0.01809333 0.11890597
v -0.22090451 -0.01784517 0.11904389
v -0.22079390 -0.01784517 0.11915451
v -0.22065451 -0.01784517 0.11922552
v -0.22050000 -0.01799307 0.11927238
v -0.21502338 -0.02009679 0.12025406
v -0.21500000 -0.02015483 0.12012000
v -0.21513767 -0.01997865 0.12043193
v -0.21547403 -0.01987285 0.12053029
v -0.22075865 -0.01804066 0.11922965
v -0.22050000 -0.01987226 0.12053250
v -0.22099456 -0.02006214 0.12016981
v -0.22097270 -0.02006816 0.12024652
v -0.22094400 -0.01992574 0.12018777
v -0.22091963 -0.02008763 0.12038281
v -0.21550000 -0.02002466 0.12060276
v -0.22050000 -0.02000735 0.12059558
v -0.22050000 -0.02011794 0.12061864
v -0.21550000 -0.02015483 0.12062000
v -0.22050000 -0.02015483 0.12062000
v -0.22050000 -0.01998940 0.12059184
v -0.21550000 -0.02000773 0.12059570
v -0.21550000 -0.01990347 0.12055222
v -0.21514479 -0.02015483 0.12047189
v -0.21524864 -0.02015483 0.12055222
v -0.21519063 -0.02002315 0.12049504
v -0.21534825 -0.02001298 0.12058474
v -0.21536983 -0.02015483 0.12060276
v -0.21501604 -0.02015483 0.12024561
v -0.21506543 -0.02015483 0.12036727
v -0.21500000 -0.03229289 0.12012000
v -0.21502448 -0.03229289 0.12027451
v -0.21509549 -0.03229289 0.12041389
v -0.21520610 -0.03229289 0.12052451
v -0.21534549 -0.03229289 0.12059553
v -0.21550000 -0.03229289 0.12062000
v -0.22070884 -0.02000537 0.12056537
v -0.22097589 -0.02015483 0.12027224
v -0.22092990 -0.02015483 0.12036405
v -0.22097552 -0.02015483 0.12027451
v -0.22090451 -0.02015483 0.12041389
v -0.22089893 -0.02015483 0.12041947
v -0.22080664 -0.02015483 0.12051176
v -0.22079390 -0.02015483 0.12052451
v -0.22075165 -0.02015483 0.12054604
v -0.22069070 -0.02015483 0.12057708
v -0.22065451 -0.02015483 0.12059553
v -0.22059155 -0.02015483 0.12060550
v -0.22050000 -0.03229289 0.12062000
v -0.22097552 -0.03229289 0.12027451
v -0.22100000 -0.03229289 0.12012000
v -0.22096394 -0.03229289 0.12029726
v -0.22090451 -0.03229289 0.12041389
v -0.22084917 -0.03229289 0.12046924
v -0.22084633 -0.03229289 0.12047208
v -0.22079390 -0.03229289 0.12052451
v -0.22065451 -0.03229289 0.12059553
v -0.22072784 -0.03229289 0.12055817
v -0.22061223 -0.03229289 0.12060223
v -0.22051474 -0.03229289 0.12061767
v -0.22050000 -0.03242078 0.12060337
v -0.21550000 -0.03242230 0.12060297
v -0.22074507 -0.03247845 0.12054436
v -0.22050000 -0.03254221 0.12055341
v -0.21550000 -0.03254289 0.12055301
v -0.22053817 -0.03254702 0.12054903
v -0.22050000 -0.03264645 0.12047356
v -0.21537566 -0.03256513 0.12052491
v -0.22090114 -0.03249890 0.12032601
v -0.22066916 -0.03229724 0.12059440
v -0.22078737 -0.03239407 0.12051646
v -0.22079138 -0.03257663 0.12040374
v -0.22085521 -0.03254171 0.12036882
v -0.22075136 -0.03259852 0.12042563
v -0.22065347 -0.03262738 0.12045449
v -0.22093717 -0.03240607 0.12032622
v -0.22098396 -0.03238171 0.12020882
v -0.22063017 -0.03263425 0.12046136
v -0.22079140 -0.03448978 0.11849056
v -0.22075000 -0.03448296 0.11854230
v -0.22065349 -0.03444299 0.11863881
v -0.22062941 -0.03443301 0.11866290
v -0.22050000 -0.03435355 0.11876645
v -0.22104430 -0.03151191 0.11563985
v -0.22097552 -0.03450000 0.11813140
v -0.22090451 -0.03450000 0.11832852
v -0.22085355 -0.03450000 0.11841290
v -0.21537059 -0.03443301 0.11866290
v -0.21550000 -0.03435355 0.11876645
v -0.21534651 -0.03444299 0.11863881
v -0.21525000 -0.03448296 0.11854230
v -0.21520860 -0.03448978 0.11849056
v -0.21514645 -0.03450000 0.11841290
v -0.21534549 -0.03262914 0.12045625
v -0.21520610 -0.03257892 0.12040603
v -0.21513686 -0.03242817 0.12047794
v -0.21507534 -0.03246131 0.12036078
v -0.21509549 -0.03250071 0.12032781
v -0.21509549 -0.03450000 0.11832852
v -0.21501951 -0.03449949 0.11811903
v -0.21118240 -0.03377794 0.11126344
v -0.21232143 -0.02892857 0.11512000
v -0.13979337 0.04366088 0.09250000
v -0.14727712 0.04927453 0.09250000
v -0.14120663 0.05633912 0.09250000
v -0.13606638 0.05418704 0.09250000
v -0.13425277 0.04871316 0.09250000
v -0.13799615 0.04330640 0.06938333
v -0.13320215 0.04578658 0.07093478
v -0.14535165 0.04807481 0.06796835
v -0.14698234 0.05518831 0.07121429
v -0.14138168 0.04878648 0.07250000
v -0.14171353 0.04911832 0.07250000
v -0.14096353 0.04857341 0.07250000
v -0.14050000 0.04850000 0.07250000
v -0.14003647 0.04857341 0.07250000
v -0.13961832 0.04878648 0.07250000
v -0.13928647 0.04911832 0.07250000
v -0.13961832 0.05121352 0.07250000
v -0.13928647 0.05088168 0.07250000
v -0.14171353 0.05088168 0.07250000
v -0.14138168 0.05121352 0.07250000
v -0.13907341 0.05046352 0.07250000
v -0.13900000 0.05000000 0.07250000
v -0.14003647 0.05142659 0.07250000
v -0.14050000 0.05150000 0.07250000
v -0.14096353 0.05142659 0.07250000
v -0.14192659 0.05046352 0.07250000
v -0.14200000 0.05000000 0.07250000
v -0.14192659 0.04953648 0.07250000
v -0.13907341 0.04953648 0.07250000
v -0.13900000 0.05000000 0.09250000
v -0.13907341 0.04953648 0.09250000
v -0.13928647 0.04911832 0.09250000
v -0.13961832 0.04878648 0.09250000
v -0.14003647 0.04857341 0.09250000
v -0.14050000 0.04850000 0.09250000
v -0.14096353 0.04857341 0.09250000
v -0.14138168 0.04878648 0.09250000
v -0.14171353 0.04911832 0.09250000
v -0.14192659 0.04953648 0.09250000
v -0.14200000 0.05000000 0.09250000
v -0.14192659 0.05046352 0.09250000
v -0.14171353 0.05088168 0.09250000
v -0.14138168 0.05121352 0.09250000
v -0.14096353 0.05142659 0.09250000
v -0.14050000 0.05150000 0.09250000
v -0.14003647 0.05142659 0.09250000
v -0.13961832 0.05121352 0.09250000
v -0.13928647 0.05088168 0.09250000
v -0.13907341 0.05046352 0.09250000
v -0.14175265 0.05077719 0.13996824
v -0.13725379 0.05514531 0.06825747
v -0.13748352 0.05020928 0.05644590
v -0.17958778 0.03019098 0.15825000
v -0.17995105 0.03069098 0.15825000
v -0.18000000 0.03100000 0.15825000
v -0.18001862 0.03041460 0.15933000
v -0.17832506 0.03182891 0.15897558
v -0.17900000 0.03200000 0.15825000
v -0.17869098 0.03195106 0.15825000
v -0.17853853 0.02996885 0.15825000
v -0.19391222 0.03180902 0.15825000
v -0.19452847 0.03127097 0.15926538
v -0.17958778 0.05769098 0.15825000
v -0.17918661 0.05750662 0.15825000
v -0.17869098 0.05754894 0.15825000
v -0.17841222 0.05769098 0.15825000
v -0.17999817 0.05791705 0.15911400
v -0.19354895 0.03069098 0.15825000
v -0.19350812 0.03127826 0.15825000
v -0.19530902 0.03158779 0.15825000
v -0.19380600 0.03026516 0.15825000
v -0.17819098 0.05791222 0.15825000
v -0.19700000 0.06100000 0.15885000
v -0.17650000 0.02850000 0.15825000
v -0.19508778 0.05769098 0.15825000
v -0.18374652 0.05984146 0.15825000
v -0.19700000 0.02850000 0.15825000
v -0.19408145 0.05959347 0.15825000
v -0.19539867 0.03019030 0.15825000
v -0.18050000 0.06100000 0.15945000
v -0.17650000 0.06100000 0.15873000
v -0.17650000 0.02850000 0.15945000
v -0.18050000 0.02850000 0.15945000
v -0.19700000 0.02850000 0.15945000
v -0.19553425 0.05816561 0.15912000
v -0.17797588 0.05906185 0.15919545
v -0.18050000 0.04475000 0.15945000
v -0.19250000 0.02925000 0.15945000
v -0.19250000 0.04475000 0.15945000
v -0.18100000 0.02925000 0.15945000
v -0.18100000 0.04475000 0.15945000
v -0.19331892 0.05926802 0.15931285
v -0.18100000 0.06025000 0.15945000
v -0.18100000 0.06025000 0.16064999
v -0.18100000 0.02925000 0.16064999
v -0.19250000 0.02925000 0.16064999
v -0.18310001 0.05765000 0.16064999
v -0.18310001 0.03527000 0.16064999
v -0.18867999 0.05765000 0.16064999
v -0.18867999 0.03527000 0.16064999
v -0.18867999 0.05765000 0.16045000
v -0.18310001 0.05765000 0.16045000
v -0.18310001 0.03527000 0.16045000
v -0.18867999 0.03527000 0.16045000
v -0.13647694 0.03845699 0.15611964
v -0.16420000 0.03850000 0.15500000
v -0.16420000 0.03850000 0.15000000
v -0.15992894 0.03850000 0.14747000
v -0.15078801 0.03850004 0.14743856
v -0.15007643 0.03850020 0.14701948
v -0.14703889 0.03850000 0.13952499
v -0.16350000 0.03850000 0.10435000
v -0.17220000 0.03850000 0.10505000
v -0.17204182 0.03850340 0.10445321
v -0.16278736 0.03850853 0.10467937
v -0.16280000 0.03850000 0.11605000
v -0.16188074 0.03850307 0.11727953
v -0.15992894 0.03850000 0.12395000
v -0.12832310 0.03850000 0.14500000
v -0.12613311 0.03850000 0.13952499
v -0.14275000 0.03850000 0.13069778
v -0.12722346 0.03850000 0.13034035
v -0.12280000 0.03850000 0.13105742
v -0.12281894 0.03850000 0.13122238
v -0.12985518 0.03850000 0.13698280
v -0.12280000 0.03850000 0.10505000
v -0.12720000 0.03850000 0.12305000
v -0.12729251 0.03850529 0.13038869
v -0.12275511 0.03841072 0.10458934
v -0.13050367 0.03855264 0.13749391
v -0.12758146 0.03850166 0.12204267
v -0.13149977 0.03850374 0.10429128
v -0.13220000 0.03850000 0.10505000
v -0.13210268 0.03854425 0.10429296
v -0.13260744 0.03844836 0.11686887
v -0.13223289 0.03850005 0.11635526
v -0.13825000 0.03850000 0.12175000
v -0.13508115 0.03839147 0.11877563
v -0.13900000 0.03850000 0.12175000
v -0.14662120 0.03850004 0.12176228
v -0.15194788 0.03850000 0.12496056
v -0.14545562 0.03850875 0.13500028
v -0.14545609 0.03850000 0.13556798
v -0.14546979 0.03850001 0.13456392
v -0.14757660 0.03850004 0.12351196
v -0.15343250 0.03850003 0.12398479
v -0.15316485 0.03850665 0.12408309
v -0.14759217 0.03850096 0.12246514
v -0.14256862 0.04250000 0.15773973
v -0.13914197 0.04001699 0.15199060
v -0.13898217 0.04263333 0.14607496
v -0.17229271 0.03851468 0.12225000
v -0.17229271 0.03851468 0.10505000
v -0.17237634 0.03855730 0.12225000
v -0.17237634 0.03855730 0.10505000
v -0.17244270 0.03862366 0.12225000
v -0.17244270 0.03862366 0.10505000
v -0.17248532 0.03870729 0.12225000
v -0.17248532 0.03870729 0.10505000
v -0.17250000 0.03880000 0.12225000
v -0.16350000 0.03870729 0.16123532
v -0.16374786 0.03875843 0.16122286
v -0.16450000 0.03880000 0.16025000
v -0.16350000 0.03862366 0.16119270
v -0.16448532 0.03870729 0.16025000
v -0.16350000 0.03855730 0.16112634
v -0.16444270 0.03862366 0.16025000
v -0.16350000 0.03851468 0.16104271
v -0.16424234 0.03852744 0.16084927
v -0.16437634 0.03855730 0.16025000
v -0.16429271 0.03851468 0.16025000
v -0.16429271 0.03851468 0.14817000
v -0.16437634 0.03855730 0.14817000
v -0.16444270 0.03862366 0.14817000
v -0.16448532 0.03870729 0.14817000
v -0.16350000 0.03880000 0.14717000
v -0.16350000 0.03870729 0.14718468
v -0.16350000 0.03862366 0.14722729
v -0.16416591 0.03851281 0.14756946
v -0.16350000 0.03855730 0.14729367
v -0.16350000 0.03851468 0.14737729
v -0.15109703 0.03851468 0.14737729
v -0.15109703 0.03855730 0.14729367
v -0.15109703 0.03862366 0.14722729
v -0.15109703 0.03870729 0.14718468
v -0.15016856 0.03880000 0.14654140
v -0.15015718 0.03872268 0.14654594
v -0.15075816 0.03881247 0.14707520
v -0.15055453 0.03859618 0.14706743
v -0.15012852 0.03865149 0.14655740
v -0.15027003 0.03868445 0.14676484
v -0.15008455 0.03859048 0.14657500
v -0.15011536 0.03862366 0.14656267
v -0.15002791 0.03854312 0.14659766
v -0.15015383 0.03853038 0.14685264
v -0.14996181 0.03851225 0.14662408
v -0.14997609 0.03851468 0.14661838
v -0.14552788 0.03851225 0.13553926
v -0.14554216 0.03851468 0.13553354
v -0.14561980 0.03855730 0.13550249
v -0.14549337 0.03851870 0.13532155
v -0.14568143 0.03862366 0.13547783
v -0.14572099 0.03870729 0.13546201
v -0.14572325 0.03872268 0.13546111
v -0.14567279 0.03874238 0.13527050
v -0.14583504 0.03880000 0.13452454
v -0.14582657 0.03872235 0.13451880
v -0.14559186 0.03858687 0.13530158
v -0.14560340 0.03861814 0.13500255
v -0.14580174 0.03865000 0.13450200
v -0.14576227 0.03858787 0.13447528
v -0.14571082 0.03854019 0.13444044
v -0.14565091 0.03851022 0.13439987
v -0.15201216 0.03851022 0.12500408
v -0.15207208 0.03854019 0.12504465
v -0.15212354 0.03858787 0.12507948
v -0.15216301 0.03865000 0.12510621
v -0.15218784 0.03872235 0.12512301
v -0.15308500 0.04208456 0.12470389
v -0.15385243 0.03851022 0.12402765
v -0.15385243 0.03854019 0.12410000
v -0.15331763 0.03853178 0.12413686
v -0.15385243 0.03858787 0.12416213
v -0.15346985 0.03859046 0.12419595
v -0.15385243 0.03865000 0.12420981
v -0.15346980 0.03864972 0.12424179
v -0.15385243 0.03872235 0.12423978
v -0.15262677 0.03859984 0.12459539
v -0.17050000 0.03851468 0.12404270
v -0.17050000 0.03855730 0.12412634
v -0.17050000 0.03862366 0.12419270
v -0.17050000 0.03870729 0.12423531
v -0.17050000 0.03880000 0.12425000
v -0.17196599 0.03855097 0.12369449
v -0.17050000 0.04220000 0.12425000
v -0.17161419 0.04264709 0.12377285
v -0.17246379 0.04223341 0.12266551
v -0.17247286 0.03875843 0.10480214
v -0.17150000 0.03880000 0.10405000
v -0.17150000 0.03870729 0.10406468
v -0.17213940 0.03860575 0.10428505
v -0.17150000 0.03862366 0.10410729
v -0.17150000 0.03855730 0.10417367
v -0.17150000 0.03851468 0.10425729
v -0.17250000 0.04220000 0.10505000
v -0.17220000 0.04250000 0.12225000
v -0.17050000 0.04244270 0.12412634
v -0.17229271 0.04248532 0.12225000
v -0.17050000 0.04237634 0.12419270
v -0.17237634 0.04244270 0.12225000
v -0.17050000 0.04229271 0.12423531
v -0.17244270 0.04237634 0.12225000
v -0.17248532 0.04229271 0.12225000
v -0.17229271 0.04248532 0.10505000
v -0.17237634 0.04244270 0.10505000
v -0.17244270 0.04237634 0.10505000
v -0.17248532 0.04229271 0.10505000
v -0.17224951 0.04245564 0.10444366
v -0.17150000 0.04250000 0.10435000
v -0.17150000 0.04248532 0.10425729
v -0.17150000 0.04244270 0.10417367
v -0.17150000 0.04237634 0.10410729
v -0.17150000 0.04229271 0.10406468
v -0.17174788 0.04224156 0.10407714
v -0.16350000 0.03851468 0.10425729
v -0.16350000 0.03855730 0.10417367
v -0.16350000 0.03862366 0.10410729
v -0.16350000 0.03870729 0.10406468
v -0.16329304 0.03881066 0.10406487
v -0.16350000 0.04248532 0.10425729
v -0.16350000 0.04244270 0.10417367
v -0.16350000 0.04237634 0.10410729
v -0.16350000 0.04229271 0.10406468
v -0.16350000 0.04220000 0.10405000
v -0.16250000 0.03880000 0.10505000
v -0.16251468 0.03870729 0.10505000
v -0.16255730 0.03862366 0.10505000
v -0.16262366 0.03855730 0.10505000
v -0.16270729 0.03851468 0.10505000
v -0.16280000 0.04250000 0.10505000
v -0.16270729 0.04248532 0.10505000
v -0.16262366 0.04244270 0.10505000
v -0.16284094 0.04244861 0.10431831
v -0.16255730 0.04237634 0.10505000
v -0.16251468 0.04229271 0.10505000
v -0.16257706 0.03872464 0.10431696
v -0.16270729 0.03851468 0.11605000
v -0.16262366 0.03855730 0.11605000
v -0.16255730 0.03862366 0.11605000
v -0.16251468 0.03870729 0.11605000
v -0.16222874 0.04234899 0.11682469
v -0.16270729 0.04248532 0.11605000
v -0.16262366 0.04244270 0.11605000
v -0.16255730 0.04237634 0.11605000
v -0.16251468 0.04229271 0.11605000
v -0.16250000 0.04220000 0.11605000
v -0.16235096 0.03851075 0.11680113
v -0.16150000 0.03870729 0.11706468
v -0.16150000 0.03862366 0.11710729
v -0.16150000 0.03855730 0.11717367
v -0.16150000 0.03880000 0.11705000
v -0.16150000 0.04248532 0.11725729
v -0.16150000 0.04244270 0.11717367
v -0.16150000 0.04237634 0.11710729
v -0.16150000 0.04229271 0.11706468
v -0.16186025 0.03928064 0.11685463
v -0.13350000 0.03851468 0.11725729
v -0.13350000 0.03855730 0.11717367
v -0.13350000 0.03862366 0.11710729
v -0.13350000 0.03870729 0.11706468
v -0.13365482 0.04249783 0.11732072
v -0.13350000 0.04244270 0.11717367
v -0.13350000 0.04237634 0.11710729
v -0.13350000 0.04229271 0.11706468
v -0.13350000 0.04220000 0.11705000
v -0.13326211 0.03880921 0.11701967
v -0.13289316 0.03860571 0.11691697
v -0.13237634 0.03855730 0.11605000
v -0.13229271 0.03851468 0.11605000
v -0.13264095 0.04192525 0.11643628
v -0.13220000 0.04250000 0.11605000
v -0.13229271 0.04248532 0.11605000
v -0.13237634 0.04244270 0.11605000
v -0.13279438 0.04241772 0.11688421
v -0.13244270 0.04237634 0.11605000
v -0.13248532 0.04229271 0.11605000
v -0.13229271 0.03851468 0.10505000
v -0.13237634 0.03855730 0.10505000
v -0.13228497 0.03897278 0.10418328
v -0.13275461 0.03916936 0.11364941
v -0.13229271 0.04248532 0.10505000
v -0.13237634 0.04244270 0.10505000
v -0.13244270 0.04237634 0.10505000
v -0.13248532 0.04229271 0.10505000
v -0.13250000 0.04220000 0.10505000
v -0.13150000 0.03880000 0.10405000
v -0.13150000 0.03870729 0.10406468
v -0.13150000 0.03862366 0.10410729
v -0.13150000 0.03855730 0.10417367
v -0.13222774 0.04245417 0.10439516
v -0.13150000 0.04248532 0.10425729
v -0.13150000 0.04244270 0.10417367
v -0.13150000 0.04237634 0.10410729
v -0.13150000 0.04229271 0.10406468
v -0.12350000 0.03851468 0.10425729
v -0.12350000 0.03855730 0.10417367
v -0.12350000 0.03862366 0.10410729
v -0.12350000 0.03870729 0.10406468
v -0.12350000 0.04248532 0.10425729
v -0.13125000 0.04250000 0.10435000
v -0.12350000 0.04244270 0.10417367
v -0.12350000 0.04237634 0.10410729
v -0.12350000 0.04229271 0.10406468
v -0.12350000 0.04220000 0.10405000
v -0.12325213 0.03875843 0.10407714
v -0.12250000 0.03880000 0.10505000
v -0.12251469 0.03870729 0.10505000
v -0.12263251 0.03861027 0.10461263
v -0.12255730 0.03862366 0.10505000
v -0.12262366 0.03855730 0.10505000
v -0.12270730 0.03851468 0.10505000
v -0.12276846 0.04249231 0.10480102
v -0.12280000 0.04250000 0.10505000
v -0.12270730 0.04248532 0.10505000
v -0.12307101 0.04234740 0.10415820
v -0.12262366 0.04244270 0.10505000
v -0.12255730 0.04237634 0.10505000
v -0.12271163 0.04245964 0.10453186
v -0.12251469 0.04229271 0.10505000
v -0.12250000 0.04220000 0.10505000
v -0.12269835 0.03852229 0.13122231
v -0.12272235 0.03851022 0.13105742
v -0.12265000 0.03854019 0.13105742
v -0.12255356 0.03864556 0.13120794
v -0.12258787 0.03858787 0.13105742
v -0.12251620 0.03870792 0.13105742
v -0.12254019 0.03865000 0.13105742
v -0.12251367 0.03875367 0.13121561
v -0.12251022 0.03872235 0.13105742
v -0.12270730 0.04248532 0.13105742
v -0.12262366 0.04244270 0.13105742
v -0.12255730 0.04237634 0.13105742
v -0.12251469 0.04229271 0.13105742
v -0.12250000 0.04220000 0.13105742
v -0.12277798 0.03851022 0.13134622
v -0.12271079 0.03854019 0.13137309
v -0.12265311 0.03858787 0.13139618
v -0.12260201 0.03858452 0.13120360
v -0.12260884 0.03865000 0.13141388
v -0.12258102 0.03872235 0.13142502
v -0.12257153 0.03880000 0.13142880
v -0.12258516 0.04229271 0.13142336
v -0.12252593 0.04218791 0.13129649
v -0.12262472 0.04237634 0.13140753
v -0.12268634 0.04244270 0.13138287
v -0.12276399 0.04248532 0.13135182
v -0.12258728 0.04242497 0.13120366
v -0.12280959 0.04250001 0.13119039
v -0.13445531 0.03851225 0.16053870
v -0.13451749 0.03853139 0.16077098
v -0.13444102 0.03851468 0.16054440
v -0.13436337 0.03855730 0.16057547
v -0.13438583 0.03871019 0.16084789
v -0.13430176 0.03862366 0.16060011
v -0.13425993 0.03872268 0.16061684
v -0.13426219 0.03870729 0.16061594
v -0.13424855 0.03880000 0.16062138
v -0.13444102 0.04248532 0.16054440
v -0.12832310 0.04250000 0.14500000
v -0.12613311 0.04250000 0.13952499
v -0.13436337 0.04244270 0.16057547
v -0.13430176 0.04237634 0.16060011
v -0.13426219 0.04229271 0.16061594
v -0.13424855 0.04220000 0.16062138
v -0.13517703 0.03880000 0.16125000
v -0.13517703 0.03870729 0.16123532
v -0.13453240 0.03863032 0.16098465
v -0.13517703 0.03862366 0.16119270
v -0.13487451 0.03851358 0.16110712
v -0.13517703 0.03855730 0.16112634
v -0.13517703 0.03851468 0.16104271
v -0.13517703 0.04248532 0.16104271
v -0.13517703 0.04244270 0.16112634
v -0.13517703 0.04237634 0.16119270
v -0.13463528 0.04246414 0.16103092
v -0.13517703 0.04229271 0.16123532
v -0.13517703 0.04220000 0.16125000
v -0.16350000 0.04220000 0.16125000
v -0.16350000 0.04248532 0.16104271
v -0.14275000 0.04250000 0.16095000
v -0.16350000 0.04244270 0.16112634
v -0.16350000 0.04237634 0.16119270
v -0.16350000 0.04229271 0.16123532
v -0.16447286 0.04224157 0.16049786
v -0.16429271 0.04248532 0.16025000
v -0.16437634 0.04244270 0.16025000
v -0.16444270 0.04237634 0.16025000
v -0.16448532 0.04229271 0.16025000
v -0.16450000 0.04220000 0.14817000
v -0.16429271 0.04248532 0.14817000
v -0.16420000 0.04250000 0.15500000
v -0.16415580 0.04246183 0.14746495
v -0.16437634 0.04244270 0.14817000
v -0.16444270 0.04237634 0.14817000
v -0.16448532 0.04229271 0.14817000
v -0.16350000 0.04248532 0.14737729
v -0.16350000 0.04244270 0.14729367
v -0.16463488 0.04205253 0.14788496
v -0.16428331 0.03938801 0.14705347
v -0.16350000 0.04237634 0.14722729
v -0.16350000 0.04229271 0.14718468
v -0.15109703 0.04248978 0.14739235
v -0.15992894 0.04250000 0.14747000
v -0.15080603 0.04249997 0.14744020
v -0.15109703 0.04245981 0.14732001
v -0.15084837 0.04245679 0.14729090
v -0.15109703 0.04241213 0.14725787
v -0.15109703 0.04235000 0.14721019
v -0.15052884 0.04223722 0.14705906
v -0.15068307 0.04242567 0.14721270
v -0.15031924 0.04244203 0.14693023
v -0.14989002 0.04250000 0.14665281
v -0.14996211 0.04248978 0.14662398
v -0.15002928 0.04245981 0.14659709
v -0.15008698 0.04241213 0.14657402
v -0.15013124 0.04235000 0.14655632
v -0.15015906 0.04227765 0.14654518
v -0.14573462 0.04220000 0.13545656
v -0.14703889 0.04250000 0.13952499
v -0.14552788 0.04248775 0.13553926
v -0.14554216 0.04248532 0.13553354
v -0.14561980 0.04244270 0.13550249
v -0.14568143 0.04237634 0.13547783
v -0.14569460 0.04234851 0.13547256
v -0.14572099 0.04229271 0.13546201
v -0.14572325 0.04227732 0.13546111
v -0.14568486 0.04226861 0.13480776
v -0.14566349 0.04229533 0.13523082
v -0.14549212 0.04248135 0.13531917
v -0.14550126 0.04249449 0.13465943
v -0.14558661 0.04250000 0.13435635
v -0.14566286 0.04248380 0.13440797
v -0.14571082 0.04245981 0.13444044
v -0.14565091 0.04248978 0.13439987
v -0.14560362 0.04240271 0.13530501
v -0.14560151 0.04246238 0.13462657
v -0.14576227 0.04241213 0.13447528
v -0.14554141 0.04246964 0.13493385
v -0.14568492 0.04238071 0.13467465
v -0.14580174 0.04235000 0.13450200
v -0.14582161 0.04229208 0.13451546
v -0.14582657 0.04227765 0.13451880
v -0.15219629 0.04220000 0.12512875
v -0.15202464 0.04248532 0.12501253
v -0.15194788 0.04250000 0.12496056
v -0.15209389 0.04244270 0.12505941
v -0.15214885 0.04237634 0.12509662
v -0.15218413 0.04229271 0.12512051
v -0.15385243 0.04229271 0.12423531
v -0.15385243 0.04237634 0.12419270
v -0.15385243 0.04244270 0.12412634
v -0.15385243 0.04248532 0.12404270
v -0.15843294 0.04270948 0.12043450
v -0.12850000 0.03851468 0.12184270
v -0.14635788 0.03851468 0.12184270
v -0.12850000 0.03855730 0.12192634
v -0.14635788 0.03855730 0.12192634
v -0.12850000 0.03862366 0.12199271
v -0.14635788 0.03862366 0.12199271
v -0.12850000 0.03870729 0.12203532
v -0.14635788 0.03870729 0.12203532
v -0.12850000 0.03880000 0.12205000
v -0.14657452 0.03878026 0.12206802
v -0.14735760 0.03851468 0.12372684
v -0.14728835 0.03855730 0.12367996
v -0.14723340 0.03862366 0.12364275
v -0.14719810 0.03870729 0.12361886
v -0.14718594 0.03880000 0.12361063
v -0.14738369 0.03863790 0.12254576
v -0.13825151 0.03851468 0.13717685
v -0.13818225 0.03855730 0.13712996
v -0.13812730 0.03862366 0.13709274
v -0.13809201 0.03870729 0.13706886
v -0.13738630 0.03834250 0.14045573
v -0.13775783 0.03857146 0.13745495
v -0.13779583 0.04207456 0.13720443
v -0.12994125 0.03851468 0.13694838
v -0.13001891 0.03855730 0.13691731
v -0.12877595 0.03868192 0.13405210
v -0.13050729 0.04227253 0.13725544
v -0.12737905 0.03851468 0.13054288
v -0.12736478 0.03851225 0.13054860
v -0.12732240 0.03851769 0.13026566
v -0.12752867 0.03889555 0.13027891
v -0.12770574 0.03869194 0.12236955
v -0.14635788 0.04220000 0.12205000
v -0.12813668 0.04217122 0.12212705
v -0.12850000 0.04229271 0.12203532
v -0.12748531 0.04229271 0.12305000
v -0.12850000 0.04237634 0.12199271
v -0.12850000 0.04244270 0.12192634
v -0.12744270 0.04237634 0.12305000
v -0.12850000 0.04248532 0.12184270
v -0.12766245 0.04244814 0.12224608
v -0.12737634 0.04244270 0.12305000
v -0.12850000 0.04250000 0.12175000
v -0.12729270 0.04248532 0.12305000
v -0.12720000 0.04250000 0.12305000
v -0.12727765 0.04248978 0.13009451
v -0.12735997 0.04246013 0.13025974
v -0.12735000 0.04245981 0.13009451
v -0.12744075 0.04237484 0.13009451
v -0.12741213 0.04241213 0.13009451
v -0.12745981 0.04235000 0.13009451
v -0.12748950 0.04233120 0.13025841
v -0.12755789 0.04229271 0.13047134
v -0.12756015 0.04227732 0.13047044
v -0.12748752 0.04240952 0.13049950
v -0.12745670 0.04244270 0.13051183
v -0.12729501 0.04248896 0.13030996
v -0.12736478 0.04248775 0.13054860
v -0.12721943 0.04250000 0.13035090
v -0.12985518 0.04250000 0.13698280
v -0.12994125 0.04248532 0.13694838
v -0.13001891 0.04244270 0.13691731
v -0.13008052 0.04237634 0.13689267
v -0.13012009 0.04229271 0.13687685
v -0.13353356 0.04092605 0.14408564
v -0.13807985 0.04220000 0.13706062
v -0.13808832 0.04227765 0.13706636
v -0.13811314 0.04235000 0.13708316
v -0.13815262 0.04241213 0.13710989
v -0.13785818 0.04249271 0.13757437
v -0.13820407 0.04245981 0.13714473
v -0.13826398 0.04248978 0.13718529
v -0.14718594 0.04220000 0.12361063
v -0.16409917 0.04246999 0.16099425
v -0.13755476 0.04250000 0.15750000
v -0.14233810 0.04250000 0.15624697
v -0.15064910 0.04249799 0.14735918
v -0.14538963 0.04249998 0.13535732
v -0.13460267 0.04249910 0.16073402
v -0.14275000 0.04250000 0.13069778
v -0.14758632 0.04249996 0.12349371
v -0.13500000 0.04250000 0.12175000
v -0.13350000 0.04250000 0.12175000
v -0.13125000 0.04250000 0.12175000
v -0.14737035 0.04248775 0.12373547
v -0.14749252 0.04248595 0.12347998
v -0.14735760 0.04248532 0.12372684
v -0.14741863 0.04244660 0.12344581
v -0.14728835 0.04244270 0.12367996
v -0.14722165 0.04234851 0.12363480
v -0.14723340 0.04237634 0.12364275
v -0.14719609 0.04227732 0.12361749
v -0.14719810 0.04229271 0.12361886
v -0.14733342 0.04231292 0.12333059
v -0.14635788 0.04229271 0.12203532
v -0.14635788 0.04237634 0.12199271
v -0.14729384 0.04243903 0.12236906
v -0.14635788 0.04244270 0.12192634
v -0.14635788 0.04248532 0.12184270
v -0.04038141 -0.02203246 0.07416743
v -0.03984350 -0.02248400 0.07153558
v -0.04005859 -0.02205415 0.07234178
v -0.04046492 -0.02308923 0.07568860
v -0.03923251 -0.02489103 0.07041631
v -0.03940921 -0.02397544 0.07052331
v -0.03904479 -0.02662262 0.07105196
v -0.03945112 -0.02765770 0.07439878
v -0.03926577 -0.02781329 0.07349191
v -0.03988997 -0.02656582 0.07583158
v -0.03966621 -0.02722785 0.07520498
v -0.03961974 -0.02314603 0.07090898
v -0.04045756 -0.02244273 0.07500818
v -0.03910693 -0.02580319 0.07059847
v -0.03912829 -0.02767939 0.07257313
v -0.04010050 -0.02573642 0.07621725
v -0.04040277 -0.02390866 0.07614208
v -0.04027720 -0.02482082 0.07632425
v -0.04024394 -0.02189856 0.07324865
v -0.03905215 -0.02726912 0.07173238
v -0.12666803 -0.04289598 0.05821585
v -0.12685338 -0.04274039 0.05912272
v -0.12706846 -0.04231054 0.05992892
v -0.12729222 -0.04164851 0.06055552
v -0.12750275 -0.04081911 0.06094120
v -0.12767946 -0.03990351 0.06104819
v -0.12780503 -0.03899136 0.06086603
v -0.12786717 -0.03817192 0.06041254
v -0.12785982 -0.03752542 0.05973212
v -0.12778367 -0.03711515 0.05889137
v -0.12764619 -0.03698125 0.05797259
v -0.12746084 -0.03713684 0.05706572
v -0.12724576 -0.03756669 0.05625953
v -0.12702200 -0.03822872 0.05563292
v -0.12681146 -0.03905812 0.05524725
v -0.12663476 -0.03997372 0.05514025
v -0.12650919 -0.04088588 0.05532242
v -0.12644704 -0.04170531 0.05577591
v -0.12645441 -0.04235181 0.05645632
v -0.12653055 -0.04276208 0.05729707
v -0.12635542 0.04152973 0.05567844
v -0.12675415 0.03885872 0.05532261
v -0.12656886 0.03976363 0.05515590
v -0.12776095 0.03831336 0.06054459
v -0.12770596 0.03716154 0.05909270
v -0.12758030 0.03696819 0.05818286
v -0.12740353 0.03706394 0.05726604
v -0.12754751 0.04007946 0.06106712
v -0.12768491 0.03915909 0.06094451
v -0.12641041 0.04268155 0.05713032
v -0.12653606 0.04287490 0.05804016
v -0.12634816 0.04221804 0.05631652
v -0.12696920 0.03805785 0.05576231
v -0.12719297 0.03743941 0.05643197
v -0.12776820 0.03762505 0.05990650
v -0.12736221 0.04098436 0.06090041
v -0.12692340 0.04240368 0.05979105
v -0.12714716 0.04178524 0.06046071
v -0.12671283 0.04277915 0.05895699
v -0.12643146 0.04068400 0.05527851
v -0.14195432 0.04216553 0.05605195
v -0.03956694 0.02297516 0.07103837
v -0.03902920 0.02560131 0.07055457
v -0.03916660 0.02468094 0.07043196
v -0.03974490 0.02670255 0.07573677
v -0.03931057 0.02769646 0.07423305
v -0.03913380 0.02779221 0.07331622
v -0.03900815 0.02759886 0.07240638
v -0.04014525 0.02499677 0.07634318
v -0.03995996 0.02590167 0.07617648
v -0.04000128 0.02198125 0.07254210
v -0.04017804 0.02188550 0.07345892
v -0.03979071 0.02235672 0.07170803
v -0.03895316 0.02644704 0.07095449
v -0.03894590 0.02713535 0.07159258
v -0.03952114 0.02732099 0.07506711
v -0.04028265 0.02407640 0.07622057
v -0.04036595 0.02254236 0.07518256
v -0.04035869 0.02323067 0.07582065
v -0.04030370 0.02207885 0.07436876
v -0.03935189 0.02377603 0.07059867
v -0.02492888 0.02264946 0.07646922
v -0.02630621 0.06587448 0.16109535
v -0.20550000 -0.03450000 0.11925000
v -0.20550000 0.03450000 0.11925000
v -0.20565451 0.03450000 0.11922552
v -0.20565451 -0.03450000 0.11922552
v -0.20579390 0.03450000 0.11915451
v -0.20579390 -0.03450000 0.11915451
v -0.20590451 0.03450000 0.11904389
v -0.20590451 -0.03450000 0.11904389
v -0.20597552 0.03450000 0.11890451
v -0.20597552 -0.03450000 0.11890451
v -0.20600000 0.03450000 0.11875000
v -0.20600000 -0.03450000 0.11875000
v -0.20600000 0.03450000 0.11175000
v -0.20600000 -0.03450000 0.11175000
v -0.20550000 0.03450000 0.11125000
v -0.20550000 -0.03450000 0.11125000
v -0.20565451 -0.03450000 0.11127448
v -0.20565451 0.03450000 0.11127448
v -0.20579390 -0.03450000 0.11134549
v -0.20579390 0.03450000 0.11134549
v -0.20590451 -0.03450000 0.11145611
v -0.20590451 0.03450000 0.11145611
v -0.20597552 -0.03450000 0.11159549
v -0.20597552 0.03450000 0.11159549
v -0.10598349 -0.03450000 0.11129774
v -0.10515181 -0.03450000 0.11152300
v -0.10506817 -0.03450000 0.11159549
v -0.10557415 -0.03450000 0.11134549
v -0.10526601 -0.03450000 0.11145611
v -0.10501201 -0.03450000 0.11168134
v -0.10639284 -0.03450000 0.11125000
v -0.10450951 -0.03449999 0.11923154
v -0.09200000 -0.02947378 0.11159549
v -0.09200007 -0.02998119 0.11909256
v -0.09200000 -0.02944161 0.11152300
v -0.09200000 -0.02939769 0.11145611
v -0.09200000 -0.02927917 0.11134549
v -0.09200000 -0.02912984 0.11127448
v -0.09200000 -0.02896429 0.11125000
v -0.10450891 0.03449999 0.11924076
v -0.10598349 0.03450000 0.11129774
v -0.10515181 0.03450000 0.11152300
v -0.10526601 0.03450000 0.11145611
v -0.10506817 0.03450000 0.11159549
v -0.10639284 0.03450000 0.11125000
v -0.10501201 0.03450000 0.11168134
v -0.10557415 0.03450000 0.11134549
v -0.09200000 0.02896429 0.11125000
v -0.09200000 0.02947378 0.11159549
v -0.09200006 0.02997132 0.11894155
v -0.09200000 0.02939769 0.11145611
v -0.09200000 0.02912984 0.11127448
v -0.09200000 0.02944161 0.11152300
v -0.09200000 0.02927917 0.11134549
v -0.04485147 -0.03408066 0.07890459
v -0.04417230 -0.03146778 0.07854201
v -0.04438563 -0.03236626 0.07837402
v -0.04434274 -0.03068991 0.08382841
v -0.04397405 -0.02962309 0.08235748
v -0.04387327 -0.02947475 0.08143616
v -0.04384335 -0.02961132 0.08050802
v -0.04480858 -0.03240432 0.08435897
v -0.04457455 -0.03150398 0.08423404
v -0.04522016 -0.03514749 0.08037552
v -0.04532094 -0.03529582 0.08129684
v -0.04505840 -0.03472878 0.07955120
v -0.04400056 -0.03065912 0.07898648
v -0.04388721 -0.03001943 0.07966392
v -0.04413581 -0.03004180 0.08318179
v -0.04502191 -0.03330279 0.08419099
v -0.04530700 -0.03475114 0.08306907
v -0.04519365 -0.03411145 0.08374651
v -0.04535086 -0.03515925 0.08222497
v -0.04461966 -0.03326659 0.07849895
v -0.02984890 -0.03574521 0.08290736
v -0.16537093 0.07572839 0.16124585
v -0.13111089 -0.00885125 0.07296912
v -0.13172998 -0.01145872 0.07248160
v -0.13149596 -0.01055839 0.07235667
v -0.13230397 -0.01230358 0.07772916
v -0.13246118 -0.01335138 0.07620761
v -0.13243126 -0.01348795 0.07527948
v -0.13233049 -0.01333962 0.07435816
v -0.13191890 -0.01059645 0.07834161
v -0.13213223 -0.01149492 0.07817363
v -0.13095367 -0.00780345 0.07449067
v -0.13098360 -0.00766688 0.07541880
v -0.13099753 -0.00821156 0.07364656
v -0.13196179 -0.01227279 0.07288723
v -0.13216872 -0.01292090 0.07353385
v -0.13241733 -0.01294328 0.07705171
v -0.13168488 -0.00969611 0.07821668
v -0.13124614 -0.00823393 0.07716443
v -0.13145306 -0.00888204 0.07781105
v -0.13108437 -0.00781522 0.07634012
v -0.13128262 -0.00965991 0.07252465
v -0.14660151 -0.00745509 0.07550453
v -0.02238941 0.10205000 0.11057352
v -0.02208485 0.10200000 0.10925000
v -0.02208485 0.10210000 0.10925000
v -0.01881178 0.10205000 0.10977446
v -0.01800000 0.10200000 0.10925000
v -0.01803608 0.10206364 0.10940648
v -0.04553492 0.03484225 0.08228749
v -0.04524976 0.03446735 0.07960458
v -0.04541742 0.03486671 0.08043728
v -0.04533677 0.03377284 0.08378909
v -0.04451839 0.03214613 0.07838109
v -0.04477712 0.03303706 0.07852358
v -0.04408027 0.03044026 0.07896051
v -0.04399963 0.02934638 0.08231232
v -0.04390137 0.02921720 0.08138786
v -0.04438791 0.03037621 0.08380444
v -0.04416728 0.02974575 0.08314502
v -0.04502914 0.03383689 0.07894517
v -0.04547328 0.03442081 0.08312389
v -0.04427827 0.03125134 0.07853165
v -0.04388213 0.02937085 0.08046211
v -0.04463992 0.03117604 0.08422602
v -0.04513877 0.03296176 0.08421795
v -0.04489865 0.03206696 0.08436851
v -0.04551567 0.03499590 0.08136174
v -0.04394377 0.02979228 0.07962570
v -0.13039487 0.00502867 0.07557481
v -0.13049312 0.00515785 0.07649928
v -0.13066077 0.00555722 0.07733197
v -0.13088139 0.00618768 0.07799139
v -0.13113341 0.00698751 0.07841297
v -0.13139214 0.00787843 0.07855546
v -0.13163226 0.00877323 0.07840490
v -0.13183026 0.00958431 0.07797604
v -0.13196677 0.01023229 0.07731084
v -0.13202841 0.01065372 0.07647444
v -0.13200916 0.01080737 0.07554869
v -0.13191090 0.01067819 0.07462423
v -0.13174326 0.01027882 0.07379153
v -0.13152263 0.00964836 0.07313212
v -0.13127061 0.00884853 0.07271053
v -0.13101189 0.00795761 0.07256805
v -0.13077176 0.00706281 0.07271860
v -0.13057376 0.00625173 0.07314746
v -0.13043726 0.00560376 0.07381265
v -0.13037561 0.00518232 0.07464906
v -0.15773412 -0.01422297 0.04122295
v -0.16456745 -0.00408489 0.03988228
v -0.15750000 -0.00250000 0.04000000
v -0.15750000 -0.00250000 0.06500000
v -0.16032594 -0.00699144 0.06531322
v -0.15750000 -0.00203647 0.06507342
v -0.15750000 -0.00203647 0.03992659
v -0.15750000 -0.00161832 0.06528648
v -0.15738454 -0.00159649 0.03957042
v -0.15805248 -0.00041663 0.07115763
v -0.15750000 -0.00107342 0.03896352
v -0.15750000 0.00156066 0.03293934
v -0.15889574 0.00060822 0.03270025
v -0.15750000 0.00262132 0.03250000
v -0.15750000 0.00937868 0.03250000
v -0.18222546 0.00750617 0.05219926
v -0.16449905 0.01481628 0.04490099
v -0.15704205 0.00832397 0.07224458
v -0.15750000 0.01342848 0.04204969
v -0.15750000 0.01373224 0.04228862
v -0.15750000 0.01408698 0.04244202
v -0.14048411 0.01234156 0.06149747
v -0.14194642 -0.04280819 0.05603990
v -0.02514624 -0.02197421 0.07644603
v -0.03026790 0.10204912 0.13512622
v -0.02383168 0.10204231 0.12423200
v -0.02398667 0.10210000 0.12498333
v -0.02568621 0.10210000 0.13027635
v -0.02544000 0.10200000 0.12950333
v -0.02657096 0.10210000 0.13339735
v -0.02569613 0.10200000 0.13031036
v -0.02680288 0.10204545 0.13507737
v -0.02668573 0.10205263 0.13633248
v -0.15176649 0.07289952 0.16175000
v -0.15029704 0.07289952 0.16175000
v -0.15064549 0.07307706 0.16175000
v -0.14984296 0.07150198 0.16175000
v -0.15064549 0.07069942 0.16175000
v -0.15029704 0.07087698 0.16175000
v -0.15103177 0.07313824 0.16175000
v -0.14984296 0.07227452 0.16175000
v -0.15002049 0.07262298 0.16175000
v -0.15103177 0.07063824 0.16175000
v -0.15176649 0.07087698 0.16175000
v -0.15141805 0.07069942 0.16175000
v -0.15228177 0.07188824 0.16175000
v -0.15222060 0.07150198 0.16175000
v -0.14978177 0.07188824 0.16175000
v -0.15204305 0.07262298 0.16175000
v -0.15204305 0.07115351 0.16175000
v -0.15222060 0.07227452 0.16175000
v -0.15141805 0.07307706 0.16175000
v -0.15002049 0.07115351 0.16175000
v -0.15228177 0.07188824 0.17100000
v -0.15222060 0.07150198 0.17100000
v -0.15204305 0.07115351 0.17100000
v -0.15176649 0.07087698 0.17100000
v -0.15141805 0.07069942 0.17100000
v -0.15103177 0.07063824 0.17100000
v -0.15064549 0.07069942 0.17100000
v -0.15029704 0.07087698 0.17100000
v -0.15002049 0.07115351 0.17100000
v -0.14984296 0.07150198 0.17100000
v -0.14978177 0.07188824 0.17100000
v -0.14984296 0.07227452 0.17100000
v -0.15002049 0.07262298 0.17100000
v -0.15029704 0.07289952 0.17100000
v -0.15064549 0.07307706 0.17100000
v -0.15103177 0.07313824 0.17100000
v -0.15141805 0.07307706 0.17100000
v -0.15176649 0.07289952 0.17100000
v -0.15204305 0.07262298 0.17100000
v -0.15222060 0.07227452 0.17100000
v -0.14970396 0.07421233 0.17137152
v -0.15135083 0.07343716 0.17124589
v -0.15113234 0.06935306 0.17139205
v -0.14865173 0.07100917 0.17139205
v -0.15371492 0.07267616 0.17141553
v -0.15053933 0.07176870 0.16170000
v -0.15324341 -0.10100000 0.05741237
v -0.15100000 -0.10100000 0.05250000
v -0.15126329 -0.10100000 0.05433126
v -0.15126329 -0.10100000 0.05066874
v -0.15324341 -0.10100000 0.04758763
v -0.15203185 -0.10100000 0.04898584
v -0.16175659 -0.10100000 0.04758763
v -0.16400000 -0.10100000 0.05250000
v -0.16373671 -0.10100000 0.05066874
v -0.16296815 -0.10100000 0.05601416
v -0.16373671 -0.10100000 0.05433126
v -0.16020020 -0.10100000 0.05841261
v -0.16175659 -0.10100000 0.05741237
v -0.15479980 -0.10100000 0.04658739
v -0.15842505 -0.10100000 0.05893384
v -0.15479980 -0.10100000 0.05841261
v -0.15657495 -0.10100000 0.05893384
v -0.15657495 -0.10100000 0.04606616
v -0.16020020 -0.10100000 0.04658739
v -0.15842505 -0.10100000 0.04606616
v -0.15203185 -0.10100000 0.05601416
v -0.16296815 -0.10100000 0.04898584
v -0.15750000 -0.01421000 0.04600000
v -0.15842505 -0.01421000 0.04606616
v -0.16020020 -0.01421000 0.04658739
v -0.16175659 -0.01421000 0.04758763
v -0.16296815 -0.01421000 0.04898584
v -0.16373671 -0.01421000 0.05066874
v -0.15324341 -0.05400000 0.04758763
v -0.15203185 -0.05400000 0.04898584
v -0.15126329 -0.05400000 0.05066874
v -0.15100000 -0.05400000 0.05250000
v -0.15618547 -0.05400000 0.04613431
v -0.15657495 -0.01421000 0.04606616
v -0.15479980 -0.05400000 0.04658739
v -0.16400000 -0.01421000 0.05250000
v -0.13928659 -0.05400000 0.04962398
v -0.15126329 -0.05400000 0.05433126
v -0.14137114 -0.05400000 0.06143642
v -0.15203185 -0.05400000 0.05601416
v -0.15479980 -0.05400000 0.05841261
v -0.15324341 -0.05400000 0.05741237
v -0.15657495 -0.05400000 0.05893384
v -0.15844373 -0.05400000 0.05893113
v -0.15842505 -0.05400000 0.05893384
v -0.14063435 -0.04975565 0.05630049
v -0.16373671 -0.01421000 0.05433126
v -0.16296815 -0.01421000 0.05601416
v -0.16175659 -0.01421000 0.05741237
v -0.15805745 -0.01805179 0.06189992
v -0.16020020 -0.01421000 0.05841261
v -0.15272861 -0.00169922 0.06523333
v -0.15430048 -0.00216428 0.06470315
v -0.15747068 -0.00235445 0.06510311
v -0.15750000 -0.00220611 0.06509549
v -0.15750000 -0.00204331 0.06528358
v -0.15750000 -0.00200000 0.06550000
v -0.14957465 -0.00310308 0.06254731
v -0.14974747 -0.00212418 0.06289396
v -0.15005451 -0.00201827 0.06308831
v -0.14963428 -0.00213502 0.06287870
v -0.14963428 -0.00212577 0.06289179
v -0.14963428 -0.00205615 0.06299024
v -0.14963428 -0.00203362 0.06305364
v -0.14963428 -0.00201041 0.06311896
v -0.14963428 -0.00200831 0.06313940
v -0.14634208 -0.00218833 0.06282819
v -0.14649948 -0.00213894 0.06288219
v -0.14649948 -0.00208177 0.06294642
v -0.14649950 -0.00206064 0.06299231
v -0.14649950 -0.00201986 0.06308090
v -0.14649950 -0.00201436 0.06311953
v -0.14503633 -0.00228161 0.06276236
v -0.14503633 -0.00222715 0.06279972
v -0.14503633 -0.00215892 0.06284654
v -0.14576929 -0.00213548 0.06287458
v -0.14503633 -0.00213848 0.06287230
v -0.14503633 -0.00206644 0.06296309
v -0.14610918 -0.00207406 0.06295745
v -0.14503633 -0.00202830 0.06306082
v -0.14576770 -0.00202399 0.06306378
v -0.14503633 -0.00201235 0.06310169
v -0.14503633 -0.00200533 0.06316451
v -0.14503633 -0.00200000 0.06321215
v -0.14599070 -0.00200173 0.06318805
v -0.14230000 -0.00205751 0.06298933
v -0.14230000 -0.00202024 0.06307133
v -0.14230000 -0.00201581 0.06310219
v -0.14230000 -0.00211749 0.06289838
v -0.14230000 -0.00207841 0.06294334
v -0.14230000 -0.00216099 0.06284833
v -0.14230000 -0.00228294 0.06276448
v -0.14230000 -0.00217503 0.06283217
v -0.14230000 -0.00200440 0.06318151
v -0.14870045 -0.00212115 0.03624393
v -0.15750492 -0.00098892 0.03628716
v -0.15750001 -0.00084957 0.03540395
v -0.15748895 0.00195402 0.03258311
v -0.15741765 0.01231311 0.03435244
v -0.15274062 0.01550254 0.04394121
v -0.14202055 -0.00229254 0.06275048
v -0.14196069 0.00170530 0.06464051
v -0.14220915 -0.00199135 0.06313693
v -0.14227295 -0.00199969 0.06320141
v -0.14199789 -0.00192215 0.06296118
v -0.14204361 -0.00207472 0.06286887
v -0.14201722 -0.00180463 0.06329602
v -0.14192532 -0.00149491 0.06299059
v -0.14193984 0.00019264 0.07069546
v -0.14204031 -0.00184219 0.06330109
v -0.14203860 -0.00183898 0.06330274
v -0.14209120 -0.00191050 0.06326471
v -0.14212811 -0.00194586 0.06324482
v -0.14215950 -0.00196264 0.06323481
v -0.14211522 -0.00193351 0.06325176
v -0.14221375 -0.00198505 0.06322135
v -0.14224054 -0.00199162 0.06321731
v -0.14224670 -0.00199313 0.06321638
v -0.14230000 -0.00200000 0.07450000
v -0.14224026 -0.00199214 0.07450000
v -0.14222235 -0.00198978 0.07450000
v -0.14215898 -0.00196353 0.07450000
v -0.14214999 -0.00195981 0.07450000
v -0.14208899 -0.00191299 0.07450000
v -0.14204019 -0.00185000 0.07450000
v -0.14208788 -0.00191213 0.07450000
v -0.14203755 -0.00184362 0.07450000
v -0.14200824 -0.00176253 0.07450000
v -0.14200000 0.00170000 0.07450000
v -0.14201843 0.00182982 0.06506802
v -0.14216499 0.00216558 0.06529220
v -0.14221352 0.00200174 0.06575839
v -0.14216400 0.00195003 0.06581870
v -0.14216368 0.00194991 0.06581770
v -0.14210190 0.00194506 0.06542912
v -0.14205852 0.00186600 0.06541568
v -0.14203937 0.00184056 0.06532705
v -0.14201869 0.00178664 0.06517391
v -0.14201279 0.00175923 0.06510409
v -0.14200899 0.00174164 0.06505927
v -0.14737997 -0.00198978 0.07718489
v -0.14733545 -0.00200000 0.07712128
v -0.14658736 -0.00198978 0.07759203
v -0.14589060 -0.00199947 0.07772495
v -0.14241826 -0.00200000 0.07536189
v -0.14234348 -0.00198978 0.07538280
v -0.14738023 -0.00198960 0.07718524
v -0.14661136 -0.00195981 0.07766028
v -0.14742148 -0.00195981 0.07724416
v -0.14227380 -0.00195981 0.07540229
v -0.14742191 -0.00195924 0.07724477
v -0.14682696 -0.00192673 0.07763899
v -0.14221396 -0.00191213 0.07541902
v -0.14745761 -0.00191102 0.07729575
v -0.14684442 -0.00187091 0.07768645
v -0.14216805 -0.00185000 0.07543186
v -0.14748488 -0.00184827 0.07733469
v -0.14678580 -0.00178424 0.07775613
v -0.14573814 -0.00186268 0.07796788
v -0.14750752 -0.00170000 0.07736703
v -0.14750183 -0.00177533 0.07735891
v -0.14257369 -0.00193121 0.07632655
v -0.14209713 -0.00177832 0.07533305
v -0.15750000 -0.00170000 0.07037022
v -0.15750000 -0.00177537 0.07035847
v -0.15750000 -0.00184836 0.07032230
v -0.15750000 -0.00191113 0.07026417
v -0.15750000 -0.00195934 0.07018810
v -0.15750000 -0.00198966 0.07009933
v -0.15750000 -0.00200000 0.07000399
v -0.14666112 0.00170000 0.07780179
v -0.14400799 -0.00189844 0.07775361
v -0.14750752 0.00170000 0.07736703
v -0.14200768 0.00176015 0.07450000
v -0.14203664 0.00184192 0.07450000
v -0.14208798 0.00191199 0.07450000
v -0.14208687 0.00191113 0.07450000
v -0.14211746 0.00186940 0.07522580
v -0.14214919 0.00195934 0.07450000
v -0.14227422 0.00198608 0.07523739
v -0.14417408 0.00050149 0.07220222
v -0.15361157 0.00205674 0.07245538
v -0.14291419 0.00227228 0.06629617
v -0.14748650 0.00184192 0.07733702
v -0.14665793 0.00177537 0.07779271
v -0.14684684 0.00184420 0.07770335
v -0.14209451 0.00178279 0.07531316
v -0.14745769 0.00191113 0.07729588
v -0.14663231 0.00191113 0.07771983
v -0.14251860 0.00182491 0.07630646
v -0.14221300 0.00191113 0.07541929
v -0.14745705 0.00191199 0.07729496
v -0.14661163 0.00195934 0.07766105
v -0.14742195 0.00195934 0.07724483
v -0.14525811 0.00188907 0.07797313
v -0.14741678 0.00196310 0.07723743
v -0.14658751 0.00198966 0.07759245
v -0.14738023 0.00198966 0.07718526
v -0.14393154 0.00211599 0.07712746
v -0.14736990 0.00199204 0.07717051
v -0.14750311 0.00176015 0.07736074
v -0.14750200 0.00177537 0.07735915
v -0.15393344 0.00199029 0.07259373
v -0.15410283 0.00197743 0.07250838
v -0.15411502 0.00195190 0.07253728
v -0.15389046 0.00199231 0.07260460
v -0.15416949 0.00194038 0.07252036
v -0.15425482 0.00192294 0.07249286
v -0.15433772 0.00190481 0.07246806
v -0.15453856 0.00183932 0.07238609
v -0.15455153 0.00183348 0.07237942
v -0.15466586 0.00179557 0.07231770
v -0.15472142 0.00175700 0.07229218
v -0.15466370 0.00193510 0.07228759
v -0.15514156 0.00134196 0.07202158
v -0.15750000 -0.00042506 0.07037022
v -0.15532822 0.00125570 0.07190086
v -0.15750000 -0.00033022 0.07037817
v -0.15750000 -0.00035561 0.07037453
v -0.15506238 0.00174692 0.07212627
v -0.15750000 0.01700000 0.04600000
v -0.15657495 0.01700000 0.04606616
v -0.16175659 0.01700000 0.05741237
v -0.16373671 0.01700000 0.05066874
v -0.16296815 0.01700000 0.04898584
v -0.16400000 0.01700000 0.05250000
v -0.16296815 0.01700000 0.05601416
v -0.16175659 0.01700000 0.04758763
v -0.16020020 0.01700000 0.04658739
v -0.16373671 0.01700000 0.05433126
v -0.15842505 0.01700000 0.04606616
v -0.15842505 0.01700000 0.05893384
v -0.16020020 0.01700000 0.05841261
v -0.13079181 -0.00147683 0.05103026
v -0.16400000 0.10100000 0.05250000
v -0.16373671 0.10100000 0.05433126
v -0.16296815 0.10100000 0.05601416
v -0.16175659 0.10100000 0.05741237
v -0.15842505 0.10100000 0.05893384
v -0.15842505 0.05400000 0.05893384
v -0.15657495 0.05400000 0.05893384
v -0.15657495 0.10100000 0.05893384
v -0.15479980 0.05400000 0.05841261
v -0.15479980 0.10100000 0.05841261
v -0.15324341 0.05400000 0.05741237
v -0.15324341 0.10100000 0.05741237
v -0.15203185 0.05400000 0.05601416
v -0.15203185 0.10100000 0.05601416
v -0.15126329 0.05400000 0.05433126
v -0.15126329 0.10100000 0.05433126
v -0.15100000 0.05400000 0.05250000
v -0.16020020 0.10100000 0.05841261
v -0.15844373 0.05400000 0.05893113
v -0.15844128 0.04857143 0.05893171
v -0.15100000 0.10100000 0.05250000
v -0.15657495 0.10100000 0.04606616
v -0.15842505 0.10100000 0.04606616
v -0.15203185 0.10100000 0.04898584
v -0.16175659 0.10100000 0.04758763
v -0.16296815 0.10100000 0.04898584
v -0.16373671 0.10100000 0.05066874
v -0.15479980 0.10100000 0.04658739
v -0.15324341 0.10100000 0.04758763
v -0.16020020 0.10100000 0.04658739
v -0.15126329 0.10100000 0.05066874
v -0.14013568 0.04908708 0.05507802
v -0.15126329 0.05400000 0.05066874
v -0.15203185 0.05400000 0.04898584
v -0.15324341 0.05400000 0.04758763
v -0.15479980 0.05400000 0.04658739
v -0.15618547 0.05400000 0.04613431
v -0.14137114 0.05400000 0.06143642
v -0.13928659 0.05400000 0.04962398
v -0.14760162 0.04912950 0.11091682
v -0.14748935 0.05031389 0.11079235
v -0.14858280 0.04884772 0.11000761
v -0.14408488 0.04228792 0.11101279
v -0.14744704 0.04914845 0.10933266
v -0.14748935 0.05031389 0.10920764
v -0.14741510 0.05184642 0.10904436
v -0.14630510 0.05447647 0.10933572
v -0.14726282 0.05180576 0.11062814
v -0.14674721 0.04478000 0.08583887
v -0.14761971 0.05137197 0.08501048
v -0.13435707 0.04557951 0.08689293
v -0.14242972 0.04307061 0.08672699
v -0.13699538 0.04287568 0.08668359
v -0.14258831 0.04294047 0.08514349
v -0.19569857 0.06602592 0.15600000
v -0.19557331 0.05850000 0.15601190
v -0.19498969 0.05999815 0.15525000
v -0.19478220 0.06992930 0.15606111
v -0.18260870 0.03174633 0.15574075
v -0.19934795 0.07189289 0.15577308
v -0.17691404 0.06818054 0.15573638
v -0.14569771 0.00328730 0.07576743
v -0.03023141 0.03650479 0.08287217
v -0.10438471 0.08742015 0.16137817
v -0.15584357 0.04590615 0.17955450
v -0.15584357 0.04590615 0.17874550
v -0.15584357 0.04579554 0.17885611
v -0.15584357 0.04649394 0.17874550
v -0.15584357 0.04649394 0.17955450
v -0.15584357 0.04660455 0.17944389
v -0.15584357 0.04570005 0.17914999
v -0.15584357 0.04572452 0.17930450
v -0.15584357 0.04572452 0.17899550
v -0.15584357 0.04670005 0.17914999
v -0.15584357 0.04667558 0.17899550
v -0.15584357 0.04667558 0.17930450
v -0.15584357 0.04604554 0.17962553
v -0.15584357 0.04635455 0.17867447
v -0.15584357 0.04579554 0.17944389
v -0.15584357 0.04620005 0.17964999
v -0.15584357 0.04620005 0.17864999
v -0.15584357 0.04604554 0.17867447
v -0.15584357 0.04660455 0.17885611
v -0.15584357 0.04635455 0.17962553
v -0.16284357 0.04667558 0.17930450
v -0.16284357 0.04670005 0.17914999
v -0.16284357 0.04660455 0.17944389
v -0.16284357 0.04649394 0.17955450
v -0.16284357 0.04635455 0.17962553
v -0.16284357 0.04620005 0.17964999
v -0.16284357 0.04604554 0.17962553
v -0.16284357 0.04590615 0.17955450
v -0.16284357 0.04579554 0.17944389
v -0.16284357 0.04572452 0.17930450
v -0.16284357 0.04570005 0.17914999
v -0.16284357 0.04572452 0.17899550
v -0.16284357 0.04579554 0.17885611
v -0.16284357 0.04590615 0.17874550
v -0.16284357 0.04604554 0.17867447
v -0.16284357 0.04620005 0.17864999
v -0.16284357 0.04635455 0.17867447
v -0.16284357 0.04649394 0.17874550
v -0.16284357 0.04660455 0.17885611
v -0.16284357 0.04667558 0.17899550
v -0.16284357 0.05615484 0.17520000
v -0.16284357 0.05552984 0.17803500
v -0.16284357 0.05427984 0.17520000
v -0.16284357 0.05427984 0.17803500
v -0.16284357 0.05435964 0.17692000
v -0.16284357 0.05438411 0.17707451
v -0.16284357 0.05533517 0.17676549
v -0.16284357 0.05535964 0.17692000
v -0.16284357 0.05438411 0.17676549
v -0.16284357 0.05445513 0.17662611
v -0.16284357 0.05456575 0.17651549
v -0.16284357 0.05445513 0.17721390
v -0.16284357 0.05533517 0.17707451
v -0.16284357 0.05470513 0.17739552
v -0.16284357 0.05456575 0.17732451
v -0.16284357 0.05526414 0.17721390
v -0.16284357 0.05515353 0.17732451
v -0.16284357 0.05526414 0.17662611
v -0.16284357 0.05501414 0.17739552
v -0.16284357 0.05485964 0.17742000
v -0.16284357 0.05501414 0.17644447
v -0.16284357 0.05515353 0.17651549
v -0.16284357 0.05470513 0.17644447
v -0.16284357 0.05485964 0.17642000
v -0.16284357 0.05115484 0.17520000
v -0.16284357 0.05177984 0.17803500
v -0.16284357 0.05185964 0.17692000
v -0.16284357 0.05188411 0.17707451
v -0.16284357 0.05283517 0.17676549
v -0.16284357 0.05285964 0.17692000
v -0.16284357 0.05188411 0.17676549
v -0.16284357 0.05195513 0.17662611
v -0.16284357 0.05206575 0.17651549
v -0.16284357 0.05195513 0.17721390
v -0.16284357 0.05283517 0.17707451
v -0.16284357 0.05220513 0.17739552
v -0.16284357 0.05206575 0.17732451
v -0.16284357 0.05276414 0.17721390
v -0.16284357 0.05265353 0.17732451
v -0.16284357 0.05276414 0.17662611
v -0.16284357 0.05251414 0.17739552
v -0.16284357 0.05251414 0.17644447
v -0.16284357 0.05265353 0.17651549
v -0.16284357 0.05220513 0.17644447
v -0.16284357 0.05235964 0.17742000
v -0.16284357 0.05235964 0.17642000
v -0.16284357 0.05052984 0.17803500
v -0.16284357 0.04865484 0.17520000
v -0.16284357 0.04927984 0.17803500
v -0.16284357 0.04935964 0.17692000
v -0.16284357 0.04938411 0.17707451
v -0.16284357 0.05033517 0.17676549
v -0.16284357 0.05035964 0.17692000
v -0.16284357 0.04938411 0.17676549
v -0.16284357 0.04945513 0.17662611
v -0.16284357 0.04956575 0.17651549
v -0.16284357 0.04945513 0.17721390
v -0.16284357 0.05033517 0.17707451
v -0.16284357 0.04970513 0.17739552
v -0.16284357 0.04956575 0.17732451
v -0.16284357 0.05026414 0.17721390
v -0.16284357 0.05015353 0.17732451
v -0.16284357 0.05026414 0.17662611
v -0.16284357 0.05001414 0.17739552
v -0.16284357 0.04985964 0.17742000
v -0.16284357 0.05001414 0.17644447
v -0.16284357 0.05015353 0.17651549
v -0.16284357 0.04970513 0.17644447
v -0.16284357 0.04985964 0.17642000
v -0.16284357 0.04802984 0.17803500
v -0.16284357 0.05913097 0.17803500
v -0.16284357 0.05677984 0.17803500
v -0.16284357 0.05677984 0.18028500
v -0.16284357 0.05552984 0.18028500
v -0.16284357 0.05572452 0.17930450
v -0.16284357 0.05570005 0.17914999
v -0.16284357 0.05670005 0.17914999
v -0.16284357 0.05572452 0.17899550
v -0.16284357 0.05667558 0.17899550
v -0.16284357 0.05579554 0.17885611
v -0.16284357 0.05590615 0.17874550
v -0.16284357 0.05579554 0.17944389
v -0.16284357 0.05667558 0.17930450
v -0.16284357 0.05604554 0.17962553
v -0.16284357 0.05590615 0.17955450
v -0.16284357 0.05660455 0.17944389
v -0.16284357 0.05649394 0.17955450
v -0.16284357 0.05660455 0.17885611
v -0.16284357 0.05604554 0.17867447
v -0.16284357 0.05620005 0.17864999
v -0.16284357 0.05620005 0.17964999
v -0.16284357 0.05635455 0.17867447
v -0.16284357 0.05649394 0.17874550
v -0.16284357 0.05635455 0.17962553
v -0.16284357 0.05427984 0.18028500
v -0.16284357 0.05177984 0.18028500
v -0.16284357 0.05322452 0.17930450
v -0.16284357 0.05320005 0.17914999
v -0.16284357 0.05420005 0.17914999
v -0.16284357 0.05322452 0.17899550
v -0.16284357 0.05417558 0.17899550
v -0.16284357 0.05329554 0.17885611
v -0.16284357 0.05340615 0.17874550
v -0.16284357 0.05329554 0.17944389
v -0.16284357 0.05417558 0.17930450
v -0.16284357 0.05354554 0.17962553
v -0.16284357 0.05340615 0.17955450
v -0.16284357 0.05410455 0.17944389
v -0.16284357 0.05399394 0.17955450
v -0.16284357 0.05410455 0.17885611
v -0.16284357 0.05354554 0.17867447
v -0.16284357 0.05370005 0.17964999
v -0.16284357 0.05385455 0.17867447
v -0.16284357 0.05399394 0.17874550
v -0.16284357 0.05385455 0.17962553
v -0.16284357 0.05370005 0.17864999
v -0.16284357 0.05052984 0.18028500
v -0.16284357 0.05072452 0.17930450
v -0.16284357 0.05070005 0.17914999
v -0.16284357 0.05170005 0.17914999
v -0.16284357 0.05072452 0.17899550
v -0.16284357 0.05167558 0.17899550
v -0.16284357 0.05079554 0.17885611
v -0.16284357 0.05090615 0.17874550
v -0.16284357 0.05079554 0.17944389
v -0.16284357 0.05167558 0.17930450
v -0.16284357 0.05104554 0.17962553
v -0.16284357 0.05090615 0.17955450
v -0.16284357 0.05160455 0.17944389
v -0.16284357 0.05149394 0.17955450
v -0.16284357 0.05160455 0.17885611
v -0.16284357 0.05104554 0.17867447
v -0.16284357 0.05120005 0.17864999
v -0.16284357 0.05120005 0.17964999
v -0.16284357 0.05135455 0.17867447
v -0.16284357 0.05149394 0.17874550
v -0.16284357 0.05135455 0.17962553
v -0.16284357 0.04927984 0.18028500
v -0.16284357 0.04802984 0.18028500
v -0.16284357 0.04822452 0.17930450
v -0.16284357 0.04820005 0.17914999
v -0.16284357 0.04920005 0.17914999
v -0.16284357 0.04822452 0.17899550
v -0.16284357 0.04917558 0.17899550
v -0.16284357 0.04829554 0.17885611
v -0.16284357 0.04840615 0.17874550
v -0.16284357 0.04829554 0.17944389
v -0.16284357 0.04917558 0.17930450
v -0.16284357 0.04854554 0.17962553
v -0.16284357 0.04840615 0.17955450
v -0.16284357 0.04910455 0.17944389
v -0.16284357 0.04899394 0.17955450
v -0.16284357 0.04910455 0.17885611
v -0.16284357 0.04854554 0.17867447
v -0.16284357 0.04870005 0.17864999
v -0.16284357 0.04870005 0.17964999
v -0.16284357 0.04885455 0.17867447
v -0.16284357 0.04899394 0.17874550
v -0.16284357 0.04885455 0.17962553
v -0.16284357 0.04677984 0.17803500
v -0.16284357 0.04677984 0.18028500
v -0.16284357 0.05685964 0.18142000
v -0.16284357 0.05688411 0.18157451
v -0.16284357 0.05913097 0.18028500
v -0.16284357 0.05783517 0.18126549
v -0.16284357 0.05785964 0.18142000
v -0.16284357 0.05688411 0.18126549
v -0.16284357 0.05695513 0.18112611
v -0.16284357 0.05706575 0.18101549
v -0.16284357 0.05695513 0.18171390
v -0.16284357 0.05783517 0.18157451
v -0.16284357 0.05720513 0.18189552
v -0.16284357 0.05706575 0.18182451
v -0.16284357 0.05776414 0.18171390
v -0.16284357 0.05765353 0.18182451
v -0.16284357 0.05776414 0.18112611
v -0.16284357 0.05751414 0.18189552
v -0.16284357 0.05751414 0.18094447
v -0.16284357 0.05765353 0.18101549
v -0.16284357 0.05720513 0.18094447
v -0.16284357 0.05735964 0.18192000
v -0.16284357 0.05735964 0.18092000
v -0.16284357 0.05615484 0.18310001
v -0.16284357 0.05427984 0.18250999
v -0.16284357 0.05435964 0.18142000
v -0.16284357 0.05438411 0.18157451
v -0.16284357 0.05533517 0.18126549
v -0.16284357 0.05535964 0.18142000
v -0.16284357 0.05438411 0.18126549
v -0.16284357 0.05445513 0.18112611
v -0.16284357 0.05456575 0.18101549
v -0.16284357 0.05445513 0.18171390
v -0.16284357 0.05533517 0.18157451
v -0.16284357 0.05470513 0.18189552
v -0.16284357 0.05456575 0.18182451
v -0.16284357 0.05526414 0.18171390
v -0.16284357 0.05515353 0.18182451
v -0.16284357 0.05526414 0.18112611
v -0.16284357 0.05501414 0.18189552
v -0.16284357 0.05485964 0.18192000
v -0.16284357 0.05501414 0.18094447
v -0.16284357 0.05515353 0.18101549
v -0.16284357 0.05470513 0.18094447
v -0.16284357 0.05485964 0.18092000
v -0.16284357 0.05177984 0.18250999
v -0.16284357 0.05185964 0.18142000
v -0.16284357 0.05188411 0.18157451
v -0.16284357 0.05283517 0.18126549
v -0.16284357 0.05285964 0.18142000
v -0.16284357 0.05188411 0.18126549
v -0.16284357 0.05195513 0.18112611
v -0.16284357 0.05206575 0.18101549
v -0.16284357 0.05195513 0.18171390
v -0.16284357 0.05283517 0.18157451
v -0.16284357 0.05220513 0.18189552
v -0.16284357 0.05206575 0.18182451
v -0.16284357 0.05276414 0.18171390
v -0.16284357 0.05265353 0.18182451
v -0.16284357 0.05276414 0.18112611
v -0.16284357 0.05251414 0.18189552
v -0.16284357 0.05251414 0.18094447
v -0.16284357 0.05265353 0.18101549
v -0.16284357 0.05220513 0.18094447
v -0.16284357 0.05235964 0.18192000
v -0.16284357 0.05235964 0.18092000
v -0.16284357 0.05146734 0.18310001
v -0.16284357 0.04865484 0.18250999
v -0.16284357 0.04935964 0.18142000
v -0.16284357 0.04938411 0.18157451
v -0.16284357 0.05033517 0.18126549
v -0.16284357 0.05035964 0.18142000
v -0.16284357 0.04938411 0.18126549
v -0.16284357 0.04945513 0.18112611
v -0.16284357 0.04956575 0.18101549
v -0.16284357 0.04945513 0.18171390
v -0.16284357 0.05033517 0.18157451
v -0.16284357 0.04970513 0.18189552
v -0.16284357 0.04956575 0.18182451
v -0.16284357 0.05026414 0.18171390
v -0.16284357 0.05015353 0.18182451
v -0.16284357 0.05026414 0.18112611
v -0.16284357 0.05001414 0.18189552
v -0.16284357 0.04985964 0.18192000
v -0.16284357 0.05001414 0.18094447
v -0.16284357 0.05015353 0.18101549
v -0.16284357 0.04970513 0.18094447
v -0.16284357 0.04985964 0.18092000
v -0.16284357 0.04677984 0.18250999
v -0.16284357 0.04685964 0.18142000
v -0.16284357 0.04688411 0.18157451
v -0.16284357 0.04783517 0.18126549
v -0.16284357 0.04785964 0.18142000
v -0.16284357 0.04688411 0.18126549
v -0.16284357 0.04695513 0.18112611
v -0.16284357 0.04706575 0.18101549
v -0.16284357 0.04695513 0.18171390
v -0.16284357 0.04783517 0.18157451
v -0.16284357 0.04720513 0.18189552
v -0.16284357 0.04706575 0.18182451
v -0.16284357 0.04776414 0.18171390
v -0.16284357 0.04765353 0.18182451
v -0.16284357 0.04776414 0.18112611
v -0.16284357 0.04751414 0.18189552
v -0.16284357 0.04735964 0.18192000
v -0.16284357 0.04751414 0.18094447
v -0.16284357 0.04765353 0.18101549
v -0.16284357 0.04720513 0.18094447
v -0.16284357 0.04735964 0.18092000
v -0.16284357 0.04685964 0.17692000
v -0.16284357 0.04688411 0.17707451
v -0.16284357 0.04783517 0.17676549
v -0.16284357 0.04785964 0.17692000
v -0.16284357 0.04688411 0.17676549
v -0.16284357 0.04695513 0.17662611
v -0.16284357 0.04706575 0.17651549
v -0.16284357 0.04695513 0.17721390
v -0.16284357 0.04783517 0.17707451
v -0.16284357 0.04720513 0.17739552
v -0.16284357 0.04706575 0.17732451
v -0.16284357 0.04776414 0.17721390
v -0.16284357 0.04765353 0.17732451
v -0.16284357 0.04776414 0.17662611
v -0.16284357 0.04720513 0.17644447
v -0.16284357 0.04735964 0.17642000
v -0.16284357 0.04690060 0.17520000
v -0.16284357 0.04751414 0.17739552
v -0.16284357 0.04735964 0.17742000
v -0.16284357 0.04751414 0.17644447
v -0.16284357 0.04765353 0.17651549
v -0.16284357 0.04455444 0.17803500
v -0.16284357 0.04420316 0.18015545
v -0.16284357 0.04699781 0.18310001
v -0.16284357 0.05871317 0.18293174
v -0.16284357 0.05685964 0.17692000
v -0.16284357 0.05688411 0.17707451
v -0.16284357 0.05854398 0.17531144
v -0.16284357 0.05783517 0.17676549
v -0.16284357 0.05785964 0.17692000
v -0.16284357 0.05688411 0.17676549
v -0.16284357 0.05695513 0.17662611
v -0.16284357 0.05706575 0.17651549
v -0.16284357 0.05695513 0.17721390
v -0.16284357 0.05783517 0.17707451
v -0.16284357 0.05765353 0.17651549
v -0.16284357 0.05720513 0.17739552
v -0.16284357 0.05706575 0.17732451
v -0.16284357 0.05776414 0.17721390
v -0.16284357 0.05765353 0.17732451
v -0.16284357 0.05776414 0.17662611
v -0.16284357 0.05751414 0.17644447
v -0.16284357 0.05720513 0.17644447
v -0.16284357 0.05735964 0.17642000
v -0.16284357 0.05751414 0.17739552
v -0.16284357 0.05735964 0.17742000
v -0.15651415 0.06194468 0.17564359
v -0.16069542 0.04538115 0.17561094
v -0.16066083 0.06309665 0.17987422
v -0.15584357 0.05685964 0.18142000
v -0.15584357 0.05688411 0.18126549
v -0.15584357 0.05695513 0.18112611
v -0.15584357 0.05706575 0.18101549
v -0.15584357 0.05720513 0.18094447
v -0.15584357 0.05735964 0.18092000
v -0.15584357 0.05751414 0.18094447
v -0.15584357 0.05765353 0.18101549
v -0.15584357 0.05776414 0.18112611
v -0.15584357 0.05783517 0.18126549
v -0.15584357 0.05785964 0.18142000
v -0.15584357 0.05783517 0.18157451
v -0.15584357 0.05776414 0.18171390
v -0.15584357 0.05765353 0.18182451
v -0.15584357 0.05751414 0.18189552
v -0.15584357 0.05735964 0.18192000
v -0.15584357 0.05720513 0.18189552
v -0.15584357 0.05706575 0.18182451
v -0.15584357 0.05695513 0.18171390
v -0.15584357 0.05688411 0.18157451
v -0.15584357 0.05685964 0.17692000
v -0.15584357 0.05688411 0.17676549
v -0.15584357 0.05695513 0.17662611
v -0.15584357 0.05706575 0.17651549
v -0.15584357 0.05720513 0.17644447
v -0.15584357 0.05735964 0.17642000
v -0.15584357 0.05751414 0.17644447
v -0.15584357 0.05765353 0.17651549
v -0.15584357 0.05776414 0.17662611
v -0.15584357 0.05783517 0.17676549
v -0.15584357 0.05785964 0.17692000
v -0.15584357 0.05783517 0.17707451
v -0.15584357 0.05776414 0.17721390
v -0.15584357 0.05765353 0.17732451
v -0.15584357 0.05751414 0.17739552
v -0.15584357 0.05735964 0.17742000
v -0.15584357 0.05720513 0.17739552
v -0.15584357 0.05706575 0.17732451
v -0.15584357 0.05695513 0.17721390
v -0.15584357 0.05688411 0.17707451
v -0.15584357 0.05435964 0.18142000
v -0.15584357 0.05438411 0.18126549
v -0.15584357 0.05445513 0.18112611
v -0.15584357 0.05456575 0.18101549
v -0.15584357 0.05470513 0.18094447
v -0.15584357 0.05485964 0.18092000
v -0.15584357 0.05501414 0.18094447
v -0.15584357 0.05515353 0.18101549
v -0.15584357 0.05526414 0.18112611
v -0.15584357 0.05533517 0.18126549
v -0.15584357 0.05535964 0.18142000
v -0.15584357 0.05533517 0.18157451
v -0.15584357 0.05526414 0.18171390
v -0.15584357 0.05515353 0.18182451
v -0.15584357 0.05501414 0.18189552
v -0.15584357 0.05485964 0.18192000
v -0.15584357 0.05470513 0.18189552
v -0.15584357 0.05456575 0.18182451
v -0.15584357 0.05445513 0.18171390
v -0.15584357 0.05438411 0.18157451
v -0.15584357 0.05435964 0.17692000
v -0.15584357 0.05438411 0.17676549
v -0.15584357 0.05445513 0.17662611
v -0.15584357 0.05456575 0.17651549
v -0.15584357 0.05470513 0.17644447
v -0.15584357 0.05485964 0.17642000
v -0.15584357 0.05501414 0.17644447
v -0.15584357 0.05515353 0.17651549
v -0.15584357 0.05526414 0.17662611
v -0.15584357 0.05533517 0.17676549
v -0.15584357 0.05535964 0.17692000
v -0.15584357 0.05533517 0.17707451
v -0.15584357 0.05526414 0.17721390
v -0.15584357 0.05515353 0.17732451
v -0.15584357 0.05501414 0.17739552
v -0.15584357 0.05485964 0.17742000
v -0.15584357 0.05470513 0.17739552
v -0.15584357 0.05456575 0.17732451
v -0.15584357 0.05445513 0.17721390
v -0.15584357 0.05438411 0.17707451
v -0.15584357 0.05185964 0.18142000
v -0.15584357 0.05188411 0.18126549
v -0.15584357 0.05195513 0.18112611
v -0.15584357 0.05206575 0.18101549
v -0.15584357 0.05220513 0.18094447
v -0.15584357 0.05235964 0.18092000
v -0.15584357 0.05251414 0.18094447
v -0.15584357 0.05265353 0.18101549
v -0.15584357 0.05276414 0.18112611
v -0.15584357 0.05283517 0.18126549
v -0.15584357 0.05285964 0.18142000
v -0.15584357 0.05283517 0.18157451
v -0.15584357 0.05276414 0.18171390
v -0.15584357 0.05265353 0.18182451
v -0.15584357 0.05251414 0.18189552
v -0.15584357 0.05235964 0.18192000
v -0.15584357 0.05220513 0.18189552
v -0.15584357 0.05206575 0.18182451
v -0.15584357 0.05195513 0.18171390
v -0.15584357 0.05188411 0.18157451
v -0.15584357 0.05185964 0.17692000
v -0.15584357 0.05188411 0.17676549
v -0.15584357 0.05195513 0.17662611
v -0.15584357 0.05206575 0.17651549
v -0.15584357 0.05220513 0.17644447
v -0.15584357 0.05235964 0.17642000
v -0.15584357 0.05251414 0.17644447
v -0.15584357 0.05265353 0.17651549
v -0.15584357 0.05276414 0.17662611
v -0.15584357 0.05283517 0.17676549
v -0.15584357 0.05285964 0.17692000
v -0.15584357 0.05283517 0.17707451
v -0.15584357 0.05276414 0.17721390
v -0.15584357 0.05265353 0.17732451
v -0.15584357 0.05251414 0.17739552
v -0.15584357 0.05235964 0.17742000
v -0.15584357 0.05220513 0.17739552
v -0.15584357 0.05206575 0.17732451
v -0.15584357 0.05195513 0.17721390
v -0.15584357 0.05188411 0.17707451
v -0.15584357 0.04935964 0.18142000
v -0.15584357 0.04938411 0.18126549
v -0.15584357 0.04945513 0.18112611
v -0.15584357 0.04956575 0.18101549
v -0.15584357 0.04970513 0.18094447
v -0.15584357 0.04985964 0.18092000
v -0.15584357 0.05001414 0.18094447
v -0.15584357 0.05015353 0.18101549
v -0.15584357 0.05026414 0.18112611
v -0.15584357 0.05033517 0.18126549
v -0.15584357 0.05035964 0.18142000
v -0.15584357 0.05033517 0.18157451
v -0.15584357 0.05026414 0.18171390
v -0.15584357 0.05015353 0.18182451
v -0.15584357 0.05001414 0.18189552
v -0.15584357 0.04985964 0.18192000
v -0.15584357 0.04970513 0.18189552
v -0.15584357 0.04956575 0.18182451
v -0.15584357 0.04945513 0.18171390
v -0.15584357 0.04938411 0.18157451
v -0.15584357 0.04935964 0.17692000
v -0.15584357 0.04938411 0.17676549
v -0.15584357 0.04945513 0.17662611
v -0.15584357 0.04956575 0.17651549
v -0.15584357 0.04970513 0.17644447
v -0.15584357 0.04985964 0.17642000
v -0.15584357 0.05001414 0.17644447
v -0.15584357 0.05015353 0.17651549
v -0.15584357 0.05026414 0.17662611
v -0.15584357 0.05033517 0.17676549
v -0.15584357 0.05035964 0.17692000
v -0.15584357 0.05033517 0.17707451
v -0.15584357 0.05026414 0.17721390
v -0.15584357 0.05015353 0.17732451
v -0.15584357 0.05001414 0.17739552
v -0.15584357 0.04985964 0.17742000
v -0.15584357 0.04970513 0.17739552
v -0.15584357 0.04956575 0.17732451
v -0.15584357 0.04945513 0.17721390
v -0.15584357 0.04938411 0.17707451
v -0.15584357 0.04685964 0.18142000
v -0.15584357 0.04688411 0.18126549
v -0.15584357 0.04695513 0.18112611
v -0.15584357 0.04706575 0.18101549
v -0.15584357 0.04720513 0.18094447
v -0.15584357 0.04735964 0.18092000
v -0.15584357 0.04751414 0.18094447
v -0.15584357 0.04765353 0.18101549
v -0.15584357 0.04776414 0.18112611
v -0.15584357 0.04783517 0.18126549
v -0.15584357 0.04785964 0.18142000
v -0.15584357 0.04783517 0.18157451
v -0.15584357 0.04776414 0.18171390
v -0.15584357 0.04765353 0.18182451
v -0.15584357 0.04751414 0.18189552
v -0.15584357 0.04735964 0.18192000
v -0.15584357 0.04720513 0.18189552
v -0.15584357 0.04706575 0.18182451
v -0.15584357 0.04695513 0.18171390
v -0.15584357 0.04688411 0.18157451
v -0.15584357 0.04685964 0.17692000
v -0.15584357 0.04688411 0.17676549
v -0.15584357 0.04695513 0.17662611
v -0.15584357 0.04706575 0.17651549
v -0.15584357 0.04720513 0.17644447
v -0.15584357 0.04735964 0.17642000
v -0.15584357 0.04751414 0.17644447
v -0.15584357 0.04765353 0.17651549
v -0.15584357 0.04776414 0.17662611
v -0.15584357 0.04783517 0.17676549
v -0.15584357 0.04785964 0.17692000
v -0.15584357 0.04783517 0.17707451
v -0.15584357 0.04776414 0.17721390
v -0.15584357 0.04765353 0.17732451
v -0.15584357 0.04751414 0.17739552
v -0.15584357 0.04735964 0.17742000
v -0.15584357 0.04720513 0.17739552
v -0.15584357 0.04706575 0.17732451
v -0.15584357 0.04695513 0.17721390
v -0.15584357 0.04688411 0.17707451
v -0.15584357 0.05570005 0.17914999
v -0.15584357 0.05572452 0.17899550
v -0.15584357 0.05579554 0.17885611
v -0.15584357 0.05590615 0.17874550
v -0.15584357 0.05604554 0.17867447
v -0.15584357 0.05620005 0.17864999
v -0.15584357 0.05635455 0.17867447
v -0.15584357 0.05649394 0.17874550
v -0.15584357 0.05660455 0.17885611
v -0.15584357 0.05667558 0.17899550
v -0.15584357 0.05670005 0.17914999
v -0.15584357 0.05667558 0.17930450
v -0.15584357 0.05660455 0.17944389
v -0.15584357 0.05649394 0.17955450
v -0.15584357 0.05635455 0.17962553
v -0.15584357 0.05620005 0.17964999
v -0.15584357 0.05604554 0.17962553
v -0.15584357 0.05590615 0.17955450
v -0.15584357 0.05579554 0.17944389
v -0.15584357 0.05572452 0.17930450
v -0.15584357 0.05320005 0.17914999
v -0.15584357 0.05322452 0.17899550
v -0.15584357 0.05329554 0.17885611
v -0.15584357 0.05340615 0.17874550
v -0.15584357 0.05354554 0.17867447
v -0.15584357 0.05370005 0.17864999
v -0.15584357 0.05385455 0.17867447
v -0.15584357 0.05399394 0.17874550
v -0.15584357 0.05410455 0.17885611
v -0.15584357 0.05417558 0.17899550
v -0.15584357 0.05420005 0.17914999
v -0.15584357 0.05417558 0.17930450
v -0.15584357 0.05410455 0.17944389
v -0.15584357 0.05399394 0.17955450
v -0.15584357 0.05385455 0.17962553
v -0.15584357 0.05370005 0.17964999
v -0.15584357 0.05354554 0.17962553
v -0.15584357 0.05340615 0.17955450
v -0.15584357 0.05329554 0.17944389
v -0.15584357 0.05322452 0.17930450
v -0.15584357 0.05070005 0.17914999
v -0.15584357 0.05072452 0.17899550
v -0.15584357 0.05079554 0.17885611
v -0.15584357 0.05090615 0.17874550
v -0.15584357 0.05104554 0.17867447
v -0.15584357 0.05120005 0.17864999
v -0.15584357 0.05135455 0.17867447
v -0.15584357 0.05149394 0.17874550
v -0.15584357 0.05160455 0.17885611
v -0.15584357 0.05167558 0.17899550
v -0.15584357 0.05170005 0.17914999
v -0.15584357 0.05167558 0.17930450
v -0.15584357 0.05160455 0.17944389
v -0.15584357 0.05149394 0.17955450
v -0.15584357 0.05135455 0.17962553
v -0.15584357 0.05120005 0.17964999
v -0.15584357 0.05104554 0.17962553
v -0.15584357 0.05090615 0.17955450
v -0.15584357 0.05079554 0.17944389
v -0.15584357 0.05072452 0.17930450
v -0.15584357 0.04820005 0.17914999
v -0.15584357 0.04822452 0.17899550
v -0.15584357 0.04829554 0.17885611
v -0.15584357 0.04840615 0.17874550
v -0.15584357 0.04854554 0.17867447
v -0.15584357 0.04870005 0.17864999
v -0.15584357 0.04885455 0.17867447
v -0.15584357 0.04899394 0.17874550
v -0.15584357 0.04910455 0.17885611
v -0.15584357 0.04917558 0.17899550
v -0.15584357 0.04920005 0.17914999
v -0.15584357 0.04917558 0.17930450
v -0.15584357 0.04910455 0.17944389
v -0.15584357 0.04899394 0.17955450
v -0.15584357 0.04885455 0.17962553
v -0.15584357 0.04870005 0.17964999
v -0.15584357 0.04854554 0.17962553
v -0.15584357 0.04840615 0.17955450
v -0.15584357 0.04829554 0.17944389
v -0.15584357 0.04822452 0.17930450
v -0.15891748 0.04229597 0.18124107
v -0.15614356 0.03690005 0.17285001
v 0.02000000 0.08371101 0.18125000
v -0.01450000 0.08400000 0.19825000
v 0.05450000 0.08400000 0.19825000
v -0.01450000 0.08400000 0.16425000
v 0.05450000 0.08400000 0.16425000
v -0.01511803 0.08390211 0.16425000
v -0.01511803 0.08390211 0.19825000
v -0.01567557 0.08361803 0.16425000
v -0.01567557 0.08361803 0.19825000
v -0.01611803 0.08317557 0.16425000
v -0.01611803 0.08317557 0.19825000
v -0.01640211 0.08261803 0.16425000
v -0.01640211 0.08261803 0.19825000
v -0.01650000 0.08200000 0.16425000
v -0.01650000 0.08200000 0.19825000
v -0.01450000 0.08261803 0.16234789
v -0.01450000 0.08200000 0.16225000
v -0.01511803 0.08200000 0.16234789
v -0.01567557 0.08200000 0.16263197
v -0.01611803 0.08200000 0.16307443
v -0.01640211 0.08200000 0.16363197
v -0.01450000 0.08317557 0.16263197
v -0.01450000 0.08361803 0.16307443
v -0.01450000 0.08390211 0.16363197
v -0.01566065 0.08346746 0.16314576
v -0.01450000 0.08390211 0.19886803
v -0.01450000 0.08361803 0.19942557
v -0.01640211 0.08200000 0.19886803
v -0.01450000 0.08323058 0.19982660
v -0.01611803 0.08200000 0.19942557
v -0.01450000 0.08261803 0.20015211
v -0.01564153 0.08311627 0.19972919
v -0.01567557 0.08200000 0.19986803
v -0.01450000 0.08200000 0.20025000
v -0.01511803 0.08200000 0.20015211
v -0.01650000 -0.08200000 0.16425000
v -0.01650000 -0.08200000 0.19825000
v -0.01450000 -0.08200000 0.20025000
v -0.01511803 -0.08200000 0.20015211
v -0.01611803 -0.08200000 0.19942557
v -0.01573058 -0.08200000 0.19982660
v -0.01640211 -0.08200000 0.19886803
v 0.05450000 0.08390211 0.19886803
v 0.05450000 0.08361803 0.19942557
v 0.05450000 0.08317557 0.19986803
v 0.05450000 0.08261803 0.20015211
v 0.05450000 0.08200000 0.20025000
v -0.01640211 -0.08261803 0.19825000
v -0.01611803 -0.08317557 0.19825000
v -0.01567557 -0.08361803 0.19825000
v -0.01511803 -0.08390211 0.19825000
v -0.01450000 -0.08400000 0.19825000
v -0.01450000 -0.08390211 0.19886803
v -0.01450000 -0.08361803 0.19942557
v -0.01561628 -0.08314153 0.19972919
v -0.01450000 -0.08317557 0.19986803
v -0.01450000 -0.08261803 0.20015211
v 0.05450000 -0.08200000 0.20025000
v 0.05640211 0.08200000 0.19886803
v 0.05650000 0.08200000 0.19825000
v 0.05640211 0.08261803 0.19825000
v 0.05611803 0.08317557 0.19825000
v 0.05567557 0.08361803 0.19825000
v 0.05511803 0.08390211 0.19825000
v 0.05611803 0.08200000 0.19942557
v 0.05573058 0.08200000 0.19982660
v 0.05511803 0.08200000 0.20015211
v 0.05561628 0.08314153 0.19972919
v 0.05650000 -0.08200000 0.19825000
v 0.05640211 -0.08200000 0.19886803
v 0.05611803 -0.08200000 0.19942557
v 0.05567557 -0.08200000 0.19986803
v 0.05511803 -0.08200000 0.20015211
v 0.05450000 -0.08400000 0.19825000
v 0.05450000 -0.08390211 0.19886803
v 0.05450000 -0.08361803 0.19942557
v 0.05450000 -0.08323058 0.19982660
v 0.05450000 -0.08261803 0.20015211
v -0.01450000 -0.08400000 0.16425000
v -0.01511803 -0.08390211 0.16425000
v -0.01567557 -0.08361803 0.16425000
v -0.01611803 -0.08317557 0.16425000
v -0.01640211 -0.08261803 0.16425000
v -0.01640211 -0.08200000 0.16363197
v -0.01567557 -0.08200000 0.16263197
v -0.01607660 -0.08200000 0.16301942
v -0.01511803 -0.08200000 0.16234789
v -0.01450000 -0.08200000 0.16225000
v 0.05450000 0.08390211 0.16363197
v 0.05450000 0.08361803 0.16307443
v 0.05450000 0.08323058 0.16267340
v 0.05450000 0.08261803 0.16234789
v 0.05450000 0.08200000 0.16225000
v 0.05511803 0.08390211 0.16425000
v 0.05567557 0.08361803 0.16425000
v 0.05611803 0.08317557 0.16425000
v 0.05640211 0.08261803 0.16425000
v 0.05650000 0.08200000 0.16425000
v 0.05511803 -0.08390211 0.19825000
v 0.05567557 -0.08361803 0.19825000
v 0.05611803 -0.08317557 0.19825000
v 0.05640211 -0.08261803 0.19825000
v 0.05564153 -0.08311627 0.19972919
v 0.05450000 -0.08400000 0.16425000
v 0.05511803 -0.08390211 0.16425000
v 0.05567557 -0.08361803 0.16425000
v 0.05611803 -0.08317557 0.16425000
v 0.05640211 -0.08261803 0.16425000
v 0.05650000 -0.08200000 0.16425000
v 0.05450000 -0.08200000 0.16225000
v 0.05511803 0.08200000 0.16234789
v 0.05511803 -0.08200000 0.16234789
v 0.05567557 0.08200000 0.16263197
v 0.05611803 0.08200000 0.16307443
v 0.05611803 -0.08200000 0.16307443
v 0.05573058 -0.08200000 0.16267340
v 0.05640211 0.08200000 0.16363197
v 0.05640211 -0.08200000 0.16363197
v 0.05564153 0.08311627 0.16277081
v -0.01450000 -0.08390211 0.16363197
v 0.05450000 -0.08390211 0.16363197
v -0.01450000 -0.08361803 0.16307443
v 0.05450000 -0.08361803 0.16307443
v -0.01450000 -0.08317557 0.16263197
v 0.05450000 -0.08317557 0.16263197
v -0.01450000 -0.08261803 0.16234789
v 0.05450000 -0.08261803 0.16234789
v -0.01621714 -0.08249238 0.16329342
v -0.01548486 -0.08318184 0.16274397
v 0.05561628 -0.08314153 0.16277081
v 0.02000000 -0.08371101 0.18125000
v -0.13979337 -0.05633912 0.09250000
v -0.14727712 -0.05072547 0.09250000
v -0.14120663 -0.04366088 0.09250000
v -0.13606638 -0.04581296 0.09250000
v -0.13425277 -0.05128684 0.09250000
v -0.13799615 -0.05669360 0.06938333
v -0.13320215 -0.05421342 0.07093478
v -0.14535165 -0.05192519 0.06796835
v -0.14698234 -0.04481169 0.07121429
v -0.14138168 -0.05121352 0.07250000
v -0.14171353 -0.05088168 0.07250000
v -0.14096353 -0.05142659 0.07250000
v -0.14050000 -0.05150000 0.07250000
v -0.14003647 -0.05142659 0.07250000
v -0.13961832 -0.05121352 0.07250000
v -0.13928647 -0.05088168 0.07250000
v -0.13961832 -0.04878648 0.07250000
v -0.13928647 -0.04911832 0.07250000
v -0.14171353 -0.04911832 0.07250000
v -0.14138168 -0.04878648 0.07250000
v -0.13907341 -0.04953648 0.07250000
v -0.13900000 -0.05000000 0.07250000
v -0.14003647 -0.04857341 0.07250000
v -0.14050000 -0.04850000 0.07250000
v -0.14096353 -0.04857341 0.07250000
v -0.14192659 -0.04953648 0.07250000
v -0.14200000 -0.05000000 0.07250000
v -0.14192659 -0.05046352 0.07250000
v -0.13907341 -0.05046352 0.07250000
v -0.13900000 -0.05000000 0.09250000
v -0.13907341 -0.05046352 0.09250000
v -0.13928647 -0.05088168 0.09250000
v -0.13961832 -0.05121352 0.09250000
v -0.14003647 -0.05142659 0.09250000
v -0.14050000 -0.05150000 0.09250000
v -0.14096353 -0.05142659 0.09250000
v -0.14138168 -0.05121352 0.09250000
v -0.14171353 -0.05088168 0.09250000
v -0.14192659 -0.05046352 0.09250000
v -0.14200000 -0.05000000 0.09250000
v -0.14192659 -0.04953648 0.09250000
v -0.14171353 -0.04911832 0.09250000
v -0.14138168 -0.04878648 0.09250000
v -0.14096353 -0.04857341 0.09250000
v -0.14050000 -0.04850000 0.09250000
v -0.14003647 -0.04857341 0.09250000
v -0.13961832 -0.04878648 0.09250000
v -0.13928647 -0.04911832 0.09250000
v -0.13907341 -0.04953648 0.09250000
v -0.14175265 -0.04922281 0.13996824
v -0.13725379 -0.04485469 0.06825747
v -0.13748352 -0.04979072 0.05644590
v 0.20450000 -0.03450000 0.10925000
v 0.20450000 0.03450000 0.10925000
v 0.20465451 0.03450000 0.10927448
v 0.20465451 -0.03450000 0.10927448
v 0.20479390 0.03450000 0.10934549
v 0.20479390 -0.03450000 0.10934549
v 0.20490451 0.03450000 0.10945611
v 0.20490451 -0.03450000 0.10945611
v 0.20497552 0.03450000 0.10959549
v 0.20497552 -0.03450000 0.10959549
v 0.20500000 0.03450000 0.10975000
v 0.20500000 -0.03450000 0.10975000
v 0.20500000 0.03450000 0.11675000
v 0.20500000 -0.03450000 0.11675000
v 0.20450000 0.03450000 0.11725000
v 0.20450000 -0.03450000 0.11725000
v 0.20465451 -0.03450000 0.11722552
v 0.20465451 0.03450000 0.11722552
v 0.20479390 -0.03450000 0.11715451
v 0.20479390 0.03450000 0.11715451
v 0.20490451 -0.03450000 0.11704389
v 0.20490451 0.03450000 0.11704389
v 0.20497552 -0.03450000 0.11690451
v 0.20497552 0.03450000 0.11690451
v 0.10415181 -0.03450000 0.11697700
v 0.10406817 -0.03450000 0.11690451
v 0.10457415 -0.03450000 0.11715451
v 0.10426601 -0.03450000 0.11704389
v 0.10555223 -0.03454103 0.11675763
v 0.09102448 -0.02948319 0.11690451
v 0.09132927 -0.03196139 0.10919710
v 0.09109549 -0.02943442 0.11704389
v 0.09105450 -0.02946257 0.11697700
v 0.09120611 -0.02935845 0.11715451
v 0.09134549 -0.02926272 0.11722552
v 0.10498349 0.03450000 0.11720226
v 0.10415181 0.03450000 0.11697700
v 0.10426601 0.03450000 0.11704389
v 0.10406817 0.03450000 0.11690451
v 0.10400453 0.03450000 0.11679714
v 0.10400000 0.03450000 0.10925000
v 0.10457415 0.03450000 0.11715451
v 0.09150000 0.02915660 0.11725000
v 0.09134549 0.02926272 0.11722552
v 0.09120611 0.02935845 0.11715451
v 0.09109549 0.02943442 0.11704389
v 0.09105450 0.02946257 0.11697700
v 0.09102448 0.02948319 0.11690451
v 0.09050892 0.02982179 0.10940564
v 0.20350000 0.00580000 0.10925000
v 0.20350000 0.02680000 0.10925000
v 0.14550000 0.00480000 0.10925000
v 0.20250000 0.00480000 0.10925000
v 0.14650000 0.02780000 0.10925000
v 0.14550000 0.02680000 0.10925000
v 0.20281056 0.02776348 0.10925010
v 0.20334549 0.00580000 0.10927448
v 0.20334549 0.02680000 0.10927448
v 0.20320610 0.00580000 0.10934549
v 0.20320610 0.02680000 0.10934549
v 0.20309549 0.00580000 0.10945611
v 0.20309549 0.02680000 0.10945611
v 0.20250000 0.02730000 0.10975000
v 0.20250000 0.02732447 0.10959549
v 0.20250000 0.02739549 0.10945611
v 0.20277773 0.02714112 0.10952592
v 0.20250000 0.02750611 0.10934549
v 0.20250000 0.02764549 0.10927448
v 0.14650000 0.02764549 0.10927448
v 0.14650000 0.02750611 0.10934549
v 0.14650000 0.02739549 0.10945611
v 0.14650000 0.02732447 0.10959549
v 0.14636411 0.02700972 0.11296444
v 0.20262941 0.02728296 0.11675000
v 0.20250000 0.02730000 0.11675000
v 0.14600000 0.02680000 0.10975000
v 0.14597552 0.02680000 0.10959549
v 0.14590451 0.02680000 0.10945611
v 0.14600702 0.02729217 0.10933627
v 0.14579390 0.02680000 0.10934549
v 0.14565451 0.02680000 0.10927448
v 0.14650000 0.02730000 0.11675000
v 0.20250000 0.02780000 0.11725000
v 0.14650000 0.02764549 0.11722552
v 0.20250000 0.02764549 0.11722552
v 0.14650000 0.02750611 0.11715451
v 0.20250000 0.02750611 0.11715451
v 0.14650000 0.02739549 0.11704389
v 0.20250000 0.02739549 0.11704389
v 0.14650000 0.02732447 0.11690451
v 0.20250000 0.02732447 0.11690451
v 0.14600000 0.00530000 0.10975000
v 0.14599385 0.00529384 0.10967178
v 0.14597552 0.00527553 0.10959549
v 0.14594551 0.00524550 0.10952300
v 0.14590451 0.00520451 0.10945611
v 0.14579390 0.00509389 0.10934549
v 0.14565451 0.00495451 0.10927448
v 0.14601704 0.02692941 0.11675000
v 0.14600000 0.02680000 0.11675000
v 0.14628412 0.02766543 0.11724086
v 0.13932940 0.03480044 0.11773315
v 0.14565451 0.02680000 0.11722552
v 0.14600810 0.02728705 0.11715939
v 0.14579390 0.02680000 0.11715451
v 0.14590451 0.02680000 0.11704389
v 0.14597552 0.02680000 0.11690451
v 0.14600000 0.00530000 0.11675000
v 0.20250000 0.00495451 0.10927448
v 0.20250000 0.00509389 0.10934549
v 0.20250000 0.00520451 0.10945611
v 0.20250000 0.00527553 0.10959549
v 0.20250000 0.00530000 0.10975000
v 0.14565451 0.00495451 0.11722552
v 0.14579390 0.00509389 0.11715451
v 0.14590451 0.00520451 0.11704389
v 0.14594551 0.00524550 0.11697700
v 0.14597552 0.00527553 0.11690451
v 0.14599385 0.00529384 0.11682822
v 0.20250000 0.00527553 0.11690451
v 0.20250000 0.00530000 0.11675000
v 0.20250000 0.00520451 0.11704389
v 0.20250000 0.00509389 0.11715451
v 0.20250000 0.00495451 0.11722552
v 0.20250000 0.00480000 0.11725000
v 0.20350000 0.00580000 0.11725000
v 0.20346348 0.02711056 0.11724990
v 0.20334549 0.02680000 0.11722552
v 0.20334549 0.00580000 0.11722552
v 0.20320610 0.02680000 0.11715451
v 0.20320610 0.00580000 0.11715451
v 0.20309549 0.02680000 0.11704389
v 0.20309549 0.00580000 0.11704389
v 0.20302448 0.02680000 0.11690451
v 0.20302448 0.00580000 0.11690451
v 0.20296207 0.02727833 0.11713972
v 0.20262941 0.00531704 0.10975000
v 0.20278718 0.00548499 0.10951007
v 0.20299662 0.00532786 0.11715802
v -0.01966141 -0.06235714 0.16335714
v -0.02000000 -0.07350000 0.16225000
v -0.01940000 -0.08750000 0.16225000
v -0.02000000 -0.08750000 0.16225000
v -0.02000000 -0.08750000 0.20614999
v -0.01940000 -0.08750000 0.20614999
v -0.01954656 -0.08750000 0.20703992
v -0.01919389 -0.08750000 0.20655450
v -0.01905451 -0.08750000 0.20662553
v -0.01978992 -0.08750000 0.20679657
v -0.01930451 -0.08750000 0.20644389
v -0.01923992 -0.08750000 0.20719617
v -0.01890001 -0.08750000 0.20694999
v -0.01994616 -0.08750000 0.20648991
v -0.01937553 -0.08750000 0.20630450
v -0.01890000 -0.08740000 0.20725000
v -0.01890000 -0.08740000 0.20664999
v -0.02000000 -0.05250000 0.20614999
v -0.02000000 -0.01750000 0.20614999
v -0.01994616 -0.05250000 0.20648991
v -0.02000000 0.01750000 0.20614999
v -0.01994616 -0.01750000 0.20648991
v -0.02000000 0.05250000 0.20614999
v -0.01994616 0.01750000 0.20648991
v -0.02000000 0.08750000 0.20614999
v -0.01994616 0.05250000 0.20648991
v -0.01978992 -0.05250000 0.20679657
v -0.01978992 -0.01750000 0.20679657
v -0.01978992 0.01750000 0.20679657
v -0.01994616 0.08750000 0.20648991
v -0.01978992 0.05250000 0.20679657
v -0.01954656 -0.05250000 0.20703992
v -0.01954656 -0.01750000 0.20703992
v -0.01954656 0.01750000 0.20703992
v -0.01978992 0.08750000 0.20679657
v -0.01954656 0.05250000 0.20703992
v -0.01923992 -0.05250000 0.20719617
v -0.01923992 -0.01750000 0.20719617
v -0.01923992 0.01750000 0.20719617
v -0.01954656 0.08750000 0.20703992
v -0.01923992 0.05250000 0.20719617
v -0.01890000 -0.05250000 0.20725000
v -0.01890000 -0.01750000 0.20725000
v -0.01890000 0.01750000 0.20725000
v -0.01890000 0.05250000 0.20725000
v -0.01890000 0.08740000 0.20725000
v -0.01891260 0.08750000 0.20727253
v -0.01905451 -0.05250000 0.20662553
v -0.01890000 -0.05250000 0.20664999
v -0.01905451 -0.01750000 0.20662553
v -0.01890000 -0.01750000 0.20664999
v -0.01905451 0.01750000 0.20662553
v -0.01890000 0.01750000 0.20664999
v -0.01905451 0.05250000 0.20662553
v -0.01890000 0.05250000 0.20664999
v -0.01891105 0.08750000 0.20665900
v -0.01890000 0.08740000 0.20664999
v -0.01919389 -0.05250000 0.20655450
v -0.01919389 -0.01750000 0.20655450
v -0.01919389 0.01750000 0.20655450
v -0.01919389 0.05250000 0.20655450
v -0.01919389 0.08750000 0.20655450
v -0.01930451 -0.05250000 0.20644389
v -0.01930451 -0.01750000 0.20644389
v -0.01930451 0.01750000 0.20644389
v -0.01930451 0.05250000 0.20644389
v -0.01930451 0.08750000 0.20644389
v -0.01937553 -0.05250000 0.20630450
v -0.01937553 -0.01750000 0.20630450
v -0.01937553 0.01750000 0.20630450
v -0.01937553 0.05250000 0.20630450
v -0.01937553 0.08750000 0.20630450
v -0.01940000 -0.05250000 0.20614999
v -0.01940000 -0.01750000 0.20614999
v -0.01940000 0.01750000 0.20614999
v -0.01940000 0.05250000 0.20614999
v -0.01940000 0.08750000 0.20614999
v -0.02000000 0.08750000 0.16225000
v -0.01940000 0.08750000 0.16225000
v -0.01940000 0.07350000 0.16225000
v -0.01961200 0.06375000 0.16358009
v 0.05890000 -0.08740000 0.20725000
v 0.05890000 -0.05250000 0.20725000
v 0.05890000 -0.01750000 0.20725000
v 0.05890000 0.01750000 0.20725000
v 0.05890000 0.05250000 0.20725000
v 0.05890000 0.08740000 0.20725000
v -0.01890000 0.08755864 0.20723849
v -0.01890000 0.08747211 0.20664478
v -0.01890000 0.08828992 0.20679657
v -0.01890000 0.08780451 0.20644389
v -0.01890000 0.08769389 0.20655450
v -0.01890000 0.08844616 0.20648991
v -0.01890000 0.08787553 0.20630450
v -0.01890000 0.08773992 0.20719617
v -0.01890000 0.08755451 0.20662553
v -0.01890000 0.08804656 0.20703992
v -0.01890000 0.08850000 0.20614999
v -0.01890000 0.08790000 0.20614999
v -0.01890000 -0.08755864 0.20723849
v -0.01890000 -0.08747211 0.20664478
v 0.05890000 -0.05250000 0.20664999
v 0.05890000 -0.01750000 0.20664999
v 0.05890000 0.01750000 0.20664999
v 0.05890000 0.05250000 0.20664999
v 0.05890000 0.08740000 0.20664999
v 0.05890000 -0.08740000 0.20664999
v -0.01890000 -0.08828992 0.20679657
v -0.01890000 -0.08780451 0.20644389
v -0.01890000 -0.08787553 0.20630450
v -0.01890000 -0.08804656 0.20703992
v -0.01890000 -0.08769389 0.20655450
v -0.01890000 -0.08844616 0.20648991
v -0.01890000 -0.08790000 0.20614999
v -0.01890000 -0.08773992 0.20719617
v -0.01890000 -0.08755451 0.20662553
v -0.01890000 -0.08850000 0.20614999
v 0.05890000 0.08850000 0.20614999
v 0.05890000 0.08844616 0.20648991
v 0.05890000 0.08828992 0.20679657
v 0.05890000 0.08804656 0.20703992
v 0.05890000 0.08755864 0.20723849
v 0.05890000 0.08773992 0.20719617
v 0.05890000 0.08755451 0.20662553
v 0.05890000 0.08747211 0.20664478
v 0.05890000 0.08769389 0.20655450
v 0.05890000 0.08780451 0.20644389
v 0.05890000 0.08787553 0.20630450
v 0.05890000 0.08790000 0.20614999
v 0.05890001 0.08750000 0.20694999
v 0.05954656 0.08750000 0.20703992
v 0.05978992 0.08750000 0.20679657
v 0.05930451 0.08750000 0.20644389
v 0.05994616 0.08750000 0.20648991
v 0.05937553 0.08750000 0.20630450
v 0.05923992 0.08750000 0.20719617
v 0.05905451 0.08750000 0.20662553
v 0.05919389 0.08750000 0.20655450
v 0.06000000 0.08750000 0.20614999
v 0.05940000 0.08750000 0.20614999
v -0.01890000 0.08850000 0.16225000
v -0.01890000 0.08790000 0.16225000
v 0.05790000 0.08850000 0.16225000
v 0.05867098 0.08820000 0.16247903
v 0.05890000 0.08790000 0.16325000
v 0.06000000 0.05250000 0.20614999
v 0.06000000 0.01750000 0.20614999
v 0.05994616 0.05250000 0.20648991
v 0.06000000 -0.01750000 0.20614999
v 0.05994616 0.01750000 0.20648991
v 0.06000000 -0.05250000 0.20614999
v 0.05994616 -0.01750000 0.20648991
v 0.06000000 -0.08750000 0.20614999
v 0.05994616 -0.05250000 0.20648991
v 0.05978992 0.05250000 0.20679657
v 0.05978992 0.01750000 0.20679657
v 0.05978992 -0.01750000 0.20679657
v 0.05994616 -0.08750000 0.20648991
v 0.05978992 -0.05250000 0.20679657
v 0.05954656 0.05250000 0.20703992
v 0.05954656 0.01750000 0.20703992
v 0.05954656 -0.01750000 0.20703992
v 0.05978992 -0.08750000 0.20679657
v 0.05954656 -0.05250000 0.20703992
v 0.05923992 0.05250000 0.20719617
v 0.05923992 0.01750000 0.20719617
v 0.05923992 -0.01750000 0.20719617
v 0.05954656 -0.08750000 0.20703992
v 0.05923992 -0.05250000 0.20719617
v 0.05891261 -0.08750000 0.20727253
v 0.05905451 0.05250000 0.20662553
v 0.05905451 0.01750000 0.20662553
v 0.05905451 -0.01750000 0.20662553
v 0.05905451 -0.05250000 0.20662553
v 0.05891106 -0.08750000 0.20665900
v 0.05919389 0.05250000 0.20655450
v 0.05919389 0.01750000 0.20655450
v 0.05919389 -0.01750000 0.20655450
v 0.05919389 -0.05250000 0.20655450
v 0.05919389 -0.08750000 0.20655450
v 0.05930451 0.05250000 0.20644389
v 0.05930451 0.01750000 0.20644389
v 0.05930451 -0.01750000 0.20644389
v 0.05930451 -0.05250000 0.20644389
v 0.05930451 -0.08750000 0.20644389
v 0.05937553 0.05250000 0.20630450
v 0.05937553 0.01750000 0.20630450
v 0.05937553 -0.01750000 0.20630450
v 0.05937553 -0.05250000 0.20630450
v 0.05937553 -0.08750000 0.20630450
v 0.05940000 0.05250000 0.20614999
v 0.05940000 0.01750000 0.20614999
v 0.05940000 -0.01750000 0.20614999
v 0.05940000 -0.05250000 0.20614999
v 0.05940000 -0.08750000 0.20614999
v 0.06000000 0.08750000 0.16625000
v 0.05940000 0.08750000 0.16625000
v 0.05965749 0.07250000 0.16614190
v 0.05940000 0.07250000 0.16625000
v 0.06000000 0.07250000 0.16335001
v 0.05890000 -0.08755864 0.20723849
v 0.05890000 -0.08747211 0.20664478
v 0.05890000 -0.08850000 0.20614999
v 0.05890000 -0.08844616 0.20648991
v 0.05890000 -0.08828992 0.20679657
v 0.05890000 -0.08804656 0.20703992
v 0.05890000 -0.08773992 0.20719617
v 0.05890000 -0.08755451 0.20662553
v 0.05890000 -0.08769389 0.20655450
v 0.05890000 -0.08780451 0.20644389
v 0.05890000 -0.08787553 0.20630450
v 0.05890000 -0.08790000 0.20614999
v 0.05890000 -0.08850000 0.16325000
v -0.01890000 -0.08850000 0.16225000
v 0.05867098 -0.08820000 0.16247903
v 0.05790000 -0.08790000 0.16225000
v -0.01890000 -0.08790000 0.16225000
v 0.05940000 -0.08750000 0.16625000
v 0.06000000 -0.08750000 0.16625000
v 0.06000000 -0.07250000 0.16625000
v 0.05960044 -0.06655128 0.16414139
v 0.06000000 -0.05950000 0.16225000
v 0.05940000 0.05950000 0.16225000
v 0.05940000 0.06016667 0.16425000
v 0.06000000 0.05975000 0.16375000
v 0.06000000 0.06050000 0.16335001
v 0.05940000 0.06050000 0.16335001
v 0.05945384 0.06050000 0.16301009
v 0.06002447 0.06050000 0.16319550
v 0.05961008 0.06050000 0.16270343
v 0.06009549 0.06050000 0.16305611
v 0.06002990 0.06050000 0.16270271
v 0.05985344 0.07250000 0.16246008
v 0.05961008 0.07250000 0.16270343
v 0.05945384 0.07250000 0.16301009
v 0.06002447 0.07250000 0.16319550
v 0.06009549 0.07250000 0.16305611
v 0.06020611 0.07250000 0.16294550
v 0.06898071 0.06656202 0.16239390
v 0.14120663 -0.05633912 0.09250000
v 0.13372288 -0.05072547 0.09250000
v 0.13979337 -0.04366088 0.09250000
v 0.14493362 -0.04581296 0.09250000
v 0.14674723 -0.05128684 0.09250000
v 0.14300385 0.04330640 0.06938333
v 0.14779785 0.04578658 0.07093478
v 0.13564835 0.04807481 0.06796835
v 0.13401766 0.05518831 0.07121429
v 0.13961832 0.04878648 0.07250000
v 0.13928647 0.04911832 0.07250000
v 0.14003647 0.04857341 0.07250000
v 0.14050000 0.04850000 0.07250000
v 0.14096353 0.04857341 0.07250000
v 0.14138168 0.04878648 0.07250000
v 0.14171353 0.04911832 0.07250000
v 0.14138168 0.05121352 0.07250000
v 0.14171353 0.05088168 0.07250000
v 0.13928647 0.05088168 0.07250000
v 0.13961832 0.05121352 0.07250000
v 0.14192659 0.05046352 0.07250000
v 0.14200000 0.05000000 0.07250000
v 0.14096353 0.05142659 0.07250000
v 0.14050000 0.05150000 0.07250000
v 0.14003647 0.05142659 0.07250000
v 0.13907341 0.05046352 0.07250000
v 0.13900000 0.05000000 0.07250000
v 0.13907341 0.04953648 0.07250000
v 0.14192659 0.04953648 0.07250000
v 0.14200000 0.05000000 0.09250000
v 0.14192659 0.04953648 0.09250000
v 0.14171353 0.04911832 0.09250000
v 0.14138168 0.04878648 0.09250000
v 0.14096353 0.04857341 0.09250000
v 0.14050000 0.04850000 0.09250000
v 0.14003647 0.04857341 0.09250000
v 0.13961832 0.04878648 0.09250000
v 0.13928647 0.04911832 0.09250000
v 0.13907341 0.04953648 0.09250000
v 0.13900000 0.05000000 0.09250000
v 0.13907341 0.05046352 0.09250000
v 0.13928647 0.05088168 0.09250000
v 0.13961832 0.05121352 0.09250000
v 0.14003647 0.05142659 0.09250000
v 0.14050000 0.05150000 0.09250000
v 0.14096353 0.05142659 0.09250000
v 0.14138168 0.05121352 0.09250000
v 0.14171353 0.05088168 0.09250000
v 0.14192659 0.05046352 0.09250000
v 0.13924735 0.05077719 0.13996824
v 0.14374621 0.05514531 0.06825747
v 0.14351648 0.05020928 0.05644590
v 0.12293862 0.03849818 0.10452289
v 0.12500000 0.03850000 0.10435000
v 0.14703889 0.03850000 0.13952499
v 0.16350000 0.03850000 0.14747000
v 0.16422109 0.03855639 0.14748966
v 0.15010995 0.03850016 0.14706867
v 0.15080775 0.03850004 0.14744057
v 0.16420000 0.03850000 0.15500000
v 0.13797476 0.03905107 0.15486461
v 0.13720952 0.03846535 0.14121104
v 0.13450003 0.04054586 0.14570054
v 0.14539504 0.03850007 0.13472237
v 0.14765379 0.03850031 0.12338873
v 0.15194788 0.03850000 0.12496056
v 0.17050000 0.03850000 0.12395000
v 0.15385243 0.03850000 0.12395000
v 0.14275000 0.03850000 0.11735000
v 0.16150000 0.03850000 0.11735000
v 0.14758643 0.03850000 0.12262492
v 0.16190172 0.03850000 0.11728638
v 0.15261483 0.03855612 0.12457794
v 0.17220000 0.03850000 0.12225000
v 0.14538994 0.03850006 0.13535743
v 0.14657586 0.03850002 0.12175551
v 0.13350000 0.03850000 0.11735000
v 0.13500000 0.03850000 0.12175000
v 0.13224496 0.03858166 0.10431071
v 0.13220000 0.03850000 0.11605000
v 0.12811847 0.03850009 0.12177363
v 0.12985518 0.03850000 0.13698280
v 0.12720000 0.03850000 0.12305000
v 0.12485327 0.03834672 0.13147841
v 0.12766035 0.03856187 0.12225682
v 0.16234473 0.03853596 0.11686114
v 0.13517703 0.03870729 0.16123532
v 0.13494249 0.03875644 0.16122531
v 0.13424855 0.03880000 0.16062138
v 0.13517703 0.03862366 0.16119270
v 0.13426219 0.03870729 0.16061594
v 0.13517703 0.03855730 0.16112634
v 0.13456629 0.03856206 0.16097839
v 0.13430176 0.03862366 0.16060011
v 0.13517703 0.03851468 0.16104271
v 0.13436337 0.03855730 0.16057547
v 0.12276399 0.03851468 0.13135182
v 0.12268634 0.03855730 0.13138287
v 0.12262472 0.03862366 0.13140753
v 0.12258516 0.03870729 0.13142336
v 0.12252593 0.03881209 0.13129649
v 0.12250000 0.03880000 0.13105742
v 0.12251469 0.03870729 0.13105742
v 0.12255730 0.03862366 0.13105742
v 0.12258728 0.03857503 0.13120366
v 0.12262366 0.03855730 0.13105742
v 0.12270730 0.03851468 0.13105742
v 0.12270730 0.03851468 0.10505000
v 0.12262366 0.03855730 0.10505000
v 0.12255730 0.03862366 0.10505000
v 0.12251469 0.03870729 0.10505000
v 0.12350000 0.03855730 0.10417367
v 0.12304327 0.03854933 0.10426543
v 0.12350000 0.03862366 0.10410729
v 0.12350000 0.03870729 0.10406468
v 0.12326262 0.03903236 0.10393067
v 0.12267455 0.03857398 0.10461265
v 0.12350000 0.03880000 0.10405000
v 0.13150000 0.03851468 0.10425729
v 0.13150000 0.03855730 0.10417367
v 0.13150000 0.03862366 0.10410729
v 0.13150000 0.03870729 0.10406468
v 0.13168353 0.03881467 0.10406284
v 0.13229271 0.03851468 0.10505000
v 0.13237634 0.03855730 0.10505000
v 0.13244270 0.03862366 0.10505000
v 0.13248532 0.03870729 0.10505000
v 0.13250000 0.03880000 0.10505000
v 0.13229271 0.03851468 0.11605000
v 0.13237634 0.03855730 0.11605000
v 0.13244270 0.03862366 0.11605000
v 0.13248532 0.03870729 0.11605000
v 0.13250115 0.03880885 0.11604822
v 0.13350000 0.03851468 0.11725729
v 0.13350000 0.03855730 0.11717367
v 0.13350000 0.03862366 0.11710729
v 0.13350000 0.03870729 0.11706468
v 0.13278601 0.03859992 0.11685330
v 0.13350000 0.03880000 0.11705000
v 0.16150000 0.03851468 0.11725729
v 0.16150000 0.03855730 0.11717367
v 0.16150000 0.03862366 0.11710729
v 0.16150000 0.03870729 0.11706468
v 0.16150000 0.04220000 0.11705000
v 0.16150000 0.04229271 0.11706468
v 0.16211848 0.04219977 0.11669319
v 0.16150000 0.04237634 0.11710729
v 0.16150000 0.04244270 0.11717367
v 0.16631646 0.04268196 0.11811468
v 0.16183647 0.04250000 0.11730570
v 0.16150000 0.04248532 0.11725729
v 0.16150000 0.04250000 0.11735000
v 0.16235629 0.04059348 0.10324781
v 0.17229271 0.03851468 0.10505000
v 0.17237634 0.03855730 0.10505000
v 0.17244270 0.03862366 0.10505000
v 0.17248532 0.03870729 0.10505000
v 0.17250000 0.03880000 0.10505000
v 0.17211213 0.03845266 0.10436119
v 0.17248532 0.04229271 0.10505000
v 0.17246662 0.04225005 0.10478955
v 0.17244270 0.04237634 0.10505000
v 0.17237634 0.04244270 0.10505000
v 0.17229271 0.04248532 0.10505000
v 0.17210220 0.04246277 0.10430193
v 0.17229271 0.03851468 0.12225000
v 0.17237634 0.03855730 0.12225000
v 0.17244270 0.03862366 0.12225000
v 0.17248532 0.03870729 0.12225000
v 0.17229271 0.04248532 0.12225000
v 0.17237634 0.04244270 0.12225000
v 0.17244270 0.04237634 0.12225000
v 0.17248532 0.04229271 0.12225000
v 0.17250000 0.04220000 0.12225000
v 0.17050000 0.03851468 0.12404270
v 0.17050000 0.03855730 0.12412634
v 0.17050000 0.03862366 0.12419270
v 0.17050000 0.03870729 0.12423531
v 0.17050000 0.03880000 0.12425000
v 0.17185427 0.03855915 0.12379913
v 0.17050000 0.04229271 0.12423531
v 0.17259802 0.04204647 0.12279944
v 0.17050000 0.04237634 0.12419270
v 0.17050000 0.04244270 0.12412634
v 0.17050000 0.04248532 0.12404270
v 0.17050000 0.04250000 0.12395000
v 0.17178388 0.04246005 0.12377303
v 0.15385243 0.03851468 0.12404270
v 0.15385243 0.03855730 0.12412634
v 0.15385243 0.03862366 0.12419270
v 0.15385243 0.03870729 0.12423531
v 0.15343250 0.04249997 0.12398474
v 0.15385243 0.04248978 0.12402765
v 0.15385243 0.04245981 0.12410000
v 0.15347104 0.04245705 0.12413478
v 0.15385243 0.04241213 0.12416213
v 0.15385243 0.04235000 0.12420981
v 0.15318025 0.04230441 0.12431937
v 0.17024725 0.04002579 0.12433412
v 0.15219629 0.03880000 0.12512875
v 0.15218413 0.03870729 0.12512051
v 0.15214885 0.03862366 0.12509662
v 0.15209389 0.03855730 0.12505941
v 0.15202464 0.03851468 0.12501253
v 0.15321458 0.04249259 0.12408272
v 0.15194788 0.04250000 0.12496056
v 0.15201216 0.04248978 0.12500408
v 0.15207208 0.04245981 0.12504465
v 0.15212354 0.04241213 0.12507948
v 0.15291257 0.04245071 0.12428824
v 0.15216301 0.04235000 0.12510621
v 0.15328151 0.03906719 0.12456399
v 0.15218784 0.04227765 0.12512301
v 0.15240658 0.04223104 0.12485784
v 0.14553890 0.03850973 0.13459430
v 0.14565091 0.03851022 0.13439987
v 0.14560151 0.03853762 0.13462657
v 0.14571082 0.03854019 0.13444044
v 0.14568492 0.03861929 0.13467465
v 0.14576227 0.03858787 0.13447528
v 0.14582161 0.03870792 0.13451546
v 0.14580174 0.03865000 0.13450200
v 0.14573257 0.03873270 0.13469685
v 0.14582657 0.03872235 0.13451880
v 0.14558661 0.04250000 0.13435635
v 0.14565063 0.04248775 0.13439970
v 0.14566338 0.04248532 0.13440833
v 0.14570959 0.04245688 0.13443961
v 0.14573264 0.04244270 0.13445520
v 0.14578758 0.04237634 0.13449242
v 0.14582288 0.04229271 0.13451630
v 0.14573174 0.04227655 0.13469123
v 0.14583504 0.04220000 0.13452454
v 0.14552788 0.03851225 0.13553926
v 0.14548330 0.03851809 0.13524238
v 0.14554216 0.03851468 0.13553354
v 0.14561980 0.03855730 0.13550249
v 0.14568143 0.03862366 0.13547783
v 0.14560005 0.03859641 0.13513157
v 0.14567805 0.03874698 0.13528804
v 0.14572099 0.03870729 0.13546201
v 0.14572325 0.03872268 0.13546111
v 0.14567241 0.03880000 0.13522133
v 0.14565062 0.03859048 0.13549016
v 0.14572099 0.04229271 0.13546201
v 0.14573462 0.04220000 0.13545656
v 0.14567241 0.04220000 0.13522133
v 0.14565401 0.04225878 0.13507183
v 0.14568143 0.04237634 0.13547783
v 0.14569178 0.04237575 0.13466343
v 0.14561980 0.04244270 0.13550249
v 0.14554216 0.04248532 0.13553354
v 0.14550801 0.04246824 0.13489526
v 0.14550869 0.04249181 0.13467085
v 0.14996211 0.03851022 0.14662398
v 0.14997551 0.03851620 0.14661861
v 0.15005234 0.03855925 0.14658788
v 0.15002928 0.03854019 0.14659709
v 0.15011354 0.03862516 0.14656340
v 0.15015352 0.03870792 0.14654741
v 0.15013124 0.03865000 0.14655632
v 0.15016856 0.03880000 0.14654140
v 0.15028512 0.03873563 0.14676710
v 0.14997609 0.04248532 0.14661838
v 0.14545608 0.04250000 0.13556796
v 0.14074273 0.04230345 0.15300411
v 0.15005374 0.04244270 0.14658733
v 0.15011536 0.04237634 0.14656267
v 0.15015492 0.04229271 0.14654684
v 0.15016856 0.04220000 0.14654140
v 0.15109703 0.03880000 0.14717000
v 0.15109703 0.03870729 0.14718468
v 0.15109703 0.03862366 0.14722729
v 0.15019122 0.03855474 0.14682345
v 0.15064606 0.03859747 0.14712518
v 0.15109703 0.03855730 0.14729367
v 0.15109703 0.03851468 0.14737729
v 0.15109703 0.04250000 0.14747000
v 0.15109703 0.04248532 0.14737729
v 0.15109703 0.04244270 0.14729367
v 0.15109703 0.04237634 0.14722729
v 0.15046148 0.04243165 0.14705218
v 0.15109703 0.04229271 0.14718468
v 0.15084466 0.04227509 0.14714826
v 0.16350000 0.03851468 0.14737729
v 0.16350000 0.03855730 0.14729367
v 0.16350000 0.03862366 0.14722729
v 0.16350000 0.03870729 0.14718468
v 0.16350000 0.04248532 0.14737729
v 0.16350000 0.04244270 0.14729367
v 0.16350000 0.04237634 0.14722729
v 0.16350000 0.04229271 0.14718468
v 0.16350000 0.04220000 0.14717000
v 0.16450000 0.03880000 0.14817000
v 0.16448532 0.03870729 0.14817000
v 0.16444270 0.03862366 0.14817000
v 0.16464083 0.03878943 0.14796273
v 0.16437634 0.03855730 0.14817000
v 0.16429271 0.03851468 0.14817000
v 0.16429271 0.04248532 0.14817000
v 0.16437634 0.04244270 0.14817000
v 0.16374814 0.04180677 0.14700745
v 0.16444270 0.04237634 0.14817000
v 0.16419756 0.04246118 0.14750877
v 0.16448532 0.04229271 0.14817000
v 0.16429271 0.03851468 0.16025000
v 0.16437634 0.03855730 0.16025000
v 0.16444270 0.03862366 0.16025000
v 0.16448532 0.03870729 0.16025000
v 0.16420000 0.04250000 0.15500000
v 0.16429271 0.04248532 0.16025000
v 0.16424660 0.04246464 0.16085146
v 0.16437634 0.04244270 0.16025000
v 0.16444270 0.04237634 0.16025000
v 0.16448532 0.04229271 0.16025000
v 0.16450000 0.04220000 0.16025000
v 0.16446662 0.03874995 0.16051045
v 0.16350000 0.03880000 0.16125000
v 0.16350000 0.03870729 0.16123532
v 0.16350000 0.03862366 0.16119270
v 0.16409853 0.03853150 0.16099651
v 0.16350000 0.03855730 0.16112634
v 0.16350000 0.04248532 0.16104271
v 0.16350000 0.04244270 0.16112634
v 0.16350000 0.04237634 0.16119270
v 0.16350000 0.04229271 0.16123532
v 0.16374786 0.04224157 0.16122286
v 0.13517703 0.04220000 0.16125000
v 0.13517703 0.04248532 0.16104271
v 0.13517706 0.04250000 0.16095000
v 0.14275000 0.04250000 0.16095000
v 0.13517703 0.04244270 0.16112634
v 0.13517703 0.04237634 0.16119270
v 0.13517703 0.04229271 0.16123532
v 0.13424855 0.04220000 0.16062138
v 0.13445531 0.04248775 0.16053870
v 0.13448009 0.04244863 0.16077160
v 0.13444102 0.04248532 0.16054440
v 0.13478005 0.04241680 0.16112197
v 0.13442061 0.04238649 0.16080436
v 0.13436337 0.04244270 0.16057547
v 0.13430176 0.04237634 0.16060011
v 0.13438583 0.04228981 0.16084789
v 0.13425993 0.04227732 0.16061684
v 0.13426219 0.04229271 0.16061594
v 0.12257153 0.04220000 0.13142880
v 0.12277798 0.04248978 0.13134622
v 0.12613311 0.04250000 0.13952499
v 0.12832310 0.04250000 0.14500000
v 0.13465006 0.04249868 0.16080792
v 0.12271079 0.04245981 0.13137309
v 0.12265311 0.04241213 0.13139618
v 0.12260884 0.04235000 0.13141388
v 0.12258102 0.04227765 0.13142502
v 0.12251367 0.04224633 0.13121561
v 0.12280955 0.04250000 0.13120819
v 0.12271415 0.04248483 0.13123225
v 0.12272235 0.04248978 0.13105742
v 0.12265000 0.04245981 0.13105742
v 0.12260201 0.04241548 0.13120360
v 0.12258787 0.04241213 0.13105742
v 0.12255925 0.04237484 0.13105742
v 0.12254019 0.04235000 0.13105742
v 0.12254694 0.04234437 0.13120123
v 0.12251022 0.04227765 0.13105742
v 0.12250000 0.04220000 0.10505000
v 0.12270730 0.04248532 0.10505000
v 0.12280000 0.04250000 0.10505000
v 0.12262366 0.04244270 0.10505000
v 0.12255730 0.04237634 0.10505000
v 0.12251469 0.04229271 0.10505000
v 0.12350000 0.04229271 0.10406468
v 0.12350000 0.04237634 0.10410729
v 0.12350000 0.04244270 0.10417367
v 0.12241834 0.04207785 0.10462183
v 0.12350000 0.04248532 0.10425729
v 0.12293077 0.04246758 0.10432360
v 0.13150000 0.04220000 0.10405000
v 0.13150000 0.04248532 0.10425729
v 0.12500000 0.04250000 0.10435000
v 0.13215165 0.04245534 0.10432075
v 0.13150000 0.04244270 0.10417367
v 0.13150000 0.04237634 0.10410729
v 0.13150000 0.04229271 0.10406468
v 0.13248091 0.04220102 0.10483382
v 0.13248532 0.04229271 0.10505000
v 0.13244270 0.04237634 0.10505000
v 0.13237634 0.04244270 0.10505000
v 0.13229271 0.04248532 0.10505000
v 0.13220000 0.04250000 0.10505000
v 0.13250000 0.04220000 0.11605000
v 0.13222267 0.04249998 0.11630468
v 0.13229271 0.04248532 0.11605000
v 0.13237634 0.04244270 0.11605000
v 0.13244270 0.04237634 0.11605000
v 0.13248532 0.04229271 0.11605000
v 0.13350000 0.04229271 0.11706468
v 0.13302975 0.04228366 0.11697525
v 0.13350000 0.04237634 0.11710729
v 0.13350000 0.04244270 0.11717367
v 0.13350000 0.04248532 0.11725729
v 0.13335047 0.04249771 0.11731128
v 0.13264758 0.04244906 0.11685787
v 0.14275000 0.04250000 0.11735000
v 0.14719609 0.03872268 0.12361749
v 0.14719810 0.03870729 0.12361886
v 0.14635788 0.03880000 0.12205000
v 0.14722165 0.03865149 0.12363480
v 0.14733342 0.03868708 0.12333059
v 0.14723340 0.03862366 0.12364275
v 0.14635788 0.03870729 0.12203532
v 0.14741863 0.03855340 0.12344581
v 0.14728835 0.03855730 0.12367996
v 0.14635788 0.03862366 0.12199271
v 0.14749252 0.03851405 0.12347998
v 0.14735760 0.03851468 0.12372684
v 0.14727501 0.03859346 0.12237309
v 0.14635788 0.03855730 0.12192634
v 0.14635788 0.03851468 0.12184270
v 0.14718594 0.03880000 0.12361063
v 0.12850000 0.03851468 0.12184270
v 0.12850000 0.03855730 0.12192634
v 0.12850000 0.03862366 0.12199271
v 0.12850000 0.03870729 0.12203532
v 0.12773379 0.03921880 0.12235986
v 0.12744270 0.03862366 0.12305000
v 0.12737634 0.03855730 0.12305000
v 0.12729270 0.03851468 0.12305000
v 0.14657452 0.04221974 0.12206802
v 0.12850000 0.04220000 0.12205000
v 0.12727765 0.03851022 0.13009451
v 0.12735997 0.03853987 0.13025974
v 0.12735000 0.03854019 0.13009451
v 0.12741213 0.03858787 0.13009451
v 0.12744081 0.03860532 0.13028266
v 0.12850000 0.04248532 0.12184270
v 0.12720000 0.04250000 0.12305000
v 0.12850000 0.04244270 0.12192634
v 0.12729270 0.04248532 0.12305000
v 0.12850000 0.04237634 0.12199271
v 0.12737634 0.04244270 0.12305000
v 0.12850000 0.04229271 0.12203532
v 0.12744270 0.04237634 0.12305000
v 0.12722103 0.04249998 0.13034815
v 0.12727765 0.04248978 0.13009451
v 0.12733894 0.04247435 0.13028710
v 0.12735000 0.04245981 0.13009451
v 0.12741213 0.04241213 0.13009451
v 0.12737483 0.04244075 0.13009451
v 0.12742117 0.04241388 0.13025791
v 0.12761020 0.04241036 0.12234315
v 0.12827868 0.04249998 0.12175566
v 0.13900000 0.04250000 0.12175000
v 0.14635788 0.04248532 0.12184270
v 0.14635788 0.04250000 0.12175000
v 0.14635788 0.04244270 0.12192634
v 0.14635788 0.04237634 0.12199271
v 0.14635788 0.04229271 0.12203532
v 0.14735760 0.04248532 0.12372684
v 0.14757660 0.04249996 0.12351196
v 0.14759642 0.04249649 0.12300323
v 0.14711200 0.04250000 0.12199108
v 0.14728835 0.04244270 0.12367996
v 0.14723340 0.04237634 0.12364275
v 0.14719810 0.04229271 0.12361886
v 0.14673963 0.04245114 0.12201943
v 0.14718594 0.04220000 0.12361063
v 0.14743144 0.04240236 0.12267343
v 0.12748752 0.03859048 0.13049950
v 0.12745670 0.03855730 0.13051183
v 0.12729501 0.03851104 0.13030996
v 0.12736478 0.03851225 0.13054860
v 0.12737905 0.04248532 0.13054288
v 0.12736478 0.04248775 0.13054860
v 0.12748752 0.04240952 0.13049950
v 0.12794874 0.04081489 0.13030580
v 0.12994125 0.03851468 0.13694838
v 0.13001891 0.03855730 0.13691731
v 0.13008052 0.03862366 0.13689267
v 0.12994125 0.04248532 0.13694838
v 0.12985518 0.04250000 0.13698280
v 0.13001891 0.04244270 0.13691731
v 0.13053019 0.03882489 0.13725699
v 0.13106219 0.03880000 0.13750000
v 0.13106219 0.03870729 0.13751468
v 0.13106219 0.03862366 0.13755730
v 0.13106219 0.03855730 0.13762366
v 0.13106219 0.03851468 0.13770729
v 0.13106219 0.04248532 0.13770729
v 0.13106219 0.04244270 0.13762366
v 0.13106219 0.04237634 0.13755730
v 0.13037157 0.04242860 0.13734634
v 0.13106219 0.04229271 0.13751468
v 0.13080982 0.04227509 0.13747826
v 0.13800000 0.04250000 0.13952499
v 0.13537500 0.04250000 0.13780000
v 0.13350000 0.04250000 0.13780000
v 0.14275000 0.04250000 0.13069778
v 0.13832827 0.04250000 0.13722883
v 0.13700000 0.04250000 0.13780000
v 0.13725179 0.04248532 0.13770729
v 0.13767857 0.04249384 0.13766833
v 0.13725179 0.04244270 0.13762366
v 0.13825151 0.04248532 0.13717685
v 0.13725179 0.04237634 0.13755730
v 0.13777890 0.04242852 0.13746364
v 0.13818225 0.04244270 0.13712996
v 0.13725179 0.04229271 0.13751468
v 0.13812730 0.04237634 0.13709274
v 0.13725179 0.04220000 0.13750000
v 0.13809201 0.04229271 0.13706886
v 0.13787326 0.04227723 0.13730703
v 0.13725179 0.03872235 0.13751022
v 0.13757289 0.03874099 0.13746537
v 0.13807985 0.03880000 0.13706062
v 0.13725179 0.03865000 0.13754019
v 0.13744866 0.03867919 0.13750737
v 0.13808832 0.03872235 0.13706636
v 0.13758997 0.03859591 0.13754030
v 0.13725179 0.03858787 0.13758788
v 0.13811314 0.03865000 0.13708316
v 0.13746707 0.03853762 0.13763621
v 0.13725179 0.03854019 0.13764999
v 0.13815262 0.03858787 0.13710989
v 0.13760082 0.03850454 0.13769859
v 0.13796757 0.03859250 0.13726497
v 0.13820407 0.03854019 0.13714473
v 0.13826398 0.03851022 0.13718529
v -0.13647694 -0.04254301 0.15611964
v -0.16420000 -0.04250000 0.15500000
v -0.16420000 -0.04250000 0.15000000
v -0.15992894 -0.04250000 0.14747000
v -0.15078801 -0.04249996 0.14743856
v -0.15007643 -0.04249980 0.14701948
v -0.14703889 -0.04250000 0.13952499
v -0.16350000 -0.04250000 0.10435000
v -0.17220000 -0.04250000 0.10505000
v -0.17204182 -0.04249660 0.10445321
v -0.16278736 -0.04249147 0.10467937
v -0.16280000 -0.04250000 0.11605000
v -0.16188074 -0.04249693 0.11727953
v -0.15992894 -0.04250000 0.12395000
v -0.12832310 -0.04250000 0.14500000
v -0.12613311 -0.04250000 0.13952499
v -0.14275000 -0.04250000 0.13069778
v -0.12722346 -0.04250000 0.13034035
v -0.12280000 -0.04250000 0.13105742
v -0.12281894 -0.04250000 0.13122238
v -0.12985518 -0.04250000 0.13698280
v -0.12280000 -0.04250000 0.10505000
v -0.12720000 -0.04250000 0.12305000
v -0.12729251 -0.04249471 0.13038869
v -0.12275511 -0.04258928 0.10458934
v -0.13050367 -0.04244736 0.13749391
v -0.12758146 -0.04249834 0.12204267
v -0.13149977 -0.04249626 0.10429128
v -0.13220000 -0.04250000 0.10505000
v -0.13210268 -0.04245575 0.10429296
v -0.13260744 -0.04255164 0.11686887
v -0.13223289 -0.04249995 0.11635526
v -0.13825000 -0.04250000 0.12175000
v -0.13508115 -0.04260853 0.11877563
v -0.13900000 -0.04250000 0.12175000
v -0.14662120 -0.04249996 0.12176228
v -0.15194788 -0.04250000 0.12496056
v -0.14545562 -0.04249125 0.13500028
v -0.14545609 -0.04250000 0.13556798
v -0.14546979 -0.04249999 0.13456392
v -0.14757660 -0.04249996 0.12351196
v -0.15343250 -0.04249997 0.12398479
v -0.15316485 -0.04249335 0.12408309
v -0.14759217 -0.04249904 0.12246514
v -0.14256862 -0.03850000 0.15773973
v -0.13914197 -0.04098301 0.15199060
v -0.13898217 -0.03836667 0.14607496
v -0.17229271 -0.04248532 0.12225000
v -0.17229271 -0.04248532 0.10505000
v -0.17237634 -0.04244270 0.12225000
v -0.17237634 -0.04244270 0.10505000
v -0.17244270 -0.04237634 0.12225000
v -0.17244270 -0.04237634 0.10505000
v -0.17248532 -0.04229271 0.12225000
v -0.17248532 -0.04229271 0.10505000
v -0.17250000 -0.04220000 0.12225000
v -0.16350000 -0.04229271 0.16123532
v -0.16374786 -0.04224157 0.16122286
v -0.16450000 -0.04220000 0.16025000
v -0.16350000 -0.04237634 0.16119270
v -0.16448532 -0.04229271 0.16025000
v -0.16350000 -0.04244270 0.16112634
v -0.16444270 -0.04237634 0.16025000
v -0.16350000 -0.04248532 0.16104271
v -0.16424234 -0.04247256 0.16084927
v -0.16437634 -0.04244270 0.16025000
v -0.16429271 -0.04248532 0.16025000
v -0.16429271 -0.04248532 0.14817000
v -0.16437634 -0.04244270 0.14817000
v -0.16444270 -0.04237634 0.14817000
v -0.16448532 -0.04229271 0.14817000
v -0.16350000 -0.04220000 0.14717000
v -0.16350000 -0.04229271 0.14718468
v -0.16350000 -0.04237634 0.14722729
v -0.16416591 -0.04248719 0.14756946
v -0.16350000 -0.04244270 0.14729367
v -0.16350000 -0.04248532 0.14737729
v -0.15109703 -0.04248532 0.14737729
v -0.15109703 -0.04244270 0.14729367
v -0.15109703 -0.04237634 0.14722729
v -0.15109703 -0.04229271 0.14718468
v -0.15016856 -0.04220000 0.14654140
v -0.15015718 -0.04227732 0.14654594
v -0.15075816 -0.04218753 0.14707520
v -0.15055453 -0.04240382 0.14706743
v -0.15012852 -0.04234851 0.14655740
v -0.15027003 -0.04231555 0.14676484
v -0.15008455 -0.04240952 0.14657500
v -0.15011536 -0.04237634 0.14656267
v -0.15002791 -0.04245688 0.14659766
v -0.15015383 -0.04246962 0.14685264
v -0.14996181 -0.04248775 0.14662408
v -0.14997609 -0.04248532 0.14661838
v -0.14552788 -0.04248775 0.13553926
v -0.14554216 -0.04248532 0.13553354
v -0.14561980 -0.04244270 0.13550249
v -0.14549337 -0.04248130 0.13532155
v -0.14568143 -0.04237634 0.13547783
v -0.14572099 -0.04229271 0.13546201
v -0.14572325 -0.04227732 0.13546111
v -0.14567279 -0.04225762 0.13527050
v -0.14583504 -0.04220000 0.13452454
v -0.14582657 -0.04227765 0.13451880
v -0.14559186 -0.04241313 0.13530158
v -0.14560340 -0.04238186 0.13500255
v -0.14580174 -0.04235000 0.13450200
v -0.14576227 -0.04241213 0.13447528
v -0.14571082 -0.04245981 0.13444044
v -0.14565091 -0.04248978 0.13439987
v -0.15201216 -0.04248978 0.12500408
v -0.15207208 -0.04245981 0.12504465
v -0.15212354 -0.04241213 0.12507948
v -0.15216301 -0.04235000 0.12510621
v -0.15218784 -0.04227765 0.12512301
v -0.15308500 -0.03891544 0.12470389
v -0.15385243 -0.04248978 0.12402765
v -0.15385243 -0.04245981 0.12410000
v -0.15331763 -0.04246822 0.12413686
v -0.15385243 -0.04241213 0.12416213
v -0.15346985 -0.04240954 0.12419595
v -0.15385243 -0.04235000 0.12420981
v -0.15346980 -0.04235028 0.12424179
v -0.15385243 -0.04227765 0.12423978
v -0.15262677 -0.04240016 0.12459539
v -0.17050000 -0.04248532 0.12404270
v -0.17050000 -0.04244270 0.12412634
v -0.17050000 -0.04237634 0.12419270
v -0.17050000 -0.04229271 0.12423531
v -0.17050000 -0.04220000 0.12425000
v -0.17196599 -0.04244903 0.12369449
v -0.17050000 -0.03880000 0.12425000
v -0.17161419 -0.03835291 0.12377285
v -0.17246379 -0.03876659 0.12266551
v -0.17247286 -0.04224157 0.10480214
v -0.17150000 -0.04220000 0.10405000
v -0.17150000 -0.04229271 0.10406468
v -0.17213940 -0.04239425 0.10428505
v -0.17150000 -0.04237634 0.10410729
v -0.17150000 -0.04244270 0.10417367
v -0.17150000 -0.04248532 0.10425729
v -0.17250000 -0.03880000 0.10505000
v -0.17220000 -0.03850000 0.12225000
v -0.17050000 -0.03855730 0.12412634
v -0.17229271 -0.03851468 0.12225000
v -0.17050000 -0.03862366 0.12419270
v -0.17237634 -0.03855730 0.12225000
v -0.17050000 -0.03870729 0.12423531
v -0.17244270 -0.03862366 0.12225000
v -0.17248532 -0.03870729 0.12225000
v -0.17229271 -0.03851468 0.10505000
v -0.17237634 -0.03855730 0.10505000
v -0.17244270 -0.03862366 0.10505000
v -0.17248532 -0.03870729 0.10505000
v -0.17224951 -0.03854436 0.10444366
v -0.17150000 -0.03850000 0.10435000
v -0.17150000 -0.03851468 0.10425729
v -0.17150000 -0.03855730 0.10417367
v -0.17150000 -0.03862366 0.10410729
v -0.17150000 -0.03870729 0.10406468
v -0.17174788 -0.03875844 0.10407714
v -0.16350000 -0.04248532 0.10425729
v -0.16350000 -0.04244270 0.10417367
v -0.16350000 -0.04237634 0.10410729
v -0.16350000 -0.04229271 0.10406468
v -0.16329304 -0.04218934 0.10406487
v -0.16350000 -0.03851468 0.10425729
v -0.16350000 -0.03855730 0.10417367
v -0.16350000 -0.03862366 0.10410729
v -0.16350000 -0.03870729 0.10406468
v -0.16350000 -0.03880000 0.10405000
v -0.16250000 -0.04220000 0.10505000
v -0.16251468 -0.04229271 0.10505000
v -0.16255730 -0.04237634 0.10505000
v -0.16262366 -0.04244270 0.10505000
v -0.16270729 -0.04248532 0.10505000
v -0.16280000 -0.03850000 0.10505000
v -0.16270729 -0.03851468 0.10505000
v -0.16262366 -0.03855730 0.10505000
v -0.16284094 -0.03855139 0.10431831
v -0.16255730 -0.03862366 0.10505000
v -0.16251468 -0.03870729 0.10505000
v -0.16257706 -0.04227536 0.10431696
v -0.16270729 -0.04248532 0.11605000
v -0.16262366 -0.04244270 0.11605000
v -0.16255730 -0.04237634 0.11605000
v -0.16251468 -0.04229271 0.11605000
v -0.16222874 -0.03865101 0.11682469
v -0.16270729 -0.03851468 0.11605000
v -0.16262366 -0.03855730 0.11605000
v -0.16255730 -0.03862366 0.11605000
v -0.16251468 -0.03870729 0.11605000
v -0.16250000 -0.03880000 0.11605000
v -0.16235096 -0.04248925 0.11680113
v -0.16150000 -0.04229271 0.11706468
v -0.16150000 -0.04237634 0.11710729
v -0.16150000 -0.04244270 0.11717367
v -0.16150000 -0.04220000 0.11705000
v -0.16150000 -0.03851468 0.11725729
v -0.16150000 -0.03855730 0.11717367
v -0.16150000 -0.03862366 0.11710729
v -0.16150000 -0.03870729 0.11706468
v -0.16186025 -0.04171936 0.11685463
v -0.13350000 -0.04248532 0.11725729
v -0.13350000 -0.04244270 0.11717367
v -0.13350000 -0.04237634 0.11710729
v -0.13350000 -0.04229271 0.11706468
v -0.13365482 -0.03850217 0.11732072
v -0.13350000 -0.03855730 0.11717367
v -0.13350000 -0.03862366 0.11710729
v -0.13350000 -0.03870729 0.11706468
v -0.13350000 -0.03880000 0.11705000
v -0.13326211 -0.04219079 0.11701967
v -0.13289316 -0.04239429 0.11691697
v -0.13237634 -0.04244270 0.11605000
v -0.13229271 -0.04248532 0.11605000
v -0.13264095 -0.03907475 0.11643628
v -0.13220000 -0.03850000 0.11605000
v -0.13229271 -0.03851468 0.11605000
v -0.13237634 -0.03855730 0.11605000
v -0.13279438 -0.03858228 0.11688421
v -0.13244270 -0.03862366 0.11605000
v -0.13248532 -0.03870729 0.11605000
v -0.13229271 -0.04248532 0.10505000
v -0.13237634 -0.04244270 0.10505000
v -0.13228497 -0.04202722 0.10418328
v -0.13275461 -0.04183064 0.11364941
v -0.13229271 -0.03851468 0.10505000
v -0.13237634 -0.03855730 0.10505000
v -0.13244270 -0.03862366 0.10505000
v -0.13248532 -0.03870729 0.10505000
v -0.13250000 -0.03880000 0.10505000
v -0.13150000 -0.04220000 0.10405000
v -0.13150000 -0.04229271 0.10406468
v -0.13150000 -0.04237634 0.10410729
v -0.13150000 -0.04244270 0.10417367
v -0.13222774 -0.03854583 0.10439516
v -0.13150000 -0.03851468 0.10425729
v -0.13150000 -0.03855730 0.10417367
v -0.13150000 -0.03862366 0.10410729
v -0.13150000 -0.03870729 0.10406468
v -0.12350000 -0.04248532 0.10425729
v -0.12350000 -0.04244270 0.10417367
v -0.12350000 -0.04237634 0.10410729
v -0.12350000 -0.04229271 0.10406468
v -0.12350000 -0.03851468 0.10425729
v -0.13125000 -0.03850000 0.10435000
v -0.12350000 -0.03855730 0.10417367
v -0.12350000 -0.03862366 0.10410729
v -0.12350000 -0.03870729 0.10406468
v -0.12350000 -0.03880000 0.10405000
v -0.12325213 -0.04224157 0.10407714
v -0.12250000 -0.04220000 0.10505000
v -0.12251469 -0.04229271 0.10505000
v -0.12263251 -0.04238973 0.10461263
v -0.12255730 -0.04237634 0.10505000
v -0.12262366 -0.04244270 0.10505000
v -0.12270730 -0.04248532 0.10505000
v -0.12276846 -0.03850769 0.10480102
v -0.12280000 -0.03850000 0.10505000
v -0.12270730 -0.03851468 0.10505000
v -0.12307101 -0.03865260 0.10415820
v -0.12262366 -0.03855730 0.10505000
v -0.12255730 -0.03862366 0.10505000
v -0.12271163 -0.03854036 0.10453186
v -0.12251469 -0.03870729 0.10505000
v -0.12250000 -0.03880000 0.10505000
v -0.12269835 -0.04247771 0.13122231
v -0.12272235 -0.04248978 0.13105742
v -0.12265000 -0.04245981 0.13105742
v -0.12255356 -0.04235444 0.13120794
v -0.12258787 -0.04241213 0.13105742
v -0.12251620 -0.04229208 0.13105742
v -0.12254019 -0.04235000 0.13105742
v -0.12251367 -0.04224633 0.13121561
v -0.12251022 -0.04227765 0.13105742
v -0.12270730 -0.03851468 0.13105742
v -0.12262366 -0.03855730 0.13105742
v -0.12255730 -0.03862366 0.13105742
v -0.12251469 -0.03870729 0.13105742
v -0.12250000 -0.03880000 0.13105742
v -0.12277798 -0.04248978 0.13134622
v -0.12271079 -0.04245981 0.13137309
v -0.12265311 -0.04241213 0.13139618
v -0.12260201 -0.04241548 0.13120360
v -0.12260884 -0.04235000 0.13141388
v -0.12258102 -0.04227765 0.13142502
v -0.12257153 -0.04220000 0.13142880
v -0.12258516 -0.03870729 0.13142336
v -0.12252593 -0.03881209 0.13129649
v -0.12262472 -0.03862366 0.13140753
v -0.12268634 -0.03855730 0.13138287
v -0.12276399 -0.03851468 0.13135182
v -0.12258728 -0.03857503 0.13120366
v -0.12280959 -0.03849999 0.13119039
v -0.13445531 -0.04248775 0.16053870
v -0.13451749 -0.04246861 0.16077098
v -0.13444102 -0.04248532 0.16054440
v -0.13436337 -0.04244270 0.16057547
v -0.13438583 -0.04228981 0.16084789
v -0.13430176 -0.04237634 0.16060011
v -0.13425993 -0.04227732 0.16061684
v -0.13426219 -0.04229271 0.16061594
v -0.13424855 -0.04220000 0.16062138
v -0.13444102 -0.03851468 0.16054440
v -0.12832310 -0.03850000 0.14500000
v -0.12613311 -0.03850000 0.13952499
v -0.13436337 -0.03855730 0.16057547
v -0.13430176 -0.03862366 0.16060011
v -0.13426219 -0.03870729 0.16061594
v -0.13424855 -0.03880000 0.16062138
v -0.13517703 -0.04220000 0.16125000
v -0.13517703 -0.04229271 0.16123532
v -0.13453240 -0.04236968 0.16098465
v -0.13517703 -0.04237634 0.16119270
v -0.13487451 -0.04248642 0.16110712
v -0.13517703 -0.04244270 0.16112634
v -0.13517703 -0.04248532 0.16104271
v -0.13517703 -0.03851468 0.16104271
v -0.13517703 -0.03855730 0.16112634
v -0.13517703 -0.03862366 0.16119270
v -0.13463528 -0.03853586 0.16103092
v -0.13517703 -0.03870729 0.16123532
v -0.13517703 -0.03880000 0.16125000
v -0.16350000 -0.03880000 0.16125000
v -0.16350000 -0.03851468 0.16104271
v -0.14275000 -0.03850000 0.16095000
v -0.16350000 -0.03855730 0.16112634
v -0.16350000 -0.03862366 0.16119270
v -0.16350000 -0.03870729 0.16123532
v -0.16447286 -0.03875843 0.16049786
v -0.16429271 -0.03851468 0.16025000
v -0.16437634 -0.03855730 0.16025000
v -0.16444270 -0.03862366 0.16025000
v -0.16448532 -0.03870729 0.16025000
v -0.16450000 -0.03880000 0.14817000
v -0.16429271 -0.03851468 0.14817000
v -0.16420000 -0.03850000 0.15500000
v -0.16415580 -0.03853817 0.14746495
v -0.16437634 -0.03855730 0.14817000
v -0.16444270 -0.03862366 0.14817000
v -0.16448532 -0.03870729 0.14817000
v -0.16350000 -0.03851468 0.14737729
v -0.16350000 -0.03855730 0.14729367
v -0.16463488 -0.03894747 0.14788496
v -0.16428331 -0.04161199 0.14705347
v -0.16350000 -0.03862366 0.14722729
v -0.16350000 -0.03870729 0.14718468
v -0.15109703 -0.03851022 0.14739235
v -0.15992894 -0.03850000 0.14747000
v -0.15080603 -0.03850003 0.14744020
v -0.15109703 -0.03854019 0.14732001
v -0.15084837 -0.03854321 0.14729090
v -0.15109703 -0.03858787 0.14725787
v -0.15109703 -0.03865000 0.14721019
v -0.15052884 -0.03876278 0.14705906
v -0.15068307 -0.03857433 0.14721270
v -0.15031924 -0.03855797 0.14693023
v -0.14989002 -0.03850000 0.14665281
v -0.14996211 -0.03851022 0.14662398
v -0.15002928 -0.03854019 0.14659709
v -0.15008698 -0.03858787 0.14657402
v -0.15013124 -0.03865000 0.14655632
v -0.15015906 -0.03872235 0.14654518
v -0.14573462 -0.03880000 0.13545656
v -0.14703889 -0.03850000 0.13952499
v -0.14552788 -0.03851225 0.13553926
v -0.14554216 -0.03851468 0.13553354
v -0.14561980 -0.03855730 0.13550249
v -0.14568143 -0.03862366 0.13547783
v -0.14569460 -0.03865149 0.13547256
v -0.14572099 -0.03870729 0.13546201
v -0.14572325 -0.03872268 0.13546111
v -0.14568486 -0.03873139 0.13480776
v -0.14566349 -0.03870467 0.13523082
v -0.14549212 -0.03851865 0.13531917
v -0.14550126 -0.03850551 0.13465943
v -0.14558661 -0.03850000 0.13435635
v -0.14566286 -0.03851620 0.13440797
v -0.14571082 -0.03854019 0.13444044
v -0.14565091 -0.03851022 0.13439987
v -0.14560362 -0.03859729 0.13530501
v -0.14560151 -0.03853762 0.13462657
v -0.14576227 -0.03858787 0.13447528
v -0.14554141 -0.03853036 0.13493385
v -0.14568492 -0.03861929 0.13467465
v -0.14580174 -0.03865000 0.13450200
v -0.14582161 -0.03870792 0.13451546
v -0.14582657 -0.03872235 0.13451880
v -0.15219629 -0.03880000 0.12512875
v -0.15202464 -0.03851468 0.12501253
v -0.15194788 -0.03850000 0.12496056
v -0.15209389 -0.03855730 0.12505941
v -0.15214885 -0.03862366 0.12509662
v -0.15218413 -0.03870729 0.12512051
v -0.15385243 -0.03870729 0.12423531
v -0.15385243 -0.03862366 0.12419270
v -0.15385243 -0.03855730 0.12412634
v -0.15385243 -0.03851468 0.12404270
v -0.15843294 -0.03829052 0.12043450
v -0.12850000 -0.04248532 0.12184270
v -0.14635788 -0.04248532 0.12184270
v -0.12850000 -0.04244270 0.12192634
v -0.14635788 -0.04244270 0.12192634
v -0.12850000 -0.04237634 0.12199271
v -0.14635788 -0.04237634 0.12199271
v -0.12850000 -0.04229271 0.12203532
v -0.14635788 -0.04229271 0.12203532
v -0.12850000 -0.04220000 0.12205000
v -0.14657452 -0.04221974 0.12206802
v -0.14735760 -0.04248532 0.12372684
v -0.14728835 -0.04244270 0.12367996
v -0.14723340 -0.04237634 0.12364275
v -0.14719810 -0.04229271 0.12361886
v -0.14718594 -0.04220000 0.12361063
v -0.14738369 -0.04236210 0.12254576
v -0.13825151 -0.04248532 0.13717685
v -0.13818225 -0.04244270 0.13712996
v -0.13812730 -0.04237634 0.13709274
v -0.13809201 -0.04229271 0.13706886
v -0.13738630 -0.04265750 0.14045573
v -0.13775783 -0.04242854 0.13745495
v -0.13779583 -0.03892544 0.13720443
v -0.12994125 -0.04248532 0.13694838
v -0.13001891 -0.04244270 0.13691731
v -0.12877595 -0.04231808 0.13405210
v -0.13050729 -0.03872747 0.13725544
v -0.12737905 -0.04248532 0.13054288
v -0.12736478 -0.04248775 0.13054860
v -0.12732240 -0.04248231 0.13026566
v -0.12752867 -0.04210445 0.13027891
v -0.12770574 -0.04230806 0.12236955
v -0.14635788 -0.03880000 0.12205000
v -0.12813668 -0.03882878 0.12212705
v -0.12850000 -0.03870729 0.12203532
v -0.12748531 -0.03870729 0.12305000
v -0.12850000 -0.03862366 0.12199271
v -0.12850000 -0.03855730 0.12192634
v -0.12744270 -0.03862366 0.12305000
v -0.12850000 -0.03851468 0.12184270
v -0.12766245 -0.03855186 0.12224608
v -0.12737634 -0.03855730 0.12305000
v -0.12850000 -0.03850000 0.12175000
v -0.12729270 -0.03851468 0.12305000
v -0.12720000 -0.03850000 0.12305000
v -0.12727765 -0.03851022 0.13009451
v -0.12735997 -0.03853987 0.13025974
v -0.12735000 -0.03854019 0.13009451
v -0.12744075 -0.03862516 0.13009451
v -0.12741213 -0.03858787 0.13009451
v -0.12745981 -0.03865000 0.13009451
v -0.12748950 -0.03866880 0.13025841
v -0.12755789 -0.03870729 0.13047134
v -0.12756015 -0.03872268 0.13047044
v -0.12748752 -0.03859048 0.13049950
v -0.12745670 -0.03855730 0.13051183
v -0.12729501 -0.03851104 0.13030996
v -0.12736478 -0.03851225 0.13054860
v -0.12721943 -0.03850000 0.13035090
v -0.12985518 -0.03850000 0.13698280
v -0.12994125 -0.03851468 0.13694838
v -0.13001891 -0.03855730 0.13691731
v -0.13008052 -0.03862366 0.13689267
v -0.13012009 -0.03870729 0.13687685
v -0.13353356 -0.04007395 0.14408564
v -0.13807985 -0.03880000 0.13706062
v -0.13808832 -0.03872235 0.13706636
v -0.13811314 -0.03865000 0.13708316
v -0.13815262 -0.03858787 0.13710989
v -0.13785818 -0.03850729 0.13757437
v -0.13820407 -0.03854019 0.13714473
v -0.13826398 -0.03851022 0.13718529
v -0.14718594 -0.03880000 0.12361063
v -0.16409917 -0.03853001 0.16099425
v -0.13755476 -0.03850000 0.15750000
v -0.14233810 -0.03850000 0.15624697
v -0.15064910 -0.03850201 0.14735918
v -0.14538963 -0.03850002 0.13535732
v -0.13460267 -0.03850090 0.16073402
v -0.14275000 -0.03850000 0.13069778
v -0.14758632 -0.03850004 0.12349371
v -0.13500000 -0.03850000 0.12175000
v -0.13350000 -0.03850000 0.12175000
v -0.13125000 -0.03850000 0.12175000
v -0.14737035 -0.03851225 0.12373547
v -0.14749252 -0.03851405 0.12347998
v -0.14735760 -0.03851468 0.12372684
v -0.14741863 -0.03855340 0.12344581
v -0.14728835 -0.03855730 0.12367996
v -0.14722165 -0.03865149 0.12363480
v -0.14723340 -0.03862366 0.12364275
v -0.14719609 -0.03872268 0.12361749
v -0.14719810 -0.03870729 0.12361886
v -0.14733342 -0.03868708 0.12333059
v -0.14635788 -0.03870729 0.12203532
v -0.14635788 -0.03862366 0.12199271
v -0.14729384 -0.03856097 0.12236906
v -0.14635788 -0.03855730 0.12192634
v -0.14635788 -0.03851468 0.12184270
v 0.12293862 -0.04250182 0.10452289
v 0.12500000 -0.04250000 0.10435000
v 0.14703889 -0.04250000 0.13952499
v 0.16350000 -0.04250000 0.14747000
v 0.16422109 -0.04244361 0.14748966
v 0.15010995 -0.04249984 0.14706867
v 0.15080775 -0.04249996 0.14744057
v 0.16420000 -0.04250000 0.15500000
v 0.13797476 -0.04194893 0.15486461
v 0.13720952 -0.04253465 0.14121104
v 0.13450003 -0.04045414 0.14570054
v 0.14539504 -0.04249993 0.13472237
v 0.14765379 -0.04249969 0.12338873
v 0.15194788 -0.04250000 0.12496056
v 0.17050000 -0.04250000 0.12395000
v 0.15385243 -0.04250000 0.12395000
v 0.14275000 -0.04250000 0.11735000
v 0.16150000 -0.04250000 0.11735000
v 0.14758643 -0.04250000 0.12262492
v 0.16190172 -0.04250000 0.11728638
v 0.15261483 -0.04244388 0.12457794
v 0.17220000 -0.04250000 0.12225000
v 0.14538994 -0.04249994 0.13535743
v 0.14657586 -0.04249998 0.12175551
v 0.13350000 -0.04250000 0.11735000
v 0.13500000 -0.04250000 0.12175000
v 0.13224496 -0.04241834 0.10431071
v 0.13220000 -0.04250000 0.11605000
v 0.12811847 -0.04249991 0.12177363
v 0.12985518 -0.04250000 0.13698280
v 0.12720000 -0.04250000 0.12305000
v 0.12485327 -0.04265328 0.13147841
v 0.12766035 -0.04243813 0.12225682
v 0.16234473 -0.04246404 0.11686114
v 0.13517703 -0.04229271 0.16123532
v 0.13494249 -0.04224356 0.16122531
v 0.13424855 -0.04220000 0.16062138
v 0.13517703 -0.04237634 0.16119270
v 0.13426219 -0.04229271 0.16061594
v 0.13517703 -0.04244270 0.16112634
v 0.13456629 -0.04243794 0.16097839
v 0.13430176 -0.04237634 0.16060011
v 0.13517703 -0.04248532 0.16104271
v 0.13436337 -0.04244270 0.16057547
v 0.12276399 -0.04248532 0.13135182
v 0.12268634 -0.04244270 0.13138287
v 0.12262472 -0.04237634 0.13140753
v 0.12258516 -0.04229271 0.13142336
v 0.12252593 -0.04218791 0.13129649
v 0.12250000 -0.04220000 0.13105742
v 0.12251469 -0.04229271 0.13105742
v 0.12255730 -0.04237634 0.13105742
v 0.12258728 -0.04242497 0.13120366
v 0.12262366 -0.04244270 0.13105742
v 0.12270730 -0.04248532 0.13105742
v 0.12270730 -0.04248532 0.10505000
v 0.12262366 -0.04244270 0.10505000
v 0.12255730 -0.04237634 0.10505000
v 0.12251469 -0.04229271 0.10505000
v 0.12350000 -0.04244270 0.10417367
v 0.12304327 -0.04245067 0.10426543
v 0.12350000 -0.04237634 0.10410729
v 0.12350000 -0.04229271 0.10406468
v 0.12326262 -0.04196764 0.10393067
v 0.12267455 -0.04242602 0.10461265
v 0.12350000 -0.04220000 0.10405000
v 0.13150000 -0.04248532 0.10425729
v 0.13150000 -0.04244270 0.10417367
v 0.13150000 -0.04237634 0.10410729
v 0.13150000 -0.04229271 0.10406468
v 0.13168353 -0.04218533 0.10406284
v 0.13229271 -0.04248532 0.10505000
v 0.13237634 -0.04244270 0.10505000
v 0.13244270 -0.04237634 0.10505000
v 0.13248532 -0.04229271 0.10505000
v 0.13250000 -0.04220000 0.10505000
v 0.13229271 -0.04248532 0.11605000
v 0.13237634 -0.04244270 0.11605000
v 0.13244270 -0.04237634 0.11605000
v 0.13248532 -0.04229271 0.11605000
v 0.13250115 -0.04219115 0.11604822
v 0.13350000 -0.04248532 0.11725729
v 0.13350000 -0.04244270 0.11717367
v 0.13350000 -0.04237634 0.11710729
v 0.13350000 -0.04229271 0.11706468
v 0.13278601 -0.04240008 0.11685330
v 0.13350000 -0.04220000 0.11705000
v 0.16150000 -0.04248532 0.11725729
v 0.16150000 -0.04244270 0.11717367
v 0.16150000 -0.04237634 0.11710729
v 0.16150000 -0.04229271 0.11706468
v 0.16150000 -0.03880000 0.11705000
v 0.16150000 -0.03870729 0.11706468
v 0.16211848 -0.03880023 0.11669319
v 0.16150000 -0.03862366 0.11710729
v 0.16150000 -0.03855730 0.11717367
v 0.16631646 -0.03831804 0.11811468
v 0.16183647 -0.03850000 0.11730570
v 0.16150000 -0.03851468 0.11725729
v 0.16150000 -0.03850000 0.11735000
v 0.16235629 -0.04040652 0.10324781
v 0.17229271 -0.04248532 0.10505000
v 0.17237634 -0.04244270 0.10505000
v 0.17244270 -0.04237634 0.10505000
v 0.17248532 -0.04229271 0.10505000
v 0.17250000 -0.04220000 0.10505000
v 0.17211213 -0.04254734 0.10436119
v 0.17248532 -0.03870729 0.10505000
v 0.17246662 -0.03874995 0.10478955
v 0.17244270 -0.03862366 0.10505000
v 0.17237634 -0.03855730 0.10505000
v 0.17229271 -0.03851468 0.10505000
v 0.17210220 -0.03853723 0.10430193
v 0.17229271 -0.04248532 0.12225000
v 0.17237634 -0.04244270 0.12225000
v 0.17244270 -0.04237634 0.12225000
v 0.17248532 -0.04229271 0.12225000
v 0.17229271 -0.03851468 0.12225000
v 0.17237634 -0.03855730 0.12225000
v 0.17244270 -0.03862366 0.12225000
v 0.17248532 -0.03870729 0.12225000
v 0.17250000 -0.03880000 0.12225000
v 0.17050000 -0.04248532 0.12404270
v 0.17050000 -0.04244270 0.12412634
v 0.17050000 -0.04237634 0.12419270
v 0.17050000 -0.04229271 0.12423531
v 0.17050000 -0.04220000 0.12425000
v 0.17185427 -0.04244085 0.12379913
v 0.17050000 -0.03870729 0.12423531
v 0.17259802 -0.03895353 0.12279944
v 0.17050000 -0.03862366 0.12419270
v 0.17050000 -0.03855730 0.12412634
v 0.17050000 -0.03851468 0.12404270
v 0.17050000 -0.03850000 0.12395000
v 0.17178388 -0.03853995 0.12377303
v 0.15385243 -0.04248532 0.12404270
v 0.15385243 -0.04244270 0.12412634
v 0.15385243 -0.04237634 0.12419270
v 0.15385243 -0.04229271 0.12423531
v 0.15343250 -0.03850003 0.12398474
v 0.15385243 -0.03851022 0.12402765
v 0.15385243 -0.03854019 0.12410000
v 0.15347104 -0.03854295 0.12413478
v 0.15385243 -0.03858787 0.12416213
v 0.15385243 -0.03865000 0.12420981
v 0.15318025 -0.03869559 0.12431937
v 0.17024725 -0.04097421 0.12433412
v 0.15219629 -0.04220000 0.12512875
v 0.15218413 -0.04229271 0.12512051
v 0.15214885 -0.04237634 0.12509662
v 0.15209389 -0.04244270 0.12505941
v 0.15202464 -0.04248532 0.12501253
v 0.15321458 -0.03850741 0.12408272
v 0.15194788 -0.03850000 0.12496056
v 0.15201216 -0.03851022 0.12500408
v 0.15207208 -0.03854019 0.12504465
v 0.15212354 -0.03858787 0.12507948
v 0.15291257 -0.03854929 0.12428824
v 0.15216301 -0.03865000 0.12510621
v 0.15328151 -0.04193281 0.12456399
v 0.15218784 -0.03872235 0.12512301
v 0.15240658 -0.03876896 0.12485784
v 0.14553890 -0.04249027 0.13459430
v 0.14565091 -0.04248978 0.13439987
v 0.14560151 -0.04246238 0.13462657
v 0.14571082 -0.04245981 0.13444044
v 0.14568492 -0.04238071 0.13467465
v 0.14576227 -0.04241213 0.13447528
v 0.14582161 -0.04229208 0.13451546
v 0.14580174 -0.04235000 0.13450200
v 0.14573257 -0.04226730 0.13469685
v 0.14582657 -0.04227765 0.13451880
v 0.14558661 -0.03850000 0.13435635
v 0.14565063 -0.03851225 0.13439970
v 0.14566338 -0.03851468 0.13440833
v 0.14570959 -0.03854312 0.13443961
v 0.14573264 -0.03855730 0.13445520
v 0.14578758 -0.03862366 0.13449242
v 0.14582288 -0.03870729 0.13451630
v 0.14573174 -0.03872345 0.13469123
v 0.14583504 -0.03880000 0.13452454
v 0.14552788 -0.04248775 0.13553926
v 0.14548330 -0.04248191 0.13524238
v 0.14554216 -0.04248532 0.13553354
v 0.14561980 -0.04244270 0.13550249
v 0.14568143 -0.04237634 0.13547783
v 0.14560005 -0.04240359 0.13513157
v 0.14567805 -0.04225302 0.13528804
v 0.14572099 -0.04229271 0.13546201
v 0.14572325 -0.04227732 0.13546111
v 0.14567241 -0.04220000 0.13522133
v 0.14565062 -0.04240952 0.13549016
v 0.14572099 -0.03870729 0.13546201
v 0.14573462 -0.03880000 0.13545656
v 0.14567241 -0.03880000 0.13522133
v 0.14565401 -0.03874122 0.13507183
v 0.14568143 -0.03862366 0.13547783
v 0.14569178 -0.03862425 0.13466343
v 0.14561980 -0.03855730 0.13550249
v 0.14554216 -0.03851468 0.13553354
v 0.14550801 -0.03853176 0.13489526
v 0.14550869 -0.03850819 0.13467085
v 0.14996211 -0.04248978 0.14662398
v 0.14997551 -0.04248380 0.14661861
v 0.15005234 -0.04244075 0.14658788
v 0.15002928 -0.04245981 0.14659709
v 0.15011354 -0.04237484 0.14656340
v 0.15015352 -0.04229208 0.14654741
v 0.15013124 -0.04235000 0.14655632
v 0.15016856 -0.04220000 0.14654140
v 0.15028512 -0.04226437 0.14676710
v 0.14997609 -0.03851468 0.14661838
v 0.14545608 -0.03850000 0.13556796
v 0.14074273 -0.03869655 0.15300411
v 0.15005374 -0.03855730 0.14658733
v 0.15011536 -0.03862366 0.14656267
v 0.15015492 -0.03870729 0.14654684
v 0.15016856 -0.03880000 0.14654140
v 0.15109703 -0.04220000 0.14717000
v 0.15109703 -0.04229271 0.14718468
v 0.15109703 -0.04237634 0.14722729
v 0.15019122 -0.04244526 0.14682345
v 0.15064606 -0.04240253 0.14712518
v 0.15109703 -0.04244270 0.14729367
v 0.15109703 -0.04248532 0.14737729
v 0.15109703 -0.03850000 0.14747000
v 0.15109703 -0.03851468 0.14737729
v 0.15109703 -0.03855730 0.14729367
v 0.15109703 -0.03862366 0.14722729
v 0.15046148 -0.03856835 0.14705218
v 0.15109703 -0.03870729 0.14718468
v 0.15084466 -0.03872491 0.14714826
v 0.16350000 -0.04248532 0.14737729
v 0.16350000 -0.04244270 0.14729367
v 0.16350000 -0.04237634 0.14722729
v 0.16350000 -0.04229271 0.14718468
v 0.16350000 -0.03851468 0.14737729
v 0.16350000 -0.03855730 0.14729367
v 0.16350000 -0.03862366 0.14722729
v 0.16350000 -0.03870729 0.14718468
v 0.16350000 -0.03880000 0.14717000
v 0.16450000 -0.04220000 0.14817000
v 0.16448532 -0.04229271 0.14817000
v 0.16444270 -0.04237634 0.14817000
v 0.16464083 -0.04221057 0.14796273
v 0.16437634 -0.04244270 0.14817000
v 0.16429271 -0.04248532 0.14817000
v 0.16429271 -0.03851468 0.14817000
v 0.16437634 -0.03855730 0.14817000
v 0.16374814 -0.03919323 0.14700745
v 0.16444270 -0.03862366 0.14817000
v 0.16419756 -0.03853882 0.14750877
v 0.16448532 -0.03870729 0.14817000
v 0.16429271 -0.04248532 0.16025000
v 0.16437634 -0.04244270 0.16025000
v 0.16444270 -0.04237634 0.16025000
v 0.16448532 -0.04229271 0.16025000
v 0.16420000 -0.03850000 0.15500000
v 0.16429271 -0.03851468 0.16025000
v 0.16424660 -0.03853536 0.16085146
v 0.16437634 -0.03855730 0.16025000
v 0.16444270 -0.03862366 0.16025000
v 0.16448532 -0.03870729 0.16025000
v 0.16450000 -0.03880000 0.16025000
v 0.16446662 -0.04225005 0.16051045
v 0.16350000 -0.04220000 0.16125000
v 0.16350000 -0.04229271 0.16123532
v 0.16350000 -0.04237634 0.16119270
v 0.16409853 -0.04246850 0.16099651
v 0.16350000 -0.04244270 0.16112634
v 0.16350000 -0.03851468 0.16104271
v 0.16350000 -0.03855730 0.16112634
v 0.16350000 -0.03862366 0.16119270
v 0.16350000 -0.03870729 0.16123532
v 0.16374786 -0.03875843 0.16122286
v 0.13517703 -0.03880000 0.16125000
v 0.13517703 -0.03851468 0.16104271
v 0.13517706 -0.03850000 0.16095000
v 0.14275000 -0.03850000 0.16095000
v 0.13517703 -0.03855730 0.16112634
v 0.13517703 -0.03862366 0.16119270
v 0.13517703 -0.03870729 0.16123532
v 0.13424855 -0.03880000 0.16062138
v 0.13445531 -0.03851225 0.16053870
v 0.13448009 -0.03855137 0.16077160
v 0.13444102 -0.03851468 0.16054440
v 0.13478005 -0.03858320 0.16112197
v 0.13442061 -0.03861351 0.16080436
v 0.13436337 -0.03855730 0.16057547
v 0.13430176 -0.03862366 0.16060011
v 0.13438583 -0.03871019 0.16084789
v 0.13425993 -0.03872268 0.16061684
v 0.13426219 -0.03870729 0.16061594
v 0.12257153 -0.03880000 0.13142880
v 0.12277798 -0.03851022 0.13134622
v 0.12613311 -0.03850000 0.13952499
v 0.12832310 -0.03850000 0.14500000
v 0.13465006 -0.03850132 0.16080792
v 0.12271079 -0.03854019 0.13137309
v 0.12265311 -0.03858787 0.13139618
v 0.12260884 -0.03865000 0.13141388
v 0.12258102 -0.03872235 0.13142502
v 0.12251367 -0.03875367 0.13121561
v 0.12280955 -0.03850000 0.13120819
v 0.12271415 -0.03851517 0.13123225
v 0.12272235 -0.03851022 0.13105742
v 0.12265000 -0.03854019 0.13105742
v 0.12260201 -0.03858452 0.13120360
v 0.12258787 -0.03858787 0.13105742
v 0.12255925 -0.03862516 0.13105742
v 0.12254019 -0.03865000 0.13105742
v 0.12254694 -0.03865563 0.13120123
v 0.12251022 -0.03872235 0.13105742
v 0.12250000 -0.03880000 0.10505000
v 0.12270730 -0.03851468 0.10505000
v 0.12280000 -0.03850000 0.10505000
v 0.12262366 -0.03855730 0.10505000
v 0.12255730 -0.03862366 0.10505000
v 0.12251469 -0.03870729 0.10505000
v 0.12350000 -0.03870729 0.10406468
v 0.12350000 -0.03862366 0.10410729
v 0.12350000 -0.03855730 0.10417367
v 0.12241834 -0.03892215 0.10462183
v 0.12350000 -0.03851468 0.10425729
v 0.12293077 -0.03853242 0.10432360
v 0.13150000 -0.03880000 0.10405000
v 0.13150000 -0.03851468 0.10425729
v 0.12500000 -0.03850000 0.10435000
v 0.13215165 -0.03854466 0.10432075
v 0.13150000 -0.03855730 0.10417367
v 0.13150000 -0.03862366 0.10410729
v 0.13150000 -0.03870729 0.10406468
v 0.13248091 -0.03879898 0.10483382
v 0.13248532 -0.03870729 0.10505000
v 0.13244270 -0.03862366 0.10505000
v 0.13237634 -0.03855730 0.10505000
v 0.13229271 -0.03851468 0.10505000
v 0.13220000 -0.03850000 0.10505000
v 0.13250000 -0.03880000 0.11605000
v 0.13222267 -0.03850002 0.11630468
v 0.13229271 -0.03851468 0.11605000
v 0.13237634 -0.03855730 0.11605000
v 0.13244270 -0.03862366 0.11605000
v 0.13248532 -0.03870729 0.11605000
v 0.13350000 -0.03870729 0.11706468
v 0.13302975 -0.03871634 0.11697525
v 0.13350000 -0.03862366 0.11710729
v 0.13350000 -0.03855730 0.11717367
v 0.13350000 -0.03851468 0.11725729
v 0.13335047 -0.03850229 0.11731128
v 0.13264758 -0.03855094 0.11685787
v 0.14275000 -0.03850000 0.11735000
v 0.14719609 -0.04227732 0.12361749
v 0.14719810 -0.04229271 0.12361886
v 0.14635788 -0.04220000 0.12205000
v 0.14722165 -0.04234851 0.12363480
v 0.14733342 -0.04231292 0.12333059
v 0.14723340 -0.04237634 0.12364275
v 0.14635788 -0.04229271 0.12203532
v 0.14741863 -0.04244660 0.12344581
v 0.14728835 -0.04244270 0.12367996
v 0.14635788 -0.04237634 0.12199271
v 0.14749252 -0.04248595 0.12347998
v 0.14735760 -0.04248532 0.12372684
v 0.14727501 -0.04240654 0.12237309
v 0.14635788 -0.04244270 0.12192634
v 0.14635788 -0.04248532 0.12184270
v 0.14718594 -0.04220000 0.12361063
v 0.12850000 -0.04248532 0.12184270
v 0.12850000 -0.04244270 0.12192634
v 0.12850000 -0.04237634 0.12199271
v 0.12850000 -0.04229271 0.12203532
v 0.12773379 -0.04178120 0.12235986
v 0.12744270 -0.04237634 0.12305000
v 0.12737634 -0.04244270 0.12305000
v 0.12729270 -0.04248532 0.12305000
v 0.14657452 -0.03878026 0.12206802
v 0.12850000 -0.03880000 0.12205000
v 0.12727765 -0.04248978 0.13009451
v 0.12735997 -0.04246013 0.13025974
v 0.12735000 -0.04245981 0.13009451
v 0.12741213 -0.04241213 0.13009451
v 0.12744081 -0.04239468 0.13028266
v 0.12850000 -0.03851468 0.12184270
v 0.12720000 -0.03850000 0.12305000
v 0.12850000 -0.03855730 0.12192634
v 0.12729270 -0.03851468 0.12305000
v 0.12850000 -0.03862366 0.12199271
v 0.12737634 -0.03855730 0.12305000
v 0.12850000 -0.03870729 0.12203532
v 0.12744270 -0.03862366 0.12305000
v 0.12722103 -0.03850002 0.13034815
v 0.12727765 -0.03851022 0.13009451
v 0.12733894 -0.03852565 0.13028710
v 0.12735000 -0.03854019 0.13009451
v 0.12741213 -0.03858787 0.13009451
v 0.12737483 -0.03855925 0.13009451
v 0.12742117 -0.03858612 0.13025791
v 0.12761020 -0.03858964 0.12234315
v 0.12827868 -0.03850002 0.12175566
v 0.13900000 -0.03850000 0.12175000
v 0.14635788 -0.03851468 0.12184270
v 0.14635788 -0.03850000 0.12175000
v 0.14635788 -0.03855730 0.12192634
v 0.14635788 -0.03862366 0.12199271
v 0.14635788 -0.03870729 0.12203532
v 0.14735760 -0.03851468 0.12372684
v 0.14757660 -0.03850004 0.12351196
v 0.14759642 -0.03850351 0.12300323
v 0.14711200 -0.03850000 0.12199108
v 0.14728835 -0.03855730 0.12367996
v 0.14723340 -0.03862366 0.12364275
v 0.14719810 -0.03870729 0.12361886
v 0.14673963 -0.03854886 0.12201943
v 0.14718594 -0.03880000 0.12361063
v 0.14743144 -0.03859764 0.12267343
v 0.12748752 -0.04240952 0.13049950
v 0.12745670 -0.04244270 0.13051183
v 0.12729501 -0.04248896 0.13030996
v 0.12736478 -0.04248775 0.13054860
v 0.12737905 -0.03851468 0.13054288
v 0.12736478 -0.03851225 0.13054860
v 0.12748752 -0.03859048 0.13049950
v 0.12794874 -0.04018511 0.13030580
v 0.12994125 -0.04248532 0.13694838
v 0.13001891 -0.04244270 0.13691731
v 0.13008052 -0.04237634 0.13689267
v 0.12994125 -0.03851468 0.13694838
v 0.12985518 -0.03850000 0.13698280
v 0.13001891 -0.03855730 0.13691731
v 0.13053019 -0.04217511 0.13725699
v 0.13106219 -0.04220000 0.13750000
v 0.13106219 -0.04229271 0.13751468
v 0.13106219 -0.04237634 0.13755730
v 0.13106219 -0.04244270 0.13762366
v 0.13106219 -0.04248532 0.13770729
v 0.13106219 -0.03851468 0.13770729
v 0.13106219 -0.03855730 0.13762366
v 0.13106219 -0.03862366 0.13755730
v 0.13037157 -0.03857140 0.13734634
v 0.13106219 -0.03870729 0.13751468
v 0.13080982 -0.03872491 0.13747826
v 0.13800000 -0.03850000 0.13952499
v 0.13537500 -0.03850000 0.13780000
v 0.13350000 -0.03850000 0.13780000
v 0.14275000 -0.03850000 0.13069778
v 0.13832827 -0.03850000 0.13722883
v 0.13700000 -0.03850000 0.13780000
v 0.13725179 -0.03851468 0.13770729
v 0.13767857 -0.03850616 0.13766833
v 0.13725179 -0.03855730 0.13762366
v 0.13825151 -0.03851468 0.13717685
v 0.13725179 -0.03862366 0.13755730
v 0.13777890 -0.03857148 0.13746364
v 0.13818225 -0.03855730 0.13712996
v 0.13725179 -0.03870729 0.13751468
v 0.13812730 -0.03862366 0.13709274
v 0.13725179 -0.03880000 0.13750000
v 0.13809201 -0.03870729 0.13706886
v 0.13787326 -0.03872277 0.13730703
v 0.13725179 -0.04227765 0.13751022
v 0.13757289 -0.04225901 0.13746537
v 0.13807985 -0.04220000 0.13706062
v 0.13725179 -0.04235000 0.13754019
v 0.13744866 -0.04232081 0.13750737
v 0.13808832 -0.04227765 0.13706636
v 0.13758997 -0.04240409 0.13754030
v 0.13725179 -0.04241213 0.13758788
v 0.13811314 -0.04235000 0.13708316
v 0.13746707 -0.04246238 0.13763621
v 0.13725179 -0.04245981 0.13764999
v 0.13815262 -0.04241213 0.13710989
v 0.13760082 -0.04249546 0.13769859
v 0.13796757 -0.04240750 0.13726497
v 0.13820407 -0.04245981 0.13714473
v 0.13826398 -0.04248978 0.13718529
v -0.04495096 -0.10200000 0.09225000
v 0.11159552 -0.10047128 0.15835934
v -0.05276627 -0.10159390 0.13123486
v 0.07000000 -0.10200000 0.09225000
v 0.11000000 -0.10117557 0.16186803
v 0.11000000 -0.10058778 0.16105902
v 0.11000000 -0.10030901 0.16120105
v 0.11000000 -0.10161803 0.16142557
v 0.11000000 -0.10080901 0.16083778
v 0.11000000 -0.10061803 0.16215211
v -0.06046795 -0.10139831 0.09919386
v -0.03291795 -0.10100000 0.09225000
v -0.11004928 -0.10154302 0.15719687
v -0.11000000 -0.10190211 0.16086803
v -0.11000000 -0.10161803 0.16142557
v -0.11000000 -0.10117557 0.16186803
v -0.11000000 -0.10025226 0.16172330
v -0.05544357 -0.08779724 0.16187415
v -0.11000000 -0.10058778 0.16105902
v -0.11000000 -0.10080901 0.16083778
v -0.11000000 -0.10095106 0.16055902
v 0.09562112 -0.09210151 0.16180414
v 0.20087612 -0.06198400 0.16174180
v 0.19702136 -0.07263048 0.16225000
v 0.19330793 -0.07995214 0.16175000
v 0.19705453 -0.07255858 0.16225000
v 0.19702136 -0.07263048 0.16125000
v 0.19705453 -0.07255858 0.16125000
v 0.17941957 -0.09361259 0.16179386
v 0.12025807 0.06954619 0.16125930
v 0.07070126 -0.09757810 0.09017277
v 0.11000000 0.10117557 0.16186803
v 0.11000000 0.10058778 0.16105902
v 0.11000000 0.10080901 0.16083778
v 0.11000000 0.10061803 0.16215211
v 0.11000000 0.10030901 0.16120105
v 0.11000000 0.10190211 0.16086803
v 0.11000000 0.10095106 0.16055902
v 0.11000000 0.10161803 0.16142557
v 0.03800000 0.10203456 0.15276186
v -0.11000000 0.10198857 0.16055820
v -0.11000000 0.10161803 0.16142557
v -0.11000000 0.10117557 0.16186803
v -0.11000000 0.10061803 0.16215211
v 0.11000225 0.10005002 0.16173325
v 0.04450000 0.10000000 0.16225000
v 0.06010000 0.10000000 0.16225000
v -0.00450000 0.10000000 0.16225000
v -0.11000000 0.10030901 0.16120105
v -0.03922765 0.10000000 0.16125000
v 0.04450000 0.10000000 0.16125000
v -0.00450000 0.10000000 0.16125000
v -0.11000000 0.10058778 0.16105902
v -0.11000000 0.10080901 0.16083778
v -0.11000000 0.10095106 0.16055902
v 0.03391795 0.10100000 0.16025000
v 0.11195587 0.09103769 0.15635206
v 0.11075089 0.10171352 0.15678792
v 0.11025030 0.10090451 0.15709598
v 0.11039477 0.10192658 0.15700706
v 0.11007909 0.10099017 0.15720133
v 0.07050067 0.10130894 0.09194189
v 0.07039477 0.10192658 0.09200706
v 0.08985622 0.10212559 0.15385967
v 0.07013159 0.10097552 0.09216902
v 0.05148691 0.10153260 0.10051139
v 0.07211048 0.08804850 0.09153485
v -0.07000000 0.10200000 0.09225000
v 0.03391795 0.10100000 0.09225000
v -0.07000000 0.10100000 0.09225000
v -0.20608791 -0.04621098 0.16155892
v -0.20671353 -0.04621098 0.16163168
v -0.20590451 -0.04621098 0.16104390
v -0.20645098 0.04621098 0.16105922
v -0.20671353 0.04621098 0.16163168
v -0.19587271 0.03223594 0.16205025
v -0.20590451 0.04621098 0.16104390
v -0.20712816 -0.04684885 0.15157015
v -0.20692606 0.02422257 0.12071465
v -0.07039477 0.10192658 0.09200706
v -0.07013159 0.10097552 0.09216902
v -0.11187049 0.09874600 0.15779461
v -0.09314320 0.10100000 0.12985770
v -0.08041302 0.10100000 0.10917117
v -0.08933018 0.10100000 0.12366154
v -0.07178461 0.10100000 0.09515000
v -0.07769941 0.10100000 0.10476154
v -0.07769941 0.10200000 0.10476154
v -0.08933018 0.10200000 0.12366154
v -0.08041302 0.10200000 0.10917117
v -0.09314320 0.10200000 0.12985770
v -0.07199627 0.09103804 0.09078037
v 0.03391795 0.10200000 0.10917117
v 0.04178846 0.10175000 0.09225000
v -0.07231019 0.10209139 0.09537464
v 0.03800000 0.10200000 0.10075000
v 0.03391795 0.10100000 0.09515000
v 0.03391795 0.10100000 0.10917117
v 0.08300000 0.10112158 0.15279365
v 0.04825496 0.10152753 0.13181340
v -0.18210001 0.03427000 0.16125000
v -0.18210001 0.05865000 0.16125000
v -0.16591134 -0.07757920 0.16125000
v -0.14591248 -0.07263048 0.16125000
v -0.13935001 -0.07263048 0.16125000
v -0.14591248 -0.07255858 0.16125000
v -0.13935001 -0.07255858 0.16125000
v -0.12864999 -0.07263048 0.16125000
v -0.12864999 -0.07255858 0.16125000
v -0.12895833 -0.03649669 0.16196484
v -0.10685000 -0.07263048 0.16125000
v -0.10685000 -0.07255858 0.16125000
v -0.09315000 -0.07263048 0.16125000
v -0.09315000 -0.07255858 0.16125000
v -0.10685000 -0.06010000 0.16125000
v -0.07800000 -0.07263048 0.16125000
v -0.07507800 -0.07011620 0.16125000
v -0.02650000 -0.05500000 0.16125000
v -0.02650000 -0.03000000 0.16125000
v -0.01650000 -0.03000000 0.16125000
v 0.00750000 0.08500000 0.16175000
v -0.01650000 -0.05500000 0.16125000
v 0.03615000 0.07295552 0.16125000
v 0.05650000 -0.03000000 0.16125000
v 0.03250000 0.08500000 0.16175000
v 0.08843135 -0.08584919 0.16116077
v 0.06650000 -0.05500000 0.16125000
v 0.12400000 -0.07263048 0.16125000
v -0.15052495 -0.07256096 0.16125000
v -0.15050993 -0.07255858 0.16125000
v -0.14687120 -0.06424539 0.16125000
v 0.00750000 -0.08400000 0.16125000
v 0.03250000 -0.08400000 0.16125000
v 0.02000000 -0.09415164 0.16169038
v 0.06650000 -0.03000000 0.16125000
v 0.05230000 -0.06010000 0.16125000
v 0.05650000 -0.05500000 0.16125000
v 0.03250000 0.08400000 0.16125000
v 0.00750000 0.08400000 0.16125000
v 0.00750000 0.09400000 0.16125000
v 0.03250000 0.09400000 0.16125000
v 0.13025806 -0.05930588 0.16168056
v 0.18500000 -0.06100000 0.16125000
v 0.17216565 -0.07256786 0.16125000
v 0.17300000 -0.07270000 0.16163710
v 0.17383435 -0.07256786 0.16125000
v 0.17385255 -0.07255858 0.16125000
v -0.11100000 -0.06000000 0.16125000
v -0.12800000 -0.06010000 0.16125000
v -0.11400000 -0.06000000 0.16125000
v -0.12800000 -0.03620000 0.16125000
v -0.11400000 -0.02850000 0.16125000
v -0.11100000 -0.02850000 0.16125000
v -0.12800000 -0.06010000 0.16225000
v 0.03250000 0.09400000 0.16225000
v 0.00750000 0.09400000 0.16225000
v 0.00750000 0.08400000 0.16225000
v 0.05650000 -0.03000000 0.16225000
v 0.06650000 -0.05500000 0.16225000
v 0.06650000 -0.03000000 0.16225000
v -0.02650000 -0.05500000 0.16225000
v -0.01650000 -0.05500000 0.16225000
v -0.02650000 -0.03000000 0.16225000
v 0.03250000 -0.08400000 0.16225000
v 0.00750000 -0.08400000 0.16225000
v 0.18500000 -0.05875000 0.16175000
v 0.10780952 -0.00388462 0.16176253
v -0.11200000 -0.02000000 0.16175000
v -0.11100000 -0.06000000 0.16225000
v -0.11400000 -0.02850000 0.16225000
v -0.11400000 -0.06000000 0.16225000
v -0.18210001 0.05865000 0.16225000
v -0.20031369 0.06893826 0.16180963
v -0.18210001 0.03427000 0.16225000
v -0.15052495 -0.07256096 0.16225000
v -0.14795343 -0.06917759 0.16205882
v 0.17292116 -0.06915422 0.16166053
v 0.17383435 -0.07256786 0.16225000
v 0.17385255 -0.07255858 0.16225000
v 0.17216565 -0.07256786 0.16225000
v 0.17214745 -0.07255858 0.16225000
v -0.16018345 -0.03866058 0.16089176
v 0.17116395 -0.04861056 0.16263489
v 0.12400000 -0.07263048 0.16225000
v 0.12400000 -0.07255858 0.16225000
v 0.08590675 -0.07255858 0.16225000
v 0.15000000 -0.06025000 0.16206081
v 0.07735216 -0.06906092 0.16161237
v 0.06620434 -0.06539613 0.16106938
v 0.05650000 -0.05500000 0.16225000
v 0.05650000 0.00333333 0.16177027
v 0.03250000 0.08400000 0.16225000
v -0.00450000 -0.06010000 0.16225000
v -0.01650000 -0.03000000 0.16225000
v -0.00450000 0.07784706 0.16225000
v -0.03152905 -0.06606484 0.16130449
v -0.08293333 0.00474576 0.16191614
v -0.12800000 -0.06020000 0.16225000
v -0.10685000 -0.06010000 0.16225000
v -0.14400000 -0.06020000 0.16221825
v -0.15317344 -0.07155349 0.16175000
v -0.13584175 0.03794946 0.15131231
v 0.14300385 -0.05669360 0.06938333
v 0.14779785 -0.05421342 0.07093478
v 0.13564835 -0.05192519 0.06796835
v 0.13401766 -0.04481169 0.07121429
v 0.13961832 -0.05121352 0.07250000
v 0.13928647 -0.05088168 0.07250000
v 0.14003647 -0.05142659 0.07250000
v 0.14050000 -0.05150000 0.07250000
v 0.14096353 -0.05142659 0.07250000
v 0.14138168 -0.05121352 0.07250000
v 0.14171353 -0.05088168 0.07250000
v 0.14138168 -0.04878648 0.07250000
v 0.14171353 -0.04911832 0.07250000
v 0.13928647 -0.04911832 0.07250000
v 0.13961832 -0.04878648 0.07250000
v 0.14192659 -0.04953648 0.07250000
v 0.14200000 -0.05000000 0.07250000
v 0.14096353 -0.04857341 0.07250000
v 0.14050000 -0.04850000 0.07250000
v 0.14003647 -0.04857341 0.07250000
v 0.13907341 -0.04953648 0.07250000
v 0.13900000 -0.05000000 0.07250000
v 0.13907341 -0.05046352 0.07250000
v 0.14192659 -0.05046352 0.07250000
v 0.14200000 -0.05000000 0.09250000
v 0.14192659 -0.05046352 0.09250000
v 0.14171353 -0.05088168 0.09250000
v 0.14138168 -0.05121352 0.09250000
v 0.14096353 -0.05142659 0.09250000
v 0.14050000 -0.05150000 0.09250000
v 0.14003647 -0.05142659 0.09250000
v 0.13961832 -0.05121352 0.09250000
v 0.13928647 -0.05088168 0.09250000
v 0.13907341 -0.05046352 0.09250000
v 0.13900000 -0.05000000 0.09250000
v 0.13907341 -0.04953648 0.09250000
v 0.13928647 -0.04911832 0.09250000
v 0.13961832 -0.04878648 0.09250000
v 0.14003647 -0.04857341 0.09250000
v 0.14050000 -0.04850000 0.09250000
v 0.14096353 -0.04857341 0.09250000
v 0.14138168 -0.04878648 0.09250000
v 0.14171353 -0.04911832 0.09250000
v 0.14192659 -0.04953648 0.09250000
v 0.13924735 -0.04922281 0.13996824
v 0.14374621 -0.04485469 0.06825747
v 0.14351648 -0.04979072 0.05644590
v -0.04539003 0.07289952 0.16175000
v -0.04392057 0.07289952 0.16175000
v -0.04426903 0.07307706 0.16175000
v -0.04346648 0.07150198 0.16175000
v -0.04426903 0.07069942 0.16175000
v -0.04392057 0.07087698 0.16175000
v -0.04465530 0.07313824 0.16175000
v -0.04346648 0.07227452 0.16175000
v -0.04364403 0.07262298 0.16175000
v -0.04465530 0.07063824 0.16175000
v -0.04539003 0.07087698 0.16175000
v -0.04504157 0.07069942 0.16175000
v -0.04590530 0.07188824 0.16175000
v -0.04584412 0.07150198 0.16175000
v -0.04340530 0.07188824 0.16175000
v -0.04566657 0.07262298 0.16175000
v -0.04566657 0.07115351 0.16175000
v -0.04584412 0.07227452 0.16175000
v -0.04504157 0.07307706 0.16175000
v -0.04364403 0.07115351 0.16175000
v -0.04590530 0.07188824 0.17100000
v -0.04584412 0.07150198 0.17100000
v -0.04566657 0.07115351 0.17100000
v -0.04539003 0.07087698 0.17100000
v -0.04504157 0.07069942 0.17100000
v -0.04465530 0.07063824 0.17100000
v -0.04426903 0.07069942 0.17100000
v -0.04392057 0.07087698 0.17100000
v -0.04364403 0.07115351 0.17100000
v -0.04346648 0.07150198 0.17100000
v -0.04340530 0.07188824 0.17100000
v -0.04346648 0.07227452 0.17100000
v -0.04364403 0.07262298 0.17100000
v -0.04392057 0.07289952 0.17100000
v -0.04426903 0.07307706 0.17100000
v -0.04465530 0.07313824 0.17100000
v -0.04504157 0.07307706 0.17100000
v -0.04539003 0.07289952 0.17100000
v -0.04566657 0.07262298 0.17100000
v -0.04584412 0.07227452 0.17100000
v -0.04332750 0.07421233 0.17137152
v -0.04497436 0.07343716 0.17124589
v -0.04475587 0.06935306 0.17139205
v -0.04227527 0.07100918 0.17139205
v -0.04733845 0.07267616 0.17141553
v -0.04416286 0.07176870 0.16170000
v 0.17158332 -0.07951161 0.18566399
v 0.15350000 -0.08000000 0.16225000
v 0.18200000 -0.08000000 0.16225000
v 0.14793526 -0.07971226 0.17796298
v 0.16550000 -0.07940000 0.16225000
v 0.18200000 -0.07940000 0.16225000
v 0.10488138 -0.07969741 0.17609395
v 0.17376095 -0.07960000 0.16810999
v 0.07700000 -0.07971200 0.19265855
v 0.14550000 -0.07940000 0.16225000
v 0.07700000 -0.07950534 0.19402081
v 0.07700000 -0.07915267 0.19353542
v 0.07700000 -0.07928541 0.19340266
v 0.07700000 -0.07917082 0.19419127
v 0.07700000 -0.07898541 0.19362064
v 0.07700000 -0.07994127 0.19342082
v 0.07700000 -0.07937064 0.19323541
v 0.07700000 -0.07977082 0.19375534
v 0.07700000 -0.07880000 0.19425000
v 0.07700000 -0.07880000 0.19364999
v 0.18200000 -0.07917082 0.19419127
v 0.18200000 -0.07950534 0.19402081
v 0.18200000 -0.07915267 0.19353542
v 0.18200000 -0.07977082 0.19375534
v 0.18200000 -0.07928541 0.19340266
v 0.18200000 -0.07898541 0.19362064
v 0.18200000 -0.07994127 0.19342082
v 0.18200000 -0.07937064 0.19323541
v 0.18200000 -0.07880001 0.19394999
v 0.18189999 -0.07880000 0.19425000
v 0.18189999 -0.07880000 0.19364999
v 0.07700000 0.07880000 0.19425000
v 0.07700000 0.07880000 0.19364999
v 0.18189999 0.07880000 0.19425000
v 0.07700000 0.07917082 0.19419127
v 0.07700000 0.07950534 0.19402081
v 0.07700000 0.07915267 0.19353542
v 0.07700000 0.07977082 0.19375534
v 0.07700000 0.07928541 0.19340266
v 0.07700000 0.07898541 0.19362064
v 0.08664860 0.07991622 0.18608019
v 0.18189999 -0.01576000 0.19364999
v 0.18189999 -0.04728000 0.19364999
v 0.18189999 0.01576000 0.19364999
v 0.18189999 0.04728000 0.19364999
v 0.18189999 0.07880000 0.19364999
v 0.18205864 -0.07880000 0.19423849
v 0.18197211 -0.07880000 0.19364478
v 0.18254657 -0.07880000 0.19403992
v 0.18214695 -0.07880000 0.19391095
v 0.18294617 -0.07880000 0.19348991
v 0.18237553 -0.07880000 0.19330450
v 0.18239999 -0.07880000 0.19314999
v 0.18278992 -0.07880000 0.19379657
v 0.18230450 -0.07880000 0.19344389
v 0.18219389 -0.07880000 0.19355450
v 0.18300000 -0.07880000 0.19314999
v 0.18300000 0.07880000 0.19314999
v 0.18294617 0.07880000 0.19348991
v 0.18278992 0.07880000 0.19379657
v 0.18254657 0.07880000 0.19403992
v 0.18223991 0.07880000 0.19419617
v 0.18205864 0.07880000 0.19423849
v 0.18197211 0.07880000 0.19364478
v 0.18205450 0.04728000 0.19362553
v 0.18205450 0.07880000 0.19362553
v 0.18205450 0.01576000 0.19362553
v 0.18205450 -0.01576000 0.19362553
v 0.18205450 -0.04728000 0.19362553
v 0.18219389 0.04728000 0.19355450
v 0.18219389 0.01576000 0.19355450
v 0.18219389 -0.01576000 0.19355450
v 0.18219389 -0.04728000 0.19355450
v 0.18230450 0.04728000 0.19344389
v 0.18219389 0.07880000 0.19355450
v 0.18230450 0.01576000 0.19344389
v 0.18230450 -0.01576000 0.19344389
v 0.18230450 -0.04728000 0.19344389
v 0.18237553 0.04728000 0.19330450
v 0.18230450 0.07880000 0.19344389
v 0.18237553 0.01576000 0.19330450
v 0.18237553 -0.01576000 0.19330450
v 0.18237553 -0.04728000 0.19330450
v 0.18239999 0.04728000 0.19314999
v 0.18237553 0.07880000 0.19330450
v 0.18239999 0.01576000 0.19314999
v 0.18239999 -0.01576000 0.19314999
v 0.18239999 -0.04728000 0.19314999
v 0.18239999 0.07880000 0.19314999
v 0.18300000 -0.07880000 0.16335001
v 0.18239999 -0.07880000 0.16335001
v 0.18300000 0.07880000 0.16335001
v 0.18239999 0.07880000 0.16335001
v 0.18302448 0.07880000 0.16319550
v 0.18309549 0.07880000 0.16305611
v 0.18302448 -0.07880000 0.16319550
v 0.18320610 0.07880000 0.16294550
v 0.18309549 -0.07880000 0.16305611
v 0.18334549 0.07880000 0.16287447
v 0.18320610 -0.07880000 0.16294550
v 0.18350000 0.07880000 0.16285001
v 0.18334549 -0.07880000 0.16287447
v 0.18200000 0.07880001 0.19394999
v 0.18200000 0.07958342 0.19347043
v 0.18200000 0.07977082 0.19375534
v 0.18200000 0.07950534 0.19402081
v 0.18200000 0.07907837 0.19390589
v 0.18200000 0.07915267 0.19353542
v 0.18200000 0.07928541 0.19340266
v 0.18285344 -0.07880000 0.16246008
v 0.18316008 -0.07880000 0.16230383
v 0.18245384 -0.07880000 0.16301009
v 0.18261008 -0.07880000 0.16270343
v 0.18349957 -0.07880000 0.16255001
v 0.18350000 0.07880000 0.16225000
v 0.18316008 0.07880000 0.16230383
v 0.18285344 0.07880000 0.16246008
v 0.18261008 0.07880000 0.16270343
v 0.18245384 0.07880000 0.16301009
v 0.19285555 -0.07770408 0.16247759
v 0.19439999 -0.07280000 0.16285001
v 0.19245588 0.07789696 0.16255000
v 0.19439999 0.07280000 0.16285001
v 0.19439999 0.07280000 0.16225000
v 0.19009529 -0.04786012 0.16225000
v 0.18939999 0.04775000 0.16225000
v 0.18870471 -0.04786012 0.16225000
v 0.19177229 -0.05146027 0.16256072
v 0.18870471 -0.04786012 0.16285001
v 0.18677683 0.05085232 0.16255000
v 0.18939999 -0.04775000 0.16255000
v 0.18939999 0.04775000 0.16285001
v 0.19009529 -0.04786012 0.16285001
v 0.19208732 0.04957436 0.16255000
v 0.18681720 -0.04981205 0.16252857
v 0.12114562 0.07967019 0.17827313
v 0.02487806 -0.02257718 0.07651780
v 0.24427823 -0.06422934 0.11326380
v 0.24128216 -0.06393814 0.11698046
v 0.23891850 -0.07255429 0.11937243
v 0.22491324 -0.06726729 0.12222670
v 0.22553699 -0.06654053 0.11651746
v 0.22900000 -0.05748800 0.09658915
v 0.22892322 -0.05768871 0.09668827
v 0.22412975 -0.07020300 0.11457816
v 0.23821388 -0.06422356 0.10087896
v 0.23805981 -0.06438491 0.10094944
v 0.23835736 -0.06404131 0.10085770
v 0.22900000 -0.05747168 0.09658405
v 0.22900000 -0.05718452 0.09649429
v 0.23848480 -0.06384859 0.10088720
v 0.23838217 -0.06400378 0.10086344
v 0.22900000 -0.05689842 0.09646436
v 0.22844061 -0.08953687 0.11695528
v 0.22403435 -0.09083013 0.11894008
v 0.23827800 -0.06442878 0.10101151
v 0.23843521 -0.06429776 0.10097018
v 0.23847356 -0.06444473 0.10110401
v 0.23847459 -0.06412827 0.10092650
v 0.23857617 -0.06405733 0.10096190
v 0.23863805 -0.06425314 0.10108307
v 0.23858612 -0.06429089 0.10106559
v 0.23857542 -0.06405498 0.10096044
v 0.23866714 -0.06442776 0.10124706
v 0.23848332 -0.06444387 0.10111124
v 0.23863823 -0.06425418 0.10108404
v 0.23825601 -0.06442699 0.10100111
v 0.22403436 -0.08930901 0.12620106
v 0.22403436 -0.08980901 0.12583778
v 0.22403436 -0.08958778 0.12605901
v 0.23427420 -0.08969893 0.12586133
v 0.23373164 -0.08970311 0.12594369
v 0.23374786 -0.08959977 0.12605062
v 0.23373164 -0.08932705 0.12619187
v 0.23365916 -0.08922126 0.12623202
v 0.22856520 -0.08998169 0.11764198
v 0.22865723 -0.08958176 0.11701496
v 0.22866385 -0.08958223 0.11701822
v 0.22886247 -0.08959611 0.11711580
v 0.22904558 -0.08957916 0.11725250
v 0.22886519 -0.08959586 0.11711782
v 0.24545618 -0.05989549 0.10417662
v 0.24536766 -0.05968745 0.10409673
v 0.24551558 -0.06008945 0.10430069
v 0.24547543 -0.05994075 0.10419401
v 0.24553799 -0.06017246 0.10436024
v 0.24554999 -0.06026661 0.10445658
v 0.22862967 -0.08972651 0.11713831
v 0.22850609 -0.08990734 0.11734277
v 0.22880414 -0.08972651 0.11721582
v 0.22892508 -0.08975159 0.11736134
v 0.22879967 -0.08987515 0.11747462
v 0.22895055 -0.08972651 0.11733834
v 0.22878015 -0.08988563 0.11749226
v 0.22862602 -0.08996828 0.11763147
v 0.22861562 -0.08997007 0.11764088
v 0.23431462 -0.08998832 0.12453279
v 0.23466563 -0.08935729 0.12525000
v 0.23404152 -0.08994983 0.12360689
v 0.23390369 -0.08997275 0.12350105
v 0.23407190 -0.08988831 0.12334911
v 0.23407016 -0.08988989 0.12335069
v 0.23421797 -0.08975510 0.12321718
v 0.23421725 -0.08975615 0.12321782
v 0.23433659 -0.08957916 0.12311002
v 0.24587903 -0.06004475 0.10500303
v 0.23460725 -0.08944872 0.12347771
v 0.24581296 -0.06014399 0.10480737
v 0.23449371 -0.08952907 0.12328320
v 0.24579409 -0.06011001 0.10468729
v 0.24578804 -0.06016079 0.10476597
v 0.23459775 -0.08945544 0.12346142
v 0.24570132 -0.06021926 0.10462197
v 0.23448714 -0.08953117 0.12327595
v 0.24567108 -0.06022873 0.10458891
v 0.23416713 -0.08987410 0.12344132
v 0.23449067 -0.08962441 0.12343746
v 0.23426718 -0.08974802 0.12326447
v 0.23419354 -0.08917670 0.12611915
v 0.23401811 -0.08910959 0.12619540
v 0.23438895 -0.08925145 0.12596043
v 0.23427586 -0.08920819 0.12605229
v 0.23453903 -0.08930886 0.12575272
v 0.23448119 -0.08928674 0.12583276
v 0.23461526 -0.08933803 0.12555695
v 0.23463342 -0.08934498 0.12551034
v 0.23396628 -0.08908976 0.12621793
v 0.24532298 -0.05956436 0.12620106
v 0.24528502 -0.05954983 0.12620750
v 0.24503436 -0.05945395 0.12625000
v 0.24558336 -0.05966396 0.12605901
v 0.24552646 -0.05964219 0.12609006
v 0.24578998 -0.05974300 0.12583778
v 0.24573447 -0.05972177 0.12589722
v 0.24564558 -0.05968776 0.12599239
v 0.24589700 -0.05978394 0.12561290
v 0.24590121 -0.05967496 0.12572884
v 0.24596835 -0.05981124 0.12525000
v 0.24595027 -0.05980432 0.12537225
v 0.24592986 -0.05979651 0.12551025
v 0.24563087 -0.05995595 0.10430925
v 0.24596835 -0.05981124 0.10504469
v 0.24545699 -0.05945395 0.10413837
v 0.24585127 -0.05980207 0.10452511
v 0.24601044 -0.05963465 0.12525000
v 0.24601773 -0.05963562 0.10504469
v 0.24601784 -0.05963437 0.10504469
v 0.24603436 -0.05945395 0.12525000
v 0.24603436 -0.05945395 0.10504469
v 0.24599988 -0.05971428 0.12525000
v 0.24588770 -0.05945395 0.10452332
v 0.24599100 -0.05945395 0.10476631
v 0.24598804 -0.05960672 0.10478554
v 0.24587578 -0.05945395 0.10450903
v 0.24569408 -0.05951595 0.10429553
v 0.24570074 -0.05945395 0.10429906
v 0.24569298 -0.05945395 0.10429395
v 0.24600192 -0.05945395 0.10479201
v 0.24603436 0.05945395 0.10504469
v 0.24599417 0.05945395 0.10476489
v 0.24599394 0.05945395 0.10476322
v 0.24587732 0.05945395 0.10450758
v 0.24587593 0.05945395 0.10450452
v 0.24569318 0.05945395 0.10429331
v 0.24568987 0.05945395 0.10428949
v 0.24589882 -0.05945395 0.12575272
v 0.24583690 -0.05945395 0.12583276
v 0.24598045 -0.05945395 0.12555695
v 0.24599988 -0.05945395 0.12551034
v 0.24597489 -0.05969979 0.12551300
v 0.24534108 -0.05945395 0.12619540
v 0.24528558 -0.05945395 0.12621793
v 0.24552892 -0.05945395 0.12611915
v 0.24561705 -0.05945395 0.12605229
v 0.24573813 -0.05945395 0.12596043
v 0.24598543 -0.04547893 0.12555901
v 0.24603436 -0.04547893 0.12525000
v 0.24600061 -0.04547893 0.12546307
v 0.24586746 -0.04547893 0.12579053
v 0.24594539 -0.04547893 0.12563758
v 0.24562215 -0.04547893 0.12605901
v 0.24575516 -0.04547893 0.12592601
v 0.24561398 -0.04547893 0.12606318
v 0.24534338 -0.04547893 0.12620106
v 0.24503436 -0.04547893 0.12625000
v 0.24555324 -0.04531649 0.12611296
v 0.24597623 -0.04520745 0.12548996
v 0.24599489 -0.04527104 0.12539796
v 0.24601285 -0.04531085 0.12536962
v 0.24585566 -0.04524906 0.12581940
v 0.24591357 -0.04509077 0.12552626
v 0.24589664 -0.04507227 0.12553943
v 0.24317919 -0.04193712 0.12584626
v 0.24589960 -0.03951805 0.11773925
v 0.24593135 -0.03958047 0.11769483
v 0.24581509 -0.03942846 0.11780302
v 0.24600603 -0.03975006 0.11757413
v 0.24603436 -0.03992652 0.11744854
v 0.24600631 -0.03946040 0.11733078
v 0.24581806 -0.03909710 0.11754251
v 0.24581836 -0.03928693 0.11765943
v 0.24575836 -0.03906984 0.11760622
v 0.24576190 -0.03913933 0.11764012
v 0.24603436 -0.03979750 0.11731467
v 0.24603438 -0.03962882 0.11713963
v 0.24600710 -0.03905537 0.11710463
v 0.24603435 -0.03926922 0.11694340
v 0.24600323 -0.03904814 0.11713455
v 0.24589212 -0.03898557 0.11739356
v 0.24592963 -0.03900669 0.11730611
v 0.24581580 -0.03896262 0.11748863
v 0.24603435 -0.03910636 0.11689389
v 0.24287825 -0.04173401 0.12580634
v 0.24312054 -0.04181395 0.12574944
v 0.24262015 -0.04170097 0.12582985
v 0.24290095 -0.04204412 0.12613609
v 0.24282645 -0.04171850 0.12581738
v 0.24309802 -0.03784129 0.12019711
v 0.24308600 -0.03779402 0.12014590
v 0.24312068 -0.03784775 0.12017697
v 0.24284689 -0.03780486 0.12031066
v 0.24262015 -0.03779493 0.12034162
v 0.24330455 -0.03771347 0.11983714
v 0.24330733 -0.03768690 0.11982231
v 0.24327438 -0.03755408 0.11978462
v 0.24385274 -0.03805645 0.11952002
v 0.24574147 -0.02230416 0.11356267
v 0.24581573 -0.02232651 0.11347016
v 0.24589212 -0.02234949 0.11337502
v 0.24592961 -0.02237060 0.11328762
v 0.24600323 -0.02241205 0.11311600
v 0.24603435 -0.02247019 0.11287532
v 0.24600710 -0.02241927 0.11308611
v 0.24332726 -0.02201671 0.11597688
v 0.24292863 -0.03746998 0.11998709
v 0.24274354 -0.03764127 0.12014031
v 0.24262015 -0.03763494 0.12016562
v 0.24262015 -0.03742015 0.12002576
v 0.24262015 -0.03776023 0.12030346
v 0.24313811 -0.03736135 0.11982816
v 0.24313103 -0.03735629 0.11983236
v 0.24308421 -0.03746599 0.11990330
v 0.24286780 -0.03724511 0.11992448
v 0.24286906 -0.03724526 0.11992436
v 0.24275816 -0.03723178 0.11993553
v 0.24262015 -0.03721500 0.11994943
v 0.24600323 -0.02213810 0.11308339
v 0.24600710 -0.02213810 0.11305260
v 0.24595956 -0.02228858 0.11328281
v 0.24589212 -0.02213810 0.11334985
v 0.24592963 -0.02213810 0.11325992
v 0.24581575 -0.02213811 0.11344772
v 0.24574147 -0.02213813 0.11354290
v 0.24574280 -0.02223544 0.11355048
v 0.24603435 -0.02213812 0.11283579
v 0.22900000 -0.03763494 0.12016562
v 0.22900000 -0.03743792 0.12003238
v 0.22900000 -0.03735517 0.11999444
v 0.22900000 -0.03779493 0.12034162
v 0.22900000 -0.03735517 0.09646436
v 0.24282304 -0.02201564 0.11625654
v 0.24286584 -0.02201568 0.11624052
v 0.24313083 -0.02201603 0.11612701
v 0.24309401 -0.02201590 0.11615517
v 0.24295332 -0.02201576 0.11620780
v 0.24315138 -0.02201610 0.11611131
v 0.24332726 -0.02196825 0.11597111
v 0.24332726 -0.02185068 0.11595711
v 0.24574147 0.02213813 0.11354290
v 0.24581573 0.02213813 0.11344773
v 0.24589212 0.02213813 0.11334985
v 0.24592961 0.02213813 0.11325994
v 0.24600323 0.02213813 0.11308339
v 0.24600710 0.02213813 0.11305264
v 0.24603435 0.02213813 0.11283578
v 0.23952902 -0.04434344 0.12636219
v 0.23223733 -0.04800390 0.12615363
v 0.22945940 -0.04208931 0.12600525
v 0.23265450 -0.04570042 0.12628276
v 0.23422312 -0.04682164 0.12629871
v 0.23242147 -0.04449381 0.12643946
v 0.23254657 -0.04510492 0.12641748
v 0.23497926 -0.04688808 0.12632660
v 0.23626609 -0.04668420 0.12634490
v 0.23589497 -0.04661148 0.12653514
v 0.23572357 -0.04664852 0.12652390
v 0.23551556 -0.04669347 0.12651025
v 0.23464229 -0.04670863 0.12646365
v 0.23441612 -0.04666621 0.12645393
v 0.23370558 -0.04643896 0.12642759
v 0.23365863 -0.04641884 0.12642608
v 0.23327112 -0.04638399 0.12628799
v 0.23255115 -0.04506000 0.12643499
v 0.23258398 -0.04514968 0.12643224
v 0.23251782 -0.04489642 0.12644154
v 0.23244054 -0.04431729 0.12646710
v 0.23244379 -0.04405872 0.12648071
v 0.23229110 -0.04393568 0.12637073
v 0.23264726 -0.04296667 0.12654740
v 0.23289489 -0.04196682 0.12617730
v 0.23277050 -0.04220235 0.12631108
v 0.23299593 -0.04205429 0.12643465
v 0.23302002 -0.04199633 0.12640955
v 0.23317616 -0.04165595 0.12613098
v 0.23334093 -0.04133167 0.12541683
v 0.23990329 -0.04173391 0.12610871
v 0.23441695 -0.04077408 0.12482853
v 0.23382587 -0.04102491 0.12515523
v 0.23422161 -0.04084553 0.12488486
v 0.23388260 -0.04099426 0.12519607
v 0.23365297 -0.04114569 0.12540411
v 0.23429305 -0.04079922 0.12494009
v 0.23467513 -0.04068405 0.12480459
v 0.23502893 -0.04059226 0.12470174
v 0.24015484 -0.04217817 0.12642358
v 0.24014879 -0.04175361 0.12680625
v 0.24017377 -0.04180011 0.12684084
v 0.24009898 -0.04166094 0.12673730
v 0.24018156 -0.04183633 0.12685629
v 0.23667553 -0.04672119 0.12626482
v 0.23821882 -0.04545845 0.12659626
v 0.23738004 -0.04612062 0.12643226
v 0.23878684 -0.04492339 0.12659811
v 0.23992000 -0.04311928 0.12678558
v 0.24008231 -0.04271518 0.12695671
v 0.24003247 -0.04286190 0.12694683
v 0.23959013 -0.04382210 0.12687594
v 0.23952206 -0.04395113 0.12686595
v 0.23882303 -0.04484196 0.12678156
v 0.23819858 -0.04543553 0.12671760
v 0.23784891 -0.04569720 0.12668639
v 0.23773253 -0.04578429 0.12667600
v 0.23675433 -0.04634012 0.12659663
v 0.23901335 -0.04103291 0.12562782
v 0.23843251 -0.04081596 0.12529057
v 0.23710379 -0.04054356 0.12476051
v 0.23759231 -0.04064246 0.12444887
v 0.23626013 -0.04049919 0.12454457
v 0.23479378 -0.04068370 0.12446298
v 0.23542430 -0.04053767 0.12466157
v 0.23648782 -0.04048082 0.12468755
v 0.23640842 -0.04047601 0.12467184
v 0.23633307 -0.04047850 0.12466774
v 0.23679199 -0.04049926 0.12474774
v 0.23758731 -0.04058770 0.12496907
v 0.23808511 -0.04068208 0.12516888
v 0.23863643 -0.04082896 0.12545547
v 0.23953096 -0.04121033 0.12613398
v 0.23947232 -0.04117791 0.12607812
v 0.25229871 -0.02788327 0.14648746
v 0.25280382 -0.02857516 0.14658525
v 0.25283121 -0.02861269 0.14659056
v 0.25161960 -0.02728336 0.14655928
v 0.25179338 -0.02743688 0.14654091
v 0.25113091 -0.02701625 0.14671225
v 0.25085048 -0.02686296 0.14680003
v 0.25005545 -0.02665711 0.14718965
v 0.25042497 -0.02675279 0.14700856
v 0.24975311 -0.02663932 0.14737503
v 0.25132629 -0.03223566 0.14979752
v 0.25195824 -0.03211488 0.14931281
v 0.25233743 -0.03199032 0.14898990
v 0.25166605 -0.03221085 0.14956161
v 0.25251085 -0.03184623 0.14878860
v 0.25285896 -0.03155700 0.14838452
v 0.25292166 -0.03144048 0.14827211
v 0.25318719 -0.03094700 0.14779596
v 0.25319673 -0.03088175 0.14774960
v 0.25329477 -0.03021117 0.14727325
v 0.25318469 -0.02948932 0.14690050
v 0.25317271 -0.02941083 0.14685997
v 0.25311606 -0.02927840 0.14681526
v 0.24778450 -0.02861268 0.14986792
v 0.24788814 -0.02799512 0.14942056
v 0.24790691 -0.02788326 0.14933952
v 0.24789171 -0.02941082 0.15028949
v 0.24796739 -0.02959552 0.15035402
v 0.24821962 -0.03021116 0.15056909
v 0.24828011 -0.03029654 0.15058235
v 0.24874089 -0.03094700 0.15068343
v 0.24928391 -0.03144051 0.15063451
v 0.24941208 -0.03155700 0.15062296
v 0.24994803 -0.03186052 0.15046170
v 0.25017723 -0.03199032 0.15039273
v 0.25065477 -0.03212273 0.15016411
v 0.25097260 -0.03221085 0.15001195
v 0.24946080 -0.02665711 0.14757581
v 0.24912088 -0.02676012 0.14785995
v 0.24878151 -0.02686296 0.14814363
v 0.24824873 -0.02728335 0.14874834
v 0.24856967 -0.02703012 0.14838408
v 0.24816124 -0.02743691 0.14889966
v 0.25030507 -0.02423939 0.14897859
v 0.24957054 -0.02449922 0.14992087
v 0.24880708 -0.02611362 0.14960898
v 0.24929170 -0.02435189 0.15067670
v 0.24921923 -0.02431337 0.15147490
v 0.24959971 -0.02692861 0.15294272
v 0.24913587 -0.02973018 0.15190110
v 0.25012934 -0.02453014 0.15362750
v 0.25228723 -0.02858885 0.15370618
v 0.25218239 -0.02492309 0.15452725
v 0.25335533 -0.02482393 0.15435937
v 0.25394214 -0.02554512 0.15402089
v 0.25349831 -0.02390996 0.15434998
v 0.25408838 -0.02391000 0.15405074
v 0.25285129 -0.02390992 0.15451994
v 0.25270197 -0.02390992 0.15452701
v 0.25216989 -0.02390989 0.15455214
v 0.25258542 -0.02390991 0.15453252
v 0.25172156 -0.02390988 0.15447461
v 0.25177966 -0.02390988 0.15448465
v 0.25080537 -0.02390987 0.15412790
v 0.25122273 -0.02523127 0.15430839
v 0.25088765 -0.02390987 0.15418410
v 0.24986003 -0.02390988 0.15330811
v 0.25033005 -0.02390987 0.15380319
v 0.25039709 -0.02390987 0.15384898
v 0.24971493 -0.02391002 0.15306513
v 0.24945337 -0.02399470 0.15260904
v 0.24951469 -0.02390990 0.15272981
v 0.24930360 -0.02390992 0.15209993
v 0.24926178 -0.02390994 0.15173698
v 0.24937347 -0.02390991 0.15230841
v 0.24922578 -0.02390995 0.15142461
v 0.24929230 -0.02390997 0.15075534
v 0.24929233 -0.02390997 0.15075513
v 0.24931076 -0.02390998 0.15069930
v 0.24950174 -0.02390999 0.15012108
v 0.24966333 -0.02391000 0.14984554
v 0.24984021 -0.02391001 0.14954391
v 0.25030025 -0.02391001 0.14904019
v 0.25005649 -0.02391001 0.14930710
v 0.25027003 -0.02391001 0.14907329
v 0.25065788 -0.02391000 0.14876823
v 0.25126158 -0.02507943 0.14831166
v 0.25214331 -0.02419467 0.14826654
v 0.25374500 -0.02476389 0.14834021
v 0.25333719 -0.02440445 0.14837358
v 0.25320281 -0.02845341 0.14705391
v 0.25300741 -0.02654386 0.14748806
v 0.25369681 -0.02953575 0.14774814
v 0.25399034 -0.02989685 0.14826197
v 0.25541283 -0.02485905 0.15207800
v 0.25490037 -0.02789613 0.14893707
v 0.25413954 -0.03035109 0.14968996
v 0.25510337 -0.02592461 0.15273389
v 0.25217004 -0.03045542 0.15277173
v 0.25467226 -0.02494560 0.15347655
v 0.25109891 -0.02391001 0.14854567
v 0.25124867 -0.02391001 0.14847009
v 0.25189569 -0.02391000 0.14830013
v 0.25204509 -0.02391000 0.14829306
v 0.25136084 -0.02391001 0.14844063
v 0.25257707 -0.02390999 0.14826793
v 0.25324535 -0.02390997 0.14838350
v 0.25296730 -0.02390998 0.14833542
v 0.25302554 -0.02390997 0.14834549
v 0.25394174 -0.02390994 0.14869228
v 0.25385933 -0.02390994 0.14863597
v 0.25441692 -0.02390991 0.14901688
v 0.25434987 -0.02390992 0.14897107
v 0.25523227 -0.02390988 0.15009026
v 0.25536233 -0.02472049 0.15046849
v 0.25544336 -0.02390987 0.15072014
v 0.25537349 -0.02390987 0.15051164
v 0.25550669 -0.02460254 0.15131985
v 0.25545464 -0.02390988 0.15206494
v 0.25545457 -0.02390988 0.15206516
v 0.25543620 -0.02390988 0.15212076
v 0.25524522 -0.02390990 0.15269899
v 0.25508359 -0.02390992 0.15297461
v 0.25490677 -0.02390993 0.15327615
v 0.25444672 -0.02390997 0.15377988
v 0.25447690 -0.02390997 0.15374683
v 0.25469048 -0.02390995 0.15351297
v 0.25006831 0.02391000 0.14931529
v 0.24964679 0.02391000 0.14983583
v 0.24931465 0.02391000 0.15070110
v 0.24959465 0.02391000 0.14997166
v 0.24929376 0.02391000 0.15075549
v 0.24924222 0.02391000 0.15173923
v 0.24925417 0.02391000 0.15151123
v 0.24939354 0.02391000 0.15230402
v 0.24949718 0.02391000 0.15269075
v 0.25003369 0.02391000 0.15351692
v 0.24986427 0.02391000 0.15325606
v 0.24973241 0.02391000 0.15305299
v 0.25041605 0.02391000 0.15382655
v 0.25079926 0.02391000 0.15413686
v 0.25171892 0.02391000 0.15448988
v 0.25270265 0.02391000 0.15454144
v 0.25258699 0.02391000 0.15453539
v 0.25177702 0.02391000 0.15449294
v 0.25365417 0.02391000 0.15428648
v 0.25338080 0.02391000 0.15435974
v 0.25065871 0.02391000 0.14876950
v 0.25026672 0.02391000 0.14907027
v 0.25408873 0.02391000 0.15405128
v 0.25510028 0.02391000 0.15298441
v 0.25467879 0.02391000 0.15350490
v 0.25448035 0.02391000 0.15374997
v 0.25543246 0.02391000 0.15211903
v 0.25515247 0.02391000 0.15284846
v 0.25550487 0.02391000 0.15108101
v 0.25549292 0.02391000 0.15130884
v 0.25545331 0.02391000 0.15206474
v 0.25535349 0.02391000 0.15051604
v 0.25524991 0.02391000 0.15012947
v 0.25471338 0.02391000 0.14930331
v 0.25501468 0.02391000 0.14976725
v 0.25433087 0.02391000 0.14899356
v 0.25394783 0.02391000 0.14868336
v 0.25364119 0.02391000 0.14856566
v 0.25302817 0.02391000 0.14833035
v 0.25215996 0.02391000 0.14828485
v 0.25296992 0.02391000 0.14832730
v 0.25204442 0.02391000 0.14827879
v 0.25136621 0.02391000 0.14846051
v 0.25109290 0.02391000 0.14853375
v 0.24917091 0.02484010 0.15096313
v 0.24846294 0.02707236 0.14939036
v 0.24809199 0.02775303 0.14974888
v 0.24806624 0.02834796 0.15032262
v 0.24820688 0.02887823 0.15076669
v 0.24877144 0.02772667 0.15203286
v 0.24828416 0.02923455 0.15088658
v 0.25092068 0.02647959 0.15407219
v 0.24865033 0.02989195 0.15117189
v 0.25204105 0.02502030 0.15450286
v 0.24917111 0.03050993 0.15132544
v 0.25189552 0.02976703 0.15299353
v 0.25211312 0.03147580 0.15092231
v 0.25101892 0.03220158 0.14997614
v 0.25075681 0.03217252 0.15012843
v 0.25132629 0.03223566 0.14979752
v 0.25022208 0.03200215 0.15037079
v 0.25037405 0.03152147 0.15103467
v 0.25065535 0.03214020 0.15017442
v 0.24959169 0.03168031 0.15058206
v 0.24994536 0.03186677 0.15046716
v 0.24945419 0.03157454 0.15060625
v 0.24905931 0.03127076 0.15067572
v 0.24928081 0.03144115 0.15063676
v 0.24877728 0.03096860 0.15067291
v 0.24860635 0.03078546 0.15067120
v 0.24876279 0.03095306 0.15067276
v 0.24823248 0.03023172 0.15057321
v 0.24796037 0.02963528 0.15038287
v 0.24823820 0.03024020 0.15057472
v 0.24827744 0.03029830 0.15058499
v 0.24795139 0.02959867 0.15036620
v 0.24791187 0.02943776 0.15029283
v 0.24789867 0.02938398 0.15026831
v 0.24779207 0.02846555 0.14977235
v 0.24779915 0.02865474 0.14988417
v 0.24779849 0.02863692 0.14987364
v 0.24790559 0.02789960 0.14935037
v 0.24788104 0.02799215 0.14942326
v 0.24811516 0.02745784 0.14894243
v 0.24825429 0.02730255 0.14875652
v 0.24844772 0.02708666 0.14849805
v 0.24878439 0.02687660 0.14815016
v 0.24855804 0.02701783 0.14838405
v 0.24938530 0.02666758 0.14763129
v 0.24946037 0.02666181 0.14757898
v 0.24980261 0.02576875 0.14883011
v 0.24975311 0.02663932 0.14737503
v 0.25249742 0.02433674 0.14823195
v 0.25250103 0.02773941 0.14675983
v 0.25296502 0.02662119 0.14749698
v 0.25308258 0.02827505 0.14700694
v 0.25542785 0.02756859 0.15076216
v 0.25339997 0.02764091 0.15406918
v 0.25534162 0.02503444 0.15233959
v 0.25323863 0.03117855 0.14927981
v 0.25471675 0.02934084 0.14999971
v 0.25006039 0.02667300 0.14719621
v 0.25070307 0.02607880 0.14785531
v 0.25042383 0.02673404 0.14699777
v 0.25085716 0.02687213 0.14680133
v 0.25161684 0.02693093 0.14689090
v 0.25162506 0.02729983 0.14656584
v 0.25201982 0.02760354 0.14649637
v 0.25230196 0.02790583 0.14649916
v 0.25179832 0.02743314 0.14653535
v 0.25247276 0.02808886 0.14650087
v 0.25284662 0.02864260 0.14659883
v 0.25280167 0.02857602 0.14658705
v 0.25284100 0.02863428 0.14659737
v 0.25343790 0.02894079 0.14727669
v 0.25316728 0.02943674 0.14687930
v 0.25312772 0.02927565 0.14680585
v 0.25318044 0.02949034 0.14690373
v 0.25357954 0.02964370 0.14756452
v 0.25328062 0.03023756 0.14729851
v 0.25317348 0.03097480 0.14782181
v 0.25296399 0.03141645 0.14822968
v 0.25282480 0.03157179 0.14841568
v 0.25263142 0.03178761 0.14867409
v 0.25293471 0.03144912 0.14826880
v 0.25229474 0.03199769 0.14902205
v 0.25220461 0.03205392 0.14911520
v 0.25252112 0.03185644 0.14878810
v 0.25169391 0.03220666 0.14954091
v 0.25196449 0.03212573 0.14931535
v 0.25161888 0.03221258 0.14959328
v 0.22376007 -0.02283525 0.11595390
v 0.22403436 -0.02201574 0.11627795
v 0.22403436 -0.02178093 0.11625000
v 0.24262015 -0.02189834 0.11626398
v 0.24262015 -0.02178093 0.11625000
v 0.24282193 -0.02190901 0.11624228
v 0.24314982 -0.02188554 0.11609872
v 0.24309181 -0.02180909 0.11613178
v 0.24313068 -0.02181595 0.11610294
v 0.24286551 -0.02178985 0.11621255
v 0.24281342 -0.02178542 0.11623115
v 0.24295311 -0.02179730 0.11618129
v 0.24273985 -0.02178371 0.11623832
v 0.24282304 0.02178606 0.11622920
v 0.24262370 0.02177858 0.11624976
v 0.24286584 0.02178978 0.11621362
v 0.24309401 0.02180961 0.11613060
v 0.24295332 0.02179738 0.11618180
v 0.24313083 0.02181610 0.11610321
v 0.24315138 0.02181971 0.11608793
v 0.24332726 0.02185068 0.11595711
v 0.24600323 0.02241208 0.11311600
v 0.24600710 0.02241931 0.11308609
v 0.24595956 0.02221885 0.11327451
v 0.24589212 0.02234952 0.11337502
v 0.24592963 0.02237064 0.11328761
v 0.24581575 0.02232653 0.11347015
v 0.24574147 0.02230418 0.11356267
v 0.24574280 0.02220779 0.11354719
v 0.24603435 0.02247021 0.11287533
v 0.24332726 0.02189914 0.11596288
v 0.24332726 0.02201671 0.11597688
v 0.22403436 0.02178093 0.11625000
v 0.24262015 0.02189834 0.11626398
v 0.24311466 0.02196124 0.11613370
v 0.24315114 0.02201628 0.11611119
v 0.24286551 0.02201586 0.11623946
v 0.24284653 0.02192863 0.11623515
v 0.24295311 0.02201597 0.11620733
v 0.24273985 0.02201578 0.11626595
v 0.24262015 0.02201574 0.11627795
v 0.22403436 0.02201574 0.11627795
v 0.24574147 0.03894036 0.11758124
v 0.24284689 0.03724004 0.11992868
v 0.24286682 0.03724732 0.11992265
v 0.24262015 0.03721500 0.11994943
v 0.24309802 0.03733186 0.11985260
v 0.24308139 0.03740829 0.11988650
v 0.24313118 0.03735569 0.11983286
v 0.24313905 0.03736134 0.11982817
v 0.24581583 0.03896273 0.11748862
v 0.24589212 0.03898569 0.11739359
v 0.24600323 0.03904825 0.11713457
v 0.24592967 0.03900682 0.11730607
v 0.24603436 0.03910639 0.11689390
v 0.24600711 0.03905550 0.11710458
v 0.24367081 0.03781920 0.11952770
v 0.24600322 0.03972486 0.11759221
v 0.24600710 0.03974993 0.11757435
v 0.24589212 0.03950777 0.11774671
v 0.24581580 0.03942807 0.11780341
v 0.24598423 0.03938758 0.11744170
v 0.24603435 0.03992654 0.11744856
v 0.24599988 0.04526683 0.12540096
v 0.24600160 0.04527737 0.12539345
v 0.24589084 0.04506091 0.12554751
v 0.24603436 0.04547893 0.12525000
v 0.24292863 0.03766503 0.12011900
v 0.24267216 0.03746847 0.12003189
v 0.24262015 0.03743792 0.12003238
v 0.24262015 0.03764770 0.12017966
v 0.24262015 0.03726334 0.11996741
v 0.24313103 0.03785098 0.12016691
v 0.24307170 0.03775741 0.12011477
v 0.24286780 0.03780687 0.12030440
v 0.24286906 0.03780693 0.12030421
v 0.24262290 0.03778660 0.12032989
v 0.24332726 0.04193960 0.12566002
v 0.24573813 0.04547893 0.12596043
v 0.24589882 0.04547893 0.12575272
v 0.24595591 0.04526389 0.12560647
v 0.24599988 0.04547893 0.12551034
v 0.24528558 0.04547893 0.12621793
v 0.24534108 0.04547893 0.12619540
v 0.24553542 0.04527272 0.12609205
v 0.24552892 0.04547893 0.12611915
v 0.24574100 0.04524198 0.12592847
v 0.24562253 0.04499974 0.12590150
v 0.24573810 0.04505044 0.12582014
v 0.22900000 0.03763494 0.12016562
v 0.22900000 0.03779493 0.12034162
v 0.22900000 0.03743792 0.12003238
v 0.22900000 0.03735517 0.11999444
v 0.22379590 0.02303630 0.11598743
v 0.24313104 0.04182033 0.12574490
v 0.24309659 0.04179939 0.12575981
v 0.24296213 0.04190849 0.12598994
v 0.24282645 0.04171850 0.12581738
v 0.24050530 0.04213257 0.12628647
v 0.24310680 0.04246975 0.12624949
v 0.24320744 0.04203722 0.12590280
v 0.24320815 0.04203664 0.12590136
v 0.24598543 0.05945395 0.12555901
v 0.24603436 0.05945395 0.12525000
v 0.24584338 0.05945395 0.12583778
v 0.24562215 0.05945395 0.12605901
v 0.24534338 0.05945395 0.12620106
v 0.24503436 0.05945395 0.12625000
v 0.24316182 0.04197422 0.12589296
v 0.24020648 0.04192795 0.12690042
v 0.24016228 0.04177476 0.12682399
v 0.24007767 0.04275835 0.12695422
v 0.23980460 0.04345989 0.12686857
v 0.23916472 0.04446062 0.12682015
v 0.23881699 0.04483991 0.12678130
v 0.23956491 0.04387009 0.12687215
v 0.23925768 0.04433064 0.12675607
v 0.23877312 0.04488776 0.12677640
v 0.23834842 0.04530540 0.12673203
v 0.23779681 0.04575173 0.12668089
v 0.23777626 0.04576836 0.12667899
v 0.23725575 0.04607872 0.12663635
v 0.23712192 0.04617572 0.12660847
v 0.23673625 0.04633411 0.12659551
v 0.23668219 0.04635608 0.12659141
v 0.23542207 0.04053112 0.12465152
v 0.23504055 0.04063351 0.12454626
v 0.23569852 0.04050694 0.12464413
v 0.23649872 0.04048765 0.12469889
v 0.23657695 0.04049074 0.12471180
v 0.23789246 0.04063926 0.12508186
v 0.23856454 0.04087713 0.12533244
v 0.23865285 0.04083826 0.12547117
v 0.23831358 0.04074226 0.12528676
v 0.23924542 0.04106125 0.12587553
v 0.23952554 0.04121195 0.12613595
v 0.23954784 0.04122394 0.12615668
v 0.23877374 0.04088374 0.12555367
v 0.24015691 0.04175610 0.12681467
v 0.23623401 0.04653821 0.12655738
v 0.24017726 0.04203204 0.12654357
v 0.23830467 0.04582338 0.12631190
v 0.24010635 0.04259904 0.12677063
v 0.23782945 0.04579034 0.12654531
v 0.23865187 0.04504695 0.12672588
v 0.23644619 0.04654963 0.12644233
v 0.23529711 0.04698475 0.12627830
v 0.23632801 0.04055554 0.12447594
v 0.23773501 0.04068030 0.12489226
v 0.23976294 0.04158145 0.12603838
v 0.23546822 0.04059659 0.12434992
v 0.23775232 0.04075190 0.12456517
v 0.23004454 0.04270172 0.12627422
v 0.23341710 0.04134546 0.12568564
v 0.23341945 0.04130746 0.12551756
v 0.23334358 0.04142623 0.12580185
v 0.23387596 0.04099622 0.12519836
v 0.23458963 0.04070807 0.12483210
v 0.23467342 0.04068599 0.12480724
v 0.23481671 0.04064822 0.12476472
v 0.23581609 0.04664499 0.12652892
v 0.23578955 0.04665177 0.12652711
v 0.23534842 0.04670342 0.12650099
v 0.23470590 0.04670345 0.12646721
v 0.23457265 0.04669222 0.12646083
v 0.23382404 0.04650724 0.12643060
v 0.23377396 0.04651426 0.12639799
v 0.23374783 0.04646299 0.12642870
v 0.23356586 0.04635731 0.12642419
v 0.23303900 0.04593326 0.12641727
v 0.23334146 0.04622699 0.12641862
v 0.23301276 0.04590777 0.12641715
v 0.23289999 0.04574789 0.12641915
v 0.23257317 0.04508779 0.12643481
v 0.23257236 0.04508526 0.12643490
v 0.23242448 0.04421842 0.12647142
v 0.23243794 0.04408984 0.12647880
v 0.23245894 0.04388931 0.12649030
v 0.23249275 0.04356622 0.12650883
v 0.23265112 0.04299225 0.12654621
v 0.23232376 0.04355579 0.12631717
v 0.23295094 0.04216168 0.12649541
v 0.23298759 0.04207501 0.12644658
v 0.23301257 0.04201595 0.12641331
v 0.23314523 0.04163994 0.12598447
v 0.23308752 0.04183870 0.12631346
v 0.23310463 0.04180443 0.12627631
v 0.23414545 0.04085370 0.12470184
v 0.23271419 0.04234985 0.12631627
v 0.23289507 0.04201884 0.12621893
v 0.23506952 0.04678510 0.12642397
v 0.23437585 0.04676003 0.12637654
v 0.23359972 0.04665743 0.12626534
v 0.23294128 0.04593442 0.12635637
v 0.23225028 0.04447086 0.12628228
v 0.23251236 0.04510574 0.12638338
v 0.23576349 0.04667024 0.12650518
v 0.23285909 0.04608862 0.12626386
v 0.23244348 0.04534929 0.12627080
v 0.22900000 0.05748800 0.09658915
v 0.22900000 0.05747168 0.09658405
v 0.22900000 0.05689842 0.09646436
v 0.22900000 0.05718452 0.09649429
v 0.22900000 0.03735517 0.09646436
v 0.23050129 0.05302947 0.12607057
v 0.23848480 0.06384859 0.10088720
v 0.23835240 0.06404814 0.10085757
v 0.23821347 0.06422300 0.10088072
v 0.23813645 0.06425321 0.10087728
v 0.23840323 0.06407449 0.10088086
v 0.24601773 0.05963562 0.12525000
v 0.24596835 0.05981124 0.12525000
v 0.24592264 0.05979375 0.12555901
v 0.24578998 0.05974300 0.12583778
v 0.24576366 0.05969997 0.12597592
v 0.24558336 0.05966396 0.12605901
v 0.24532298 0.05956436 0.12620106
v 0.24600847 0.05963428 0.10504469
v 0.24599394 0.05973541 0.10504469
v 0.23395130 0.08947740 0.12612041
v 0.23396628 0.08908976 0.12621793
v 0.23373164 0.08900000 0.12625000
v 0.23427586 0.08920819 0.12605229
v 0.23419354 0.08917670 0.12611915
v 0.23438895 0.08925145 0.12596043
v 0.23431286 0.08983247 0.12557871
v 0.23453903 0.08930886 0.12575272
v 0.23466563 0.08935729 0.12525000
v 0.23463342 0.08934498 0.12551034
v 0.24587593 0.05962087 0.10453095
v 0.24599394 0.05954092 0.10477700
v 0.24595184 0.05983128 0.10482140
v 0.24568892 0.05957169 0.10430105
v 0.24536766 0.05968745 0.10409673
v 0.24558272 0.05971581 0.10421877
v 0.24583778 0.05991329 0.10456436
v 0.22403436 0.08900000 0.12625000
v 0.23373164 0.08930901 0.12620106
v 0.22403436 0.08930901 0.12620106
v 0.23373164 0.08932705 0.12619187
v 0.22403436 0.08958778 0.12605901
v 0.22403436 0.08980901 0.12583778
v 0.23373164 0.08961050 0.12603631
v 0.23373164 0.08982330 0.12580975
v 0.22403436 0.08995106 0.12555901
v 0.23373164 0.08995406 0.12554006
v 0.22403436 0.09000000 0.12525000
v 0.23373164 0.09000000 0.12525000
v 0.23418927 0.08970829 0.12589199
v 0.23397292 0.08997466 0.12362447
v 0.23466563 0.08935729 0.12365647
v 0.23454175 0.08958151 0.12357210
v 0.22405520 0.08996184 0.11721977
v 0.22844061 0.09000000 0.11779894
v 0.22844061 0.08953687 0.11695528
v 0.22852747 0.08991192 0.11735454
v 0.22886081 0.08959330 0.11711922
v 0.22890108 0.08959522 0.11714040
v 0.22867839 0.08958459 0.11702324
v 0.22865692 0.08958028 0.11701711
v 0.22878102 0.08988858 0.11749146
v 0.22887630 0.08980156 0.11740540
v 0.22876822 0.08989503 0.11750303
v 0.22874918 0.08972070 0.11716075
v 0.22904558 0.08957916 0.11725250
v 0.22896634 0.08969685 0.11732407
v 0.23390593 0.08996413 0.12349904
v 0.23406837 0.08987849 0.12335229
v 0.23415451 0.08982175 0.12327449
v 0.23421268 0.08974756 0.12322195
v 0.23431728 0.08961414 0.12312746
v 0.23433659 0.08957916 0.12311002
v 0.23827881 0.06443036 0.10100952
v 0.23822826 0.06441988 0.10099560
v 0.23848405 0.06444470 0.10111036
v 0.23837773 0.06443727 0.10105813
v 0.23866714 0.06442776 0.10124706
v 0.23852159 0.06444123 0.10113839
v 0.23422263 0.08988216 0.12343542
v 0.23429814 0.08976369 0.12332084
v 0.23398613 0.08995452 0.12349994
v 0.23458887 0.08946375 0.12344304
v 0.23448793 0.08953181 0.12327541
v 0.23447478 0.08953593 0.12326104
v 0.24580644 0.06014091 0.10480827
v 0.24578650 0.06016735 0.10475475
v 0.24569325 0.06021372 0.10462582
v 0.24562224 0.06024904 0.10452762
v 0.24554999 0.06026661 0.10445658
v 0.23857628 0.06405742 0.10096178
v 0.24545921 0.05989630 0.10417116
v 0.23857683 0.06405867 0.10096223
v 0.23863814 0.06425416 0.10108420
v 0.24549895 0.06002254 0.10424960
v 0.24552118 0.06009312 0.10429346
v 0.23863887 0.06425651 0.10108566
v 0.24552753 0.06013132 0.10432937
v 0.23838442 0.06423090 0.10092003
v 0.23853217 0.06430154 0.10103590
v 0.23852187 0.06408186 0.10093660
v 0.24551850 0.05996331 0.10423465
v 0.23891297 0.06996912 0.11864599
v 0.22911769 0.06629209 0.11785731
v 0.22384124 -0.02203897 0.09551335
v 0.22523317 -0.02720303 0.10092698
v 0.20700000 -0.02850000 0.11075000
v 0.22249215 0.02408699 0.10149999
v 0.24603436 -0.04492468 0.10923730
v 0.24603436 0.04503366 0.10908730
v 0.24603436 -0.04491000 0.10933000
v 0.24603436 -0.04492468 0.12082271
v 0.24603436 -0.04491000 0.12073000
v 0.24603436 -0.04496730 0.10915366
v 0.24612620 -0.05690334 0.12102692
v 0.24655651 -0.04495581 0.10902245
v 0.24645213 -0.05694258 0.10906948
v 0.24682707 -0.05661000 0.10904469
v 0.24694650 -0.05661000 0.10911787
v 0.24690834 -0.05670654 0.10909488
v 0.24697707 -0.05661000 0.10915366
v 0.24701968 -0.05661000 0.10923730
v 0.24703436 -0.05661000 0.10933000
v 0.24701968 -0.05670271 0.10933000
v 0.24697707 -0.05678633 0.10933000
v 0.24691071 -0.05685271 0.10933000
v 0.24682707 -0.05689532 0.10933000
v 0.24703436 -0.04521000 0.10933000
v 0.24701968 -0.04521000 0.10923730
v 0.24697707 -0.04521000 0.10915366
v 0.24691071 -0.04521000 0.10908730
v 0.24682707 -0.04521000 0.10904469
v 0.24703436 -0.05661000 0.12073000
v 0.24701968 -0.05670271 0.12073000
v 0.24697707 -0.05678633 0.12073000
v 0.24691071 -0.05685271 0.12073000
v 0.24682707 -0.05689532 0.12073000
v 0.24650728 -0.04488555 0.12098178
v 0.24682707 -0.05661000 0.12101532
v 0.24691071 -0.05661000 0.12097270
v 0.24697707 -0.05661000 0.12090633
v 0.24701968 -0.05661000 0.12082271
v 0.24698188 -0.05675204 0.12086356
v 0.24703436 -0.04521000 0.12073000
v 0.24701968 -0.04521000 0.12082271
v 0.24697707 -0.04521000 0.12090633
v 0.24694650 -0.04521000 0.12094213
v 0.24682707 -0.04521000 0.12101532
v 0.24701968 -0.04511729 0.10933000
v 0.24701968 -0.04511729 0.12073000
v 0.24697707 -0.04503366 0.10933000
v 0.24697707 -0.04503366 0.12073000
v 0.24694650 -0.04499787 0.10933000
v 0.24691071 -0.04496730 0.12073000
v 0.24682707 -0.04492468 0.10933000
v 0.24682707 -0.04492468 0.12073000
v 0.24690834 -0.04497488 0.10923346
v 0.24690834 -0.04511346 0.12096511
v 0.24606708 0.04496239 0.12105202
v 0.24673400 0.05687189 0.10913785
v 0.24682707 0.05689532 0.10933000
v 0.24694650 0.05682213 0.10933000
v 0.24690834 0.05684512 0.10923347
v 0.24697707 0.05678633 0.10933000
v 0.24701968 0.05670271 0.10933000
v 0.24703436 0.05661000 0.10933000
v 0.24701968 0.05661000 0.10923730
v 0.24697707 0.05661000 0.10915366
v 0.24691169 0.05674060 0.10909862
v 0.24691071 0.05661000 0.10908730
v 0.24598496 0.05579956 0.10836860
v 0.24682707 0.05689532 0.12073000
v 0.24691071 0.05685271 0.12073000
v 0.24697707 0.05678633 0.12073000
v 0.24691071 0.05661000 0.12097270
v 0.24701968 0.05670271 0.12073000
v 0.24663719 0.05689317 0.12102420
v 0.24697707 0.05661000 0.12090633
v 0.24703436 0.05661000 0.12073000
v 0.24701968 0.05661000 0.12082271
v 0.24703436 0.04521000 0.12073000
v 0.24701968 0.04521000 0.12082271
v 0.24697707 0.04521000 0.12090633
v 0.24689663 0.04501399 0.12094602
v 0.24703436 0.04521000 0.10933000
v 0.24701968 0.04521000 0.10923730
v 0.24697707 0.04521000 0.10915366
v 0.24694650 0.04521000 0.10911787
v 0.24701968 0.04511729 0.12073000
v 0.24701968 0.04511729 0.10933000
v 0.24697707 0.04503366 0.12073000
v 0.24697707 0.04503366 0.10933000
v 0.24694650 0.04499787 0.12073000
v 0.24691071 0.04496730 0.10933000
v 0.24609546 0.04450004 0.11046781
v 0.24689300 0.04500204 0.10912099
v 0.24816565 -0.04953175 0.11252238
v 0.24731642 -0.05100388 0.11975795
v 0.25342448 -0.05134824 0.11130624
v -0.03737094 0.03871939 0.09051668
v -0.03556955 0.04100000 0.09283618
v -0.03618169 0.04100000 0.09267377
v -0.03677419 0.04100000 0.09230988
v -0.03692374 0.04100000 0.09221802
v -0.03660400 0.03944593 0.09247044
v -0.03723605 0.04100000 0.09186803
v -0.03750354 0.04100000 0.09156828
v -0.03760452 0.04100000 0.09135220
v -0.03787221 0.04100000 0.09077933
v -0.03797733 0.04100000 0.09006298
v -0.03799864 0.04100000 0.08991772
v -0.03792789 0.04100000 0.08943573
v -0.03787218 0.04100000 0.08905613
v -0.03729841 0.04014643 0.08801156
v -0.03776416 0.04100000 0.08882500
v -0.03750348 0.04100000 0.08826720
v -0.03705043 0.04100000 0.08775954
v -0.03692365 0.04100000 0.08761747
v -0.03659858 0.04100000 0.08741784
v -0.03618158 0.04100000 0.08716175
v -0.03536136 0.04100000 0.08694417
v -0.03268304 0.03864421 0.08888031
v -0.03455728 0.04058302 0.09289090
v -0.03500000 0.04100000 0.09291643
v -0.03533998 0.04100000 0.09289709
v -0.03530109 0.04048715 0.08696151
v -0.03567377 0.03907676 0.08751306
v -0.03500000 0.04100000 0.08691914
v -0.03443045 0.04100000 0.08699938
v -0.03381831 0.04100000 0.08716180
v -0.03322581 0.04100000 0.08752570
v -0.03307626 0.04100000 0.08761755
v -0.03276395 0.04100000 0.08796753
v -0.03257831 0.04094409 0.08813417
v -0.03239548 0.04100000 0.08848338
v -0.03212779 0.04100000 0.08905624
v -0.03202267 0.04100000 0.08977258
v -0.03200136 0.04100000 0.08991784
v -0.03207211 0.04100000 0.09039983
v -0.03212782 0.04100000 0.09077944
v -0.03223584 0.04100000 0.09101057
v -0.03249652 0.04100000 0.09156837
v -0.03253930 0.04100000 0.09161631
v -0.03294957 0.04100000 0.09207603
v -0.03272309 0.04026599 0.09193008
v -0.03297701 0.04083505 0.09214996
v -0.03340142 0.04100000 0.09241773
v -0.03381842 0.04100000 0.09267381
v -0.03463864 0.04100000 0.09289140
v -0.03466002 0.04100000 0.08693848
v -0.03466013 0.04100000 0.09289710
v -0.03618158 0.06650000 0.08716175
v -0.03533987 0.06650000 0.08693846
v -0.03622302 0.06650000 0.08718719
v -0.03692365 0.06650000 0.08761747
v -0.03750348 0.06650000 0.08826720
v -0.03695260 0.06650000 0.08764991
v -0.03751971 0.06650000 0.08830192
v -0.03787218 0.06650000 0.08905613
v -0.03799864 0.06650000 0.08991772
v -0.03787700 0.06650000 0.08908896
v -0.03787221 0.06650000 0.09077933
v -0.03799457 0.06650000 0.08994547
v -0.03786252 0.06650000 0.09080007
v -0.03750354 0.06650000 0.09156828
v -0.03692374 0.06650000 0.09221802
v -0.03749173 0.06650000 0.09158152
v -0.03618169 0.06650000 0.09267377
v -0.03691299 0.06650000 0.09222462
v -0.03617447 0.06650000 0.09267569
v -0.03533998 0.06650000 0.09289709
v -0.03533763 0.06650000 0.09289722
v -0.03500000 0.06650000 0.08691914
v -0.03381842 0.06650000 0.09267381
v -0.03466013 0.06650000 0.09289710
v -0.03307635 0.06650000 0.09221809
v -0.03365032 0.06650000 0.09257058
v -0.03249652 0.06650000 0.09156837
v -0.03289975 0.06650000 0.09202020
v -0.03235541 0.06650000 0.09126642
v -0.03212782 0.06650000 0.09077944
v -0.03200136 0.06650000 0.08991784
v -0.03206953 0.06650000 0.09038229
v -0.03206953 0.06650000 0.08945328
v -0.03249646 0.06650000 0.08826730
v -0.03235540 0.06650000 0.08856915
v -0.03307626 0.06650000 0.08761755
v -0.03289974 0.06650000 0.08781536
v -0.03365031 0.06650000 0.08726498
v -0.03381831 0.06650000 0.08716180
v -0.03479098 0.06905804 0.08691483
v -0.03453504 0.06650000 0.08697163
v -0.03622524 0.06904641 0.08718526
v -0.03688384 0.07036106 0.08749675
v -0.03691863 0.06904640 0.08762453
v -0.03750135 0.06904640 0.08829356
v -0.03732705 0.06927058 0.08801786
v -0.03787588 0.06904639 0.08909045
v -0.03767030 0.06948523 0.08853187
v -0.03790545 0.06904639 0.08916846
v -0.03799886 0.06904639 0.08981987
v -0.03798912 0.06904639 0.08994531
v -0.03794794 0.06904639 0.09047597
v -0.03798671 0.06904639 0.08997635
v -0.03785198 0.06904639 0.09079742
v -0.03781642 0.07021971 0.09091415
v -0.03748872 0.06904639 0.09158052
v -0.03730945 0.06891477 0.09185332
v -0.03690738 0.06904639 0.09221714
v -0.03616777 0.06904639 0.09266063
v -0.03588353 0.06904640 0.09278365
v -0.03533589 0.06904640 0.09288819
v -0.03212592 0.06716676 0.09077306
v -0.03203828 0.06707912 0.09038687
v -0.03232819 0.06736904 0.09127914
v -0.03272810 0.06776894 0.09187490
v -0.03289549 0.06793634 0.09202020
v -0.03338186 0.06842271 0.09244236
v -0.03364736 0.06868827 0.09257183
v -0.03400519 0.06904619 0.09274633
v -0.03437545 0.06919513 0.09283820
v -0.03379071 0.06883156 0.08721339
v -0.03366214 0.06870299 0.08728749
v -0.03400534 0.06904619 0.08708968
v -0.03304799 0.06808884 0.08764149
v -0.03289771 0.06793855 0.08781343
v -0.03248296 0.06752380 0.08828796
v -0.03232819 0.06736904 0.08855643
v -0.03212428 0.06716512 0.08906804
v -0.03208161 0.06711800 0.08918509
v -0.03200045 0.06704176 0.08991779
v -0.03203217 0.06707309 0.09031113
v -0.03355698 0.07359757 0.09172698
v -0.03423158 0.07056565 0.08688937
v -0.03460626 0.07257519 0.08599487
v -0.03422530 0.07262948 0.08608837
v -0.03500000 0.07256171 0.08597167
v -0.03303518 0.07155548 0.08727046
v -0.03292899 0.07299297 0.08671436
v -0.03247542 0.07325537 0.08716625
v -0.03230363 0.07233254 0.08794723
v -0.03211077 0.07270928 0.08836018
v -0.03199610 0.07297176 0.08916694
v -0.03219319 0.07342485 0.09011981
v -0.03213452 0.07451166 0.08932977
v -0.03291273 0.07388425 0.09106829
v -0.03250637 0.07490422 0.09000581
v -0.03243426 0.07482809 0.08987471
v -0.03308606 0.07522708 0.09056183
v -0.03382526 0.07545333 0.09095147
v -0.03499783 0.07093303 0.09278787
v -0.03377128 0.07179312 0.09235106
v -0.03426666 0.07134129 0.09261844
v -0.03387056 0.07170257 0.09240465
v -0.03315974 0.07234111 0.09182731
v -0.03291438 0.07254990 0.09155387
v -0.03323872 0.07227390 0.09191533
v -0.03252073 0.07285154 0.09095324
v -0.03288722 0.07257302 0.09152361
v -0.03259854 0.07279028 0.09108919
v -0.03221178 0.07300873 0.09025444
v -0.03210972 0.07303797 0.08993908
v -0.03227546 0.07299049 0.09045116
v -0.03210283 0.07303994 0.08991779
v -0.03207582 0.07303728 0.08980255
v -0.03202045 0.07282547 0.08880524
v -0.03200031 0.07292295 0.08908994
v -0.03200347 0.07293111 0.08913201
v -0.03200279 0.07292936 0.08912295
v -0.03213171 0.07258782 0.08833595
v -0.03220903 0.07246064 0.08814678
v -0.03212783 0.07259421 0.08834546
v -0.03286296 0.07163277 0.08737660
v -0.03316526 0.07131504 0.08721341
v -0.03329474 0.07117895 0.08714352
v -0.03396452 0.07049674 0.08696425
v -0.03421829 0.07022363 0.08692799
v -0.03436491 0.06947699 0.08697067
v -0.03444290 0.06963962 0.08694660
v 0.03210283 0.07303994 0.08991779
v 0.03203917 0.07302339 0.08960787
v 0.03207582 0.07303728 0.08980255
v 0.03200279 0.07292936 0.08912295
v 0.03200031 0.07292295 0.08908994
v 0.03205682 0.07273026 0.08858926
v 0.03213171 0.07258782 0.08833595
v 0.03236930 0.07222002 0.08784869
v 0.03252124 0.07203407 0.08768048
v 0.03286296 0.07163277 0.08737660
v 0.03291691 0.07157607 0.08734747
v 0.03396452 0.07049674 0.08696425
v 0.03316526 0.07131504 0.08721341
v 0.03445051 0.06987464 0.08692225
v 0.03427382 0.07015491 0.08692242
v 0.03444290 0.06963962 0.08694660
v 0.03425697 0.07018201 0.08692246
v -0.03454037 0.07003136 0.08689018
v 0.03379744 0.06883829 0.08720923
v 0.03379056 0.06883141 0.08721319
v 0.03417581 0.06919255 0.08703104
v 0.03305254 0.06809338 0.08763760
v 0.03304862 0.06808947 0.08764206
v 0.03248513 0.06752598 0.08828461
v 0.03227608 0.06731693 0.08866390
v 0.03212484 0.06716569 0.08906612
v 0.03212442 0.06716526 0.08906807
v 0.03203225 0.06707310 0.08948849
v 0.03200045 0.06704176 0.08991779
v 0.03430390 0.07336102 0.09214675
v 0.03427369 0.07088895 0.08676609
v 0.03345817 0.07105476 0.08708898
v 0.03210813 0.07334014 0.08981417
v 0.03210988 0.07303778 0.08993903
v 0.03221437 0.07300570 0.09025384
v 0.03229922 0.07297966 0.09050945
v 0.03259959 0.07388551 0.09072014
v 0.03265155 0.07275633 0.09119094
v 0.03355245 0.07407115 0.09149902
v 0.03316378 0.07233482 0.09181976
v 0.03324148 0.07226737 0.09190078
v 0.03292241 0.07254435 0.09156808
v 0.03340890 0.07212205 0.09207533
v 0.03387040 0.07170212 0.09240560
v 0.03401805 0.07155954 0.09250359
v 0.03355709 0.07198721 0.09218138
v 0.03467816 0.07109535 0.09273799
v 0.03475599 0.07099661 0.09276012
v 0.03495646 0.07093098 0.09278009
v 0.03444558 0.08223193 0.08736641
v 0.03378927 0.07543201 0.09091469
v 0.03334673 0.08144059 0.08728427
v 0.03306342 0.07520550 0.09052460
v 0.03291273 0.07514996 0.09042897
v 0.03249734 0.07488325 0.08996964
v 0.03238176 0.07507379 0.08967855
v 0.03210813 0.07446348 0.08924677
v 0.03200003 0.07406802 0.08856573
v 0.03200000 0.07302661 0.08909154
v 0.03200000 0.07406792 0.08856556
v 0.03211053 0.07366801 0.08787687
v 0.03222833 0.07262469 0.08799559
v 0.03291272 0.07216895 0.08711478
v 0.03249666 0.07325235 0.08716106
v 0.03306307 0.07293007 0.08660606
v 0.03291272 0.07298586 0.08670215
v 0.03480336 0.07097376 0.08668645
v 0.03378967 0.07270410 0.08621691
v 0.03461141 0.07258624 0.08601393
v 0.03500000 0.07256171 0.08597167
v 0.03553095 0.07067424 0.08683728
v 0.03460860 0.06904641 0.08694479
v 0.03500000 0.07092503 0.09278138
v -0.03500000 0.07006911 0.09291629
v 0.03500000 0.07006911 0.09291629
v 0.03500000 0.07092424 0.09278150
v 0.03468799 0.06962609 0.09288695
v -0.03448957 0.06948948 0.09286474
v 0.03425970 0.06929124 0.09282082
v 0.03429612 0.06931972 0.09282645
v -0.03429795 0.06931411 0.09281789
v 0.03417728 0.06921189 0.09279670
v -0.03418807 0.06921356 0.09279104
v 0.03521330 0.06976602 0.09292390
v -0.03500286 0.06966364 0.09290733
v 0.03202732 0.06706817 0.09031152
v 0.03212484 0.06716569 0.09076945
v 0.03226368 0.06730453 0.09114433
v 0.03248513 0.06752598 0.09155096
v 0.03275135 0.06779221 0.09185454
v 0.03305254 0.06809338 0.09219797
v 0.03340580 0.06844670 0.09240131
v 0.03379730 0.06883826 0.09262666
v 0.03400519 0.06904619 0.09274633
v 0.03500000 0.07055959 0.09282795
v 0.03500000 0.06650000 0.08691914
v 0.03466032 0.06650000 0.08694141
v 0.03460860 0.06904641 0.09289077
v 0.03466021 0.06650000 0.09289416
v 0.03460860 0.06650000 0.09289077
v 0.03429939 0.06904630 0.09281676
v 0.03378034 0.06650000 0.09265718
v 0.03381985 0.06650000 0.09266832
v 0.03305254 0.06650000 0.09219797
v 0.03307856 0.06650000 0.09221439
v 0.03248513 0.06650000 0.09155096
v 0.03249863 0.06650000 0.09156636
v 0.03212484 0.06650000 0.09076945
v 0.03212912 0.06650000 0.09077872
v 0.03200136 0.06650000 0.08991779
v 0.03212484 0.06650000 0.08906612
v 0.03200137 0.06650000 0.08991773
v 0.03248513 0.06650000 0.08828461
v 0.03212916 0.06650000 0.08905675
v 0.03305254 0.06650000 0.08763760
v 0.03249871 0.06650000 0.08826912
v 0.03378034 0.06650000 0.08717839
v 0.03307865 0.06650000 0.08762112
v 0.03460860 0.06650000 0.08694479
v 0.03381995 0.06650000 0.08716721
v 0.03500000 0.06650000 0.09291643
v 0.03533998 0.06650000 0.08693848
v 0.03618167 0.06650000 0.08716179
v 0.03618169 0.06650000 0.08716180
v 0.03657207 0.06876069 0.08735986
v 0.03692372 0.06650000 0.08761753
v 0.03617859 0.06904642 0.08717083
v 0.03750352 0.06650000 0.08826727
v 0.03710837 0.06997499 0.08773527
v 0.03692373 0.06650000 0.08761755
v 0.03691665 0.06904642 0.08762483
v 0.03748840 0.06904642 0.08827721
v 0.03787220 0.06650000 0.08905619
v 0.03750354 0.06650000 0.08826730
v 0.03767332 0.06909424 0.08855902
v 0.03786219 0.06904641 0.08905997
v 0.03799864 0.06650000 0.08991779
v 0.03787220 0.06650000 0.08905624
v 0.03799712 0.06904641 0.08982207
v 0.03790072 0.06908421 0.08916135
v 0.03799863 0.06650000 0.08991784
v 0.03794582 0.06904637 0.09047811
v 0.03787220 0.06650000 0.09077937
v 0.03798969 0.06904641 0.08991708
v 0.03750352 0.06650000 0.09156831
v 0.03787217 0.06650000 0.09077943
v 0.03785716 0.06904640 0.09077488
v 0.03749613 0.06904639 0.09156424
v 0.03692372 0.06650000 0.09221803
v 0.03750348 0.06650000 0.09156836
v 0.03725312 0.06914213 0.09189846
v 0.03691716 0.06904639 0.09220901
v 0.03692365 0.06650000 0.09221808
v 0.03648603 0.06904639 0.09252231
v 0.03618167 0.06650000 0.09267377
v 0.03617449 0.06904639 0.09265718
v 0.03533998 0.06650000 0.09289709
v 0.03618159 0.06650000 0.09267380
v 0.03513141 0.06908723 0.09291529
v 0.03553291 0.04100000 0.09284589
v 0.03533987 0.04100000 0.09289710
v 0.03618159 0.04100000 0.09267381
v 0.03661708 0.04100000 0.09240636
v 0.03708069 0.04100000 0.09204212
v 0.03692366 0.04100000 0.09221809
v 0.03750349 0.04100000 0.09156837
v 0.03773804 0.04100000 0.09106647
v 0.03791182 0.04100000 0.09050939
v 0.03787218 0.04100000 0.09077943
v 0.03799864 0.04100000 0.08991784
v 0.03791199 0.04100000 0.08932730
v 0.03773850 0.04100000 0.08877009
v 0.03787221 0.04100000 0.08905624
v 0.03750354 0.04100000 0.08826729
v 0.03708145 0.04100000 0.08779428
v 0.03661800 0.04100000 0.08742977
v 0.03692374 0.04100000 0.08761755
v 0.03558580 0.03950262 0.08729099
v 0.03553394 0.04100000 0.08698994
v 0.03618169 0.04100000 0.08716180
v 0.03533998 0.04100000 0.08693848
v 0.03500000 0.04100000 0.08691914
v 0.03500000 0.04100000 0.09291643
v 0.03446709 0.04100000 0.08698967
v 0.03466013 0.04100000 0.08693846
v 0.03381841 0.04100000 0.08716175
v 0.03338292 0.04100000 0.08742920
v 0.03291931 0.04100000 0.08779345
v 0.03307634 0.04100000 0.08761748
v 0.03249651 0.04100000 0.08826720
v 0.03226196 0.04100000 0.08876910
v 0.03208818 0.04100000 0.08932617
v 0.03212782 0.04100000 0.08905613
v 0.03212779 0.04100000 0.09077934
v 0.03200136 0.04100000 0.08991773
v 0.03208801 0.04100000 0.09050826
v 0.03249646 0.04100000 0.09156828
v 0.03226150 0.04100000 0.09106548
v 0.03307626 0.04100000 0.09221802
v 0.03291855 0.04100000 0.09204128
v 0.03381831 0.04100000 0.09267377
v 0.03338200 0.04100000 0.09240580
v 0.03389413 0.04100000 0.09269389
v 0.03589823 0.03975870 0.09259642
v 0.03412932 0.03968762 0.09261832
v 0.03505420 0.03775872 0.08977191
v 0.03409915 0.03959098 0.08732009
v -0.03653136 0.07152157 0.09245118
v -0.03707408 0.07233925 0.09165992
v -0.03699218 0.07428442 0.09110236
v -0.03616549 0.07092864 0.08690432
v -0.03580809 0.06992054 0.08698864
v -0.03715433 0.06996712 0.08777637
v -0.03703443 0.07016573 0.08763175
v -0.03689073 0.07073332 0.08740275
v -0.03692461 0.07118487 0.08731324
v -0.03691129 0.07113562 0.08731702
v -0.03690569 0.07104485 0.08733529
v -0.03710790 0.07186247 0.08726118
v -0.03750624 0.07281657 0.08738800
v -0.03773799 0.07333759 0.08756922
v -0.03766076 0.07337354 0.08736974
v -0.03751080 0.07325997 0.08717415
v -0.03750093 0.07325249 0.08716128
v -0.03730942 0.07310746 0.08691151
v -0.03743576 0.07265812 0.08733289
v -0.03694804 0.07293179 0.08660899
v -0.03727026 0.07225648 0.08729669
v -0.03688599 0.07229966 0.08686537
v -0.03627574 0.07270522 0.08621880
v -0.03622477 0.07269646 0.08620373
v -0.03683662 0.07287764 0.08651573
v -0.03581896 0.07209340 0.08632826
v -0.03539185 0.07258366 0.08600948
v -0.03616153 0.07268560 0.08618503
v -0.03530048 0.07257854 0.08600066
v -0.03725818 0.06981855 0.08790457
v -0.03749280 0.06960508 0.08822907
v -0.03787737 0.06941351 0.08905962
v -0.03777319 0.06943845 0.08876346
v -0.03788397 0.06941473 0.08908713
v -0.03799111 0.06947906 0.08967136
v -0.03795024 0.06942709 0.08936320
v -0.03799946 0.06956586 0.08996394
v -0.03793173 0.06985637 0.09052470
v -0.03799967 0.06956812 0.08997156
v -0.03778723 0.07028322 0.09095882
v -0.03767199 0.07065072 0.09117008
v -0.03457386 0.07252116 0.09255053
v -0.03533561 0.07555792 0.09113158
v -0.03561036 0.07454850 0.09162971
v -0.03518267 0.07557056 0.09115334
v -0.03640384 0.07539848 0.09085702
v -0.03616843 0.07544533 0.09093768
v -0.03604722 0.07546944 0.09097922
v -0.03691138 0.07522519 0.09055858
v -0.03682450 0.07525485 0.09060966
v -0.03799246 0.07405774 0.08874033
v -0.03799223 0.07408176 0.08858952
v -0.03791261 0.07391670 0.08944318
v -0.03793643 0.07437304 0.08909106
v -0.03773319 0.07468732 0.08963229
v -0.03784723 0.07370274 0.08980992
v -0.03748194 0.07490074 0.08999985
v -0.03777794 0.07347121 0.09011524
v -0.03761319 0.07275780 0.09077450
v -0.03773740 0.07333572 0.09029393
v -0.03753656 0.07210582 0.09110889
v -0.03753409 0.07149231 0.09125917
v -0.03757244 0.07115964 0.09126624
v -0.03753640 0.07206417 0.09111909
v -0.03799937 0.07404450 0.08852538
v -0.03784317 0.07358956 0.08774155
v -0.05194794 0.08036184 0.08702486
v -0.05273536 0.08020084 0.08695132
v -0.05086362 0.08034874 0.08701946
v -0.04962299 0.08014476 0.08692568
v -0.04840723 0.07981158 0.08672916
v -0.04848210 0.07983211 0.08674126
v -0.04740876 0.07942929 0.08642031
v -0.03799716 0.07403557 0.08849480
v -0.04677708 0.07906775 0.08600594
v -0.04695004 0.07918861 0.08616216
v -0.04663131 0.07891986 0.08577908
v -0.03797699 0.07395405 0.08821572
v -0.04659737 0.07882811 0.08561416
v -0.04660862 0.07877925 0.08550956
v -0.03792808 0.07380924 0.08796799
v -0.04661800 0.07873852 0.08542236
v -0.03787767 0.07367884 0.08783356
v -0.04690300 0.07858805 0.08497196
v -0.04676872 0.07863116 0.08512766
v -0.04666409 0.07868941 0.08529926
v -0.04739756 0.07851859 0.08458479
v -0.04766121 0.07851057 0.08444392
v -0.04802485 0.07849951 0.08424962
v -0.04872549 0.07851522 0.08397661
v -0.04889037 0.07851891 0.08391236
v -0.04987548 0.07856252 0.08364323
v -0.03533675 0.08271612 0.08698342
v -0.03500000 0.08301257 0.08683892
v -0.03515306 0.08298222 0.08685622
v -0.03617035 0.08186904 0.08722566
v -0.03617405 0.08186515 0.08722610
v -0.03562305 0.08243153 0.08709978
v -0.03572683 0.08232487 0.08712366
v -0.03672312 0.08123826 0.08723733
v -0.03690223 0.08100545 0.08719373
v -0.03622540 0.08181113 0.08723230
v -0.03652295 0.08146865 0.08723531
v -0.03719843 0.08061460 0.08711113
v -0.03748976 0.08018016 0.08693990
v -0.03716794 0.08066006 0.08712904
v -0.03776946 0.07967813 0.08663320
v -0.03751190 0.08014714 0.08692688
v -0.03768267 0.07983763 0.08673253
v -0.03799743 0.07894830 0.08582746
v -0.03794989 0.07919473 0.08615759
v -0.03793710 0.07926102 0.08624640
v -0.03520208 0.07982442 0.08176216
v -0.03519259 0.07983311 0.08175645
v -0.03539204 0.07967266 0.08188636
v -0.03618726 0.07908552 0.08246972
v -0.03602647 0.07919647 0.08234154
v -0.03622369 0.07906429 0.08250542
v -0.03574478 0.07939088 0.08211697
v -0.03694415 0.07867886 0.08327184
v -0.03678735 0.07874734 0.08307809
v -0.03670831 0.07878188 0.08298041
v -0.03751356 0.07850356 0.08410091
v -0.03739562 0.07853103 0.08391411
v -0.03752304 0.07850304 0.08411909
v -0.03715335 0.07858748 0.08353036
v -0.03782195 0.07854947 0.08479328
v -0.03773296 0.07853012 0.08458370
v -0.03759118 0.07849928 0.08424981
v -0.03786945 0.07860152 0.08497707
v -0.03799390 0.07892406 0.08577878
v -0.03796782 0.07874503 0.08541911
v -0.03796163 0.07870253 0.08533372
v -0.03510505 0.07999450 0.08165730
v -0.05307221 0.08004692 0.08687389
v -0.05337043 0.07985275 0.08675668
v -0.05339331 0.07983194 0.08674167
v -0.05360431 0.07964001 0.08660327
v -0.05376941 0.07943913 0.08642965
v -0.05391824 0.07918861 0.08616216
v -0.05396017 0.07905643 0.08596925
v -0.05401570 0.07888142 0.08571384
v -0.05401508 0.07874305 0.08543297
v -0.05401354 0.07873907 0.08542215
v -0.05397268 0.07863310 0.08513396
v -0.05389158 0.07855959 0.08484560
v -0.05377998 0.07851859 0.08458479
v -0.05358296 0.07850100 0.08428369
v -0.05322102 0.07851891 0.08391236
v -0.05305744 0.07853307 0.08382481
v -0.05356083 0.07849902 0.08424986
v -0.05269616 0.07856434 0.08363143
v -0.05228749 0.07859039 0.08351871
v -0.05119446 0.07860645 0.08345757
v -0.03480480 0.07983598 0.08176016
v -0.03460782 0.07967553 0.08188741
v -0.03485564 0.07987739 0.08172733
v -0.03501338 0.07998717 0.08165963
v -0.03397690 0.07920395 0.08234752
v -0.03367577 0.07900158 0.08259049
v -0.03428351 0.07941137 0.08209692
v -0.03303127 0.07861169 0.08335510
v -0.03320732 0.07874219 0.08307662
v -0.03260617 0.07853313 0.08391382
v -0.03248479 0.07851231 0.08412047
v -0.03275663 0.07855893 0.08365767
v -0.03213892 0.07856958 0.08490634
v -0.03240882 0.07849928 0.08424981
v -0.03225765 0.07852012 0.08458468
v -0.03201643 0.07889809 0.08573960
v -0.03203764 0.07875050 0.08541753
v -0.03202318 0.07910441 0.08605560
v -0.03205123 0.07919528 0.08615614
v -0.03213335 0.07946139 0.08645045
v -0.03231286 0.07983533 0.08673727
v -0.03234457 0.07990141 0.08678795
v -0.03280770 0.08061674 0.08710206
v -0.03307770 0.08098910 0.08720502
v -0.03268388 0.08046643 0.08707036
v -0.03347524 0.08146933 0.08723883
v -0.03357427 0.08158903 0.08724728
v -0.03465061 0.08253127 0.08713128
v -0.03485983 0.08300476 0.08684142
v 0.03377491 0.08181153 0.08723227
v 0.03437695 0.08243153 0.08709978
v 0.03427317 0.08232487 0.08712366
v 0.03306471 0.08096247 0.08718568
v 0.03347705 0.08146865 0.08723531
v 0.03248808 0.08014710 0.08692686
v 0.03248671 0.08014462 0.08692530
v 0.03283204 0.08066003 0.08712904
v 0.03280157 0.08061460 0.08711113
v 0.03222725 0.07967435 0.08662999
v 0.03213775 0.07944927 0.08642110
v 0.03231733 0.07983763 0.08673253
v 0.03205011 0.07919473 0.08615759
v 0.03200257 0.07894829 0.08582745
v 0.03206289 0.07926099 0.08624637
v 0.03203837 0.07870252 0.08533370
v 0.03200793 0.07891150 0.08575354
v 0.03203218 0.07874503 0.08541911
v 0.03240882 0.07849928 0.08424981
v 0.03217969 0.07855864 0.08484596
v 0.03248644 0.07850356 0.08410091
v 0.03260438 0.07853103 0.08391411
v 0.03248637 0.07850355 0.08410105
v 0.03287017 0.07857639 0.08354775
v 0.03321264 0.07874734 0.08307808
v 0.03329155 0.07878180 0.08298056
v 0.03381262 0.07908543 0.08246982
v 0.03397353 0.07919648 0.08234154
v 0.03342804 0.07878630 0.08292978
v 0.03425508 0.07939077 0.08211707
v 0.03501467 0.07998722 0.08165980
v 0.03485874 0.07988015 0.08172555
v 0.03480189 0.07982851 0.08176013
v 0.03500000 0.08301257 0.08683892
v 0.03484752 0.08296709 0.08686562
v 0.03489495 0.07999450 0.08165730
v 0.03530057 0.07257828 0.08600020
v 0.03519520 0.07983598 0.08176016
v 0.03533636 0.07972100 0.08185136
v 0.03514433 0.07987743 0.08172730
v 0.03510505 0.07999185 0.08165884
v 0.03571643 0.07941141 0.08209688
v 0.03616199 0.07268494 0.08618388
v 0.03565726 0.07262647 0.08602042
v 0.03602310 0.07920395 0.08234752
v 0.03616897 0.07910527 0.08246674
v 0.03617193 0.07268664 0.08618682
v 0.03682100 0.07872667 0.08310594
v 0.03683706 0.07287676 0.08651424
v 0.03627596 0.07270448 0.08621754
v 0.03690537 0.07869316 0.08321616
v 0.03690863 0.07291151 0.08657409
v 0.03633452 0.07899327 0.08260205
v 0.03679269 0.07874219 0.08307661
v 0.03731012 0.07310648 0.08690984
v 0.03739383 0.07853313 0.08391382
v 0.03748201 0.07851801 0.08406394
v 0.03748102 0.07323582 0.08713258
v 0.03724338 0.07855893 0.08365767
v 0.03517747 0.07557104 0.09115418
v 0.03518269 0.07557061 0.09115343
v 0.03539264 0.08266359 0.08700397
v 0.03539135 0.07555338 0.09112376
v 0.03614433 0.08189634 0.08722213
v 0.03558292 0.08247198 0.08708622
v 0.03604738 0.07546966 0.09097958
v 0.03622112 0.07543510 0.09092006
v 0.03622435 0.08180896 0.08722929
v 0.03579337 0.07552019 0.09106659
v 0.03692284 0.08098818 0.08720490
v 0.03652476 0.08146933 0.08723882
v 0.03642566 0.08158912 0.08724727
v 0.03682495 0.07525519 0.09061023
v 0.03684478 0.07421142 0.09116133
v 0.03695149 0.08094868 0.08719397
v 0.03640518 0.07539848 0.09085700
v 0.03695693 0.07520868 0.09053013
v 0.03733766 0.08041638 0.08704659
v 0.03719231 0.08061674 0.08710206
v 0.03739984 0.07497179 0.09012217
v 0.03751147 0.08013472 0.08690513
v 0.03751183 0.07487669 0.08995839
v 0.03786672 0.07946112 0.08645023
v 0.03768713 0.07983534 0.08673726
v 0.03765539 0.07990148 0.08678799
v 0.03783280 0.07453586 0.08937143
v 0.03786754 0.07448216 0.08927896
v 0.03787736 0.07942666 0.08641210
v 0.03797682 0.07910442 0.08605562
v 0.03794877 0.07919528 0.08615614
v 0.03798084 0.07406251 0.08900612
v 0.03799077 0.07889811 0.08572784
v 0.03792808 0.07380924 0.08796799
v 0.03796236 0.07875050 0.08541753
v 0.03799504 0.07883500 0.08562756
v 0.03791307 0.07862305 0.08510072
v 0.03785563 0.07858628 0.08492336
v 0.03797708 0.07395436 0.08821643
v 0.03799828 0.07404458 0.08852538
v 0.03799766 0.07403817 0.08849393
v 0.03784317 0.07358956 0.08774155
v 0.03775500 0.07852187 0.08461270
v 0.03786257 0.07363976 0.08779329
v 0.03766242 0.07337313 0.08736899
v 0.03759118 0.07849928 0.08424981
v 0.03774235 0.07852012 0.08458468
v 0.03518279 0.07422134 0.09183582
v 0.03669734 0.07315244 0.09192980
v 0.03744898 0.07209846 0.09124647
v 0.03693400 0.07009273 0.09226886
v 0.03616549 0.07192823 0.08655476
v 0.03616549 0.07092864 0.08690432
v 0.03692565 0.07049207 0.08747971
v 0.03688910 0.07065660 0.08741858
v 0.03690465 0.07104469 0.08733471
v 0.03753409 0.07149231 0.09125917
v 0.03762052 0.07088900 0.09122919
v 0.03756852 0.07118733 0.09126768
v 0.03768542 0.07061965 0.09114563
v 0.03761319 0.07275780 0.09077450
v 0.03773740 0.07333572 0.09029393
v 0.03753656 0.07210582 0.09110889
v 0.03753640 0.07206417 0.09111909
v 0.03796801 0.07402086 0.08909572
v 0.03786861 0.07377420 0.08971569
v 0.03784723 0.07370274 0.08980992
v 0.03778472 0.07345320 0.09015088
v 0.03778158 0.07034612 0.09098804
v 0.03789970 0.06995303 0.09064983
v 0.03798779 0.06958126 0.08996262
v 0.03798820 0.06965047 0.09017017
v 0.03788334 0.06941547 0.08908716
v 0.03798712 0.06946893 0.08962579
v 0.03787930 0.06941339 0.08906620
v 0.03767032 0.06948655 0.08853820
v 0.03735751 0.06971244 0.08803262
v 0.03715538 0.06996712 0.08777835
v 0.03690648 0.07239622 0.08683817
v 0.03750624 0.07281657 0.08738800
v 0.03773799 0.07333759 0.08756922
v 0.03743576 0.07265812 0.08733289
v 0.03727026 0.07225648 0.08729669
v 0.03710790 0.07186247 0.08726118
v 0.03692461 0.07118486 0.08731324
v 0.03691129 0.07113562 0.08731702
v 0.04871648 0.07851281 0.08397144
v 0.04892372 0.07852170 0.08391276
v 0.05273536 0.08020084 0.08695132
v 0.05194794 0.08036184 0.08702486
v 0.05086362 0.08034874 0.08701946
v 0.04962299 0.08014476 0.08692568
v 0.04846835 0.07983135 0.08674249
v 0.04841463 0.07981097 0.08672616
v 0.04740876 0.07942929 0.08642031
v 0.04695004 0.07918861 0.08616216
v 0.04677708 0.07906775 0.08600594
v 0.04660059 0.07884576 0.08564818
v 0.04660056 0.07877755 0.08551030
v 0.04666128 0.07895652 0.08584068
v 0.04661800 0.07873852 0.08542236
v 0.04666409 0.07868941 0.08529925
v 0.04672998 0.07864867 0.08518294
v 0.04690300 0.07858805 0.08497196
v 0.04739756 0.07851859 0.08458479
v 0.04766121 0.07851057 0.08444392
v 0.04802485 0.07849951 0.08424962
v 0.04987548 0.07856252 0.08364323
v 0.05101295 0.07860314 0.08346973
v 0.05206203 0.07859975 0.08348242
v 0.05285815 0.07855109 0.08369797
v 0.05322102 0.07851891 0.08391236
v 0.05339564 0.07850869 0.08408580
v 0.05356083 0.07849902 0.08424986
v 0.05376889 0.07851626 0.08456326
v 0.05377665 0.07852045 0.08458442
v 0.05396474 0.07862222 0.08509791
v 0.05399801 0.07875057 0.08541751
v 0.05401982 0.07883470 0.08562698
v 0.05393950 0.07914194 0.08610432
v 0.05391824 0.07918861 0.08616216
v 0.05371589 0.07951047 0.08649491
v 0.05339748 0.07983135 0.08674249
v 0.05331770 0.07988342 0.08677403
v 0.05304501 0.08006138 0.08688184
v 0.06600000 0.08423465 0.08547691
v -0.06599994 0.08421693 0.08546927
v -0.06599990 0.08410335 0.08573268
v 0.06600000 0.08405962 0.08575214
v -0.06599981 0.08376531 0.08620430
v 0.06600000 0.08376995 0.08620763
v 0.06600000 0.08363930 0.08632097
v -0.06599979 0.08372540 0.08625998
v -0.06599967 0.08322847 0.08669909
v 0.06600000 0.08311583 0.08677509
v -0.06599964 0.08310979 0.08676408
v -0.06599937 0.08146828 0.08724274
v -0.06599932 0.08074001 0.08714975
v -0.06599933 0.08061781 0.08710276
v -0.06794242 0.08116830 0.08719143
v -0.06599949 0.08232189 0.08711557
v -0.06599944 0.08205116 0.08719687
v 0.03513773 0.08300382 0.08684276
v 0.06600000 0.08232682 0.08713197
v 0.06600000 0.08302248 0.08681731
v -0.06599954 0.08264532 0.08701845
v -0.06599963 0.08301940 0.08681358
v 0.06600000 0.08229549 0.08713622
v 0.06600000 0.08146873 0.08724850
v 0.06600000 0.08071268 0.08713049
v 0.06600000 0.08061312 0.08711496
v 0.06600000 0.07998489 0.08681564
v 0.06600000 0.07983135 0.08674249
v 0.06600000 0.07936121 0.08631800
v 0.06600000 0.07918861 0.08616216
v 0.06600000 0.07873852 0.08542236
v 0.06600000 0.07861340 0.08494583
v 0.06600000 0.07851859 0.08458479
v 0.06600000 0.07849985 0.08425000
v 0.05103869 0.08427744 0.08424053
v 0.05100000 0.08447115 0.08464386
v -0.05100000 0.08432548 0.08525000
v -0.06599998 0.08438256 0.08503108
v -0.06599998 0.08436375 0.08512878
v -0.05100000 0.08447115 0.08464386
v -0.00900000 0.08432548 0.08525000
v 0.05100000 0.08432548 0.08525000
v 0.06600000 0.08436303 0.08502470
v -0.05100000 0.08449713 0.08425000
v -0.06600001 0.08448972 0.08447461
v -0.06600000 0.07849930 0.08425000
v -0.06599990 0.07853620 0.08458283
v -0.06599979 0.07859061 0.08495137
v -0.06599966 0.07874904 0.08541879
v -0.06599981 0.07857047 0.08489194
v -0.06599947 0.07919543 0.08615560
v -0.06651178 0.07877872 0.08553632
v -0.06599944 0.07935757 0.08632401
v -0.06769279 0.07957595 0.08643650
v -0.06599936 0.07984127 0.08672738
v -0.06599934 0.07998421 0.08682125
v 0.06682347 0.08473072 0.08460478
v 0.06633596 0.08231352 0.08713921
v 0.06775206 0.08384288 0.08666000
v 0.06804236 0.08069586 0.08706476
v 0.06973597 0.07966162 0.08596820
v 0.06674950 0.08375712 0.08182082
v 0.06676891 0.08200631 0.08126537
v 0.06704032 0.08109956 0.08117022
v 0.06937314 0.07970856 0.08191866
v 0.06600000 0.07851891 0.08391236
v 0.06600000 0.07873953 0.08307526
v 0.06600000 0.07863425 0.08347472
v 0.06600000 0.07893899 0.08274802
v 0.06600000 0.07919010 0.08233605
v 0.06600000 0.07936111 0.08218188
v 0.06600000 0.07983305 0.08175637
v 0.06600000 0.07997744 0.08168769
v 0.06600000 0.08061481 0.08138452
v 0.06600000 0.08070293 0.08137082
v 0.06600000 0.08147023 0.08125149
v 0.06600000 0.08228574 0.08136262
v 0.06600000 0.08232800 0.08136837
v 0.06600000 0.08311662 0.08172543
v 0.06600000 0.08301501 0.08167942
v 0.06600000 0.08377039 0.08229288
v 0.06600000 0.08363928 0.08217908
v 0.06600000 0.08423481 0.08302346
v 0.06600000 0.08410258 0.08281544
v 0.06600000 0.08447117 0.08385626
v 0.06600000 0.08438548 0.08355431
v 0.07365454 0.08666394 0.08479020
v 0.06815536 0.08506019 0.08659463
v 0.06144146 0.09302536 0.08504656
v 0.05933701 0.09404191 0.08245557
v 0.05939619 0.09536414 0.08144165
v 0.05948315 0.09647497 0.08124988
v 0.05961334 0.09800112 0.08167275
v 0.05983802 0.09860147 0.08216271
v 0.06245044 0.09725726 0.08090071
v 0.05877859 0.09383877 0.08289335
v 0.05877858 0.09438110 0.08213345
v 0.05877858 0.09434366 0.08216273
v 0.05877858 0.09514494 0.08159671
v 0.05877858 0.09497671 0.08166765
v 0.05877857 0.09603291 0.08131390
v 0.05877856 0.09696391 0.08131467
v 0.05877855 0.09785178 0.08159717
v 0.05877855 0.09861588 0.08213342
v 0.05969502 0.09905517 0.08273662
v 0.05877854 0.09915207 0.08289629
v 0.05991418 0.09944286 0.08387567
v 0.05877855 0.09943467 0.08378437
v 0.05877854 0.09939167 0.08346716
v 0.05877857 0.09949780 0.08425000
v 0.05877855 0.09865324 0.08216271
v 0.06455761 0.09522722 0.08743486
v 0.06219091 0.09433214 0.08675615
v 0.06314754 0.09625598 0.08722614
v 0.05983803 0.09860149 0.08633727
v 0.06813057 0.09268374 0.08153388
v 0.05975611 0.09930418 0.08524648
v 0.05877855 0.09944107 0.08471677
v 0.05877854 0.09915816 0.08560664
v 0.05877854 0.09912279 0.08569755
v 0.05877855 0.09865326 0.08633727
v 0.05877855 0.09861585 0.08636652
v 0.06182217 0.09823730 0.08650630
v 0.05877855 0.09785203 0.08690327
v 0.05877856 0.09696406 0.08718609
v 0.05877856 0.09728620 0.08714187
v 0.05877857 0.09603307 0.08718533
v 0.05877858 0.09514520 0.08690285
v 0.05877858 0.09438107 0.08636661
v 0.05877858 0.09434367 0.08633729
v 0.05932924 0.09412888 0.08614762
v 0.05877859 0.09384486 0.08560372
v 0.05101117 0.09373246 0.08525304
v 0.05100000 0.09349985 0.08425000
v 0.05100000 0.08447117 0.08385626
v 0.05101664 0.09374789 0.08324985
v 0.05100000 0.08466198 0.08525000
v 0.05100000 0.08432548 0.08325000
v 0.05100000 0.08466198 0.08325000
v -0.05100000 0.08447117 0.08385626
v -0.05100000 0.09349985 0.08425000
v -0.05100000 0.08466198 0.08525000
v -0.05100000 0.09353677 0.08378091
v -0.05100000 0.08466198 0.08325000
v -0.05100000 0.08432548 0.08325000
v -0.05099994 0.09364765 0.08524638
v -0.05119433 0.09378227 0.08330236
v -0.06599933 0.08094611 0.08130313
v -0.06599933 0.08061980 0.08140112
v -0.06830146 0.08293826 0.08121023
v -0.06599937 0.08147104 0.08126182
v -0.06599937 0.08149940 0.08125959
v -0.06599963 0.08301306 0.08167875
v -0.06599959 0.08287386 0.08158733
v -0.06599964 0.08310683 0.08174033
v -0.06599972 0.08341528 0.08194289
v -0.06599978 0.08363971 0.08217599
v -0.06599981 0.08376099 0.08230194
v -0.06599984 0.08387379 0.08241911
v -0.06599991 0.08410947 0.08281061
v -0.06599994 0.08421718 0.08298952
v -0.06599994 0.08422931 0.08302532
v -0.06599993 0.07850758 0.08402541
v -0.06600000 0.08445421 0.08385812
v -0.00900000 0.08432548 0.08325000
v -0.06599999 0.08440668 0.08354861
v -0.06600000 0.08442683 0.08360806
v -0.06599934 0.07997788 0.08168641
v -0.06599936 0.07983700 0.08176357
v -0.06599944 0.07927189 0.08224001
v -0.06599947 0.07976886 0.08180088
v -0.06599947 0.07919865 0.08234219
v -0.06599957 0.07889394 0.08276732
v -0.06599966 0.07875777 0.08308311
v -0.06599976 0.07861472 0.08346892
v -0.06599974 0.07863354 0.08337123
v -0.05981987 0.09925532 0.08313277
v -0.05877857 0.09936146 0.08347698
v -0.05877857 0.09864646 0.08216764
v -0.05877857 0.09906612 0.08274526
v -0.05877857 0.09785984 0.08157819
v -0.05877857 0.09801389 0.08169011
v -0.06219983 0.09691982 0.08129645
v -0.05877857 0.09728566 0.08139162
v -0.05877857 0.09649844 0.08128828
v -0.05877857 0.09602940 0.08128828
v -0.05877857 0.09572062 0.08138860
v -0.05989510 0.09521068 0.08148982
v -0.05877857 0.09498959 0.08168539
v -0.05877857 0.09437813 0.08212964
v -0.05877857 0.09435048 0.08216769
v -0.05877857 0.09388406 0.08280967
v -0.05877857 0.09382668 0.08288864
v -0.05877857 0.09949713 0.08425000
v -0.00900000 0.09367150 0.08325000
v -0.05877857 0.09393083 0.08575471
v -0.05877857 0.09435049 0.08633233
v -0.06200729 0.09408036 0.08671275
v -0.05877857 0.09498306 0.08680986
v -0.05877857 0.09513713 0.08692181
v -0.05877857 0.09571127 0.08710836
v -0.05877857 0.09602940 0.08721172
v -0.05877857 0.09649847 0.08721172
v -0.05877857 0.09696758 0.08721172
v -0.05877857 0.09727631 0.08711141
v -0.05877857 0.09800735 0.08681464
v -0.05877857 0.09911290 0.08569036
v -0.05877857 0.09864648 0.08633234
v -0.05968991 0.09860661 0.08635025
v -0.05877857 0.09946021 0.08471909
v -0.05877857 0.09938677 0.08494511
v -0.05877857 0.09382668 0.08561136
v -0.00900000 0.09367150 0.08525000
v -0.06672825 0.07916902 0.08238562
v -0.06745261 0.08025951 0.08157106
v -0.06678340 0.08075663 0.08135698
v -0.06659979 0.08151929 0.08125107
v -0.06649201 0.08416467 0.08278728
v -0.06688100 0.08460881 0.08328232
v -0.06615328 0.08450445 0.08423893
v -0.06748129 0.07862525 0.08384258
v -0.05932418 0.09403542 0.08248598
v -0.05969337 0.09860575 0.08214931
v -0.06131932 0.09861531 0.08224635
v -0.06135664 0.09931788 0.08395535
v -0.06054304 0.09920381 0.08537508
v -0.06499963 0.09726901 0.08658173
v -0.06484107 0.09509675 0.08722246
v -0.06664956 0.08464270 0.08458512
v -0.06625504 0.08410830 0.08574998
v -0.06708015 0.08370189 0.08648077
v -0.06643068 0.08231842 0.08713509
v -0.07186774 0.08653943 0.08350503
v -0.06653670 0.08150434 0.08725023
v -0.06804158 0.08024494 0.08686100
v -0.06460790 0.09091965 0.08550481
v -0.00900000 0.08466198 0.08325000
v -0.00900000 0.08466198 0.08525000
v -0.02700000 0.08899849 0.08425474
v 0.01833737 0.08876946 0.08426863
v 0.03737094 -0.03871939 0.09051668
v 0.03556955 -0.04100000 0.09283618
v 0.03618169 -0.04100000 0.09267377
v 0.03677419 -0.04100000 0.09230988
v 0.03692374 -0.04100000 0.09221802
v 0.03660400 -0.03944593 0.09247044
v 0.03723605 -0.04100000 0.09186803
v 0.03750354 -0.04100000 0.09156828
v 0.03760452 -0.04100000 0.09135220
v 0.03787221 -0.04100000 0.09077933
v 0.03797733 -0.04100000 0.09006298
v 0.03799864 -0.04100000 0.08991772
v 0.03792789 -0.04100000 0.08943573
v 0.03787218 -0.04100000 0.08905613
v 0.03729841 -0.04014643 0.08801156
v 0.03776416 -0.04100000 0.08882500
v 0.03750348 -0.04100000 0.08826720
v 0.03705043 -0.04100000 0.08775954
v 0.03692365 -0.04100000 0.08761747
v 0.03659858 -0.04100000 0.08741784
v 0.03618158 -0.04100000 0.08716175
v 0.03536136 -0.04100000 0.08694417
v 0.03268304 -0.03864421 0.08888031
v 0.03455728 -0.04058302 0.09289090
v 0.03500000 -0.04100000 0.09291643
v 0.03533998 -0.04100000 0.09289709
v 0.03530109 -0.04048715 0.08696151
v 0.03567377 -0.03907676 0.08751306
v 0.03500000 -0.04100000 0.08691914
v 0.03443045 -0.04100000 0.08699938
v 0.03381831 -0.04100000 0.08716180
v 0.03322581 -0.04100000 0.08752570
v 0.03307626 -0.04100000 0.08761755
v 0.03276395 -0.04100000 0.08796753
v 0.03257831 -0.04094409 0.08813417
v 0.03239548 -0.04100000 0.08848338
v 0.03212779 -0.04100000 0.08905624
v 0.03202267 -0.04100000 0.08977258
v 0.03200136 -0.04100000 0.08991784
v 0.03207211 -0.04100000 0.09039983
v 0.03212782 -0.04100000 0.09077944
v 0.03223584 -0.04100000 0.09101057
v 0.03249652 -0.04100000 0.09156837
v 0.03253930 -0.04100000 0.09161631
v 0.03294957 -0.04100000 0.09207603
v 0.03272309 -0.04026599 0.09193008
v 0.03297701 -0.04083505 0.09214996
v 0.03340142 -0.04100000 0.09241773
v 0.03381842 -0.04100000 0.09267381
v 0.03463864 -0.04100000 0.09289140
v 0.03466002 -0.04100000 0.08693848
v 0.03466013 -0.04100000 0.09289710
v 0.03618158 -0.06650000 0.08716175
v 0.03533987 -0.06650000 0.08693846
v 0.03622302 -0.06650000 0.08718719
v 0.03692365 -0.06650000 0.08761747
v 0.03750348 -0.06650000 0.08826720
v 0.03695260 -0.06650000 0.08764991
v 0.03751971 -0.06650000 0.08830192
v 0.03787218 -0.06650000 0.08905613
v 0.03799864 -0.06650000 0.08991772
v 0.03787700 -0.06650000 0.08908896
v 0.03787221 -0.06650000 0.09077933
v 0.03799457 -0.06650000 0.08994547
v 0.03786252 -0.06650000 0.09080007
v 0.03750354 -0.06650000 0.09156828
v 0.03692374 -0.06650000 0.09221802
v 0.03749173 -0.06650000 0.09158152
v 0.03618169 -0.06650000 0.09267377
v 0.03691299 -0.06650000 0.09222462
v 0.03617447 -0.06650000 0.09267569
v 0.03533998 -0.06650000 0.09289709
v 0.03533763 -0.06650000 0.09289722
v 0.03500000 -0.06650000 0.08691914
v 0.03381842 -0.06650000 0.09267381
v 0.03466013 -0.06650000 0.09289710
v 0.03307635 -0.06650000 0.09221809
v 0.03365032 -0.06650000 0.09257058
v 0.03249652 -0.06650000 0.09156837
v 0.03289975 -0.06650000 0.09202020
v 0.03235541 -0.06650000 0.09126642
v 0.03212782 -0.06650000 0.09077944
v 0.03200136 -0.06650000 0.08991784
v 0.03206953 -0.06650000 0.09038229
v 0.03206953 -0.06650000 0.08945328
v 0.03249646 -0.06650000 0.08826730
v 0.03235540 -0.06650000 0.08856915
v 0.03307626 -0.06650000 0.08761755
v 0.03289974 -0.06650000 0.08781536
v 0.03365031 -0.06650000 0.08726498
v 0.03381831 -0.06650000 0.08716180
v 0.03479098 -0.06905804 0.08691483
v 0.03453504 -0.06650000 0.08697163
v 0.03622524 -0.06904641 0.08718526
v 0.03688384 -0.07036106 0.08749675
v 0.03691863 -0.06904640 0.08762453
v 0.03750135 -0.06904640 0.08829356
v 0.03732705 -0.06927058 0.08801786
v 0.03787588 -0.06904639 0.08909045
v 0.03767030 -0.06948523 0.08853187
v 0.03790545 -0.06904639 0.08916846
v 0.03799886 -0.06904639 0.08981987
v 0.03798912 -0.06904639 0.08994531
v 0.03794794 -0.06904639 0.09047597
v 0.03798671 -0.06904639 0.08997635
v 0.03785198 -0.06904639 0.09079742
v 0.03781642 -0.07021971 0.09091415
v 0.03748872 -0.06904639 0.09158052
v 0.03730945 -0.06891477 0.09185332
v 0.03690738 -0.06904639 0.09221714
v 0.03616777 -0.06904639 0.09266063
v 0.03588353 -0.06904640 0.09278365
v 0.03533589 -0.06904640 0.09288819
v 0.03212592 -0.06716676 0.09077306
v 0.03203828 -0.06707912 0.09038687
v 0.03232819 -0.06736904 0.09127914
v 0.03272810 -0.06776894 0.09187490
v 0.03289549 -0.06793634 0.09202020
v 0.03338186 -0.06842271 0.09244236
v 0.03364736 -0.06868827 0.09257183
v 0.03400519 -0.06904619 0.09274633
v 0.03437545 -0.06919513 0.09283820
v 0.03379071 -0.06883156 0.08721339
v 0.03366214 -0.06870299 0.08728749
v 0.03400534 -0.06904619 0.08708968
v 0.03304799 -0.06808884 0.08764149
v 0.03289771 -0.06793855 0.08781343
v 0.03248296 -0.06752380 0.08828796
v 0.03232819 -0.06736904 0.08855643
v 0.03212428 -0.06716512 0.08906804
v 0.03208161 -0.06711800 0.08918509
v 0.03200045 -0.06704176 0.08991779
v 0.03203217 -0.06707309 0.09031113
v 0.03355698 -0.07359757 0.09172698
v 0.03423158 -0.07056565 0.08688937
v 0.03460626 -0.07257519 0.08599487
v 0.03422530 -0.07262948 0.08608837
v 0.03500000 -0.07256171 0.08597167
v 0.03303518 -0.07155548 0.08727046
v 0.03292899 -0.07299297 0.08671436
v 0.03247542 -0.07325537 0.08716625
v 0.03230363 -0.07233254 0.08794723
v 0.03211077 -0.07270928 0.08836018
v 0.03199610 -0.07297176 0.08916694
v 0.03219319 -0.07342485 0.09011981
v 0.03213452 -0.07451166 0.08932977
v 0.03291273 -0.07388425 0.09106829
v 0.03250637 -0.07490422 0.09000581
v 0.03243426 -0.07482809 0.08987471
v 0.03308606 -0.07522708 0.09056183
v 0.03382526 -0.07545333 0.09095147
v 0.03499783 -0.07093303 0.09278787
v 0.03377128 -0.07179312 0.09235106
v 0.03426666 -0.07134129 0.09261844
v 0.03387056 -0.07170257 0.09240465
v 0.03315974 -0.07234111 0.09182731
v 0.03291438 -0.07254990 0.09155387
v 0.03323872 -0.07227390 0.09191533
v 0.03252073 -0.07285154 0.09095324
v 0.03288722 -0.07257302 0.09152361
v 0.03259854 -0.07279028 0.09108919
v 0.03221178 -0.07300873 0.09025444
v 0.03210972 -0.07303797 0.08993908
v 0.03227546 -0.07299049 0.09045116
v 0.03210283 -0.07303994 0.08991779
v 0.03207582 -0.07303728 0.08980255
v 0.03202045 -0.07282547 0.08880524
v 0.03200031 -0.07292295 0.08908994
v 0.03200347 -0.07293111 0.08913201
v 0.03200279 -0.07292936 0.08912295
v 0.03213171 -0.07258782 0.08833595
v 0.03220903 -0.07246064 0.08814678
v 0.03212783 -0.07259421 0.08834546
v 0.03286296 -0.07163277 0.08737660
v 0.03316526 -0.07131504 0.08721341
v 0.03329474 -0.07117895 0.08714352
v 0.03396452 -0.07049674 0.08696425
v 0.03421829 -0.07022363 0.08692799
v 0.03436491 -0.06947699 0.08697067
v 0.03444290 -0.06963962 0.08694660
v -0.03210283 -0.07303994 0.08991779
v -0.03203917 -0.07302339 0.08960787
v -0.03207582 -0.07303728 0.08980255
v -0.03200279 -0.07292936 0.08912295
v -0.03200031 -0.07292295 0.08908994
v -0.03205682 -0.07273026 0.08858926
v -0.03213171 -0.07258782 0.08833595
v -0.03236930 -0.07222002 0.08784869
v -0.03252124 -0.07203407 0.08768048
v -0.03286296 -0.07163277 0.08737660
v -0.03291691 -0.07157607 0.08734747
v -0.03396452 -0.07049674 0.08696425
v -0.03316526 -0.07131504 0.08721341
v -0.03445051 -0.06987464 0.08692225
v -0.03427382 -0.07015491 0.08692242
v -0.03444290 -0.06963962 0.08694660
v -0.03425697 -0.07018201 0.08692246
v 0.03454037 -0.07003136 0.08689018
v -0.03379744 -0.06883829 0.08720923
v -0.03379056 -0.06883141 0.08721319
v -0.03417581 -0.06919255 0.08703104
v -0.03305254 -0.06809338 0.08763760
v -0.03304862 -0.06808947 0.08764206
v -0.03248513 -0.06752598 0.08828461
v -0.03227608 -0.06731693 0.08866390
v -0.03212484 -0.06716569 0.08906612
v -0.03212442 -0.06716526 0.08906807
v -0.03203225 -0.06707310 0.08948849
v -0.03200045 -0.06704176 0.08991779
v -0.03430390 -0.07336102 0.09214675
v -0.03427369 -0.07088895 0.08676609
v -0.03345817 -0.07105476 0.08708898
v -0.03210813 -0.07334014 0.08981417
v -0.03210988 -0.07303778 0.08993903
v -0.03221437 -0.07300570 0.09025384
v -0.03229922 -0.07297966 0.09050945
v -0.03259959 -0.07388551 0.09072014
v -0.03265155 -0.07275633 0.09119094
v -0.03355245 -0.07407115 0.09149902
v -0.03316378 -0.07233482 0.09181976
v -0.03324148 -0.07226737 0.09190078
v -0.03292241 -0.07254435 0.09156808
v -0.03340890 -0.07212205 0.09207533
v -0.03387040 -0.07170212 0.09240560
v -0.03401805 -0.07155954 0.09250359
v -0.03355709 -0.07198721 0.09218138
v -0.03467816 -0.07109535 0.09273799
v -0.03475599 -0.07099661 0.09276012
v -0.03495646 -0.07093098 0.09278009
v -0.03444558 -0.08223193 0.08736641
v -0.03378927 -0.07543201 0.09091469
v -0.03334673 -0.08144059 0.08728427
v -0.03306342 -0.07520550 0.09052460
v -0.03291273 -0.07514996 0.09042897
v -0.03249734 -0.07488325 0.08996964
v -0.03238176 -0.07507379 0.08967855
v -0.03210813 -0.07446348 0.08924677
v -0.03200003 -0.07406802 0.08856573
v -0.03200000 -0.07302661 0.08909154
v -0.03200000 -0.07406792 0.08856556
v -0.03211053 -0.07366801 0.08787687
v -0.03222833 -0.07262469 0.08799559
v -0.03291272 -0.07216895 0.08711478
v -0.03249666 -0.07325235 0.08716106
v -0.03306307 -0.07293007 0.08660606
v -0.03291272 -0.07298586 0.08670215
v -0.03480336 -0.07097376 0.08668645
v -0.03378967 -0.07270410 0.08621691
v -0.03461141 -0.07258624 0.08601393
v -0.03500000 -0.07256171 0.08597167
v -0.03553095 -0.07067424 0.08683728
v -0.03460860 -0.06904641 0.08694479
v -0.03500000 -0.07092503 0.09278138
v 0.03500000 -0.07006911 0.09291629
v -0.03500000 -0.07006911 0.09291629
v -0.03500000 -0.07092424 0.09278150
v -0.03468799 -0.06962609 0.09288695
v 0.03448957 -0.06948948 0.09286474
v -0.03425970 -0.06929124 0.09282082
v -0.03429612 -0.06931972 0.09282645
v 0.03429795 -0.06931411 0.09281789
v -0.03417728 -0.06921189 0.09279670
v 0.03418807 -0.06921356 0.09279104
v -0.03521330 -0.06976602 0.09292390
v 0.03500286 -0.06966364 0.09290733
v -0.03202732 -0.06706817 0.09031152
v -0.03212484 -0.06716569 0.09076945
v -0.03226368 -0.06730453 0.09114433
v -0.03248513 -0.06752598 0.09155096
v -0.03275135 -0.06779221 0.09185454
v -0.03305254 -0.06809338 0.09219797
v -0.03340580 -0.06844670 0.09240131
v -0.03379730 -0.06883826 0.09262666
v -0.03400519 -0.06904619 0.09274633
v -0.03500000 -0.07055959 0.09282795
v -0.03500000 -0.06650000 0.08691914
v -0.03466032 -0.06650000 0.08694141
v -0.03460860 -0.06904641 0.09289077
v -0.03466021 -0.06650000 0.09289416
v -0.03460860 -0.06650000 0.09289077
v -0.03429939 -0.06904630 0.09281676
v -0.03378034 -0.06650000 0.09265718
v -0.03381985 -0.06650000 0.09266832
v -0.03305254 -0.06650000 0.09219797
v -0.03307856 -0.06650000 0.09221439
v -0.03248513 -0.06650000 0.09155096
v -0.03249863 -0.06650000 0.09156636
v -0.03212484 -0.06650000 0.09076945
v -0.03212912 -0.06650000 0.09077872
v -0.03200136 -0.06650000 0.08991779
v -0.03212484 -0.06650000 0.08906612
v -0.03200137 -0.06650000 0.08991773
v -0.03248513 -0.06650000 0.08828461
v -0.03212916 -0.06650000 0.08905675
v -0.03305254 -0.06650000 0.08763760
v -0.03249871 -0.06650000 0.08826912
v -0.03378034 -0.06650000 0.08717839
v -0.03307865 -0.06650000 0.08762112
v -0.03460860 -0.06650000 0.08694479
v -0.03381995 -0.06650000 0.08716721
v -0.03500000 -0.06650000 0.09291643
v -0.03533998 -0.06650000 0.08693848
v -0.03618167 -0.06650000 0.08716179
v -0.03618169 -0.06650000 0.08716180
v -0.03657207 -0.06876069 0.08735986
v -0.03692372 -0.06650000 0.08761753
v -0.03617859 -0.06904642 0.08717083
v -0.03750352 -0.06650000 0.08826727
v -0.03710837 -0.06997499 0.08773527
v -0.03692373 -0.06650000 0.08761755
v -0.03691665 -0.06904642 0.08762483
v -0.03748840 -0.06904642 0.08827721
v -0.03787220 -0.06650000 0.08905619
v -0.03750354 -0.06650000 0.08826730
v -0.03767332 -0.06909424 0.08855902
v -0.03786219 -0.06904641 0.08905997
v -0.03799864 -0.06650000 0.08991779
v -0.03787220 -0.06650000 0.08905624
v -0.03799712 -0.06904641 0.08982207
v -0.03790072 -0.06908421 0.08916135
v -0.03799863 -0.06650000 0.08991784
v -0.03794582 -0.06904637 0.09047811
v -0.03787220 -0.06650000 0.09077937
v -0.03798969 -0.06904641 0.08991708
v -0.03750352 -0.06650000 0.09156831
v -0.03787217 -0.06650000 0.09077943
v -0.03785716 -0.06904640 0.09077488
v -0.03749613 -0.06904639 0.09156424
v -0.03692372 -0.06650000 0.09221803
v -0.03750348 -0.06650000 0.09156836
v -0.03725312 -0.06914213 0.09189846
v -0.03691716 -0.06904639 0.09220901
v -0.03692365 -0.06650000 0.09221808
v -0.03648603 -0.06904639 0.09252231
v -0.03618167 -0.06650000 0.09267377
v -0.03617449 -0.06904639 0.09265718
v -0.03533998 -0.06650000 0.09289709
v -0.03618159 -0.06650000 0.09267380
v -0.03513141 -0.06908723 0.09291529
v -0.03553291 -0.04100000 0.09284589
v -0.03533987 -0.04100000 0.09289710
v -0.03618159 -0.04100000 0.09267381
v -0.03661708 -0.04100000 0.09240636
v -0.03708069 -0.04100000 0.09204212
v -0.03692366 -0.04100000 0.09221809
v -0.03750349 -0.04100000 0.09156837
v -0.03773804 -0.04100000 0.09106647
v -0.03791182 -0.04100000 0.09050939
v -0.03787218 -0.04100000 0.09077943
v -0.03799864 -0.04100000 0.08991784
v -0.03791199 -0.04100000 0.08932730
v -0.03773850 -0.04100000 0.08877009
v -0.03787221 -0.04100000 0.08905624
v -0.03750354 -0.04100000 0.08826729
v -0.03708145 -0.04100000 0.08779428
v -0.03661800 -0.04100000 0.08742977
v -0.03692374 -0.04100000 0.08761755
v -0.03558580 -0.03950262 0.08729099
v -0.03553394 -0.04100000 0.08698994
v -0.03618169 -0.04100000 0.08716180
v -0.03533998 -0.04100000 0.08693848
v -0.03500000 -0.04100000 0.08691914
v -0.03500000 -0.04100000 0.09291643
v -0.03446709 -0.04100000 0.08698967
v -0.03466013 -0.04100000 0.08693846
v -0.03381841 -0.04100000 0.08716175
v -0.03338292 -0.04100000 0.08742920
v -0.03291931 -0.04100000 0.08779345
v -0.03307634 -0.04100000 0.08761748
v -0.03249651 -0.04100000 0.08826720
v -0.03226196 -0.04100000 0.08876910
v -0.03208818 -0.04100000 0.08932617
v -0.03212782 -0.04100000 0.08905613
v -0.03212779 -0.04100000 0.09077934
v -0.03200136 -0.04100000 0.08991773
v -0.03208801 -0.04100000 0.09050826
v -0.03249646 -0.04100000 0.09156828
v -0.03226150 -0.04100000 0.09106548
v -0.03307626 -0.04100000 0.09221802
v -0.03291855 -0.04100000 0.09204128
v -0.03381831 -0.04100000 0.09267377
v -0.03338200 -0.04100000 0.09240580
v -0.03389413 -0.04100000 0.09269389
v -0.03589823 -0.03975870 0.09259642
v -0.03412932 -0.03968762 0.09261832
v -0.03505420 -0.03775872 0.08977191
v -0.03409915 -0.03959098 0.08732009
v 0.03653136 -0.07152157 0.09245118
v 0.03707408 -0.07233925 0.09165992
v 0.03699218 -0.07428442 0.09110236
v 0.03616549 -0.07092864 0.08690432
v 0.03580809 -0.06992054 0.08698864
v 0.03715433 -0.06996712 0.08777637
v 0.03703443 -0.07016573 0.08763175
v 0.03689073 -0.07073332 0.08740275
v 0.03692461 -0.07118487 0.08731324
v 0.03691129 -0.07113562 0.08731702
v 0.03690569 -0.07104485 0.08733529
v 0.03710790 -0.07186247 0.08726118
v 0.03750624 -0.07281657 0.08738800
v 0.03773799 -0.07333759 0.08756922
v 0.03766076 -0.07337354 0.08736974
v 0.03751080 -0.07325997 0.08717415
v 0.03750093 -0.07325249 0.08716128
v 0.03730942 -0.07310746 0.08691151
v 0.03743576 -0.07265812 0.08733289
v 0.03694804 -0.07293179 0.08660899
v 0.03727026 -0.07225648 0.08729669
v 0.03688599 -0.07229966 0.08686537
v 0.03627574 -0.07270522 0.08621880
v 0.03622477 -0.07269646 0.08620373
v 0.03683662 -0.07287764 0.08651573
v 0.03581896 -0.07209340 0.08632826
v 0.03539185 -0.07258366 0.08600948
v 0.03616153 -0.07268560 0.08618503
v 0.03530048 -0.07257854 0.08600066
v 0.03725818 -0.06981855 0.08790457
v 0.03749280 -0.06960508 0.08822907
v 0.03787737 -0.06941351 0.08905962
v 0.03777319 -0.06943845 0.08876346
v 0.03788397 -0.06941473 0.08908713
v 0.03799111 -0.06947906 0.08967136
v 0.03795024 -0.06942709 0.08936320
v 0.03799946 -0.06956586 0.08996394
v 0.03793173 -0.06985637 0.09052470
v 0.03799967 -0.06956812 0.08997156
v 0.03778723 -0.07028322 0.09095882
v 0.03767199 -0.07065072 0.09117008
v 0.03457386 -0.07252116 0.09255053
v 0.03533561 -0.07555792 0.09113158
v 0.03561036 -0.07454850 0.09162971
v 0.03518267 -0.07557056 0.09115334
v 0.03640384 -0.07539848 0.09085702
v 0.03616843 -0.07544533 0.09093768
v 0.03604722 -0.07546944 0.09097922
v 0.03691138 -0.07522519 0.09055858
v 0.03682450 -0.07525485 0.09060966
v 0.03799246 -0.07405774 0.08874033
v 0.03799223 -0.07408176 0.08858952
v 0.03791261 -0.07391670 0.08944318
v 0.03793643 -0.07437304 0.08909106
v 0.03773319 -0.07468732 0.08963229
v 0.03784723 -0.07370274 0.08980992
v 0.03748194 -0.07490074 0.08999985
v 0.03777794 -0.07347121 0.09011524
v 0.03761319 -0.07275780 0.09077450
v 0.03773740 -0.07333572 0.09029393
v 0.03753656 -0.07210582 0.09110889
v 0.03753409 -0.07149231 0.09125917
v 0.03757244 -0.07115964 0.09126624
v 0.03753640 -0.07206417 0.09111909
v 0.03799937 -0.07404450 0.08852538
v 0.03784317 -0.07358956 0.08774155
v 0.05194794 -0.08036184 0.08702486
v 0.05273536 -0.08020084 0.08695132
v 0.05086362 -0.08034874 0.08701946
v 0.04962299 -0.08014476 0.08692568
v 0.04840723 -0.07981158 0.08672916
v 0.04848210 -0.07983211 0.08674126
v 0.04740876 -0.07942929 0.08642031
v 0.03799716 -0.07403557 0.08849480
v 0.04677708 -0.07906775 0.08600594
v 0.04695004 -0.07918861 0.08616216
v 0.04663131 -0.07891986 0.08577908
v 0.03797699 -0.07395405 0.08821572
v 0.04659737 -0.07882811 0.08561416
v 0.04660862 -0.07877925 0.08550956
v 0.03792808 -0.07380924 0.08796799
v 0.04661800 -0.07873852 0.08542236
v 0.03787767 -0.07367884 0.08783356
v 0.04690300 -0.07858805 0.08497196
v 0.04676872 -0.07863116 0.08512766
v 0.04666409 -0.07868941 0.08529926
v 0.04739756 -0.07851859 0.08458479
v 0.04766121 -0.07851057 0.08444392
v 0.04802485 -0.07849951 0.08424962
v 0.04872549 -0.07851522 0.08397661
v 0.04889037 -0.07851891 0.08391236
v 0.04987548 -0.07856252 0.08364323
v 0.03533675 -0.08271612 0.08698342
v 0.03500000 -0.08301257 0.08683892
v 0.03515306 -0.08298222 0.08685622
v 0.03617035 -0.08186904 0.08722566
v 0.03617405 -0.08186515 0.08722610
v 0.03562305 -0.08243153 0.08709978
v 0.03572683 -0.08232487 0.08712366
v 0.03672312 -0.08123826 0.08723733
v 0.03690223 -0.08100545 0.08719373
v 0.03622540 -0.08181113 0.08723230
v 0.03652295 -0.08146865 0.08723531
v 0.03719843 -0.08061460 0.08711113
v 0.03748976 -0.08018016 0.08693990
v 0.03716794 -0.08066006 0.08712904
v 0.03776946 -0.07967813 0.08663320
v 0.03751190 -0.08014714 0.08692688
v 0.03768267 -0.07983763 0.08673253
v 0.03799743 -0.07894830 0.08582746
v 0.03794989 -0.07919473 0.08615759
v 0.03793710 -0.07926102 0.08624640
v 0.03520208 -0.07982442 0.08176216
v 0.03519259 -0.07983311 0.08175645
v 0.03539204 -0.07967266 0.08188636
v 0.03618726 -0.07908552 0.08246972
v 0.03602647 -0.07919647 0.08234154
v 0.03622369 -0.07906429 0.08250542
v 0.03574478 -0.07939088 0.08211697
v 0.03694415 -0.07867886 0.08327184
v 0.03678735 -0.07874734 0.08307809
v 0.03670831 -0.07878188 0.08298041
v 0.03751356 -0.07850356 0.08410091
v 0.03739562 -0.07853103 0.08391411
v 0.03752304 -0.07850304 0.08411909
v 0.03715335 -0.07858748 0.08353036
v 0.03782195 -0.07854947 0.08479328
v 0.03773296 -0.07853012 0.08458370
v 0.03759118 -0.07849928 0.08424981
v 0.03786945 -0.07860152 0.08497707
v 0.03799390 -0.07892406 0.08577878
v 0.03796782 -0.07874503 0.08541911
v 0.03796163 -0.07870253 0.08533372
v 0.03510505 -0.07999450 0.08165730
v 0.05307221 -0.08004692 0.08687389
v 0.05337043 -0.07985275 0.08675668
v 0.05339331 -0.07983194 0.08674167
v 0.05360431 -0.07964001 0.08660327
v 0.05376941 -0.07943913 0.08642965
v 0.05391824 -0.07918861 0.08616216
v 0.05396017 -0.07905643 0.08596925
v 0.05401570 -0.07888142 0.08571384
v 0.05401508 -0.07874305 0.08543297
v 0.05401354 -0.07873907 0.08542215
v 0.05397268 -0.07863310 0.08513396
v 0.05389158 -0.07855959 0.08484560
v 0.05377998 -0.07851859 0.08458479
v 0.05358296 -0.07850100 0.08428369
v 0.05322102 -0.07851891 0.08391236
v 0.05305744 -0.07853307 0.08382481
v 0.05356083 -0.07849902 0.08424986
v 0.05269616 -0.07856434 0.08363143
v 0.05228749 -0.07859039 0.08351871
v 0.05119446 -0.07860645 0.08345757
v 0.03480480 -0.07983598 0.08176016
v 0.03460782 -0.07967553 0.08188741
v 0.03485564 -0.07987739 0.08172733
v 0.03501338 -0.07998717 0.08165963
v 0.03397690 -0.07920395 0.08234752
v 0.03367577 -0.07900158 0.08259049
v 0.03428351 -0.07941137 0.08209692
v 0.03303127 -0.07861169 0.08335510
v 0.03320732 -0.07874219 0.08307662
v 0.03260617 -0.07853313 0.08391382
v 0.03248479 -0.07851231 0.08412047
v 0.03275663 -0.07855893 0.08365767
v 0.03213892 -0.07856958 0.08490634
v 0.03240882 -0.07849928 0.08424981
v 0.03225765 -0.07852012 0.08458468
v 0.03201643 -0.07889809 0.08573960
v 0.03203764 -0.07875050 0.08541753
v 0.03202318 -0.07910441 0.08605560
v 0.03205123 -0.07919528 0.08615614
v 0.03213335 -0.07946139 0.08645045
v 0.03231286 -0.07983533 0.08673727
v 0.03234457 -0.07990141 0.08678795
v 0.03280770 -0.08061674 0.08710206
v 0.03307770 -0.08098910 0.08720502
v 0.03268388 -0.08046643 0.08707036
v 0.03347524 -0.08146933 0.08723883
v 0.03357427 -0.08158903 0.08724728
v 0.03465061 -0.08253127 0.08713128
v 0.03485983 -0.08300476 0.08684142
v -0.03377491 -0.08181153 0.08723227
v -0.03437695 -0.08243153 0.08709978
v -0.03427317 -0.08232487 0.08712366
v -0.03306471 -0.08096247 0.08718568
v -0.03347705 -0.08146865 0.08723531
v -0.03248808 -0.08014710 0.08692686
v -0.03248671 -0.08014462 0.08692530
v -0.03283204 -0.08066003 0.08712904
v -0.03280157 -0.08061460 0.08711113
v -0.03222725 -0.07967435 0.08662999
v -0.03213775 -0.07944927 0.08642110
v -0.03231733 -0.07983763 0.08673253
v -0.03205011 -0.07919473 0.08615759
v -0.03200257 -0.07894829 0.08582745
v -0.03206289 -0.07926099 0.08624637
v -0.03203837 -0.07870252 0.08533370
v -0.03200793 -0.07891150 0.08575354
v -0.03203218 -0.07874503 0.08541911
v -0.03240882 -0.07849928 0.08424981
v -0.03217969 -0.07855864 0.08484596
v -0.03248644 -0.07850356 0.08410091
v -0.03260438 -0.07853103 0.08391411
v -0.03248637 -0.07850355 0.08410105
v -0.03287017 -0.07857639 0.08354775
v -0.03321264 -0.07874734 0.08307808
v -0.03329155 -0.07878180 0.08298056
v -0.03381262 -0.07908543 0.08246982
v -0.03397353 -0.07919648 0.08234154
v -0.03342804 -0.07878630 0.08292978
v -0.03425508 -0.07939077 0.08211707
v -0.03501467 -0.07998722 0.08165980
v -0.03485874 -0.07988015 0.08172555
v -0.03480189 -0.07982851 0.08176013
v -0.03500000 -0.08301257 0.08683892
v -0.03484752 -0.08296709 0.08686562
v -0.03489495 -0.07999450 0.08165730
v -0.03530057 -0.07257828 0.08600020
v -0.03519520 -0.07983598 0.08176016
v -0.03533636 -0.07972100 0.08185136
v -0.03514433 -0.07987743 0.08172730
v -0.03510505 -0.07999185 0.08165884
v -0.03571643 -0.07941141 0.08209688
v -0.03616199 -0.07268494 0.08618388
v -0.03565726 -0.07262647 0.08602042
v -0.03602310 -0.07920395 0.08234752
v -0.03616897 -0.07910527 0.08246674
v -0.03617193 -0.07268664 0.08618682
v -0.03682100 -0.07872667 0.08310594
v -0.03683706 -0.07287676 0.08651424
v -0.03627596 -0.07270448 0.08621754
v -0.03690537 -0.07869316 0.08321616
v -0.03690863 -0.07291151 0.08657409
v -0.03633452 -0.07899327 0.08260205
v -0.03679269 -0.07874219 0.08307661
v -0.03731012 -0.07310648 0.08690984
v -0.03739383 -0.07853313 0.08391382
v -0.03748201 -0.07851801 0.08406394
v -0.03748102 -0.07323582 0.08713258
v -0.03724338 -0.07855893 0.08365767
v -0.03517747 -0.07557104 0.09115418
v -0.03518269 -0.07557061 0.09115343
v -0.03539264 -0.08266359 0.08700397
v -0.03539135 -0.07555338 0.09112376
v -0.03614433 -0.08189634 0.08722213
v -0.03558292 -0.08247198 0.08708622
v -0.03604738 -0.07546966 0.09097958
v -0.03622112 -0.07543510 0.09092006
v -0.03622435 -0.08180896 0.08722929
v -0.03579337 -0.07552019 0.09106659
v -0.03692284 -0.08098818 0.08720490
v -0.03652476 -0.08146933 0.08723882
v -0.03642566 -0.08158912 0.08724727
v -0.03682495 -0.07525519 0.09061023
v -0.03684478 -0.07421142 0.09116133
v -0.03695149 -0.08094868 0.08719397
v -0.03640518 -0.07539848 0.09085700
v -0.03695693 -0.07520868 0.09053013
v -0.03733766 -0.08041638 0.08704659
v -0.03719231 -0.08061674 0.08710206
v -0.03739984 -0.07497179 0.09012217
v -0.03751147 -0.08013472 0.08690513
v -0.03751183 -0.07487669 0.08995839
v -0.03786672 -0.07946112 0.08645023
v -0.03768713 -0.07983534 0.08673726
v -0.03765539 -0.07990148 0.08678799
v -0.03783280 -0.07453586 0.08937143
v -0.03786754 -0.07448216 0.08927896
v -0.03787736 -0.07942666 0.08641210
v -0.03797682 -0.07910442 0.08605562
v -0.03794877 -0.07919528 0.08615614
v -0.03798084 -0.07406251 0.08900612
v -0.03799077 -0.07889811 0.08572784
v -0.03792808 -0.07380924 0.08796799
v -0.03796236 -0.07875050 0.08541753
v -0.03799504 -0.07883500 0.08562756
v -0.03791307 -0.07862305 0.08510072
v -0.03785563 -0.07858628 0.08492336
v -0.03797708 -0.07395436 0.08821643
v -0.03799828 -0.07404458 0.08852538
v -0.03799766 -0.07403817 0.08849393
v -0.03784317 -0.07358956 0.08774155
v -0.03775500 -0.07852187 0.08461270
v -0.03786257 -0.07363976 0.08779329
v -0.03766242 -0.07337313 0.08736899
v -0.03759118 -0.07849928 0.08424981
v -0.03774235 -0.07852012 0.08458468
v -0.03518279 -0.07422134 0.09183582
v -0.03669734 -0.07315244 0.09192980
v -0.03744898 -0.07209846 0.09124647
v -0.03693400 -0.07009273 0.09226886
v -0.03616549 -0.07192823 0.08655476
v -0.03616549 -0.07092864 0.08690432
v -0.03692565 -0.07049207 0.08747971
v -0.03688910 -0.07065660 0.08741858
v -0.03690465 -0.07104469 0.08733471
v -0.03753409 -0.07149231 0.09125917
v -0.03762052 -0.07088900 0.09122919
v -0.03756852 -0.07118733 0.09126768
v -0.03768542 -0.07061965 0.09114563
v -0.03761319 -0.07275780 0.09077450
v -0.03773740 -0.07333572 0.09029393
v -0.03753656 -0.07210582 0.09110889
v -0.03753640 -0.07206417 0.09111909
v -0.03796801 -0.07402086 0.08909572
v -0.03786861 -0.07377420 0.08971569
v -0.03784723 -0.07370274 0.08980992
v -0.03778472 -0.07345320 0.09015088
v -0.03778158 -0.07034612 0.09098804
v -0.03789970 -0.06995303 0.09064983
v -0.03798779 -0.06958126 0.08996262
v -0.03798820 -0.06965047 0.09017017
v -0.03788334 -0.06941547 0.08908716
v -0.03798712 -0.06946893 0.08962579
v -0.03787930 -0.06941339 0.08906620
v -0.03767032 -0.06948655 0.08853820
v -0.03735751 -0.06971244 0.08803262
v -0.03715538 -0.06996712 0.08777835
v -0.03690648 -0.07239622 0.08683817
v -0.03750624 -0.07281657 0.08738800
v -0.03773799 -0.07333759 0.08756922
v -0.03743576 -0.07265812 0.08733289
v -0.03727026 -0.07225648 0.08729669
v -0.03710790 -0.07186247 0.08726118
v -0.03692461 -0.07118486 0.08731324
v -0.03691129 -0.07113562 0.08731702
v -0.04871648 -0.07851281 0.08397144
v -0.04892372 -0.07852170 0.08391276
v -0.05273536 -0.08020084 0.08695132
v -0.05194794 -0.08036184 0.08702486
v -0.05086362 -0.08034874 0.08701946
v -0.04962299 -0.08014476 0.08692568
v -0.04846835 -0.07983135 0.08674249
v -0.04841463 -0.07981097 0.08672616
v -0.04740876 -0.07942929 0.08642031
v -0.04695004 -0.07918861 0.08616216
v -0.04677708 -0.07906775 0.08600594
v -0.04660059 -0.07884576 0.08564818
v -0.04660056 -0.07877755 0.08551030
v -0.04666128 -0.07895652 0.08584068
v -0.04661800 -0.07873852 0.08542236
v -0.04666409 -0.07868941 0.08529925
v -0.04672998 -0.07864867 0.08518294
v -0.04690300 -0.07858805 0.08497196
v -0.04739756 -0.07851859 0.08458479
v -0.04766121 -0.07851057 0.08444392
v -0.04802485 -0.07849951 0.08424962
v -0.04987548 -0.07856252 0.08364323
v -0.05101295 -0.07860314 0.08346973
v -0.05206203 -0.07859975 0.08348242
v -0.05285815 -0.07855109 0.08369797
v -0.05322102 -0.07851891 0.08391236
v -0.05339564 -0.07850869 0.08408580
v -0.05356083 -0.07849902 0.08424986
v -0.05376889 -0.07851626 0.08456326
v -0.05377665 -0.07852045 0.08458442
v -0.05396474 -0.07862222 0.08509791
v -0.05399801 -0.07875057 0.08541751
v -0.05401982 -0.07883470 0.08562698
v -0.05393950 -0.07914194 0.08610432
v -0.05391824 -0.07918861 0.08616216
v -0.05371589 -0.07951047 0.08649491
v -0.05339748 -0.07983135 0.08674249
v -0.05331770 -0.07988342 0.08677403
v -0.05304501 -0.08006138 0.08688184
v -0.06600000 -0.08423465 0.08547691
v 0.06599994 -0.08421693 0.08546927
v 0.06599990 -0.08410335 0.08573268
v -0.06600000 -0.08405962 0.08575214
v 0.06599981 -0.08376531 0.08620430
v -0.06600000 -0.08376995 0.08620763
v -0.06600000 -0.08363930 0.08632097
v 0.06599979 -0.08372540 0.08625998
v 0.06599967 -0.08322847 0.08669909
v -0.06600000 -0.08311583 0.08677509
v 0.06599964 -0.08310979 0.08676408
v 0.06599937 -0.08146828 0.08724274
v 0.06599932 -0.08074001 0.08714975
v 0.06599933 -0.08061781 0.08710276
v 0.06794242 -0.08116830 0.08719143
v 0.06599949 -0.08232189 0.08711557
v 0.06599944 -0.08205116 0.08719687
v -0.03513773 -0.08300382 0.08684276
v -0.06600000 -0.08232682 0.08713197
v -0.06600000 -0.08302248 0.08681731
v 0.06599954 -0.08264532 0.08701845
v 0.06599963 -0.08301940 0.08681358
v -0.06600000 -0.08229549 0.08713622
v -0.06600000 -0.08146873 0.08724850
v -0.06600000 -0.08071268 0.08713049
v -0.06600000 -0.08061312 0.08711496
v -0.06600000 -0.07998489 0.08681564
v -0.06600000 -0.07983135 0.08674249
v -0.06600000 -0.07936121 0.08631800
v -0.06600000 -0.07918861 0.08616216
v -0.06600000 -0.07873852 0.08542236
v -0.06600000 -0.07861340 0.08494583
v -0.06600000 -0.07851859 0.08458479
v -0.06600000 -0.07849985 0.08425000
v -0.05103869 -0.08427744 0.08424053
v -0.05100000 -0.08447115 0.08464386
v 0.05100000 -0.08432548 0.08525000
v 0.06599998 -0.08438256 0.08503108
v 0.06599998 -0.08436375 0.08512878
v 0.05100000 -0.08447115 0.08464386
v 0.00900000 -0.08432548 0.08525000
v -0.05100000 -0.08432548 0.08525000
v -0.06600000 -0.08436303 0.08502470
v 0.05100000 -0.08449713 0.08425000
v 0.06600001 -0.08448972 0.08447461
v 0.06600000 -0.07849930 0.08425000
v 0.06599990 -0.07853620 0.08458283
v 0.06599979 -0.07859061 0.08495137
v 0.06599966 -0.07874904 0.08541879
v 0.06599981 -0.07857047 0.08489194
v 0.06599947 -0.07919543 0.08615560
v 0.06651178 -0.07877872 0.08553632
v 0.06599944 -0.07935757 0.08632401
v 0.06769279 -0.07957595 0.08643650
v 0.06599936 -0.07984127 0.08672738
v 0.06599934 -0.07998421 0.08682125
v -0.06682347 -0.08473072 0.08460478
v -0.06633596 -0.08231352 0.08713921
v -0.06775206 -0.08384288 0.08666000
v -0.06804236 -0.08069586 0.08706476
v -0.06973597 -0.07966162 0.08596820
v -0.06674950 -0.08375712 0.08182082
v -0.06676891 -0.08200631 0.08126537
v -0.06704032 -0.08109956 0.08117022
v -0.06937314 -0.07970856 0.08191866
v -0.06600000 -0.07851891 0.08391236
v -0.06600000 -0.07873953 0.08307526
v -0.06600000 -0.07863425 0.08347472
v -0.06600000 -0.07893899 0.08274802
v -0.06600000 -0.07919010 0.08233605
v -0.06600000 -0.07936111 0.08218188
v -0.06600000 -0.07983305 0.08175637
v -0.06600000 -0.07997744 0.08168769
v -0.06600000 -0.08061481 0.08138452
v -0.06600000 -0.08070293 0.08137082
v -0.06600000 -0.08147023 0.08125149
v -0.06600000 -0.08228574 0.08136262
v -0.06600000 -0.08232800 0.08136837
v -0.06600000 -0.08311662 0.08172543
v -0.06600000 -0.08301501 0.08167942
v -0.06600000 -0.08377039 0.08229288
v -0.06600000 -0.08363928 0.08217908
v -0.06600000 -0.08423481 0.08302346
v -0.06600000 -0.08410258 0.08281544
v -0.06600000 -0.08447117 0.08385626
v -0.06600000 -0.08438548 0.08355431
v -0.07365454 -0.08666394 0.08479020
v -0.06815536 -0.08506019 0.08659463
v -0.06144146 -0.09302536 0.08504656
v -0.05933701 -0.09404191 0.08245557
v -0.05939619 -0.09536414 0.08144165
v -0.05948315 -0.09647497 0.08124988
v -0.05961334 -0.09800112 0.08167275
v -0.05983802 -0.09860147 0.08216271
v -0.06245044 -0.09725726 0.08090071
v -0.05877859 -0.09383877 0.08289335
v -0.05877858 -0.09438110 0.08213345
v -0.05877858 -0.09434366 0.08216273
v -0.05877858 -0.09514494 0.08159671
v -0.05877858 -0.09497671 0.08166765
v -0.05877857 -0.09603291 0.08131390
v -0.05877856 -0.09696391 0.08131467
v -0.05877855 -0.09785178 0.08159717
v -0.05877855 -0.09861588 0.08213342
v -0.05969502 -0.09905517 0.08273662
v -0.05877854 -0.09915207 0.08289629
v -0.05991418 -0.09944286 0.08387567
v -0.05877855 -0.09943467 0.08378437
v -0.05877854 -0.09939167 0.08346716
v -0.05877857 -0.09949780 0.08425000
v -0.05877855 -0.09865324 0.08216271
v -0.06455761 -0.09522722 0.08743486
v -0.06219091 -0.09433214 0.08675615
v -0.06314754 -0.09625598 0.08722614
v -0.05983803 -0.09860149 0.08633727
v -0.06813057 -0.09268374 0.08153388
v -0.05975611 -0.09930418 0.08524648
v -0.05877855 -0.09944107 0.08471677
v -0.05877854 -0.09915816 0.08560664
v -0.05877854 -0.09912279 0.08569755
v -0.05877855 -0.09865326 0.08633727
v -0.05877855 -0.09861585 0.08636652
v -0.06182217 -0.09823730 0.08650630
v -0.05877855 -0.09785203 0.08690327
v -0.05877856 -0.09696406 0.08718609
v -0.05877856 -0.09728620 0.08714187
v -0.05877857 -0.09603307 0.08718533
v -0.05877858 -0.09514520 0.08690285
v -0.05877858 -0.09438107 0.08636661
v -0.05877858 -0.09434367 0.08633729
v -0.05932924 -0.09412888 0.08614762
v -0.05877859 -0.09384486 0.08560372
v -0.05101117 -0.09373246 0.08525304
v -0.05100000 -0.09349985 0.08425000
v -0.05100000 -0.08447117 0.08385626
v -0.05101664 -0.09374789 0.08324985
v -0.05100000 -0.08466198 0.08525000
v -0.05100000 -0.08432548 0.08325000
v -0.05100000 -0.08466198 0.08325000
v 0.05100000 -0.08447117 0.08385626
v 0.05100000 -0.09349985 0.08425000
v 0.05100000 -0.08466198 0.08525000
v 0.05100000 -0.09353677 0.08378091
v 0.05100000 -0.08466198 0.08325000
v 0.05100000 -0.08432548 0.08325000
v 0.05099994 -0.09364765 0.08524638
v 0.05119433 -0.09378227 0.08330236
v 0.06599933 -0.08094611 0.08130313
v 0.06599933 -0.08061980 0.08140112
v 0.06830146 -0.08293826 0.08121023
v 0.06599937 -0.08147104 0.08126182
v 0.06599937 -0.08149940 0.08125959
v 0.06599963 -0.08301306 0.08167875
v 0.06599959 -0.08287386 0.08158733
v 0.06599964 -0.08310683 0.08174033
v 0.06599972 -0.08341528 0.08194289
v 0.06599978 -0.08363971 0.08217599
v 0.06599981 -0.08376099 0.08230194
v 0.06599984 -0.08387379 0.08241911
v 0.06599991 -0.08410947 0.08281061
v 0.06599994 -0.08421718 0.08298952
v 0.06599994 -0.08422931 0.08302532
v 0.06599993 -0.07850758 0.08402541
v 0.06600000 -0.08445421 0.08385812
v 0.00900000 -0.08432548 0.08325000
v 0.06599999 -0.08440668 0.08354861
v 0.06600000 -0.08442683 0.08360806
v 0.06599934 -0.07997788 0.08168641
v 0.06599936 -0.07983700 0.08176357
v 0.06599944 -0.07927189 0.08224001
v 0.06599947 -0.07976886 0.08180088
v 0.06599947 -0.07919865 0.08234219
v 0.06599957 -0.07889394 0.08276732
v 0.06599966 -0.07875777 0.08308311
v 0.06599976 -0.07861472 0.08346892
v 0.06599974 -0.07863354 0.08337123
v 0.05981987 -0.09925532 0.08313277
v 0.05877857 -0.09936146 0.08347698
v 0.05877857 -0.09864646 0.08216764
v 0.05877857 -0.09906612 0.08274526
v 0.05877857 -0.09785984 0.08157819
v 0.05877857 -0.09801389 0.08169011
v 0.06219983 -0.09691982 0.08129645
v 0.05877857 -0.09728566 0.08139162
v 0.05877857 -0.09649844 0.08128828
v 0.05877857 -0.09602940 0.08128828
v 0.05877857 -0.09572062 0.08138860
v 0.05989510 -0.09521068 0.08148982
v 0.05877857 -0.09498959 0.08168539
v 0.05877857 -0.09437813 0.08212964
v 0.05877857 -0.09435048 0.08216769
v 0.05877857 -0.09388406 0.08280967
v 0.05877857 -0.09382668 0.08288864
v 0.05877857 -0.09949713 0.08425000
v 0.00900000 -0.09367150 0.08325000
v 0.05877857 -0.09393083 0.08575471
v 0.05877857 -0.09435049 0.08633233
v 0.06200729 -0.09408036 0.08671275
v 0.05877857 -0.09498306 0.08680986
v 0.05877857 -0.09513713 0.08692181
v 0.05877857 -0.09571127 0.08710836
v 0.05877857 -0.09602940 0.08721172
v 0.05877857 -0.09649847 0.08721172
v 0.05877857 -0.09696758 0.08721172
v 0.05877857 -0.09727631 0.08711141
v 0.05877857 -0.09800735 0.08681464
v 0.05877857 -0.09911290 0.08569036
v 0.05877857 -0.09864648 0.08633234
v 0.05968991 -0.09860661 0.08635025
v 0.05877857 -0.09946021 0.08471909
v 0.05877857 -0.09938677 0.08494511
v 0.05877857 -0.09382668 0.08561136
v 0.00900000 -0.09367150 0.08525000
v 0.06672825 -0.07916902 0.08238562
v 0.06745261 -0.08025951 0.08157106
v 0.06678340 -0.08075663 0.08135698
v 0.06659979 -0.08151929 0.08125107
v 0.06649201 -0.08416467 0.08278728
v 0.06688100 -0.08460881 0.08328232
v 0.06615328 -0.08450445 0.08423893
v 0.06748129 -0.07862525 0.08384258
v 0.05932418 -0.09403542 0.08248598
v 0.05969337 -0.09860575 0.08214931
v 0.06131932 -0.09861531 0.08224635
v 0.06135664 -0.09931788 0.08395535
v 0.06054304 -0.09920381 0.08537508
v 0.06499963 -0.09726901 0.08658173
v 0.06484107 -0.09509675 0.08722246
v 0.06664956 -0.08464270 0.08458512
v 0.06625504 -0.08410830 0.08574998
v 0.06708015 -0.08370189 0.08648077
v 0.06643068 -0.08231842 0.08713509
v 0.07186774 -0.08653943 0.08350503
v 0.06653670 -0.08150434 0.08725023
v 0.06804158 -0.08024494 0.08686100
v 0.06460790 -0.09091965 0.08550481
v 0.00900000 -0.08466198 0.08325000
v 0.00900000 -0.08466198 0.08525000
v 0.02700000 -0.08899849 0.08425474
v -0.01833737 -0.08876946 0.08426863
v -0.04759862 0.04000000 0.24425000
v -0.04759862 0.09100000 0.24425000
v 0.00340138 0.09100000 0.24425000
v 0.00340138 0.04000000 0.24525000
v -0.04759862 0.04000000 0.24525000
v -0.04759862 0.09100000 0.24525000
v 0.00340138 0.09100000 0.24525000
v 0.00201249 0.04642273 0.24344000
v -0.00078044 0.07032857 0.24197353
v -0.03198516 0.05762346 0.24504528
v -0.14254356 0.05643515 0.17483060
v -0.14254356 0.05699005 0.17435001
v -0.14254356 0.05643612 0.17483046
v -0.14254356 0.05643729 0.17483064
v -0.14536399 0.05874136 0.17430856
v -0.14264357 0.05643729 0.17483064
v -0.14264357 0.05643612 0.17483046
v -0.14264357 0.05643515 0.17483060
v -0.14264357 0.05643422 0.17483099
v -0.14260468 0.05645131 0.17484459
v -0.14403705 0.05290334 0.17437289
v -0.14272640 0.05573731 0.17516969
v -0.10692895 -0.03774440 0.17285001
v -0.10677751 -0.03744720 0.17285001
v -0.10712809 -0.03794354 0.17285001
v -0.10712809 -0.03794354 0.17125000
v -0.10692895 -0.03774440 0.17125000
v -0.10771341 -0.03837338 0.17205000
v -0.03400000 -0.05291940 0.17285001
v -0.03956793 0.07432106 0.17229874
v -0.04420740 -0.04022875 0.17285001
v -0.05432508 -0.03794354 0.17285001
v -0.05432508 -0.03744720 0.17285001
v -0.10873839 -0.03630031 0.17209211
v -0.04079831 -0.03302721 0.17243224
v -0.03914350 0.02090774 0.17205000
v -0.03667547 0.05547985 0.17203174
v -0.05030094 0.07304932 0.17195517
v -0.05432508 -0.07740000 0.17285001
v -0.05432508 -0.03923688 0.17285001
v -0.07922706 -0.02798126 0.17260239
v -0.07648845 -0.02616569 0.17267466
v -0.14623155 -0.02575927 0.17285001
v -0.14588586 0.02860097 0.17219546
v -0.05432508 0.06989435 0.17285001
v -0.11504987 0.06989435 0.17285001
v -0.05432508 0.07218034 0.17285001
v -0.11504987 0.07218034 0.17285001
v -0.05432508 0.07286614 0.17285001
v -0.12625640 0.02056178 0.17285001
v -0.13438643 0.06966007 0.17173199
v -0.13188017 0.07105005 0.17285001
v -0.13300629 0.07218034 0.17285001
v -0.11504987 0.07286614 0.17285001
v -0.11504987 0.07397105 0.17285001
v -0.11504987 0.07740005 0.17285001
v -0.10885206 0.05995269 0.17285001
v -0.14064512 0.07067413 0.17285001
v -0.14564946 -0.03755977 0.17285001
v -0.12187638 -0.02744368 0.17285001
v -0.14660854 0.07515340 0.17210503
v -0.14935602 0.05469928 0.17257849
v -0.15447255 -0.05483819 0.17285001
v -0.15242511 -0.04102673 0.17285001
v -0.14832417 -0.01208057 0.17202670
v -0.15250401 0.01592797 0.17285001
v -0.15370527 0.05060879 0.17279442
v -0.15503826 0.04914749 0.17173000
v -0.14528902 0.06278912 0.17274101
v -0.14880235 -0.05218260 0.17285001
v -0.14945326 -0.04749730 0.17285001
v -0.15167004 -0.02944724 0.17219892
v -0.14419662 0.00850231 0.17207099
v -0.14463148 0.05286233 0.17285001
v -0.15459280 0.06891247 0.17225465
v -0.13771605 0.06956468 0.17285001
v -0.13604989 0.06871686 0.17285001
v -0.04212635 -0.03014936 0.17193410
v -0.05241223 0.07525332 0.17285001
v -0.05627812 0.07397105 0.17285001
v -0.04453453 -0.03911767 0.17285001
v -0.04317078 -0.04051845 0.17169000
v -0.15470451 0.05739171 0.17285001
v -0.14890586 0.03640370 0.17285001
v -0.15080788 0.02749187 0.17259283
v -0.14601387 0.02277287 0.17285001
v -0.14795856 0.02083305 0.17285001
v -0.14552480 0.01996029 0.17285001
v -0.14541545 0.02083788 0.17285001
v -0.14542365 0.02082180 0.17285001
v -0.14542365 0.01985914 0.17285001
v -0.14533217 0.02126695 0.17170714
v -0.14541545 0.01984306 0.17285001
v -0.14394351 0.01708498 0.17141327
v -0.14569227 0.01574670 0.17285001
v -0.14785575 -0.04670167 0.17285001
v -0.04301686 -0.07254358 0.17285001
v -0.15378123 -0.05369827 0.17163509
v -0.15056513 0.05213760 0.17125000
v -0.14874240 0.05863570 0.17125000
v -0.14906311 0.03304164 0.17125000
v -0.14436678 -0.03242448 0.17125000
v -0.13915476 0.07507700 0.17205000
v -0.14219955 -0.07740000 0.17125000
v -0.13492367 -0.03214214 0.17125000
v -0.09987694 0.06049078 0.17125000
v -0.12402808 -0.07740000 0.17125000
v -0.11504987 -0.03485627 0.17125000
v -0.11504987 -0.03358627 0.17125000
v -0.11504987 -0.03231627 0.17125000
v -0.11504987 -0.03104627 0.17125000
v -0.12402808 0.07218034 0.17125000
v -0.11504987 0.07286614 0.17125000
v -0.11504987 0.07397105 0.17125000
v -0.11504987 0.07740005 0.17125000
v -0.10830289 -0.06335554 0.17215363
v -0.05432508 -0.03923688 0.17125000
v -0.05432508 -0.03358627 0.17125000
v -0.05432508 -0.03231627 0.17125000
v -0.05432508 -0.03104627 0.17125000
v -0.07912785 -0.00741728 0.17204427
v -0.05432508 0.07286614 0.17125000
v -0.05432508 -0.03794354 0.17125000
v -0.05432508 -0.03744720 0.17125000
v -0.04360680 -0.03723978 0.17125000
v -0.05432508 -0.03485627 0.17125000
v -0.05432508 -0.02557750 0.17125000
v -0.04035423 -0.07260769 0.17125000
v -0.03978202 -0.03639988 0.17125000
v -0.12105891 -0.02849704 0.17125000
v -0.07751353 -0.02934851 0.17125000
v -0.07787749 -0.02570587 0.17125000
v -0.14613957 0.06717480 0.17125000
v -0.15117464 -0.06370934 0.17206579
v -0.14823721 -0.05944853 0.17231490
v -0.14828091 -0.05243216 0.17125000
v -0.15193667 0.01761638 0.17125000
v -0.14839957 0.02509274 0.17136690
v -0.14431711 0.05512067 0.17155164
v -0.05432508 0.07740005 0.17125000
v -0.10801099 -0.06137102 0.17125000
v -0.05562931 0.07498741 0.17179634
v -0.05627812 0.07397105 0.17125000
v -0.15481319 0.05454301 0.17147295
v -0.15242415 0.04544975 0.17136339
v -0.14630657 0.02433055 0.17189211
v -0.14541545 0.01984306 0.17125000
v -0.14541545 0.02083788 0.17125000
v -0.14552480 0.02072065 0.17125000
v -0.14677837 0.02056135 0.17175196
v -0.14542365 0.01985914 0.17125000
v -0.14542365 0.02082180 0.17125000
v -0.14900063 -0.04366688 0.17244048
v -0.14674934 -0.03979277 0.17125000
v -0.15155466 -0.04499173 0.17125000
v -0.15187862 -0.07461448 0.17192834
v 0.19417024 0.00629912 0.13255902
v 0.19416975 0.00625018 0.13225000
v 0.19447925 0.00629602 0.13225000
v 0.19475943 0.00643525 0.13225000
v 0.19498286 0.00665425 0.13225000
v 0.19512770 0.00693158 0.13225000
v 0.19517975 0.00724009 0.13225000
v 0.19417168 0.00644115 0.13283778
v 0.19513080 0.00724058 0.13255902
v 0.19417389 0.00666237 0.13305902
v 0.19498877 0.00724201 0.13283778
v 0.19417670 0.00694113 0.13320105
v 0.19475456 0.00669221 0.13298373
v 0.19476755 0.00724423 0.13305902
v 0.19417979 0.00725013 0.13325000
v 0.19448880 0.00724702 0.13320105
v 0.19436049 0.02524922 0.13325000
v 0.19466949 0.02524612 0.13320105
v 0.19494824 0.02524332 0.13305902
v 0.19516946 0.02524110 0.13283778
v 0.19531151 0.02523967 0.13255902
v 0.19536044 0.02523918 0.13225000
v 0.19517975 0.00724009 0.11725000
v 0.19536044 0.02523918 0.11725000
v 0.19436360 0.02555822 0.13320105
v 0.19436639 0.02583698 0.13305902
v 0.19531461 0.02554867 0.13225000
v 0.19436862 0.02605820 0.13283778
v 0.19517537 0.02582885 0.13225000
v 0.19437004 0.02620023 0.13255902
v 0.19494816 0.02597708 0.13280214
v 0.19495638 0.02605230 0.13225000
v 0.19437053 0.02624917 0.13225000
v 0.19467905 0.02619713 0.13225000
v 0.15636241 0.02563070 0.13325000
v 0.15618170 0.00763160 0.13325000
v 0.19531461 0.02554867 0.11725000
v 0.19517537 0.02582885 0.11725000
v 0.19506443 0.02595949 0.11724950
v 0.19508163 0.02594201 0.11725000
v 0.19484674 0.02611638 0.11718771
v 0.19470198 0.02618675 0.11712456
v 0.19493172 0.02607001 0.11722203
v 0.19490453 0.02608829 0.11721291
v 0.19468434 0.02619533 0.11711686
v 0.19495499 0.02605063 0.11722684
v 0.19467888 0.02619628 0.11711396
v 0.19453778 0.02622089 0.11703897
v 0.19437608 0.02624910 0.11695304
v 0.19437053 0.02624917 0.11695000
v 0.20087021 0.02618392 0.11695000
v 0.20087006 0.02616924 0.11704270
v 0.20086963 0.02612663 0.11712634
v 0.20086812 0.02597663 0.11723531
v 0.20086896 0.02606026 0.11719270
v 0.20086719 0.02588393 0.11725000
v 0.15636551 0.02593970 0.13320105
v 0.15636832 0.02621845 0.13305902
v 0.15637053 0.02643967 0.13283778
v 0.15637196 0.02658171 0.13255902
v 0.15637245 0.02663065 0.13225000
v 0.15606296 0.02658481 0.13225000
v 0.15578278 0.02644557 0.13225000
v 0.15555933 0.02622657 0.13225000
v 0.15541451 0.02594925 0.13225000
v 0.15536246 0.02564074 0.13225000
v 0.15541141 0.02564025 0.13255902
v 0.15555344 0.02563882 0.13283778
v 0.15578764 0.02618860 0.13298373
v 0.15577466 0.02563660 0.13305902
v 0.15605341 0.02563380 0.13320105
v 0.19417531 0.00625014 0.11695304
v 0.19433754 0.00627509 0.11703897
v 0.19416975 0.00625018 0.11695000
v 0.19448459 0.00629771 0.11711686
v 0.19475908 0.00643567 0.11722879
v 0.19450389 0.00630421 0.11712627
v 0.19451379 0.00630755 0.11713110
v 0.19464709 0.00637431 0.11718604
v 0.19474292 0.00642304 0.11722520
v 0.19488687 0.00654299 0.11725000
v 0.19477863 0.00645209 0.11723203
v 0.19512770 0.00693158 0.11725000
v 0.19498286 0.00665425 0.11725000
v 0.20067151 0.00639221 0.11723531
v 0.20067244 0.00648491 0.11725000
v 0.20067067 0.00630858 0.11719270
v 0.20067000 0.00624222 0.11712634
v 0.20066957 0.00619961 0.11704270
v 0.20066943 0.00618492 0.11695000
v 0.20236846 0.02571719 0.11712978
v 0.20248212 0.00816683 0.11723531
v 0.20256575 0.00816599 0.11719270
v 0.20263211 0.00816532 0.11712634
v 0.20267473 0.00816489 0.11704270
v 0.20277678 0.00700616 0.11642269
v 0.20268941 0.00816475 0.11695000
v 0.20264275 0.02416602 0.11723531
v 0.20272636 0.02416518 0.11719270
v 0.20279274 0.02416451 0.11712634
v 0.20283534 0.02416409 0.11704270
v 0.20161314 0.00640134 0.11719060
v 0.20285002 0.02416394 0.11555000
v 0.20238942 0.00816776 0.11525000
v 0.20264275 0.02416602 0.11526469
v 0.20248212 0.00816683 0.11526469
v 0.20272636 0.02416518 0.11530730
v 0.20256575 0.00816599 0.11530730
v 0.20279274 0.02416451 0.11537366
v 0.20263211 0.00816532 0.11537366
v 0.20283534 0.02416409 0.11545730
v 0.20267473 0.00816489 0.11545730
v 0.20174330 0.02600470 0.11530903
v 0.20281397 0.02500495 0.11555888
v 0.20244546 0.02489872 0.11524959
v 0.20221066 0.00706312 0.11524771
v 0.20086958 0.00606726 0.11534574
v 0.19529343 0.01871913 0.11024797
v 0.15617860 0.00732260 0.13320105
v 0.15617581 0.00704385 0.13305902
v 0.15617358 0.00682263 0.13283778
v 0.15617216 0.00668060 0.13255902
v 0.15617168 0.00663165 0.13225000
v 0.15587271 0.00763471 0.13320105
v 0.15559395 0.00763751 0.13305902
v 0.15537273 0.00763973 0.13283778
v 0.15523070 0.00764115 0.13255902
v 0.15518176 0.00764164 0.13225000
v 0.15522760 0.00733215 0.13225000
v 0.15536684 0.00705197 0.13225000
v 0.15559405 0.00690374 0.13280213
v 0.15558583 0.00682853 0.13225000
v 0.15586316 0.00668370 0.13225000
v 0.15518176 0.00764164 0.11725000
v 0.15536246 0.02564074 0.11725000
v 0.15522760 0.00733215 0.11725000
v 0.15536684 0.00705197 0.11725000
v 0.15547778 0.00692134 0.11724950
v 0.15546057 0.00693881 0.11725000
v 0.15569547 0.00676445 0.11718771
v 0.15584023 0.00669407 0.11712456
v 0.15561047 0.00681081 0.11722203
v 0.15563768 0.00679254 0.11721291
v 0.15585786 0.00668549 0.11711686
v 0.15558722 0.00683019 0.11722684
v 0.15586331 0.00668454 0.11711396
v 0.15600443 0.00665993 0.11703897
v 0.15616612 0.00663173 0.11695304
v 0.15617168 0.00663165 0.11695000
v 0.15636690 0.02663069 0.11695304
v 0.15620467 0.02660573 0.11703897
v 0.15637245 0.02663065 0.11695000
v 0.15605762 0.02658312 0.11711686
v 0.15578313 0.02644515 0.11722879
v 0.15603831 0.02657661 0.11712627
v 0.15602841 0.02657327 0.11713110
v 0.15589510 0.02650652 0.11718604
v 0.15579929 0.02645779 0.11722519
v 0.15565533 0.02633783 0.11725000
v 0.15576358 0.02642873 0.11723203
v 0.15541451 0.02594925 0.11725000
v 0.15555933 0.02622657 0.11725000
v 0.14967200 0.00669691 0.11695000
v 0.14967215 0.00671159 0.11704270
v 0.14967258 0.00675420 0.11712634
v 0.14967407 0.00690419 0.11723531
v 0.14967323 0.00682057 0.11719270
v 0.14967500 0.00699689 0.11725000
v 0.14987070 0.02648862 0.11723531
v 0.14986977 0.02639591 0.11725000
v 0.14987154 0.02657224 0.11719270
v 0.14987221 0.02663861 0.11712634
v 0.14987263 0.02668122 0.11704270
v 0.14987277 0.02669590 0.11695000
v 0.14798541 0.00691563 0.11679216
v 0.14782021 0.02116129 0.11323349
v 0.14845099 0.02621718 0.11720590
v -0.10567438 0.04032852 0.22887320
v -0.10572362 0.06757457 0.24288204
v -0.10609862 0.04675000 0.24925000
v -0.10609862 0.02550000 0.24925000
v -0.10588143 0.00404451 0.23672445
v -0.10588164 0.06844390 0.23902796
v -0.10528759 0.04496875 0.24075000
v -0.10550402 -0.08099862 0.22527831
v -0.10555058 0.08124912 0.22456506
v -0.10509862 0.07106643 0.24071370
v -0.10561821 -0.01975059 0.23039850
v -0.10563708 0.07357718 0.24050778
v -0.10558473 0.09350000 0.24863619
v -0.10509862 0.00110000 0.24925000
v -0.10509862 -0.02268906 0.24001563
v -0.10509862 -0.00935000 0.24925000
v -0.10566544 -0.06186095 0.24264876
v -0.10560377 -0.09350000 0.24763900
v -0.10581902 -0.04855793 0.24136941
v -0.10471665 -0.09350000 0.25115211
v -0.10440764 -0.09350000 0.25020105
v -0.10527419 -0.09350000 0.25086803
v -0.10468640 -0.09350000 0.25005902
v -0.10571665 -0.09350000 0.25042557
v -0.10490764 -0.09350000 0.24983778
v -0.10600073 -0.09350000 0.24986803
v -0.10504967 -0.09350000 0.24955902
v -0.10471665 0.09350000 0.25115211
v -0.10121735 0.09352255 0.25088800
v -0.10468640 0.09350000 0.25005902
v -0.10600073 0.09350000 0.24986803
v -0.10504967 0.09350000 0.24955902
v -0.10571665 0.09350000 0.25042557
v -0.10490764 0.09350000 0.24983778
v -0.10527419 0.09350000 0.25086803
v -0.10409862 0.00000000 0.25125000
v -0.10115651 -0.09358903 0.25101486
v -0.07433405 -0.03414020 0.25090230
v -0.03917641 0.04705267 0.25073721
v -0.10109862 -0.09671352 0.25063168
v -0.10109862 -0.09590451 0.25004390
v -0.10109862 -0.09597552 0.24990451
v -0.10109862 -0.09638168 0.25096353
v -0.10109862 -0.09579389 0.25015451
v -0.10109862 -0.09692658 0.25021353
v -0.10109862 -0.09600000 0.24975000
v -0.10109862 -0.09700000 0.24975000
v 0.00890138 -0.09700000 0.24975000
v 0.00890138 -0.09692658 0.25021353
v 0.00890138 -0.09671352 0.25063168
v 0.00890138 -0.09638168 0.25096353
v 0.00890138 -0.09596352 0.25117659
v 0.00890138 -0.09565451 0.25022552
v 0.00890138 -0.09579389 0.25015451
v 0.00890138 -0.09590451 0.25004390
v 0.00890138 -0.09597552 0.24990451
v 0.00890138 -0.09600000 0.24975000
v -0.10109862 -0.09600000 0.24925000
v -0.10109862 -0.09700000 0.24925000
v -0.17081937 -0.09700000 0.17349319
v -0.17195947 -0.09633333 0.16540727
v -0.16785617 -0.09600000 0.18765781
v -0.16496799 -0.09650000 0.19659797
v -0.15524107 -0.09600000 0.21426849
v -0.14927669 -0.09650000 0.22218281
v -0.13900362 -0.09700000 0.23235531
v -0.13709047 -0.09600000 0.23395876
v -0.13217717 -0.09600000 0.23785719
v -0.11575484 -0.09647059 0.24773454
v -0.16007942 -0.09650000 0.20683960
v -0.16880809 -0.09666667 0.18415818
v -0.17200000 -0.09700000 0.16375000
v -0.17200000 -0.09600000 0.16375000
v 0.00890138 -0.09700000 0.24925000
v 0.00890138 -0.09600000 0.24925000
v 0.03699454 -0.09700000 0.24429642
v 0.04220879 -0.09640625 0.24224477
v -0.02252612 -0.09672000 0.22792937
v -0.02273250 -0.09600000 0.22713878
v -0.02955806 -0.09600000 0.22577734
v -0.08878901 -0.09650000 0.17609820
v -0.09200000 -0.09700000 0.16425000
v -0.09200000 -0.09600000 0.16425000
v -0.04560673 -0.09633333 0.22096027
v 0.00890138 0.09548295 0.25080266
v -0.09200000 -0.09600000 0.16375000
v -0.09200000 -0.09700000 0.16375000
v 0.00890138 0.09671352 0.25063168
v 0.00890138 0.09590451 0.25004390
v 0.00890138 0.09597552 0.24990451
v 0.00890138 0.09638168 0.25096353
v 0.00890138 0.09579389 0.25015451
v 0.00890138 0.09692658 0.25021353
v 0.00890138 0.09600000 0.24975000
v 0.00890138 0.09596352 0.25117659
v 0.00890138 0.09565451 0.25022552
v 0.00890138 0.09700000 0.24975000
v -0.10109862 0.09700000 0.24975000
v -0.10109862 0.09692658 0.25021353
v -0.10109862 0.09671352 0.25063168
v -0.10109862 0.09638168 0.25096353
v -0.10109862 0.09596352 0.25117659
v -0.04374862 0.09550000 0.25125000
v -0.10109862 0.09590451 0.25004390
v -0.10109862 0.09579389 0.25015451
v -0.10109862 0.09597552 0.24990451
v -0.10109862 0.09565451 0.25022552
v -0.10109862 0.09600000 0.24975000
v -0.04374862 0.09550000 0.25025000
v -0.03099862 0.09550000 0.25025000
v -0.10109862 0.09700000 0.24925000
v -0.10109862 0.09600000 0.24925000
v -0.10985605 0.09650000 0.24855287
v -0.12642796 0.09637500 0.24216675
v -0.13166078 0.09700000 0.23823303
v -0.13644460 0.09700000 0.23450705
v -0.15980178 0.09657143 0.20990998
v -0.16997760 0.09666667 0.17858308
v -0.17081924 0.09600000 0.17349312
v -0.17200000 0.09650000 0.16425000
v -0.17200000 0.09700000 0.16375000
v -0.17200000 0.09600000 0.16375000
v 0.00890138 0.09700000 0.24925000
v 0.00890138 0.09600000 0.24925000
v 0.04430493 0.09641463 0.24055102
v 0.03699454 0.09700000 0.24429642
v 0.03895782 0.09656000 0.22822688
v 0.00673035 0.09644000 0.22900745
v -0.09200000 0.09600000 0.16425000
v -0.07285298 0.09652273 0.20822971
v -0.03970390 0.09644444 0.22296984
v -0.02321274 0.09700000 0.22705330
v -0.02085579 0.09638462 0.22766082
v -0.03016227 0.09700000 0.22563837
v -0.08922322 0.09650000 0.17457250
v -0.09200000 0.09700000 0.16425000
v -0.09200000 0.09650003 0.16375032
v -0.17200000 -0.09596352 0.16232341
v -0.17200000 -0.09565451 0.16327448
v -0.17200000 -0.09550000 0.16325000
v -0.17200000 -0.09638168 0.16253647
v -0.17200000 -0.09579389 0.16334549
v -0.17200000 -0.09671352 0.16286832
v -0.17200000 -0.09590451 0.16345610
v -0.17200000 -0.09692658 0.16328647
v -0.17200000 -0.09597552 0.16359549
v -0.17200000 -0.09550000 0.16225000
v -0.09200000 -0.09550000 0.16225000
v -0.09200000 -0.09596352 0.16232341
v -0.09200000 -0.09638168 0.16253647
v -0.09200000 -0.09671352 0.16286832
v -0.09200000 -0.09692658 0.16328647
v -0.09200000 -0.09597552 0.16359549
v -0.09200000 -0.09590451 0.16345610
v -0.09200000 -0.09579389 0.16334549
v -0.09200000 -0.09565451 0.16327448
v -0.09600000 -0.08500000 0.16225000
v -0.09374501 -0.08549921 0.16286905
v -0.17129126 -0.08607980 0.16267424
v -0.16800000 -0.08500000 0.16325000
v -0.10968243 0.08812464 0.16262587
v -0.09200000 0.09630891 0.16316204
v -0.09200000 0.09692658 0.16328647
v -0.09200000 0.09597552 0.16359549
v -0.17200000 0.09692658 0.16328647
v -0.17200000 0.09597552 0.16359549
v -0.08394046 -0.09676923 0.21594551
v -0.08193297 -0.09700000 0.21268214
v 0.03630528 -0.09680128 0.23020122
v 0.01906387 -0.09640000 0.23510639
v -0.07891428 -0.09700000 0.21683702
v -0.08177221 -0.09626923 0.21830416
v -0.08193297 -0.09700000 0.21781786
v -0.08328297 -0.09700000 0.21366298
v -0.07853077 -0.09600000 0.21608435
v 0.01948412 -0.09644186 0.23960950
v 0.03525806 -0.09600000 0.23444834
v -0.08193297 -0.09600000 0.21268214
v -0.07891428 -0.09600000 0.21683702
v -0.08268564 -0.09650000 0.21306566
v -0.07831389 -0.09662500 0.21525000
v -0.07008439 -0.09651471 0.21046979
v 0.02268966 -0.09600000 0.23578638
v -0.08328297 -0.09600000 0.21366298
v 0.01834606 -0.09600000 0.23635777
v -0.07853077 0.09700000 0.21608435
v 0.03300806 0.09700000 0.23444833
v 0.03500946 0.09638961 0.23617727
v -0.08193297 0.09700000 0.21268214
v 0.02090580 0.09700000 0.23928818
v 0.02205025 0.09661702 0.23495049
v -0.08268564 0.09650000 0.21306566
v -0.08328297 0.09700000 0.21366298
v 0.01834606 0.09700000 0.23635777
v 0.01979065 0.09700000 0.23919295
v 0.01841850 0.09700000 0.23822942
v -0.08328479 0.09700000 0.21767643
v -0.08394096 0.09600000 0.21602229
v -0.07859232 0.09628571 0.21652702
v 0.01962929 0.09600000 0.23927957
v -0.08193297 0.09600000 0.21268214
v -0.07891428 0.09600000 0.21683702
v -0.08034728 0.09600000 0.21792808
v -0.08193297 0.09600000 0.21781786
v -0.08328297 0.09600000 0.21366298
v -0.09441489 -0.09201154 0.16243750
v -0.16386012 -0.09069529 0.16225000
v -0.13040320 -0.09156778 0.16251415
v -0.13393123 -0.08859689 0.16277941
v -0.13269528 -0.08786012 0.16225000
v -0.16375000 -0.09000000 0.16225000
v -0.13200000 -0.08775000 0.16225000
v -0.16774039 -0.09214666 0.16225000
v -0.16408521 -0.08857980 0.16278333
v -0.16386012 -0.08930471 0.16225000
v -0.13413988 -0.09069529 0.16325000
v -0.16629266 -0.09279483 0.16325000
v -0.16530472 -0.08786012 0.16325000
v -0.13425000 -0.09000000 0.16325000
v -0.16600000 -0.08775000 0.16325000
v -0.10013988 -0.09069529 0.16325000
v -0.13046204 -0.09191290 0.16325000
v -0.13130472 -0.08786012 0.16325000
v -0.10025000 -0.09000000 0.16325000
v -0.13200000 -0.08775000 0.16325000
v -0.09535656 -0.09094378 0.16323362
v -0.09881160 -0.08741065 0.16250000
v -0.16743620 -0.08803753 0.16286905
v -0.16865544 0.08952952 0.16248591
v -0.00873628 -0.04555563 0.25080381
v 0.00364350 -0.08761621 0.25094542
v -0.01937067 -0.08298251 0.25053969
v 0.08178938 -0.09513689 0.22501426
v 0.07512790 -0.09570000 0.23021063
v 0.01276531 -0.09500000 0.22850409
v 0.05893421 -0.09531111 0.23338500
v 0.06257979 -0.09520000 0.23313274
v 0.01593654 -0.09570000 0.25156351
v 0.03915551 -0.09528823 0.22214679
v 0.04551058 -0.09527672 0.24607242
v 0.07292078 -0.09526818 0.23315326
v 0.07942461 -0.09524098 0.23604501
v 0.06050695 -0.09513182 0.23775736
v 0.01593654 -0.09470000 0.25156351
v 0.04548077 -0.09470000 0.24635406
v 0.04563387 -0.09541353 0.24722234
v 0.04553180 -0.09460451 0.24664349
v 0.04555101 -0.09449389 0.24675243
v 0.04556126 -0.09562659 0.24681055
v 0.04550760 -0.09467553 0.24650623
v 0.04574124 -0.09420000 0.24783127
v 0.04572849 -0.09466353 0.24775897
v 0.04556334 -0.09435451 0.24682236
v 0.04569149 -0.09508168 0.24754915
v 0.04556759 -0.09420000 0.24684647
v 0.01601703 -0.09562659 0.25201999
v 0.01608964 -0.09541353 0.25243179
v 0.01614726 -0.09508168 0.25275859
v 0.01618426 -0.09466353 0.25296841
v 0.01611018 -0.09420061 0.25254826
v 0.01601911 -0.09435451 0.25203181
v 0.01600678 -0.09449389 0.25196187
v 0.01598757 -0.09460451 0.25185294
v 0.01596337 -0.09467553 0.25171567
v 0.04566604 -0.09320000 0.24738806
v 0.01619701 -0.09370000 0.25304071
v 0.01602336 -0.09370000 0.25205591
v 0.01483763 -0.09356634 0.25277270
v 0.01107358 -0.08586129 0.25352868
v 0.00617528 -0.03870000 0.25379239
v 0.00634893 0.03870000 0.25477721
v 0.00617528 0.03870000 0.25379239
v 0.00904396 0.06880267 0.25430199
v 0.01407943 0.09324113 0.25287466
v 0.01619701 0.09370000 0.25304071
v 0.01602336 0.09370000 0.25205591
v 0.01619701 0.09420000 0.25304071
v 0.01602336 0.09420000 0.25205591
v 0.01608964 0.09541353 0.25243179
v 0.01598757 0.09460451 0.25185294
v 0.01600678 0.09449389 0.25196187
v 0.01599021 0.09515104 0.25186789
v 0.01618426 0.09466353 0.25296841
v 0.01601911 0.09435451 0.25203181
v 0.01614726 0.09508168 0.25275859
v 0.04556126 0.09562659 0.24681055
v 0.04563387 0.09541353 0.24722234
v 0.04569149 0.09508168 0.24754915
v 0.04572849 0.09466353 0.24775897
v 0.04574124 0.09420000 0.24783127
v 0.04556334 0.09435451 0.24682236
v 0.04556759 0.09420000 0.24684647
v 0.04555101 0.09449389 0.24675243
v 0.04553180 0.09460451 0.24664349
v 0.04550760 0.09467553 0.24650623
v 0.04565442 0.09320000 0.24733887
v 0.04606000 0.09320000 0.24675964
v 0.04623365 0.09320000 0.24774445
v 0.04667738 0.09320000 0.24759166
v 0.04705218 0.09320000 0.24730922
v 0.04633284 0.09320000 0.24661456
v 0.04732137 0.09320000 0.24692479
v 0.04642257 0.09320000 0.24648642
v 0.04620791 0.09320000 0.24670871
v 0.04745858 0.09320000 0.24647600
v 0.04646831 0.09320000 0.24633682
v 0.04745039 -0.09320000 0.24600676
v 0.04745858 -0.09320000 0.24647600
v 0.04732137 -0.09320000 0.24692479
v 0.04705218 -0.09320000 0.24730922
v 0.04667738 -0.09320000 0.24759166
v 0.04620791 -0.09320000 0.24670871
v 0.04633284 -0.09320000 0.24661456
v 0.04642257 -0.09320000 0.24648642
v 0.04646831 -0.09320000 0.24633682
v 0.04646558 -0.09320000 0.24618040
v 0.04632167 0.09120000 0.23960551
v 0.04533686 0.09120000 0.23977916
v 0.04602979 0.09302492 0.24040108
v 0.04632167 -0.09120000 0.23960551
v 0.04584291 -0.09283470 0.24021269
v 0.03310485 0.09463529 0.23384072
v 0.07409065 -0.09321545 0.23208840
v 0.10061633 -0.09440000 0.23079347
v 0.12326257 -0.09440000 0.22677495
v 0.11397093 -0.09408966 0.22877403
v 0.11696695 -0.09393030 0.23181813
v 0.11987700 -0.09382857 0.21697927
v 0.12326257 -0.09340000 0.22677495
v 0.11538845 -0.09340000 0.22818875
v 0.10214854 -0.09373333 0.23085863
v 0.09643997 -0.09392896 0.23930991
v 0.08263925 -0.09340000 0.23393793
v 0.08589442 -0.09411353 0.24520045
v 0.08579235 -0.09330451 0.24462160
v 0.08581156 -0.09319389 0.24473053
v 0.08598904 -0.09336353 0.24573709
v 0.08582390 -0.09305451 0.24480048
v 0.08595205 -0.09378168 0.24552727
v 0.07804803 -0.08083883 0.24694387
v 0.05625076 -0.09385103 0.24984602
v 0.05635019 -0.09411353 0.25040990
v 0.05640781 -0.09378168 0.25073671
v 0.05641742 -0.09233621 0.25079118
v 0.05626733 -0.09319389 0.24993999
v 0.05624812 -0.09330451 0.24983104
v 0.05115608 0.08998433 0.25139413
v 0.05645756 0.09240000 0.25101883
v 0.05628391 0.09240000 0.25003403
v 0.05645756 0.09290000 0.25101883
v 0.05628391 0.09290000 0.25003403
v 0.05626403 0.09403789 0.24992127
v 0.05624812 0.09330451 0.24983104
v 0.05626733 0.09319389 0.24993999
v 0.05644481 0.09336353 0.25094653
v 0.05627966 0.09305451 0.25000992
v 0.05640781 0.09378168 0.25073671
v 0.08589442 0.09411353 0.24520045
v 0.08595205 0.09378168 0.24552727
v 0.08598904 0.09336353 0.24573709
v 0.08600179 0.09290000 0.24580939
v 0.08582390 0.09305451 0.24480048
v 0.08582815 0.09290000 0.24482457
v 0.08581156 0.09319389 0.24473053
v 0.08579235 0.09330451 0.24462160
v 0.08576815 0.09337553 0.24448433
v 0.08591497 0.09190000 0.24531698
v 0.08649419 0.09190000 0.24572256
v 0.08632055 0.09190000 0.24473775
v 0.06695366 -0.05743215 0.24815265
v 0.06918721 -0.05952260 0.24826654
v 0.05423560 -0.07187273 0.25089370
v 0.06712730 -0.05743215 0.24913747
v 0.08693793 0.09190000 0.24556976
v 0.08731274 0.09190000 0.24528734
v 0.08659339 0.09190000 0.24459268
v 0.08758192 0.09190000 0.24490291
v 0.08668312 0.09190000 0.24446454
v 0.08646846 0.09190000 0.24468683
v 0.08771912 0.09190000 0.24445410
v 0.08672886 0.09190000 0.24431494
v 0.08672613 0.09190000 0.24415852
v 0.08771094 -0.09190000 0.24398488
v 0.08771912 -0.09190000 0.24445410
v 0.08758192 -0.09190000 0.24490291
v 0.08731274 -0.09190000 0.24528734
v 0.08693793 -0.09190000 0.24556976
v 0.08646846 -0.09190000 0.24468683
v 0.08659339 -0.09190000 0.24459268
v 0.08668312 -0.09190000 0.24446454
v 0.08672886 -0.09190000 0.24431494
v 0.08672613 -0.09190000 0.24415852
v 0.08619231 0.09162826 0.23827279
v 0.08503309 0.00000002 0.23071729
v 0.08621874 -0.09154563 0.23819595
v 0.08241075 0.09329521 0.17432839
v 0.09381351 0.09470000 0.21728220
v 0.09053788 0.09515833 0.23061856
v 0.09381351 0.09470000 0.16378220
v 0.09431351 0.09470000 0.21728220
v 0.09431351 0.09470000 0.16378220
v 0.09381351 0.09570000 0.21728220
v 0.09466446 0.09566284 0.21728220
v 0.09431351 0.09570000 0.16378220
v 0.09576838 0.09131778 0.21734002
v 0.09261351 0.09530910 0.16274495
v 0.09584859 0.09250260 0.16362536
v 0.25120077 -0.04395821 0.11599428
v 0.25785439 -0.04917357 0.11459569
v 0.25151721 -0.04901259 0.11127153
v 0.25198910 -0.05437954 0.10452268
v 0.25333966 -0.05795854 0.11290183
v 0.25255153 -0.05583879 0.10314157
v 0.25183742 -0.05442052 0.10490828
v 0.25168264 -0.04564365 0.10922683
v 0.25051301 -0.05507577 0.10408881
v 0.25174173 -0.05443881 0.10503000
v 0.25183804 -0.05442933 0.10503000
v 0.25064760 -0.05512370 0.11149082
v 0.25174261 -0.05435766 0.11113124
v 0.25183888 -0.05443473 0.11084529
v 0.25189787 -0.05442731 0.11084068
v 0.25203438 -0.05441017 0.11083000
v 0.25203929 -0.05409896 0.11114900
v 0.24785373 -0.05702787 0.11356490
v -0.14760162 -0.05087050 0.11091682
v -0.14748935 -0.04968611 0.11079235
v -0.14858280 -0.05115228 0.11000761
v -0.14408488 -0.05771208 0.11101279
v -0.14744704 -0.05085155 0.10933266
v -0.14748935 -0.04968611 0.10920764
v -0.14741510 -0.04815358 0.10904436
v -0.14630510 -0.04552353 0.10933572
v -0.14726282 -0.04819424 0.11062814
v -0.14674721 -0.05522000 0.08583887
v -0.14761971 -0.04862803 0.08501048
v -0.13435707 -0.05442049 0.08689293
v -0.14242972 -0.05692939 0.08672699
v -0.13699538 -0.05712432 0.08668359
v -0.14258831 -0.05705953 0.08514349
v -0.09044357 0.08300000 0.16225000
v -0.10244357 0.08300000 0.16225000
v -0.11844357 0.08300000 0.16225000
v -0.13444357 0.08300000 0.16225000
v -0.15644357 0.08300000 0.16225000
v -0.15644357 0.08270000 0.17422499
v -0.09594790 0.08267093 0.18006167
v -0.06644357 0.08288000 0.16225000
v -0.13844357 0.08240000 0.16225000
v -0.09444357 0.08240000 0.16225000
v -0.07444357 0.08240000 0.16225000
v -0.15644357 0.08240000 0.16225000
v -0.04311024 0.08270643 0.18896269
v -0.15644357 0.08252812 0.19657899
v -0.03644357 0.08277082 0.19675534
v -0.15644357 0.08250534 0.19702081
v -0.03644357 0.08250534 0.19702081
v -0.15644357 0.08217082 0.19719127
v -0.03644357 0.08217082 0.19719127
v -0.15644357 0.08180000 0.19725000
v -0.03644357 0.08180000 0.19725000
v -0.11044357 0.08240000 0.16225000
v -0.12644357 0.08240000 0.16225000
v -0.03644357 0.08215267 0.19653542
v -0.03644357 0.08228541 0.19640266
v -0.03644357 0.08198541 0.19662064
v -0.03644357 0.08180000 0.19664999
v -0.15644357 0.08215267 0.19653542
v -0.15644357 0.08198541 0.19662064
v -0.15644357 0.08180000 0.19664999
v -0.03644357 -0.08180000 0.19725000
v -0.03644357 -0.08180000 0.19664999
v -0.15644357 -0.08180000 0.19725000
v -0.03644357 -0.08269883 0.19610585
v -0.15644357 -0.08294127 0.19642082
v -0.03644357 -0.08277082 0.19675534
v -0.15644357 -0.08277082 0.19675534
v -0.03644357 -0.08250534 0.19702081
v -0.15644357 -0.08250534 0.19702081
v -0.03644357 -0.08217082 0.19719127
v -0.15644357 -0.08217082 0.19719127
v -0.03644357 -0.08215267 0.19653542
v -0.03644357 -0.08228541 0.19640266
v -0.03644357 -0.08198541 0.19662064
v -0.15644357 -0.08198541 0.19662064
v -0.15644357 -0.08180000 0.19664999
v -0.15644357 -0.08215267 0.19653542
v -0.15644357 -0.08228541 0.19640266
v -0.15644357 -0.08237064 0.19623541
v -0.09247197 -0.08263940 0.17913878
v -0.15741438 0.08180000 0.19675534
v -0.15692899 0.08180000 0.19640266
v -0.15701421 0.08180000 0.19623541
v -0.15714891 0.08180000 0.19702081
v -0.15679623 0.08180000 0.19653542
v -0.15681439 0.08180000 0.19719127
v -0.15662898 0.08180000 0.19662064
v -0.15758484 0.08180000 0.19642082
v -0.15704356 0.08180000 0.19605000
v -0.15758484 -0.08180000 0.19642082
v -0.15764357 0.01411632 0.19605000
v -0.15764357 -0.00266330 0.19605000
v -0.15741438 -0.08180000 0.19675534
v -0.15714891 -0.08180000 0.19702081
v -0.15681439 -0.08180000 0.19719127
v -0.15692899 -0.08180000 0.19640266
v -0.15701421 -0.08180000 0.19623541
v -0.15679623 -0.08180000 0.19653542
v -0.15662898 -0.08180000 0.19662064
v -0.15704356 0.01411632 0.19605000
v -0.15704356 0.03452021 0.19605000
v -0.15704356 -0.00266330 0.19605000
v -0.15764357 0.08180000 0.16345000
v -0.15734357 0.08180000 0.17248500
v -0.15704356 0.08180000 0.17410750
v -0.15764357 0.08180000 0.17410750
v -0.15764357 0.08180000 0.19605000
v -0.15704356 0.08180000 0.18586625
v -0.15704356 0.08180000 0.16345000
v -0.15732263 -0.08180000 0.19618245
v -0.15727275 0.08180000 0.16274466
v -0.15775816 0.08180000 0.16309734
v -0.15767294 0.08180000 0.16326459
v -0.15753822 0.08180000 0.16247919
v -0.15789090 0.08180000 0.16296458
v -0.15787276 0.08180000 0.16230873
v -0.15805817 0.08180000 0.16287936
v -0.15824330 0.08180000 0.16255001
v -0.15710229 0.08180000 0.16307918
v -0.15824358 -0.08180000 0.16225000
v -0.15787276 -0.08180000 0.16230873
v -0.15753822 -0.08180000 0.16247919
v -0.15727275 -0.08180000 0.16274466
v -0.15710229 -0.08180000 0.16307918
v -0.15704356 -0.02096996 0.16345000
v -0.15734354 -0.08180000 0.16345038
v -0.15704356 -0.00266330 0.16345000
v -0.15767294 -0.08180000 0.16326459
v -0.15764357 0.01411632 0.16345000
v -0.15764357 0.03452021 0.16345000
v -0.15764357 -0.00266330 0.16345000
v -0.15764357 -0.02096996 0.16345000
v -0.15775816 -0.08180000 0.16309734
v -0.15789090 -0.08180000 0.16296458
v -0.15805817 -0.08180000 0.16287936
v -0.15824358 -0.08180000 0.16285001
v -0.16904356 0.07580000 0.16285001
v -0.16749912 0.08070408 0.16247759
v -0.16709945 -0.08089696 0.16255000
v -0.16904356 -0.07580000 0.16285001
v -0.16904356 -0.07580000 0.16225000
v -0.16125827 -0.06000000 0.16255000
v -0.16473886 0.05786012 0.16225000
v -0.16404356 -0.05775000 0.16225000
v -0.16334828 0.05786012 0.16225000
v -0.16563813 0.06187867 0.16254063
v -0.16681522 -0.06043899 0.16255000
v -0.16334828 0.05786012 0.16285001
v -0.16404356 0.05775000 0.16255000
v -0.16404356 -0.05775000 0.16285001
v -0.16473886 0.05786012 0.16285001
v -0.16175497 0.05916893 0.16258000
v -0.15764357 0.03452021 0.17248500
v -0.15764357 0.01411632 0.17248500
v -0.15764357 0.01411632 0.18586625
v -0.15764357 -0.02096996 0.18790750
v -0.15764357 -0.03836107 0.18714999
v -0.15764357 -0.02161107 0.18714999
v -0.15764357 -0.00357885 0.17235001
v -0.15756857 -0.02115314 0.17235001
v -0.15764357 -0.00357885 0.18714999
v -0.15764357 -0.02032885 0.18714999
v -0.15764357 -0.00174775 0.18790750
v -0.15764357 -0.00174775 0.18866499
v -0.15764357 0.01225225 0.18866499
v -0.15764357 0.01225225 0.18131499
v -0.15764357 0.02956038 0.17262000
v -0.15734357 0.03364215 0.17718561
v -0.15747214 0.01906038 0.17262000
v -0.15764357 0.03452021 0.17410750
v -0.15764357 0.05886040 0.17425000
v -0.15719357 0.01225225 0.18586625
v -0.15704356 -0.02089873 0.18714999
v -0.15737418 -0.04170045 0.18310847
v -0.15734458 -0.05105953 0.17787816
v -0.15704356 0.03452021 0.17410750
v -0.15704356 0.03452021 0.17248500
v -0.15704356 0.01411632 0.17248500
v -0.15704356 0.05886040 0.17425000
v -0.15734357 0.04573654 0.17425000
v -0.15733697 0.04205691 0.18278577
v -0.15736121 0.06749835 0.17903282
v -0.15704356 0.02956038 0.17262000
v -0.15731415 -0.00325572 0.17356125
v -0.15751024 0.01225225 0.17396500
v -0.15704356 -0.00174775 0.18866499
v -0.15704356 0.01225225 0.18866499
v -0.15713731 0.01353001 0.17935783
v -0.15735023 -0.00220552 0.18131499
v -0.15704356 -0.02032885 0.17235001
v -0.15734357 -0.02080969 0.17613125
v -0.15704356 -0.00357885 0.18714999
v -0.15704356 -0.03836107 0.18714999
v -0.14655142 -0.08265632 0.19007941
v 0.13339838 -0.05087050 0.11091682
v 0.13351065 -0.04968611 0.11079235
v 0.13241720 -0.05115228 0.11000761
v 0.13691512 -0.05771208 0.11101279
v 0.13355296 -0.05085155 0.10933266
v 0.13351065 -0.04968611 0.10920764
v 0.13358490 -0.04815358 0.10904436
v 0.13469490 -0.04552353 0.10933572
v 0.13373718 -0.04819424 0.11062814
v 0.13425279 -0.05522000 0.08583887
v 0.13338029 -0.04862803 0.08501048
v 0.14664293 -0.05442049 0.08689293
v 0.13857028 -0.05692939 0.08672699
v 0.14400462 -0.05712432 0.08668359
v 0.13841169 -0.05705953 0.08514349
v 0.03624152 0.03450000 0.08252786
v 0.03650714 0.03450000 0.08304916
v 0.03838814 0.03692857 0.08144494
v 0.03744214 0.03450000 0.08017152
v 0.03692084 0.03450000 0.08043714
v -0.03624152 0.03450000 0.08252786
v -0.03615000 0.03450000 0.08195000
v 0.11484076 0.03450000 0.11376158
v -0.03624152 0.03450000 0.08137214
v -0.04655094 0.03686066 0.09100961
v 0.04235018 0.03450000 0.07725000
v -0.03876120 0.03450000 0.08499241
v -0.03650714 0.03450000 0.08085085
v 0.21500000 0.03450000 0.11325000
v -0.03848340 0.03450000 0.07894904
v 0.10004826 0.03744737 0.11231418
v 0.21500000 0.03850000 0.11325000
v 0.03867952 0.03669608 0.08670890
v -0.04235018 0.03850000 0.07725000
v -0.03545698 0.03850000 0.08439289
v 0.04969606 0.03662500 0.07788201
v 0.03624152 -0.03850000 0.08252786
v 0.03650714 -0.03850000 0.08304916
v 0.03744214 -0.03450000 0.08372848
v 0.03843275 -0.03612963 0.08126090
v 0.03744214 -0.03850000 0.08017152
v 0.03692084 -0.03850000 0.08043714
v -0.03624152 -0.03850000 0.08252786
v -0.03615000 -0.03850000 0.08195000
v -0.03624152 -0.03850000 0.08137214
v -0.09609446 -0.03693478 0.10989675
v 0.04235018 -0.03850000 0.07725000
v -0.03708231 -0.03644444 0.08506602
v 0.05012153 -0.03607143 0.07792193
v -0.03650714 -0.03850000 0.08085085
v -0.03848340 -0.03850000 0.07894904
v 0.06169006 -0.03653509 0.09768695
v -0.04235018 -0.03450000 0.07725000
v -0.04195831 -0.03506140 0.07806798
v 0.03015526 -0.03628550 0.08288904
f 1 7 2
f 3 2 4
f 6 3 4
f 4 5 6
f 8 9 3
f 9 2 3
f 10 6 2
f 3 12 8
f 12 3 6
f 8 16 9
f 13 11 14
f 14 11 9
f 7 10 2
f 10 15 6
f 13 14 10
f 16 14 9
f 6 15 12
f 13 10 7
f 15 16 12
f 14 15 10
f 8 12 16
f 17 18 14
f 16 17 14
f 13 7 15
f 7 16 15
f 17 1 2
f 16 7 1
f 4 2 20
f 1 17 16
f 2 6 17
f 13 15 14
f 6 5 17
f 5 19 18
f 14 18 19
f 19 5 4
f 18 17 5
f 14 19 13
f 4 20 19
f 19 11 13
f 11 19 25
f 9 20 2
f 9 11 25
f 25 20 9
f 25 19 20
f 25 20 21
f 22 21 20
f 22 20 25
f 22 23 24
f 24 21 22
f 24 26 25
f 24 27 26
f 25 21 24
f 23 22 25
f 25 26 23
f 26 28 23
f 27 28 26
f 29 30 31
f 29 32 33
f 33 30 29
f 32 34 35
f 35 33 32
f 36 37 35
f 27 38 31
f 35 34 36
f 31 38 29
f 31 28 27
f 39 36 34
f 40 34 32
f 41 32 29
f 42 29 38
f 43 38 27
f 27 24 43
f 38 43 42
f 29 42 41
f 32 41 40
f 34 40 39
f 44 23 28
f 45 44 31
f 46 45 30
f 47 46 33
f 48 47 35
f 35 37 48
f 33 35 47
f 30 33 46
f 31 30 45
f 28 31 44
f 36 49 50
f 50 37 36
f 39 40 47
f 41 46 47
f 42 45 46
f 42 43 44
f 47 40 41
f 44 45 42
f 46 41 42
f 24 23 44
f 44 43 24
f 47 48 39
f 39 51 49
f 49 36 39
f 51 39 48
f 48 52 51
f 53 49 51
f 54 53 55
f 56 54 57
f 58 56 59
f 60 58 61
f 61 66 60
f 59 61 58
f 57 59 56
f 55 57 54
f 51 55 53
f 52 48 37
f 37 50 52
f 62 57 55
f 62 63 59
f 52 64 55
f 59 57 62
f 65 61 59
f 55 64 62
f 61 65 66
f 59 63 65
f 55 51 52
f 67 66 65
f 68 65 63
f 69 63 62
f 70 62 64
f 71 64 52
f 52 50 71
f 64 71 70
f 62 70 69
f 63 69 68
f 65 68 67
f 70 54 56
f 70 71 53
f 67 68 58
f 68 69 56
f 53 54 70
f 50 49 53
f 56 58 68
f 53 71 50
f 56 69 70
f 58 60 67
f 67 60 72
f 67 72 66
f 66 72 60
f 74 75 82
f 76 74 82
f 82 78 77
f 79 80 82
f 77 79 82
f 80 81 82
f 83 84 85
f 85 86 83
f 83 87 84
f 81 80 88
f 80 134 87
f 89 90 82
f 91 92 93
f 92 109 94
f 85 94 86
f 76 132 95
f 87 88 80
f 94 93 92
f 134 84 87
f 110 97 98
f 82 90 117
f 88 99 81
f 93 114 91
f 109 86 94
f 82 117 102
f 76 102 132
f 76 82 102
f 79 95 104
f 82 81 89
f 96 105 100
f 110 101 97
f 104 80 79
f 79 77 95
f 90 89 97
f 100 105 132
f 132 103 100
f 114 105 91
f 125 106 97
f 104 134 80
f 97 106 90
f 96 91 105
f 100 101 96
f 107 92 108
f 77 76 95
f 99 89 81
f 108 98 107
f 107 109 92
f 101 110 96
f 108 110 98
f 112 111 78
f 113 114 115
f 78 82 112
f 115 77 113
f 134 117 75
f 82 118 112
f 119 120 96
f 120 114 113
f 121 122 123
f 122 121 124
f 117 82 75
f 115 76 77
f 113 96 120
f 124 126 122
f 136 125 127
f 128 129 130
f 129 128 126
f 116 117 134
f 75 133 134
f 111 113 78
f 77 78 113
f 112 138 121
f 138 112 118
f 126 124 129
f 115 74 76
f 133 75 74
f 118 125 138
f 135 137 136
f 137 131 128
f 131 137 135
f 135 101 131
f 134 132 116
f 117 118 82
f 74 115 133
f 132 120 119
f 136 127 135
f 131 101 119
f 123 112 121
f 130 137 128
f 119 96 131
f 136 138 125
f 97 127 125
f 106 125 118
f 118 90 106
f 90 118 117
f 116 132 102
f 102 117 116
f 119 100 103
f 103 132 119
f 100 119 101
f 127 97 101
f 101 135 127
f 113 111 96
f 96 110 131
f 91 96 111
f 92 91 111
f 128 131 110
f 126 128 110
f 122 126 110
f 123 122 110
f 112 123 110
f 111 112 110
f 108 92 111
f 110 108 111
f 132 134 95
f 114 120 105
f 114 93 115
f 132 105 120
f 133 115 93
f 134 133 94
f 104 95 134
f 85 84 134
f 94 85 134
f 93 94 133
f 121 138 86
f 124 121 109
f 129 124 109
f 130 129 109
f 137 130 109
f 136 137 109
f 107 98 136
f 109 107 136
f 86 109 121
f 83 86 138
f 87 83 138
f 88 87 138
f 138 136 97
f 99 88 138
f 89 99 138
f 97 89 138
f 98 97 136
f 144 139 141
f 142 140 139
f 139 140 141
f 139 143 142
f 145 146 139
f 139 144 145
f 141 146 145
f 141 145 144
f 147 146 140
f 141 140 146
f 143 139 146
f 148 149 150
f 148 151 152
f 153 154 155
f 154 156 150
f 152 149 148
f 151 143 146
f 150 155 154
f 146 152 151
f 150 156 148
f 155 157 153
f 142 147 140
f 142 143 151
f 158 151 148
f 159 148 156
f 160 156 154
f 161 154 153
f 153 162 161
f 154 161 160
f 156 160 159
f 148 159 158
f 151 158 142
f 163 162 157
f 164 163 155
f 165 164 150
f 166 165 149
f 147 166 152
f 152 146 147
f 149 152 166
f 150 149 165
f 155 150 164
f 157 155 163
f 167 153 157
f 159 165 166
f 159 160 164
f 158 166 147
f 164 165 159
f 161 163 164
f 166 158 159
f 163 161 162
f 164 160 161
f 147 142 158
f 162 169 170
f 170 169 171
f 172 171 173
f 173 174 172
f 174 173 175
f 175 176 174
f 177 178 176
f 176 175 177
f 179 180 178
f 179 181 182
f 182 180 179
f 183 184 185
f 181 187 188
f 187 189 185
f 186 184 183
f 185 188 187
f 185 189 183
f 188 182 181
f 190 186 183
f 191 183 189
f 192 189 187
f 193 187 181
f 181 194 193
f 187 193 192
f 189 192 191
f 183 191 190
f 186 190 200
f 195 196 182
f 197 195 188
f 198 197 185
f 199 198 184
f 200 199 186
f 184 186 199
f 185 184 198
f 188 185 197
f 182 188 195
f 203 202 201
f 201 204 203
f 203 204 231
f 191 198 199
f 191 192 197
f 190 199 200
f 197 198 191
f 193 195 197
f 194 196 195
f 199 190 191
f 195 193 194
f 197 192 193
f 205 196 194
f 171 172 170
f 174 167 170
f 157 162 170
f 206 174 176
f 180 176 178
f 170 167 157
f 167 174 206
f 196 205 180
f 176 205 206
f 180 205 176
f 180 182 196
f 172 174 170
f 178 177 179
f 175 205 179
f 194 181 179
f 168 175 173
f 168 207 205
f 169 173 171
f 179 205 194
f 205 175 168
f 153 167 169
f 173 167 168
f 169 167 173
f 169 162 153
f 177 175 179
f 205 207 206
f 208 209 210
f 209 211 212
f 207 208 213
f 212 210 209
f 214 215 212
f 210 213 208
f 228 215 214
f 212 211 214
f 213 206 207
f 216 228 214
f 217 214 211
f 218 211 209
f 219 209 208
f 220 208 207
f 207 168 220
f 208 220 219
f 209 219 218
f 211 218 217
f 214 217 216
f 221 167 206
f 222 221 213
f 223 222 210
f 224 223 212
f 225 224 215
f 215 228 225
f 212 215 224
f 210 212 223
f 213 210 222
f 206 213 221
f 226 227 228
f 219 222 223
f 220 221 222
f 217 224 225
f 217 218 223
f 222 219 220
f 168 167 221
f 223 224 217
f 221 220 168
f 223 218 219
f 225 216 217
f 216 229 226
f 226 228 216
f 225 228 227
f 227 230 225
f 229 225 230
f 229 216 225
f 226 229 230
f 230 227 226
f 201 202 200
f 200 231 204
f 204 201 200
f 200 203 231
f 200 202 203
f 232 233 234
f 233 232 235
f 240 241 239
f 240 244 242
f 242 241 240
f 247 245 246
f 246 248 247
f 249 247 248
f 233 254 251
f 251 241 233
f 251 252 241
f 233 235 236
f 237 238 253
f 236 254 233
f 243 247 249
f 249 233 241
f 239 241 252
f 243 245 247
f 241 242 249
f 249 250 233
f 242 244 249
f 250 234 233
f 244 243 249
f 252 238 239
f 238 252 253
f 232 240 255
f 255 254 232
f 243 246 245
f 239 256 255
f 250 244 240
f 249 243 244
f 248 246 243
f 232 234 250
f 235 254 236
f 255 240 239
f 239 238 256
f 253 256 238
f 253 238 237
f 249 248 243
f 244 250 249
f 254 235 232
f 240 232 250
f 255 251 254
f 255 252 251
f 252 255 256
f 256 253 252
f 257 258 259
f 260 261 262
f 259 263 257
f 264 265 266
f 260 267 261
f 268 269 270
f 266 258 264
f 264 271 272
f 260 268 267
f 268 273 269
f 272 265 264
f 264 274 275
f 262 276 260
f 268 260 273
f 275 271 264
f 270 277 268
f 257 264 258
f 276 278 260
f 278 274 260
f 264 260 274
f 275 274 279
f 271 275 280
f 272 271 281
f 265 272 282
f 266 265 283
f 258 266 284
f 266 285 284
f 259 258 286
f 263 259 287
f 257 263 288
f 264 257 289
f 260 264 290
f 290 291 260
f 289 290 264
f 288 289 257
f 287 288 263
f 286 287 259
f 284 286 258
f 283 285 266
f 282 283 265
f 281 282 272
f 280 281 271
f 279 280 275
f 273 260 291
f 269 273 292
f 270 269 293
f 277 270 294
f 268 277 295
f 267 268 296
f 268 297 296
f 261 267 298
f 262 261 299
f 276 262 300
f 278 276 301
f 274 278 302
f 302 279 274
f 301 302 278
f 300 301 276
f 299 300 262
f 298 299 261
f 296 298 267
f 295 297 268
f 294 295 277
f 293 294 270
f 292 293 269
f 291 292 273
f 306 296 297
f 298 296 306
f 306 303 301
f 279 302 303
f 302 301 303
f 301 300 306
f 300 299 306
f 299 298 306
f 297 305 306
f 297 295 305
f 295 294 305
f 294 293 305
f 293 292 305
f 292 291 305
f 304 284 285
f 286 284 304
f 304 305 291
f 291 290 304
f 290 289 304
f 289 288 304
f 288 287 304
f 287 286 304
f 285 303 304
f 285 283 303
f 283 282 303
f 282 281 303
f 281 280 303
f 280 279 303
f 307 305 304
f 307 304 303
f 307 303 306
f 308 306 305
f 308 305 307
f 306 308 307
f 309 310 311
f 312 313 314
f 311 315 309
f 309 316 317
f 312 318 313
f 312 319 320
f 317 310 309
f 320 318 312
f 312 321 322
f 323 309 324
f 309 323 316
f 312 325 319
f 312 326 321
f 315 327 309
f 322 325 312
f 326 312 323
f 324 326 323
f 314 328 312
f 322 321 329
f 325 322 330
f 319 325 331
f 320 319 332
f 318 320 333
f 313 318 334
f 314 313 335
f 328 314 336
f 312 328 337
f 323 312 338
f 338 339 323
f 337 338 312
f 336 337 328
f 335 336 314
f 334 335 313
f 333 334 318
f 332 333 320
f 331 332 319
f 330 331 325
f 329 330 322
f 316 323 339
f 317 316 340
f 310 317 341
f 311 310 342
f 315 311 343
f 327 315 344
f 309 327 345
f 324 309 346
f 326 324 347
f 321 326 348
f 348 329 321
f 347 348 326
f 346 347 324
f 345 346 309
f 344 345 327
f 343 344 315
f 342 343 311
f 341 342 310
f 340 341 317
f 339 340 316
f 349 350 343
f 350 353 347
f 329 348 353
f 348 347 353
f 347 346 350
f 346 345 350
f 345 344 350
f 344 343 350
f 343 342 349
f 342 341 349
f 341 340 349
f 340 339 349
f 353 351 331
f 351 352 335
f 352 349 339
f 339 338 352
f 338 337 352
f 337 336 352
f 336 335 352
f 335 334 351
f 334 333 351
f 333 332 351
f 332 331 351
f 331 330 353
f 330 329 353
f 350 349 353
f 354 352 351
f 354 351 353
f 354 353 349
f 354 349 352
f 355 356 357
f 358 359 360
f 357 361 355
f 355 362 363
f 358 364 359
f 358 365 366
f 363 356 355
f 366 364 358
f 358 367 368
f 369 355 370
f 355 369 362
f 358 371 365
f 358 372 367
f 361 373 355
f 368 371 358
f 372 358 369
f 370 372 369
f 360 374 358
f 368 367 375
f 371 368 376
f 365 371 377
f 366 365 378
f 364 366 379
f 359 364 380
f 360 359 381
f 374 360 382
f 358 374 383
f 369 358 384
f 384 385 369
f 383 384 358
f 382 383 374
f 381 382 360
f 380 381 359
f 379 380 364
f 378 379 366
f 377 378 365
f 376 377 371
f 375 376 368
f 362 369 385
f 363 362 386
f 356 363 387
f 357 356 388
f 361 357 389
f 373 361 390
f 355 373 391
f 370 355 392
f 372 370 393
f 367 372 394
f 394 375 367
f 393 394 372
f 392 393 370
f 391 392 355
f 390 391 373
f 389 390 361
f 388 389 357
f 387 388 356
f 386 387 363
f 385 386 362
f 395 396 386
f 396 397 387
f 397 398 388
f 398 399 389
f 399 400 390
f 400 401 391
f 401 402 392
f 402 407 393
f 375 394 407
f 394 393 407
f 393 392 402
f 392 391 401
f 391 390 400
f 390 389 399
f 389 388 398
f 388 387 397
f 387 386 396
f 386 385 395
f 407 505 377
f 505 403 380
f 403 404 384
f 404 395 385
f 385 384 404
f 384 383 403
f 383 382 403
f 382 381 403
f 381 380 403
f 380 379 505
f 379 378 505
f 378 377 505
f 377 376 407
f 376 375 407
f 405 404 403
f 405 395 404
f 405 396 395
f 405 397 396
f 406 399 398
f 406 400 399
f 405 398 397
f 406 401 400
f 407 402 401
f 398 405 406
f 401 406 407
f 408 405 403
f 408 403 505
f 408 505 407
f 408 407 406
f 408 406 405
f 426 410 411
f 412 427 426
f 428 415 416
f 416 424 428
f 425 429 419
f 429 420 419
f 425 424 429
f 425 427 424
f 425 444 427
f 428 424 427
f 426 427 444
f 425 422 423
f 419 421 425
f 418 429 424
f 416 417 424
f 414 428 427
f 412 413 427
f 410 426 444
f 445 431 432
f 432 446 445
f 447 435 436
f 436 448 447
f 443 449 439
f 449 440 439
f 443 442 444
f 425 423 445
f 425 449 444
f 425 448 449
f 425 447 448
f 425 446 447
f 446 425 445
f 443 444 449
f 441 442 443
f 438 449 448
f 436 437 448
f 434 447 446
f 432 433 446
f 430 445 423
f 450 445 430
f 430 451 450
f 430 423 451
f 450 452 431
f 452 432 431
f 453 446 433
f 433 452 453
f 453 434 446
f 454 447 434
f 434 453 454
f 454 455 435
f 455 436 435
f 456 448 437
f 437 455 456
f 456 438 448
f 457 449 438
f 438 456 457
f 457 458 440
f 458 439 440
f 459 444 442
f 442 460 459
f 441 443 461
f 461 460 441
f 458 472 461
f 461 439 458
f 443 439 461
f 442 441 460
f 440 449 457
f 437 436 455
f 435 447 454
f 433 432 452
f 431 445 450
f 462 427 413
f 413 463 462
f 462 414 427
f 464 428 414
f 414 462 464
f 464 465 415
f 465 416 415
f 466 424 417
f 417 465 466
f 466 418 424
f 467 429 418
f 418 466 467
f 467 468 420
f 468 419 420
f 469 425 421
f 421 468 469
f 451 423 422
f 422 469 451
f 470 411 410
f 410 459 470
f 410 444 459
f 463 412 471
f 411 470 471
f 471 412 426
f 471 426 411
f 471 472 463
f 422 425 469
f 421 419 468
f 420 429 467
f 417 416 465
f 415 428 464
f 413 412 463
f 472 454 453
f 472 457 456
f 472 466 465
f 472 455 454
f 472 458 457
f 472 464 462
f 472 467 466
f 456 455 472
f 451 469 472
f 472 452 450
f 465 464 472
f 450 451 472
f 472 468 467
f 469 468 472
f 462 463 472
f 453 452 472
f 473 470 459
f 473 460 461
f 473 471 470
f 459 460 473
f 461 2363 473
f 473 2363 472
f 2363 461 472
f 471 473 472
f 476 477 478
f 478 475 476
f 480 477 479
f 477 480 478
f 479 481 480
f 478 474 475
f 482 474 481
f 478 480 474
f 480 481 474
f 475 474 477
f 477 476 475
f 474 479 477
f 474 482 481
f 474 481 479
f 881 485 487
f 486 487 485
f 484 486 485
f 483 484 485
f 490 483 485
f 488 489 490
f 492 485 881
f 488 493 491
f 495 492 881
f 485 494 493
f 491 880 488
f 492 494 485
f 488 490 493
f 491 495 880
f 490 485 493
f 495 881 880
f 491 496 495
f 495 494 499
f 499 500 495
f 498 499 494
f 497 498 494
f 494 492 497
f 500 492 495
f 493 494 501
f 501 502 493
f 503 493 502
f 493 503 491
f 502 504 503
f 496 501 494
f 501 496 505
f 494 495 496
f 505 503 504
f 512 505 403
f 398 399 486
f 399 487 486
f 484 397 398
f 498 497 400
f 486 484 398
f 506 396 397
f 492 491 880
f 503 505 507
f 508 506 483
f 400 401 498
f 402 496 499
f 496 500 499
f 484 483 397
f 506 395 396
f 497 881 487
f 491 488 880
f 395 506 509
f 483 490 508
f 489 503 511
f 499 498 402
f 397 483 506
f 496 491 492
f 512 507 505
f 403 510 512
f 509 404 395
f 509 510 404
f 488 491 503
f 511 508 489
f 487 400 497
f 496 402 407
f 510 403 404
f 503 489 488
f 407 505 496
f 490 489 508
f 399 400 487
f 880 497 492
f 880 881 497
f 507 514 503
f 401 402 498
f 492 500 496
f 514 511 503
f 512 502 513
f 504 502 514
f 514 513 504
f 504 513 505
f 514 512 513
f 502 501 513
f 501 407 513
f 501 505 407
f 512 514 507
f 509 506 502
f 510 509 502
f 512 510 502
f 514 502 511
f 508 511 502
f 506 508 502
f 513 407 401
f 401 400 513
f 402 401 407
f 505 513 403
f 404 403 513
f 395 404 513
f 396 395 513
f 397 396 513
f 398 397 513
f 399 398 513
f 400 399 513
f 636 516 515
f 516 636 517
f 518 517 519
f 519 520 518
f 520 519 521
f 522 523 521
f 523 522 524
f 524 525 523
f 525 524 526
f 527 528 526
f 528 527 529
f 529 530 528
f 530 529 531
f 532 533 531
f 533 532 534
f 534 535 533
f 535 534 536
f 537 538 536
f 538 537 539
f 539 540 538
f 540 539 541
f 542 543 541
f 543 542 544
f 544 545 543
f 545 544 546
f 547 548 546
f 548 547 549
f 549 550 548
f 550 549 551
f 552 553 551
f 553 552 554
f 554 555 553
f 555 554 556
f 557 558 556
f 558 557 559
f 559 560 558
f 560 559 561
f 562 563 561
f 563 562 564
f 564 565 563
f 565 564 566
f 567 568 566
f 568 567 569
f 569 570 568
f 570 569 571
f 572 573 571
f 573 572 574
f 574 575 573
f 575 574 576
f 577 578 576
f 578 577 579
f 579 580 578
f 580 579 581
f 582 583 581
f 583 582 584
f 584 585 583
f 585 584 586
f 587 588 586
f 588 587 589
f 589 590 588
f 590 589 591
f 592 593 591
f 593 592 594
f 594 595 593
f 595 594 596
f 597 598 596
f 598 597 599
f 599 600 598
f 600 599 601
f 602 603 601
f 603 602 604
f 604 605 603
f 605 604 606
f 607 608 606
f 608 607 609
f 609 610 608
f 610 609 611
f 612 613 611
f 613 612 614
f 614 615 613
f 615 614 616
f 617 618 616
f 618 617 619
f 619 620 618
f 620 619 621
f 622 623 621
f 623 622 624
f 624 625 623
f 625 624 626
f 627 628 626
f 628 627 629
f 629 632 628
f 632 629 630
f 630 631 632
f 636 632 633
f 633 634 632
f 636 633 632
f 632 631 633
f 633 631 635
f 635 637 633
f 638 637 635
f 639 640 638
f 638 635 639
f 641 640 639
f 641 642 643
f 644 645 643
f 643 642 644
f 646 645 644
f 646 647 648
f 649 650 648
f 648 647 649
f 651 650 649
f 651 652 653
f 654 655 653
f 653 652 654
f 656 655 654
f 656 657 658
f 659 660 658
f 658 657 659
f 661 660 659
f 661 662 663
f 664 665 663
f 663 662 664
f 666 665 664
f 666 667 668
f 669 670 668
f 668 667 669
f 671 670 669
f 671 672 673
f 674 675 673
f 673 672 674
f 676 675 674
f 676 677 678
f 679 680 678
f 678 677 679
f 681 680 679
f 681 682 683
f 684 685 683
f 683 682 684
f 686 685 684
f 686 687 688
f 689 690 688
f 688 687 689
f 691 690 689
f 691 692 693
f 694 695 693
f 693 692 694
f 696 695 694
f 696 697 698
f 699 700 698
f 698 697 699
f 701 700 699
f 701 702 703
f 704 705 703
f 703 702 704
f 706 705 704
f 706 707 708
f 709 710 708
f 708 707 709
f 711 710 709
f 711 712 713
f 714 715 713
f 713 712 714
f 716 715 714
f 716 717 718
f 719 720 718
f 718 717 719
f 721 720 719
f 721 722 723
f 724 725 723
f 723 722 724
f 726 725 724
f 726 727 728
f 729 730 728
f 728 727 729
f 731 730 729
f 731 732 733
f 734 735 733
f 733 732 734
f 736 735 734
f 736 737 738
f 739 740 738
f 738 737 739
f 741 740 739
f 741 742 743
f 744 745 743
f 743 742 744
f 746 745 744
f 746 747 748
f 749 751 748
f 748 747 749
f 749 750 751
f 750 752 753
f 753 751 750
f 754 755 753
f 753 752 754
f 634 625 628
f 628 632 634
f 626 628 625
f 638 615 618
f 634 620 623
f 620 634 638
f 623 625 634
f 621 623 620
f 633 637 634
f 634 637 638
f 618 620 638
f 616 618 615
f 638 610 613
f 613 615 638
f 611 613 610
f 643 603 605
f 638 605 608
f 643 600 603
f 641 643 640
f 608 610 638
f 606 608 605
f 648 598 600
f 605 638 640
f 648 595 598
f 646 648 645
f 605 640 643
f 601 603 600
f 653 593 595
f 600 643 645
f 653 590 593
f 651 653 650
f 600 645 648
f 596 598 595
f 658 588 590
f 595 648 650
f 658 585 588
f 656 658 655
f 595 650 653
f 591 593 590
f 663 583 585
f 590 653 655
f 663 580 583
f 661 663 660
f 590 655 658
f 586 588 585
f 668 578 580
f 585 658 660
f 668 575 578
f 666 668 665
f 585 660 663
f 581 583 580
f 673 573 575
f 580 663 665
f 673 570 573
f 671 673 670
f 580 665 668
f 576 578 575
f 678 568 570
f 575 668 670
f 678 565 568
f 676 678 675
f 575 670 673
f 571 573 570
f 683 563 565
f 570 673 675
f 683 560 563
f 681 683 680
f 570 675 678
f 566 568 565
f 688 558 560
f 565 678 680
f 688 555 558
f 686 688 685
f 565 680 683
f 561 563 560
f 693 553 555
f 560 683 685
f 693 550 553
f 691 693 690
f 560 685 688
f 556 558 555
f 698 548 550
f 555 688 690
f 698 545 548
f 696 698 695
f 555 690 693
f 551 553 550
f 703 543 545
f 550 693 695
f 703 540 543
f 701 703 700
f 550 695 698
f 546 548 545
f 708 538 540
f 515 753 755
f 545 698 700
f 708 535 538
f 706 708 705
f 515 751 753
f 545 700 703
f 541 543 540
f 713 533 535
f 755 636 515
f 540 703 705
f 713 530 533
f 711 713 710
f 540 705 708
f 536 538 535
f 718 528 530
f 515 745 748
f 535 708 710
f 718 525 528
f 716 718 715
f 748 751 515
f 746 748 745
f 535 710 713
f 531 533 530
f 723 523 525
f 515 740 743
f 530 713 715
f 723 520 523
f 721 723 720
f 743 745 515
f 741 743 740
f 740 515 516
f 530 715 718
f 526 528 525
f 728 518 520
f 516 735 738
f 525 718 720
f 728 516 518
f 726 728 725
f 516 738 740
f 736 738 735
f 525 720 723
f 521 523 520
f 516 730 733
f 520 723 725
f 733 735 516
f 731 733 730
f 520 725 728
f 517 518 516
f 516 728 730
f 631 642 639
f 639 635 631
f 641 639 642
f 631 647 644
f 647 631 629
f 644 642 631
f 646 644 647
f 629 652 649
f 631 630 629
f 629 649 647
f 651 649 652
f 629 657 654
f 654 652 629
f 656 654 657
f 624 664 662
f 629 662 659
f 624 667 664
f 626 624 627
f 659 657 629
f 661 659 662
f 619 669 667
f 662 629 627
f 619 672 669
f 621 619 622
f 662 627 624
f 666 664 667
f 614 674 672
f 667 624 622
f 614 677 674
f 616 614 617
f 667 622 619
f 671 669 672
f 609 679 677
f 672 619 617
f 609 682 679
f 611 609 612
f 672 617 614
f 676 674 677
f 604 684 682
f 677 614 612
f 604 687 684
f 606 604 607
f 677 612 609
f 681 679 682
f 599 689 687
f 682 609 607
f 599 692 689
f 601 599 602
f 682 607 604
f 686 684 687
f 594 694 692
f 687 604 602
f 594 697 694
f 596 594 597
f 687 602 599
f 691 689 692
f 589 699 697
f 692 599 597
f 589 702 699
f 591 589 592
f 692 597 594
f 696 694 697
f 584 704 702
f 697 594 592
f 584 707 704
f 586 584 587
f 697 592 589
f 701 699 702
f 579 709 707
f 702 589 587
f 579 712 709
f 581 579 582
f 702 587 584
f 706 704 707
f 574 714 712
f 707 584 582
f 574 717 714
f 576 574 577
f 707 582 579
f 711 709 712
f 569 719 717
f 712 579 577
f 569 722 719
f 571 569 572
f 712 577 574
f 716 714 717
f 564 724 722
f 717 574 572
f 564 727 724
f 566 564 567
f 717 572 569
f 721 719 722
f 559 729 727
f 722 569 567
f 559 732 729
f 561 559 562
f 722 567 564
f 726 724 727
f 554 734 732
f 727 564 562
f 554 737 734
f 556 554 557
f 727 562 559
f 731 729 732
f 549 739 737
f 732 559 557
f 549 742 739
f 551 549 552
f 732 557 554
f 736 734 737
f 544 744 742
f 737 554 552
f 544 747 744
f 546 544 547
f 737 552 549
f 741 739 742
f 539 749 747
f 636 522 519
f 742 549 547
f 539 752 749
f 541 539 542
f 519 517 636
f 521 519 522
f 756 524 522
f 742 547 544
f 746 744 747
f 534 754 752
f 756 527 524
f 747 544 542
f 534 756 754
f 536 534 537
f 522 636 756
f 526 524 527
f 747 542 539
f 750 749 752
f 756 532 529
f 752 539 537
f 529 527 756
f 531 529 532
f 752 537 534
f 755 754 756
f 756 534 532
f 755 756 636
f 762 763 760
f 761 760 763
f 763 759 761
f 762 761 759
f 759 763 762
f 761 762 760
f 767 800 788
f 765 766 767
f 764 769 767
f 771 772 773
f 776 777 778
f 773 765 771
f 768 779 767
f 781 782 783
f 767 784 785
f 778 767 776
f 770 776 767
f 765 767 771
f 788 786 787
f 789 790 767
f 775 791 781
f 783 775 781
f 767 792 781
f 787 771 788
f 781 791 767
f 771 767 788
f 774 793 794
f 794 775 774
f 795 793 774
f 774 775 795
f 795 775 783
f 783 796 795
f 815 797 786
f 786 788 815
f 788 800 815
f 767 779 798
f 798 800 767
f 768 799 798
f 798 779 768
f 767 800 799
f 799 768 767
f 767 790 801
f 801 800 767
f 789 802 801
f 801 790 789
f 800 802 789
f 789 767 800
f 767 805 800
f 805 767 769
f 769 803 805
f 764 804 803
f 803 769 764
f 805 804 764
f 764 767 805
f 767 791 780
f 780 805 767
f 791 775 780
f 794 780 775
f 782 806 796
f 796 783 782
f 781 807 806
f 806 782 781
f 807 781 792
f 792 808 807
f 767 810 808
f 808 792 767
f 810 767 785
f 785 809 810
f 784 810 809
f 809 785 784
f 784 767 810
f 810 767 778
f 778 811 810
f 777 812 811
f 811 778 777
f 813 812 777
f 777 776 813
f 776 770 814
f 814 813 776
f 770 815 814
f 815 770 767
f 766 816 815
f 815 767 766
f 765 817 816
f 816 766 765
f 817 765 773
f 773 818 817
f 772 819 818
f 818 773 772
f 820 819 772
f 772 771 820
f 771 787 821
f 821 820 771
f 786 797 821
f 821 787 786
f 803 804 805
f 800 801 802
f 820 821 797
f 820 817 818
f 810 811 812
f 807 808 810
f 807 810 780
f 795 796 806
f 780 800 805
f 820 815 817
f 813 780 810
f 806 807 795
f 818 819 820
f 815 816 817
f 813 814 815
f 807 780 795
f 798 799 800
f 815 780 813
f 780 794 793
f 797 815 820
f 812 813 810
f 793 795 780
f 780 815 800
f 825 827 824
f 824 823 822
f 822 825 824
f 826 822 823
f 823 824 827
f 827 825 828
f 825 822 826
f 825 826 823
f 823 828 825
f 828 823 827
f 830 831 829
f 831 832 829
f 832 833 829
f 833 830 829
f 832 834 835
f 835 833 832
f 836 834 832
f 832 831 836
f 837 835 834
f 834 836 837
f 833 835 837
f 837 830 833
f 837 836 831
f 831 830 837
f 839 840 841
f 842 843 844
f 841 845 839
f 839 846 847
f 842 848 843
f 842 849 850
f 847 840 839
f 850 848 842
f 842 851 852
f 853 839 854
f 839 853 846
f 842 855 849
f 842 856 851
f 845 857 839
f 852 855 842
f 856 842 853
f 854 856 853
f 844 858 842
f 852 851 859
f 855 852 860
f 849 855 861
f 850 849 862
f 848 850 863
f 843 848 864
f 844 843 865
f 858 844 866
f 842 858 867
f 853 842 868
f 868 869 853
f 867 868 842
f 866 867 858
f 865 866 844
f 864 865 843
f 863 864 848
f 862 863 850
f 861 862 849
f 860 861 855
f 859 860 852
f 846 853 869
f 847 846 870
f 840 847 871
f 841 840 872
f 845 841 873
f 857 845 874
f 839 857 875
f 854 839 876
f 856 854 877
f 851 856 878
f 878 859 851
f 877 878 856
f 876 877 854
f 875 876 839
f 874 875 857
f 873 874 845
f 872 873 841
f 871 872 840
f 870 871 847
f 869 870 846
f 488 880 874
f 880 881 876
f 859 878 881
f 878 877 881
f 877 876 881
f 876 875 880
f 875 874 880
f 874 873 488
f 873 872 488
f 872 871 488
f 871 870 488
f 870 869 488
f 881 487 861
f 487 486 862
f 486 484 863
f 484 483 864
f 483 490 865
f 490 489 866
f 489 488 867
f 869 868 488
f 868 867 488
f 867 866 489
f 866 865 490
f 865 864 483
f 864 863 484
f 863 862 486
f 862 861 487
f 861 860 881
f 860 859 881
f 879 489 490
f 879 488 489
f 882 484 486
f 882 483 484
f 882 486 487
f 882 490 483
f 882 487 881
f 490 882 879
f 886 879 882
f 886 882 881
f 883 881 880
f 884 880 488
f 885 488 879
f 879 886 885
f 488 885 884
f 880 884 883
f 881 883 886
f 887 883 885
f 887 885 886
f 884 885 883
f 883 887 886
f 888 889 890
f 891 892 893
f 890 894 888
f 888 895 896
f 891 897 892
f 891 898 899
f 896 889 888
f 899 897 891
f 891 900 901
f 902 888 903
f 888 902 895
f 891 904 898
f 891 905 900
f 894 906 888
f 901 904 891
f 905 891 902
f 903 905 902
f 893 907 891
f 901 900 908
f 904 901 909
f 898 904 910
f 899 898 911
f 897 899 912
f 892 897 913
f 893 892 914
f 907 893 915
f 891 907 916
f 902 891 917
f 917 918 902
f 916 917 891
f 915 916 907
f 914 915 893
f 913 914 892
f 912 913 897
f 911 912 899
f 910 911 898
f 909 910 904
f 908 909 901
f 895 902 918
f 896 895 919
f 889 896 920
f 890 889 921
f 894 890 922
f 906 894 923
f 888 906 924
f 903 888 925
f 905 903 926
f 900 905 927
f 927 908 900
f 926 927 905
f 925 926 903
f 924 925 888
f 923 924 906
f 922 923 894
f 921 922 890
f 920 921 889
f 919 920 896
f 918 919 895
f 511 508 922
f 508 506 923
f 506 509 924
f 509 510 925
f 510 512 926
f 908 927 512
f 927 926 512
f 926 925 510
f 925 924 509
f 924 923 506
f 923 922 508
f 922 921 511
f 921 920 511
f 920 919 511
f 919 918 511
f 512 507 910
f 507 514 913
f 514 511 918
f 918 917 514
f 917 916 514
f 916 915 514
f 915 914 514
f 914 913 514
f 913 912 507
f 912 911 507
f 911 910 507
f 910 909 512
f 909 908 512
f 928 511 514
f 929 508 511
f 929 506 508
f 929 509 506
f 930 510 509
f 930 512 510
f 512 930 507
f 511 928 929
f 509 929 930
f 931 928 514
f 931 514 507
f 928 931 929
f 931 507 930
f 930 929 931
f 948 932 933
f 934 949 948
f 950 937 938
f 938 946 950
f 947 951 941
f 951 942 941
f 947 946 951
f 947 949 946
f 947 966 949
f 950 946 949
f 948 949 966
f 947 944 945
f 941 943 947
f 940 951 946
f 938 939 946
f 936 950 949
f 934 935 949
f 932 948 966
f 967 953 954
f 954 968 967
f 969 957 958
f 958 970 969
f 965 971 961
f 971 962 961
f 965 964 966
f 947 945 967
f 947 971 966
f 947 970 971
f 947 969 970
f 947 968 969
f 968 947 967
f 965 966 971
f 963 964 965
f 960 971 970
f 958 959 970
f 956 969 968
f 954 955 968
f 952 967 945
f 972 967 952
f 952 973 972
f 952 945 973
f 972 974 953
f 974 954 953
f 975 968 955
f 955 974 975
f 975 956 968
f 976 969 956
f 956 975 976
f 976 977 957
f 977 958 957
f 978 970 959
f 959 977 978
f 978 960 970
f 979 971 960
f 960 978 979
f 979 980 962
f 980 961 962
f 981 966 964
f 964 982 981
f 963 965 983
f 983 982 963
f 980 984 983
f 983 961 980
f 965 961 983
f 964 963 982
f 962 971 979
f 959 958 977
f 957 969 976
f 955 954 974
f 953 967 972
f 985 949 935
f 935 986 985
f 985 936 949
f 987 950 936
f 936 985 987
f 987 988 937
f 988 938 937
f 989 946 939
f 939 988 989
f 989 940 946
f 990 951 940
f 940 989 990
f 990 991 942
f 991 941 942
f 992 947 943
f 943 991 992
f 973 945 944
f 944 992 973
f 993 933 932
f 932 981 993
f 932 966 981
f 986 934 994
f 933 993 994
f 994 934 948
f 994 948 933
f 994 757 986
f 944 947 992
f 943 941 991
f 942 951 990
f 939 938 988
f 937 950 987
f 935 934 986
f 758 976 975
f 758 979 978
f 758 989 988
f 758 977 976
f 758 980 979
f 758 987 985
f 758 990 989
f 978 977 758
f 973 992 758
f 758 974 972
f 988 987 758
f 758 984 980
f 972 973 758
f 758 991 990
f 992 991 758
f 985 986 758
f 986 757 758
f 975 974 758
f 995 993 981
f 995 982 983
f 995 994 993
f 981 982 995
f 983 758 995
f 758 983 984
f 994 995 758
f 758 757 994
f 996 1020 998
f 998 997 996
f 999 1000 1001
f 1002 1003 1004
f 1003 1002 1005
f 1004 999 1002
f 1006 1007 1008
f 1007 1006 1009
f 1010 1011 1012
f 1011 1013 1014
f 1015 1005 1016
f 1001 1002 999
f 998 1015 997
f 1017 1018 996
f 997 1015 1019
f 1009 1021 1007
f 1014 1012 1011
f 1005 1015 1003
f 996 1018 1022
f 1019 1017 997
f 1011 1010 1020
f 1012 1006 1010
f 998 1003 1015
f 996 997 1017
f 1008 1010 1006
f 1022 1011 996
f 996 1011 1020
f 1016 1023 1015
f 1024 1025 998
f 998 1020 1024
f 1003 998 1025
f 1025 1026 1003
f 1004 1003 1026
f 999 1004 1027
f 1000 999 1028
f 1001 1000 1029
f 1002 1001 1030
f 1030 1031 1002
f 1029 1030 1001
f 1028 1029 1000
f 1027 1028 999
f 1026 1027 1004
f 1031 1032 1005
f 1005 1002 1031
f 1033 1034 1018
f 1018 1017 1033
f 1016 1005 1032
f 1023 1016 1035
f 1015 1023 1036
f 1019 1015 1037
f 1017 1019 1038
f 1038 1033 1017
f 1037 1038 1019
f 1036 1037 1015
f 1035 1036 1023
f 1032 1035 1016
f 1022 1018 1034
f 1011 1022 1039
f 1013 1011 1040
f 1014 1013 1041
f 1012 1014 1042
f 1042 1053 1012
f 1041 1042 1014
f 1040 1041 1013
f 1039 1040 1011
f 1034 1039 1022
f 1053 1043 1006
f 1006 1012 1053
f 1009 1006 1043
f 1021 1009 1044
f 1007 1021 1045
f 1008 1007 1046
f 1010 1008 1047
f 1047 1048 1010
f 1046 1047 1008
f 1045 1046 1007
f 1044 1045 1021
f 1043 1044 1009
f 1048 1024 1020
f 1020 1010 1048
f 1050 1035 1032
f 1049 1031 1030
f 1032 1049 1050
f 1051 1052 1037
f 1032 1031 1049
f 1055 1036 1035
f 1036 1055 1051
f 1052 1056 1038
f 1054 1043 1053
f 1035 1050 1055
f 1038 1037 1052
f 1057 1040 1039
f 1058 1041 1040
f 1059 1042 1041
f 1044 1043 1054
f 1049 1028 1027
f 1049 1029 1028
f 1049 1030 1029
f 1037 1036 1051
f 1040 1057 1058
f 1042 1059 1053
f 1026 1025 1060
f 1061 1049 1027
f 1062 1034 1033
f 1062 1063 1039
f 1041 1058 1059
f 1027 1026 1061
f 1039 1034 1062
f 1045 1044 1054
f 1047 1046 1054
f 1064 1048 1047
f 1048 1064 1065
f 1033 1056 1062
f 1046 1045 1054
f 1065 1024 1048
f 1033 1038 1056
f 1047 1054 1064
f 1025 1024 1067
f 1039 1063 1057
f 1024 1068 1067
f 1060 1061 1026
f 1025 1069 1070
f 1067 1069 1025
f 1066 1068 1024
f 1056 1071 1072
f 1072 1062 1056
f 1062 1072 1073
f 1063 1073 1074
f 1057 1074 1075
f 1058 1075 1076
f 1059 1076 1093
f 1093 1053 1059
f 1076 1059 1058
f 1075 1058 1057
f 1074 1057 1063
f 1073 1063 1062
f 1050 1077 1078
f 1055 1078 1079
f 1051 1079 1080
f 1052 1080 1071
f 1071 1056 1052
f 1080 1052 1051
f 1079 1051 1055
f 1078 1055 1050
f 1077 1050 1049
f 1081 1082 1065
f 1065 1064 1081
f 1024 1065 1082
f 1060 1025 1083
f 1083 1084 1060
f 1061 1060 1084
f 1084 1095 1061
f 1024 1082 1085
f 1066 1085 1086
f 1086 1087 1088
f 1088 1068 1086
f 1088 1067 1068
f 1086 1068 1066
f 1085 1066 1024
f 1089 1069 1090
f 1069 1067 1090
f 1069 1089 1091
f 1070 1091 1083
f 1083 1025 1070
f 1091 1070 1069
f 1090 1092 1089
f 1067 1088 1090
f 1073 1076 1075
f 1087 1086 1085
f 1083 1092 1087
f 1073 1093 1076
f 1087 1082 1083
f 1083 1091 1089
f 1075 1074 1073
f 1089 1092 1083
f 1071 1084 1083
f 1095 1071 1077
f 1093 1072 1081
f 1083 1082 1071
f 1077 1097 1095
f 1071 1078 1077
f 1071 1080 1079
f 1072 1082 1081
f 1085 1082 1087
f 1079 1078 1071
f 1082 1072 1071
f 1095 1084 1071
f 1098 1094 1092
f 1087 1092 1094
f 1073 1072 1093
f 1099 1090 1088
f 1099 1098 1090
f 1098 1092 1090
f 1095 1097 1098
f 1049 1061 1096
f 1061 1095 1096
f 1096 1095 1077
f 1077 1098 1097
f 1096 1077 1049
f 1077 1095 1098
f 1099 1094 1098
f 1088 1087 1094
f 1094 1099 1088
f 1093 1100 1053
f 1100 1054 1053
f 1081 1100 1093
f 1100 1064 1054
f 1100 1081 1064
f 1101 1102 1127
f 1104 1117 1103
f 1105 1104 1103
f 1106 1105 1103
f 1127 1103 1117
f 1107 1117 1104
f 1108 1104 1105
f 1109 1105 1106
f 1106 1110 1109
f 1105 1109 1108
f 1104 1108 1107
f 1117 1107 1111
f 1117 1111 1127
f 1113 1112 1101
f 1101 1127 1117
f 1114 1113 1101
f 1115 1114 1101
f 1116 1115 1101
f 1118 1116 1101
f 1110 1107 1108
f 1111 1107 1110
f 1108 1109 1110
f 1110 1127 1111
f 1127 1106 1103
f 1110 1106 1127
f 1117 1118 1101
f 1119 1118 1117
f 1117 1120 1119
f 1120 1117 1127
f 1113 1121 1128
f 1121 1113 1114
f 1122 1114 1115
f 1123 1115 1116
f 1124 1116 1118
f 1118 1119 1124
f 1116 1124 1123
f 1115 1123 1122
f 1114 1122 1121
f 1128 1112 1113
f 1102 1101 1125
f 1125 1126 1102
f 1102 1126 1127
f 1125 1128 1126
f 1128 1125 1129
f 1129 1125 1112
f 1112 1125 1101
f 1129 1112 1128
f 1119 1122 1123
f 1119 1128 1121
f 1121 1122 1119
f 1120 1127 1126
f 1123 1124 1119
f 1126 1128 1120
f 1119 1120 1128
f 1130 1131 1133
f 1133 1134 1130
f 1130 1134 1132
f 1131 1130 1132
f 1136 1135 1134
f 1134 1137 1136
f 1132 1134 1135
f 1137 1134 1133
f 1131 1132 1135
f 1133 1131 1137
f 1139 1138 1137
f 1138 1136 1137
f 1140 1131 1135
f 1135 1138 1140
f 1139 1137 1131
f 1135 1136 1138
f 1140 1141 1131
f 1139 1131 1141
f 1139 1140 1138
f 1141 1140 1139
f 1142 1143 1144
f 1145 1146 1147
f 1144 1148 1142
f 1142 1149 1150
f 1145 1151 1146
f 1145 1152 1153
f 1150 1143 1142
f 1153 1151 1145
f 1145 1154 1155
f 1156 1142 1157
f 1142 1156 1149
f 1145 1158 1152
f 1145 1159 1154
f 1148 1160 1142
f 1155 1158 1145
f 1159 1145 1156
f 1157 1159 1156
f 1147 1161 1145
f 1155 1154 1162
f 1158 1155 1163
f 1152 1158 1164
f 1153 1152 1165
f 1151 1153 1166
f 1146 1151 1167
f 1147 1146 1168
f 1161 1147 1169
f 1145 1161 1170
f 1156 1145 1171
f 1171 1172 1156
f 1170 1171 1145
f 1169 1170 1161
f 1168 1169 1147
f 1167 1168 1146
f 1166 1167 1151
f 1165 1166 1153
f 1164 1165 1152
f 1163 1164 1158
f 1162 1163 1155
f 1149 1156 1172
f 1150 1149 1173
f 1143 1150 1174
f 1144 1143 1175
f 1148 1144 1176
f 1160 1148 1177
f 1142 1160 1178
f 1157 1142 1179
f 1159 1157 1180
f 1154 1159 1181
f 1181 1162 1154
f 1180 1181 1159
f 1179 1180 1157
f 1178 1179 1142
f 1177 1178 1160
f 1176 1177 1148
f 1175 1176 1144
f 1174 1175 1143
f 1173 1174 1150
f 1172 1173 1149
f 1182 1183 1176
f 1183 1186 1180
f 1162 1181 1186
f 1181 1180 1186
f 1180 1179 1183
f 1179 1178 1183
f 1178 1177 1183
f 1177 1176 1183
f 1176 1175 1182
f 1175 1174 1182
f 1174 1173 1182
f 1173 1172 1182
f 1186 1184 1164
f 1184 1185 1168
f 1185 1182 1172
f 1172 1171 1185
f 1171 1170 1185
f 1170 1169 1185
f 1169 1168 1185
f 1168 1167 1184
f 1167 1166 1184
f 1166 1165 1184
f 1165 1164 1184
f 1164 1163 1186
f 1163 1162 1186
f 1183 1182 1186
f 1187 1185 1184
f 1187 1184 1186
f 1187 1186 1182
f 1187 1182 1185
f 1188 1189 1190
f 1191 1192 1193
f 1190 1194 1188
f 1188 1195 1196
f 1191 1197 1192
f 1191 1198 1199
f 1196 1189 1188
f 1199 1197 1191
f 1191 1200 1201
f 1202 1188 1203
f 1188 1202 1195
f 1191 1204 1198
f 1191 1205 1200
f 1194 1206 1188
f 1201 1204 1191
f 1205 1191 1202
f 1203 1205 1202
f 1193 1207 1191
f 1201 1200 1208
f 1204 1201 1209
f 1198 1204 1210
f 1199 1198 1211
f 1197 1199 1212
f 1192 1197 1213
f 1193 1192 1214
f 1207 1193 1215
f 1191 1207 1216
f 1202 1191 1217
f 1217 1218 1202
f 1216 1217 1191
f 1215 1216 1207
f 1214 1215 1193
f 1213 1214 1192
f 1212 1213 1197
f 1211 1212 1199
f 1210 1211 1198
f 1209 1210 1204
f 1208 1209 1201
f 1195 1202 1218
f 1196 1195 1219
f 1189 1196 1220
f 1190 1189 1221
f 1194 1190 1222
f 1206 1194 1223
f 1188 1206 1224
f 1203 1188 1225
f 1205 1203 1226
f 1200 1205 1227
f 1227 1208 1200
f 1226 1227 1205
f 1225 1226 1203
f 1224 1225 1188
f 1223 1224 1206
f 1222 1223 1194
f 1221 1222 1190
f 1220 1221 1189
f 1219 1220 1196
f 1218 1219 1195
f 492 500 1223
f 500 499 1208
f 1208 1227 500
f 1227 1226 500
f 1226 1225 500
f 1225 1224 500
f 1224 1223 500
f 1223 1222 492
f 1222 1221 492
f 1221 1220 492
f 1220 1219 492
f 1219 1218 492
f 499 498 1212
f 498 497 1213
f 497 492 1218
f 1218 1217 497
f 1217 1216 497
f 1216 1215 497
f 1215 1214 497
f 1214 1213 497
f 1213 1212 498
f 1212 1211 499
f 1211 1210 499
f 1210 1209 499
f 1209 1208 499
f 1229 500 492
f 1228 499 500
f 1230 498 499
f 1230 497 498
f 500 1229 1228
f 499 1228 1230
f 1231 492 497
f 1231 497 1230
f 1231 1230 1228
f 1231 1228 1229
f 1231 1229 492
f 1233 1234 1235
f 1237 1232 1236
f 1236 1233 1237
f 1235 1237 1233
f 1259 1236 1232
f 1238 1239 1240
f 1240 1241 1238
f 1242 1243 1244
f 1244 1245 1242
f 1245 1240 1242
f 1246 1247 1248
f 1248 1244 1246
f 1251 1250 1249
f 1249 1252 1251
f 1252 1248 1251
f 1234 1249 1253
f 1253 1235 1234
f 1250 1253 1249
f 1247 1251 1248
f 1243 1246 1244
f 1239 1242 1240
f 1241 1254 1491
f 1491 1238 1241
f 1255 1491 1254
f 1254 1256 1255
f 1256 1257 1255
f 1258 1491 1255
f 1255 1257 1258
f 1232 1260 1261
f 1261 1259 1232
f 1262 1269 1270
f 1260 1262 1263
f 1263 1261 1260
f 1270 1263 1262
f 1264 1265 1266
f 1267 1264 1268
f 1269 1267 1270
f 1268 1270 1267
f 1266 1268 1264
f 1271 1272 1273
f 1273 1274 1271
f 1275 1271 1276
f 1276 1277 1275
f 1278 1275 1279
f 1280 1278 1281
f 1265 1280 1282
f 1282 1266 1265
f 1281 1282 1280
f 1279 1281 1278
f 1277 1279 1275
f 1274 1276 1271
f 1283 1273 1272
f 1283 1284 1296
f 1285 1286 1287
f 1288 1285 1289
f 1290 1288 1291
f 1292 1290 1293
f 1293 1294 1292
f 1284 1292 1295
f 1295 1296 1284
f 1294 1295 1292
f 1291 1293 1290
f 1289 1291 1288
f 1287 1289 1285
f 1297 1298 1299
f 1299 1300 1297
f 1301 1297 1302
f 1302 1303 1301
f 1304 1301 1305
f 1306 1304 1307
f 1286 1306 1308
f 1308 1309 1286
f 1309 1287 1286
f 1307 1308 1306
f 1305 1307 1304
f 1303 1305 1301
f 1300 1302 1297
f 1310 1299 1298
f 1310 1311 1323
f 1312 1313 1314
f 1315 1312 1316
f 1317 1315 1318
f 1319 1317 1320
f 1320 1321 1319
f 1311 1319 1322
f 1322 1323 1311
f 1321 1322 1319
f 1318 1320 1317
f 1316 1318 1315
f 1314 1316 1312
f 1329 1314 1313
f 1324 1325 1326
f 1327 1324 1328
f 1328 1329 1327
f 1326 1328 1324
f 1330 1331 1332
f 1332 1333 1330
f 1334 1330 1335
f 1335 1336 1334
f 1337 1334 1338
f 1339 1337 1340
f 1325 1339 1341
f 1341 1326 1325
f 1340 1341 1339
f 1338 1340 1337
f 1336 1338 1334
f 1333 1335 1330
f 1342 1332 1331
f 1342 1344 1343
f 1345 1346 1347
f 1348 1345 1349
f 1350 1348 1351
f 1351 1352 1350
f 1353 1350 1354
f 1344 1353 1355
f 1355 1356 1344
f 1356 1343 1344
f 1354 1355 1353
f 1352 1354 1350
f 1349 1351 1348
f 1347 1349 1345
f 1358 1357 1359
f 1360 1358 1361
f 1362 1360 1363
f 1346 1362 1364
f 1364 1347 1346
f 1363 1364 1362
f 1361 1363 1360
f 1359 1361 1358
f 1365 1366 1367
f 1368 1367 1369
f 1370 1369 1371
f 1372 1371 1373
f 1374 1373 1357
f 1373 1374 1372
f 1371 1372 1370
f 1369 1370 1368
f 1367 1368 1365
f 1375 1377 1376
f 1378 1376 1379
f 1380 1379 1381
f 1382 1381 1383
f 1384 1383 1366
f 1366 1365 1384
f 1383 1384 1382
f 1381 1382 1380
f 1379 1380 1378
f 1376 1378 1375
f 1385 1377 1375
f 1386 1387 1388
f 1389 1388 1390
f 1391 1390 1392
f 1393 1394 1395
f 1393 1392 1394
f 1396 1395 1385
f 1395 1396 1393
f 1392 1393 1391
f 1390 1391 1389
f 1388 1389 1386
f 1397 1413 1398
f 1399 1398 1400
f 1401 1400 1402
f 1403 1402 1387
f 1387 1386 1403
f 1402 1403 1401
f 1400 1401 1399
f 1398 1399 1397
f 1404 1405 1406
f 1407 1406 1408
f 1409 1408 1410
f 1411 1410 1412
f 1412 1413 1411
f 1410 1411 1409
f 1408 1409 1407
f 1406 1407 1404
f 1416 1415 1417
f 1418 1417 1419
f 1420 1419 1405
f 1405 1404 1420
f 1419 1420 1418
f 1417 1418 1416
f 1415 1416 1414
f 1421 1422 1423
f 1424 1423 1425
f 1426 1425 1427
f 1428 1429 1430
f 1428 1427 1429
f 1431 1430 1414
f 1430 1431 1428
f 1427 1428 1426
f 1425 1426 1424
f 1423 1424 1421
f 1434 1433 1435
f 1436 1435 1422
f 1422 1421 1436
f 1435 1436 1434
f 1433 1434 1432
f 1437 1438 1439
f 1440 1439 1441
f 1442 1441 1443
f 1444 1443 1432
f 1443 1444 1442
f 1441 1442 1440
f 1439 1440 1437
f 1445 1446 1447
f 1448 1449 1450
f 1448 1447 1449
f 1451 1450 1452
f 1453 1452 1454
f 1455 1454 1438
f 1438 1437 1455
f 1454 1455 1453
f 1452 1453 1451
f 1450 1451 1448
f 1447 1448 1445
f 1456 1446 1445
f 1457 1458 1456
f 1457 1459 1458
f 1457 1460 1459
f 1461 1462 1463
f 1464 1463 1465
f 1466 1465 1467
f 1468 1467 1469
f 1469 1470 1468
f 1469 1471 1470
f 1470 1471 1472
f 1472 1460 1470
f 1472 1459 1460
f 1467 1468 1466
f 1465 1466 1464
f 1463 1464 1461
f 1473 1474 1462
f 1462 1461 1473
f 1475 1476 1477
f 1477 1478 1475
f 1477 1479 1478
f 1480 1481 1482
f 1482 1483 1480
f 1481 1484 1485
f 1484 1486 1487
f 1487 1488 1484
f 1486 1489 1487
f 1258 1490 1489
f 1489 1491 1258
f 1490 1487 1489
f 1488 1485 1484
f 1485 1482 1481
f 1483 1477 1480
f 1476 1480 1477
f 1492 1493 1494
f 1494 1495 1492
f 1496 1492 1497
f 1497 1498 1496
f 1499 1496 1500
f 1500 1501 1499
f 1502 1499 1503
f 1478 1502 1504
f 1504 1475 1478
f 1503 1504 1502
f 1501 1503 1499
f 1498 1500 1496
f 1495 1497 1492
f 1505 1508 1494
f 1494 1493 1505
f 1505 1506 1507
f 1507 1508 1505
f 1506 1509 1510
f 1510 1507 1506
f 1511 1512 1513
f 1513 1514 1511
f 1513 1515 1514
f 1516 1514 1515
f 1515 1517 1516
f 1518 1516 1519
f 1520 1518 1521
f 1509 1520 1522
f 1522 1510 1509
f 1521 1522 1520
f 1519 1521 1518
f 1517 1519 1516
f 1523 1525 1524
f 1526 1527 1528
f 1526 1524 1527
f 1529 1528 1530
f 1531 1530 1532
f 1532 1533 1531
f 1532 1534 1533
f 1533 1534 1535
f 1535 1511 1533
f 1535 1512 1511
f 1530 1531 1529
f 1528 1529 1526
f 1524 1526 1523
f 1536 1537 1525
f 1525 1523 1536
f 1538 1525 1537
f 1537 1536 1538
f 1232 1540 1549
f 1540 1235 1253
f 1540 1237 1235
f 1540 1232 1237
f 1491 1541 1238
f 1541 1239 1238
f 1541 1243 1242
f 1242 1239 1541
f 1541 1247 1246
f 1541 1540 1250
f 1250 1251 1541
f 1251 1247 1541
f 1246 1243 1541
f 1541 1481 1480
f 1480 1548 1541
f 1541 1489 1486
f 1541 1491 1489
f 1486 1484 1541
f 1484 1481 1541
f 1508 1542 1494
f 1542 1495 1494
f 1542 1503 1501
f 1501 1500 1542
f 1500 1498 1542
f 1498 1497 1542
f 1497 1495 1542
f 1542 1504 1503
f 1548 1475 1504
f 1548 1476 1475
f 1504 1542 1548
f 1543 1535 1534
f 1542 1515 1513
f 1542 1517 1515
f 1542 1519 1517
f 1513 1543 1542
f 1513 1512 1543
f 1512 1535 1543
f 1542 1521 1519
f 1542 1522 1521
f 1508 1507 1510
f 1510 1542 1508
f 1510 1522 1542
f 1544 1528 1527
f 1527 1524 1544
f 1524 1525 1544
f 1544 1530 1528
f 1544 1543 1532
f 1532 1530 1544
f 1534 1532 1543
f 1480 1476 1548
f 1253 1250 1540
f 1520 1509 1493
f 1505 1493 1509
f 1499 1511 1514
f 1509 1506 1505
f 1545 1499 1502
f 1499 1545 1511
f 1493 1492 1520
f 1496 1516 1518
f 1545 1526 1529
f 1538 1536 1523
f 1546 1502 1478
f 1514 1496 1499
f 1518 1520 1496
f 1529 1531 1545
f 1523 1545 1538
f 1502 1546 1545
f 1496 1514 1516
f 1523 1526 1545
f 1492 1496 1520
f 1478 1479 1546
f 1531 1533 1545
f 1533 1511 1545
f 1549 1547 1539
f 1540 1541 1549
f 1542 1543 1548
f 1543 1544 1548
f 1548 1549 1541
f 1547 1548 1544
f 1551 1550 1549
f 1552 1551 1548
f 1553 1552 1548
f 1547 1553 1548
f 1549 1548 1551
f 1554 1555 1474
f 1555 1554 1556
f 1556 1557 1558
f 1556 1558 1555
f 1474 1473 1554
f 1557 1559 1560
f 1557 1556 1559
f 1561 1560 1562
f 1562 1563 1564
f 1562 1564 1561
f 1562 1565 1563
f 1566 1567 1563
f 1566 1568 1567
f 1569 1571 1568
f 1569 1570 1571
f 1568 1566 1569
f 1569 1572 1570
f 1573 1574 1570
f 1573 1575 1574
f 1570 1572 1573
f 1563 1565 1566
f 1560 1561 1557
f 1577 1578 1579
f 1579 1576 1577
f 1579 1575 1576
f 1580 1581 1582
f 1582 1577 1580
f 1582 1578 1577
f 1583 1584 1581
f 1585 1586 1584
f 1584 1583 1585
f 1581 1580 1583
f 1587 1236 1261
f 1259 1261 1236
f 1261 1263 1587
f 1263 1270 1587
f 1587 1291 1289
f 1289 1588 1587
f 1289 1287 1588
f 1274 1296 1295
f 1296 1274 1273
f 1283 1296 1273
f 1276 1274 1294
f 1293 1279 1277
f 1277 1276 1293
f 1294 1293 1276
f 1295 1294 1274
f 1291 1281 1279
f 1587 1266 1282
f 1282 1291 1587
f 1587 1270 1268
f 1268 1266 1587
f 1282 1281 1291
f 1293 1291 1279
f 1589 1314 1329
f 1588 1316 1314
f 1588 1318 1316
f 1300 1323 1322
f 1323 1300 1299
f 1323 1299 1310
f 1302 1300 1321
f 1320 1305 1303
f 1303 1302 1320
f 1321 1320 1302
f 1322 1321 1300
f 1318 1307 1305
f 1588 1308 1307
f 1588 1309 1308
f 1307 1318 1588
f 1320 1318 1305
f 1314 1589 1588
f 1589 1354 1352
f 1343 1332 1342
f 1343 1333 1332
f 1343 1338 1336
f 1336 1335 1343
f 1335 1333 1343
f 1343 1340 1338
f 1589 1326 1341
f 1341 1354 1589
f 1341 1355 1354
f 1341 1356 1355
f 1341 1343 1356
f 1341 1340 1343
f 1589 1329 1328
f 1328 1326 1589
f 1590 1366 1383
f 1383 1381 1590
f 1381 1379 1590
f 1379 1376 1590
f 1590 1359 1367
f 1367 1366 1590
f 1359 1369 1367
f 1359 1371 1369
f 1373 1359 1357
f 1373 1371 1359
f 1591 1347 1364
f 1364 1590 1591
f 1364 1363 1590
f 1363 1361 1590
f 1361 1359 1590
f 1591 1351 1349
f 1591 1352 1351
f 1349 1347 1591
f 1412 1398 1413
f 1592 1400 1398
f 1592 1590 1387
f 1387 1402 1592
f 1402 1400 1592
f 1590 1390 1388
f 1377 1385 1395
f 1395 1590 1377
f 1395 1394 1590
f 1394 1392 1590
f 1392 1390 1590
f 1388 1387 1590
f 1593 1422 1435
f 1417 1425 1423
f 1423 1593 1417
f 1423 1422 1593
f 1415 1430 1429
f 1430 1415 1414
f 1427 1417 1415
f 1429 1427 1415
f 1427 1425 1417
f 1593 1592 1405
f 1405 1419 1593
f 1419 1417 1593
f 1592 1408 1406
f 1592 1412 1410
f 1410 1408 1592
f 1406 1405 1592
f 1458 1594 1446
f 1594 1450 1449
f 1449 1447 1594
f 1447 1446 1594
f 1594 1452 1450
f 1594 1438 1454
f 1594 1433 1439
f 1433 1441 1439
f 1439 1438 1594
f 1454 1452 1594
f 1443 1433 1432
f 1443 1441 1433
f 1433 1594 1593
f 1594 1463 1462
f 1594 1465 1463
f 1594 1471 1469
f 1594 1472 1471
f 1459 1594 1458
f 1459 1472 1594
f 1469 1467 1594
f 1467 1465 1594
f 1595 1462 1474
f 1596 1567 1568
f 1596 1564 1563
f 1596 1557 1561
f 1595 1558 1557
f 1557 1596 1595
f 1561 1564 1596
f 1595 1474 1555
f 1555 1558 1595
f 1563 1567 1596
f 1597 1579 1578
f 1574 1575 1579
f 1579 1597 1574
f 1597 1571 1570
f 1570 1574 1597
f 1571 1597 1596
f 1598 1586 1599
f 1597 1584 1586
f 1586 1598 1597
f 1597 1582 1581
f 1581 1584 1597
f 1600 1490 1258
f 1258 1256 1600
f 1258 1257 1256
f 1600 1488 1487
f 1600 1482 1485
f 1600 1483 1482
f 1600 1546 1477
f 1546 1479 1477
f 1477 1483 1600
f 1485 1488 1600
f 1487 1490 1600
f 1601 1600 1244
f 1600 1240 1245
f 1245 1244 1600
f 1256 1254 1241
f 1241 1600 1256
f 1241 1240 1600
f 1244 1248 1601
f 1601 1234 1233
f 1233 1236 1601
f 1601 1252 1249
f 1249 1234 1601
f 1248 1252 1601
f 1599 1602 1598
f 1578 1582 1597
f 1568 1571 1596
f 1446 1456 1458
f 1435 1433 1593
f 1412 1592 1398
f 1376 1377 1590
f 1352 1591 1589
f 1287 1309 1588
f 1603 1599 1586
f 1586 1585 1603
f 1603 1604 1599
f 1599 1604 1605
f 1606 1602 1599
f 1606 1605 1607
f 1607 1608 1606
f 1607 1609 1608
f 1608 1609 1610
f 1610 1611 1608
f 1610 1612 1611
f 1611 1612 1613
f 1613 1614 1611
f 1613 1615 1614
f 1605 1606 1599
f 1616 1614 1615
f 1616 1617 1618
f 1616 1615 1617
f 1618 1619 1620
f 1620 1619 1621
f 1622 1621 1623
f 1624 1623 1625
f 1626 1625 1627
f 1628 1627 1629
f 1629 1630 1628
f 1629 1631 1630
f 1627 1628 1626
f 1625 1626 1624
f 1623 1624 1622
f 1621 1622 1620
f 1632 1630 1631
f 1631 1633 1632
f 1634 1632 1635
f 1636 1634 1637
f 1637 1638 1636
f 1639 1636 1640
f 1641 1639 1642
f 1642 1643 1641
f 1640 1642 1639
f 1638 1640 1636
f 1635 1637 1634
f 1633 1635 1632
f 1643 1644 1645
f 1645 1641 1643
f 1611 1614 1620
f 1618 1620 1614
f 1646 1647 1641
f 1611 1622 1624
f 1614 1616 1618
f 1598 1602 1606
f 1647 1639 1641
f 1647 1634 1636
f 1620 1622 1611
f 1606 1628 1598
f 1636 1639 1647
f 1624 1626 1611
f 1606 1608 1628
f 1647 1632 1634
f 1598 1628 1630
f 1608 1611 1628
f 1647 1630 1632
f 1626 1628 1611
f 1630 1647 1598
f 1641 1645 1646
f 1646 1645 1644
f 1644 1643 1646
f 1319 1311 1298
f 1310 1298 1311
f 1283 1272 1284
f 1292 1284 1272
f 1460 1457 1456
f 1448 1470 1460
f 1292 1271 1275
f 1272 1271 1292
f 1298 1297 1319
f 1460 1445 1448
f 1278 1288 1290
f 1301 1317 1319
f 1353 1330 1334
f 1353 1344 1331
f 1397 1409 1411
f 1431 1414 1416
f 1456 1445 1460
f 1290 1292 1278
f 1301 1315 1317
f 1334 1337 1353
f 1331 1344 1342
f 1397 1407 1409
f 1404 1648 1421
f 1432 1434 1444
f 1436 1440 1442
f 1448 1451 1470
f 1468 1470 1455
f 1278 1285 1288
f 1297 1301 1319
f 1331 1330 1353
f 1339 1348 1350
f 1374 1357 1358
f 1396 1385 1375
f 1411 1413 1397
f 1416 1418 1431
f 1428 1431 1420
f 1421 1424 1404
f 1442 1444 1436
f 1451 1453 1470
f 1437 1466 1468
f 1437 1648 1461
f 1262 1267 1269
f 1262 1265 1264
f 1275 1278 1292
f 1301 1304 1315
f 1350 1353 1339
f 1362 1370 1372
f 1378 1391 1393
f 1407 1399 1401
f 1420 1404 1428
f 1424 1426 1404
f 1434 1436 1444
f 1421 1648 1437
f 1455 1437 1468
f 1461 1464 1437
f 1265 1262 1260
f 1264 1267 1262
f 1286 1280 1265
f 1280 1286 1285
f 1306 1312 1315
f 1327 1329 1313
f 1339 1345 1348
f 1358 1360 1374
f 1362 1368 1370
f 1384 1648 1386
f 1382 1386 1389
f 1393 1396 1378
f 1397 1399 1407
f 1403 1648 1404
f 1426 1428 1404
f 1437 1440 1421
f 1464 1466 1437
f 1539 1260 1232
f 1278 1280 1285
f 1313 1306 1286
f 1306 1313 1312
f 1313 1539 1327
f 1539 1325 1324
f 1346 1339 1325
f 1339 1346 1345
f 1368 1362 1346
f 1372 1374 1362
f 1389 1380 1382
f 1386 1382 1384
f 1375 1378 1396
f 1404 1407 1403
f 1436 1421 1440
f 1473 1461 1648
f 1648 1554 1473
f 1232 1549 1539
f 1265 1539 1286
f 1304 1306 1315
f 1324 1327 1539
f 1337 1339 1353
f 1360 1362 1374
f 1539 1648 1365
f 1380 1389 1391
f 1401 1403 1407
f 1453 1455 1470
f 1286 1539 1313
f 1325 1539 1346
f 1365 1368 1539
f 1378 1380 1391
f 1384 1365 1648
f 1418 1420 1431
f 1660 1554 1648
f 1260 1539 1265
f 1346 1539 1368
f 1403 1386 1648
f 1650 1649 1539
f 1648 1539 1649
f 1539 1547 1650
f 1617 1651 1619
f 1651 1621 1619
f 1651 1623 1621
f 1651 1652 1631
f 1631 1629 1651
f 1652 1635 1633
f 1633 1631 1652
f 1629 1627 1651
f 1652 1637 1635
f 1627 1625 1651
f 1625 1623 1651
f 1652 1638 1637
f 1651 1605 1604
f 1651 1609 1607
f 1651 1610 1609
f 1651 1612 1610
f 1651 1613 1612
f 1615 1651 1617
f 1615 1613 1651
f 1607 1605 1651
f 1604 1653 1651
f 1654 1577 1576
f 1576 1575 1654
f 1654 1580 1577
f 1653 1585 1583
f 1583 1654 1653
f 1583 1580 1654
f 1653 1603 1585
f 1660 1654 1565
f 1654 1569 1566
f 1654 1573 1572
f 1572 1569 1654
f 1575 1573 1654
f 1566 1565 1654
f 1655 1660 1560
f 1660 1562 1560
f 1565 1562 1660
f 1660 1655 1554
f 1655 1556 1554
f 1655 1559 1556
f 1656 1640 1638
f 1643 1642 1656
f 1642 1640 1656
f 1638 1652 1656
f 1560 1559 1655
f 1604 1603 1653
f 1619 1618 1617
f 1648 1649 1660
f 1649 1656 1652
f 1653 1654 1660
f 1660 1652 1653
f 1652 1660 1649
f 1652 1651 1653
f 1657 1660 1652
f 1658 1657 1652
f 1659 1658 1652
f 1660 1659 1652
f 1661 1662 1663
f 1661 1664 1665
f 1666 1667 1668
f 1665 1662 1661
f 1668 1669 1666
f 1666 1670 1671
f 1666 1672 1673
f 1600 1588 1589
f 1587 1600 1601
f 1669 1661 1666
f 1673 1670 1666
f 1592 1594 1462
f 1600 1587 1588
f 1601 1236 1587
f 1671 1667 1666
f 1666 1674 1675
f 1592 1595 1596
f 1592 1593 1594
f 1591 1676 1546
f 1674 1666 1677
f 1675 1672 1666
f 1676 1591 1590
f 1462 1595 1592
f 1546 1600 1591
f 1678 1545 1546
f 1663 1666 1661
f 1590 1720 1676
f 1590 1597 1598
f 1597 1590 1592
f 1546 1676 1678
f 1720 1674 1676
f 1679 1720 1598
f 1596 1597 1592
f 1677 1676 1674
f 1598 1720 1590
f 1598 1647 1679
f 1589 1591 1600
f 1643 1656 1647
f 1656 1680 1679
f 1679 1647 1656
f 1685 1681 1679
f 1679 1680 1685
f 1682 1756 1680
f 1649 1682 1656
f 1680 1656 1682
f 1647 1646 1643
f 1681 1685 1683
f 1683 1684 1681
f 1683 1685 1686
f 1686 1684 1683
f 1686 1685 1687
f 1688 1687 1689
f 1690 1689 1691
f 1691 1692 1690
f 1691 1693 1692
f 1692 1693 1694
f 1695 1694 1696
f 1696 1697 1695
f 1696 1698 1697
f 1694 1695 1692
f 1689 1690 1688
f 1687 1688 1686
f 1699 1697 1698
f 1698 1700 1699
f 1701 1699 1702
f 1703 1701 1704
f 1705 1703 1706
f 1707 1705 1708
f 1708 1709 1707
f 1709 1710 1707
f 1706 1708 1705
f 1704 1706 1703
f 1702 1704 1701
f 1700 1702 1699
f 1710 1711 1712
f 1712 1707 1710
f 1713 1712 1711
f 1711 1714 1713
f 1714 1715 1713
f 1705 1707 1716
f 1712 1713 1716
f 1717 1701 1703
f 1718 1697 1699
f 1716 1707 1712
f 1717 1699 1701
f 1679 1688 1690
f 1681 1684 1686
f 1720 1679 1718
f 1718 1679 1697
f 1703 1705 1717
f 1690 1692 1679
f 1686 1679 1681
f 1699 1719 1718
f 1716 1717 1705
f 1686 1688 1679
f 1717 1719 1699
f 1692 1695 1679
f 1695 1697 1679
f 1715 1721 1716
f 1716 1713 1715
f 1717 1716 1721
f 1721 1722 1717
f 1719 1717 1723
f 1723 1724 1719
f 1718 1719 1725
f 1725 1726 1718
f 1727 1718 1728
f 1728 1729 1727
f 1729 1730 1731
f 1731 1727 1729
f 1730 1732 1731
f 1727 1720 1718
f 1726 1728 1718
f 1724 1725 1719
f 1722 1723 1717
f 1732 1733 1734
f 1733 1735 1736
f 1735 1737 1738
f 1738 1739 1735
f 1741 1740 1737
f 1740 1738 1737
f 1739 1736 1735
f 1736 1734 1733
f 1734 1731 1732
f 1742 1743 1744
f 1744 1740 1742
f 1747 1746 1745
f 1745 1744 1747
f 1748 1745 1749
f 1749 1750 1748
f 1751 1748 1752
f 1752 1761 1751
f 1750 1752 1748
f 1746 1749 1745
f 1743 1747 1744
f 1741 1742 1740
f 1753 1698 1696
f 1754 1700 1698
f 1754 1702 1700
f 1698 1753 1754
f 1754 1704 1702
f 1696 1694 1753
f 1754 1706 1704
f 1714 1711 1710
f 1710 1754 1714
f 1710 1709 1754
f 1709 1708 1754
f 1708 1706 1754
f 1694 1693 1753
f 1680 1687 1685
f 1680 1689 1687
f 1680 1753 1691
f 1691 1689 1680
f 1757 1750 1749
f 1756 1761 1752
f 1752 1757 1756
f 1752 1750 1757
f 1757 1743 1742
f 1757 1746 1747
f 1747 1743 1757
f 1742 1741 1757
f 2054 1757 1733
f 1757 1735 1733
f 1741 1737 1757
f 1737 1735 1757
f 1733 1732 2054
f 1714 1754 1721
f 1754 1722 1721
f 1754 1728 1726
f 1726 1725 1754
f 1725 1724 1754
f 1724 1723 1754
f 1723 1722 1754
f 1754 2054 1729
f 1729 1728 1754
f 2054 1730 1729
f 1721 1715 1714
f 1732 1730 2054
f 1749 1746 1757
f 1693 1691 1753
f 1762 1751 1761
f 1758 1759 1760
f 1761 1758 1672
f 1672 1762 1761
f 1760 1672 1758
f 1763 1771 1772
f 1759 1763 1764
f 1764 1760 1759
f 1772 1764 1763
f 1765 1766 1767
f 1768 1765 1769
f 1763 1768 1770
f 1771 1763 1772
f 1770 1772 1763
f 1769 1770 1768
f 1767 1769 1765
f 1773 1774 1775
f 1775 1776 1773
f 1777 1773 1778
f 1778 1779 1777
f 1780 1777 1781
f 1782 1780 1783
f 1766 1782 1784
f 1784 1767 1766
f 1783 1784 1782
f 1781 1783 1780
f 1779 1781 1777
f 1776 1778 1773
f 1785 1775 1774
f 1774 1786 1785
f 1787 1788 1786
f 1788 1785 1786
f 1787 1789 1801
f 1790 1791 1792
f 1793 1790 1794
f 1795 1793 1796
f 1797 1795 1798
f 1798 1799 1797
f 1789 1797 1800
f 1800 1801 1789
f 1799 1800 1797
f 1796 1798 1795
f 1794 1796 1793
f 1792 1794 1790
f 1802 1803 1804
f 1804 1805 1802
f 1806 1802 1807
f 1807 1808 1806
f 1809 1806 1810
f 1811 1809 1812
f 1791 1811 1813
f 1813 1792 1791
f 1812 1813 1811
f 1810 1812 1809
f 1808 1810 1806
f 1805 1807 1802
f 1814 1804 1803
f 1803 1815 1814
f 1815 1816 1829
f 1817 1818 1819
f 1820 1817 1821
f 1821 1822 1820
f 1823 1820 1824
f 1825 1823 1826
f 1826 1827 1825
f 1816 1825 1828
f 1828 1829 1816
f 1827 1828 1825
f 1824 1826 1823
f 1822 1824 1820
f 1819 1821 1817
f 1830 1831 1832
f 1832 1833 1830
f 1834 1830 1835
f 1835 1836 1834
f 1837 1834 1838
f 1839 1837 1840
f 1818 1839 1841
f 1841 1819 1818
f 1840 1841 1839
f 1838 1840 1837
f 1836 1838 1834
f 1833 1835 1830
f 1842 1832 1831
f 1831 1843 1842
f 1843 1844 1845
f 1845 1842 1843
f 1858 1845 1844
f 1844 1846 1858
f 1847 1848 1849
f 1850 1847 1851
f 1852 1850 1853
f 1854 1852 1855
f 1855 1856 1854
f 1846 1854 1857
f 1857 1858 1846
f 1856 1857 1854
f 1853 1855 1852
f 1851 1853 1850
f 1849 1851 1847
f 1859 1860 1861
f 1861 1862 1859
f 1863 1859 1864
f 1864 1865 1863
f 1866 1863 1867
f 1868 1866 1869
f 1848 1868 1870
f 1870 1849 1848
f 1869 1870 1868
f 1867 1869 1866
f 1865 1867 1863
f 1862 1864 1859
f 1871 1861 1860
f 1871 1872 1884
f 1873 1874 1875
f 1876 1873 1877
f 1878 1876 1879
f 1880 1878 1881
f 1881 1882 1880
f 1872 1880 1883
f 1883 1884 1872
f 1882 1883 1880
f 1879 1881 1878
f 1877 1879 1876
f 1875 1877 1873
f 1885 1886 1887
f 1887 1888 1885
f 1889 1885 1890
f 1890 1891 1889
f 1892 1889 1893
f 1894 1892 1895
f 1874 1894 1896
f 1896 1875 1874
f 1895 1896 1894
f 1893 1895 1892
f 1891 1893 1889
f 1888 1890 1885
f 1897 1887 1886
f 1886 1898 1897
f 1898 1899 1900
f 1900 1897 1898
f 1912 1900 1899
f 1899 1901 1912
f 1902 1903 1904
f 1905 1902 1906
f 1907 1905 1908
f 1909 1907 1910
f 1901 1909 1911
f 1911 1912 1901
f 1910 1911 1909
f 1908 1910 1907
f 1906 1908 1905
f 1904 1906 1902
f 1913 1926 1914
f 1915 1913 1916
f 1917 1915 1918
f 1919 1917 1920
f 1903 1919 1921
f 1921 1904 1903
f 1920 1921 1919
f 1918 1920 1917
f 1916 1918 1915
f 1914 1916 1913
f 1922 1914 1926
f 1923 1924 1922
f 1922 1926 1923
f 1925 1924 1923
f 1923 1926 1925
f 1927 1928 1929
f 1930 1929 1931
f 1932 1931 1933
f 1934 1933 1935
f 1936 1935 1925
f 1925 1926 1936
f 1935 1936 1934
f 1933 1934 1932
f 1931 1932 1930
f 1929 1930 1927
f 1937 1950 1938
f 1939 1938 1940
f 1941 1942 1943
f 1941 1940 1942
f 1944 1943 1945
f 1946 1945 1928
f 1928 1927 1946
f 1945 1946 1944
f 1943 1944 1941
f 1940 1941 1939
f 1938 1939 1937
f 1947 1950 1937
f 1937 1948 1947
f 1949 1950 1947
f 1947 1948 1949
f 1949 1951 1950
f 1952 1953 1954
f 1955 1954 1956
f 1957 1956 1958
f 1959 1958 1960
f 1960 1961 1959
f 1960 1962 1961
f 1961 1962 1963
f 1963 1951 1961
f 1963 1950 1951
f 1958 1959 1957
f 1956 1957 1955
f 1954 1955 1952
f 1964 1966 1965
f 1967 1968 1969
f 1967 1965 1968
f 1970 1969 1971
f 1972 1971 1973
f 1974 1973 1953
f 1953 1952 1974
f 1973 1974 1972
f 1971 1972 1970
f 1969 1970 1967
f 1965 1967 1964
f 1975 1966 1964
f 1964 1976 1975
f 1977 1978 1975
f 1977 1979 1978
f 1975 1976 1977
f 1980 1979 1977
f 1977 1981 1980
f 1982 1983 1984
f 1985 1984 1986
f 1987 1986 1988
f 1989 1988 1990
f 1990 1991 1989
f 1990 1992 1991
f 1991 1992 1993
f 1993 1981 1991
f 1993 1980 1981
f 1988 1989 1987
f 1986 1987 1985
f 1984 1985 1982
f 1996 1995 1997
f 1998 1997 1983
f 1983 1982 1998
f 1997 1998 1996
f 1995 1996 1994
f 1999 2000 2001
f 2001 2002 1999
f 2001 2003 2002
f 2002 2003 2004
f 2005 2004 1994
f 2004 2005 2002
f 2008 2007 2009
f 2010 2009 2011
f 2012 2011 2000
f 2000 1999 2012
f 2011 2012 2010
f 2009 2010 2008
f 2007 2008 2006
f 2013 2014 2015
f 2016 2015 2017
f 2018 2017 2019
f 2020 2019 2021
f 2021 2022 2020
f 2021 2006 2022
f 2019 2020 2018
f 2017 2018 2016
f 2015 2016 2013
f 2023 2025 2024
f 2026 2027 2028
f 2026 2024 2027
f 2029 2028 2030
f 2031 2030 2032
f 2033 2032 2014
f 2014 2013 2033
f 2032 2033 2031
f 2030 2031 2029
f 2028 2029 2026
f 2024 2026 2023
f 2034 2025 2023
f 2036 2037 2038
f 2039 2038 2040
f 2041 2040 2042
f 2043 2042 2044
f 2044 2045 2043
f 2044 2035 2045
f 2035 2034 2045
f 2042 2043 2041
f 2040 2041 2039
f 2038 2039 2036
f 2050 2051 2037
f 2037 2036 2050
f 2046 2047 2048
f 2049 2048 2051
f 2051 2050 2049
f 2048 2049 2046
f 2080 2090 2052
f 2053 2052 2047
f 2047 2046 2053
f 2052 2053 2080
f 2090 2080 2078
f 1754 1753 2054
f 1753 1680 2054
f 2054 1756 1757
f 1756 2054 1680
f 2055 2059 1756
f 2056 2055 1756
f 2057 2056 1756
f 2058 2057 2054
f 2059 2058 2054
f 2054 1756 2059
f 1756 2054 2057
f 1553 2060 2061
f 2060 2070 2061
f 2062 1682 2055
f 1658 2063 2064
f 2060 1682 2070
f 1682 2059 2055
f 1682 1657 2059
f 1657 2058 2059
f 2058 1657 1658
f 2064 2057 1658
f 1650 2060 1547
f 2055 2068 2062
f 1649 1650 1660
f 2062 2070 1682
f 1658 2057 2058
f 2060 1553 1547
f 1550 2065 2066
f 1551 2061 2065
f 2064 2056 2057
f 2055 2067 2068
f 1547 1549 1650
f 2066 1660 1550
f 2065 1550 1551
f 1551 1552 2061
f 2067 2055 2056
f 1659 2066 2069
f 1549 1660 1650
f 2056 2064 2067
f 2069 1658 1659
f 1659 1660 2066
f 2061 1552 1553
f 1660 1549 1550
f 2069 2063 1658
f 1649 1660 1657
f 1657 1682 1649
f 2065 2061 2070
f 2066 2065 2070
f 2069 2066 2070
f 2063 2069 2070
f 2064 2063 2070
f 2067 2064 2070
f 2068 2067 2070
f 2068 2070 2062
f 2068 2072 2071
f 2071 2073 2068
f 2135 2072 2070
f 2070 2068 2073
f 2070 2077 2074
f 2070 2075 2135
f 2068 2070 2072
f 2073 2076 2070
f 2070 2074 2075
f 1797 1789 1774
f 1787 1786 1774
f 1825 1802 1806
f 1825 1816 1803
f 2045 2034 2023
f 1774 1789 1787
f 1806 1809 1825
f 1803 1802 1825
f 1854 1846 1831
f 1844 1843 1831
f 2022 2006 2008
f 1773 1795 1797
f 1815 1803 1816
f 1831 1846 1844
f 1830 1850 1852
f 1880 1859 1863
f 1880 1872 1860
f 1948 1937 1951
f 1961 1951 1937
f 1991 1981 1964
f 1977 1976 1964
f 2010 2018 2020
f 2023 2026 2045
f 1780 1791 1790
f 1773 1793 1795
f 1811 1823 1825
f 1848 1839 1818
f 1852 1854 1830
f 1863 1866 1880
f 1860 1872 1871
f 1913 1936 1926
f 1957 1939 1941
f 1937 1939 1961
f 1939 1957 1959
f 1964 1981 1977
f 2020 2022 2010
f 2029 2043 2045
f 1755 1768 1763
f 1791 1782 1766
f 1790 1773 1777
f 1790 1777 1780
f 1773 1790 1793
f 1820 1811 1791
f 1811 1820 1823
f 1848 1837 1839
f 1837 1848 1847
f 1830 1847 1850
f 1860 1859 1880
f 1913 1932 1934
f 1941 1944 1957
f 1959 1961 1939
f 1972 1982 1985
f 1967 1989 1991
f 2008 2010 2022
f 2043 2031 2033
f 2026 2029 2045
f 2013 2039 2041
f 2013 2076 2036
f 2036 2049 2050
f 2076 2046 2049
f 1755 1766 1765
f 1791 1780 1782
f 1774 1773 1797
f 1809 1811 1825
f 1755 1818 1817
f 1847 1834 1837
f 1831 1830 1854
f 1868 1878 1880
f 1868 1873 1876
f 1909 1885 1889
f 1901 1899 1898
f 1909 1901 1886
f 1932 1913 1915
f 1934 1936 1913
f 1951 1949 1948
f 1972 2076 1982
f 1964 1967 1991
f 1970 1985 1987
f 1994 1996 2005
f 2012 2016 2018
f 2012 2076 2013
f 2029 2031 2043
f 2036 2039 2013
f 2049 2036 2076
f 2076 2081 2079
f 1761 1756 1755
f 1765 1768 1755
f 1817 1820 1755
f 1830 1834 1847
f 1818 1755 1848
f 1876 1878 1868
f 1889 1892 1909
f 1886 1885 1909
f 1919 2076 1927
f 1946 1955 1957
f 1946 2076 1952
f 1985 1970 1972
f 1987 1989 1970
f 2013 2016 2012
f 2041 2043 2013
f 1766 1755 1791
f 1874 1868 1848
f 1868 1874 1873
f 1898 1886 1901
f 1894 1903 1902
f 1915 1917 1932
f 1927 1930 1919
f 1952 1955 1946
f 1967 1970 1989
f 1972 1974 2076
f 1998 2002 2005
f 1998 2076 1999
f 2010 2012 2018
f 2076 2080 2053
f 2079 2080 2076
f 1755 1759 1758
f 1791 1755 1820
f 1866 1868 1880
f 1894 1907 1909
f 1902 1905 1894
f 2076 1919 1903
f 1930 1932 1919
f 1944 1946 1957
f 1999 2002 1998
f 2033 2013 2043
f 1758 1761 1755
f 1848 1755 1874
f 1903 1894 1874
f 1905 1907 1894
f 1917 1919 1932
f 1974 1952 2076
f 1996 1998 2005
f 2053 2046 2076
f 1763 1759 1755
f 1892 1894 1909
f 1946 1927 2076
f 2012 1999 2076
f 1874 1755 1903
f 1998 1982 2076
f 1903 1755 2076
f 2060 2070 2076
f 1682 2060 1755
f 2076 1755 2060
f 1755 1756 1682
f 2152 2077 1678
f 1650 1545 1678
f 1525 1538 1545
f 1650 1547 1544
f 1678 2077 1650
f 1544 1545 1650
f 2060 1650 2077
f 1545 1544 1525
f 1678 2082 2152
f 2077 2070 2060
f 2083 2086 2084
f 2083 2085 2086
f 2087 2079 2085
f 2085 2083 2087
f 2087 2088 2079
f 2081 2085 2079
f 2079 2088 2089
f 2089 2080 2079
f 2089 2090 2080
f 2090 2078 2080
f 2084 2091 2083
f 2091 2084 2092
f 2093 2094 2095
f 2095 2096 2097
f 2093 2092 2094
f 2095 2097 2093
f 2095 2098 2096
f 2099 2100 2096
f 2096 2098 2099
f 2099 2101 2100
f 2102 2103 2100
f 2102 2104 2103
f 2100 2101 2102
f 2102 2105 2104
f 2106 2107 2108
f 2107 2109 2104
f 2107 2106 2109
f 2104 2105 2107
f 2092 2093 2091
f 2108 2110 2111
f 2111 2106 2108
f 2112 2113 2114
f 2114 2115 2112
f 2114 2111 2115
f 2111 2110 2115
f 1674 1734 1736
f 1674 1720 1731
f 1727 1731 1720
f 1731 1734 1674
f 1674 1738 1740
f 1674 1739 1738
f 1740 1675 1674
f 1672 1675 1751
f 1675 1745 1748
f 1748 1751 1675
f 1675 1744 1745
f 1675 1740 1744
f 1751 1762 1672
f 1760 1673 1672
f 1760 1764 1673
f 1764 1772 1673
f 1788 1670 1775
f 1670 1776 1775
f 1670 1781 1779
f 1779 1778 1670
f 1778 1776 1670
f 1670 1783 1781
f 1670 1673 1767
f 1673 1770 1769
f 1769 1767 1673
f 1767 1784 1670
f 1772 1770 1673
f 1784 1783 1670
f 1671 1670 1824
f 1805 1829 1828
f 1829 1804 1814
f 1829 1805 1804
f 1814 1815 1829
f 1807 1805 1827
f 1826 1810 1808
f 1808 1807 1826
f 1827 1826 1807
f 1828 1827 1805
f 1824 1812 1810
f 1670 1792 1813
f 1813 1824 1670
f 1670 1796 1794
f 1794 1792 1670
f 1670 1800 1799
f 1670 1801 1800
f 1788 1787 1801
f 1801 1670 1788
f 1799 1798 1670
f 1798 1796 1670
f 1813 1812 1824
f 1826 1824 1810
f 1667 1869 1867
f 1667 1849 1870
f 1870 1869 1667
f 1671 1851 1849
f 1671 1853 1851
f 1833 1858 1857
f 1832 1842 1845
f 1858 1833 1832
f 1845 1858 1832
f 1835 1833 1856
f 1855 1838 1836
f 1836 1835 1855
f 1856 1855 1835
f 1857 1856 1833
f 1853 1840 1838
f 1853 1671 1841
f 1671 1819 1841
f 1671 1822 1821
f 1821 1819 1671
f 1841 1840 1853
f 1855 1853 1838
f 1849 1667 1671
f 1912 1887 1897
f 1912 1888 1887
f 1897 1900 1912
f 1912 1668 1890
f 1890 1888 1912
f 1668 1893 1891
f 1891 1890 1668
f 1668 1895 1893
f 1668 1875 1896
f 1896 1895 1668
f 1667 1877 1875
f 1667 1879 1877
f 1862 1884 1883
f 1884 1862 1861
f 1884 1861 1871
f 1864 1862 1882
f 1881 1667 1865
f 1865 1864 1881
f 1882 1881 1864
f 1883 1882 1862
f 1881 1879 1667
f 1875 1668 1667
f 1669 1928 1945
f 1945 1943 1669
f 1669 1668 1929
f 1668 1931 1929
f 1668 1933 1931
f 1668 1935 1933
f 1916 1914 1925
f 1914 1922 1924
f 1924 1925 1914
f 1935 1918 1916
f 1668 1904 1921
f 1921 1935 1668
f 1921 1920 1935
f 1920 1918 1935
f 1925 1935 1916
f 1668 1908 1906
f 1668 1910 1908
f 1668 1912 1911
f 1911 1910 1668
f 1906 1904 1668
f 1929 1928 1669
f 1978 1661 1966
f 1661 1969 1968
f 1968 1965 1661
f 1965 1966 1661
f 1661 1971 1969
f 1661 1953 1973
f 1973 1971 1661
f 1940 1938 1954
f 1954 1661 1940
f 1954 1953 1661
f 1938 1956 1954
f 1938 1963 1962
f 1962 1960 1938
f 1963 1938 1950
f 1960 1958 1938
f 1958 1956 1938
f 1661 1669 1942
f 1942 1940 1661
f 1664 1995 2004
f 2004 2003 1664
f 1994 2004 1995
f 1664 1661 1983
f 1983 1997 1664
f 1997 1995 1664
f 1661 1986 1984
f 1661 1992 1990
f 1661 1993 1992
f 1978 1979 1980
f 1980 1661 1978
f 1980 1993 1661
f 1990 1988 1661
f 1988 1986 1661
f 1984 1983 1661
f 1665 2014 2032
f 1665 2009 2015
f 2009 2017 2015
f 2015 2014 1665
f 2032 2030 1665
f 2030 2028 1665
f 2007 2006 2021
f 2019 2009 2007
f 2021 2019 2007
f 2019 2017 2009
f 1665 2000 2011
f 1664 2001 2000
f 2000 1665 1664
f 2011 2009 1665
f 1662 2037 2051
f 1665 2038 2037
f 2037 1662 1665
f 1665 2040 2038
f 2025 2035 2044
f 2035 2025 2034
f 2042 1665 2027
f 2027 2024 2042
f 2024 2025 2042
f 2044 2042 2025
f 2042 2040 1665
f 1663 2047 2052
f 1662 2048 2047
f 2047 1663 1662
f 1662 2051 2048
f 2052 2090 1663
f 1666 2091 2093
f 1663 2083 2091
f 1663 2087 2083
f 2091 1666 1663
f 1663 2089 2088
f 2090 2089 1663
f 2088 2087 1663
f 2114 1677 2106
f 1677 2109 2106
f 1677 2100 2103
f 2103 2104 1677
f 1666 2096 2100
f 1666 2097 2096
f 2100 1677 1666
f 2104 2109 1677
f 1677 2116 2117
f 2117 1676 1677
f 1677 2118 2119
f 2119 2120 1677
f 2120 2116 1677
f 1677 2122 2118
f 1677 2121 2122
f 1677 2124 2121
f 2114 2113 2123
f 2123 1677 2114
f 2123 2124 1677
f 2117 2125 1676
f 2106 2111 2114
f 2093 2097 1666
f 2028 2027 1665
f 2003 2001 1664
f 1966 1975 1978
f 1943 1942 1669
f 1867 1865 1667
f 1824 1822 1671
f 1775 1785 1788
f 1736 1739 1674
f 2126 2123 2113
f 2113 2112 2126
f 2127 2122 2121
f 2121 2126 2128
f 2121 2128 2127
f 2121 2124 2126
f 2124 2123 2126
f 2127 2118 2122
f 2129 2119 2118
f 2118 2127 2130
f 2118 2130 2129
f 2131 2120 2119
f 2132 2117 2116
f 2116 2131 2132
f 2116 2120 2131
f 2133 2134 2117
f 2134 2125 2117
f 2117 2132 2133
f 2133 2135 2134
f 2119 2129 2131
f 2082 2136 2137
f 2137 2152 2082
f 2152 2137 2136
f 2136 2138 2152
f 2139 2140 2141
f 2141 2142 2139
f 2143 2139 2144
f 2144 2145 2143
f 2146 2143 2147
f 2148 2146 2149
f 2149 2150 2148
f 2138 2148 2151
f 2151 2152 2138
f 2150 2151 2148
f 2147 2149 2146
f 2145 2147 2143
f 2142 2144 2139
f 2153 2154 2155
f 2156 2155 2157
f 2158 2157 2159
f 2160 2159 2161
f 2161 2162 2160
f 2161 2163 2162
f 2140 2162 2163
f 2163 2164 2140
f 2164 2141 2140
f 2159 2160 2158
f 2157 2158 2156
f 2155 2156 2153
f 2165 2154 2153
f 2153 2166 2165
f 2077 2147 2145
f 2077 2151 2150
f 2077 2152 2151
f 2150 2149 2077
f 2149 2147 2077
f 2167 2075 2154
f 2075 2155 2154
f 2075 2163 2161
f 2075 2074 2164
f 2074 2141 2164
f 2164 2163 2075
f 2074 2144 2142
f 2142 2141 2074
f 2074 2145 2144
f 2161 2159 2075
f 2159 2157 2075
f 2157 2155 2075
f 2135 2075 2168
f 2075 2169 2170
f 2075 2171 2169
f 2075 2172 2171
f 2075 2173 2172
f 2167 2173 2075
f 2170 2174 2075
f 2174 2168 2075
f 2115 2072 2126
f 2072 2128 2126
f 2072 2129 2130
f 2130 2127 2072
f 2127 2128 2072
f 2072 2131 2129
f 2072 2135 2132
f 2135 2133 2132
f 2132 2131 2072
f 2072 2098 2095
f 2072 2099 2098
f 2095 2071 2072
f 2072 2102 2101
f 2101 2099 2072
f 2072 2107 2105
f 2105 2102 2072
f 2115 2110 2108
f 2108 2072 2115
f 2108 2107 2072
f 2073 2071 2084
f 2084 2086 2073
f 2071 2094 2092
f 2092 2084 2071
f 2073 2085 2081
f 2076 2073 2081
f 2086 2085 2073
f 2095 2094 2071
f 2126 2112 2115
f 2154 2165 2167
f 2145 2074 2077
f 2166 2153 2175
f 2156 2176 2175
f 2175 2153 2156
f 2156 2177 2176
f 2178 2156 2158
f 2156 2178 2177
f 2082 1678 2138
f 2175 2179 2166
f 1678 2148 2138
f 1678 2143 2146
f 2158 2160 2178
f 2162 1676 2180
f 2146 2148 1678
f 2180 2178 2162
f 1676 2125 2134
f 1678 2139 2143
f 1676 2162 2140
f 2134 2180 1676
f 1678 2140 2139
f 2160 2162 2178
f 2140 1678 1676
f 2138 2136 2082
f 2179 2167 2165
f 2165 2166 2179
f 2179 2175 2167
f 2134 2135 2168
f 2180 2168 2174
f 2178 2174 2170
f 2170 2177 2178
f 2170 2169 2177
f 2177 2169 2171
f 2171 2176 2177
f 2171 2172 2176
f 2176 2172 2173
f 2173 2175 2176
f 2173 2167 2175
f 2174 2178 2180
f 2168 2180 2134
f 2182 2190 2191
f 2190 2183 2184
f 2184 2181 2190
f 2184 2183 2185
f 2185 2186 2184
f 2186 2185 2187
f 2190 2182 2183
f 2188 2185 2183
f 2183 2182 2188
f 2185 2188 2187
f 2182 2189 2188
f 2192 2181 2187
f 2187 2193 2189
f 2189 2192 2187
f 2186 2187 2181
f 2181 2184 2186
f 2181 2192 2190
f 2189 2182 2190
f 2192 2189 2190
f 2191 2190 2182
f 2188 2193 2187
f 2193 2188 2189
f 2237 2194 2196
f 2196 2195 2237
f 2196 2194 2195
f 2237 2195 2196
f 2194 2237 2196
f 2195 2194 2196
f 2205 2206 2197
f 2198 2197 2199
f 2199 2200 2198
f 2197 2198 2205
f 2199 2197 2201
f 2206 2201 2197
f 2201 2202 2199
f 2203 2204 2202
f 2205 2203 2201
f 2201 2206 2205
f 2202 2201 2203
f 2207 2199 2202
f 2202 2208 2207
f 2209 2210 2211
f 2208 2211 2210
f 2210 2207 2208
f 2211 2212 2209
f 2198 2203 2205
f 2200 2204 2203
f 2203 2198 2200
f 2200 2213 2214
f 2214 2204 2200
f 2213 2215 2216
f 2217 2216 2215
f 2215 2218 2217
f 2216 2214 2213
f 2218 2219 2220
f 2220 2217 2218
f 2221 2209 2212
f 2212 2222 2221
f 2223 2224 2225
f 2221 2222 2224
f 2224 2223 2221
f 2223 2226 2227
f 2227 2221 2223
f 2226 2223 2225
f 2224 2222 2228
f 2225 2224 2226
f 2228 2226 2224
f 2226 2228 2227
f 2229 2227 2228
f 2228 2230 2229
f 2230 2231 2232
f 2233 2232 2231
f 2231 2234 2233
f 2232 2229 2230
f 2235 2233 2234
f 2234 2236 2235
f 2238 2239 2237
f 2235 2236 2239
f 2239 2238 2235
f 2238 2240 2241
f 2241 2235 2238
f 2240 2238 2237
f 2239 2236 2242
f 2237 2239 2240
f 2242 2240 2239
f 2240 2242 2241
f 2243 2241 2242
f 2242 2244 2243
f 2245 2246 2247
f 2244 2247 2246
f 2246 2243 2244
f 2247 2248 2245
f 2249 2245 2248
f 2248 2250 2249
f 2237 2194 2196
f 2196 2195 2237
f 2196 2194 2195
f 2237 2195 2196
f 2194 2237 2196
f 2195 2194 2196
f 2251 2252 2253
f 2249 2250 2252
f 2252 2251 2249
f 2251 2254 2219
f 2219 2249 2251
f 2254 2251 2253
f 2254 2220 2219
f 2252 2250 2220
f 2253 2252 2254
f 2220 2254 2252
f 2230 2212 2255
f 2255 2231 2230
f 2212 2230 2228
f 2228 2222 2212
f 2214 2208 2202
f 2202 2204 2214
f 2255 2211 2208
f 2208 2216 2255
f 2244 2231 2255
f 2255 2247 2244
f 2234 2244 2242
f 2242 2236 2234
f 2217 2247 2255
f 2248 2217 2220
f 2220 2250 2248
f 2255 2216 2217
f 2248 2247 2217
f 2234 2231 2244
f 2214 2216 2208
f 2255 2212 2211
f 2207 2213 2200
f 2255 2215 2207
f 2207 2215 2213
f 2200 2199 2207
f 2255 2209 2229
f 2255 2210 2209
f 2229 2209 2221
f 2221 2227 2229
f 2218 2215 2255
f 2255 2246 2218
f 2218 2245 2249
f 2218 2246 2245
f 2249 2219 2218
f 2255 2232 2243
f 2243 2246 2255
f 2243 2233 2235
f 2243 2232 2233
f 2235 2241 2243
f 2255 2229 2232
f 2207 2210 2255
f 2256 2257 2258
f 2259 2260 2261
f 2258 2262 2256
f 2256 2263 2264
f 2259 2265 2260
f 2259 2266 2267
f 2264 2257 2256
f 2267 2265 2259
f 2259 2268 2269
f 2270 2256 2271
f 2256 2270 2263
f 2259 2272 2266
f 2259 2273 2268
f 2262 2274 2256
f 2269 2272 2259
f 2273 2259 2270
f 2271 2273 2270
f 2261 2275 2259
f 2269 2268 2276
f 2272 2269 2277
f 2266 2272 2278
f 2267 2266 2279
f 2265 2267 2280
f 2260 2265 2281
f 2261 2260 2282
f 2275 2261 2283
f 2259 2275 2284
f 2270 2259 2285
f 2285 2286 2270
f 2284 2285 2259
f 2283 2284 2275
f 2282 2283 2261
f 2281 2282 2260
f 2280 2281 2265
f 2279 2280 2267
f 2278 2279 2266
f 2277 2278 2272
f 2276 2277 2269
f 2263 2270 2286
f 2264 2263 2287
f 2257 2264 2288
f 2258 2257 2289
f 2262 2258 2290
f 2274 2262 2291
f 2256 2274 2292
f 2271 2256 2293
f 2273 2271 2294
f 2268 2273 2295
f 2295 2276 2268
f 2294 2295 2273
f 2293 2294 2271
f 2292 2293 2256
f 2291 2292 2274
f 2290 2291 2262
f 2289 2290 2258
f 2288 2289 2257
f 2287 2288 2264
f 2286 2287 2263
f 2296 2297 2290
f 2297 2300 2294
f 2276 2295 2300
f 2295 2294 2300
f 2294 2293 2297
f 2293 2292 2297
f 2292 2291 2297
f 2291 2290 2297
f 2290 2289 2296
f 2289 2288 2296
f 2288 2287 2296
f 2287 2286 2296
f 2300 2298 2278
f 2298 2299 2282
f 2299 2296 2286
f 2286 2285 2299
f 2285 2284 2299
f 2284 2283 2299
f 2283 2282 2299
f 2282 2281 2298
f 2281 2280 2298
f 2280 2279 2298
f 2279 2278 2298
f 2278 2277 2300
f 2277 2276 2300
f 2297 2296 2300
f 2301 2299 2298
f 2301 2298 2300
f 2301 2300 2296
f 2301 2296 2299
f 2304 2305 2302
f 2305 2303 2302
f 2304 2307 2305
f 2302 2303 2305
f 2302 2305 2307
f 2304 2302 2306
f 2304 2306 2307
f 2308 2303 2302
f 2307 2306 2302
f 2303 2308 2302
f 2309 2310 2311
f 2311 2312 2309
f 2310 2309 2313
f 2313 2314 2310
f 2310 2314 2315
f 2315 2311 2310
f 2312 2311 2315
f 2315 2316 2312
f 2313 2309 2312
f 2312 2316 2313
f 2314 2313 2316
f 2316 2315 2314
f 2317 2318 2319
f 2320 2321 2322
f 2319 2323 2317
f 2317 2324 2325
f 2320 2326 2321
f 2320 2327 2328
f 2325 2318 2317
f 2328 2326 2320
f 2320 2329 2330
f 2331 2317 2332
f 2317 2331 2324
f 2320 2333 2327
f 2320 2334 2329
f 2323 2335 2317
f 2330 2333 2320
f 2334 2320 2331
f 2332 2334 2331
f 2322 2336 2320
f 2330 2329 2337
f 2333 2330 2338
f 2327 2333 2339
f 2328 2327 2340
f 2326 2328 2341
f 2321 2326 2342
f 2322 2321 2343
f 2336 2322 2344
f 2320 2336 2345
f 2331 2320 2346
f 2346 2347 2331
f 2345 2346 2320
f 2344 2345 2336
f 2343 2344 2322
f 2342 2343 2321
f 2341 2342 2326
f 2340 2341 2328
f 2339 2340 2327
f 2338 2339 2333
f 2337 2338 2330
f 2324 2331 2347
f 2325 2324 2348
f 2318 2325 2349
f 2319 2318 2350
f 2323 2319 2351
f 2335 2323 2352
f 2317 2335 2353
f 2332 2317 2354
f 2334 2332 2355
f 2329 2334 2356
f 2356 2337 2329
f 2355 2356 2334
f 2354 2355 2332
f 2353 2354 2317
f 2352 2353 2335
f 2351 2352 2323
f 2350 2351 2319
f 2349 2350 2318
f 2348 2349 2325
f 2347 2348 2324
f 2357 2358 2351
f 2358 2361 2355
f 2337 2356 2361
f 2356 2355 2361
f 2355 2354 2358
f 2354 2353 2358
f 2353 2352 2358
f 2352 2351 2358
f 2351 2350 2357
f 2350 2349 2357
f 2349 2348 2357
f 2348 2347 2357
f 2361 2359 2339
f 2359 2360 2343
f 2360 2357 2347
f 2347 2346 2360
f 2346 2345 2360
f 2345 2344 2360
f 2344 2343 2360
f 2343 2342 2359
f 2342 2341 2359
f 2341 2340 2359
f 2340 2339 2359
f 2339 2338 2361
f 2338 2337 2361
f 2358 2357 2361
f 2362 2360 2359
f 2362 2359 2361
f 2362 2361 2357
f 2362 2357 2360
f 2364 2365 2390
f 2367 2380 2366
f 2368 2367 2366
f 2369 2368 2366
f 2390 2366 2380
f 2370 2380 2367
f 2371 2367 2368
f 2372 2368 2369
f 2369 2373 2372
f 2368 2372 2371
f 2367 2371 2370
f 2380 2370 2374
f 2380 2374 2390
f 2376 2375 2364
f 2364 2390 2380
f 2377 2376 2364
f 2378 2377 2364
f 2379 2378 2364
f 2381 2379 2364
f 2373 2370 2371
f 2374 2370 2373
f 2371 2372 2373
f 2373 2390 2374
f 2390 2369 2366
f 2373 2369 2390
f 2380 2381 2364
f 2382 2381 2380
f 2380 2383 2382
f 2383 2380 2390
f 2376 2384 2391
f 2384 2376 2377
f 2385 2377 2378
f 2386 2378 2379
f 2387 2379 2381
f 2381 2382 2387
f 2379 2387 2386
f 2378 2386 2385
f 2377 2385 2384
f 2391 2375 2376
f 2365 2364 2388
f 2388 2389 2365
f 2365 2389 2390
f 2388 2391 2389
f 2391 2388 2392
f 2392 2388 2375
f 2375 2388 2364
f 2392 2375 2391
f 2382 2385 2386
f 2382 2391 2384
f 2384 2385 2382
f 2383 2390 2389
f 2386 2387 2382
f 2389 2391 2383
f 2382 2383 2391
f 2393 2394 2395
f 2394 2397 2396
f 2396 2395 2394
f 2393 2397 2394
f 2393 2398 2397
f 2395 2398 2393
f 2397 2395 2396
f 2397 2398 2395
f 2400 2401 2402
f 2404 2405 2403
f 2403 2406 2400
f 2403 2407 2406
f 2404 2400 2402
f 2400 2404 2403
f 2405 2407 2403
f 2404 2402 2401
f 2404 2401 2408
f 2404 2408 2409
f 2405 2409 2410
f 2410 2407 2405
f 2410 2406 2407
f 2406 2411 2412
f 2406 2410 2411
f 2412 2400 2406
f 2405 2404 2409
f 2401 2400 2412
f 2401 2412 2413
f 2413 2412 2411
f 2409 2411 2410
f 2411 2409 2413
f 2413 2409 2408
f 2408 2414 2413
f 2408 2401 2414
f 2401 2413 2414
f 5834 2416 2415
f 5834 2415 2419
f 5834 2419 2418
f 5834 2418 2417
f 5834 2417 2416
f 2418 2419 5834
f 2417 2418 5834
f 2416 2417 5834
f 2415 2416 5834
f 2419 2415 5834
f 2420 2592 2421
f 2420 2421 2422
f 2592 2435 2421
f 2424 2425 2427
f 2424 2427 2429
f 2421 2638 2430
f 2421 2430 2428
f 2429 2435 2424
f 2421 2428 2426
f 2424 2423 2425
f 2424 2435 2592
f 2421 2426 2422
f 2432 2638 2421
f 2638 2432 2639
f 2432 2431 2639
f 2421 2435 2432
f 2432 2434 2433
f 2437 2435 2429
f 2641 2434 2432
f 2432 2435 2641
f 2435 2436 2641
f 2436 2440 2439
f 2436 2439 2438
f 2436 2438 2641
f 2642 2440 2436
f 2422 2424 2592
f 2434 2638 2639
f 2425 2434 2641
f 2427 2439 2440
f 2438 2439 2427
f 2433 2431 2432
f 2422 2423 2424
f 2427 2425 2438
f 2425 2641 2438
f 2429 2441 2437
f 2639 2431 2434
f 2422 2425 2423
f 2434 2430 2638
f 2434 2425 2428
f 2425 2426 2428
f 2420 2422 2592
f 2429 2642 2441
f 2428 2430 2434
f 2422 2426 2425
f 2642 2429 2427
f 2440 2642 2427
f 2433 2434 2431
f 2435 2437 2441
f 2441 2642 2436
f 2436 2435 2441
f 2442 2443 2444
f 2445 2446 2447
f 2448 2449 2450
f 2448 2451 2452
f 2453 2442 2454
f 2442 2453 2443
f 2445 2455 2446
f 2450 2456 2448
f 2448 2457 2451
f 2448 2458 2459
f 2444 2460 2442
f 2445 2448 2455
f 2452 2449 2448
f 2448 2445 2458
f 2447 2453 2445
f 2459 2457 2448
f 2456 2461 2448
f 2454 2445 2453
f 2462 2450 2449
f 2463 2449 2452
f 2464 2452 2451
f 2465 2451 2457
f 2466 2457 2459
f 2467 2459 2458
f 2468 2458 2445
f 2469 2445 2454
f 2470 2454 2442
f 2471 2442 2460
f 2460 2472 2471
f 2442 2471 2470
f 2454 2470 2469
f 2445 2469 2468
f 2458 2468 2467
f 2459 2467 2466
f 2457 2466 2465
f 2451 2465 2464
f 2452 2464 2463
f 2449 2463 2462
f 2472 2460 2444
f 2473 2444 2443
f 2474 2443 2453
f 2475 2453 2447
f 2476 2447 2446
f 2477 2446 2455
f 2478 2455 2448
f 2479 2448 2461
f 2480 2461 2456
f 2481 2456 2450
f 2450 2462 2481
f 2456 2481 2480
f 2461 2480 2479
f 2448 2479 2478
f 2455 2478 2477
f 2446 2477 2476
f 2447 2476 2475
f 2453 2475 2474
f 2443 2474 2473
f 2444 2473 2472
f 2469 2464 2465
f 2471 2477 2478
f 2469 2466 2467
f 2469 2463 2464
f 2471 2476 2477
f 2475 2472 2473
f 2465 2466 2469
f 2469 2481 2462
f 2471 2475 2476
f 2475 2471 2472
f 2462 2463 2469
f 2469 2479 2480
f 2473 2474 2475
f 2479 2469 2470
f 2480 2481 2469
f 2470 2471 2479
f 2478 2479 2471
f 2467 2468 2469
f 2482 2483 2484
f 2485 2486 2487
f 2488 2489 2490
f 2488 2491 2492
f 2493 2482 2494
f 2482 2493 2483
f 2485 2495 2486
f 2490 2496 2488
f 2488 2497 2491
f 2488 2498 2499
f 2484 2500 2482
f 2485 2488 2495
f 2492 2489 2488
f 2488 2485 2498
f 2487 2493 2485
f 2499 2497 2488
f 2496 2501 2488
f 2494 2485 2493
f 2502 2490 2489
f 2503 2489 2492
f 2504 2492 2491
f 2505 2491 2497
f 2506 2497 2499
f 2507 2499 2498
f 2508 2498 2485
f 2509 2485 2494
f 2510 2494 2482
f 2511 2482 2500
f 2500 2512 2511
f 2482 2511 2510
f 2494 2510 2509
f 2485 2509 2508
f 2498 2508 2507
f 2499 2507 2506
f 2497 2506 2505
f 2491 2505 2504
f 2492 2504 2503
f 2489 2503 2502
f 2512 2500 2484
f 2513 2484 2483
f 2514 2483 2493
f 2515 2493 2487
f 2516 2487 2486
f 2517 2486 2495
f 2518 2495 2488
f 2519 2488 2501
f 2520 2501 2496
f 2521 2496 2490
f 2490 2502 2521
f 2496 2521 2520
f 2501 2520 2519
f 2488 2519 2518
f 2495 2518 2517
f 2486 2517 2516
f 2487 2516 2515
f 2493 2515 2514
f 2483 2514 2513
f 2484 2513 2512
f 2509 2504 2505
f 2511 2517 2518
f 2509 2506 2507
f 2509 2503 2504
f 2511 2516 2517
f 2515 2512 2513
f 2505 2506 2509
f 2509 2521 2502
f 2511 2515 2516
f 2515 2511 2512
f 2502 2503 2509
f 2509 2519 2520
f 2513 2514 2515
f 2519 2509 2510
f 2520 2521 2509
f 2510 2511 2519
f 2518 2519 2511
f 2507 2508 2509
f 2522 2523 2524
f 2525 2526 2527
f 2528 2529 2530
f 2528 2531 2532
f 2528 2522 2533
f 2522 2534 2523
f 2522 2528 2535
f 2525 2536 2526
f 2528 2537 2529
f 2528 2538 2539
f 2533 2531 2528
f 2535 2534 2522
f 2530 2525 2528
f 2528 2540 2538
f 2524 2541 2522
f 2539 2537 2528
f 2527 2528 2525
f 2532 2540 2528
f 2537 2539 2542
f 2529 2537 2542
f 2542 2530 2529
f 2542 2525 2530
f 2540 2532 2542
f 2538 2540 2542
f 2539 2538 2542
f 2542 2527 2526
f 2542 2526 2536
f 2542 2536 2525
f 2523 2534 2542
f 2524 2523 2542
f 2542 2541 2524
f 2542 2522 2541
f 2528 2527 2542
f 2535 2528 2542
f 2534 2535 2542
f 2542 2532 2531
f 2542 2531 2533
f 2542 2533 2522
f 2543 2544 2545
f 2543 2546 2544
f 2543 2547 2548
f 2548 2546 2543
f 2549 2550 2551
f 2549 2552 2553
f 2549 2554 2555
f 2543 2556 2547
f 2553 2550 2549
f 2549 2557 2554
f 2549 2558 2559
f 2543 2560 2556
f 2543 2561 2562
f 2555 2552 2549
f 2549 2543 2558
f 2562 2560 2543
f 2559 2557 2549
f 2543 2549 2561
f 2545 2563 2543
f 2551 2564 2549
f 2560 2562 2565
f 2562 2566 2565
f 2566 2562 2561
f 2567 2561 2549
f 2568 2549 2564
f 2569 2564 2551
f 2570 2551 2550
f 2571 2547 2556
f 2572 2548 2547
f 2573 2546 2548
f 2574 2544 2546
f 2556 2560 2575
f 2576 2588 2575
f 2575 2560 2576
f 2588 2576 2637
f 2575 2577 2556
f 2588 2637 2592
f 2546 2573 2574
f 2548 2572 2573
f 2547 2571 2572
f 2556 2577 2571
f 2550 2578 2570
f 2551 2570 2569
f 2564 2569 2568
f 2549 2568 2567
f 2561 2567 2566
f 2565 2576 2560
f 2588 2579 2575
f 2574 2573 2579
f 2580 2574 2588
f 2579 2588 2574
f 2580 2588 2581
f 2579 2571 2577
f 2579 2572 2571
f 2581 2582 2580
f 2573 2572 2579
f 2581 2583 2584
f 2584 2582 2581
f 2581 2585 2583
f 2581 2586 2587
f 2587 2585 2581
f 2577 2575 2579
f 2588 2586 2581
f 2578 2550 2553
f 2589 2553 2552
f 2590 2552 2555
f 2591 2555 2554
f 2580 2545 2544
f 2582 2563 2545
f 2584 2543 2563
f 2583 2558 2543
f 2585 2559 2558
f 2587 2557 2559
f 2592 2593 2588
f 2593 2554 2586
f 2586 2588 2593
f 2557 2587 2586
f 2586 2554 2557
f 2559 2585 2587
f 2558 2583 2585
f 2543 2584 2583
f 2563 2582 2584
f 2545 2580 2582
f 2544 2574 2580
f 2554 2593 2591
f 2555 2591 2590
f 2552 2590 2589
f 2553 2589 2578
f 2568 2591 2593
f 2568 2578 2589
f 2568 2569 2570
f 2568 2590 2591
f 2570 2578 2568
f 2589 2590 2568
f 2592 2566 2567
f 2567 2568 2592
f 2592 2565 2566
f 2593 2592 2568
f 2637 2576 2565
f 2565 2420 2637
f 2637 2776 2592
f 2424 2595 2423
f 2600 2594 2592
f 2594 2424 2592
f 2776 2600 2592
f 2423 2595 2596
f 2595 2599 2598
f 2595 2598 2597
f 2595 2597 2596
f 2424 2594 2595
f 2603 2601 2600
f 2604 2605 2602
f 2602 2606 2607
f 2602 2608 2594
f 2600 2602 2594
f 2607 2608 2602
f 2605 2606 2602
f 2602 2601 2604
f 2603 2604 2601
f 2601 2602 2600
f 2603 2600 2609
f 2609 2610 2603
f 2604 2610 2611
f 2611 2605 2604
f 2611 2621 2605
f 2621 2612 2605
f 2612 2613 2606
f 2607 2606 2613
f 2613 2614 2607
f 2594 2608 2627
f 2608 2614 2627
f 2627 2723 2594
f 2608 2607 2614
f 2606 2605 2612
f 2604 2603 2610
f 2609 2600 2615
f 2600 2776 2615
f 2609 2616 2617
f 2617 2618 2609
f 2619 2620 2621
f 2621 2620 2622
f 2627 2623 2624
f 2623 2622 2624
f 2627 2625 2626
f 2623 2627 2614
f 2623 2613 2612
f 2612 2621 2623
f 2618 2621 2611
f 2611 2610 2618
f 2610 2609 2618
f 2614 2613 2623
f 2624 2625 2627
f 2622 2623 2621
f 2621 2618 2619
f 2617 2619 2618
f 2615 2616 2609
f 2622 2620 2628
f 2620 2632 2628
f 2624 2622 2629
f 2629 2630 2624
f 2620 2619 2631
f 2631 2632 2620
f 2633 2631 2619
f 2619 2617 2633
f 2634 2635 2616
f 2617 2616 2635
f 2635 2633 2617
f 2626 2625 2636
f 2630 2636 2625
f 2625 2624 2630
f 2643 2615 2776
f 2643 2634 2615
f 2636 2646 2626
f 2616 2615 2634
f 2628 2629 2622
f 2422 2428 2637
f 2637 2420 2422
f 2428 2422 2426
f 2637 2428 2430
f 2637 2430 2638
f 2638 2639 2637
f 2639 2431 2640
f 2637 2639 2640
f 2433 2434 2637
f 2637 2640 2433
f 2641 2637 2434
f 2441 2776 2637
f 2441 2637 2641
f 2642 2441 2641
f 2642 2641 2438
f 2642 2438 2439
f 2439 2440 2642
f 2650 2643 2776
f 2650 2776 2441
f 2644 2650 2441
f 2650 2647 2648
f 2649 2647 2650
f 2649 2652 2647
f 2649 2653 2652
f 2655 2656 2647
f 2647 2657 2655
f 2645 2658 2659
f 2659 2646 2645
f 2646 2636 2630
f 2630 2648 2646
f 2648 2628 2632
f 2648 2631 2633
f 2634 2643 2648
f 2648 2635 2634
f 2633 2635 2648
f 2632 2631 2648
f 2629 2628 2648
f 2630 2629 2648
f 2659 2660 2646
f 2656 2645 2647
f 2654 2657 2647
f 2648 2643 2650
f 2645 2648 2647
f 2646 2648 2645
f 2661 2646 2660
f 2660 2662 2661
f 2660 2659 2662
f 2662 2659 2658
f 2663 2645 2656
f 2663 2658 2645
f 2656 2664 2663
f 2665 2655 2657
f 2665 2656 2655
f 2657 2666 2665
f 2657 2654 2666
f 2654 2667 2668
f 2667 2647 2652
f 2667 2654 2647
f 2652 2669 2667
f 2668 2666 2654
f 2670 2649 2650
f 2669 2652 2653
f 2653 2670 2705
f 2653 2705 2669
f 2653 2649 2670
f 2670 2650 2651
f 2665 2664 2656
f 2658 2663 2662
f 2651 2650 2644
f 2644 2671 2651
f 2675 2674 2725
f 2674 2676 2677
f 2672 2673 2679
f 2673 2678 2679
f 2672 2681 2682
f 2672 2680 2681
f 2682 2644 2672
f 2678 2673 2677
f 2675 2676 2674
f 2677 2673 2725
f 2674 2677 2725
f 2672 2644 2673
f 2683 2684 2686
f 2662 2688 2687
f 2687 2661 2662
f 2689 2683 2685
f 2690 2691 2689
f 2690 2685 2686
f 2701 2686 2714
f 2664 2692 2688
f 2688 2663 2664
f 2693 2691 2690
f 2694 2690 2701
f 2666 2695 2692
f 2692 2665 2666
f 2697 2694 2701
f 2698 2695 2668
f 2700 2697 2701
f 2669 2705 2698
f 2698 2667 2669
f 2700 2702 2703
f 2670 2651 2705
f 2698 2705 2704
f 2697 2700 2699
f 2668 2667 2698
f 2695 2698 2704
f 2694 2697 2696
f 2666 2668 2695
f 2692 2695 2704
f 2690 2694 2693
f 2664 2665 2692
f 2688 2692 2704
f 2686 2701 2690
f 2685 2690 2689
f 2662 2663 2688
f 2687 2688 2704
f 2686 2685 2683
f 2703 2702 2706
f 2699 2700 2707
f 2707 2708 2699
f 2696 2697 2708
f 2708 2709 2696
f 2693 2694 2709
f 2709 2710 2693
f 2689 2691 2710
f 2710 2711 2689
f 2684 2683 2711
f 2711 2712 2684
f 2683 2689 2711
f 2691 2693 2710
f 2694 2696 2709
f 2697 2699 2708
f 2700 2703 2707
f 2706 2707 2703
f 2702 2700 2713
f 2700 2701 2713
f 2714 2713 2701
f 2732 2714 2704
f 2705 2651 2671
f 2729 2732 2705
f 2671 2729 2705
f 2704 2705 2732
f 2713 2715 2702
f 2671 2644 2682
f 2682 2716 2671
f 2682 2681 2716
f 2717 2680 2672
f 2672 2679 2717
f 2716 2681 2680
f 2680 2717 2729
f 2680 2729 2716
f 2718 2678 2677
f 2679 2719 2720
f 2719 2679 2678
f 2678 2718 2719
f 2720 2717 2679
f 2721 2676 2675
f 2675 2722 2721
f 2677 2676 2718
f 2722 2675 2725
f 2721 2718 2676
f 2441 2723 2725
f 2441 2437 2724
f 2726 2727 2728
f 2728 2727 2737
f 2731 2728 2737
f 2734 2731 2735
f 2735 2736 2734
f 2735 2731 2737
f 2741 2732 2733
f 2733 2719 2718
f 2718 2722 2733
f 2718 2721 2722
f 2738 2735 2739
f 2739 2740 2738
f 2739 2735 2737
f 2722 2725 2741
f 2742 2739 2741
f 2741 2725 2723
f 2713 2727 2743
f 2727 2744 2743
f 2737 2727 2713
f 2741 2737 2714
f 2714 2732 2741
f 2729 2671 2716
f 2713 2714 2737
f 2743 2715 2713
f 2742 2740 2739
f 2737 2741 2739
f 2738 2736 2735
f 2733 2722 2741
f 2734 2730 2731
f 2720 2719 2733
f 2720 2733 2732
f 2728 2731 2730
f 2720 2729 2717
f 2729 2720 2732
f 2726 2744 2727
f 2742 2741 2724
f 2738 2745 2746
f 2746 2747 2738
f 2740 2742 2748
f 2745 2738 2740
f 2748 2745 2740
f 2734 2749 2750
f 2736 2738 2747
f 2749 2734 2736
f 2747 2749 2736
f 2751 2728 2730
f 2726 2728 2751
f 2751 2756 2726
f 2756 2752 2726
f 2730 2734 2751
f 2744 2726 2752
f 2753 2743 2744
f 2752 2753 2744
f 2753 2754 2743
f 2715 2743 2755
f 2755 2762 2715
f 2754 2755 2743
f 2750 2751 2734
f 2724 2748 2742
f 2762 2755 2754
f 2754 2753 2756
f 2753 2752 2756
f 2756 2751 2746
f 2749 2747 2746
f 2746 2745 2724
f 2745 2748 2724
f 2750 2749 2746
f 2751 2750 2746
f 2762 2756 2437
f 2762 2754 2756
f 2756 2746 2724
f 2756 2724 2437
f 2725 2673 2441
f 2644 2441 2673
f 2706 2702 2757
f 2702 2715 2762
f 2762 2757 2702
f 2757 2758 2706
f 2759 2762 2437
f 2437 2760 2759
f 2760 2761 2759
f 2759 2758 2757
f 2761 2758 2759
f 2759 2757 2762
f 2706 2709 2708
f 2706 2710 2709
f 2706 2711 2710
f 2706 2712 2711
f 2708 2707 2706
f 2758 2599 2712
f 2706 2758 2712
f 2598 2760 2437
f 2758 2761 2599
f 2760 2598 2599
f 2761 2760 2599
f 2423 2422 2565
f 2431 2439 2438
f 2639 2638 2439
f 2565 2592 2423
f 2565 2422 2420
f 2433 2438 2641
f 2438 2640 2431
f 2430 2440 2439
f 2441 2598 2437
f 2438 2433 2640
f 2597 2598 2763
f 2423 2426 2422
f 2440 2430 2428
f 2434 2433 2641
f 2439 2638 2430
f 2439 2431 2639
f 2763 2642 2597
f 2424 2423 2592
f 2428 2597 2440
f 2441 2763 2598
f 2423 2596 2426
f 2642 2440 2597
f 2428 2426 2597
f 2596 2597 2426
f 2714 2686 2594
f 2594 2684 2712
f 2594 2599 2595
f 2723 2646 2661
f 2723 2661 2687
f 2723 2627 2626
f 2723 2704 2714
f 2686 2684 2594
f 2712 2599 2594
f 2723 2687 2704
f 2626 2646 2723
f 2724 2741 2441
f 2723 2441 2594
f 2441 2741 2594
f 2714 2594 2741
f 2723 2714 2741
f 2642 2764 2441
f 2763 2764 2642
f 2765 2766 2767
f 2765 2768 2766
f 2768 2765 2769
f 2765 2770 2771
f 2769 2772 2768
f 2767 2770 2765
f 2773 2774 2775
f 2775 2765 2773
f 2771 2773 2765
f 2763 2441 2774
f 2773 2763 2774
f 2777 2768 2772
f 2778 2772 2769
f 2779 2769 2765
f 2780 2765 2775
f 2781 2782 2783
f 2784 2783 2785
f 2786 2785 2787
f 2788 2787 2789
f 2790 2789 2791
f 2792 2791 2793
f 2808 2796 2441
f 2796 2774 2441
f 2781 2794 2795
f 2775 2796 2795
f 2795 2794 2775
f 2796 2775 2774
f 2795 2782 2781
f 2793 2797 2792
f 2791 2792 2790
f 2789 2790 2788
f 2787 2788 2786
f 2785 2786 2784
f 2783 2784 2781
f 2775 2794 2780
f 2765 2780 2779
f 2769 2779 2778
f 2772 2778 2777
f 2779 2798 2799
f 2800 2792 2797
f 2800 2788 2790
f 2800 2784 2786
f 2801 2777 2778
f 2801 2802 2803
f 2779 2804 2798
f 2790 2792 2800
f 2800 2781 2784
f 2800 2779 2780
f 2803 2777 2801
f 2779 2805 2804
f 2786 2788 2800
f 2780 2794 2800
f 2779 2806 2801
f 2779 2800 2805
f 2794 2781 2800
f 2799 2806 2779
f 2778 2779 2801
f 2797 2807 2800
f 2799 2798 2763
f 2798 2764 2763
f 2799 2773 2771
f 2806 2771 2770
f 2801 2770 2767
f 2802 2767 2766
f 2803 2766 2768
f 2797 2793 2809
f 2807 2809 2810
f 2800 2810 2811
f 2805 2811 2812
f 2441 2764 2808
f 2764 2798 2813
f 2804 2812 2813
f 2813 2798 2804
f 2813 2808 2764
f 2812 2804 2805
f 2811 2805 2800
f 2810 2800 2807
f 2809 2807 2797
f 2768 2777 2803
f 2766 2803 2802
f 2767 2802 2801
f 2770 2801 2806
f 2771 2806 2799
f 2763 2773 2799
f 2791 2789 2814
f 2814 2808 2791
f 2793 2808 2815
f 2814 2783 2782
f 2808 2793 2791
f 2814 2785 2783
f 2814 2789 2787
f 2815 2809 2793
f 2787 2785 2814
f 2815 2810 2809
f 2815 2813 2812
f 2812 2811 2815
f 2811 2810 2815
f 2782 2795 2814
f 2808 2814 2795
f 2795 2796 2808
f 2813 2815 2808
f 2816 2822 2817
f 2818 2817 2819
f 2821 2818 2819
f 2819 2820 2821
f 2823 2824 2818
f 2824 2817 2818
f 2825 2821 2817
f 2818 2827 2823
f 2827 2818 2821
f 2823 2831 2824
f 2828 2826 2829
f 2829 2826 2824
f 2822 2825 2817
f 2825 2830 2821
f 2828 2829 2825
f 2831 2829 2824
f 2821 2830 2827
f 2828 2825 2822
f 2830 2831 2827
f 2829 2830 2825
f 2823 2827 2831
f 2832 2833 2829
f 2831 2832 2829
f 2828 2822 2830
f 2822 2831 2830
f 2832 2816 2817
f 2831 2822 2816
f 2819 2817 2835
f 2816 2832 2831
f 2817 2821 2832
f 2828 2830 2829
f 2821 2820 2832
f 2820 2834 2833
f 2829 2833 2834
f 2834 2820 2819
f 2833 2832 2820
f 2829 2834 2828
f 2819 2835 2834
f 2834 2826 2828
f 2826 2834 2840
f 2824 2835 2817
f 2824 2826 2840
f 2840 2835 2824
f 2840 2834 2835
f 2840 2835 2836
f 2837 2836 2835
f 2837 2835 2840
f 2837 2838 2839
f 2839 2836 2837
f 2839 2841 2840
f 2839 2842 2841
f 2840 2836 2839
f 2838 2837 2840
f 2840 2841 2838
f 2841 2843 2838
f 2842 2843 2841
f 2844 2845 2846
f 2844 2847 2848
f 2848 2845 2844
f 2847 2849 2850
f 2850 2848 2847
f 2851 2852 2850
f 2842 2853 2846
f 2850 2849 2851
f 2846 2853 2844
f 2846 2843 2842
f 2854 2851 2849
f 2855 2849 2847
f 2856 2847 2844
f 2857 2844 2853
f 2858 2853 2842
f 2842 2839 2858
f 2853 2858 2857
f 2844 2857 2856
f 2847 2856 2855
f 2849 2855 2854
f 2859 2838 2843
f 2860 2859 2846
f 2861 2860 2845
f 2862 2861 2848
f 2863 2862 2850
f 2850 2852 2863
f 2848 2850 2862
f 2845 2848 2861
f 2846 2845 2860
f 2843 2846 2859
f 2851 2864 2865
f 2865 2852 2851
f 2854 2855 2862
f 2856 2861 2862
f 2857 2860 2861
f 2857 2858 2859
f 2862 2855 2856
f 2859 2860 2857
f 2861 2856 2857
f 2839 2838 2859
f 2859 2858 2839
f 2862 2863 2854
f 2854 2866 2864
f 2864 2851 2854
f 2866 2854 2863
f 2863 2867 2866
f 2868 2864 2866
f 2869 2868 2870
f 2871 2869 2872
f 2873 2871 2874
f 2875 2873 2876
f 2876 2881 2875
f 2874 2876 2873
f 2872 2874 2871
f 2870 2872 2869
f 2866 2870 2868
f 2867 2863 2852
f 2852 2865 2867
f 2877 2872 2870
f 2877 2878 2874
f 2867 2879 2870
f 2874 2872 2877
f 2880 2876 2874
f 2870 2879 2877
f 2876 2880 2881
f 2874 2878 2880
f 2870 2866 2867
f 2882 2881 2880
f 2883 2880 2878
f 2884 2878 2877
f 2885 2877 2879
f 2886 2879 2867
f 2867 2865 2886
f 2879 2886 2885
f 2877 2885 2884
f 2878 2884 2883
f 2880 2883 2882
f 2885 2869 2871
f 2885 2886 2868
f 2882 2883 2873
f 2883 2884 2871
f 2868 2869 2885
f 2865 2864 2868
f 2871 2873 2883
f 2868 2886 2865
f 2871 2884 2885
f 2873 2875 2882
f 2882 2875 2887
f 2882 2887 2881
f 2881 2887 2875
f 2888 2889 2890
f 2891 2892 2893
f 2894 2895 2896
f 2894 2897 2898
f 2899 2888 2900
f 2888 2899 2889
f 2891 2901 2892
f 2896 2902 2894
f 2894 2903 2897
f 2894 2904 2905
f 2890 2906 2888
f 2891 2894 2901
f 2898 2895 2894
f 2894 2891 2904
f 2893 2899 2891
f 2905 2903 2894
f 2902 2907 2894
f 2900 2891 2899
f 2908 2896 2895
f 2909 2895 2898
f 2910 2898 2897
f 2911 2897 2903
f 2912 2903 2905
f 2913 2905 2904
f 2914 2904 2891
f 2915 2891 2900
f 2916 2900 2888
f 2917 2888 2906
f 2906 2918 2917
f 2888 2917 2916
f 2900 2916 2915
f 2891 2915 2914
f 2904 2914 2913
f 2905 2913 2912
f 2903 2912 2911
f 2897 2911 2910
f 2898 2910 2909
f 2895 2909 2908
f 2918 2906 2890
f 2919 2890 2889
f 2920 2889 2899
f 2921 2899 2893
f 2922 2893 2892
f 2923 2892 2901
f 2924 2901 2894
f 2925 2894 2907
f 2926 2907 2902
f 2927 2902 2896
f 2896 2908 2927
f 2902 2927 2926
f 2907 2926 2925
f 2894 2925 2924
f 2901 2924 2923
f 2892 2923 2922
f 2893 2922 2921
f 2899 2921 2920
f 2889 2920 2919
f 2890 2919 2918
f 2915 2910 2911
f 2917 2923 2924
f 2915 2912 2913
f 2915 2909 2910
f 2917 2922 2923
f 2921 2918 2919
f 2911 2912 2915
f 2915 2927 2908
f 2917 2921 2922
f 2921 2917 2918
f 2908 2909 2915
f 2915 2925 2926
f 2919 2920 2921
f 2925 2915 2916
f 2926 2927 2915
f 2916 2917 2925
f 2924 2925 2917
f 2913 2914 2915
f 2475 2478 2477
f 2465 2463 2462
f 2481 2467 2466
f 2481 2473 2472
f 2481 2475 2474
f 2475 2479 2478
f 2475 2481 2480
f 2465 2464 2463
f 2481 2468 2467
f 2481 2470 2469
f 2474 2473 2481
f 2480 2479 2475
f 2466 2465 2481
f 2481 2471 2470
f 2477 2476 2475
f 2469 2468 2481
f 2462 2481 2465
f 2472 2471 2481
f 2468 2469 2928
f 2467 2468 2928
f 2928 2466 2467
f 2928 2465 2466
f 2471 2472 2928
f 2470 2471 2928
f 2469 2470 2928
f 2928 2462 2463
f 2928 2463 2464
f 2928 2464 2465
f 2478 2479 2928
f 2477 2478 2928
f 2928 2476 2477
f 2928 2475 2476
f 2481 2462 2928
f 2480 2481 2928
f 2479 2480 2928
f 2928 2472 2473
f 2928 2473 2474
f 2928 2474 2475
f 2448 2447 2446
f 2445 2442 2460
f 2444 2459 2458
f 2444 2456 2450
f 2444 2448 2461
f 2448 2453 2447
f 2448 2444 2443
f 2445 2454 2442
f 2444 2457 2459
f 2444 2452 2451
f 2461 2456 2444
f 2443 2453 2448
f 2458 2445 2444
f 2444 2449 2452
f 2446 2455 2448
f 2451 2457 2444
f 2460 2444 2445
f 2450 2449 2444
f 2457 2451 2929
f 2459 2457 2929
f 2929 2458 2459
f 2929 2445 2458
f 2449 2450 2929
f 2452 2449 2929
f 2451 2452 2929
f 2929 2460 2442
f 2929 2442 2454
f 2929 2454 2445
f 2447 2453 2929
f 2446 2447 2929
f 2929 2455 2446
f 2929 2448 2455
f 2444 2460 2929
f 2443 2444 2929
f 2453 2443 2929
f 2929 2450 2456
f 2929 2456 2461
f 2929 2461 2448
f 2515 2518 2517
f 2505 2503 2502
f 2521 2507 2506
f 2521 2513 2512
f 2521 2515 2514
f 2515 2519 2518
f 2515 2521 2520
f 2505 2504 2503
f 2521 2508 2507
f 2521 2510 2509
f 2514 2513 2521
f 2520 2519 2515
f 2506 2505 2521
f 2521 2511 2510
f 2517 2516 2515
f 2509 2508 2521
f 2502 2521 2505
f 2512 2511 2521
f 2508 2509 2930
f 2507 2508 2930
f 2930 2506 2507
f 2930 2505 2506
f 2511 2512 2930
f 2510 2511 2930
f 2509 2510 2930
f 2930 2502 2503
f 2930 2503 2504
f 2930 2504 2505
f 2518 2519 2930
f 2517 2518 2930
f 2930 2516 2517
f 2930 2515 2516
f 2521 2502 2930
f 2520 2521 2930
f 2519 2520 2930
f 2930 2512 2513
f 2930 2513 2514
f 2930 2514 2515
f 2488 2487 2486
f 2485 2482 2500
f 2484 2499 2498
f 2484 2496 2490
f 2484 2488 2501
f 2488 2493 2487
f 2488 2484 2483
f 2485 2494 2482
f 2484 2497 2499
f 2484 2492 2491
f 2501 2496 2484
f 2483 2493 2488
f 2498 2485 2484
f 2484 2489 2492
f 2486 2495 2488
f 2491 2497 2484
f 2500 2484 2485
f 2490 2489 2484
f 2497 2491 2931
f 2499 2497 2931
f 2931 2498 2499
f 2931 2485 2498
f 2489 2490 2931
f 2492 2489 2931
f 2491 2492 2931
f 2931 2500 2482
f 2931 2482 2494
f 2931 2494 2485
f 2487 2493 2931
f 2486 2487 2931
f 2931 2495 2486
f 2931 2488 2495
f 2484 2500 2931
f 2483 2484 2931
f 2493 2483 2931
f 2931 2490 2496
f 2931 2496 2501
f 2931 2501 2488
f 2932 2935 2933
f 2933 2933 2932
f 2933 2934 2932
f 2934 2935 2932
f 2936 2937 2935
f 2936 2937 2937
f 2934 2937 2936
f 2934 2936 2935
f 2938 2939 2937
f 2937 2937 2938
f 2937 2934 2938
f 2938 2934 2939
f 2939 2935 2937
f 2934 2940 2939
f 2934 2933 2940
f 2940 2933 2933
f 2933 2939 2940
f 2933 2935 2939
f 2943 2944 2945
f 2944 2942 2941
f 2946 2945 2941
f 2945 2944 2941
f 2944 2943 2946
f 2946 2943 2945
f 2942 2944 2946
f 2942 2946 2941
f 2526 2535 2528
f 2525 2524 2523
f 2522 2540 2532
f 2522 2539 2538
f 2534 2526 2536
f 2526 2534 2535
f 2525 2541 2524
f 2532 2531 2522
f 2522 2537 2539
f 2522 2530 2529
f 2528 2527 2526
f 2525 2522 2541
f 2538 2540 2522
f 2522 2525 2530
f 2523 2534 2525
f 2529 2537 2522
f 2531 2533 2522
f 2536 2525 2534
f 2947 2532 2540
f 2948 2540 2538
f 2949 2538 2539
f 2950 2539 2537
f 2951 2537 2529
f 2952 2529 2530
f 2953 2530 2525
f 2954 2525 2536
f 2955 2536 2526
f 2956 2526 2527
f 2527 2957 2956
f 2526 2956 2955
f 2536 2955 2954
f 2525 2954 2953
f 2530 2953 2952
f 2529 2952 2951
f 2537 2951 2950
f 2539 2950 2949
f 2538 2949 2948
f 2540 2948 2947
f 2957 2527 2528
f 2958 2528 2535
f 2959 2535 2534
f 2960 2534 2523
f 2961 2523 2524
f 2962 2524 2541
f 2963 2541 2522
f 2964 2522 2533
f 2965 2533 2531
f 2966 2531 2532
f 2532 2947 2966
f 2531 2966 2965
f 2533 2965 2964
f 2522 2964 2963
f 2541 2963 2962
f 2524 2962 2961
f 2523 2961 2960
f 2534 2960 2959
f 2535 2959 2958
f 2528 2958 2957
f 2954 2949 2950
f 2956 2962 2963
f 2954 2951 2952
f 2954 2948 2949
f 2956 2961 2962
f 2960 2957 2958
f 2950 2951 2954
f 2954 2966 2947
f 2956 2960 2961
f 2960 2956 2957
f 2947 2948 2954
f 2954 2964 2965
f 2958 2959 2960
f 2964 2954 2955
f 2965 2966 2954
f 2955 2956 2964
f 2963 2964 2956
f 2952 2953 2954
f 2894 2893 2892
f 2891 2888 2906
f 2890 2905 2904
f 2890 2902 2896
f 2890 2894 2907
f 2894 2899 2893
f 2894 2890 2889
f 2891 2900 2888
f 2890 2903 2905
f 2890 2898 2897
f 2907 2902 2890
f 2889 2899 2894
f 2904 2891 2890
f 2890 2895 2898
f 2892 2901 2894
f 2897 2903 2890
f 2906 2890 2891
f 2896 2895 2890
f 2903 2897 2967
f 2905 2903 2967
f 2967 2904 2905
f 2967 2891 2904
f 2895 2896 2967
f 2898 2895 2967
f 2897 2898 2967
f 2967 2906 2888
f 2967 2888 2900
f 2967 2900 2891
f 2893 2899 2967
f 2892 2893 2967
f 2967 2901 2892
f 2967 2894 2901
f 2890 2906 2967
f 2889 2890 2967
f 2899 2889 2967
f 2967 2896 2902
f 2967 2902 2907
f 2967 2907 2894
f 2971 2969 2970
f 2972 2973 2974
f 2975 2968 2972
f 2972 2976 2975
f 2968 2975 2977
f 2971 2968 2978
f 2978 2979 2971
f 2971 2979 2980
f 2971 2981 2982
f 2971 2983 2984
f 2971 2982 2983
f 2985 2969 2971
f 2971 2984 2985
f 2980 2981 2971
f 2977 2978 2968
f 2974 2976 2972
f 2986 2971 2987
f 2970 2987 2971
f 2988 2976 2974
f 2974 2989 2988
f 2974 2973 2989
f 2977 2990 3014
f 2975 2988 2990
f 2990 2977 2975
f 2975 2976 2988
f 3014 2991 2977
f 2979 2992 2993
f 2993 2980 2979
f 2993 2994 2980
f 2978 2991 2992
f 2992 2979 2978
f 2978 2977 2991
f 2995 2983 2982
f 2982 2996 2995
f 2982 2981 2996
f 2994 2996 2981
f 2981 2980 2994
f 2983 2995 2997
f 2998 2985 2984
f 2984 2997 2998
f 2998 2999 2985
f 2997 2984 2983
f 2985 2999 3000
f 3000 3001 2985
f 3007 3014 3002
f 3007 3003 3004
f 3007 3006 3005
f 3012 3008 3007
f 3007 3009 3010
f 2998 3003 3007
f 3013 2999 2998
f 3003 2997 2995
f 3004 3003 2996
f 2996 2994 3004
f 3004 2993 2992
f 3007 2992 2991
f 2990 3015 3014
f 3015 2990 2988
f 2988 2989 3015
f 2991 3014 3007
f 3007 3004 2992
f 2994 2993 3004
f 2995 2996 3003
f 2997 3003 2998
f 3007 3013 2998
f 3011 3007 3016
f 3011 3012 3007
f 3010 3016 3007
f 3005 3009 3007
f 3002 3006 3007
f 3017 2970 2969
f 2969 3001 3017
f 2969 2985 3001
f 2987 3018 3019
f 3019 2986 2987
f 2987 2970 3018
f 3019 3020 2986
f 3017 3018 2970
f 2973 2972 2968
f 2968 3021 2973
f 3021 2968 2971
f 2971 2986 3021
f 3024 3022 3030
f 3026 3023 3024
f 3026 3019 3018
f 3030 3029 3028
f 3020 3019 3026
f 3028 3027 3031
f 3001 3026 3017
f 3001 3025 3026
f 3018 3017 3026
f 3020 3032 3021
f 3021 2986 3020
f 3021 3269 2973
f 3034 3033 3021
f 3035 3034 3021
f 3036 3035 3021
f 3021 3037 3036
f 3269 3021 3033
f 3028 3031 3038
f 3038 3026 3024
f 3020 3038 3032
f 3020 3026 3038
f 3024 3030 3038
f 3030 3028 3038
f 3039 3040 3041
f 3038 3041 3032
f 3042 3039 3038
f 3043 3042 3038
f 3044 3043 3038
f 3045 3044 3038
f 3038 3046 3045
f 3041 3038 3039
f 3037 3021 3032
f 3036 3037 3041
f 3041 3040 3036
f 3032 3041 3037
f 3045 3047 3048
f 3044 3048 3049
f 3043 3049 3050
f 3042 3050 3051
f 3039 3051 3052
f 3052 3040 3039
f 3051 3039 3042
f 3050 3042 3043
f 3049 3043 3044
f 3048 3044 3045
f 3053 3269 3033
f 3054 3033 3034
f 3055 3034 3035
f 3056 3035 3036
f 3036 3057 3056
f 3035 3056 3055
f 3034 3055 3054
f 3033 3054 3053
f 3057 3036 3040
f 3040 3052 3057
f 3059 3058 3052
f 3047 3060 3059
f 3059 3048 3047
f 3049 3048 3059
f 3050 3049 3059
f 3051 3050 3059
f 3052 3051 3059
f 3065 3057 3052
f 3052 3058 3065
f 3060 3061 3062
f 3062 3059 3060
f 3062 3063 3059
f 3056 3057 3065
f 3055 3056 3065
f 3054 3055 3065
f 3053 3054 3065
f 3063 3065 3058
f 3058 3059 3063
f 3108 3066 3065
f 3066 3064 3065
f 3067 3068 3069
f 3069 3070 3067
f 3067 3071 3068
f 3072 3071 3073
f 3073 3063 3072
f 3073 3065 3063
f 3072 3068 3071
f 3069 3074 3070
f 3075 3031 3027
f 3027 3076 3075
f 3076 3028 3029
f 3029 3077 3076
f 3078 3077 3022
f 3077 3030 3022
f 3078 3024 3023
f 3023 3079 3078
f 3023 3026 3079
f 3079 3026 3025
f 3025 3000 3079
f 3025 3001 3000
f 3022 3024 3078
f 3029 3030 3077
f 3027 3028 3076
f 3000 2999 3013
f 3013 3080 3000
f 3080 3007 3008
f 3008 3081 3080
f 3081 3012 3011
f 3011 3082 3081
f 3008 3012 3081
f 3013 3007 3080
f 3063 3069 3068
f 3061 3060 3083
f 3084 3062 3061
f 3061 3085 3084
f 3062 3084 3086
f 3063 3062 3087
f 3087 3088 3063
f 3063 3088 3089
f 3063 3090 3091
f 3063 3092 3093
f 3063 3091 3092
f 3074 3069 3063
f 3063 3093 3074
f 3089 3090 3063
f 3086 3087 3062
f 3083 3085 3061
f 3068 3072 3063
f 3094 3085 3083
f 3083 3095 3094
f 3083 3060 3095
f 3086 3096 3128
f 3084 3094 3096
f 3096 3086 3084
f 3084 3085 3094
f 3128 3097 3086
f 3088 3098 3099
f 3099 3089 3088
f 3099 3100 3089
f 3087 3097 3098
f 3098 3088 3087
f 3087 3086 3097
f 3101 3092 3091
f 3091 3102 3101
f 3091 3090 3102
f 3100 3102 3090
f 3090 3089 3100
f 3092 3101 3103
f 3104 3074 3093
f 3093 3103 3104
f 3104 3105 3074
f 3103 3093 3092
f 3108 3106 3066
f 3109 3107 3108
f 3109 3073 3071
f 3111 3112 3064
f 3066 3113 3111
f 3111 3064 3066
f 3109 3108 3065
f 3065 3073 3109
f 3070 3109 3067
f 3070 3110 3109
f 3071 3067 3109
f 3074 3105 3114
f 3114 3070 3074
f 3115 3064 3112
f 3112 3116 3115
f 3116 3111 3113
f 3113 3117 3116
f 3118 3117 3106
f 3117 3066 3106
f 3118 3108 3107
f 3107 3119 3118
f 3107 3109 3119
f 3119 3109 3110
f 3110 3114 3119
f 3110 3070 3114
f 3106 3108 3118
f 3113 3066 3117
f 3112 3111 3116
f 3114 3105 3120
f 3120 3121 3114
f 3121 3122 3123
f 3123 3124 3121
f 3125 3130 3124
f 3123 3125 3124
f 3120 3122 3121
f 3122 3126 3128
f 3125 3123 3122
f 3120 3105 3104
f 3122 3103 3101
f 3126 3122 3102
f 3102 3100 3126
f 3126 3099 3098
f 3128 3098 3097
f 3128 3096 3094
f 3094 3095 3128
f 3128 3126 3098
f 3100 3099 3126
f 3101 3102 3122
f 3103 3122 3104
f 3122 3120 3104
f 3125 3122 3129
f 3127 3129 3122
f 3119 3114 3121
f 3130 3121 3124
f 3118 3119 3130
f 3117 3118 3130
f 3116 3117 3130
f 3115 3116 3130
f 3121 3130 3119
f 3115 3130 3131
f 3131 3132 3115
f 3130 3125 3133
f 3133 3131 3130
f 3128 3095 3378
f 3128 3134 3135
f 3122 3135 3136
f 3136 3127 3122
f 3129 3137 3133
f 3133 3125 3129
f 3127 3136 3137
f 3129 3127 3137
f 3122 3128 3135
f 3378 3134 3128
f 3079 3000 3080
f 3140 3080 3081
f 3078 3079 3140
f 3141 3082 3138
f 3077 3078 3140
f 3076 3077 3140
f 3075 3140 3141
f 3075 3076 3140
f 3139 3142 3141
f 3138 3139 3141
f 3082 3141 3140
f 3081 3082 3140
f 3080 3140 3079
f 3011 3143 3144
f 3144 3082 3011
f 3005 3145 3146
f 3009 3146 3147
f 3147 3010 3009
f 3010 3147 3148
f 3016 3148 3143
f 3143 3011 3016
f 2989 3149 3150
f 3150 3014 3015
f 3014 3150 3151
f 3151 3002 3014
f 3002 3151 3152
f 3006 3152 3145
f 3145 3005 3006
f 3152 3006 3002
f 3150 3015 2989
f 3148 3016 3010
f 3146 3009 3005
f 3148 3153 3144
f 3147 3154 3153
f 3147 3155 3154
f 3153 3148 3147
f 3156 3155 3146
f 3145 3157 3156
f 3146 3145 3156
f 3145 3152 3157
f 3147 3146 3155
f 3144 3143 3148
f 3138 3082 3144
f 3144 3153 3138
f 3139 3138 3154
f 3154 3155 3139
f 3142 3139 3156
f 3156 3157 3142
f 3141 3142 3158
f 3159 3075 3141
f 3158 3159 3141
f 3157 3158 3142
f 3155 3156 3139
f 3153 3154 3138
f 3160 3161 3162
f 3161 3163 3162
f 3163 3151 3150
f 3164 3165 3166
f 3152 3159 3158
f 3152 3163 3159
f 3167 3168 3163
f 3163 3152 3151
f 3166 3169 3164
f 3168 3167 3194
f 3160 3159 3163
f 3150 3149 3163
f 3194 3165 3168
f 3163 3161 3160
f 3164 3168 3165
f 3163 3149 3167
f 3158 3157 3152
f 3170 3171 3172
f 3170 3166 3171
f 3172 3173 3170
f 3174 3175 3176
f 3174 3172 3175
f 3176 3177 3174
f 3177 3176 3178
f 3178 3179 3177
f 3174 3173 3172
f 3170 3169 3166
f 3180 3170 3173
f 3181 3173 3174
f 3174 3182 3181
f 3182 3174 3177
f 3183 3177 3179
f 3179 3184 3183
f 3185 3186 3162
f 3185 3163 3168
f 3168 3188 3185
f 3188 3168 3164
f 3164 3187 3188
f 3187 3164 3169
f 3189 3169 3170
f 3170 3180 3189
f 3169 3189 3187
f 3162 3163 3185
f 3177 3183 3182
f 3173 3181 3180
f 3190 3191 3178
f 3178 3176 3190
f 3192 3190 3175
f 3175 3172 3192
f 3193 3192 3171
f 3171 3166 3193
f 3194 3193 3165
f 3194 3167 3195
f 3166 3165 3193
f 3172 3171 3192
f 3176 3175 3190
f 3184 3179 3178
f 3178 3191 3184
f 3196 3197 3198
f 3198 3199 3196
f 3199 3200 3201
f 3201 3202 3199
f 3202 3203 3184
f 3184 3191 3202
f 3201 3203 3202
f 3198 3200 3199
f 3200 3188 3187
f 3200 3204 3205
f 3200 3189 3180
f 3203 3201 3200
f 3200 3181 3182
f 3206 3204 3200
f 3198 3197 3206
f 3204 3207 3208
f 3205 3204 3209
f 3209 3210 3205
f 3205 3212 3211
f 3200 3211 3213
f 3214 3185 3188
f 3185 3214 3215
f 3215 3186 3185
f 3213 3188 3200
f 3200 3205 3211
f 3210 3212 3205
f 3208 3209 3204
f 3207 3204 3206
f 3200 3198 3206
f 3184 3200 3183
f 3184 3203 3200
f 3182 3183 3200
f 3180 3181 3200
f 3187 3189 3200
f 3215 3216 3217
f 3217 3186 3215
f 3217 3252 3186
f 3218 3214 3188
f 3219 3215 3214
f 3214 3218 3219
f 3219 3216 3215
f 3188 3213 3218
f 3220 3211 3212
f 3212 3221 3220
f 3212 3210 3221
f 3222 3213 3211
f 3211 3220 3222
f 3222 3218 3213
f 3208 3223 3224
f 3224 3209 3208
f 3224 3225 3209
f 3210 3209 3225
f 3225 3221 3210
f 3223 3208 3207
f 3206 3226 3227
f 3227 3207 3206
f 3206 3197 3226
f 3207 3227 3223
f 3228 3196 3199
f 3231 3199 3202
f 3229 3228 3231
f 3233 3191 3190
f 3230 3229 3231
f 3232 3230 3231
f 3195 3233 3194
f 3195 3232 3233
f 3193 3194 3233
f 3231 3233 3232
f 3192 3193 3233
f 3190 3192 3233
f 3191 3233 3231
f 3202 3191 3231
f 3199 3231 3228
f 3226 3197 3196
f 3196 3234 3226
f 3195 3235 3236
f 3236 3232 3195
f 3232 3254 3237
f 3237 3230 3232
f 3229 3230 3238
f 3230 3255 3238
f 3229 3239 3240
f 3240 3228 3229
f 3240 3241 3228
f 3228 3241 3242
f 3242 3196 3228
f 3242 3234 3196
f 3238 3239 3229
f 3237 3255 3230
f 3236 3254 3232
f 3243 3244 3245
f 3245 3234 3243
f 3243 3246 3244
f 3247 3246 3248
f 3248 3249 3247
f 3248 3262 3249
f 3247 3244 3246
f 3245 3226 3234
f 3249 3245 3244
f 3251 3252 3217
f 3219 3250 3251
f 3251 3216 3219
f 3250 3219 3218
f 3249 3250 3222
f 3222 3220 3249
f 3249 3220 3221
f 3249 3225 3224
f 3249 3223 3227
f 3249 3224 3223
f 3226 3245 3249
f 3249 3227 3226
f 3221 3225 3249
f 3218 3222 3250
f 3217 3216 3251
f 3244 3247 3249
f 3252 3251 3250
f 3250 3253 3252
f 3253 3250 3249
f 3239 3238 3255
f 3241 3240 3239
f 3241 3248 3246
f 3255 3237 3254
f 3262 3248 3241
f 3254 3236 3235
f 3234 3241 3243
f 3234 3242 3241
f 3246 3243 3241
f 3249 3262 3256
f 3256 3253 3249
f 3253 3256 3257
f 3253 3261 3046
f 3260 3261 3253
f 3259 3260 3253
f 3258 3259 3253
f 3257 3258 3253
f 3254 3235 3262
f 3262 3241 3239
f 3239 3255 3262
f 3255 3254 3262
f 3263 3046 3261
f 3264 3261 3260
f 3265 3260 3259
f 3266 3259 3258
f 3267 3258 3257
f 3257 3268 3267
f 3258 3267 3266
f 3259 3266 3265
f 3260 3265 3264
f 3261 3264 3263
f 3256 3262 3273
f 3272 3273 3262
f 3271 3272 3262
f 3270 3271 3262
f 3269 3270 3262
f 3274 3268 3257
f 3257 3256 3274
f 3267 3268 3275
f 3277 3275 3276
f 3266 3267 3277
f 3265 3266 3277
f 3264 3265 3277
f 3263 3264 3277
f 3275 3277 3267
f 3269 3053 3278
f 3270 3278 3279
f 3271 3279 3280
f 3272 3280 3281
f 3273 3281 3274
f 3274 3256 3273
f 3281 3273 3272
f 3280 3272 3271
f 3279 3271 3270
f 3278 3270 3269
f 3282 3287 3276
f 3274 3282 3275
f 3275 3268 3274
f 3276 3275 3282
f 3283 3284 3277
f 3286 3277 3276
f 3285 3283 3277
f 3287 3278 3291
f 3280 3279 3287
f 3281 3280 3287
f 3274 3281 3287
f 3287 3282 3274
f 3291 3314 3287
f 3278 3287 3279
f 3286 3276 3287
f 3287 3288 3286
f 3289 3291 3278
f 3314 3288 3287
f 3291 3292 3314
f 3289 3290 3291
f 3293 3294 3295
f 3295 3296 3293
f 3295 3297 3296
f 3298 3299 3300
f 3300 3288 3298
f 3298 3294 3299
f 3300 3286 3288
f 3293 3299 3294
f 3303 3301 3285
f 3304 3302 3303
f 3304 3300 3299
f 3285 3307 3283
f 3304 3303 3285
f 3304 3277 3286
f 3304 3285 3277
f 3286 3300 3304
f 3283 3306 3284
f 3296 3304 3293
f 3296 3305 3304
f 3299 3293 3304
f 3308 3284 3306
f 3306 3309 3308
f 3309 3283 3307
f 3307 3310 3309
f 3311 3310 3301
f 3310 3285 3301
f 3311 3303 3302
f 3302 3312 3311
f 3302 3304 3312
f 3312 3304 3305
f 3305 3313 3312
f 3305 3296 3313
f 3301 3303 3311
f 3307 3285 3310
f 3306 3283 3309
f 3314 3295 3294
f 3290 3289 3315
f 3316 3291 3290
f 3290 3317 3316
f 3316 3292 3291
f 3292 3316 3318
f 3314 3292 3319
f 3319 3320 3314
f 3314 3320 3321
f 3314 3322 3323
f 3314 3324 3325
f 3314 3323 3324
f 3297 3295 3314
f 3314 3325 3297
f 3321 3322 3314
f 3318 3319 3292
f 3315 3317 3290
f 3288 3314 3298
f 3294 3298 3314
f 3297 3326 3313
f 3313 3296 3297
f 3327 3317 3315
f 3315 3328 3327
f 3315 3289 3328
f 3318 3329 3353
f 3316 3327 3329
f 3329 3318 3316
f 3316 3317 3327
f 3353 3330 3318
f 3320 3331 3332
f 3332 3321 3320
f 3332 3333 3321
f 3319 3330 3331
f 3331 3320 3319
f 3319 3318 3330
f 3334 3324 3323
f 3323 3335 3334
f 3323 3322 3335
f 3333 3335 3322
f 3322 3321 3333
f 3324 3334 3336
f 3337 3297 3325
f 3325 3336 3337
f 3337 3326 3297
f 3336 3325 3324
f 3313 3326 3338
f 3338 3339 3313
f 3339 3340 3341
f 3341 3342 3339
f 3342 3343 3344
f 3344 3345 3342
f 3341 3343 3342
f 3338 3340 3339
f 3340 3353 3346
f 3340 3347 3348
f 3340 3350 3349
f 3343 3341 3340
f 3340 3351 3352
f 3337 3347 3340
f 3338 3326 3337
f 3347 3336 3334
f 3348 3347 3335
f 3335 3333 3348
f 3348 3332 3331
f 3340 3331 3330
f 3329 3354 3353
f 3354 3329 3327
f 3327 3328 3354
f 3330 3353 3340
f 3340 3348 3331
f 3333 3332 3348
f 3334 3335 3347
f 3336 3347 3337
f 3340 3338 3337
f 3344 3340 3355
f 3344 3343 3340
f 3352 3355 3340
f 3349 3351 3340
f 3346 3350 3340
f 3349 3356 3357
f 3351 3357 3358
f 3358 3352 3351
f 3352 3358 3359
f 3355 3359 3360
f 3360 3344 3355
f 3328 3361 3362
f 3362 3353 3354
f 3353 3362 3363
f 3363 3346 3353
f 3346 3363 3364
f 3350 3364 3356
f 3356 3349 3350
f 3364 3350 3346
f 3362 3354 3328
f 3359 3355 3352
f 3357 3351 3349
f 3359 3365 3366
f 3358 3367 3365
f 3358 3368 3367
f 3365 3359 3358
f 3369 3368 3357
f 3356 3370 3369
f 3357 3356 3369
f 3356 3364 3370
f 3358 3357 3368
f 3366 3360 3359
f 3344 3360 3366
f 3366 3345 3344
f 3312 3313 3339
f 3373 3339 3342
f 3311 3312 3373
f 3374 3345 3371
f 3310 3311 3373
f 3309 3310 3373
f 3308 3373 3374
f 3308 3309 3373
f 3372 3375 3374
f 3371 3372 3374
f 3345 3374 3373
f 3342 3345 3373
f 3339 3373 3312
f 3371 3345 3366
f 3366 3365 3371
f 3372 3371 3367
f 3367 3368 3372
f 3375 3372 3369
f 3369 3370 3375
f 3374 3375 3376
f 3377 3308 3374
f 3376 3377 3374
f 3370 3376 3375
f 3368 3369 3372
f 3365 3367 3371
f 3135 3133 3137
f 3137 3136 3135
f 3134 3363 3362
f 3132 3131 3133
f 3364 3377 3376
f 3364 3134 3377
f 3132 3135 3134
f 3134 3364 3363
f 3133 3135 3132
f 3379 3377 3134
f 3362 3361 3134
f 3134 3378 3379
f 3134 3361 3132
f 3376 3370 3364
f 3045 3046 3263
f 3263 3047 3045
f 3277 3060 3047
f 3038 3031 3046
f 3046 3252 3253
f 3277 3284 3379
f 3252 3046 3160
f 3379 3060 3277
f 3263 3277 3047
f 3095 3060 3379
f 3308 3377 3379
f 3075 3159 3160
f 3186 3252 3160
f 3379 3284 3308
f 3031 3075 3160
f 3379 3378 3095
f 3160 3046 3031
f 3160 3162 3186
f 3053 3065 3064
f 3149 3195 3167
f 3235 3195 3149
f 3053 3289 3278
f 2973 3269 3149
f 3149 2989 2973
f 3361 3115 3132
f 3262 3235 3269
f 3064 3115 3361
f 3289 3053 3361
f 3361 3053 3064
f 3361 3328 3289
f 3149 3269 3235
f 3269 3149 3160
f 3160 3046 3269
f 3149 3269 3046
f 3046 3160 3149
f 3361 3053 3379
f 3053 3361 3379
f 3429 3381 3380
f 3429 3380 3384
f 3429 3384 3383
f 3429 3383 3382
f 3429 3382 3381
f 3383 3384 3429
f 3382 3383 3429
f 3381 3382 3429
f 3380 3381 3429
f 3384 3380 3429
f 3388 3430 3387
f 3386 3385 3430
f 3387 3389 3390
f 3387 3385 3391
f 3391 3389 3387
f 3385 3393 3392
f 3385 3394 3393
f 3392 3391 3385
f 3386 3395 3394
f 3430 3396 3397
f 3388 3398 3399
f 3394 3385 3386
f 3430 3400 3401
f 3430 3397 3400
f 3430 3404 3403
f 3388 3399 3404
f 3388 3387 3406
f 3387 3407 3406
f 3387 3390 3407
f 3402 3396 3430
f 3406 3405 3388
f 3408 3395 3386
f 3404 3430 3388
f 3401 3408 3386
f 3403 3402 3430
f 3405 3398 3388
f 3401 3386 3430
f 3401 3409 3410
f 3408 3410 3411
f 3395 3411 3412
f 3394 3412 3413
f 3393 3413 3414
f 3392 3414 3415
f 3391 3415 3416
f 3389 3416 3417
f 3390 3417 3418
f 3407 3418 3419
f 3419 3406 3407
f 3418 3407 3390
f 3417 3390 3389
f 3416 3389 3391
f 3415 3391 3392
f 3414 3392 3393
f 3413 3393 3394
f 3412 3394 3395
f 3411 3395 3408
f 3410 3408 3401
f 3406 3419 3420
f 3405 3420 3421
f 3398 3421 3422
f 3399 3422 3423
f 3404 3423 3424
f 3403 3424 3425
f 3402 3425 3426
f 3396 3426 3427
f 3397 3427 3428
f 3400 3428 3409
f 3409 3401 3400
f 3428 3400 3397
f 3427 3397 3396
f 3426 3396 3402
f 3425 3402 3403
f 3424 3403 3404
f 3423 3404 3399
f 3422 3399 3398
f 3421 3398 3405
f 3420 3405 3406
f 3384 3428 3427
f 3409 3428 3384
f 3382 3422 3421
f 3410 3409 3384
f 3384 3411 3410
f 3423 3422 3382
f 3384 3380 3412
f 3381 3420 3419
f 3424 3423 3382
f 3412 3411 3384
f 3414 3413 3380
f 3421 3420 3381
f 3425 3424 3382
f 3383 3426 3425
f 3413 3412 3380
f 3380 3381 3416
f 3421 3381 3382
f 3427 3426 3383
f 3415 3414 3380
f 3417 3416 3381
f 3425 3382 3383
f 3416 3415 3380
f 3381 3418 3417
f 3381 3419 3418
f 3427 3383 3384
f 3429 3381 3380
f 3429 3380 3384
f 3429 3384 3383
f 3429 3383 3382
f 3429 3382 3381
f 3385 3387 3430
f 3431 3387 3430
f 3431 3430 3387
f 3434 3436 3435
f 3433 3434 3435
f 3439 3432 3435
f 3435 3436 3439
f 3437 3438 3436
f 3440 3441 3442
f 3442 3443 3440
f 3444 3448 3440
f 3444 3438 3437
f 3438 3444 3445
f 3448 3444 3437
f 3447 3448 3434
f 3443 3444 3440
f 3446 3449 3455
f 3448 3436 3434
f 3445 3451 3438
f 3452 3460 3457
f 3450 3433 3435
f 3450 3447 3433
f 3449 3454 3455
f 3453 3456 3439
f 3434 3433 3447
f 3436 3438 3451
f 3436 3451 3453
f 3457 3460 3455
f 3456 3432 3439
f 3448 3437 3436
f 3458 3432 3456
f 3456 3454 3458
f 3460 3453 3465
f 3454 3449 3458
f 3446 3442 3449
f 3455 3471 3457
f 3458 3450 3432
f 3453 3451 3465
f 3441 3449 3442
f 3464 3456 3452
f 3435 3432 3450
f 3465 3455 3460
f 3464 3454 3456
f 3457 3464 3452
f 3439 3436 3453
f 3459 3460 3452
f 3453 3460 3461
f 3456 3453 3462
f 3453 3461 3462
f 3462 3463 3456
f 3452 3456 3463
f 3455 3454 3464
f 3471 3464 3457
f 3464 3471 3455
f 3458 3449 3441
f 3450 3458 3441
f 3447 3450 3441
f 3448 3447 3441
f 3440 3448 3441
f 3465 3446 3455
f 3443 3442 3446
f 3446 3465 3444
f 3444 3443 3446
f 3445 3444 3465
f 3451 3445 3465
f 3461 3436 3435
f 3435 3462 3461
f 3461 3466 3436
f 3466 3462 3435
f 3435 3436 3466
f 3461 3465 3446
f 3446 3466 3461
f 3460 3459 3465
f 3465 3461 3460
f 3446 3465 3459
f 3441 3468 3463
f 3441 3463 3467
f 3462 3469 3467
f 3467 3463 3462
f 3466 3470 3469
f 3469 3462 3466
f 3471 3452 3464
f 3463 3468 3464
f 3452 3463 3464
f 3471 3464 3468
f 3459 3452 3471
f 3466 3459 3472
f 3471 3472 3459
f 3472 3470 3466
f 3441 3467 3468
f 3446 3459 3466
f 3471 3473 3472
f 3474 3469 3470
f 3470 3473 3474
f 3470 3472 3473
f 3467 3469 3474
f 3474 3475 3467
f 3468 3475 3471
f 3468 3467 3475
f 3473 3476 3477
f 3473 3471 3478
f 3478 3476 3473
f 3471 3475 3479
f 3474 3477 3479
f 3479 3478 3471
f 3477 3474 3473
f 3479 3475 3474
f 3476 3478 3480
f 3480 3481 3476
f 3477 3476 3481
f 3481 3482 3477
f 3479 3477 3482
f 3482 3483 3479
f 3478 3479 3483
f 3483 3480 3478
f 3481 3480 3483
f 3483 3482 3481
f 3485 3529 3548
f 3486 3487 3488
f 3488 3529 3486
f 3488 3489 3529
f 3903 3489 3490
f 3494 3492 3493
f 3665 3494 3491
f 3492 3494 3495
f 3493 3491 3494
f 3676 3496 3613
f 3497 3613 3496
f 3495 3676 3492
f 3947 3498 3798
f 3484 3947 3798
f 3903 3947 3529
f 3947 3499 3498
f 3522 3500 3903
f 3501 3912 3502
f 3503 3499 3504
f 3505 3502 3506
f 3502 3503 3501
f 3504 3507 3503
f 3912 3506 3502
f 3499 3509 3504
f 3503 3507 3501
f 3499 3947 3509
f 3505 3510 3508
f 3506 3510 3505
f 3511 3512 3513
f 3508 3514 3515
f 3515 3512 3508
f 3496 3517 3519
f 3523 3520 3524
f 3520 3526 3524
f 3521 3500 3522
f 3527 3526 3525
f 3527 3524 3526
f 3521 3523 3500
f 3525 3497 3527
f 3527 3497 3496
f 3519 3527 3496
f 3524 3500 3523
f 3518 3519 3517
f 3516 3518 3517
f 3511 3508 3512
f 3484 3529 3947
f 3490 3522 3903
f 3489 3903 3529
f 3558 3487 3486
f 3529 3485 3486
f 3484 3548 3529
f 3958 3528 3529
f 3528 3958 3529
f 3492 3676 3531
f 3532 3531 3533
f 3534 3533 3535
f 3536 3535 3537
f 3538 3537 3539
f 3539 3617 3538
f 3537 3538 3536
f 3535 3536 3534
f 3533 3534 3532
f 3531 3532 3492
f 3543 3540 3541
f 3545 3543 3548
f 3547 3545 3548
f 3549 3550 3548
f 3546 3549 3548
f 3544 3546 3548
f 3541 3548 3543
f 3542 3544 3548
f 3551 3486 3485
f 3485 3550 3551
f 3551 3558 3486
f 3485 3548 3550
f 3551 3550 3549
f 3552 3549 3546
f 3553 3546 3544
f 3554 3544 3542
f 3542 3827 3554
f 3544 3554 3553
f 3546 3553 3552
f 3549 3552 3551
f 3553 3554 3828
f 3552 3553 3558
f 3558 3828 3557
f 3551 3552 3558
f 3559 3560 3558
f 3557 3559 3558
f 3556 3557 3828
f 3828 3558 3553
f 3555 3556 3828
f 3827 3828 3554
f 3561 3488 3487
f 3487 3560 3561
f 3561 3560 3559
f 3562 3559 3557
f 3563 3557 3556
f 3564 3556 3555
f 3555 3567 3564
f 3556 3564 3563
f 3557 3563 3562
f 3559 3562 3561
f 3487 3558 3560
f 3570 3565 3566
f 3563 3564 3567
f 3562 3563 3567
f 3571 3574 3570
f 3570 3572 3571
f 3561 3562 3568
f 3488 3561 3568
f 3489 3568 3574
f 3575 3489 3574
f 3574 3576 3575
f 3568 3489 3488
f 3573 3576 3574
f 3570 3574 3568
f 3567 3568 3562
f 3569 3572 3570
f 3575 3577 3490
f 3577 3522 3490
f 3490 3489 3575
f 3578 3576 3573
f 3577 3575 3576
f 3576 3578 3577
f 3579 3574 3571
f 3573 3574 3579
f 3579 3580 3573
f 3571 3572 3581
f 3581 3572 3569
f 3569 3588 3581
f 3569 3570 3582
f 3582 3570 3566
f 3566 3583 3582
f 3583 3566 3565
f 3565 3584 3583
f 3582 3588 3569
f 3581 3587 3571
f 3571 3587 3579
f 3573 3580 3578
f 3582 3584 3588
f 3588 3587 3581
f 3580 3587 3588
f 3580 3577 3578
f 3522 3577 3580
f 3523 3588 3592
f 3588 3523 3521
f 3580 3521 3522
f 3591 3592 3588
f 3590 3591 3588
f 3588 3521 3580
f 3587 3580 3579
f 3589 3590 3588
f 3586 3589 3588
f 3582 3583 3584
f 3585 3586 3588
f 3520 3523 3592
f 3593 3592 3591
f 3594 3591 3590
f 3595 3590 3589
f 3596 3589 3586
f 3597 3586 3585
f 3585 3598 3597
f 3586 3597 3596
f 3589 3596 3595
f 3590 3595 3594
f 3591 3594 3593
f 3592 3593 3520
f 3607 3526 3520
f 3601 3600 3526
f 3603 3602 3601
f 3603 3601 3607
f 3605 3604 3603
f 3605 3603 3607
f 3598 3606 3605
f 3598 3607 3597
f 3596 3597 3607
f 3595 3596 3607
f 3607 3598 3605
f 3594 3595 3607
f 3593 3594 3607
f 3520 3593 3607
f 3526 3607 3601
f 3525 3526 3599
f 3608 3613 3497
f 3497 3599 3608
f 3497 3525 3599
f 3608 3526 3600
f 3600 3609 3608
f 3609 3601 3602
f 3602 3610 3609
f 3602 3603 3610
f 3610 3603 3604
f 3604 3611 3610
f 3604 3605 3611
f 3611 3605 3606
f 3606 3612 3611
f 3606 3598 3612
f 3600 3601 3609
f 3599 3526 3608
f 3611 3612 3613
f 3610 3611 3613
f 3609 3610 3613
f 3608 3609 3613
f 3531 3676 3613
f 3533 3531 3613
f 3535 3533 3613
f 3537 3535 3613
f 3539 3537 3613
f 3612 3614 3615
f 3613 3615 3616
f 3616 3539 3613
f 3615 3613 3612
f 3536 3538 3617
f 3534 3536 3620
f 3532 3534 3620
f 3493 3620 3622
f 3492 3532 3493
f 3622 3623 3493
f 3620 3493 3532
f 3621 3622 3620
f 3619 3621 3620
f 3617 3620 3536
f 3618 3619 3620
f 3617 3539 3616
f 3616 3624 3617
f 3628 3626 3615
f 3630 3628 3615
f 3616 3615 3631
f 3614 3630 3615
f 3631 3632 3616
f 3629 3631 3615
f 3627 3629 3615
f 3625 3627 3615
f 3598 3614 3612
f 3625 3637 3633
f 3627 3633 3634
f 3629 3634 3635
f 3631 3635 3636
f 3632 3636 3624
f 3624 3616 3632
f 3636 3632 3631
f 3635 3631 3629
f 3634 3629 3627
f 3633 3627 3625
f 3634 3633 3637
f 3635 3634 3637
f 3636 3635 3637
f 3643 3637 3641
f 3624 3636 3637
f 3641 3642 3643
f 3640 3641 3637
f 3639 3640 3637
f 3638 3639 3637
f 3617 3624 3637
f 3620 3637 3643
f 3643 3618 3620
f 3637 3620 3617
f 3491 3493 3623
f 3644 3623 3622
f 3645 3622 3621
f 3646 3621 3619
f 3647 3619 3618
f 3618 3648 3647
f 3619 3647 3646
f 3621 3646 3645
f 3622 3645 3644
f 3623 3644 3491
f 3638 3662 3649
f 3639 3649 3650
f 3640 3650 3651
f 3641 3651 3652
f 3642 3652 3653
f 3653 3643 3642
f 3652 3642 3641
f 3651 3641 3640
f 3650 3640 3639
f 3649 3639 3638
f 3646 3647 3665
f 3645 3646 3665
f 3644 3645 3665
f 3491 3644 3665
f 3494 3665 3658
f 3657 3658 3665
f 3656 3657 3665
f 3655 3656 3665
f 3654 3655 3665
f 3648 3665 3647
f 3643 3653 3648
f 3648 3618 3643
f 3650 3649 3662
f 3651 3650 3662
f 3652 3651 3662
f 3653 3652 3662
f 3665 3662 3664
f 3663 3664 3662
f 3661 3663 3662
f 3660 3661 3662
f 3659 3660 3662
f 3495 3494 3658
f 3666 3658 3657
f 3667 3657 3656
f 3668 3656 3655
f 3669 3655 3654
f 3654 3670 3669
f 3655 3669 3668
f 3656 3668 3667
f 3657 3667 3666
f 3658 3666 3495
f 3653 3662 3648
f 3665 3648 3662
f 3659 3615 3671
f 3660 3671 3672
f 3661 3672 3673
f 3663 3673 3674
f 3664 3674 3675
f 3675 3665 3664
f 3674 3664 3663
f 3673 3663 3661
f 3672 3661 3660
f 3671 3660 3659
f 3670 3676 3669
f 3668 3669 3676
f 3676 3685 3677
f 3667 3668 3676
f 3666 3667 3676
f 3495 3666 3676
f 3679 3496 3676
f 3678 3679 3676
f 3677 3678 3676
f 3685 3680 3677
f 3675 3670 3654
f 3654 3665 3675
f 3672 3671 3670
f 3673 3672 3670
f 3674 3673 3670
f 3685 3670 3684
f 3670 3675 3674
f 3683 3684 3670
f 3682 3683 3670
f 3681 3682 3670
f 3882 3681 3670
f 3615 3882 3670
f 3615 3670 3671
f 3686 3517 3496
f 3686 3496 3679
f 3687 3679 3678
f 3688 3678 3677
f 3689 3677 3680
f 3680 3695 3689
f 3677 3689 3688
f 3678 3688 3687
f 3679 3687 3686
f 3685 3676 3670
f 3681 3882 3690
f 3681 3690 3691
f 3682 3691 3692
f 3683 3692 3693
f 3684 3693 3694
f 3694 3685 3684
f 3693 3684 3683
f 3692 3683 3682
f 3691 3682 3681
f 3695 3696 3689
f 3688 3689 3696
f 3687 3688 3696
f 3686 3687 3696
f 3517 3686 3696
f 3515 3514 3698
f 3696 3514 3517
f 3697 3698 3514
f 3709 3697 3514
f 3514 3699 3709
f 3694 3695 3680
f 3680 3685 3694
f 3691 3690 3703
f 3692 3691 3703
f 3693 3692 3703
f 3699 3703 3704
f 3703 3694 3693
f 3704 3705 3699
f 3702 3704 3703
f 3701 3702 3703
f 3700 3701 3703
f 3512 3515 3698
f 3706 3698 3697
f 3707 3697 3709
f 3699 3708 3709
f 3709 3708 3707
f 3697 3707 3706
f 3698 3706 3512
f 3703 3699 3514
f 3696 3695 3703
f 3694 3703 3695
f 3514 3696 3703
f 3700 3719 3710
f 3701 3710 3711
f 3702 3711 3712
f 3704 3712 3713
f 3705 3713 3714
f 3714 3699 3705
f 3713 3705 3704
f 3712 3704 3702
f 3711 3702 3701
f 3710 3701 3700
f 3707 3708 3513
f 3706 3707 3513
f 3512 3706 3513
f 3718 3511 3513
f 3717 3718 3513
f 3716 3717 3513
f 3715 3716 3513
f 3714 3708 3699
f 3711 3710 3719
f 3712 3711 3719
f 3713 3712 3719
f 3714 3713 3719
f 3708 3719 3723
f 3722 3723 3719
f 3721 3722 3719
f 3720 3721 3719
f 3508 3511 3724
f 3724 3511 3718
f 3725 3718 3717
f 3726 3717 3716
f 3727 3716 3715
f 3715 3734 3727
f 3716 3727 3726
f 3717 3726 3725
f 3718 3725 3724
f 3714 3719 3708
f 3715 3513 3708
f 3728 3720 3729
f 3720 3719 3729
f 3720 3728 3730
f 3721 3730 3731
f 3722 3731 3732
f 3723 3732 3733
f 3733 3708 3723
f 3732 3723 3722
f 3731 3722 3721
f 3730 3721 3720
f 3729 3747 3728
f 3726 3727 3734
f 3725 3726 3508
f 3724 3725 3508
f 3508 3737 3739
f 3740 3505 3508
f 3739 3740 3508
f 3738 3739 3737
f 3736 3738 3737
f 3734 3508 3726
f 3735 3736 3737
f 3708 3733 3734
f 3734 3715 3708
f 3730 3728 3747
f 3747 3741 3743
f 3731 3730 3744
f 3732 3731 3744
f 3733 3732 3744
f 3748 3749 3747
f 3746 3748 3747
f 3745 3746 3747
f 3743 3745 3747
f 3747 3744 3730
f 3742 3743 3741
f 3740 3750 3751
f 3751 3505 3740
f 3751 3502 3505
f 3739 3767 3752
f 3752 3740 3739
f 3752 3750 3740
f 3738 3753 3754
f 3754 3739 3738
f 3736 3755 3756
f 3756 3738 3736
f 3735 3757 3758
f 3758 3736 3735
f 3758 3755 3736
f 3756 3753 3738
f 3754 3767 3739
f 3734 3733 3744
f 3508 3744 3747
f 3737 3747 3749
f 3749 3735 3737
f 3747 3737 3508
f 3744 3508 3734
f 3742 3777 3759
f 3743 3759 3760
f 3745 3760 3761
f 3746 3761 3762
f 3748 3762 3763
f 3763 3749 3748
f 3762 3748 3746
f 3761 3746 3745
f 3760 3745 3743
f 3759 3743 3742
f 3750 3503 3502
f 3765 3764 3750
f 3766 3765 3750
f 3750 3752 3767
f 3768 3766 3767
f 3767 3754 3753
f 3769 3768 3753
f 3753 3756 3755
f 3755 3757 3753
f 3770 3769 3757
f 3755 3758 3757
f 3753 3757 3769
f 3767 3753 3768
f 3750 3767 3766
f 3502 3751 3750
f 3503 3750 3764
f 3763 3757 3735
f 3735 3749 3763
f 3776 3772 3763
f 3773 3771 3776
f 3774 3773 3776
f 3775 3774 3776
f 3777 3775 3776
f 3777 3776 3759
f 3760 3759 3776
f 3761 3760 3776
f 3762 3761 3776
f 3763 3762 3776
f 3772 3776 3771
f 3778 3798 3498
f 3498 3764 3778
f 3498 3499 3764
f 3765 3779 3780
f 3780 3764 3765
f 3766 3796 3781
f 3781 3765 3766
f 3768 3782 3783
f 3783 3766 3768
f 3783 3796 3766
f 3769 3784 3785
f 3785 3768 3769
f 3785 3782 3768
f 3784 3769 3770
f 3770 3786 3784
f 3781 3779 3765
f 3780 3778 3764
f 3499 3503 3764
f 3772 3770 3757
f 3757 3763 3772
f 3787 3775 3788
f 3775 3777 3789
f 3789 3788 3775
f 3788 3961 3787
f 3775 3787 3790
f 3774 3790 3791
f 3773 3791 3792
f 3771 3792 3793
f 3793 3772 3771
f 3792 3771 3773
f 3791 3773 3774
f 3790 3774 3775
f 3782 3785 3784
f 3796 3783 3782
f 3779 3781 3796
f 3778 3779 3798
f 3778 3780 3779
f 3799 3800 3798
f 3796 3798 3779
f 3797 3799 3798
f 3795 3797 3798
f 3794 3795 3798
f 3784 3786 3782
f 3786 3770 3772
f 3772 3793 3786
f 3790 3787 3961
f 3791 3790 3804
f 3792 3791 3804
f 3793 3792 3804
f 3805 3806 3804
f 3803 3805 3804
f 3802 3803 3804
f 3801 3802 3804
f 3961 3804 3790
f 3800 3548 3484
f 3548 3800 3547
f 3547 3800 3799
f 3545 3799 3797
f 3543 3797 3795
f 3540 3795 3794
f 3794 3541 3540
f 3795 3540 3543
f 3797 3543 3545
f 3799 3545 3547
f 3484 3798 3800
f 3806 3807 3541
f 3541 3794 3806
f 3786 3793 3804
f 3798 3804 3806
f 3806 3794 3798
f 3804 3798 3796
f 3804 3796 3782
f 3804 3782 3786
f 3808 3801 3809
f 3809 3956 3808
f 3801 3804 3809
f 3801 3808 3810
f 3802 3810 3811
f 3803 3811 3812
f 3805 3812 3807
f 3807 3806 3805
f 3812 3805 3803
f 3811 3803 3802
f 3810 3802 3801
f 3541 3807 3956
f 3548 3956 3813
f 3813 3542 3548
f 3956 3548 3541
f 3810 3808 3956
f 3811 3810 3956
f 3812 3811 3956
f 3813 3956 3816
f 3807 3812 3956
f 3816 3817 3813
f 3815 3816 3956
f 3814 3815 3956
f 3827 3542 3813
f 3813 3818 3827
f 3819 3814 3820
f 3820 3821 3819
f 3814 3956 3820
f 3814 3819 3822
f 3815 3822 3823
f 3816 3823 3824
f 3817 3824 3818
f 3818 3813 3817
f 3824 3817 3816
f 3823 3816 3815
f 3822 3815 3814
f 3827 3821 3828
f 3822 3819 3821
f 3823 3822 3827
f 3824 3823 3827
f 3818 3824 3827
f 3828 3821 3830
f 3829 3830 3821
f 3826 3829 3821
f 3825 3826 3821
f 3821 3827 3822
f 3567 3555 3828
f 3831 3825 3832
f 3825 3821 3832
f 3832 3833 3831
f 3825 3959 3834
f 3834 3826 3825
f 3826 3835 3836
f 3836 3829 3826
f 3836 3839 3829
f 3829 3839 3837
f 3837 3830 3829
f 3837 3838 3830
f 3838 3828 3830
f 3838 3567 3828
f 3834 3835 3826
f 3831 3959 3825
f 3838 3565 3570
f 3838 3570 3568
f 3838 3568 3567
f 3835 3834 3959
f 3839 3959 3840
f 3839 3836 3835
f 3838 3837 3839
f 3841 3842 3840
f 3842 3843 3840
f 3843 3844 3840
f 3844 3845 3840
f 3845 3846 3840
f 3838 3840 3846
f 3839 3840 3838
f 3959 3839 3835
f 3833 3959 3831
f 3584 3565 3838
f 3838 3847 3584
f 3842 3841 3848
f 3848 3849 3842
f 3843 3842 3850
f 3842 3849 3850
f 3843 3858 3851
f 3851 3844 3843
f 3851 3864 3844
f 3844 3864 3852
f 3852 3845 3844
f 3845 3853 3854
f 3854 3846 3845
f 3846 3855 3847
f 3847 3838 3846
f 3854 3855 3846
f 3852 3853 3845
f 3850 3858 3843
f 3848 3960 3849
f 3857 3856 3588
f 3847 3857 3584
f 3588 3584 3857
f 3585 3588 3856
f 3858 3960 3867
f 3861 3862 3865
f 3859 3863 3861
f 3851 3858 3864
f 3864 3858 3867
f 3865 3866 3868
f 3864 3857 3852
f 3857 3864 3867
f 3854 3853 3857
f 3857 3855 3854
f 3856 3867 3868
f 3868 3869 3870
f 3870 3856 3868
f 3847 3855 3857
f 3870 3871 3856
f 3867 3856 3857
f 3853 3852 3857
f 3865 3868 3867
f 3865 3859 3861
f 3859 3865 3867
f 3850 3849 3858
f 3860 3863 3859
f 3960 3858 3849
f 3872 3598 3585
f 3585 3856 3872
f 3873 3861 3863
f 3863 3874 3873
f 3863 3860 3874
f 3875 3865 3862
f 3862 3873 3875
f 3862 3861 3873
f 3876 3868 3866
f 3866 3875 3876
f 3866 3865 3875
f 3877 3870 3869
f 3869 3876 3877
f 3872 3856 3871
f 3871 3877 3872
f 3871 3870 3877
f 3869 3868 3876
f 3879 3878 3598
f 3880 3879 3598
f 3881 3880 3598
f 3979 3881 3598
f 3873 3874 3598
f 3875 3873 3598
f 3876 3875 3598
f 3877 3876 3598
f 3872 3877 3598
f 3615 3881 3882
f 3881 3979 3882
f 3881 3615 3626
f 3880 3626 3628
f 3879 3628 3630
f 3878 3630 3614
f 3614 3598 3878
f 3630 3878 3879
f 3628 3879 3880
f 3626 3880 3881
f 3883 3517 3514
f 3883 3516 3517
f 3883 3518 3516
f 3884 3519 3518
f 3518 3883 3884
f 3884 3883 3885
f 3886 3885 3887
f 3888 3887 3889
f 3890 3889 3891
f 3891 3892 3890
f 3889 3890 3888
f 3887 3888 3886
f 3885 3886 3884
f 3514 3508 3883
f 3898 3524 3527
f 3898 3527 3519
f 3894 3893 3898
f 3895 3894 3898
f 3896 3895 3898
f 3897 3896 3898
f 3892 3898 3890
f 3888 3890 3898
f 3886 3888 3898
f 3884 3886 3898
f 3519 3884 3898
f 3524 3898 3893
f 3893 3899 3500
f 3899 3903 3500
f 3899 3893 3894
f 3900 3894 3895
f 3901 3895 3896
f 3902 3896 3897
f 3897 3905 3902
f 3896 3902 3901
f 3895 3901 3900
f 3894 3900 3899
f 3500 3524 3893
f 3905 3903 3904
f 3905 3904 3902
f 3901 3902 3904
f 3900 3901 3904
f 3899 3900 3904
f 3904 3903 3899
f 3509 3903 3905
f 3905 3909 3509
f 3903 3509 3947
f 3906 3504 3509
f 3907 3906 3509
f 3908 3907 3509
f 3913 3908 3509
f 3909 3913 3509
f 3906 3910 3911
f 3911 3504 3906
f 3911 3507 3504
f 3910 3906 3907
f 3908 3912 3907
f 3907 3912 3910
f 3507 3911 3910
f 3912 3908 3913
f 3912 3507 3910
f 3501 3507 3912
f 3912 3913 3506
f 3883 3508 3510
f 3914 3510 3506
f 3885 3883 3914
f 3887 3885 3914
f 3889 3887 3914
f 3914 3891 3889
f 3506 3913 3914
f 3510 3914 3883
f 3892 3891 3916
f 3916 3915 3892
f 3891 3914 3916
f 3918 3923 3914
f 3919 3917 3916
f 3920 3919 3923
f 3922 3920 3923
f 3925 3922 3923
f 3926 3927 3923
f 3924 3926 3923
f 3921 3924 3923
f 3918 3921 3923
f 3916 3923 3919
f 3916 3914 3923
f 3926 3939 3928
f 3928 3927 3926
f 3928 3941 3927
f 3924 3929 3930
f 3930 3926 3924
f 3930 3939 3926
f 3921 3931 3932
f 3932 3924 3921
f 3918 3934 3933
f 3933 3921 3918
f 3914 3913 3934
f 3934 3918 3914
f 3933 3931 3921
f 3932 3929 3924
f 3934 3936 3935
f 3934 3932 3931
f 3929 3932 3934
f 3934 3937 3938
f 3939 3930 3929
f 3929 3938 3939
f 3941 3928 3939
f 3941 3939 3940
f 3938 3929 3934
f 3931 3933 3934
f 3913 3936 3934
f 3942 3941 3940
f 3940 3943 3942
f 3943 3939 3938
f 3944 3938 3937
f 3937 3945 3944
f 3945 3934 3935
f 3909 3946 3936
f 3946 3935 3936
f 3936 3913 3909
f 3935 3946 3945
f 3937 3934 3945
f 3938 3944 3943
f 3940 3939 3943
f 3945 3946 3909
f 3944 3945 3909
f 3943 3944 3909
f 3942 3943 3909
f 3905 3947 3909
f 3952 3905 3951
f 3952 3947 3905
f 3952 3954 3530
f 3953 3954 3952
f 3951 3953 3952
f 3950 3951 3905
f 3949 3950 3905
f 3948 3949 3905
f 3955 3948 3905
f 3905 3897 3955
f 3957 3809 3804
f 3530 3959 3529
f 3659 3662 3638
f 3638 3637 3659
f 3637 3625 3615
f 3615 3659 3637
f 3530 3960 3848
f 3958 3959 3833
f 3959 3530 3841
f 3841 3840 3959
f 3958 3832 3821
f 3821 3820 3958
f 3961 3529 3957
f 3958 3956 3528
f 3528 3956 3957
f 3958 3528 3529
f 3528 3957 3529
f 3959 3958 3529
f 3530 3529 3947
f 3788 3789 3947
f 3860 3962 3963
f 3963 3598 3874
f 3963 3874 3860
f 3860 3859 3962
f 3960 3962 3867
f 3859 3867 3962
f 3598 3963 3979
f 3690 3882 3964
f 3690 3964 3965
f 3729 3719 3700
f 3965 3966 3703
f 3700 3966 3729
f 3700 3703 3966
f 3777 3941 3942
f 3777 3927 3941
f 3742 3923 3927
f 3925 3741 3747
f 3925 3923 3742
f 3942 3789 3777
f 3927 3777 3742
f 3742 3741 3925
f 3729 3966 3925
f 3909 3947 3789
f 3942 3909 3789
f 3925 3747 3729
f 3703 3690 3965
f 3530 3962 3960
f 3529 3961 3947
f 3957 3804 3961
f 3956 3958 3820
f 3833 3832 3958
f 3848 3841 3530
f 3961 3788 3947
f 3947 3952 3530
f 3809 3957 3956
f 3954 3962 3530
f 3967 3963 3962
f 3962 3954 3967
f 3953 3968 3969
f 3969 3954 3953
f 3951 3970 3971
f 3971 3953 3951
f 3950 3972 3973
f 3973 3951 3950
f 3973 3970 3951
f 3949 3974 3975
f 3975 3950 3949
f 3975 3972 3950
f 3974 3949 3948
f 3948 3955 3974
f 3971 3968 3953
f 3969 3967 3954
f 3976 3975 3974
f 3972 3975 3976
f 3976 3973 3972
f 3970 3973 3976
f 3970 3976 3979
f 3968 3971 3970
f 3968 3970 3979
f 3967 3969 3968
f 3963 3968 3979
f 3882 3979 3981
f 3968 3963 3967
f 3980 3981 3979
f 3978 3980 3979
f 3977 3978 3979
f 3915 3977 3979
f 3974 3955 3976
f 3981 3964 3882
f 3922 3965 3964
f 3964 3981 3922
f 3922 3966 3965
f 3922 3925 3966
f 3922 3981 3980
f 3920 3980 3978
f 3919 3978 3977
f 3917 3977 3915
f 3915 3916 3917
f 3977 3917 3919
f 3978 3919 3920
f 3980 3920 3922
f 3898 3892 3979
f 3897 3898 3976
f 3976 3955 3897
f 3979 3976 3898
f 3915 3979 3892
f 3982 3983 3984
f 3985 3986 3987
f 3988 3989 3990
f 3988 3991 3992
f 3993 3982 3994
f 3982 3993 3983
f 3985 3995 3986
f 3990 3996 3988
f 3988 3997 3991
f 3988 3998 3999
f 3984 4000 3982
f 3985 3988 3995
f 3992 3989 3988
f 3988 3985 3998
f 3987 3993 3985
f 3999 3997 3988
f 3996 4001 3988
f 3994 3985 3993
f 4002 3990 3989
f 4003 3989 3992
f 4004 3992 3991
f 4005 3991 3997
f 4006 3997 3999
f 4007 3999 3998
f 4008 3998 3985
f 4009 3985 3994
f 4010 3994 3982
f 4011 3982 4000
f 4000 4012 4011
f 3982 4011 4010
f 3994 4010 4009
f 3985 4009 4008
f 3998 4008 4007
f 3999 4007 4006
f 3997 4006 4005
f 3991 4005 4004
f 3992 4004 4003
f 3989 4003 4002
f 4012 4000 3984
f 4013 3984 3983
f 4014 3983 3993
f 4015 3993 3987
f 4016 3987 3986
f 4017 3986 3995
f 4018 3995 3988
f 4019 3988 4001
f 4020 4001 3996
f 4021 3996 3990
f 3990 4002 4021
f 3996 4021 4020
f 4001 4020 4019
f 3988 4019 4018
f 3995 4018 4017
f 3986 4017 4016
f 3987 4016 4015
f 3993 4015 4014
f 3983 4014 4013
f 3984 4013 4012
f 4009 4004 4005
f 4011 4017 4018
f 4009 4006 4007
f 4009 4003 4004
f 4011 4016 4017
f 4015 4012 4013
f 4005 4006 4009
f 4009 4021 4002
f 4011 4015 4016
f 4015 4011 4012
f 4002 4003 4009
f 4009 4019 4020
f 4013 4014 4015
f 4019 4009 4010
f 4020 4021 4009
f 4010 4011 4019
f 4018 4019 4011
f 4007 4008 4009
f 4022 4023 4024
f 4025 4026 4027
f 4028 4029 4030
f 4028 4031 4032
f 4028 4022 4033
f 4022 4034 4023
f 4022 4028 4035
f 4025 4036 4026
f 4028 4037 4029
f 4028 4038 4039
f 4033 4031 4028
f 4035 4034 4022
f 4030 4025 4028
f 4028 4040 4038
f 4024 4041 4022
f 4039 4037 4028
f 4027 4028 4025
f 4032 4040 4028
f 4037 4039 4042
f 4029 4037 4042
f 4042 4030 4029
f 4042 4025 4030
f 4040 4032 4042
f 4038 4040 4042
f 4039 4038 4042
f 4042 4027 4026
f 4042 4026 4036
f 4042 4036 4025
f 4023 4034 4042
f 4024 4023 4042
f 4042 4041 4024
f 4042 4022 4041
f 4028 4027 4042
f 4035 4028 4042
f 4034 4035 4042
f 4042 4032 4031
f 4042 4031 4033
f 4042 4033 4022
f 4043 4044 4045
f 4046 4047 4048
f 4049 4050 4051
f 4049 4052 4053
f 4049 4043 4054
f 4043 4055 4044
f 4043 4049 4056
f 4046 4057 4047
f 4049 4058 4050
f 4049 4059 4060
f 4054 4052 4049
f 4056 4055 4043
f 4051 4046 4049
f 4049 4061 4059
f 4045 4062 4043
f 4060 4058 4049
f 4048 4049 4046
f 4053 4061 4049
f 4058 4060 4063
f 4050 4058 4063
f 4063 4051 4050
f 4063 4046 4051
f 4061 4053 4063
f 4059 4061 4063
f 4060 4059 4063
f 4063 4048 4047
f 4063 4047 4057
f 4063 4057 4046
f 4044 4055 4063
f 4045 4044 4063
f 4063 4062 4045
f 4063 4043 4062
f 4049 4048 4063
f 4056 4049 4063
f 4055 4056 4063
f 4063 4053 4052
f 4063 4052 4054
f 4063 4054 4043
f 4065 4066 4067
f 4068 4067 4069
f 4070 4069 4071
f 4072 4071 4073
f 4074 4073 4075
f 4075 4076 4074
f 4073 4074 4072
f 4071 4072 4070
f 4069 4070 4068
f 4067 4068 4065
f 4077 4078 4076
f 4076 4075 4077
f 4079 4080 4081
f 4082 4081 4083
f 4084 4083 4085
f 4086 4085 4087
f 4088 4087 4078
f 4078 4077 4088
f 4087 4088 4086
f 4085 4086 4084
f 4083 4084 4082
f 4081 4082 4079
f 4065 4072 4074
f 4072 4065 4068
f 4085 4083 4081
f 4080 4078 4087
f 4065 4076 4078
f 4068 4070 4072
f 4089 4090 4091
f 4089 4092 4093
f 4087 4085 4080
f 4074 4076 4065
f 4093 4090 4089
f 4078 4080 4065
f 4065 4080 4095
f 4091 4094 4089
f 4095 4096 4065
f 4094 4096 4089
f 4081 4080 4085
f 4095 4089 4096
f 4094 4091 4097
f 4094 4097 4098
f 4096 4094 4098
f 4099 4097 4091
f 4090 4100 4099
f 4091 4090 4099
f 4101 4100 4093
f 4102 4101 4092
f 4103 4102 4089
f 4089 4095 4103
f 4092 4089 4102
f 4093 4092 4101
f 4090 4093 4100
f 4104 4096 4098
f 4065 4096 4104
f 4104 4066 4065
f 4098 4114 4104
f 4073 4069 4067
f 4073 4071 4069
f 4088 4079 4082
f 4066 4075 4073
f 4066 4079 4077
f 4082 4084 4088
f 4077 4075 4066
f 4084 4086 4088
f 4105 4106 4107
f 4105 4110 4108
f 4105 4104 4110
f 4066 4104 4109
f 4088 4077 4079
f 4108 4106 4105
f 4067 4066 4073
f 4104 4105 4109
f 4107 4111 4105
f 4109 4079 4066
f 4109 4112 4103
f 4079 4109 4095
f 4095 4080 4079
f 4103 4095 4109
f 4100 4101 4102
f 4112 4113 4114
f 4115 4112 4116
f 4103 4099 4100
f 4098 4097 4103
f 4112 4117 4113
f 4116 4118 4115
f 4114 4098 4103
f 4097 4099 4103
f 4115 4117 4112
f 4102 4103 4100
f 4103 4112 4114
f 4112 4109 4105
f 4116 4105 4111
f 4118 4111 4107
f 4117 4106 4108
f 4108 4113 4117
f 4115 4107 4106
f 4114 4110 4104
f 4113 4108 4110
f 4114 4113 4110
f 4117 4115 4106
f 4107 4115 4118
f 4111 4118 4116
f 4105 4116 4112
f 4119 4120 4121
f 4122 4123 4124
f 4125 4126 4127
f 4125 4128 4129
f 4125 4119 4130
f 4119 4131 4120
f 4119 4125 4132
f 4122 4133 4123
f 4125 4134 4126
f 4125 4135 4136
f 4130 4128 4125
f 4132 4131 4119
f 4127 4122 4125
f 4125 4137 4135
f 4121 4138 4119
f 4136 4134 4125
f 4124 4125 4122
f 4129 4137 4125
f 4134 4136 4139
f 4126 4134 4139
f 4139 4127 4126
f 4139 4122 4127
f 4137 4129 4139
f 4135 4137 4139
f 4136 4135 4139
f 4139 4124 4123
f 4139 4123 4133
f 4139 4133 4122
f 4120 4131 4139
f 4121 4120 4139
f 4139 4138 4121
f 4139 4119 4138
f 4125 4124 4139
f 4132 4125 4139
f 4131 4132 4139
f 4139 4129 4128
f 4139 4128 4130
f 4139 4130 4119
f 4141 4142 4143
f 4144 4145 4146
f 4147 4148 4149
f 4147 4150 4151
f 4147 4141 4152
f 4141 4153 4142
f 4141 4147 4154
f 4144 4155 4145
f 4147 4156 4148
f 4147 4157 4158
f 4152 4150 4147
f 4154 4153 4141
f 4149 4144 4147
f 4147 4159 4157
f 4143 4160 4141
f 4158 4156 4147
f 4146 4147 4144
f 4151 4159 4147
f 4156 4158 4161
f 4148 4156 4161
f 4161 4149 4148
f 4161 4144 4149
f 4159 4151 4161
f 4157 4159 4161
f 4158 4157 4161
f 4161 4146 4145
f 4161 4145 4155
f 4161 4155 4144
f 4142 4153 4161
f 4143 4142 4161
f 4161 4160 4143
f 4161 4141 4160
f 4147 4146 4161
f 4154 4147 4161
f 4153 4154 4161
f 4161 4151 4150
f 4161 4150 4152
f 4161 4152 4141
f 4162 4164 4163
f 4163 4166 4165
f 4165 4166 4167
f 4165 4162 4163
f 4165 4167 4164
f 4164 4162 4165
f 4166 4163 4164
f 4164 4167 4166
f 4168 4169 4170
f 4171 4172 4173
f 4174 4175 4176
f 4174 4177 4178
f 4179 4168 4180
f 4168 4179 4169
f 4171 4181 4172
f 4176 4182 4174
f 4174 4183 4177
f 4174 4184 4185
f 4170 4186 4168
f 4171 4174 4181
f 4178 4175 4174
f 4174 4171 4184
f 4173 4179 4171
f 4185 4183 4174
f 4182 4187 4174
f 4180 4171 4179
f 4188 4176 4175
f 4189 4175 4178
f 4190 4178 4177
f 4191 4177 4183
f 4192 4183 4185
f 4193 4185 4184
f 4194 4184 4171
f 4195 4171 4180
f 4196 4180 4168
f 4197 4168 4186
f 4186 4198 4197
f 4168 4197 4196
f 4180 4196 4195
f 4171 4195 4194
f 4184 4194 4193
f 4185 4193 4192
f 4183 4192 4191
f 4177 4191 4190
f 4178 4190 4189
f 4175 4189 4188
f 4198 4186 4170
f 4199 4170 4169
f 4200 4169 4179
f 4201 4179 4173
f 4202 4173 4172
f 4203 4172 4181
f 4204 4181 4174
f 4205 4174 4187
f 4206 4187 4182
f 4207 4182 4176
f 4176 4188 4207
f 4182 4207 4206
f 4187 4206 4205
f 4174 4205 4204
f 4181 4204 4203
f 4172 4203 4202
f 4173 4202 4201
f 4179 4201 4200
f 4169 4200 4199
f 4170 4199 4198
f 4195 4190 4191
f 4197 4203 4204
f 4195 4192 4193
f 4195 4189 4190
f 4197 4202 4203
f 4201 4198 4199
f 4191 4192 4195
f 4195 4207 4188
f 4197 4201 4202
f 4201 4197 4198
f 4188 4189 4195
f 4195 4205 4206
f 4199 4200 4201
f 4205 4195 4196
f 4206 4207 4195
f 4196 4197 4205
f 4204 4205 4197
f 4193 4194 4195
f 4208 4336 4209
f 4208 4209 4210
f 4336 4223 4209
f 4212 4213 4215
f 4212 4215 4217
f 4209 4382 4218
f 4209 4218 4216
f 4217 4223 4212
f 4209 4216 4214
f 4212 4211 4213
f 4212 4223 4336
f 4209 4214 4210
f 4220 4382 4209
f 4382 4220 4383
f 4220 4219 4383
f 4209 4223 4220
f 4220 4222 4221
f 4225 4223 4217
f 4385 4222 4220
f 4220 4223 4385
f 4223 4224 4385
f 4224 4228 4227
f 4224 4227 4226
f 4224 4226 4385
f 4386 4228 4224
f 4210 4212 4336
f 4222 4382 4383
f 4213 4222 4385
f 4215 4227 4228
f 4226 4227 4215
f 4221 4219 4220
f 4210 4211 4212
f 4215 4213 4226
f 4213 4385 4226
f 4217 4229 4225
f 4383 4219 4222
f 4210 4213 4211
f 4222 4218 4382
f 4222 4213 4216
f 4213 4214 4216
f 4208 4210 4336
f 4217 4386 4229
f 4216 4218 4222
f 4210 4214 4213
f 4386 4217 4215
f 4228 4386 4215
f 4221 4222 4219
f 4223 4225 4229
f 4229 4386 4224
f 4224 4223 4229
f 4015 4018 4017
f 4005 4003 4002
f 4021 4007 4006
f 4021 4013 4012
f 4021 4015 4014
f 4015 4019 4018
f 4015 4021 4020
f 4005 4004 4003
f 4021 4008 4007
f 4021 4010 4009
f 4014 4013 4021
f 4020 4019 4015
f 4006 4005 4021
f 4021 4011 4010
f 4017 4016 4015
f 4009 4008 4021
f 4002 4021 4005
f 4012 4011 4021
f 4008 4009 4230
f 4007 4008 4230
f 4230 4006 4007
f 4230 4005 4006
f 4011 4012 4230
f 4010 4011 4230
f 4009 4010 4230
f 4230 4002 4003
f 4230 4003 4004
f 4230 4004 4005
f 4018 4019 4230
f 4017 4018 4230
f 4230 4016 4017
f 4230 4015 4016
f 4021 4002 4230
f 4020 4021 4230
f 4019 4020 4230
f 4230 4012 4013
f 4230 4013 4014
f 4230 4014 4015
f 3988 3987 3986
f 3985 3982 4000
f 3984 3999 3998
f 3984 3996 3990
f 3984 3988 4001
f 3988 3993 3987
f 3988 3984 3983
f 3985 3994 3982
f 3984 3997 3999
f 3984 3992 3991
f 4001 3996 3984
f 3983 3993 3988
f 3998 3985 3984
f 3984 3989 3992
f 3986 3995 3988
f 3991 3997 3984
f 4000 3984 3985
f 3990 3989 3984
f 3997 3991 4231
f 3999 3997 4231
f 4231 3998 3999
f 4231 3985 3998
f 3989 3990 4231
f 3992 3989 4231
f 3991 3992 4231
f 4231 4000 3982
f 4231 3982 3994
f 4231 3994 3985
f 3987 3993 4231
f 3986 3987 4231
f 4231 3995 3986
f 4231 3988 3995
f 3984 4000 4231
f 3983 3984 4231
f 3993 3983 4231
f 4231 3990 3996
f 4231 3996 4001
f 4231 4001 3988
f 4234 4235 4236
f 4236 4233 4234
f 4238 4235 4237
f 4235 4238 4236
f 4237 4239 4238
f 4236 4232 4233
f 4240 4232 4239
f 4236 4238 4232
f 4238 4239 4232
f 4233 4232 4235
f 4235 4234 4233
f 4232 4237 4235
f 4232 4240 4239
f 4232 4239 4237
f 4241 4242 4243
f 4244 4245 4246
f 4243 4247 4241
f 4241 4248 4249
f 4244 4250 4245
f 4244 4251 4252
f 4249 4242 4241
f 4252 4250 4244
f 4244 4253 4254
f 4255 4241 4256
f 4241 4255 4248
f 4244 4257 4251
f 4244 4258 4253
f 4247 4259 4241
f 4254 4257 4244
f 4258 4244 4255
f 4256 4258 4255
f 4246 4260 4244
f 4254 4253 4261
f 4257 4254 4262
f 4251 4257 4263
f 4252 4251 4264
f 4250 4252 4265
f 4245 4250 4266
f 4246 4245 4267
f 4260 4246 4268
f 4244 4260 4269
f 4255 4244 4270
f 4270 4271 4255
f 4269 4270 4244
f 4268 4269 4260
f 4267 4268 4246
f 4266 4267 4245
f 4265 4266 4250
f 4264 4265 4252
f 4263 4264 4251
f 4262 4263 4257
f 4261 4262 4254
f 4248 4255 4271
f 4249 4248 4272
f 4242 4249 4273
f 4243 4242 4274
f 4247 4243 4275
f 4259 4247 4276
f 4241 4259 4277
f 4256 4241 4278
f 4258 4256 4279
f 4253 4258 4280
f 4280 4261 4253
f 4279 4280 4258
f 4278 4279 4256
f 4277 4278 4241
f 4276 4277 4259
f 4275 4276 4247
f 4274 4275 4243
f 4273 4274 4242
f 4272 4273 4249
f 4271 4272 4248
f 4281 4282 4275
f 4282 4285 4279
f 4261 4280 4285
f 4280 4279 4285
f 4279 4278 4282
f 4278 4277 4282
f 4277 4276 4282
f 4276 4275 4282
f 4275 4274 4281
f 4274 4273 4281
f 4273 4272 4281
f 4272 4271 4281
f 4285 4283 4263
f 4283 4284 4267
f 4284 4281 4271
f 4271 4270 4284
f 4270 4269 4284
f 4269 4268 4284
f 4268 4267 4284
f 4267 4266 4283
f 4266 4265 4283
f 4265 4264 4283
f 4264 4263 4283
f 4263 4262 4285
f 4262 4261 4285
f 4282 4281 4285
f 4286 4284 4283
f 4286 4283 4285
f 4286 4285 4281
f 4286 4281 4284
f 4047 4056 4049
f 4046 4045 4044
f 4043 4061 4053
f 4043 4060 4059
f 4055 4047 4057
f 4047 4055 4056
f 4046 4062 4045
f 4053 4052 4043
f 4043 4058 4060
f 4043 4051 4050
f 4049 4048 4047
f 4046 4043 4062
f 4059 4061 4043
f 4043 4046 4051
f 4044 4055 4046
f 4050 4058 4043
f 4052 4054 4043
f 4057 4046 4055
f 4027 4053 4061
f 4026 4061 4059
f 4036 4059 4060
f 4025 4060 4058
f 4030 4058 4050
f 4029 4050 4051
f 4037 4051 4046
f 4039 4046 4057
f 4038 4057 4047
f 4040 4047 4048
f 4048 4032 4040
f 4047 4040 4038
f 4057 4038 4039
f 4046 4039 4037
f 4051 4037 4029
f 4050 4029 4030
f 4058 4030 4025
f 4060 4025 4036
f 4059 4036 4026
f 4061 4026 4027
f 4032 4048 4049
f 4031 4049 4056
f 4033 4056 4055
f 4022 4055 4044
f 4041 4044 4045
f 4024 4045 4062
f 4023 4062 4043
f 4034 4043 4054
f 4035 4054 4052
f 4028 4052 4053
f 4053 4027 4028
f 4052 4028 4035
f 4054 4035 4034
f 4043 4034 4023
f 4062 4023 4024
f 4045 4024 4041
f 4044 4041 4022
f 4055 4022 4033
f 4056 4033 4031
f 4049 4031 4032
f 4039 4036 4025
f 4040 4024 4023
f 4039 4030 4029
f 4039 4026 4036
f 4040 4041 4024
f 4022 4032 4031
f 4025 4030 4039
f 4039 4028 4027
f 4040 4022 4041
f 4022 4040 4032
f 4027 4026 4039
f 4039 4034 4035
f 4031 4033 4022
f 4034 4039 4038
f 4035 4028 4039
f 4038 4040 4034
f 4023 4034 4040
f 4029 4037 4039
f 4287 4288 4289
f 4287 4290 4288
f 4287 4291 4292
f 4292 4290 4287
f 4293 4294 4295
f 4293 4296 4297
f 4293 4298 4299
f 4287 4300 4291
f 4297 4294 4293
f 4293 4301 4298
f 4293 4302 4303
f 4287 4304 4300
f 4287 4305 4306
f 4299 4296 4293
f 4293 4287 4302
f 4306 4304 4287
f 4303 4301 4293
f 4287 4293 4305
f 4289 4307 4287
f 4295 4308 4293
f 4304 4306 4309
f 4306 4310 4309
f 4310 4306 4305
f 4311 4305 4293
f 4312 4293 4308
f 4313 4308 4295
f 4314 4295 4294
f 4315 4291 4300
f 4316 4292 4291
f 4317 4290 4292
f 4318 4288 4290
f 4300 4304 4319
f 4320 4332 4319
f 4319 4304 4320
f 4332 4320 4381
f 4319 4321 4300
f 4332 4381 4336
f 4290 4317 4318
f 4292 4316 4317
f 4291 4315 4316
f 4300 4321 4315
f 4294 4322 4314
f 4295 4314 4313
f 4308 4313 4312
f 4293 4312 4311
f 4305 4311 4310
f 4309 4320 4304
f 4332 4323 4319
f 4318 4317 4323
f 4324 4318 4332
f 4323 4332 4318
f 4324 4332 4325
f 4323 4315 4321
f 4323 4316 4315
f 4325 4326 4324
f 4317 4316 4323
f 4325 4327 4328
f 4328 4326 4325
f 4325 4329 4327
f 4325 4330 4331
f 4331 4329 4325
f 4321 4319 4323
f 4332 4330 4325
f 4322 4294 4297
f 4333 4297 4296
f 4334 4296 4299
f 4335 4299 4298
f 4324 4289 4288
f 4326 4307 4289
f 4328 4287 4307
f 4327 4302 4287
f 4329 4303 4302
f 4331 4301 4303
f 4336 4337 4332
f 4337 4298 4330
f 4330 4332 4337
f 4301 4331 4330
f 4330 4298 4301
f 4303 4329 4331
f 4302 4327 4329
f 4287 4328 4327
f 4307 4326 4328
f 4289 4324 4326
f 4288 4318 4324
f 4298 4337 4335
f 4299 4335 4334
f 4296 4334 4333
f 4297 4333 4322
f 4312 4335 4337
f 4312 4322 4333
f 4312 4313 4314
f 4312 4334 4335
f 4314 4322 4312
f 4333 4334 4312
f 4336 4310 4311
f 4311 4312 4336
f 4336 4309 4310
f 4337 4336 4312
f 4381 4320 4309
f 4309 4208 4381
f 4381 4520 4336
f 4212 4339 4211
f 4344 4338 4336
f 4338 4212 4336
f 4520 4344 4336
f 4211 4339 4340
f 4339 4343 4342
f 4339 4342 4341
f 4339 4341 4340
f 4212 4338 4339
f 4347 4345 4344
f 4348 4349 4346
f 4346 4350 4351
f 4346 4352 4338
f 4344 4346 4338
f 4351 4352 4346
f 4349 4350 4346
f 4346 4345 4348
f 4347 4348 4345
f 4345 4346 4344
f 4347 4344 4353
f 4353 4354 4347
f 4348 4354 4355
f 4355 4349 4348
f 4355 4365 4349
f 4365 4356 4349
f 4356 4357 4350
f 4351 4350 4357
f 4357 4358 4351
f 4338 4352 4371
f 4352 4358 4371
f 4371 4467 4338
f 4352 4351 4358
f 4350 4349 4356
f 4348 4347 4354
f 4353 4344 4359
f 4344 4520 4359
f 4353 4360 4361
f 4361 4362 4353
f 4363 4364 4365
f 4365 4364 4366
f 4371 4367 4368
f 4367 4366 4368
f 4371 4369 4370
f 4367 4371 4358
f 4367 4357 4356
f 4356 4365 4367
f 4362 4365 4355
f 4355 4354 4362
f 4354 4353 4362
f 4358 4357 4367
f 4368 4369 4371
f 4366 4367 4365
f 4365 4362 4363
f 4361 4363 4362
f 4359 4360 4353
f 4366 4364 4372
f 4364 4376 4372
f 4368 4366 4373
f 4373 4374 4368
f 4364 4363 4375
f 4375 4376 4364
f 4377 4375 4363
f 4363 4361 4377
f 4378 4379 4360
f 4361 4360 4379
f 4379 4377 4361
f 4370 4369 4380
f 4374 4380 4369
f 4369 4368 4374
f 4387 4359 4520
f 4387 4378 4359
f 4380 4390 4370
f 4360 4359 4378
f 4372 4373 4366
f 4210 4216 4381
f 4381 4208 4210
f 4216 4210 4214
f 4381 4216 4218
f 4381 4218 4382
f 4382 4383 4381
f 4383 4219 4384
f 4381 4383 4384
f 4221 4222 4381
f 4381 4384 4221
f 4385 4381 4222
f 4229 4520 4381
f 4229 4381 4385
f 4386 4229 4385
f 4386 4385 4226
f 4386 4226 4227
f 4227 4228 4386
f 4394 4387 4520
f 4394 4520 4229
f 4388 4394 4229
f 4394 4391 4392
f 4393 4391 4394
f 4393 4396 4391
f 4393 4397 4396
f 4399 4400 4391
f 4391 4401 4399
f 4389 4402 4403
f 4403 4390 4389
f 4390 4380 4374
f 4374 4392 4390
f 4392 4372 4376
f 4392 4375 4377
f 4378 4387 4392
f 4392 4379 4378
f 4377 4379 4392
f 4376 4375 4392
f 4373 4372 4392
f 4374 4373 4392
f 4403 4404 4390
f 4400 4389 4391
f 4398 4401 4391
f 4392 4387 4394
f 4389 4392 4391
f 4390 4392 4389
f 4405 4390 4404
f 4404 4406 4405
f 4404 4403 4406
f 4406 4403 4402
f 4407 4389 4400
f 4407 4402 4389
f 4400 4408 4407
f 4409 4399 4401
f 4409 4400 4399
f 4401 4410 4409
f 4401 4398 4410
f 4398 4411 4412
f 4411 4391 4396
f 4411 4398 4391
f 4396 4413 4411
f 4412 4410 4398
f 4414 4393 4394
f 4413 4396 4397
f 4397 4414 4449
f 4397 4449 4413
f 4397 4393 4414
f 4414 4394 4395
f 4409 4408 4400
f 4402 4407 4406
f 4395 4394 4388
f 4388 4415 4395
f 4419 4418 4469
f 4418 4420 4421
f 4416 4417 4423
f 4417 4422 4423
f 4416 4425 4426
f 4416 4424 4425
f 4426 4388 4416
f 4422 4417 4421
f 4419 4420 4418
f 4421 4417 4469
f 4418 4421 4469
f 4416 4388 4417
f 4427 4428 4430
f 4406 4432 4431
f 4431 4405 4406
f 4433 4427 4429
f 4434 4435 4433
f 4434 4429 4430
f 4445 4430 4458
f 4408 4436 4432
f 4432 4407 4408
f 4437 4435 4434
f 4438 4434 4445
f 4410 4439 4436
f 4436 4409 4410
f 4441 4438 4445
f 4442 4439 4412
f 4444 4441 4445
f 4413 4449 4442
f 4442 4411 4413
f 4444 4446 4447
f 4414 4395 4449
f 4442 4449 4448
f 4441 4444 4443
f 4412 4411 4442
f 4439 4442 4448
f 4438 4441 4440
f 4410 4412 4439
f 4436 4439 4448
f 4434 4438 4437
f 4408 4409 4436
f 4432 4436 4448
f 4430 4445 4434
f 4429 4434 4433
f 4406 4407 4432
f 4431 4432 4448
f 4430 4429 4427
f 4447 4446 4450
f 4443 4444 4451
f 4451 4452 4443
f 4440 4441 4452
f 4452 4453 4440
f 4437 4438 4453
f 4453 4454 4437
f 4433 4435 4454
f 4454 4455 4433
f 4428 4427 4455
f 4455 4456 4428
f 4427 4433 4455
f 4435 4437 4454
f 4438 4440 4453
f 4441 4443 4452
f 4444 4447 4451
f 4450 4451 4447
f 4446 4444 4457
f 4444 4445 4457
f 4458 4457 4445
f 4476 4458 4448
f 4449 4395 4415
f 4473 4476 4449
f 4415 4473 4449
f 4448 4449 4476
f 4457 4459 4446
f 4415 4388 4426
f 4426 4460 4415
f 4426 4425 4460
f 4461 4424 4416
f 4416 4423 4461
f 4460 4425 4424
f 4424 4461 4473
f 4424 4473 4460
f 4462 4422 4421
f 4423 4463 4464
f 4463 4423 4422
f 4422 4462 4463
f 4464 4461 4423
f 4465 4420 4419
f 4419 4466 4465
f 4421 4420 4462
f 4466 4419 4469
f 4465 4462 4420
f 4229 4467 4469
f 4229 4225 4468
f 4470 4471 4472
f 4472 4471 4481
f 4475 4472 4481
f 4478 4475 4479
f 4479 4480 4478
f 4479 4475 4481
f 4485 4476 4477
f 4477 4463 4462
f 4462 4466 4477
f 4462 4465 4466
f 4482 4479 4483
f 4483 4484 4482
f 4483 4479 4481
f 4466 4469 4485
f 4486 4483 4485
f 4485 4469 4467
f 4457 4471 4487
f 4471 4488 4487
f 4481 4471 4457
f 4485 4481 4458
f 4458 4476 4485
f 4473 4415 4460
f 4457 4458 4481
f 4487 4459 4457
f 4486 4484 4483
f 4481 4485 4483
f 4482 4480 4479
f 4477 4466 4485
f 4478 4474 4475
f 4464 4463 4477
f 4464 4477 4476
f 4472 4475 4474
f 4464 4473 4461
f 4473 4464 4476
f 4470 4488 4471
f 4486 4485 4468
f 4482 4489 4490
f 4490 4491 4482
f 4484 4486 4492
f 4489 4482 4484
f 4492 4489 4484
f 4478 4493 4494
f 4480 4482 4491
f 4493 4478 4480
f 4491 4493 4480
f 4495 4472 4474
f 4470 4472 4495
f 4495 4500 4470
f 4500 4496 4470
f 4474 4478 4495
f 4488 4470 4496
f 4497 4487 4488
f 4496 4497 4488
f 4497 4498 4487
f 4459 4487 4499
f 4499 4506 4459
f 4498 4499 4487
f 4494 4495 4478
f 4468 4492 4486
f 4506 4499 4498
f 4498 4497 4500
f 4497 4496 4500
f 4500 4495 4490
f 4493 4491 4490
f 4490 4489 4468
f 4489 4492 4468
f 4494 4493 4490
f 4495 4494 4490
f 4506 4500 4225
f 4506 4498 4500
f 4500 4490 4468
f 4500 4468 4225
f 4469 4417 4229
f 4388 4229 4417
f 4450 4446 4501
f 4446 4459 4506
f 4506 4501 4446
f 4501 4502 4450
f 4503 4506 4225
f 4225 4504 4503
f 4504 4505 4503
f 4503 4502 4501
f 4505 4502 4503
f 4503 4501 4506
f 4450 4453 4452
f 4450 4454 4453
f 4450 4455 4454
f 4450 4456 4455
f 4452 4451 4450
f 4502 4343 4456
f 4450 4502 4456
f 4342 4504 4225
f 4502 4505 4343
f 4504 4342 4343
f 4505 4504 4343
f 4211 4210 4309
f 4219 4227 4226
f 4383 4382 4227
f 4309 4336 4211
f 4309 4210 4208
f 4221 4226 4385
f 4226 4384 4219
f 4218 4228 4227
f 4229 4342 4225
f 4226 4221 4384
f 4341 4342 4507
f 4211 4214 4210
f 4228 4218 4216
f 4222 4221 4385
f 4227 4382 4218
f 4227 4219 4383
f 4507 4386 4341
f 4212 4211 4336
f 4216 4341 4228
f 4229 4507 4342
f 4211 4340 4214
f 4386 4228 4341
f 4216 4214 4341
f 4340 4341 4214
f 4458 4430 4338
f 4338 4428 4456
f 4338 4343 4339
f 4467 4390 4405
f 4467 4405 4431
f 4467 4371 4370
f 4467 4448 4458
f 4430 4428 4338
f 4456 4343 4338
f 4467 4431 4448
f 4370 4390 4467
f 4468 4485 4229
f 4467 4229 4338
f 4229 4485 4338
f 4458 4338 4485
f 4467 4458 4485
f 4386 4508 4229
f 4507 4508 4386
f 4509 4510 4511
f 4509 4512 4510
f 4512 4509 4513
f 4509 4514 4515
f 4513 4516 4512
f 4511 4514 4509
f 4517 4518 4519
f 4519 4509 4517
f 4515 4517 4509
f 4507 4229 4518
f 4517 4507 4518
f 4521 4512 4516
f 4522 4516 4513
f 4523 4513 4509
f 4524 4509 4519
f 4525 4526 4527
f 4528 4527 4529
f 4530 4529 4531
f 4532 4531 4533
f 4534 4533 4535
f 4536 4535 4537
f 4552 4540 4229
f 4540 4518 4229
f 4525 4538 4539
f 4519 4540 4539
f 4539 4538 4519
f 4540 4519 4518
f 4539 4526 4525
f 4537 4541 4536
f 4535 4536 4534
f 4533 4534 4532
f 4531 4532 4530
f 4529 4530 4528
f 4527 4528 4525
f 4519 4538 4524
f 4509 4524 4523
f 4513 4523 4522
f 4516 4522 4521
f 4523 4542 4543
f 4544 4536 4541
f 4544 4532 4534
f 4544 4528 4530
f 4545 4521 4522
f 4545 4546 4547
f 4523 4548 4542
f 4534 4536 4544
f 4544 4525 4528
f 4544 4523 4524
f 4547 4521 4545
f 4523 4549 4548
f 4530 4532 4544
f 4524 4538 4544
f 4523 4550 4545
f 4523 4544 4549
f 4538 4525 4544
f 4543 4550 4523
f 4522 4523 4545
f 4541 4551 4544
f 4543 4542 4507
f 4542 4508 4507
f 4543 4517 4515
f 4550 4515 4514
f 4545 4514 4511
f 4546 4511 4510
f 4547 4510 4512
f 4541 4537 4553
f 4551 4553 4554
f 4544 4554 4555
f 4549 4555 4556
f 4229 4508 4552
f 4508 4542 4557
f 4548 4556 4557
f 4557 4542 4548
f 4557 4552 4508
f 4556 4548 4549
f 4555 4549 4544
f 4554 4544 4551
f 4553 4551 4541
f 4512 4521 4547
f 4510 4547 4546
f 4511 4546 4545
f 4514 4545 4550
f 4515 4550 4543
f 4507 4517 4543
f 4535 4533 4558
f 4558 4552 4535
f 4537 4552 4559
f 4558 4527 4526
f 4552 4537 4535
f 4558 4529 4527
f 4558 4533 4531
f 4559 4553 4537
f 4531 4529 4558
f 4559 4554 4553
f 4559 4557 4556
f 4556 4555 4559
f 4555 4554 4559
f 4526 4539 4558
f 4552 4558 4539
f 4539 4540 4552
f 4557 4559 4552
f 4560 4563 4561
f 4561 4561 4560
f 4561 4562 4560
f 4562 4563 4560
f 4564 4565 4563
f 4564 4565 4565
f 4562 4565 4564
f 4562 4564 4563
f 4566 4567 4565
f 4565 4565 4566
f 4565 4562 4566
f 4566 4562 4567
f 4567 4563 4565
f 4562 4568 4567
f 4562 4561 4568
f 4568 4561 4561
f 4561 4567 4568
f 4561 4563 4567
f 4571 4572 4573
f 4572 4570 4569
f 4574 4573 4569
f 4573 4572 4569
f 4572 4571 4574
f 4574 4571 4573
f 4570 4572 4574
f 4570 4574 4569
f 4575 4580 4576
f 4575 4576 4578
f 4575 4578 4580
f 4578 4579 4581
f 4576 4579 4578
f 4577 4578 4581
f 4577 4580 4575
f 4578 4580 4581
f 4579 4577 4581
f 4579 4576 4577
f 4578 4575 4580
f 4580 4578 4581
f 4580 4577 4576
f 4575 4578 4577
f 4123 4132 4125
f 4122 4121 4120
f 4119 4137 4129
f 4119 4136 4135
f 4131 4123 4133
f 4123 4131 4132
f 4122 4138 4121
f 4129 4128 4119
f 4119 4134 4136
f 4119 4127 4126
f 4125 4124 4123
f 4122 4119 4138
f 4135 4137 4119
f 4119 4122 4127
f 4120 4131 4122
f 4126 4134 4119
f 4128 4130 4119
f 4133 4122 4131
f 4146 4129 4137
f 4145 4137 4135
f 4155 4135 4136
f 4144 4136 4134
f 4149 4134 4126
f 4148 4126 4127
f 4156 4127 4122
f 4158 4122 4133
f 4157 4133 4123
f 4159 4123 4124
f 4124 4151 4159
f 4123 4159 4157
f 4133 4157 4158
f 4122 4158 4156
f 4127 4156 4148
f 4126 4148 4149
f 4134 4149 4144
f 4136 4144 4155
f 4135 4155 4145
f 4137 4145 4146
f 4151 4124 4125
f 4150 4125 4132
f 4152 4132 4131
f 4141 4131 4120
f 4160 4120 4121
f 4143 4121 4138
f 4142 4138 4119
f 4153 4119 4130
f 4154 4130 4128
f 4147 4128 4129
f 4129 4146 4147
f 4128 4147 4154
f 4130 4154 4153
f 4119 4153 4142
f 4138 4142 4143
f 4121 4143 4160
f 4120 4160 4141
f 4131 4141 4152
f 4132 4152 4150
f 4125 4150 4151
f 4158 4155 4144
f 4159 4143 4142
f 4158 4149 4148
f 4158 4145 4155
f 4159 4160 4143
f 4141 4151 4150
f 4144 4149 4158
f 4158 4147 4146
f 4159 4141 4160
f 4141 4159 4151
f 4146 4145 4158
f 4158 4153 4154
f 4150 4152 4141
f 4153 4158 4157
f 4154 4147 4158
f 4157 4159 4153
f 4142 4153 4159
f 4148 4156 4158
f 4201 4204 4203
f 4191 4189 4188
f 4207 4193 4192
f 4207 4199 4198
f 4207 4201 4200
f 4201 4205 4204
f 4201 4207 4206
f 4191 4190 4189
f 4207 4194 4193
f 4207 4196 4195
f 4200 4199 4207
f 4206 4205 4201
f 4192 4191 4207
f 4207 4197 4196
f 4203 4202 4201
f 4195 4194 4207
f 4188 4207 4191
f 4198 4197 4207
f 4194 4195 4582
f 4193 4194 4582
f 4582 4192 4193
f 4582 4191 4192
f 4197 4198 4582
f 4196 4197 4582
f 4195 4196 4582
f 4582 4188 4189
f 4582 4189 4190
f 4582 4190 4191
f 4204 4205 4582
f 4203 4204 4582
f 4582 4202 4203
f 4582 4201 4202
f 4207 4188 4582
f 4206 4207 4582
f 4205 4206 4582
f 4582 4198 4199
f 4582 4199 4200
f 4582 4200 4201
f 4174 4173 4172
f 4171 4168 4186
f 4170 4185 4184
f 4170 4182 4176
f 4170 4174 4187
f 4174 4179 4173
f 4174 4170 4169
f 4171 4180 4168
f 4170 4183 4185
f 4170 4178 4177
f 4187 4182 4170
f 4169 4179 4174
f 4184 4171 4170
f 4170 4175 4178
f 4172 4181 4174
f 4177 4183 4170
f 4186 4170 4171
f 4176 4175 4170
f 4183 4177 4583
f 4185 4183 4583
f 4583 4184 4185
f 4583 4171 4184
f 4175 4176 4583
f 4178 4175 4583
f 4177 4178 4583
f 4583 4186 4168
f 4583 4168 4180
f 4583 4180 4171
f 4173 4179 4583
f 4172 4173 4583
f 4583 4181 4172
f 4583 4174 4181
f 4170 4186 4583
f 4169 4170 4583
f 4179 4169 4583
f 4583 4176 4182
f 4583 4182 4187
f 4583 4187 4174
f 4585 4586 4587
f 4588 4589 4590
f 4585 4591 4592
f 4587 4593 4585
f 4588 4594 4595
f 4590 4596 4588
f 4586 4585 4597
f 4593 4591 4585
f 4589 4588 4598
f 4596 4594 4588
f 4592 4599 4585
f 4600 4601 4602
f 4595 4603 4588
f 4601 4600 4604
f 4602 4586 4600
f 4604 4589 4601
f 4598 4601 4589
f 4597 4600 4586
f 4605 4606 4594
f 4607 4605 4596
f 4608 4607 4590
f 4609 4608 4589
f 4610 4609 4604
f 4611 4610 4600
f 4612 4611 4597
f 4613 4612 4585
f 4614 4613 4599
f 4615 4614 4592
f 4592 4591 4615
f 4599 4592 4614
f 4585 4599 4613
f 4597 4585 4612
f 4600 4597 4611
f 4604 4600 4610
f 4589 4604 4609
f 4590 4589 4608
f 4596 4590 4607
f 4594 4596 4605
f 4616 4615 4591
f 4617 4616 4593
f 4618 4617 4587
f 4619 4618 4586
f 4620 4619 4602
f 4621 4620 4601
f 4622 4621 4598
f 4623 4622 4588
f 4624 4623 4603
f 4606 4624 4595
f 4595 4594 4606
f 4603 4595 4624
f 4588 4603 4623
f 4598 4588 4622
f 4601 4598 4621
f 4602 4601 4620
f 4586 4602 4619
f 4587 4586 4618
f 4593 4587 4617
f 4591 4593 4616
f 4627 4628 4629
f 4628 4630 4629
f 4625 4631 4632
f 4629 4633 4627
f 4632 4626 4625
f 4627 4634 4635
f 4628 4636 4630
f 4632 4637 4626
f 4633 4634 4627
f 4628 4638 4639
f 4626 4640 4641
f 4625 4642 4631
f 4639 4636 4628
f 4626 4643 4644
f 4637 4640 4626
f 4625 4645 4646
f 4635 4647 4627
f 4644 4628 4626
f 4646 4642 4625
f 4625 4627 4648
f 4644 4638 4628
f 4648 4645 4625
f 4641 4643 4626
f 4649 4650 4651
f 4650 4652 4651
f 4627 4653 4654
f 4651 4655 4649
f 4654 4628 4627
f 4649 4656 4657
f 4650 4658 4652
f 4654 4659 4628
f 4655 4656 4649
f 4650 4660 4661
f 4628 4662 4663
f 4627 4664 4653
f 4661 4658 4650
f 4650 4628 4665
f 4659 4662 4628
f 4627 4666 4667
f 4657 4668 4649
f 4665 4669 4650
f 4667 4664 4627
f 4649 4670 4666
f 4669 4660 4650
f 4666 4627 4649
f 4663 4665 4628
f 4672 4673 4674
f 4673 4675 4674
f 4649 4676 4677
f 4674 4678 4672
f 4677 4671 4649
f 4672 4679 4680
f 4673 4681 4675
f 4677 4682 4671
f 4678 4679 4672
f 4673 4683 4684
f 4671 4685 4686
f 4649 4687 4676
f 4684 4681 4673
f 4671 4688 4689
f 4682 4685 4671
f 4649 4690 4691
f 4680 4692 4672
f 4689 4673 4671
f 4691 4687 4649
f 4649 4672 4693
f 4689 4683 4673
f 4693 4690 4649
f 4686 4688 4671
f 4695 4696 4697
f 4698 4699 4700
f 4700 4626 4698
f 4697 4696 4701
f 4700 4702 4626
f 4696 4703 4701
f 4626 4704 4705
f 4698 4706 4699
f 4701 4707 4697
f 4702 4704 4626
f 4698 4708 4709
f 4697 4710 4711
f 4696 4712 4703
f 4626 4713 4714
f 4709 4706 4698
f 4698 4697 4715
f 4707 4710 4697
f 4696 4716 4717
f 4705 4713 4626
f 4697 4718 4715
f 4717 4712 4696
f 4715 4708 4698
f 4696 4714 4716
f 4711 4718 4697
f 4626 4628 4719
f 4720 4721 4722
f 4722 4650 4720
f 4719 4628 4723
f 4722 4724 4650
f 4628 4725 4723
f 4650 4726 4727
f 4720 4728 4721
f 4723 4729 4719
f 4724 4726 4650
f 4720 4730 4731
f 4719 4732 4733
f 4628 4734 4725
f 4628 4650 4735
f 4731 4728 4720
f 4719 4736 4730
f 4729 4732 4719
f 4628 4737 4738
f 4727 4735 4650
f 4719 4739 4736
f 4738 4734 4628
f 4730 4720 4719
f 4628 4740 4737
f 4733 4739 4719
f 4741 4742 4743
f 4743 4671 4741
f 4720 4650 4744
f 4743 4745 4671
f 4650 4746 4744
f 4671 4747 4748
f 4741 4749 4742
f 4744 4750 4720
f 4745 4747 4671
f 4741 4751 4752
f 4720 4753 4754
f 4650 4755 4746
f 4671 4756 4757
f 4752 4749 4741
f 4741 4720 4758
f 4750 4753 4720
f 4650 4759 4760
f 4748 4756 4671
f 4720 4761 4758
f 4760 4755 4650
f 4758 4751 4741
f 4650 4757 4759
f 4754 4761 4720
f 4671 4673 4762
f 4763 4764 4765
f 4765 4694 4763
f 4762 4673 4766
f 4765 4767 4694
f 4673 4768 4766
f 4694 4769 4770
f 4763 4771 4764
f 4766 4772 4762
f 4767 4769 4694
f 4763 4773 4774
f 4762 4775 4776
f 4673 4777 4768
f 4694 4778 4779
f 4774 4771 4763
f 4763 4762 4780
f 4772 4775 4762
f 4673 4781 4782
f 4770 4778 4694
f 4762 4783 4780
f 4782 4777 4673
f 4780 4773 4763
f 4673 4779 4781
f 4776 4783 4762
f 4694 4784 4785
f 4697 4807 4786
f 4807 4787 4786
f 4788 4789 4790
f 4786 4791 4697
f 4790 4917 4788
f 4697 4792 4793
f 4807 4794 4787
f 4790 4795 4917
f 4791 4792 4697
f 4807 4796 4797
f 4917 4798 4799
f 4788 4800 4789
f 4797 4794 4807
f 4807 4917 4801
f 4795 4798 4917
f 4788 4802 4803
f 4793 4804 4697
f 4801 4805 4807
f 4803 4800 4788
f 4697 4806 4802
f 4805 4796 4807
f 4802 4788 4697
f 4799 4801 4917
f 4697 4698 4807
f 4719 4808 4809
f 4808 4810 4809
f 4698 4811 4812
f 4809 4813 4719
f 4812 4807 4698
f 4719 4814 4815
f 4808 4816 4810
f 4812 4817 4807
f 4813 4814 4719
f 4808 4818 4819
f 4807 4820 4821
f 4698 4822 4811
f 4819 4816 4808
f 4807 4823 4824
f 4817 4820 4807
f 4698 4825 4826
f 4815 4827 4719
f 4824 4808 4807
f 4826 4822 4698
f 4698 4719 4828
f 4824 4818 4808
f 4828 4825 4698
f 4821 4823 4807
f 4720 4829 4830
f 4829 4831 4830
f 4719 4832 4833
f 4830 4834 4720
f 4833 4808 4719
f 4720 4835 4836
f 4829 4837 4831
f 4833 4838 4808
f 4834 4835 4720
f 4829 4839 4840
f 4808 4841 4842
f 4719 4843 4832
f 4840 4837 4829
f 4829 4808 4844
f 4838 4841 4808
f 4719 4845 4846
f 4836 4847 4720
f 4844 4848 4829
f 4846 4843 4719
f 4720 4849 4845
f 4848 4839 4829
f 4845 4719 4720
f 4842 4844 4808
f 4720 4741 4850
f 4762 4851 4852
f 4851 4853 4852
f 4741 4854 4855
f 4852 4856 4762
f 4855 4850 4741
f 4762 4857 4858
f 4851 4859 4853
f 4855 4860 4850
f 4856 4857 4762
f 4851 4861 4862
f 4850 4863 4864
f 4741 4865 4854
f 4862 4859 4851
f 4850 4866 4867
f 4860 4863 4850
f 4741 4868 4869
f 4858 4870 4762
f 4867 4851 4850
f 4869 4865 4741
f 4741 4762 4871
f 4867 4861 4851
f 4871 4868 4741
f 4864 4866 4850
f 4762 4763 4851
f 4785 4872 4873
f 4872 4874 4873
f 4763 4875 4876
f 4873 4877 4785
f 4876 4851 4763
f 4785 4878 4879
f 4872 4880 4874
f 4876 4881 4851
f 4877 4878 4785
f 4872 4882 4883
f 4851 4884 4885
f 4763 4886 4875
f 4883 4880 4872
f 4851 4887 4888
f 4881 4884 4851
f 4763 4889 4890
f 4879 4891 4785
f 4888 4872 4851
f 4890 4886 4763
f 4763 4785 4892
f 4888 4882 4872
f 4892 4889 4763
f 4885 4887 4851
f 4807 4808 4850
f 4808 4829 4850
f 4940 4784 4893
f 4784 4894 4893
f 4672 4895 4896
f 4893 4897 4940
f 4896 4694 4672
f 4940 4898 4899
f 4784 4900 4894
f 4896 4901 4694
f 4897 4898 4940
f 4784 4902 4903
f 4694 4904 4905
f 4672 4906 4895
f 4907 4908 4909
f 4903 4900 4784
f 4694 4910 4911
f 4901 4904 4694
f 4672 4912 4913
f 4899 4907 4940
f 4911 4784 4694
f 4913 4906 4672
f 4672 4909 4908
f 4911 4902 4784
f 4908 4912 4672
f 4905 4910 4694
f 4914 4915 4615
f 4915 4614 4615
f 4785 4784 4606
f 4615 4616 4914
f 4613 4614 4915
f 4784 4624 4606
f 4914 4617 4618
f 4606 4605 4785
f 4616 4617 4914
f 4915 4611 4612
f 4785 4607 4608
f 4784 4623 4624
f 4784 4914 4619
f 4612 4613 4915
f 4785 4610 4611
f 4605 4607 4785
f 4784 4621 4622
f 4618 4619 4914
f 4785 4609 4610
f 4622 4623 4784
f 4611 4915 4785
f 4784 4620 4621
f 4608 4609 4785
f 4785 4915 5222
f 4851 4872 4916
f 4917 4941 4788
f 4695 4788 4941
f 4625 4696 4918
f 4696 4919 4918
f 4920 4921 4922
f 4918 4923 4625
f 4922 4695 4920
f 4625 4924 4925
f 4696 4926 4919
f 4922 4927 4695
f 4923 4924 4625
f 4696 4929 4930
f 4695 4931 4932
f 4920 4933 4921
f 4625 4935 4936
f 4930 4926 4696
f 4696 4695 4937
f 4927 4931 4695
f 4934 4928 4920
f 4925 4935 4625
f 4937 4938 4696
f 4928 4933 4920
f 4938 4929 4696
f 4920 4936 4934
f 4932 4937 4695
f 4936 4920 4625
f 4941 4920 4695
f 5222 4916 4872
f 5222 4872 4785
f 4619 4620 4784
f 4940 4914 4784
f 4909 4940 4907
f 4916 4850 4851
f 4891 4892 4785
f 4870 4871 4762
f 4850 4829 4720
f 4847 4849 4720
f 4827 4828 4719
f 4804 4806 4697
f 4785 4763 4694
f 4779 4673 4694
f 4762 4741 4671
f 4757 4650 4671
f 4735 4740 4628
f 4719 4698 4626
f 4714 4696 4626
f 4697 4788 4695
f 4694 4673 4672
f 4692 4693 4672
f 4671 4650 4649
f 4668 4670 4649
f 4647 4648 4627
f 4626 4696 4625
f 4920 4941 4939
f 4939 4627 4625
f 4649 4627 4939
f 4939 4672 4649
f 4939 4909 4672
f 4625 4920 4939
f 4940 4909 4939
f 5222 4915 4914
f 4914 4940 5222
f 5222 4850 4916
f 5222 4807 4850
f 5222 4917 4807
f 4917 5222 4941
f 4791 4786 4942
f 4792 4791 4943
f 4793 4792 4944
f 4804 4793 4945
f 4806 4804 4946
f 4802 4806 4947
f 4803 4802 4948
f 4800 4803 4949
f 4789 4800 4950
f 4790 4789 4951
f 4951 4952 4790
f 4950 4951 4789
f 4949 4950 4800
f 4948 4949 4803
f 4947 4948 4802
f 4946 4947 4806
f 4945 4946 4804
f 4944 4945 4793
f 4943 4944 4792
f 4942 4943 4791
f 4795 4790 4952
f 4798 4795 4953
f 4799 4798 4954
f 4801 4799 4955
f 4805 4801 4956
f 4796 4805 4957
f 4797 4796 4958
f 4794 4797 4959
f 4787 4794 4960
f 4786 4787 4961
f 4961 4942 4786
f 4960 4961 4787
f 4959 4960 4794
f 4958 4959 4797
f 4957 4958 4796
f 4956 4957 4805
f 4955 4956 4801
f 4954 4955 4799
f 4953 4954 4798
f 4952 4953 4795
f 4959 4945 4944
f 4949 4955 4954
f 4959 4942 4961
f 4944 4943 4959
f 4949 4952 4951
f 4954 4953 4949
f 4945 4959 4958
f 4943 4942 4959
f 4955 4949 4948
f 4953 4952 4949
f 4961 4960 4959
f 4957 4947 4946
f 4951 4950 4949
f 4947 4957 4956
f 4946 4945 4957
f 4956 4955 4947
f 4948 4947 4955
f 4958 4957 4945
f 4923 4918 4962
f 4924 4923 4963
f 4925 4924 4964
f 4935 4925 4965
f 4936 4935 4966
f 4934 4936 4967
f 4928 4934 4968
f 4933 4928 4969
f 4921 4933 4970
f 4922 4921 4971
f 4971 4972 4922
f 4970 4971 4921
f 4969 4970 4933
f 4968 4969 4928
f 4967 4968 4934
f 4966 4967 4936
f 4965 4966 4935
f 4964 4965 4925
f 4963 4964 4924
f 4962 4963 4923
f 4927 4922 4972
f 4931 4927 4973
f 4932 4931 4974
f 4937 4932 4975
f 4938 4937 4976
f 4929 4938 4977
f 4930 4929 4978
f 4926 4930 4979
f 4919 4926 4980
f 4918 4919 4981
f 4981 4962 4918
f 4980 4981 4919
f 4979 4980 4926
f 4978 4979 4930
f 4977 4978 4929
f 4976 4977 4938
f 4975 4976 4937
f 4974 4975 4932
f 4973 4974 4931
f 4972 4973 4927
f 4979 4965 4964
f 4969 4975 4974
f 4979 4962 4981
f 4964 4963 4979
f 4969 4972 4971
f 4974 4973 4969
f 4965 4979 4978
f 4963 4962 4979
f 4975 4969 4968
f 4973 4972 4969
f 4981 4980 4979
f 4977 4967 4966
f 4971 4970 4969
f 4967 4977 4976
f 4966 4965 4977
f 4976 4975 4967
f 4968 4967 4975
f 4978 4977 4965
f 4813 4809 4982
f 4814 4813 4983
f 4815 4814 4984
f 4827 4815 4985
f 4828 4827 4986
f 4825 4828 4987
f 4826 4825 4988
f 4822 4826 4989
f 4811 4822 4990
f 4812 4811 4991
f 4991 4992 4812
f 4990 4991 4811
f 4989 4990 4822
f 4988 4989 4826
f 4987 4988 4825
f 4986 4987 4828
f 4985 4986 4827
f 4984 4985 4815
f 4983 4984 4814
f 4982 4983 4813
f 4817 4812 4992
f 4820 4817 4993
f 4821 4820 4994
f 4823 4821 4995
f 4824 4823 4996
f 4818 4824 4997
f 4819 4818 4998
f 4816 4819 4999
f 4810 4816 5000
f 4809 4810 5001
f 5001 4982 4809
f 5000 5001 4810
f 4999 5000 4816
f 4998 4999 4819
f 4997 4998 4818
f 4996 4997 4824
f 4995 4996 4823
f 4994 4995 4821
f 4993 4994 4820
f 4992 4993 4817
f 4999 4985 4984
f 4989 4995 4994
f 4999 4982 5001
f 4984 4983 4999
f 4989 4992 4991
f 4994 4993 4989
f 4985 4999 4998
f 4983 4982 4999
f 4995 4989 4988
f 4993 4992 4989
f 5001 5000 4999
f 4997 4987 4986
f 4991 4990 4989
f 4987 4997 4996
f 4986 4985 4997
f 4996 4995 4987
f 4988 4987 4995
f 4998 4997 4985
f 4633 4629 5002
f 4634 4633 5003
f 4635 4634 5004
f 4647 4635 5005
f 4648 4647 5006
f 4645 4648 5007
f 4646 4645 5008
f 4642 4646 5009
f 4631 4642 5010
f 4632 4631 5011
f 5011 5012 4632
f 5010 5011 4631
f 5009 5010 4642
f 5008 5009 4646
f 5007 5008 4645
f 5006 5007 4648
f 5005 5006 4647
f 5004 5005 4635
f 5003 5004 4634
f 5002 5003 4633
f 4637 4632 5012
f 4640 4637 5013
f 4641 4640 5014
f 4643 4641 5015
f 4644 4643 5016
f 4638 4644 5017
f 4639 4638 5018
f 4636 4639 5019
f 4630 4636 5020
f 4629 4630 5021
f 5021 5002 4629
f 5020 5021 4630
f 5019 5020 4636
f 5018 5019 4639
f 5017 5018 4638
f 5016 5017 4644
f 5015 5016 4643
f 5014 5015 4641
f 5013 5014 4640
f 5012 5013 4637
f 5019 5005 5004
f 5009 5015 5014
f 5019 5002 5021
f 5004 5003 5019
f 5009 5012 5011
f 5014 5013 5009
f 5005 5019 5018
f 5003 5002 5019
f 5015 5009 5008
f 5013 5012 5009
f 5021 5020 5019
f 5017 5007 5006
f 5011 5010 5009
f 5007 5017 5016
f 5006 5005 5017
f 5016 5015 5007
f 5008 5007 5015
f 5018 5017 5005
f 4834 4830 5022
f 4835 4834 5023
f 4836 4835 5024
f 4847 4836 5025
f 4849 4847 5026
f 4845 4849 5027
f 4846 4845 5028
f 4843 4846 5029
f 4832 4843 5030
f 4833 4832 5031
f 5031 5032 4833
f 5030 5031 4832
f 5029 5030 4843
f 5028 5029 4846
f 5027 5028 4845
f 5026 5027 4849
f 5025 5026 4847
f 5024 5025 4836
f 5023 5024 4835
f 5022 5023 4834
f 4838 4833 5032
f 4841 4838 5033
f 4842 4841 5034
f 4844 4842 5035
f 4848 4844 5036
f 4839 4848 5037
f 4840 4839 5038
f 4837 4840 5039
f 4831 4837 5040
f 4830 4831 5041
f 5041 5022 4830
f 5040 5041 4831
f 5039 5040 4837
f 5038 5039 4840
f 5037 5038 4839
f 5036 5037 4848
f 5035 5036 4844
f 5034 5035 4842
f 5033 5034 4841
f 5032 5033 4838
f 5039 5025 5024
f 5029 5035 5034
f 5039 5022 5041
f 5024 5023 5039
f 5029 5032 5031
f 5034 5033 5029
f 5025 5039 5038
f 5023 5022 5039
f 5035 5029 5028
f 5033 5032 5029
f 5041 5040 5039
f 5037 5027 5026
f 5031 5030 5029
f 5027 5037 5036
f 5026 5025 5037
f 5036 5035 5027
f 5028 5027 5035
f 5038 5037 5025
f 4655 4651 5042
f 4656 4655 5043
f 4657 4656 5044
f 4668 4657 5045
f 4670 4668 5046
f 4666 4670 5047
f 4667 4666 5048
f 4664 4667 5049
f 4653 4664 5050
f 4654 4653 5051
f 5051 5052 4654
f 5050 5051 4653
f 5049 5050 4664
f 5048 5049 4667
f 5047 5048 4666
f 5046 5047 4670
f 5045 5046 4668
f 5044 5045 4657
f 5043 5044 4656
f 5042 5043 4655
f 4659 4654 5052
f 4662 4659 5053
f 4663 4662 5054
f 4665 4663 5055
f 4669 4665 5056
f 4660 4669 5057
f 4661 4660 5058
f 4658 4661 5059
f 4652 4658 5060
f 4651 4652 5061
f 5061 5042 4651
f 5060 5061 4652
f 5059 5060 4658
f 5058 5059 4661
f 5057 5058 4660
f 5056 5057 4669
f 5055 5056 4665
f 5054 5055 4663
f 5053 5054 4662
f 5052 5053 4659
f 5059 5045 5044
f 5049 5055 5054
f 5059 5042 5061
f 5044 5043 5059
f 5049 5052 5051
f 5054 5053 5049
f 5045 5059 5058
f 5043 5042 5059
f 5055 5049 5048
f 5053 5052 5049
f 5061 5060 5059
f 5057 5047 5046
f 5051 5050 5049
f 5047 5057 5056
f 5046 5045 5057
f 5056 5055 5047
f 5048 5047 5055
f 5058 5057 5045
f 4856 4852 5062
f 4857 4856 5063
f 4858 4857 5064
f 4870 4858 5065
f 4871 4870 5066
f 4868 4871 5067
f 4869 4868 5068
f 4865 4869 5069
f 4854 4865 5070
f 4855 4854 5071
f 5071 5072 4855
f 5070 5071 4854
f 5069 5070 4865
f 5068 5069 4869
f 5067 5068 4868
f 5066 5067 4871
f 5065 5066 4870
f 5064 5065 4858
f 5063 5064 4857
f 5062 5063 4856
f 4860 4855 5072
f 4863 4860 5073
f 4864 4863 5074
f 4866 4864 5075
f 4867 4866 5076
f 4861 4867 5077
f 4862 4861 5078
f 4859 4862 5079
f 4853 4859 5080
f 4852 4853 5081
f 5081 5062 4852
f 5080 5081 4853
f 5079 5080 4859
f 5078 5079 4862
f 5077 5078 4861
f 5076 5077 4867
f 5075 5076 4866
f 5074 5075 4864
f 5073 5074 4863
f 5072 5073 4860
f 5079 5065 5064
f 5069 5075 5074
f 5079 5062 5081
f 5064 5063 5079
f 5069 5072 5071
f 5074 5073 5069
f 5065 5079 5078
f 5063 5062 5079
f 5075 5069 5068
f 5073 5072 5069
f 5081 5080 5079
f 5077 5067 5066
f 5071 5070 5069
f 5067 5077 5076
f 5066 5065 5077
f 5076 5075 5067
f 5068 5067 5075
f 5078 5077 5065
f 4678 4674 5082
f 4679 4678 5083
f 4680 4679 5084
f 4692 4680 5085
f 4693 4692 5086
f 4690 4693 5087
f 4691 4690 5088
f 4687 4691 5089
f 4676 4687 5090
f 4677 4676 5091
f 5091 5092 4677
f 5090 5091 4676
f 5089 5090 4687
f 5088 5089 4691
f 5087 5088 4690
f 5086 5087 4693
f 5085 5086 4692
f 5084 5085 4680
f 5083 5084 4679
f 5082 5083 4678
f 4682 4677 5092
f 4685 4682 5093
f 4686 4685 5094
f 4688 4686 5095
f 4689 4688 5096
f 4683 4689 5097
f 4684 4683 5098
f 4681 4684 5099
f 4675 4681 5100
f 4674 4675 5101
f 5101 5082 4674
f 5100 5101 4675
f 5099 5100 4681
f 5098 5099 4684
f 5097 5098 4683
f 5096 5097 4689
f 5095 5096 4688
f 5094 5095 4686
f 5093 5094 4685
f 5092 5093 4682
f 5099 5085 5084
f 5089 5095 5094
f 5099 5082 5101
f 5084 5083 5099
f 5089 5092 5091
f 5094 5093 5089
f 5085 5099 5098
f 5083 5082 5099
f 5095 5089 5088
f 5093 5092 5089
f 5101 5100 5099
f 5097 5087 5086
f 5091 5090 5089
f 5087 5097 5096
f 5086 5085 5097
f 5096 5095 5087
f 5088 5087 5095
f 5098 5097 5085
f 4877 4873 5102
f 4878 4877 5103
f 4879 4878 5104
f 4891 4879 5105
f 4892 4891 5106
f 4889 4892 5107
f 4890 4889 5108
f 4886 4890 5109
f 4875 4886 5110
f 4876 4875 5111
f 5111 5112 4876
f 5110 5111 4875
f 5109 5110 4886
f 5108 5109 4890
f 5107 5108 4889
f 5106 5107 4892
f 5105 5106 4891
f 5104 5105 4879
f 5103 5104 4878
f 5102 5103 4877
f 4881 4876 5112
f 4884 4881 5113
f 4885 4884 5114
f 4887 4885 5115
f 4888 4887 5116
f 4882 4888 5117
f 4883 4882 5118
f 4880 4883 5119
f 4874 4880 5120
f 4873 4874 5121
f 5121 5102 4873
f 5120 5121 4874
f 5119 5120 4880
f 5118 5119 4883
f 5117 5118 4882
f 5116 5117 4888
f 5115 5116 4887
f 5114 5115 4885
f 5113 5114 4884
f 5112 5113 4881
f 5119 5105 5104
f 5109 5115 5114
f 5119 5102 5121
f 5104 5103 5119
f 5109 5112 5111
f 5114 5113 5109
f 5105 5119 5118
f 5103 5102 5119
f 5115 5109 5108
f 5113 5112 5109
f 5121 5120 5119
f 5117 5107 5106
f 5111 5110 5109
f 5107 5117 5116
f 5106 5105 5117
f 5116 5115 5107
f 5108 5107 5115
f 5118 5117 5105
f 4897 4893 5122
f 4898 4897 5123
f 4899 4898 5124
f 4907 4899 5125
f 4908 4907 5126
f 4912 4908 5127
f 4913 4912 5128
f 4906 4913 5129
f 4895 4906 5130
f 4896 4895 5131
f 5131 5132 4896
f 5130 5131 4895
f 5129 5130 4906
f 5128 5129 4913
f 5127 5128 4912
f 5126 5127 4908
f 5125 5126 4907
f 5124 5125 4899
f 5123 5124 4898
f 5122 5123 4897
f 4901 4896 5132
f 4904 4901 5133
f 4905 4904 5134
f 4910 4905 5135
f 4911 4910 5136
f 4902 4911 5137
f 4903 4902 5138
f 4900 4903 5139
f 4894 4900 5140
f 4893 4894 5141
f 5141 5122 4893
f 5140 5141 4894
f 5139 5140 4900
f 5138 5139 4903
f 5137 5138 4902
f 5136 5137 4911
f 5135 5136 4910
f 5134 5135 4905
f 5133 5134 4904
f 5132 5133 4901
f 5139 5125 5124
f 5129 5135 5134
f 5139 5122 5141
f 5124 5123 5139
f 5129 5132 5131
f 5134 5133 5129
f 5125 5139 5138
f 5123 5122 5139
f 5135 5129 5128
f 5133 5132 5129
f 5141 5140 5139
f 5137 5127 5126
f 5131 5130 5129
f 5127 5137 5136
f 5126 5125 5137
f 5136 5135 5127
f 5128 5127 5135
f 5138 5137 5125
f 4702 4700 5142
f 4704 4702 5143
f 4705 4704 5144
f 4713 4705 5145
f 4714 4713 5146
f 4716 4714 5147
f 4717 4716 5148
f 4712 4717 5149
f 4703 4712 5150
f 4701 4703 5151
f 5151 5152 4701
f 5150 5151 4703
f 5149 5150 4712
f 5148 5149 4717
f 5147 5148 4716
f 5146 5147 4714
f 5145 5146 4713
f 5144 5145 4705
f 5143 5144 4704
f 5142 5143 4702
f 4707 4701 5152
f 4710 4707 5153
f 4711 4710 5154
f 4718 4711 5155
f 4715 4718 5156
f 4708 4715 5157
f 4709 4708 5158
f 4706 4709 5159
f 4699 4706 5160
f 4700 4699 5161
f 5161 5142 4700
f 5160 5161 4699
f 5159 5160 4706
f 5158 5159 4709
f 5157 5158 4708
f 5156 5157 4715
f 5155 5156 4718
f 5154 5155 4711
f 5153 5154 4710
f 5152 5153 4707
f 5159 5145 5144
f 5149 5155 5154
f 5159 5142 5161
f 5144 5143 5159
f 5149 5152 5151
f 5154 5153 5149
f 5145 5159 5158
f 5143 5142 5159
f 5155 5149 5148
f 5153 5152 5149
f 5161 5160 5159
f 5157 5147 5146
f 5151 5150 5149
f 5147 5157 5156
f 5146 5145 5157
f 5156 5155 5147
f 5148 5147 5155
f 5158 5157 5145
f 4724 4722 5162
f 4726 4724 5163
f 4727 4726 5164
f 4735 4727 5165
f 4740 4735 5166
f 4737 4740 5167
f 4738 4737 5168
f 4734 4738 5169
f 4725 4734 5170
f 4723 4725 5171
f 5171 5172 4723
f 5170 5171 4725
f 5169 5170 4734
f 5168 5169 4738
f 5167 5168 4737
f 5166 5167 4740
f 5165 5166 4735
f 5164 5165 4727
f 5163 5164 4726
f 5162 5163 4724
f 4729 4723 5172
f 4732 4729 5173
f 4733 4732 5174
f 4739 4733 5175
f 4736 4739 5176
f 4730 4736 5177
f 4731 4730 5178
f 4728 4731 5179
f 4721 4728 5180
f 4722 4721 5181
f 5181 5162 4722
f 5180 5181 4721
f 5179 5180 4728
f 5178 5179 4731
f 5177 5178 4730
f 5176 5177 4736
f 5175 5176 4739
f 5174 5175 4733
f 5173 5174 4732
f 5172 5173 4729
f 5179 5165 5164
f 5169 5175 5174
f 5179 5162 5181
f 5164 5163 5179
f 5169 5172 5171
f 5174 5173 5169
f 5165 5179 5178
f 5163 5162 5179
f 5175 5169 5168
f 5173 5172 5169
f 5181 5180 5179
f 5177 5167 5166
f 5171 5170 5169
f 5167 5177 5176
f 5166 5165 5177
f 5176 5175 5167
f 5168 5167 5175
f 5178 5177 5165
f 4745 4743 5182
f 4747 4745 5183
f 4748 4747 5184
f 4756 4748 5185
f 4757 4756 5186
f 4759 4757 5187
f 4760 4759 5188
f 4755 4760 5189
f 4746 4755 5190
f 4744 4746 5191
f 5191 5192 4744
f 5190 5191 4746
f 5189 5190 4755
f 5188 5189 4760
f 5187 5188 4759
f 5186 5187 4757
f 5185 5186 4756
f 5184 5185 4748
f 5183 5184 4747
f 5182 5183 4745
f 4750 4744 5192
f 4753 4750 5193
f 4754 4753 5194
f 4761 4754 5195
f 4758 4761 5196
f 4751 4758 5197
f 4752 4751 5198
f 4749 4752 5199
f 4742 4749 5200
f 4743 4742 5201
f 5201 5182 4743
f 5200 5201 4742
f 5199 5200 4749
f 5198 5199 4752
f 5197 5198 4751
f 5196 5197 4758
f 5195 5196 4761
f 5194 5195 4754
f 5193 5194 4753
f 5192 5193 4750
f 5199 5185 5184
f 5189 5195 5194
f 5199 5182 5201
f 5184 5183 5199
f 5189 5192 5191
f 5194 5193 5189
f 5185 5199 5198
f 5183 5182 5199
f 5195 5189 5188
f 5193 5192 5189
f 5201 5200 5199
f 5197 5187 5186
f 5191 5190 5189
f 5187 5197 5196
f 5186 5185 5197
f 5196 5195 5187
f 5188 5187 5195
f 5198 5197 5185
f 4767 4765 5202
f 4769 4767 5203
f 4770 4769 5204
f 4778 4770 5205
f 4779 4778 5206
f 4781 4779 5207
f 4782 4781 5208
f 4777 4782 5209
f 4768 4777 5210
f 4766 4768 5211
f 5211 5212 4766
f 5210 5211 4768
f 5209 5210 4777
f 5208 5209 4782
f 5207 5208 4781
f 5206 5207 4779
f 5205 5206 4778
f 5204 5205 4770
f 5203 5204 4769
f 5202 5203 4767
f 4772 4766 5212
f 4775 4772 5213
f 4776 4775 5214
f 4783 4776 5215
f 4780 4783 5216
f 4773 4780 5217
f 4774 4773 5218
f 4771 4774 5219
f 4764 4771 5220
f 4765 4764 5221
f 5221 5202 4765
f 5220 5221 4764
f 5219 5220 4771
f 5218 5219 4774
f 5217 5218 4773
f 5216 5217 4780
f 5215 5216 4783
f 5214 5215 4776
f 5213 5214 4775
f 5212 5213 4772
f 5219 5205 5204
f 5209 5215 5214
f 5219 5202 5221
f 5204 5203 5219
f 5209 5212 5211
f 5214 5213 5209
f 5205 5219 5218
f 5203 5202 5219
f 5215 5209 5208
f 5213 5212 5209
f 5221 5220 5219
f 5217 5207 5206
f 5211 5210 5209
f 5207 5217 5216
f 5206 5205 5217
f 5216 5215 5207
f 5208 5207 5215
f 5218 5217 5205
f 5223 5222 4940
f 4940 4939 5223
f 5222 5223 4939
f 4939 4941 5222
f 5225 5226 5224
f 5228 5227 5224
f 5227 5225 5224
f 5226 5228 5224
f 5225 5227 5229
f 5230 5229 5231
f 5232 5231 5233
f 5234 5233 5235
f 5236 5235 5237
f 5237 5238 5236
f 5235 5236 5234
f 5233 5234 5232
f 5231 5232 5230
f 5229 5230 5225
f 5239 5240 5241
f 5248 5241 5242
f 5248 5242 5243
f 5248 5243 5244
f 5248 5244 5237
f 5245 5239 5248
f 5246 5245 5248
f 5247 5246 5248
f 5227 5248 5229
f 5227 5247 5248
f 5231 5229 5248
f 5233 5231 5248
f 5235 5233 5248
f 5237 5235 5248
f 5241 5248 5239
f 5249 5225 5230
f 5255 5230 5232
f 5255 5232 5234
f 5255 5234 5236
f 5255 5236 5238
f 5250 5249 5255
f 5257 5255 5258
f 5257 5254 5255
f 5256 5258 5255
f 5253 5256 5255
f 5252 5250 5255
f 5251 5253 5255
f 5238 5251 5255
f 5230 5255 5249
f 5238 5237 5259
f 5259 5260 5238
f 5261 5257 5258
f 5262 5258 5256
f 5253 5263 5264
f 5264 5256 5253
f 5263 5253 5251
f 5265 5251 5238
f 5238 5260 5265
f 5251 5265 5263
f 5264 5278 5256
f 5256 5278 5262
f 5258 5262 5261
f 5226 5225 5249
f 5266 5249 5250
f 5267 5250 5252
f 5252 5268 5267
f 5268 5255 5254
f 5269 5254 5257
f 5257 5270 5269
f 5254 5269 5268
f 5252 5255 5268
f 5250 5267 5266
f 5249 5266 5226
f 5265 5260 5271
f 5278 5271 5272
f 5278 5272 5273
f 5278 5273 5274
f 5278 5274 5275
f 5263 5265 5278
f 5261 5278 5280
f 5261 5262 5278
f 5279 5280 5278
f 5277 5279 5278
f 5264 5263 5278
f 5276 5277 5278
f 5275 5276 5278
f 5271 5278 5265
f 5261 5281 5270
f 5270 5257 5261
f 5282 5283 5284
f 5291 5284 5285
f 5291 5285 5286
f 5291 5286 5287
f 5291 5287 5226
f 5288 5282 5291
f 5270 5291 5269
f 5270 5290 5291
f 5268 5269 5291
f 5267 5268 5291
f 5289 5288 5291
f 5266 5267 5291
f 5226 5266 5291
f 5284 5291 5282
f 5292 5283 5282
f 5293 5282 5288
f 5294 5288 5289
f 5289 5295 5294
f 5295 5291 5290
f 5296 5290 5270
f 5270 5281 5296
f 5290 5296 5295
f 5289 5291 5295
f 5288 5294 5293
f 5282 5293 5292
f 5275 5297 5298
f 5276 5298 5299
f 5277 5299 5300
f 5300 5279 5277
f 5279 5326 5301
f 5280 5301 5281
f 5281 5261 5280
f 5301 5280 5279
f 5300 5326 5279
f 5299 5277 5276
f 5298 5276 5275
f 5302 5275 5274
f 5303 5274 5273
f 5304 5273 5272
f 5305 5272 5271
f 5306 5271 5260
f 5260 5259 5306
f 5271 5306 5305
f 5272 5305 5304
f 5273 5304 5303
f 5274 5303 5302
f 5259 5237 5244
f 5307 5244 5243
f 5242 5308 5309
f 5309 5243 5242
f 5308 5242 5241
f 5310 5241 5240
f 5240 5311 5310
f 5241 5310 5308
f 5309 5351 5243
f 5243 5351 5307
f 5244 5307 5259
f 5227 5228 5312
f 5247 5312 5313
f 5246 5313 5314
f 5314 5245 5246
f 5245 5342 5315
f 5239 5315 5316
f 5316 5240 5239
f 5315 5239 5245
f 5314 5342 5245
f 5313 5246 5247
f 5312 5247 5227
f 5228 5226 5287
f 5317 5287 5286
f 5318 5286 5285
f 5319 5285 5284
f 5320 5284 5283
f 5283 5321 5320
f 5284 5320 5319
f 5285 5319 5318
f 5286 5318 5317
f 5287 5317 5228
f 5298 5297 5322
f 5326 5322 5323
f 5326 5323 5324
f 5326 5324 5325
f 5326 5325 5292
f 5299 5298 5326
f 5281 5326 5296
f 5281 5301 5326
f 5295 5296 5326
f 5294 5295 5326
f 5300 5299 5326
f 5293 5294 5326
f 5292 5293 5326
f 5322 5326 5298
f 5297 5327 5328
f 5322 5328 5329
f 5323 5329 5330
f 5324 5330 5331
f 5325 5331 5332
f 5332 5292 5325
f 5331 5325 5324
f 5330 5324 5323
f 5329 5323 5322
f 5328 5322 5297
f 5292 5332 5321
f 5321 5283 5292
f 5333 5316 5334
f 5335 5334 5336
f 5337 5338 5339
f 5339 5336 5337
f 5338 5337 5340
f 5341 5340 5321
f 5321 5332 5341
f 5340 5341 5338
f 5339 5353 5336
f 5336 5353 5335
f 5334 5335 5333
f 5312 5228 5317
f 5342 5317 5318
f 5342 5318 5319
f 5342 5319 5320
f 5342 5320 5321
f 5313 5312 5342
f 5316 5342 5334
f 5316 5315 5342
f 5336 5334 5342
f 5337 5336 5342
f 5314 5313 5342
f 5340 5337 5342
f 5321 5340 5342
f 5317 5342 5312
f 5240 5316 5333
f 5333 5311 5240
f 5327 5302 5343
f 5344 5343 5345
f 5346 5345 5347
f 5348 5347 5349
f 5350 5349 5311
f 5311 5333 5350
f 5349 5350 5348
f 5347 5348 5346
f 5345 5346 5344
f 5343 5344 5327
f 5343 5302 5303
f 5352 5303 5304
f 5352 5304 5305
f 5352 5305 5306
f 5351 5306 5259
f 5345 5343 5352
f 5347 5345 5352
f 5351 5309 5308
f 5349 5347 5352
f 5311 5352 5310
f 5311 5349 5352
f 5308 5310 5352
f 5308 5352 5351
f 5259 5307 5351
f 5306 5351 5352
f 5303 5352 5343
f 5341 5332 5331
f 5353 5331 5330
f 5353 5330 5329
f 5353 5329 5328
f 5353 5328 5327
f 5338 5341 5353
f 5333 5353 5350
f 5333 5335 5353
f 5348 5350 5353
f 5346 5348 5353
f 5339 5338 5353
f 5344 5346 5353
f 5327 5344 5353
f 5331 5353 5341
f 5302 5327 5354
f 5297 5275 5354
f 5327 5297 5354
f 5275 5302 5354
f 5404 5356 5355
f 5404 5355 5359
f 5404 5359 5358
f 5404 5358 5357
f 5404 5357 5356
f 5358 5359 5404
f 5357 5358 5404
f 5356 5357 5404
f 5355 5356 5404
f 5359 5355 5404
f 5363 5405 5362
f 5361 5360 5405
f 5362 5364 5365
f 5362 5360 5366
f 5366 5364 5362
f 5360 5368 5367
f 5360 5369 5368
f 5367 5366 5360
f 5361 5370 5369
f 5405 5371 5372
f 5363 5373 5374
f 5369 5360 5361
f 5405 5375 5376
f 5405 5372 5375
f 5405 5379 5378
f 5363 5374 5379
f 5363 5362 5381
f 5362 5382 5381
f 5362 5365 5382
f 5377 5371 5405
f 5381 5380 5363
f 5383 5370 5361
f 5379 5405 5363
f 5376 5383 5361
f 5378 5377 5405
f 5380 5373 5363
f 5376 5361 5405
f 5376 5384 5385
f 5383 5385 5386
f 5370 5386 5387
f 5369 5387 5388
f 5368 5388 5389
f 5367 5389 5390
f 5366 5390 5391
f 5364 5391 5392
f 5365 5392 5393
f 5382 5393 5394
f 5394 5381 5382
f 5393 5382 5365
f 5392 5365 5364
f 5391 5364 5366
f 5390 5366 5367
f 5389 5367 5368
f 5388 5368 5369
f 5387 5369 5370
f 5386 5370 5383
f 5385 5383 5376
f 5381 5394 5395
f 5380 5395 5396
f 5373 5396 5397
f 5374 5397 5398
f 5379 5398 5399
f 5378 5399 5400
f 5377 5400 5401
f 5371 5401 5402
f 5372 5402 5403
f 5375 5403 5384
f 5384 5376 5375
f 5403 5375 5372
f 5402 5372 5371
f 5401 5371 5377
f 5400 5377 5378
f 5399 5378 5379
f 5398 5379 5374
f 5397 5374 5373
f 5396 5373 5380
f 5395 5380 5381
f 5359 5403 5402
f 5384 5403 5359
f 5357 5397 5396
f 5385 5384 5359
f 5359 5386 5385
f 5398 5397 5357
f 5359 5355 5387
f 5356 5395 5394
f 5399 5398 5357
f 5387 5386 5359
f 5389 5388 5355
f 5396 5395 5356
f 5400 5399 5357
f 5358 5401 5400
f 5388 5387 5355
f 5355 5356 5391
f 5396 5356 5357
f 5402 5401 5358
f 5390 5389 5355
f 5392 5391 5356
f 5400 5357 5358
f 5391 5390 5355
f 5356 5393 5392
f 5356 5394 5393
f 5402 5358 5359
f 5404 5356 5355
f 5404 5355 5359
f 5404 5359 5358
f 5404 5358 5357
f 5404 5357 5356
f 5360 5362 5405
f 5406 5362 5405
f 5406 5405 5362
f 5407 5408 5409
f 5410 5409 5411
f 5412 5411 5413
f 5414 5413 5415
f 5416 5415 5417
f 5417 5418 5416
f 5415 5416 5414
f 5413 5414 5412
f 5411 5412 5410
f 5409 5410 5407
f 5419 5420 5418
f 5418 5417 5419
f 5421 5422 5423
f 5424 5423 5425
f 5426 5425 5427
f 5428 5427 5429
f 5430 5429 5420
f 5420 5419 5430
f 5429 5430 5428
f 5427 5428 5426
f 5425 5426 5424
f 5423 5424 5421
f 5407 5414 5416
f 5414 5407 5410
f 5427 5425 5423
f 5422 5420 5429
f 5407 5418 5420
f 5410 5412 5414
f 5435 5431 5432
f 5435 5433 5434
f 5429 5427 5422
f 5416 5418 5407
f 5434 5431 5435
f 5420 5422 5407
f 5407 5422 5435
f 5432 5437 5435
f 5423 5422 5427
f 5437 5432 5436
f 5438 5439 5432
f 5432 5431 5438
f 5439 5436 5432
f 5440 5438 5434
f 5441 5440 5433
f 5433 5435 5441
f 5434 5433 5440
f 5431 5434 5438
f 5415 5411 5409
f 5415 5413 5411
f 5430 5421 5424
f 5408 5417 5415
f 5408 5421 5419
f 5424 5426 5430
f 5419 5417 5408
f 5426 5428 5430
f 5442 5443 5444
f 5442 5446 5445
f 5408 5447 5508
f 5430 5419 5421
f 5445 5443 5442
f 5409 5408 5415
f 5447 5442 5508
f 5442 5447 5446
f 5444 5448 5442
f 5508 5421 5408
f 5441 5435 5449
f 5440 5441 5450
f 5438 5440 5451
f 5439 5438 5452
f 5453 5436 5439
f 5452 5453 5439
f 5437 5436 5454
f 5454 5455 5437
f 5453 5454 5436
f 5451 5452 5438
f 5450 5451 5440
f 5449 5450 5441
f 5446 5455 5454
f 5454 5445 5446
f 5452 5443 5445
f 5445 5454 5453
f 5452 5444 5443
f 5451 5448 5444
f 5450 5442 5448
f 5449 5508 5442
f 5442 5450 5449
f 5448 5451 5450
f 5444 5452 5451
f 5445 5453 5452
f 5446 5447 5455
f 5408 5456 5457
f 5407 5544 5456
f 5456 5408 5407
f 5457 5472 5408
f 5407 5435 5458
f 5458 5459 5407
f 5459 5544 5407
f 5455 5458 5435
f 5408 5462 5460
f 5455 5461 5458
f 5461 5455 5447
f 5460 5447 5408
f 5447 5485 5461
f 5460 5485 5447
f 5472 5462 5408
f 5435 5437 5455
f 5457 5456 5463
f 5464 5463 5465
f 5466 5465 5467
f 5468 5467 5544
f 5544 5472 5468
f 5467 5468 5466
f 5465 5466 5464
f 5463 5464 5457
f 5466 5468 5472
f 5464 5466 5472
f 5457 5464 5472
f 5462 5472 5474
f 5473 5474 5472
f 5471 5473 5472
f 5470 5471 5472
f 5469 5470 5472
f 5460 5462 5474
f 5475 5474 5473
f 5476 5473 5471
f 5477 5471 5470
f 5478 5470 5469
f 5469 5479 5478
f 5470 5478 5477
f 5471 5477 5476
f 5473 5476 5475
f 5474 5475 5460
f 5480 5481 5469
f 5469 5472 5480
f 5485 5479 5482
f 5477 5478 5485
f 5476 5477 5485
f 5475 5476 5485
f 5460 5475 5485
f 5487 5461 5485
f 5486 5487 5485
f 5484 5486 5485
f 5483 5484 5485
f 5482 5483 5485
f 5479 5485 5478
f 5479 5469 5481
f 5481 5488 5479
f 5489 5507 5490
f 5491 5490 5492
f 5493 5492 5494
f 5495 5494 5496
f 5497 5496 5488
f 5488 5481 5497
f 5496 5497 5495
f 5494 5495 5493
f 5492 5493 5491
f 5490 5491 5489
f 5483 5482 5498
f 5498 5499 5483
f 5484 5483 5500
f 5500 5501 5484
f 5486 5484 5502
f 5487 5486 5503
f 5461 5487 5504
f 5504 5458 5461
f 5503 5504 5487
f 5502 5503 5486
f 5501 5502 5484
f 5499 5500 5483
f 5505 5506 5482
f 5482 5479 5505
f 5492 5490 5507
f 5494 5492 5510
f 5496 5494 5510
f 5488 5496 5510
f 5505 5510 5513
f 5513 5506 5505
f 5510 5505 5479
f 5510 5479 5488
f 5512 5513 5510
f 5511 5512 5510
f 5509 5511 5510
f 5507 5510 5492
f 5508 5509 5510
f 5498 5482 5506
f 5506 5514 5498
f 5459 5458 5504
f 5515 5504 5503
f 5516 5503 5502
f 5517 5502 5501
f 5501 5518 5517
f 5501 5500 5518
f 5518 5500 5499
f 5499 5519 5518
f 5499 5498 5519
f 5502 5517 5516
f 5503 5516 5515
f 5504 5515 5459
f 5508 5435 5520
f 5509 5520 5521
f 5511 5521 5522
f 5512 5522 5523
f 5523 5513 5512
f 5523 5524 5513
f 5513 5524 5525
f 5525 5506 5513
f 5525 5514 5506
f 5522 5512 5511
f 5521 5511 5509
f 5520 5509 5508
f 5526 5527 5514
f 5514 5525 5526
f 5528 5526 5524
f 5524 5523 5528
f 5529 5528 5522
f 5530 5529 5521
f 5531 5530 5520
f 5520 5435 5531
f 5521 5520 5530
f 5522 5521 5529
f 5523 5522 5528
f 5525 5524 5526
f 5421 5533 5532
f 5532 5422 5421
f 5532 5545 5422
f 5507 5421 5508
f 5507 5489 5421
f 5435 5508 5449
f 5542 5533 5421
f 5489 5542 5421
f 5510 5507 5508
f 5422 5531 5435
f 5545 5531 5422
f 5532 5533 5534
f 5535 5534 5536
f 5537 5536 5538
f 5539 5538 5540
f 5541 5540 5472
f 5472 5544 5541
f 5540 5541 5539
f 5538 5539 5537
f 5536 5537 5535
f 5534 5535 5532
f 5536 5534 5542
f 5538 5536 5542
f 5540 5538 5542
f 5472 5540 5542
f 5480 5542 5497
f 5497 5481 5480
f 5542 5480 5472
f 5495 5497 5542
f 5493 5495 5542
f 5491 5493 5542
f 5489 5491 5542
f 5533 5542 5534
f 5514 5527 5519
f 5519 5498 5514
f 5518 5519 5543
f 5517 5518 5544
f 5516 5517 5544
f 5515 5516 5544
f 5459 5515 5544
f 5463 5456 5544
f 5465 5463 5544
f 5467 5465 5544
f 5543 5544 5518
f 5527 5545 5543
f 5543 5519 5527
f 5544 5543 5545
f 5530 5531 5545
f 5529 5530 5545
f 5528 5529 5545
f 5526 5528 5545
f 5527 5526 5545
f 5544 5545 5541
f 5539 5541 5545
f 5537 5539 5545
f 5535 5537 5545
f 5532 5535 5545
f 5547 5546 5548
f 5548 5549 5547
f 5550 5549 5548
f 5548 5551 5550
f 5552 5553 5554
f 5552 5555 5556
f 5557 5554 5558
f 5556 5553 5552
f 5559 5560 5556
f 5559 5550 5551
f 5554 5557 5552
f 5551 5560 5559
f 5556 5555 5559
f 5558 5562 5561
f 5563 5550 5559
f 5564 5563 5565
f 5566 5564 5567
f 5568 5566 5569
f 5570 5568 5571
f 5565 5559 5555
f 5567 5565 5572
f 5569 5567 5573
f 5571 5569 5574
f 5575 5571 5576
f 5572 5555 5552
f 5573 5572 5577
f 5574 5573 5578
f 5576 5574 5579
f 5580 5576 5581
f 5577 5552 5557
f 5578 5577 5582
f 5579 5578 5583
f 5581 5579 5584
f 5585 5581 5586
f 5582 5557 5561
f 5557 5558 5561
f 5583 5582 5587
f 5584 5583 5588
f 5586 5584 5589
f 5586 5590 5591
f 5591 5592 5586
f 5589 5590 5586
f 5588 5589 5584
f 5587 5588 5583
f 5561 5587 5582
f 5586 5592 5585
f 5584 5586 5581
f 5583 5584 5579
f 5582 5583 5578
f 5557 5582 5577
f 5581 5585 5580
f 5579 5581 5576
f 5578 5579 5574
f 5577 5578 5573
f 5552 5577 5572
f 5576 5580 5575
f 5574 5576 5571
f 5573 5574 5569
f 5572 5573 5567
f 5555 5572 5565
f 5571 5575 5570
f 5569 5571 5568
f 5567 5569 5566
f 5565 5567 5564
f 5559 5565 5563
f 5593 5594 5562
f 5562 5554 5593
f 5595 5596 5594
f 5597 5598 5596
f 5599 5600 5598
f 5599 5601 5602
f 5603 5593 5554
f 5604 5595 5593
f 5605 5597 5595
f 5606 5599 5597
f 5607 5601 5599
f 5608 5603 5553
f 5609 5604 5603
f 5610 5605 5604
f 5611 5606 5605
f 5612 5607 5606
f 5613 5608 5556
f 5614 5609 5608
f 5615 5610 5609
f 5616 5611 5610
f 5617 5612 5611
f 5618 5613 5560
f 5619 5614 5613
f 5620 5615 5614
f 5621 5616 5615
f 5622 5617 5616
f 5616 5621 5622
f 5615 5620 5621
f 5614 5619 5620
f 5613 5618 5619
f 5560 5551 5618
f 5611 5616 5617
f 5610 5615 5616
f 5609 5614 5615
f 5608 5613 5614
f 5556 5560 5613
f 5606 5611 5612
f 5605 5610 5611
f 5604 5609 5610
f 5603 5608 5609
f 5553 5556 5608
f 5599 5606 5607
f 5597 5605 5606
f 5595 5604 5605
f 5593 5603 5604
f 5554 5553 5603
f 5602 5600 5599
f 5598 5597 5599
f 5596 5595 5597
f 5594 5593 5595
f 5562 5558 5554
f 5592 5591 5602
f 5602 5601 5592
f 5585 5607 5612
f 5585 5592 5601
f 5575 5617 5622
f 5575 5580 5612
f 5601 5607 5585
f 5612 5617 5575
f 5612 5580 5585
f 5622 5570 5575
f 5623 5570 5622
f 5622 5624 5623
f 5625 5626 5623
f 5623 5624 5625
f 5549 5550 5546
f 5546 5550 5563
f 5546 5564 5566
f 5563 5564 5546
f 5566 5626 5546
f 5626 5566 5568
f 5626 5568 5570
f 5626 5570 5623
f 5546 5547 5549
f 5624 5622 5626
f 5626 5622 5621
f 5546 5620 5619
f 5621 5620 5626
f 5626 5620 5546
f 5546 5619 5618
f 5546 5551 5548
f 5546 5618 5551
f 5626 5625 5624
f 5627 5628 5587
f 5588 5587 5628
f 5628 5629 5588
f 5589 5588 5629
f 5629 5630 5589
f 5590 5589 5630
f 5630 5631 5590
f 5591 5590 5631
f 5631 5632 5591
f 5587 5561 5627
f 5633 5634 5602
f 5602 5591 5633
f 5635 5636 5637
f 5635 5638 5639
f 5640 5641 5634
f 5640 5642 5637
f 5639 5636 5635
f 5638 5643 5644
f 5637 5641 5640
f 5644 5639 5638
f 5637 5642 5635
f 5634 5633 5640
f 5645 5561 5562
f 5562 5646 5645
f 5562 5594 5647
f 5648 5647 5594
f 5594 5596 5648
f 5649 5648 5596
f 5596 5598 5649
f 5650 5649 5598
f 5598 5600 5650
f 5651 5650 5600
f 5600 5602 5651
f 5647 5652 5562
f 5653 5654 5655
f 5653 5656 5657
f 5658 5655 5659
f 5657 5654 5653
f 5660 5661 5657
f 5660 5645 5646
f 5655 5658 5653
f 5646 5661 5660
f 5657 5656 5660
f 5659 5662 5658
f 5663 5643 5638
f 5664 5638 5635
f 5665 5635 5642
f 5666 5642 5640
f 5632 5667 5633
f 5640 5633 5667
f 5667 5668 5640
f 5633 5591 5632
f 5640 5668 5666
f 5642 5666 5665
f 5635 5665 5664
f 5638 5664 5663
f 5669 5670 5634
f 5602 5634 5670
f 5670 5651 5602
f 5671 5669 5641
f 5672 5671 5637
f 5673 5672 5636
f 5674 5673 5639
f 5639 5644 5674
f 5636 5639 5673
f 5637 5636 5672
f 5641 5637 5671
f 5634 5641 5669
f 5667 5632 5651
f 5651 5670 5667
f 5675 5651 5632
f 5676 5677 5678
f 5677 5679 5680
f 5675 5681 5682
f 5681 5676 5683
f 5680 5678 5677
f 5679 5684 5685
f 5683 5682 5681
f 5685 5680 5679
f 5678 5683 5676
f 5643 5686 5687
f 5687 5644 5643
f 5688 5689 5687
f 5687 5686 5688
f 5643 5663 5689
f 5689 5686 5643
f 5688 5686 5689
f 5644 5687 5689
f 5689 5674 5644
f 5690 5674 5689
f 5690 5689 5663
f 5663 5674 5690
f 5665 5672 5673
f 5665 5666 5671
f 5664 5673 5674
f 5671 5672 5665
f 5668 5669 5671
f 5668 5667 5670
f 5673 5664 5665
f 5670 5669 5668
f 5671 5666 5668
f 5674 5663 5664
f 5691 5684 5679
f 5692 5691 5693
f 5694 5692 5695
f 5696 5694 5697
f 5698 5696 5699
f 5693 5679 5677
f 5695 5693 5700
f 5697 5695 5701
f 5699 5697 5702
f 5703 5699 5704
f 5700 5677 5676
f 5701 5700 5705
f 5702 5701 5706
f 5704 5702 5707
f 5708 5704 5709
f 5705 5676 5681
f 5706 5705 5710
f 5707 5706 5711
f 5709 5707 5712
f 5713 5709 5714
f 5710 5681 5632
f 5681 5675 5632
f 5711 5710 5631
f 5712 5711 5630
f 5714 5712 5629
f 5714 5628 5627
f 5627 5715 5714
f 5629 5628 5714
f 5630 5629 5712
f 5631 5630 5711
f 5632 5631 5710
f 5714 5715 5713
f 5712 5714 5709
f 5711 5712 5707
f 5710 5711 5706
f 5681 5710 5705
f 5709 5713 5708
f 5707 5709 5704
f 5706 5707 5702
f 5705 5706 5701
f 5676 5705 5700
f 5704 5708 5703
f 5702 5704 5699
f 5701 5702 5697
f 5700 5701 5695
f 5677 5700 5693
f 5699 5703 5698
f 5697 5699 5696
f 5695 5697 5694
f 5693 5695 5692
f 5679 5693 5691
f 5716 5650 5651
f 5651 5682 5716
f 5717 5649 5650
f 5718 5648 5649
f 5719 5647 5648
f 5719 5720 5652
f 5721 5716 5682
f 5722 5717 5716
f 5723 5718 5717
f 5724 5719 5718
f 5725 5720 5719
f 5726 5721 5683
f 5727 5722 5721
f 5728 5723 5722
f 5729 5724 5723
f 5730 5725 5724
f 5731 5726 5678
f 5732 5727 5726
f 5733 5728 5727
f 5734 5729 5728
f 5735 5730 5729
f 5736 5731 5680
f 5737 5732 5731
f 5738 5733 5732
f 5739 5734 5733
f 5740 5735 5734
f 5734 5739 5740
f 5733 5738 5739
f 5732 5737 5738
f 5731 5736 5737
f 5680 5685 5736
f 5729 5734 5735
f 5728 5733 5734
f 5727 5732 5733
f 5726 5731 5732
f 5678 5680 5731
f 5724 5729 5730
f 5723 5728 5729
f 5722 5727 5728
f 5721 5726 5727
f 5683 5678 5726
f 5719 5724 5725
f 5718 5723 5724
f 5717 5722 5723
f 5716 5721 5722
f 5682 5683 5721
f 5652 5647 5719
f 5648 5718 5719
f 5649 5717 5718
f 5650 5716 5717
f 5651 5675 5682
f 5741 5742 5685
f 5685 5684 5741
f 5741 5743 5744
f 5744 5742 5741
f 5715 5627 5652
f 5652 5720 5715
f 5746 5747 5652
f 5652 5627 5746
f 5662 5748 5749
f 5658 5749 5750
f 5653 5750 5751
f 5656 5751 5752
f 5561 5645 5746
f 5752 5746 5645
f 5645 5660 5752
f 5746 5627 5561
f 5752 5660 5656
f 5751 5656 5653
f 5750 5653 5658
f 5749 5658 5662
f 5661 5646 5747
f 5652 5747 5646
f 5646 5562 5652
f 5657 5661 5753
f 5654 5657 5754
f 5655 5654 5755
f 5659 5655 5756
f 5756 5757 5659
f 5755 5756 5655
f 5754 5755 5654
f 5753 5754 5657
f 5747 5753 5661
f 5750 5755 5754
f 5750 5749 5756
f 5752 5753 5747
f 5752 5751 5754
f 5756 5755 5750
f 5749 5748 5757
f 5754 5753 5752
f 5757 5756 5749
f 5754 5751 5750
f 5747 5746 5752
f 5758 5760 5757
f 5757 5748 5758
f 5662 5759 5760
f 5760 5748 5662
f 5758 5748 5760
f 5659 5757 5760
f 5760 5762 5659
f 5761 5762 5760
f 5759 5662 5659
f 5659 5762 5759
f 5761 5760 5759
f 5759 5762 5761
f 5708 5730 5735
f 5713 5725 5730
f 5703 5735 5740
f 5730 5708 5713
f 5715 5720 5725
f 5735 5703 5708
f 5725 5713 5715
f 5740 5698 5703
f 5763 5764 5698
f 5698 5740 5763
f 5765 5764 5763
f 5763 5766 5765
f 5768 5770 5767
f 5767 5766 5768
f 5768 5769 5770
f 5745 5743 5770
f 5684 5770 5743
f 5770 5771 5745
f 5770 5684 5691
f 5767 5692 5694
f 5691 5692 5770
f 5770 5692 5767
f 5696 5698 5766
f 5694 5766 5767
f 5766 5694 5696
f 5698 5764 5765
f 5765 5766 5698
f 5743 5741 5684
f 5766 5740 5739
f 5768 5738 5737
f 5739 5738 5766
f 5766 5738 5768
f 5737 5769 5768
f 5737 5744 5769
f 5772 5769 5743
f 5769 5744 5743
f 5685 5742 5744
f 5744 5737 5736
f 5744 5736 5685
f 5766 5763 5740
f 5771 5770 5769
f 5769 5772 5771
f 5773 5774 5771
f 5773 5775 5776
f 5776 5774 5773
f 5777 5776 5775
f 5771 5772 5773
f 5778 5777 5775
f 5779 5775 5773
f 5780 5773 5772
f 5772 5743 5780
f 5773 5780 5779
f 5775 5779 5778
f 5777 5778 5784
f 5781 5745 5771
f 5782 5781 5774
f 5783 5782 5776
f 5784 5783 5777
f 5776 5777 5783
f 5774 5776 5782
f 5771 5774 5781
f 5784 5778 5783
f 5778 5779 5782
f 5780 5781 5782
f 5780 5743 5745
f 5782 5783 5778
f 5745 5781 5780
f 5782 5779 5780
f 7533 5786 5785
f 7533 5785 5789
f 7533 5789 5788
f 7533 5788 5787
f 7533 5787 5786
f 5788 5789 7533
f 5787 5788 7533
f 5786 5787 7533
f 5785 5786 7533
f 5789 5785 7533
f 5793 5835 5792
f 5791 5790 5835
f 5792 5794 5795
f 5792 5790 5796
f 5796 5794 5792
f 5790 5798 5797
f 5790 5799 5798
f 5797 5796 5790
f 5791 5800 5799
f 5835 5801 5802
f 5793 5803 5804
f 5799 5790 5791
f 5835 5805 5806
f 5835 5802 5805
f 5835 5809 5808
f 5793 5804 5809
f 5793 5792 5811
f 5792 5812 5811
f 5792 5795 5812
f 5807 5801 5835
f 5811 5810 5793
f 5813 5800 5791
f 5809 5835 5793
f 5806 5813 5791
f 5808 5807 5835
f 5810 5803 5793
f 5806 5791 5835
f 5806 5814 5815
f 5813 5815 5816
f 5800 5816 5817
f 5799 5817 5818
f 5798 5818 5819
f 5797 5819 5820
f 5796 5820 5821
f 5794 5821 5822
f 5795 5822 5823
f 5812 5823 5824
f 5824 5811 5812
f 5823 5812 5795
f 5822 5795 5794
f 5821 5794 5796
f 5820 5796 5797
f 5819 5797 5798
f 5818 5798 5799
f 5817 5799 5800
f 5816 5800 5813
f 5815 5813 5806
f 5811 5824 5825
f 5810 5825 5826
f 5803 5826 5827
f 5804 5827 5828
f 5809 5828 5829
f 5808 5829 5830
f 5807 5830 5831
f 5801 5831 5832
f 5802 5832 5833
f 5805 5833 5814
f 5814 5806 5805
f 5833 5805 5802
f 5832 5802 5801
f 5831 5801 5807
f 5830 5807 5808
f 5829 5808 5809
f 5828 5809 5804
f 5827 5804 5803
f 5826 5803 5810
f 5825 5810 5811
f 2419 5833 5832
f 5814 5833 2419
f 2417 5827 5826
f 5815 5814 2419
f 2419 5816 5815
f 5828 5827 2417
f 2419 2415 5817
f 2416 5825 5824
f 5829 5828 2417
f 5817 5816 2419
f 5819 5818 2415
f 5826 5825 2416
f 5830 5829 2417
f 2418 5831 5830
f 5818 5817 2415
f 2415 2416 5821
f 5826 2416 2417
f 5832 5831 2418
f 5820 5819 2415
f 5822 5821 2416
f 5830 2417 2418
f 5821 5820 2415
f 2416 5823 5822
f 2416 5824 5823
f 5832 2418 2419
f 5834 2416 2415
f 5834 2415 2419
f 5834 2419 2418
f 5834 2418 2417
f 5834 2417 2416
f 5790 5792 5835
f 5836 5792 5835
f 5836 5835 5792
f 5868 5837 5838
f 5842 5846 5839
f 5841 5845 5843
f 5843 5840 5841
f 5845 5842 5843
f 5845 5841 5844
f 5844 6105 5845
f 5842 5845 5847
f 5849 5857 5850
f 5849 5850 5848
f 5849 5851 5852
f 5853 5854 5860
f 5855 6201 5854
f 5849 5855 5856
f 5852 5857 5849
f 5846 5849 5848
f 5943 5858 5870
f 5856 5851 5849
f 5858 5964 5870
f 5854 6201 5860
f 5848 5859 5846
f 5870 5964 5851
f 5859 5839 5846
f 5854 5856 5855
f 5856 5870 5851
f 5861 5853 5860
f 5864 5865 5863
f 5864 5922 5865
f 5866 5847 5868
f 5838 5869 5867
f 5867 5868 5838
f 5865 5838 5863
f 5865 5869 5838
f 5922 5861 5865
f 5862 5865 5861
f 5860 5862 5861
f 5846 5847 6309
f 5847 5846 5842
f 5937 5870 5930
f 5874 5871 5872
f 5876 5874 5877
f 5879 5876 5877
f 5845 5877 5880
f 5879 5877 5845
f 5878 5880 5877
f 5875 5878 5877
f 5872 5877 5874
f 5873 5875 5877
f 5881 5847 5845
f 5868 5847 5881
f 5881 5845 5880
f 5882 5880 5878
f 5883 5878 5875
f 5884 5875 5873
f 5873 5885 5884
f 5875 5884 5883
f 5878 5883 5882
f 5880 5882 5881
f 5889 5885 5886
f 5883 5884 5889
f 5882 5883 5889
f 5881 5882 5889
f 5868 5881 5889
f 5868 5889 5891
f 5890 5891 5889
f 5888 5890 5889
f 5887 5888 5889
f 5886 5887 5889
f 5885 5889 5884
f 5837 5868 5891
f 5892 5891 5890
f 5893 5890 5888
f 5894 5888 5887
f 5895 5887 5886
f 5886 6159 5895
f 5887 5895 5894
f 5888 5894 5893
f 5890 5893 5892
f 5891 5892 5837
f 5898 5896 5897
f 5899 5898 5900
f 5902 5899 5900
f 5900 5897 5901
f 6159 5901 5895
f 5901 6159 5900
f 5894 5895 5901
f 5893 5894 5901
f 5897 5900 5898
f 5892 5893 5901
f 5837 5892 5901
f 5837 5901 5897
f 5903 5863 5838
f 5838 5897 5903
f 5903 5897 5896
f 5904 5896 5898
f 5905 5898 5899
f 5906 5899 5902
f 5902 5907 5906
f 5899 5906 5905
f 5898 5905 5904
f 5896 5904 5903
f 5838 5837 5897
f 5909 5908 5863
f 5910 5909 5863
f 5911 5910 5863
f 5912 5911 5863
f 5907 5863 5906
f 5905 5906 5863
f 5904 5905 5863
f 5903 5904 5863
f 5864 5863 5908
f 5913 5908 5909
f 5914 5909 5910
f 5915 5910 5911
f 5916 5911 5912
f 5912 5917 5916
f 5911 5916 5915
f 5910 5915 5914
f 5909 5914 5913
f 5908 5913 5864
f 5918 5861 5922
f 5919 5918 5922
f 5920 5919 5922
f 5921 5920 5922
f 5917 5922 5916
f 5922 5923 5921
f 5915 5916 5922
f 5914 5915 5922
f 5913 5914 5922
f 5864 5913 5922
f 5918 5853 5861
f 5924 5854 5853
f 5853 5918 5924
f 5924 5918 5919
f 5925 5919 5920
f 5926 5920 5921
f 5927 5921 5923
f 5923 5930 5927
f 5921 5927 5926
f 5920 5926 5925
f 5919 5925 5924
f 5870 5856 5854
f 5930 5870 5927
f 5926 5927 5870
f 5925 5926 5870
f 5924 5925 5870
f 5854 5924 5870
f 5943 5870 5937
f 5933 5937 5930
f 5934 5930 5935
f 5935 5936 5934
f 5932 5935 5930
f 5931 5932 5930
f 5929 5931 5930
f 5928 5929 5930
f 5923 6182 5928
f 5928 5930 5923
f 5939 5938 5943
f 5940 5939 5943
f 5941 5940 5943
f 5942 5941 5943
f 5946 5944 5945
f 5947 5946 5949
f 5948 5947 5949
f 5945 5949 5946
f 5858 5943 5938
f 5950 5938 5939
f 5951 5939 5940
f 5952 5940 5941
f 5953 5941 5942
f 5942 5966 5953
f 5941 5953 5952
f 5940 5952 5951
f 5939 5951 5950
f 5938 5950 5858
f 5945 5942 5943
f 5949 5943 5937
f 5943 5949 5945
f 5949 5933 5954
f 5948 5954 5955
f 5947 5955 5956
f 5946 5956 5957
f 5944 5957 5958
f 5958 5945 5944
f 5957 5944 5946
f 5956 5946 5947
f 5955 5947 5948
f 5954 5948 5949
f 5959 5851 5964
f 5960 5959 5964
f 5961 5960 5964
f 5962 5961 5964
f 5963 5962 5964
f 5966 5964 5953
f 5952 5953 5964
f 5951 5952 5964
f 5950 5951 5964
f 5858 5950 5964
f 5958 5966 5942
f 5942 5945 5958
f 5971 5983 5964
f 5967 5965 5971
f 5968 5967 5971
f 5969 5968 5971
f 5971 5966 5955
f 5970 5969 5971
f 5954 5933 5971
f 5955 5954 5971
f 5956 5955 5966
f 5957 5956 5966
f 5958 5957 5966
f 5983 5971 5965
f 5852 5851 5959
f 5972 5959 5960
f 5973 5960 5961
f 5974 5961 5962
f 5975 5962 5963
f 5963 5996 5975
f 5962 5975 5974
f 5961 5974 5973
f 5960 5973 5972
f 5959 5972 5852
f 5963 5964 5983
f 5964 5966 5971
f 5970 5976 5977
f 5977 5969 5970
f 5969 5989 5978
f 5978 5968 5969
f 5968 5979 5980
f 5980 5967 5968
f 5980 5994 5967
f 5967 5994 5981
f 5981 5965 5967
f 5981 5982 5965
f 5965 5982 5983
f 5978 5979 5968
f 5977 5989 5969
f 5974 5975 5996
f 5973 5974 5996
f 5972 5973 5996
f 5852 5972 5857
f 5988 5850 5857
f 5987 5988 5857
f 5996 5857 5972
f 5986 5987 5857
f 5985 5986 5857
f 5984 5985 5857
f 5996 5963 5983
f 5979 5978 5989
f 5994 5980 5979
f 5982 5981 5994
f 5996 5983 5982
f 5998 5994 5997
f 5994 5998 5982
f 5995 5997 5994
f 5993 5995 5994
f 5992 5993 5994
f 5991 5992 5994
f 5989 5994 5979
f 5990 5991 5994
f 5976 5989 5977
f 5988 5999 6000
f 6000 5850 5988
f 6000 5848 5850
f 5987 6001 6002
f 6002 5988 5987
f 6002 5999 5988
f 5986 6003 6004
f 6004 5987 5986
f 6004 6001 5987
f 5985 6005 6006
f 6006 5986 5985
f 5984 6007 6008
f 6008 5985 5984
f 6008 6005 5985
f 6006 6003 5986
f 5982 5998 5857
f 5857 5996 5982
f 5984 5857 5998
f 5990 6009 6010
f 5991 6010 6011
f 6011 5992 5991
f 6011 6012 5992
f 5992 6012 6013
f 6013 5993 5992
f 6013 6037 5993
f 5993 6037 6014
f 6014 5995 5993
f 5995 6034 6015
f 6015 5997 5995
f 5997 6016 6017
f 6017 5998 5997
f 6015 6016 5997
f 6014 6034 5995
f 6010 5991 5990
f 6019 5859 5848
f 6019 6021 6020
f 5999 6002 6001
f 6021 6019 6023
f 6001 6004 6003
f 6023 6024 6025
f 6024 6026 6025
f 6003 6006 6005
f 6005 6007 6003
f 6027 6024 6023
f 6005 6008 6007
f 6003 6007 6023
f 6025 6022 6023
f 6022 6028 6023
f 6001 6003 6023
f 6023 6028 6021
f 5999 6001 6023
f 6020 6018 6019
f 5848 6000 5999
f 5848 5999 6023
f 5848 6023 6019
f 5859 6019 6018
f 6007 5984 5998
f 5998 6017 6007
f 6029 6030 6031
f 6033 6029 6032
f 6037 6032 6016
f 6016 6015 6034
f 6035 6033 6037
f 6034 6014 6037
f 6036 6035 6037
f 6012 6038 6037
f 6037 6013 6012
f 6049 6036 6037
f 6038 6011 6010
f 6010 6009 6038
f 6012 6011 6038
f 6016 6034 6037
f 6032 6037 6033
f 6031 6032 6029
f 6039 5842 5839
f 5839 6018 6039
f 6040 6039 6018
f 6018 6020 6040
f 6021 6041 6042
f 6042 6020 6021
f 6042 6040 6020
f 6041 6021 6028
f 6043 6058 6028
f 6028 6022 6043
f 6025 6044 6045
f 6045 6022 6025
f 6044 6025 6026
f 6046 6047 6026
f 6026 6024 6046
f 6026 6047 6044
f 6045 6043 6022
f 6028 6058 6041
f 5839 5859 6018
f 6023 6007 6016
f 6027 6023 6032
f 6024 6027 6031
f 6031 6030 6024
f 6032 6031 6027
f 6016 6032 6023
f 6017 6016 6007
f 6048 6036 6049
f 6049 6050 6048
f 6036 6048 6051
f 6035 6051 6052
f 6033 6052 6053
f 6029 6053 6054
f 6054 6030 6029
f 6053 6029 6033
f 6052 6033 6035
f 6051 6035 6036
f 6045 6044 6047
f 6058 6047 6059
f 6042 6041 6058
f 6058 6040 6042
f 6039 6040 6058
f 5842 6058 6059
f 5843 6059 6061
f 6059 5843 5842
f 6058 5842 6039
f 6060 6061 6059
f 6057 6060 6059
f 6043 6045 6058
f 6056 6057 6059
f 6047 6058 6045
f 6055 6056 6059
f 6054 6046 6024
f 6024 6030 6054
f 6048 6050 6066
f 6051 6048 6066
f 6052 6051 6066
f 6053 6052 6066
f 6068 6066 6065
f 6054 6053 6066
f 6065 6067 6068
f 6064 6065 6066
f 6063 6064 6066
f 6062 6063 6066
f 5840 5843 6061
f 6069 6061 6060
f 6070 6060 6057
f 6071 6057 6056
f 6072 6056 6055
f 6055 6086 6072
f 6056 6072 6071
f 6057 6071 6070
f 6060 6070 6069
f 6061 6069 5840
f 6066 6068 6059
f 6054 6066 6047
f 6047 6046 6054
f 6059 6047 6066
f 6055 6059 6068
f 6062 6088 6073
f 6063 6073 6074
f 6064 6074 6075
f 6065 6075 6076
f 6067 6076 6077
f 6077 6068 6067
f 6076 6067 6065
f 6075 6065 6064
f 6074 6064 6063
f 6073 6063 6062
f 6071 6072 5841
f 6070 6071 5841
f 6069 6070 5841
f 5840 6069 5841
f 5841 6081 6083
f 6082 6083 6081
f 6080 6082 6081
f 6079 6080 6081
f 6078 6079 6081
f 6086 5841 6072
f 6077 6086 6055
f 6055 6068 6077
f 6074 6073 6088
f 6075 6074 6088
f 6076 6075 6086
f 6077 6076 6086
f 6081 6088 6089
f 6081 5841 6088
f 6087 6089 6088
f 6085 6087 6088
f 6088 6086 6075
f 6084 6085 6088
f 6083 6090 5844
f 5844 5841 6083
f 6090 6105 5844
f 6090 6083 6082
f 6091 6082 6080
f 6092 6080 6079
f 6093 6079 6078
f 6078 6101 6093
f 6079 6093 6092
f 6080 6092 6091
f 6082 6091 6090
f 6086 6088 5841
f 6084 6088 6094
f 6094 6095 6084
f 6094 6096 6095
f 6084 6095 6097
f 6085 6097 6098
f 6087 6098 6099
f 6089 6099 6100
f 6100 6081 6089
f 6099 6089 6087
f 6098 6087 6085
f 6097 6085 6084
f 6092 6093 6101
f 6091 6092 6105
f 6090 6091 6105
f 6104 6106 6105
f 6103 6104 6105
f 6101 6105 6092
f 6102 6103 6105
f 6100 6101 6078
f 6078 6081 6100
f 6097 6095 6096
f 6098 6097 6096
f 6099 6098 6096
f 6111 6096 6109
f 6100 6099 6096
f 6109 6110 6111
f 6108 6109 6096
f 6107 6108 6096
f 5879 5845 6105
f 5879 6105 6106
f 5876 6106 6104
f 5874 6104 6103
f 5871 6103 6102
f 6102 5872 5871
f 6103 5871 5874
f 6104 5874 5876
f 6106 5876 5879
f 6111 6112 5872
f 5872 6102 6111
f 6101 6100 6096
f 6105 6096 6111
f 6111 6102 6105
f 6096 6105 6101
f 6113 6115 6114
f 6107 6096 6115
f 6115 6113 6107
f 6107 6113 6116
f 6108 6116 6117
f 6109 6117 6118
f 6110 6118 6112
f 6112 6111 6110
f 6118 6110 6109
f 6117 6109 6108
f 6116 6108 6107
f 5872 6112 6123
f 5877 6123 6127
f 5877 6127 6119
f 6119 5873 5877
f 6123 5877 5872
f 6114 6123 6113
f 6116 6113 6123
f 6134 6122 6121
f 6117 6116 6123
f 6121 6125 6124
f 6118 6117 6123
f 6124 6126 6127
f 6112 6118 6123
f 6127 6129 6128
f 6128 6119 6127
f 6124 6127 6123
f 6121 6124 6123
f 6134 6121 6123
f 6120 6122 6134
f 5885 5873 6119
f 6119 6130 5885
f 6131 6132 6140
f 6120 6134 6133
f 6133 6131 6120
f 6133 6132 6131
f 6135 6121 6122
f 6122 6131 6135
f 6136 6124 6125
f 6125 6135 6136
f 6137 6127 6126
f 6126 6136 6137
f 6126 6124 6136
f 6138 6128 6129
f 6129 6137 6138
f 6129 6127 6137
f 6128 6138 6130
f 6130 6119 6128
f 6125 6121 6135
f 6122 6120 6131
f 5885 6130 6139
f 6139 5886 5885
f 6131 6140 6141
f 6135 6131 6141
f 6136 6135 6141
f 6141 6143 6144
f 6137 6136 6144
f 6144 6145 6146
f 6146 6148 6144
f 6138 6137 6148
f 6130 6138 6139
f 6148 6149 6139
f 6148 6139 6138
f 6146 6147 6148
f 6144 6148 6137
f 6141 6144 6136
f 6140 6142 6141
f 5886 6139 6150
f 6150 6159 5886
f 6151 6141 6142
f 6142 6152 6151
f 6142 6140 6152
f 6153 6144 6143
f 6143 6151 6153
f 6143 6141 6151
f 6154 6146 6145
f 6145 6153 6154
f 6155 6148 6147
f 6147 6154 6155
f 6150 6139 6149
f 6149 6155 6150
f 6149 6148 6155
f 6147 6146 6154
f 6145 6144 6153
f 6161 5900 6159
f 6157 6156 6161
f 6158 6157 6161
f 6160 6158 6161
f 6161 6159 6153
f 6151 6152 6161
f 6153 6151 6161
f 6154 6153 6159
f 6155 6154 6159
f 6150 6155 6159
f 5900 6161 6156
f 5900 6162 5907
f 5907 5902 5900
f 6163 6160 6164
f 6164 6165 6163
f 6160 6161 6164
f 6160 6163 6166
f 6158 6166 6167
f 6157 6167 6168
f 6156 6168 6162
f 6162 5900 6156
f 6168 6156 6157
f 6167 6157 6158
f 6166 6158 6160
f 5912 5863 6169
f 6162 6165 5907
f 5863 5907 6165
f 6171 6170 6165
f 6172 6171 6165
f 6173 6172 6165
f 6174 6173 6165
f 6166 6163 6165
f 6167 6166 6165
f 6168 6167 6165
f 6162 6168 6165
f 6169 5863 6165
f 6169 6165 6170
f 5912 6169 6175
f 6175 5917 5912
f 6174 6176 6177
f 6173 6177 6178
f 6172 6178 6179
f 6171 6179 6180
f 6170 6180 6175
f 6175 6169 6170
f 6180 6170 6171
f 6179 6171 6172
f 6178 6172 6173
f 6177 6173 6174
f 6183 6181 6182
f 6184 6183 6187
f 6185 6184 6187
f 6176 6187 6177
f 6178 6177 6187
f 6187 6186 6185
f 6179 6178 6187
f 6180 6179 6187
f 6182 6187 6183
f 6175 6180 6187
f 5922 6187 6182
f 5923 5922 6182
f 5922 5917 6187
f 6175 6187 5917
f 6185 6186 6188
f 6188 5935 6185
f 6188 5936 5935
f 6185 5935 5932
f 6184 5932 5931
f 6183 5931 5929
f 6181 5929 5928
f 5928 6182 6181
f 5929 6181 6183
f 5931 6183 6184
f 5932 6184 6185
f 6193 6190 6189
f 6192 6190 6193
f 6193 6194 6192
f 6196 6194 6193
f 6196 6193 6201
f 6199 6197 6196
f 6199 6196 6201
f 5849 6200 6199
f 5849 6199 6201
f 5860 6201 6203
f 6201 5855 5849
f 6202 6203 6201
f 6198 6202 6201
f 6195 6198 6201
f 6191 6195 6201
f 6189 6204 6193
f 6203 5862 5860
f 6205 5865 5862
f 5862 6203 6205
f 6205 6203 6202
f 6206 6202 6198
f 6207 6198 6195
f 6208 6195 6191
f 6191 6209 6208
f 6195 6208 6207
f 6198 6207 6206
f 6202 6206 6205
f 6207 6208 6209
f 6206 6207 5869
f 6205 6206 5869
f 5865 6205 5869
f 6212 5867 5869
f 6211 6212 5869
f 6210 6211 5869
f 6209 6210 5869
f 6209 5869 6207
f 6213 6214 6209
f 6209 6191 6213
f 6212 6255 6215
f 6215 5867 6212
f 6215 5868 5867
f 6211 6216 6217
f 6217 6212 6211
f 6217 6255 6212
f 6210 6219 6218
f 6218 6211 6210
f 6209 6260 6219
f 6219 6210 6209
f 6218 6216 6211
f 6214 6235 6209
f 6222 6220 6235
f 6224 6222 6235
f 6226 6224 6235
f 6235 6214 6226
f 6225 6227 6235
f 6223 6225 6235
f 6221 6223 6235
f 6236 6235 6220
f 6221 6228 6229
f 6229 6223 6221
f 6223 6230 6231
f 6231 6225 6223
f 6227 6225 6232
f 6225 6233 6232
f 6227 6234 6235
f 6260 6209 6235
f 6232 6234 6227
f 6231 6233 6225
f 6229 6230 6223
f 6220 6237 6236
f 6238 6239 6237
f 6237 6220 6238
f 6238 6220 6222
f 6240 6222 6224
f 6241 6224 6226
f 6242 6226 6214
f 6214 6213 6242
f 6226 6242 6241
f 6224 6241 6240
f 6222 6240 6238
f 6252 6244 6245
f 6247 6243 6252
f 6248 6247 6252
f 6249 6248 6252
f 6251 6249 6252
f 6213 6250 6242
f 6250 6213 6252
f 6241 6242 6250
f 6240 6241 6250
f 6238 6240 6250
f 6239 6238 6250
f 6246 6250 6252
f 6244 6252 6243
f 6216 6218 6219
f 6219 6253 6254
f 6255 6217 6216
f 6216 6254 6255
f 5868 6215 6255
f 5868 6255 6256
f 6254 6216 6219
f 6267 6219 6260
f 6230 6258 6257
f 6233 6230 6234
f 6234 6232 6233
f 6260 6235 6234
f 6234 6259 6260
f 6230 6259 6234
f 6233 6231 6230
f 6228 6258 6230
f 6228 6230 6229
f 5866 5868 6256
f 6256 6261 5866
f 6261 6255 6254
f 6262 6254 6253
f 6253 6263 6262
f 6263 6219 6267
f 6253 6219 6263
f 6254 6262 6261
f 6256 6255 6261
f 6264 6257 6258
f 6258 6265 6264
f 6258 6228 6265
f 6257 6264 6266
f 6266 6276 6259
f 6276 6260 6259
f 6260 6276 6267
f 6259 6230 6266
f 6266 6230 6257
f 6262 6263 6267
f 6261 6262 6267
f 5866 6261 6267
f 5847 6267 6272
f 6267 5847 5866
f 6271 6272 6267
f 6270 6271 6267
f 6269 6270 6267
f 6268 6269 6267
f 6264 6265 6276
f 6266 6264 6276
f 6278 6276 6275
f 6275 6277 6278
f 6274 6275 6276
f 6273 6274 6276
f 5847 6273 6276
f 6050 6114 6115
f 6062 6050 6088
f 6062 6066 6050
f 6283 6050 6049
f 6164 6152 6140
f 6152 6164 6161
f 5847 6133 6134
f 6050 6115 6096
f 5847 6134 5845
f 6050 6096 6094
f 5845 6050 5847
f 5847 6132 6133
f 5847 6279 6280
f 5847 6050 6279
f 6140 6228 6221
f 6265 6228 6140
f 6140 6132 6265
f 6221 6164 6140
f 6132 6276 6265
f 6132 5847 6276
f 6165 6164 6236
f 6221 6235 6164
f 6164 6235 6236
f 6165 6236 6176
f 6176 6174 6165
f 6186 6187 6236
f 6236 6187 6176
f 6186 6236 6237
f 6186 6237 6239
f 5949 5937 5933
f 5933 5970 5971
f 6245 5933 5934
f 5933 6245 5976
f 5933 5930 5934
f 5976 5970 5933
f 6188 6239 6250
f 6009 5990 6244
f 5934 6246 6252
f 6246 5934 5936
f 6282 6038 6009
f 6245 5989 5976
f 6245 6244 5994
f 6250 5936 6188
f 5990 5994 6244
f 6037 6282 6049
f 5994 5989 6245
f 5936 6250 6246
f 6037 6038 6282
f 5934 6252 6245
f 6049 6282 6283
f 6283 6290 6279
f 6290 6286 6279
f 6286 6284 6279
f 6244 6282 6009
f 6239 6188 6186
f 5847 6280 6281
f 6279 6284 6280
f 6123 6114 6134
f 6094 6088 6050
f 6050 6283 6279
f 6114 6050 5845
f 6114 5845 6134
f 6287 6285 6290
f 6289 6287 6290
f 6292 6289 6290
f 6296 6290 6293
f 6294 6292 6290
f 6293 6295 6296
f 6291 6293 6290
f 6288 6291 6290
f 6283 6288 6290
f 6286 6290 6285
f 6303 6298 6310
f 6306 6304 6303
f 6309 6303 6310
f 6309 6307 6306
f 5846 6309 6310
f 5846 6310 6312
f 6311 6312 6310
f 6308 6311 6310
f 6303 6309 6306
f 6305 6308 6310
f 6303 6300 6301
f 6302 6305 6310
f 6298 6303 6301
f 6299 6302 6310
f 6298 6301 6297
f 6285 6280 6284
f 6285 6273 6281
f 6281 6280 6285
f 5847 6281 6273
f 6273 6285 6287
f 6274 6287 6289
f 6275 6289 6292
f 6277 6292 6294
f 6294 6278 6277
f 6292 6277 6275
f 6289 6275 6274
f 6287 6274 6273
f 6284 6286 6285
f 6294 6298 6268
f 6268 6278 6294
f 6276 6278 6267
f 6268 6267 6278
f 6309 5847 6272
f 6271 6306 6307
f 6307 6272 6271
f 6307 6309 6272
f 6270 6303 6304
f 6304 6271 6270
f 6269 6301 6300
f 6300 6270 6269
f 6268 6298 6297
f 6297 6269 6268
f 6297 6301 6269
f 6300 6303 6270
f 6304 6306 6271
f 6243 6288 6282
f 6288 6283 6282
f 6288 6243 6247
f 6291 6247 6248
f 6293 6248 6249
f 6295 6249 6251
f 6251 6296 6295
f 6249 6295 6293
f 6248 6293 6291
f 6247 6291 6288
f 6282 6244 6243
f 6251 6204 6299
f 6299 6296 6251
f 6290 6296 6298
f 6294 6290 6298
f 6310 6298 6296
f 6299 6310 6296
f 6252 6213 6201
f 6251 6252 6193
f 6193 6204 6251
f 6201 6193 6252
f 6191 6201 6213
f 6312 5849 5846
f 6311 6199 6200
f 6200 6312 6311
f 6308 6196 6197
f 6197 6311 6308
f 6305 6192 6194
f 6194 6308 6305
f 6194 6196 6308
f 6302 6189 6190
f 6190 6305 6302
f 6190 6192 6305
f 6189 6302 6299
f 6299 6204 6189
f 6197 6199 6311
f 6200 5849 6312
f 6314 6358 6377
f 6315 6316 6317
f 6317 6358 6315
f 6317 6318 6358
f 6732 6318 6319
f 6323 6321 6322
f 6494 6323 6320
f 6321 6323 6324
f 6322 6320 6323
f 6505 6325 6442
f 6326 6442 6325
f 6324 6505 6321
f 6776 6327 6627
f 6313 6776 6627
f 6732 6776 6358
f 6776 6328 6327
f 6351 6329 6732
f 6330 6741 6331
f 6332 6328 6333
f 6334 6331 6335
f 6331 6332 6330
f 6333 6336 6332
f 6741 6335 6331
f 6328 6338 6333
f 6332 6336 6330
f 6328 6776 6338
f 6334 6339 6337
f 6335 6339 6334
f 6340 6341 6342
f 6337 6343 6344
f 6344 6341 6337
f 6325 6346 6348
f 6352 6349 6353
f 6349 6355 6353
f 6350 6329 6351
f 6356 6355 6354
f 6356 6353 6355
f 6350 6352 6329
f 6354 6326 6356
f 6356 6326 6325
f 6348 6356 6325
f 6353 6329 6352
f 6347 6348 6346
f 6345 6347 6346
f 6340 6337 6341
f 6313 6358 6776
f 6319 6351 6732
f 6318 6732 6358
f 6387 6316 6315
f 6358 6314 6315
f 6313 6377 6358
f 6787 6357 6358
f 6357 6787 6358
f 6321 6505 6360
f 6361 6360 6362
f 6363 6362 6364
f 6365 6364 6366
f 6367 6366 6368
f 6368 6446 6367
f 6366 6367 6365
f 6364 6365 6363
f 6362 6363 6361
f 6360 6361 6321
f 6372 6369 6370
f 6374 6372 6377
f 6376 6374 6377
f 6378 6379 6377
f 6375 6378 6377
f 6373 6375 6377
f 6370 6377 6372
f 6371 6373 6377
f 6380 6315 6314
f 6314 6379 6380
f 6380 6387 6315
f 6314 6377 6379
f 6380 6379 6378
f 6381 6378 6375
f 6382 6375 6373
f 6383 6373 6371
f 6371 6656 6383
f 6373 6383 6382
f 6375 6382 6381
f 6378 6381 6380
f 6382 6383 6657
f 6381 6382 6387
f 6387 6657 6386
f 6380 6381 6387
f 6388 6389 6387
f 6386 6388 6387
f 6385 6386 6657
f 6657 6387 6382
f 6384 6385 6657
f 6656 6657 6383
f 6390 6317 6316
f 6316 6389 6390
f 6390 6389 6388
f 6391 6388 6386
f 6392 6386 6385
f 6393 6385 6384
f 6384 6396 6393
f 6385 6393 6392
f 6386 6392 6391
f 6388 6391 6390
f 6316 6387 6389
f 6399 6394 6395
f 6392 6393 6396
f 6391 6392 6396
f 6400 6403 6399
f 6399 6401 6400
f 6390 6391 6397
f 6317 6390 6397
f 6318 6397 6403
f 6404 6318 6403
f 6403 6405 6404
f 6397 6318 6317
f 6402 6405 6403
f 6399 6403 6397
f 6396 6397 6391
f 6398 6401 6399
f 6404 6406 6319
f 6406 6351 6319
f 6319 6318 6404
f 6407 6405 6402
f 6406 6404 6405
f 6405 6407 6406
f 6408 6403 6400
f 6402 6403 6408
f 6408 6409 6402
f 6400 6401 6410
f 6410 6401 6398
f 6398 6417 6410
f 6398 6399 6411
f 6411 6399 6395
f 6395 6412 6411
f 6412 6395 6394
f 6394 6413 6412
f 6411 6417 6398
f 6410 6416 6400
f 6400 6416 6408
f 6402 6409 6407
f 6411 6413 6417
f 6417 6416 6410
f 6409 6416 6417
f 6409 6406 6407
f 6351 6406 6409
f 6352 6417 6421
f 6417 6352 6350
f 6409 6350 6351
f 6420 6421 6417
f 6419 6420 6417
f 6417 6350 6409
f 6416 6409 6408
f 6418 6419 6417
f 6415 6418 6417
f 6411 6412 6413
f 6414 6415 6417
f 6349 6352 6421
f 6422 6421 6420
f 6423 6420 6419
f 6424 6419 6418
f 6425 6418 6415
f 6426 6415 6414
f 6414 6427 6426
f 6415 6426 6425
f 6418 6425 6424
f 6419 6424 6423
f 6420 6423 6422
f 6421 6422 6349
f 6436 6355 6349
f 6430 6429 6355
f 6432 6431 6430
f 6432 6430 6436
f 6434 6433 6432
f 6434 6432 6436
f 6427 6435 6434
f 6427 6436 6426
f 6425 6426 6436
f 6424 6425 6436
f 6436 6427 6434
f 6423 6424 6436
f 6422 6423 6436
f 6349 6422 6436
f 6355 6436 6430
f 6354 6355 6428
f 6437 6442 6326
f 6326 6428 6437
f 6326 6354 6428
f 6437 6355 6429
f 6429 6438 6437
f 6438 6430 6431
f 6431 6439 6438
f 6431 6432 6439
f 6439 6432 6433
f 6433 6440 6439
f 6433 6434 6440
f 6440 6434 6435
f 6435 6441 6440
f 6435 6427 6441
f 6429 6430 6438
f 6428 6355 6437
f 6440 6441 6442
f 6439 6440 6442
f 6438 6439 6442
f 6437 6438 6442
f 6360 6505 6442
f 6362 6360 6442
f 6364 6362 6442
f 6366 6364 6442
f 6368 6366 6442
f 6441 6443 6444
f 6442 6444 6445
f 6445 6368 6442
f 6444 6442 6441
f 6365 6367 6446
f 6363 6365 6449
f 6361 6363 6449
f 6322 6449 6451
f 6321 6361 6322
f 6451 6452 6322
f 6449 6322 6361
f 6450 6451 6449
f 6448 6450 6449
f 6446 6449 6365
f 6447 6448 6449
f 6446 6368 6445
f 6445 6453 6446
f 6457 6455 6444
f 6459 6457 6444
f 6445 6444 6460
f 6443 6459 6444
f 6460 6461 6445
f 6458 6460 6444
f 6456 6458 6444
f 6454 6456 6444
f 6427 6443 6441
f 6454 6466 6462
f 6456 6462 6463
f 6458 6463 6464
f 6460 6464 6465
f 6461 6465 6453
f 6453 6445 6461
f 6465 6461 6460
f 6464 6460 6458
f 6463 6458 6456
f 6462 6456 6454
f 6463 6462 6466
f 6464 6463 6466
f 6465 6464 6466
f 6472 6466 6470
f 6453 6465 6466
f 6470 6471 6472
f 6469 6470 6466
f 6468 6469 6466
f 6467 6468 6466
f 6446 6453 6466
f 6449 6466 6472
f 6472 6447 6449
f 6466 6449 6446
f 6320 6322 6452
f 6473 6452 6451
f 6474 6451 6450
f 6475 6450 6448
f 6476 6448 6447
f 6447 6477 6476
f 6448 6476 6475
f 6450 6475 6474
f 6451 6474 6473
f 6452 6473 6320
f 6467 6491 6478
f 6468 6478 6479
f 6469 6479 6480
f 6470 6480 6481
f 6471 6481 6482
f 6482 6472 6471
f 6481 6471 6470
f 6480 6470 6469
f 6479 6469 6468
f 6478 6468 6467
f 6475 6476 6494
f 6474 6475 6494
f 6473 6474 6494
f 6320 6473 6494
f 6323 6494 6487
f 6486 6487 6494
f 6485 6486 6494
f 6484 6485 6494
f 6483 6484 6494
f 6477 6494 6476
f 6472 6482 6477
f 6477 6447 6472
f 6479 6478 6491
f 6480 6479 6491
f 6481 6480 6491
f 6482 6481 6491
f 6494 6491 6493
f 6492 6493 6491
f 6490 6492 6491
f 6489 6490 6491
f 6488 6489 6491
f 6324 6323 6487
f 6495 6487 6486
f 6496 6486 6485
f 6497 6485 6484
f 6498 6484 6483
f 6483 6499 6498
f 6484 6498 6497
f 6485 6497 6496
f 6486 6496 6495
f 6487 6495 6324
f 6482 6491 6477
f 6494 6477 6491
f 6488 6444 6500
f 6489 6500 6501
f 6490 6501 6502
f 6492 6502 6503
f 6493 6503 6504
f 6504 6494 6493
f 6503 6493 6492
f 6502 6492 6490
f 6501 6490 6489
f 6500 6489 6488
f 6499 6505 6498
f 6497 6498 6505
f 6505 6514 6506
f 6496 6497 6505
f 6495 6496 6505
f 6324 6495 6505
f 6508 6325 6505
f 6507 6508 6505
f 6506 6507 6505
f 6514 6509 6506
f 6504 6499 6483
f 6483 6494 6504
f 6501 6500 6499
f 6502 6501 6499
f 6503 6502 6499
f 6514 6499 6513
f 6499 6504 6503
f 6512 6513 6499
f 6511 6512 6499
f 6510 6511 6499
f 6711 6510 6499
f 6444 6711 6499
f 6444 6499 6500
f 6515 6346 6325
f 6515 6325 6508
f 6516 6508 6507
f 6517 6507 6506
f 6518 6506 6509
f 6509 6524 6518
f 6506 6518 6517
f 6507 6517 6516
f 6508 6516 6515
f 6514 6505 6499
f 6510 6711 6519
f 6510 6519 6520
f 6511 6520 6521
f 6512 6521 6522
f 6513 6522 6523
f 6523 6514 6513
f 6522 6513 6512
f 6521 6512 6511
f 6520 6511 6510
f 6524 6525 6518
f 6517 6518 6525
f 6516 6517 6525
f 6515 6516 6525
f 6346 6515 6525
f 6344 6343 6527
f 6525 6343 6346
f 6526 6527 6343
f 6538 6526 6343
f 6343 6528 6538
f 6523 6524 6509
f 6509 6514 6523
f 6520 6519 6532
f 6521 6520 6532
f 6522 6521 6532
f 6528 6532 6533
f 6532 6523 6522
f 6533 6534 6528
f 6531 6533 6532
f 6530 6531 6532
f 6529 6530 6532
f 6341 6344 6527
f 6535 6527 6526
f 6536 6526 6538
f 6528 6537 6538
f 6538 6537 6536
f 6526 6536 6535
f 6527 6535 6341
f 6532 6528 6343
f 6525 6524 6532
f 6523 6532 6524
f 6343 6525 6532
f 6529 6548 6539
f 6530 6539 6540
f 6531 6540 6541
f 6533 6541 6542
f 6534 6542 6543
f 6543 6528 6534
f 6542 6534 6533
f 6541 6533 6531
f 6540 6531 6530
f 6539 6530 6529
f 6536 6537 6342
f 6535 6536 6342
f 6341 6535 6342
f 6547 6340 6342
f 6546 6547 6342
f 6545 6546 6342
f 6544 6545 6342
f 6543 6537 6528
f 6540 6539 6548
f 6541 6540 6548
f 6542 6541 6548
f 6543 6542 6548
f 6537 6548 6552
f 6551 6552 6548
f 6550 6551 6548
f 6549 6550 6548
f 6337 6340 6553
f 6553 6340 6547
f 6554 6547 6546
f 6555 6546 6545
f 6556 6545 6544
f 6544 6563 6556
f 6545 6556 6555
f 6546 6555 6554
f 6547 6554 6553
f 6543 6548 6537
f 6544 6342 6537
f 6557 6549 6558
f 6549 6548 6558
f 6549 6557 6559
f 6550 6559 6560
f 6551 6560 6561
f 6552 6561 6562
f 6562 6537 6552
f 6561 6552 6551
f 6560 6551 6550
f 6559 6550 6549
f 6558 6576 6557
f 6555 6556 6563
f 6554 6555 6337
f 6553 6554 6337
f 6337 6566 6568
f 6569 6334 6337
f 6568 6569 6337
f 6567 6568 6566
f 6565 6567 6566
f 6563 6337 6555
f 6564 6565 6566
f 6537 6562 6563
f 6563 6544 6537
f 6559 6557 6576
f 6576 6570 6572
f 6560 6559 6573
f 6561 6560 6573
f 6562 6561 6573
f 6577 6578 6576
f 6575 6577 6576
f 6574 6575 6576
f 6572 6574 6576
f 6576 6573 6559
f 6571 6572 6570
f 6569 6579 6580
f 6580 6334 6569
f 6580 6331 6334
f 6568 6596 6581
f 6581 6569 6568
f 6581 6579 6569
f 6567 6582 6583
f 6583 6568 6567
f 6565 6584 6585
f 6585 6567 6565
f 6564 6586 6587
f 6587 6565 6564
f 6587 6584 6565
f 6585 6582 6567
f 6583 6596 6568
f 6563 6562 6573
f 6337 6573 6576
f 6566 6576 6578
f 6578 6564 6566
f 6576 6566 6337
f 6573 6337 6563
f 6571 6606 6588
f 6572 6588 6589
f 6574 6589 6590
f 6575 6590 6591
f 6577 6591 6592
f 6592 6578 6577
f 6591 6577 6575
f 6590 6575 6574
f 6589 6574 6572
f 6588 6572 6571
f 6579 6332 6331
f 6594 6593 6579
f 6595 6594 6579
f 6579 6581 6596
f 6597 6595 6596
f 6596 6583 6582
f 6598 6597 6582
f 6582 6585 6584
f 6584 6586 6582
f 6599 6598 6586
f 6584 6587 6586
f 6582 6586 6598
f 6596 6582 6597
f 6579 6596 6595
f 6331 6580 6579
f 6332 6579 6593
f 6592 6586 6564
f 6564 6578 6592
f 6605 6601 6592
f 6602 6600 6605
f 6603 6602 6605
f 6604 6603 6605
f 6606 6604 6605
f 6606 6605 6588
f 6589 6588 6605
f 6590 6589 6605
f 6591 6590 6605
f 6592 6591 6605
f 6601 6605 6600
f 6607 6627 6327
f 6327 6593 6607
f 6327 6328 6593
f 6594 6608 6609
f 6609 6593 6594
f 6595 6625 6610
f 6610 6594 6595
f 6597 6611 6612
f 6612 6595 6597
f 6612 6625 6595
f 6598 6613 6614
f 6614 6597 6598
f 6614 6611 6597
f 6613 6598 6599
f 6599 6615 6613
f 6610 6608 6594
f 6609 6607 6593
f 6328 6332 6593
f 6601 6599 6586
f 6586 6592 6601
f 6616 6604 6617
f 6604 6606 6618
f 6618 6617 6604
f 6617 6790 6616
f 6604 6616 6619
f 6603 6619 6620
f 6602 6620 6621
f 6600 6621 6622
f 6622 6601 6600
f 6621 6600 6602
f 6620 6602 6603
f 6619 6603 6604
f 6611 6614 6613
f 6625 6612 6611
f 6608 6610 6625
f 6607 6608 6627
f 6607 6609 6608
f 6628 6629 6627
f 6625 6627 6608
f 6626 6628 6627
f 6624 6626 6627
f 6623 6624 6627
f 6613 6615 6611
f 6615 6599 6601
f 6601 6622 6615
f 6619 6616 6790
f 6620 6619 6633
f 6621 6620 6633
f 6622 6621 6633
f 6634 6635 6633
f 6632 6634 6633
f 6631 6632 6633
f 6630 6631 6633
f 6790 6633 6619
f 6629 6377 6313
f 6377 6629 6376
f 6376 6629 6628
f 6374 6628 6626
f 6372 6626 6624
f 6369 6624 6623
f 6623 6370 6369
f 6624 6369 6372
f 6626 6372 6374
f 6628 6374 6376
f 6313 6627 6629
f 6635 6636 6370
f 6370 6623 6635
f 6615 6622 6633
f 6627 6633 6635
f 6635 6623 6627
f 6633 6627 6625
f 6633 6625 6611
f 6633 6611 6615
f 6637 6630 6638
f 6638 6785 6637
f 6630 6633 6638
f 6630 6637 6639
f 6631 6639 6640
f 6632 6640 6641
f 6634 6641 6636
f 6636 6635 6634
f 6641 6634 6632
f 6640 6632 6631
f 6639 6631 6630
f 6370 6636 6785
f 6377 6785 6642
f 6642 6371 6377
f 6785 6377 6370
f 6639 6637 6785
f 6640 6639 6785
f 6641 6640 6785
f 6642 6785 6645
f 6636 6641 6785
f 6645 6646 6642
f 6644 6645 6785
f 6643 6644 6785
f 6656 6371 6642
f 6642 6647 6656
f 6648 6643 6649
f 6649 6650 6648
f 6643 6785 6649
f 6643 6648 6651
f 6644 6651 6652
f 6645 6652 6653
f 6646 6653 6647
f 6647 6642 6646
f 6653 6646 6645
f 6652 6645 6644
f 6651 6644 6643
f 6656 6650 6657
f 6651 6648 6650
f 6652 6651 6656
f 6653 6652 6656
f 6647 6653 6656
f 6657 6650 6659
f 6658 6659 6650
f 6655 6658 6650
f 6654 6655 6650
f 6650 6656 6651
f 6396 6384 6657
f 6660 6654 6661
f 6654 6650 6661
f 6661 6662 6660
f 6654 6788 6663
f 6663 6655 6654
f 6655 6664 6665
f 6665 6658 6655
f 6665 6668 6658
f 6658 6668 6666
f 6666 6659 6658
f 6666 6667 6659
f 6667 6657 6659
f 6667 6396 6657
f 6663 6664 6655
f 6660 6788 6654
f 6667 6394 6399
f 6667 6399 6397
f 6667 6397 6396
f 6664 6663 6788
f 6668 6788 6669
f 6668 6665 6664
f 6667 6666 6668
f 6670 6671 6669
f 6671 6672 6669
f 6672 6673 6669
f 6673 6674 6669
f 6674 6675 6669
f 6667 6669 6675
f 6668 6669 6667
f 6788 6668 6664
f 6662 6788 6660
f 6413 6394 6667
f 6667 6676 6413
f 6671 6670 6677
f 6677 6678 6671
f 6672 6671 6679
f 6671 6678 6679
f 6672 6687 6680
f 6680 6673 6672
f 6680 6693 6673
f 6673 6693 6681
f 6681 6674 6673
f 6674 6682 6683
f 6683 6675 6674
f 6675 6684 6676
f 6676 6667 6675
f 6683 6684 6675
f 6681 6682 6674
f 6679 6687 6672
f 6677 6789 6678
f 6686 6685 6417
f 6676 6686 6413
f 6417 6413 6686
f 6414 6417 6685
f 6687 6789 6696
f 6690 6691 6694
f 6688 6692 6690
f 6680 6687 6693
f 6693 6687 6696
f 6694 6695 6697
f 6693 6686 6681
f 6686 6693 6696
f 6683 6682 6686
f 6686 6684 6683
f 6685 6696 6697
f 6697 6698 6699
f 6699 6685 6697
f 6676 6684 6686
f 6699 6700 6685
f 6696 6685 6686
f 6682 6681 6686
f 6694 6697 6696
f 6694 6688 6690
f 6688 6694 6696
f 6679 6678 6687
f 6689 6692 6688
f 6789 6687 6678
f 6701 6427 6414
f 6414 6685 6701
f 6702 6690 6692
f 6692 6703 6702
f 6692 6689 6703
f 6704 6694 6691
f 6691 6702 6704
f 6691 6690 6702
f 6705 6697 6695
f 6695 6704 6705
f 6695 6694 6704
f 6706 6699 6698
f 6698 6705 6706
f 6701 6685 6700
f 6700 6706 6701
f 6700 6699 6706
f 6698 6697 6705
f 6708 6707 6427
f 6709 6708 6427
f 6710 6709 6427
f 6808 6710 6427
f 6702 6703 6427
f 6704 6702 6427
f 6705 6704 6427
f 6706 6705 6427
f 6701 6706 6427
f 6444 6710 6711
f 6710 6808 6711
f 6710 6444 6455
f 6709 6455 6457
f 6708 6457 6459
f 6707 6459 6443
f 6443 6427 6707
f 6459 6707 6708
f 6457 6708 6709
f 6455 6709 6710
f 6712 6346 6343
f 6712 6345 6346
f 6712 6347 6345
f 6713 6348 6347
f 6347 6712 6713
f 6713 6712 6714
f 6715 6714 6716
f 6717 6716 6718
f 6719 6718 6720
f 6720 6721 6719
f 6718 6719 6717
f 6716 6717 6715
f 6714 6715 6713
f 6343 6337 6712
f 6727 6353 6356
f 6727 6356 6348
f 6723 6722 6727
f 6724 6723 6727
f 6725 6724 6727
f 6726 6725 6727
f 6721 6727 6719
f 6717 6719 6727
f 6715 6717 6727
f 6713 6715 6727
f 6348 6713 6727
f 6353 6727 6722
f 6722 6728 6329
f 6728 6732 6329
f 6728 6722 6723
f 6729 6723 6724
f 6730 6724 6725
f 6731 6725 6726
f 6726 6734 6731
f 6725 6731 6730
f 6724 6730 6729
f 6723 6729 6728
f 6329 6353 6722
f 6734 6732 6733
f 6734 6733 6731
f 6730 6731 6733
f 6729 6730 6733
f 6728 6729 6733
f 6733 6732 6728
f 6338 6732 6734
f 6734 6738 6338
f 6732 6338 6776
f 6735 6333 6338
f 6736 6735 6338
f 6737 6736 6338
f 6742 6737 6338
f 6738 6742 6338
f 6735 6739 6740
f 6740 6333 6735
f 6740 6336 6333
f 6739 6735 6736
f 6737 6741 6736
f 6736 6741 6739
f 6336 6740 6739
f 6741 6737 6742
f 6741 6336 6739
f 6330 6336 6741
f 6741 6742 6335
f 6712 6337 6339
f 6743 6339 6335
f 6714 6712 6743
f 6716 6714 6743
f 6718 6716 6743
f 6743 6720 6718
f 6335 6742 6743
f 6339 6743 6712
f 6721 6720 6745
f 6745 6744 6721
f 6720 6743 6745
f 6747 6752 6743
f 6748 6746 6745
f 6749 6748 6752
f 6751 6749 6752
f 6754 6751 6752
f 6755 6756 6752
f 6753 6755 6752
f 6750 6753 6752
f 6747 6750 6752
f 6745 6752 6748
f 6745 6743 6752
f 6755 6768 6757
f 6757 6756 6755
f 6757 6770 6756
f 6753 6758 6759
f 6759 6755 6753
f 6759 6768 6755
f 6750 6760 6761
f 6761 6753 6750
f 6747 6763 6762
f 6762 6750 6747
f 6743 6742 6763
f 6763 6747 6743
f 6762 6760 6750
f 6761 6758 6753
f 6763 6765 6764
f 6763 6761 6760
f 6758 6761 6763
f 6763 6766 6767
f 6768 6759 6758
f 6758 6767 6768
f 6770 6757 6768
f 6770 6768 6769
f 6767 6758 6763
f 6760 6762 6763
f 6742 6765 6763
f 6771 6770 6769
f 6769 6772 6771
f 6772 6768 6767
f 6773 6767 6766
f 6766 6774 6773
f 6774 6763 6764
f 6738 6775 6765
f 6775 6764 6765
f 6765 6742 6738
f 6764 6775 6774
f 6766 6763 6774
f 6767 6773 6772
f 6769 6768 6772
f 6774 6775 6738
f 6773 6774 6738
f 6772 6773 6738
f 6771 6772 6738
f 6734 6776 6738
f 6781 6734 6780
f 6781 6776 6734
f 6781 6783 6359
f 6782 6783 6781
f 6780 6782 6781
f 6779 6780 6734
f 6778 6779 6734
f 6777 6778 6734
f 6784 6777 6734
f 6734 6726 6784
f 6786 6638 6633
f 6359 6788 6358
f 6488 6491 6467
f 6467 6466 6488
f 6466 6454 6444
f 6444 6488 6466
f 6359 6789 6677
f 6787 6788 6662
f 6788 6359 6670
f 6670 6669 6788
f 6787 6661 6650
f 6650 6649 6787
f 6790 6358 6786
f 6787 6785 6357
f 6357 6785 6786
f 6787 6357 6358
f 6357 6786 6358
f 6788 6787 6358
f 6359 6358 6776
f 6617 6618 6776
f 6689 6791 6792
f 6792 6427 6703
f 6792 6703 6689
f 6689 6688 6791
f 6789 6791 6696
f 6688 6696 6791
f 6427 6792 6808
f 6519 6711 6793
f 6519 6793 6794
f 6558 6548 6529
f 6794 6795 6532
f 6529 6795 6558
f 6529 6532 6795
f 6606 6770 6771
f 6606 6756 6770
f 6571 6752 6756
f 6754 6570 6576
f 6754 6752 6571
f 6771 6618 6606
f 6756 6606 6571
f 6571 6570 6754
f 6558 6795 6754
f 6738 6776 6618
f 6771 6738 6618
f 6754 6576 6558
f 6532 6519 6794
f 6359 6791 6789
f 6358 6790 6776
f 6786 6633 6790
f 6785 6787 6649
f 6662 6661 6787
f 6677 6670 6359
f 6790 6617 6776
f 6776 6781 6359
f 6638 6786 6785
f 6783 6791 6359
f 6796 6792 6791
f 6791 6783 6796
f 6782 6797 6798
f 6798 6783 6782
f 6780 6799 6800
f 6800 6782 6780
f 6779 6801 6802
f 6802 6780 6779
f 6802 6799 6780
f 6778 6803 6804
f 6804 6779 6778
f 6804 6801 6779
f 6803 6778 6777
f 6777 6784 6803
f 6800 6797 6782
f 6798 6796 6783
f 6805 6804 6803
f 6801 6804 6805
f 6805 6802 6801
f 6799 6802 6805
f 6799 6805 6808
f 6797 6800 6799
f 6797 6799 6808
f 6796 6798 6797
f 6792 6797 6808
f 6711 6808 6810
f 6797 6792 6796
f 6809 6810 6808
f 6807 6809 6808
f 6806 6807 6808
f 6744 6806 6808
f 6803 6784 6805
f 6810 6793 6711
f 6751 6794 6793
f 6793 6810 6751
f 6751 6795 6794
f 6751 6754 6795
f 6751 6810 6809
f 6749 6809 6807
f 6748 6807 6806
f 6746 6806 6744
f 6744 6745 6746
f 6806 6746 6748
f 6807 6748 6749
f 6809 6749 6751
f 6727 6721 6808
f 6726 6727 6805
f 6805 6784 6726
f 6808 6805 6727
f 6744 6808 6721
f 6842 6811 6812
f 6816 6820 6813
f 6815 6819 6817
f 6817 6814 6815
f 6819 6816 6817
f 6819 6815 6818
f 6818 7079 6819
f 6816 6819 6821
f 6823 6831 6824
f 6823 6824 6822
f 6823 6825 6826
f 6827 6828 6834
f 6829 7175 6828
f 6823 6829 6830
f 6826 6831 6823
f 6820 6823 6822
f 6917 6832 6844
f 6830 6825 6823
f 6832 6938 6844
f 6828 7175 6834
f 6822 6833 6820
f 6844 6938 6825
f 6833 6813 6820
f 6828 6830 6829
f 6830 6844 6825
f 6835 6827 6834
f 6838 6839 6837
f 6838 6896 6839
f 6840 6821 6842
f 6812 6843 6841
f 6841 6842 6812
f 6839 6812 6837
f 6839 6843 6812
f 6896 6835 6839
f 6836 6839 6835
f 6834 6836 6835
f 6820 6821 7283
f 6821 6820 6816
f 6911 6844 6904
f 6848 6845 6846
f 6850 6848 6851
f 6853 6850 6851
f 6819 6851 6854
f 6853 6851 6819
f 6852 6854 6851
f 6849 6852 6851
f 6846 6851 6848
f 6847 6849 6851
f 6855 6821 6819
f 6842 6821 6855
f 6855 6819 6854
f 6856 6854 6852
f 6857 6852 6849
f 6858 6849 6847
f 6847 6859 6858
f 6849 6858 6857
f 6852 6857 6856
f 6854 6856 6855
f 6863 6859 6860
f 6857 6858 6863
f 6856 6857 6863
f 6855 6856 6863
f 6842 6855 6863
f 6842 6863 6865
f 6864 6865 6863
f 6862 6864 6863
f 6861 6862 6863
f 6860 6861 6863
f 6859 6863 6858
f 6811 6842 6865
f 6866 6865 6864
f 6867 6864 6862
f 6868 6862 6861
f 6869 6861 6860
f 6860 7133 6869
f 6861 6869 6868
f 6862 6868 6867
f 6864 6867 6866
f 6865 6866 6811
f 6872 6870 6871
f 6873 6872 6874
f 6876 6873 6874
f 6874 6871 6875
f 7133 6875 6869
f 6875 7133 6874
f 6868 6869 6875
f 6867 6868 6875
f 6871 6874 6872
f 6866 6867 6875
f 6811 6866 6875
f 6811 6875 6871
f 6877 6837 6812
f 6812 6871 6877
f 6877 6871 6870
f 6878 6870 6872
f 6879 6872 6873
f 6880 6873 6876
f 6876 6881 6880
f 6873 6880 6879
f 6872 6879 6878
f 6870 6878 6877
f 6812 6811 6871
f 6883 6882 6837
f 6884 6883 6837
f 6885 6884 6837
f 6886 6885 6837
f 6881 6837 6880
f 6879 6880 6837
f 6878 6879 6837
f 6877 6878 6837
f 6838 6837 6882
f 6887 6882 6883
f 6888 6883 6884
f 6889 6884 6885
f 6890 6885 6886
f 6886 6891 6890
f 6885 6890 6889
f 6884 6889 6888
f 6883 6888 6887
f 6882 6887 6838
f 6892 6835 6896
f 6893 6892 6896
f 6894 6893 6896
f 6895 6894 6896
f 6891 6896 6890
f 6896 6897 6895
f 6889 6890 6896
f 6888 6889 6896
f 6887 6888 6896
f 6838 6887 6896
f 6892 6827 6835
f 6898 6828 6827
f 6827 6892 6898
f 6898 6892 6893
f 6899 6893 6894
f 6900 6894 6895
f 6901 6895 6897
f 6897 6904 6901
f 6895 6901 6900
f 6894 6900 6899
f 6893 6899 6898
f 6844 6830 6828
f 6904 6844 6901
f 6900 6901 6844
f 6899 6900 6844
f 6898 6899 6844
f 6828 6898 6844
f 6917 6844 6911
f 6907 6911 6904
f 6908 6904 6909
f 6909 6910 6908
f 6906 6909 6904
f 6905 6906 6904
f 6903 6905 6904
f 6902 6903 6904
f 6897 7156 6902
f 6902 6904 6897
f 6913 6912 6917
f 6914 6913 6917
f 6915 6914 6917
f 6916 6915 6917
f 6920 6918 6919
f 6921 6920 6923
f 6922 6921 6923
f 6919 6923 6920
f 6832 6917 6912
f 6924 6912 6913
f 6925 6913 6914
f 6926 6914 6915
f 6927 6915 6916
f 6916 6940 6927
f 6915 6927 6926
f 6914 6926 6925
f 6913 6925 6924
f 6912 6924 6832
f 6919 6916 6917
f 6923 6917 6911
f 6917 6923 6919
f 6923 6907 6928
f 6922 6928 6929
f 6921 6929 6930
f 6920 6930 6931
f 6918 6931 6932
f 6932 6919 6918
f 6931 6918 6920
f 6930 6920 6921
f 6929 6921 6922
f 6928 6922 6923
f 6933 6825 6938
f 6934 6933 6938
f 6935 6934 6938
f 6936 6935 6938
f 6937 6936 6938
f 6940 6938 6927
f 6926 6927 6938
f 6925 6926 6938
f 6924 6925 6938
f 6832 6924 6938
f 6932 6940 6916
f 6916 6919 6932
f 6945 6957 6938
f 6941 6939 6945
f 6942 6941 6945
f 6943 6942 6945
f 6945 6940 6929
f 6944 6943 6945
f 6928 6907 6945
f 6929 6928 6945
f 6930 6929 6940
f 6931 6930 6940
f 6932 6931 6940
f 6957 6945 6939
f 6826 6825 6933
f 6946 6933 6934
f 6947 6934 6935
f 6948 6935 6936
f 6949 6936 6937
f 6937 6970 6949
f 6936 6949 6948
f 6935 6948 6947
f 6934 6947 6946
f 6933 6946 6826
f 6937 6938 6957
f 6938 6940 6945
f 6944 6950 6951
f 6951 6943 6944
f 6943 6963 6952
f 6952 6942 6943
f 6942 6953 6954
f 6954 6941 6942
f 6954 6968 6941
f 6941 6968 6955
f 6955 6939 6941
f 6955 6956 6939
f 6939 6956 6957
f 6952 6953 6942
f 6951 6963 6943
f 6948 6949 6970
f 6947 6948 6970
f 6946 6947 6970
f 6826 6946 6831
f 6962 6824 6831
f 6961 6962 6831
f 6970 6831 6946
f 6960 6961 6831
f 6959 6960 6831
f 6958 6959 6831
f 6970 6937 6957
f 6953 6952 6963
f 6968 6954 6953
f 6956 6955 6968
f 6970 6957 6956
f 6972 6968 6971
f 6968 6972 6956
f 6969 6971 6968
f 6967 6969 6968
f 6966 6967 6968
f 6965 6966 6968
f 6963 6968 6953
f 6964 6965 6968
f 6950 6963 6951
f 6962 6973 6974
f 6974 6824 6962
f 6974 6822 6824
f 6961 6975 6976
f 6976 6962 6961
f 6976 6973 6962
f 6960 6977 6978
f 6978 6961 6960
f 6978 6975 6961
f 6959 6979 6980
f 6980 6960 6959
f 6958 6981 6982
f 6982 6959 6958
f 6982 6979 6959
f 6980 6977 6960
f 6956 6972 6831
f 6831 6970 6956
f 6958 6831 6972
f 6964 6983 6984
f 6965 6984 6985
f 6985 6966 6965
f 6985 6986 6966
f 6966 6986 6987
f 6987 6967 6966
f 6987 7011 6967
f 6967 7011 6988
f 6988 6969 6967
f 6969 7008 6989
f 6989 6971 6969
f 6971 6990 6991
f 6991 6972 6971
f 6989 6990 6971
f 6988 7008 6969
f 6984 6965 6964
f 6993 6833 6822
f 6993 6995 6994
f 6973 6976 6975
f 6995 6993 6997
f 6975 6978 6977
f 6997 6998 6999
f 6998 7000 6999
f 6977 6980 6979
f 6979 6981 6977
f 7001 6998 6997
f 6979 6982 6981
f 6977 6981 6997
f 6999 6996 6997
f 6996 7002 6997
f 6975 6977 6997
f 6997 7002 6995
f 6973 6975 6997
f 6994 6992 6993
f 6822 6974 6973
f 6822 6973 6997
f 6822 6997 6993
f 6833 6993 6992
f 6981 6958 6972
f 6972 6991 6981
f 7003 7004 7005
f 7007 7003 7006
f 7011 7006 6990
f 6990 6989 7008
f 7009 7007 7011
f 7008 6988 7011
f 7010 7009 7011
f 6986 7012 7011
f 7011 6987 6986
f 7023 7010 7011
f 7012 6985 6984
f 6984 6983 7012
f 6986 6985 7012
f 6990 7008 7011
f 7006 7011 7007
f 7005 7006 7003
f 7013 6816 6813
f 6813 6992 7013
f 7014 7013 6992
f 6992 6994 7014
f 6995 7015 7016
f 7016 6994 6995
f 7016 7014 6994
f 7015 6995 7002
f 7017 7032 7002
f 7002 6996 7017
f 6999 7018 7019
f 7019 6996 6999
f 7018 6999 7000
f 7020 7021 7000
f 7000 6998 7020
f 7000 7021 7018
f 7019 7017 6996
f 7002 7032 7015
f 6813 6833 6992
f 6997 6981 6990
f 7001 6997 7006
f 6998 7001 7005
f 7005 7004 6998
f 7006 7005 7001
f 6990 7006 6997
f 6991 6990 6981
f 7022 7010 7023
f 7023 7024 7022
f 7010 7022 7025
f 7009 7025 7026
f 7007 7026 7027
f 7003 7027 7028
f 7028 7004 7003
f 7027 7003 7007
f 7026 7007 7009
f 7025 7009 7010
f 7019 7018 7021
f 7032 7021 7033
f 7016 7015 7032
f 7032 7014 7016
f 7013 7014 7032
f 6816 7032 7033
f 6817 7033 7035
f 7033 6817 6816
f 7032 6816 7013
f 7034 7035 7033
f 7031 7034 7033
f 7017 7019 7032
f 7030 7031 7033
f 7021 7032 7019
f 7029 7030 7033
f 7028 7020 6998
f 6998 7004 7028
f 7022 7024 7040
f 7025 7022 7040
f 7026 7025 7040
f 7027 7026 7040
f 7042 7040 7039
f 7028 7027 7040
f 7039 7041 7042
f 7038 7039 7040
f 7037 7038 7040
f 7036 7037 7040
f 6814 6817 7035
f 7043 7035 7034
f 7044 7034 7031
f 7045 7031 7030
f 7046 7030 7029
f 7029 7060 7046
f 7030 7046 7045
f 7031 7045 7044
f 7034 7044 7043
f 7035 7043 6814
f 7040 7042 7033
f 7028 7040 7021
f 7021 7020 7028
f 7033 7021 7040
f 7029 7033 7042
f 7036 7062 7047
f 7037 7047 7048
f 7038 7048 7049
f 7039 7049 7050
f 7041 7050 7051
f 7051 7042 7041
f 7050 7041 7039
f 7049 7039 7038
f 7048 7038 7037
f 7047 7037 7036
f 7045 7046 6815
f 7044 7045 6815
f 7043 7044 6815
f 6814 7043 6815
f 6815 7055 7057
f 7056 7057 7055
f 7054 7056 7055
f 7053 7054 7055
f 7052 7053 7055
f 7060 6815 7046
f 7051 7060 7029
f 7029 7042 7051
f 7048 7047 7062
f 7049 7048 7062
f 7050 7049 7060
f 7051 7050 7060
f 7055 7062 7063
f 7055 6815 7062
f 7061 7063 7062
f 7059 7061 7062
f 7062 7060 7049
f 7058 7059 7062
f 7057 7064 6818
f 6818 6815 7057
f 7064 7079 6818
f 7064 7057 7056
f 7065 7056 7054
f 7066 7054 7053
f 7067 7053 7052
f 7052 7075 7067
f 7053 7067 7066
f 7054 7066 7065
f 7056 7065 7064
f 7060 7062 6815
f 7058 7062 7068
f 7068 7069 7058
f 7068 7070 7069
f 7058 7069 7071
f 7059 7071 7072
f 7061 7072 7073
f 7063 7073 7074
f 7074 7055 7063
f 7073 7063 7061
f 7072 7061 7059
f 7071 7059 7058
f 7066 7067 7075
f 7065 7066 7079
f 7064 7065 7079
f 7078 7080 7079
f 7077 7078 7079
f 7075 7079 7066
f 7076 7077 7079
f 7074 7075 7052
f 7052 7055 7074
f 7071 7069 7070
f 7072 7071 7070
f 7073 7072 7070
f 7085 7070 7083
f 7074 7073 7070
f 7083 7084 7085
f 7082 7083 7070
f 7081 7082 7070
f 6853 6819 7079
f 6853 7079 7080
f 6850 7080 7078
f 6848 7078 7077
f 6845 7077 7076
f 7076 6846 6845
f 7077 6845 6848
f 7078 6848 6850
f 7080 6850 6853
f 7085 7086 6846
f 6846 7076 7085
f 7075 7074 7070
f 7079 7070 7085
f 7085 7076 7079
f 7070 7079 7075
f 7087 7089 7088
f 7081 7070 7089
f 7089 7087 7081
f 7081 7087 7090
f 7082 7090 7091
f 7083 7091 7092
f 7084 7092 7086
f 7086 7085 7084
f 7092 7084 7083
f 7091 7083 7082
f 7090 7082 7081
f 6846 7086 7097
f 6851 7097 7101
f 6851 7101 7093
f 7093 6847 6851
f 7097 6851 6846
f 7088 7097 7087
f 7090 7087 7097
f 7108 7096 7095
f 7091 7090 7097
f 7095 7099 7098
f 7092 7091 7097
f 7098 7100 7101
f 7086 7092 7097
f 7101 7103 7102
f 7102 7093 7101
f 7098 7101 7097
f 7095 7098 7097
f 7108 7095 7097
f 7094 7096 7108
f 6859 6847 7093
f 7093 7104 6859
f 7105 7106 7114
f 7094 7108 7107
f 7107 7105 7094
f 7107 7106 7105
f 7109 7095 7096
f 7096 7105 7109
f 7110 7098 7099
f 7099 7109 7110
f 7111 7101 7100
f 7100 7110 7111
f 7100 7098 7110
f 7112 7102 7103
f 7103 7111 7112
f 7103 7101 7111
f 7102 7112 7104
f 7104 7093 7102
f 7099 7095 7109
f 7096 7094 7105
f 6859 7104 7113
f 7113 6860 6859
f 7105 7114 7115
f 7109 7105 7115
f 7110 7109 7115
f 7115 7117 7118
f 7111 7110 7118
f 7118 7119 7120
f 7120 7122 7118
f 7112 7111 7122
f 7104 7112 7113
f 7122 7123 7113
f 7122 7113 7112
f 7120 7121 7122
f 7118 7122 7111
f 7115 7118 7110
f 7114 7116 7115
f 6860 7113 7124
f 7124 7133 6860
f 7125 7115 7116
f 7116 7126 7125
f 7116 7114 7126
f 7127 7118 7117
f 7117 7125 7127
f 7117 7115 7125
f 7128 7120 7119
f 7119 7127 7128
f 7129 7122 7121
f 7121 7128 7129
f 7124 7113 7123
f 7123 7129 7124
f 7123 7122 7129
f 7121 7120 7128
f 7119 7118 7127
f 7135 6874 7133
f 7131 7130 7135
f 7132 7131 7135
f 7134 7132 7135
f 7135 7133 7127
f 7125 7126 7135
f 7127 7125 7135
f 7128 7127 7133
f 7129 7128 7133
f 7124 7129 7133
f 6874 7135 7130
f 6874 7136 6881
f 6881 6876 6874
f 7137 7134 7138
f 7138 7139 7137
f 7134 7135 7138
f 7134 7137 7140
f 7132 7140 7141
f 7131 7141 7142
f 7130 7142 7136
f 7136 6874 7130
f 7142 7130 7131
f 7141 7131 7132
f 7140 7132 7134
f 6886 6837 7143
f 7136 7139 6881
f 6837 6881 7139
f 7145 7144 7139
f 7146 7145 7139
f 7147 7146 7139
f 7148 7147 7139
f 7140 7137 7139
f 7141 7140 7139
f 7142 7141 7139
f 7136 7142 7139
f 7143 6837 7139
f 7143 7139 7144
f 6886 7143 7149
f 7149 6891 6886
f 7148 7150 7151
f 7147 7151 7152
f 7146 7152 7153
f 7145 7153 7154
f 7144 7154 7149
f 7149 7143 7144
f 7154 7144 7145
f 7153 7145 7146
f 7152 7146 7147
f 7151 7147 7148
f 7157 7155 7156
f 7158 7157 7161
f 7159 7158 7161
f 7150 7161 7151
f 7152 7151 7161
f 7161 7160 7159
f 7153 7152 7161
f 7154 7153 7161
f 7156 7161 7157
f 7149 7154 7161
f 6896 7161 7156
f 6897 6896 7156
f 6896 6891 7161
f 7149 7161 6891
f 7159 7160 7162
f 7162 6909 7159
f 7162 6910 6909
f 7159 6909 6906
f 7158 6906 6905
f 7157 6905 6903
f 7155 6903 6902
f 6902 7156 7155
f 6903 7155 7157
f 6905 7157 7158
f 6906 7158 7159
f 7167 7164 7163
f 7166 7164 7167
f 7167 7168 7166
f 7170 7168 7167
f 7170 7167 7175
f 7173 7171 7170
f 7173 7170 7175
f 6823 7174 7173
f 6823 7173 7175
f 6834 7175 7177
f 7175 6829 6823
f 7176 7177 7175
f 7172 7176 7175
f 7169 7172 7175
f 7165 7169 7175
f 7163 7178 7167
f 7177 6836 6834
f 7179 6839 6836
f 6836 7177 7179
f 7179 7177 7176
f 7180 7176 7172
f 7181 7172 7169
f 7182 7169 7165
f 7165 7183 7182
f 7169 7182 7181
f 7172 7181 7180
f 7176 7180 7179
f 7181 7182 7183
f 7180 7181 6843
f 7179 7180 6843
f 6839 7179 6843
f 7186 6841 6843
f 7185 7186 6843
f 7184 7185 6843
f 7183 7184 6843
f 7183 6843 7181
f 7187 7188 7183
f 7183 7165 7187
f 7186 7229 7189
f 7189 6841 7186
f 7189 6842 6841
f 7185 7190 7191
f 7191 7186 7185
f 7191 7229 7186
f 7184 7193 7192
f 7192 7185 7184
f 7183 7234 7193
f 7193 7184 7183
f 7192 7190 7185
f 7188 7209 7183
f 7196 7194 7209
f 7198 7196 7209
f 7200 7198 7209
f 7209 7188 7200
f 7199 7201 7209
f 7197 7199 7209
f 7195 7197 7209
f 7210 7209 7194
f 7195 7202 7203
f 7203 7197 7195
f 7197 7204 7205
f 7205 7199 7197
f 7201 7199 7206
f 7199 7207 7206
f 7201 7208 7209
f 7234 7183 7209
f 7206 7208 7201
f 7205 7207 7199
f 7203 7204 7197
f 7194 7211 7210
f 7212 7213 7211
f 7211 7194 7212
f 7212 7194 7196
f 7214 7196 7198
f 7215 7198 7200
f 7216 7200 7188
f 7188 7187 7216
f 7200 7216 7215
f 7198 7215 7214
f 7196 7214 7212
f 7226 7218 7219
f 7221 7217 7226
f 7222 7221 7226
f 7223 7222 7226
f 7225 7223 7226
f 7187 7224 7216
f 7224 7187 7226
f 7215 7216 7224
f 7214 7215 7224
f 7212 7214 7224
f 7213 7212 7224
f 7220 7224 7226
f 7218 7226 7217
f 7190 7192 7193
f 7193 7227 7228
f 7229 7191 7190
f 7190 7228 7229
f 6842 7189 7229
f 6842 7229 7230
f 7228 7190 7193
f 7241 7193 7234
f 7204 7232 7231
f 7207 7204 7208
f 7208 7206 7207
f 7234 7209 7208
f 7208 7233 7234
f 7204 7233 7208
f 7207 7205 7204
f 7202 7232 7204
f 7202 7204 7203
f 6840 6842 7230
f 7230 7235 6840
f 7235 7229 7228
f 7236 7228 7227
f 7227 7237 7236
f 7237 7193 7241
f 7227 7193 7237
f 7228 7236 7235
f 7230 7229 7235
f 7238 7231 7232
f 7232 7239 7238
f 7232 7202 7239
f 7231 7238 7240
f 7240 7250 7233
f 7250 7234 7233
f 7234 7250 7241
f 7233 7204 7240
f 7240 7204 7231
f 7236 7237 7241
f 7235 7236 7241
f 6840 7235 7241
f 6821 7241 7246
f 7241 6821 6840
f 7245 7246 7241
f 7244 7245 7241
f 7243 7244 7241
f 7242 7243 7241
f 7238 7239 7250
f 7240 7238 7250
f 7252 7250 7249
f 7249 7251 7252
f 7248 7249 7250
f 7247 7248 7250
f 6821 7247 7250
f 7024 7088 7089
f 7036 7024 7062
f 7036 7040 7024
f 7257 7024 7023
f 7138 7126 7114
f 7126 7138 7135
f 6821 7107 7108
f 7024 7089 7070
f 6821 7108 6819
f 7024 7070 7068
f 6819 7024 6821
f 6821 7106 7107
f 6821 7253 7254
f 6821 7024 7253
f 7114 7202 7195
f 7239 7202 7114
f 7114 7106 7239
f 7195 7138 7114
f 7106 7250 7239
f 7106 6821 7250
f 7139 7138 7210
f 7195 7209 7138
f 7138 7209 7210
f 7139 7210 7150
f 7150 7148 7139
f 7160 7161 7210
f 7210 7161 7150
f 7160 7210 7211
f 7160 7211 7213
f 6923 6911 6907
f 6907 6944 6945
f 7219 6907 6908
f 6907 7219 6950
f 6907 6904 6908
f 6950 6944 6907
f 7162 7213 7224
f 6983 6964 7218
f 6908 7220 7226
f 7220 6908 6910
f 7256 7012 6983
f 7219 6963 6950
f 7219 7218 6968
f 7224 6910 7162
f 6964 6968 7218
f 7011 7256 7023
f 6968 6963 7219
f 6910 7224 7220
f 7011 7012 7256
f 6908 7226 7219
f 7023 7256 7257
f 7257 7264 7253
f 7264 7260 7253
f 7260 7258 7253
f 7218 7256 6983
f 7213 7162 7160
f 6821 7254 7255
f 7253 7258 7254
f 7097 7088 7108
f 7068 7062 7024
f 7024 7257 7253
f 7088 7024 6819
f 7088 6819 7108
f 7261 7259 7264
f 7263 7261 7264
f 7266 7263 7264
f 7270 7264 7267
f 7268 7266 7264
f 7267 7269 7270
f 7265 7267 7264
f 7262 7265 7264
f 7257 7262 7264
f 7260 7264 7259
f 7277 7272 7284
f 7280 7278 7277
f 7283 7277 7284
f 7283 7281 7280
f 6820 7283 7284
f 6820 7284 7286
f 7285 7286 7284
f 7282 7285 7284
f 7277 7283 7280
f 7279 7282 7284
f 7277 7274 7275
f 7276 7279 7284
f 7272 7277 7275
f 7273 7276 7284
f 7272 7275 7271
f 7259 7254 7258
f 7259 7247 7255
f 7255 7254 7259
f 6821 7255 7247
f 7247 7259 7261
f 7248 7261 7263
f 7249 7263 7266
f 7251 7266 7268
f 7268 7252 7251
f 7266 7251 7249
f 7263 7249 7248
f 7261 7248 7247
f 7258 7260 7259
f 7268 7272 7242
f 7242 7252 7268
f 7250 7252 7241
f 7242 7241 7252
f 7283 6821 7246
f 7245 7280 7281
f 7281 7246 7245
f 7281 7283 7246
f 7244 7277 7278
f 7278 7245 7244
f 7243 7275 7274
f 7274 7244 7243
f 7242 7272 7271
f 7271 7243 7242
f 7271 7275 7243
f 7274 7277 7244
f 7278 7280 7245
f 7217 7262 7256
f 7262 7257 7256
f 7262 7217 7221
f 7265 7221 7222
f 7267 7222 7223
f 7269 7223 7225
f 7225 7270 7269
f 7223 7269 7267
f 7222 7267 7265
f 7221 7265 7262
f 7256 7218 7217
f 7225 7178 7273
f 7273 7270 7225
f 7264 7270 7272
f 7268 7264 7272
f 7284 7272 7270
f 7273 7284 7270
f 7226 7187 7175
f 7225 7226 7167
f 7167 7178 7225
f 7175 7167 7226
f 7165 7175 7187
f 7286 6823 6820
f 7285 7173 7174
f 7174 7286 7285
f 7282 7170 7171
f 7171 7285 7282
f 7279 7166 7168
f 7168 7282 7279
f 7168 7170 7282
f 7276 7163 7164
f 7164 7279 7276
f 7164 7166 7279
f 7163 7276 7273
f 7273 7178 7163
f 7171 7173 7285
f 7174 6823 7286
f 7287 7288 7289
f 7289 7299 7297
f 7288 7287 7290
f 7287 7289 7297
f 7291 7292 7293
f 7291 7294 7295
f 7296 7293 7308
f 7295 7292 7291
f 7293 7296 7291
f 7295 7294 7288
f 7297 7317 7298
f 7289 7288 7317
f 7317 7297 7289
f 7300 7289 7288
f 7300 7299 7289
f 7300 7288 7294
f 7301 7294 7291
f 7302 7291 7296
f 7303 7304 838
f 7296 7420 7303
f 7308 7420 7296
f 7296 7303 7302
f 7291 7302 7301
f 7294 7301 7300
f 7302 7305 7306
f 7300 7307 7299
f 7300 7301 7306
f 7303 7305 7302
f 7306 7307 7300
f 7306 7301 7302
f 7420 7308 7293
f 7303 7420 7293
f 7305 7303 7293
f 7306 7305 7292
f 7307 7306 7295
f 7289 7299 7307
f 7288 7289 7307
f 7295 7288 7307
f 7292 7295 7306
f 7293 7292 7305
f 7312 7310 7313
f 7313 7314 7312
f 7312 7314 7309
f 7311 7313 7310
f 7288 7290 7317
f 7290 7287 7298
f 7297 7298 7287
f 7298 7317 7290
f 7299 7289 7297
f 7318 7319 7320
f 7318 7321 7322
f 7323 7324 7350
f 7323 7325 7320
f 7322 7319 7318
f 7320 7324 7323
f 7331 7322 7321
f 7320 7325 7318
f 7323 7326 7327
f 7323 7350 7326
f 7323 7327 7328
f 7325 7328 7329
f 7318 7329 7330
f 7321 7332 7333
f 7333 7331 7321
f 7321 7330 7334
f 7334 7332 7321
f 4584 7334 7330
f 7330 7321 7318
f 7329 7318 7325
f 7328 7325 7323
f 7335 7322 7336
f 7336 4584 7335
f 7322 7337 7338
f 7322 7331 7337
f 7338 7336 7322
f 7319 7322 7335
f 7320 7319 7339
f 7324 7320 7340
f 7385 7350 7324
f 7324 7341 7342
f 7342 7385 7324
f 7341 7368 7342
f 7340 7341 7324
f 7339 7340 7320
f 7335 7339 7319
f 7329 7339 7335
f 7329 7328 7340
f 7330 7335 4584
f 7340 7339 7329
f 7327 7341 7340
f 7335 7330 7329
f 7368 7341 7327
f 7340 7328 7327
f 7343 7344 7345
f 7344 7346 7347
f 7350 7347 7346
f 7347 7345 7344
f 7343 7353 7348
f 7344 7348 7349
f 7346 7349 7352
f 7352 7350 7346
f 7349 7346 7344
f 7348 7344 7343
f 7347 7352 7351
f 7347 7350 7386
f 7345 7347 7351
f 7343 7345 7348
f 7348 7353 7343
f 7351 7348 7345
f 7352 7349 7351
f 7351 7349 7348
f 7354 7380 7355
f 7355 7356 7354
f 7357 7358 7359
f 7364 7359 7358
f 7360 7364 7358
f 7361 7358 7357
f 7362 7357 7468
f 7357 7362 7361
f 7358 7361 7360
f 7364 7360 7365
f 7363 7362 7357
f 7360 7363 7359
f 7365 7360 7364
f 7359 7364 7360
f 7357 7359 7363
f 7468 7357 7362
f 7361 7363 7360
f 7363 7361 7362
f 7366 7367 7378
f 7366 7354 7356
f 7356 7367 7366
f 7368 7367 7369
f 7367 7370 7371
f 7367 7372 7373
f 7373 7370 7367
f 7371 7369 7367
f 7367 7356 7372
f 7378 7367 7368
f 7366 7374 7381
f 7366 7375 7376
f 7377 7366 7368
f 7377 7375 7366
f 7376 7374 7366
f 7381 7354 7366
f 7368 7366 7378
f 7326 7350 7386
f 7382 7380 7381
f 7381 7380 7354
f 7379 7382 7374
f 7326 7386 7368
f 7327 7326 7368
f 7386 7350 7352
f 7376 7375 7386
f 7375 7377 7386
f 7377 7368 7386
f 7386 7379 7376
f 7374 7376 7379
f 7381 7374 7382
f 7352 7380 7386
f 7382 7386 7380
f 7386 7382 7379
f 7383 7355 7380
f 7386 7385 7342
f 7384 7370 7373
f 7352 7373 7372
f 7383 7372 7356
f 7385 7386 7350
f 7386 7368 7369
f 7370 7384 7386
f 7386 7371 7370
f 7386 7369 7371
f 7352 7347 7386
f 7356 7355 7383
f 7372 7383 7352
f 7373 7352 7384
f 7368 7386 7342
f 7352 7386 7384
f 7380 7352 7383
f 7459 4140 7388
f 4140 7468 7387
f 7387 7388 4140
f 7391 7390 7392
f 7393 7392 7417
f 838 7389 7391
f 7394 7391 7393
f 7395 7393 7417
f 7397 7394 7395
f 7398 7395 7417
f 7304 838 7397
f 7399 7397 7398
f 7400 7398 7403
f 7402 7399 7400
f 7304 7402 7403
f 7303 838 7304
f 7408 7482 7404
f 7404 7482 7405
f 7477 7406 7405
f 7408 7406 7477
f 7425 7409 4064
f 4064 7407 7425
f 7474 7482 7408
f 7422 7408 7477
f 7316 7409 7411
f 7316 7411 7331
f 7308 7420 7412
f 7390 7415 7416
f 7487 7415 7389
f 7415 7390 7389
f 7417 7392 7462
f 7392 7416 7462
f 7407 4064 4584
f 7401 7403 7417
f 7420 7482 7418
f 7482 7474 7419
f 7419 7418 7482
f 7419 7474 7420
f 7410 7453 7421
f 7413 7421 7453
f 7423 7422 7410
f 7411 7409 7424
f 7425 7424 7409
f 7407 7338 7426
f 7337 7427 7426
f 7426 7338 7337
f 7427 7337 7411
f 4064 7409 7483
f 7483 7409 7316
f 7483 7316 7477
f 7308 7412 7414
f 7308 7414 7431
f 7469 7453 7316
f 7428 7463 7474
f 7469 7413 7453
f 7309 7452 7469
f 7452 7428 7469
f 7309 7463 7473
f 7428 7473 7463
f 7473 7429 7309
f 7414 7474 7463
f 7463 7430 7414
f 7431 7313 7311
f 7313 7431 7432
f 7432 7314 7313
f 7432 7433 7314
f 7463 7309 7314
f 7314 7433 7463
f 4064 7483 4584
f 7483 7477 7405
f 7482 7403 7483
f 7483 7401 7434
f 7401 7435 7436
f 7436 7434 7401
f 7436 7435 7437
f 7396 7438 7437
f 7437 7438 7436
f 7434 7439 7483
f 7483 7439 7454
f 7413 7474 7475
f 7475 7422 7413
f 7417 7389 7468
f 7454 7438 7396
f 7482 7483 7405
f 7431 7311 7315
f 7430 7431 7414
f 7429 7452 7309
f 7469 7474 7413
f 7423 7413 7422
f 7468 7486 7417
f 7417 7435 7401
f 7416 7392 7390
f 409 7389 838
f 7315 7308 7431
f 7412 7474 7414
f 7337 7331 7411
f 7477 7453 7410
f 7474 7412 7420
f 7477 7410 7422
f 7408 7422 7475
f 7408 7475 7474
f 7336 7338 7407
f 7304 7482 7420
f 7304 7420 7303
f 4584 7336 7407
f 7403 7482 7304
f 7400 7403 7402
f 7399 7402 7304
f 7401 7483 7403
f 7398 7400 7399
f 7397 7399 7304
f 7417 7403 7398
f 7395 7398 7397
f 7394 7397 838
f 7468 7454 7396
f 7393 7395 7394
f 7391 7394 838
f 7468 7483 7454
f 7392 7393 7391
f 7390 7391 7389
f 7389 7417 7487
f 7387 7468 7362
f 7468 7389 409
f 7437 7435 7440
f 7484 7440 7435
f 7435 7417 7484
f 7440 7396 7437
f 7486 7484 7417
f 7411 7424 7478
f 7411 7441 7427
f 7426 7427 7441
f 7441 7442 7426
f 7407 7426 7442
f 7407 7443 7425
f 7424 7425 7443
f 7443 7478 7424
f 7423 7410 7444
f 7444 7476 7423
f 7413 7423 7476
f 7476 7445 7413
f 7421 7413 7445
f 7445 7446 7421
f 7410 7421 7446
f 7446 7444 7410
f 7408 7404 7447
f 7447 7448 7408
f 7406 7408 7448
f 7448 7480 7406
f 7405 7406 7480
f 7480 7449 7405
f 7404 7405 7449
f 7449 7447 7404
f 7420 7450 7419
f 7418 7419 7450
f 7450 7451 7418
f 7420 7418 7451
f 7473 7452 7429
f 7452 7473 7428
f 7455 7454 7439
f 7439 7434 7455
f 7436 7438 7456
f 7454 7456 7438
f 7456 7457 7436
f 7434 7436 7457
f 7457 7455 7434
f 7459 7388 7458
f 7362 7460 7387
f 7388 7387 7460
f 7460 7458 7388
f 7461 7462 7416
f 7416 7415 7461
f 7487 7461 7415
f 7487 7417 7462
f 7464 7465 7433
f 7463 7433 7465
f 7431 7464 7432
f 7433 7432 7464
f 7430 7463 7467
f 7467 7466 7430
f 7431 7430 7466
f 7468 7488 7483
f 7470 7471 7472
f 7471 7473 7474
f 7412 7474 7475
f 7478 7331 7333
f 7411 7333 7332
f 7475 7476 7482
f 7477 7478 4064
f 7303 7420 7304
f 7420 7482 7304
f 7479 7448 7447
f 7448 7479 7480
f 7480 7483 7449
f 7483 7482 7447
f 7447 7449 7483
f 7481 4584 4064
f 7481 7407 4584
f 7407 7334 4584
f 838 7304 7484
f 7304 7483 7485
f 838 7486 7462
f 7487 7462 7468
f 7362 7468 7460
f 4140 7458 7460
f 7460 7468 4140
f 7458 4140 7459
f 409 7461 7487
f 409 838 7461
f 7462 7461 838
f 7485 7440 7484
f 7316 7478 7477
f 7411 7332 7441
f 7332 7334 7442
f 7442 7441 7332
f 7442 7334 7407
f 7407 7481 7443
f 7478 7443 7481
f 7476 7475 7445
f 7453 7446 7445
f 7445 7475 7453
f 7446 7453 7477
f 7477 7480 7444
f 7476 7444 7480
f 7412 7475 7450
f 7475 7482 7451
f 7451 7450 7475
f 7451 7482 7420
f 7315 7470 7308
f 7470 7412 7308
f 7309 7452 7473
f 7309 7469 7452
f 7473 7469 7428
f 7469 7473 7452
f 7474 7473 7428
f 7316 7453 7469
f 7470 7431 7466
f 7466 7471 7470
f 7466 7467 7471
f 7312 7309 7463
f 7473 7471 7463
f 7463 7309 7473
f 7471 7467 7463
f 7310 7312 7465
f 7465 7464 7310
f 7315 7311 7431
f 7311 7310 7431
f 7412 7472 7474
f 7396 7456 7454
f 7454 7468 7396
f 7457 7456 7396
f 7485 7455 7457
f 7457 7440 7485
f 7455 7485 7454
f 7483 7304 7482
f 4584 7483 4064
f 7483 7480 7477
f 7474 7469 7475
f 7468 7462 7486
f 7396 7440 7457
f 7431 7470 7315
f 7464 7431 7310
f 7463 7465 7312
f 7450 7420 7412
f 7444 7446 7477
f 7468 409 7487
f 7486 838 7484
f 7483 7468 7454
f 7454 7485 7483
f 7485 7484 7304
f 7447 7482 7479
f 7481 4064 7478
f 4064 7483 7477
f 7480 7479 7476
f 7479 7482 7476
f 7412 7420 7308
f 7333 7411 7478
f 7453 7475 7469
f 7331 7478 7316
f 7474 7472 7471
f 7472 7412 7470
f 7468 7483 7488
f 7492 7534 7491
f 7490 7489 7534
f 7491 7493 7494
f 7491 7489 7495
f 7495 7493 7491
f 7489 7497 7496
f 7489 7498 7497
f 7496 7495 7489
f 7490 7499 7498
f 7534 7500 7501
f 7492 7502 7503
f 7498 7489 7490
f 7534 7504 7505
f 7534 7501 7504
f 7534 7508 7507
f 7492 7503 7508
f 7492 7491 7510
f 7491 7511 7510
f 7491 7494 7511
f 7506 7500 7534
f 7510 7509 7492
f 7512 7499 7490
f 7508 7534 7492
f 7505 7512 7490
f 7507 7506 7534
f 7509 7502 7492
f 7505 7490 7534
f 7505 7513 7514
f 7512 7514 7515
f 7499 7515 7516
f 7498 7516 7517
f 7497 7517 7518
f 7496 7518 7519
f 7495 7519 7520
f 7493 7520 7521
f 7494 7521 7522
f 7511 7522 7523
f 7523 7510 7511
f 7522 7511 7494
f 7521 7494 7493
f 7520 7493 7495
f 7519 7495 7496
f 7518 7496 7497
f 7517 7497 7498
f 7516 7498 7499
f 7515 7499 7512
f 7514 7512 7505
f 7510 7523 7524
f 7509 7524 7525
f 7502 7525 7526
f 7503 7526 7527
f 7508 7527 7528
f 7507 7528 7529
f 7506 7529 7530
f 7500 7530 7531
f 7501 7531 7532
f 7504 7532 7513
f 7513 7505 7504
f 7532 7504 7501
f 7531 7501 7500
f 7530 7500 7506
f 7529 7506 7507
f 7528 7507 7508
f 7527 7508 7503
f 7526 7503 7502
f 7525 7502 7509
f 7524 7509 7510
f 5789 7532 7531
f 7513 7532 5789
f 5787 7526 7525
f 7514 7513 5789
f 5789 7515 7514
f 7527 7526 5787
f 5789 5785 7516
f 5786 7524 7523
f 7528 7527 5787
f 7516 7515 5789
f 7518 7517 5785
f 7525 7524 5786
f 7529 7528 5787
f 5788 7530 7529
f 7517 7516 5785
f 5785 5786 7520
f 7525 5786 5787
f 7531 7530 5788
f 7519 7518 5785
f 7521 7520 5786
f 7529 5787 5788
f 7520 7519 5785
f 5786 7522 7521
f 5786 7523 7522
f 7531 5788 5789
f 7533 5786 5785
f 7533 5785 5789
f 7533 5789 5788
f 7533 5788 5787
f 7533 5787 5786
f 7489 7491 7534
f 7535 7491 7534
f 7535 7534 7491
f 7536 7537 7538
f 7539 7540 7541
f 7538 7542 7536
f 7536 7543 7544
f 7539 7545 7540
f 7539 7546 7547
f 7544 7537 7536
f 7547 7545 7539
f 7539 7548 7549
f 7550 7536 7551
f 7536 7550 7543
f 7539 7552 7546
f 7539 7553 7548
f 7542 7554 7536
f 7549 7552 7539
f 7553 7539 7550
f 7551 7553 7550
f 7541 7555 7539
f 7549 7548 7556
f 7552 7549 7557
f 7546 7552 7558
f 7547 7546 7559
f 7545 7547 7560
f 7540 7545 7561
f 7541 7540 7562
f 7555 7541 7563
f 7539 7555 7564
f 7550 7539 7565
f 7565 7566 7550
f 7564 7565 7539
f 7563 7564 7555
f 7562 7563 7541
f 7561 7562 7540
f 7560 7561 7545
f 7559 7560 7547
f 7558 7559 7546
f 7557 7558 7552
f 7556 7557 7549
f 7543 7550 7566
f 7544 7543 7567
f 7537 7544 7568
f 7538 7537 7569
f 7542 7538 7570
f 7554 7542 7571
f 7536 7554 7572
f 7551 7536 7573
f 7553 7551 7574
f 7548 7553 7575
f 7575 7556 7548
f 7574 7575 7553
f 7573 7574 7551
f 7572 7573 7536
f 7571 7572 7554
f 7570 7571 7542
f 7569 7570 7538
f 7568 7569 7537
f 7567 7568 7544
f 7566 7567 7543
f 7576 7577 7570
f 7577 7580 7574
f 7556 7575 7580
f 7575 7574 7580
f 7574 7573 7577
f 7573 7572 7577
f 7572 7571 7577
f 7571 7570 7577
f 7570 7569 7576
f 7569 7568 7576
f 7568 7567 7576
f 7567 7566 7576
f 7580 7578 7558
f 7578 7579 7562
f 7579 7576 7566
f 7566 7565 7579
f 7565 7564 7579
f 7564 7563 7579
f 7563 7562 7579
f 7562 7561 7578
f 7561 7560 7578
f 7560 7559 7578
f 7559 7558 7578
f 7558 7557 7580
f 7557 7556 7580
f 7577 7576 7580
f 7581 7579 7578
f 7581 7578 7580
f 7581 7580 7576
f 7581 7576 7579
f 7585 7588 7583
f 7583 7589 7585
f 7584 7589 7583
f 7584 7583 7586
f 7591 7586 7583
f 7583 7588 7591
f 7586 7587 7584
f 7589 7584 7587
f 7590 7585 7588
f 7589 7587 7585
f 7588 7585 7591
f 7591 7585 7586
f 7587 7586 7585
f 7592 7593 7594
f 7595 7596 7593
f 7597 7598 7590
f 7597 7599 7594
f 7593 7592 7595
f 7600 7601 7596
f 7594 7598 7597
f 7596 7595 7600
f 7594 7599 7592
f 7602 7603 7604
f 7603 7605 7606
f 7610 7602 7607
f 7606 7604 7603
f 7608 7609 7606
f 7604 7607 7602
f 7582 7609 7608
f 7606 7605 7608
f 7585 7582 7608
f 7608 7588 7585
f 7608 7590 7588
f 7590 7608 7597
f 7597 7608 7605
f 7599 7605 7603
f 7592 7603 7602
f 7595 7602 7611
f 7602 7610 7611
f 7611 7600 7595
f 7602 7595 7592
f 7603 7592 7599
f 7605 7599 7597
f 7596 7601 7612
f 7612 7607 7596
f 7593 7596 7607
f 7594 7593 7604
f 7598 7594 7606
f 7598 7609 7590
f 7609 7585 7590
f 7609 7582 7585
f 7606 7609 7598
f 7604 7606 7594
f 7607 7604 7593
f 7612 7610 7607
f 7600 7613 7614
f 7614 7601 7600
f 7610 7612 7611
f 7615 7613 7600
f 7600 7611 7615
f 7616 7617 7618
f 7617 7619 7620
f 7613 7616 7621
f 7620 7618 7617
f 7618 7621 7616
f 7620 7619 7622
f 7621 7614 7613
f 7601 7623 7624
f 7601 7614 7625
f 7625 7623 7601
f 7614 7626 7625
f 7614 7627 7626
f 7624 7612 7601
f 7628 7611 7612
f 7612 7629 7628
f 7631 7628 7629
f 7632 7633 7634
f 7632 7635 7636
f 7630 7637 7636
f 7636 7633 7632
f 7631 7637 7630
f 7636 7635 7630
f 7634 7638 7632
f 7638 7639 7640
f 7632 7640 7641
f 7635 7641 7642
f 7630 7642 7643
f 7611 7628 7644
f 7643 7644 7628
f 7628 7631 7643
f 7644 7615 7611
f 7643 7631 7630
f 7642 7630 7635
f 7641 7635 7632
f 7640 7632 7638
f 7626 7627 7645
f 7645 7646 7626
f 7645 7647 7646
f 7648 7625 7626
f 7649 7623 7625
f 7650 7624 7623
f 7650 7631 7629
f 7629 7624 7650
f 7651 7646 7647
f 7652 7648 7646
f 7653 7649 7648
f 7654 7650 7649
f 7637 7631 7650
f 7655 7651 7656
f 7657 7652 7651
f 7658 7653 7652
f 7659 7654 7653
f 7636 7637 7654
f 7660 7655 7661
f 7662 7657 7655
f 7663 7658 7657
f 7664 7659 7658
f 7633 7636 7659
f 7665 7660 7666
f 7667 7662 7660
f 7668 7663 7662
f 7669 7664 7663
f 7634 7633 7664
f 7664 7669 7634
f 7663 7668 7669
f 7662 7667 7668
f 7660 7665 7667
f 7666 7670 7665
f 7659 7664 7633
f 7658 7663 7664
f 7657 7662 7663
f 7655 7660 7662
f 7661 7666 7660
f 7654 7659 7636
f 7653 7658 7659
f 7652 7657 7658
f 7651 7655 7657
f 7656 7661 7655
f 7650 7654 7637
f 7649 7653 7654
f 7648 7652 7653
f 7646 7651 7652
f 7647 7656 7651
f 7629 7612 7624
f 7623 7649 7650
f 7625 7648 7649
f 7626 7646 7648
f 7671 7638 7634
f 7634 7672 7671
f 7643 7647 7645
f 7642 7656 7647
f 7647 7643 7642
f 7642 7641 7661
f 7640 7666 7661
f 7640 7639 7670
f 7661 7656 7642
f 7670 7666 7640
f 7661 7641 7640
f 7645 7644 7643
f 7638 7671 7673
f 7673 7639 7638
f 7639 7673 7674
f 7674 7670 7639
f 7675 7673 7671
f 7676 7675 7677
f 7678 7676 7679
f 7680 7678 7681
f 7682 7680 7683
f 7683 7695 7682
f 7681 7683 7680
f 7679 7681 7678
f 7677 7679 7676
f 7671 7677 7675
f 7644 7645 7627
f 7627 7615 7644
f 7684 7615 7627
f 7717 7622 7685
f 7685 7622 7619
f 7686 7619 7617
f 7687 7617 7616
f 7616 7613 7615
f 7615 7688 7616
f 7615 7684 7688
f 7616 7688 7687
f 7617 7687 7686
f 7619 7686 7685
f 7621 7688 7627
f 7688 7684 7627
f 7689 7688 7621
f 7690 7689 7618
f 7685 7690 7620
f 7685 7622 7717
f 7620 7622 7685
f 7618 7620 7690
f 7621 7618 7689
f 7627 7614 7621
f 7687 7689 7690
f 7685 7686 7690
f 7689 7687 7688
f 7690 7686 7687
f 7674 7667 7665
f 7674 7672 7668
f 7668 7667 7674
f 7672 7669 7668
f 7672 7634 7669
f 7665 7670 7674
f 7691 7681 7679
f 7691 7692 7683
f 7693 7677 7671
f 7693 7694 7679
f 7683 7681 7691
f 7679 7677 7693
f 7695 7683 7692
f 7679 7694 7691
f 7671 7672 7693
f 7696 7695 7692
f 7697 7692 7691
f 7698 7691 7694
f 7699 7694 7693
f 7700 7693 7672
f 7672 7674 7700
f 7693 7700 7699
f 7694 7699 7698
f 7691 7698 7697
f 7692 7697 7696
f 7698 7678 7680
f 7698 7699 7676
f 7697 7680 7682
f 7676 7678 7698
f 7700 7675 7676
f 7700 7674 7673
f 7680 7697 7698
f 7673 7675 7700
f 7676 7699 7700
f 7682 7696 7697
f 7696 7682 7703
f 7704 7705 7703
f 7702 7701 7705
f 7705 7704 7702
f 7715 7705 7706
f 7706 7712 7707
f 7708 7711 7707
f 7711 7703 7705
f 7707 7712 7708
f 7711 7696 7703
f 7707 7715 7706
f 7705 7701 7709
f 7708 7696 7711
f 7716 7695 7696
f 7696 7708 7716
f 7715 7711 7705
f 7709 7706 7705
f 7701 7695 7709
f 7716 7709 7695
f 7711 7682 7710
f 7710 7712 7713
f 7714 7715 7713
f 7713 7712 7714
f 7704 7711 7715
f 7704 7703 7711
f 7713 7711 7710
f 7682 7695 7716
f 7703 7682 7711
f 7714 7704 7715
f 7709 7702 7704
f 7704 7714 7709
f 7709 7701 7702
f 7709 7695 7701
f 7709 7716 7695
f 7716 7710 7682
f 7709 7714 7706
f 7712 7706 7714
f 7712 7710 7708
f 7716 7708 7710
f 7715 7707 7713
f 7711 7713 7707
f 2960 2963 2962
f 2950 2948 2947
f 2966 2952 2951
f 2966 2958 2957
f 2966 2960 2959
f 2960 2964 2963
f 2960 2966 2965
f 2950 2949 2948
f 2966 2953 2952
f 2966 2955 2954
f 2959 2958 2966
f 2965 2964 2960
f 2951 2950 2966
f 2966 2956 2955
f 2962 2961 2960
f 2954 2953 2966
f 2947 2966 2950
f 2957 2956 2966
f 2953 2954 7718
f 2952 2953 7718
f 7718 2951 2952
f 7718 2950 2951
f 2956 2957 7718
f 2955 2956 7718
f 2954 2955 7718
f 7718 2947 2948
f 7718 2948 2949
f 7718 2949 2950
f 2963 2964 7718
f 2962 2963 7718
f 7718 2961 2962
f 7718 2960 2961
f 2966 2947 7718
f 2965 2966 7718
f 2964 2965 7718
f 7718 2957 2958
f 7718 2958 2959
f 7718 2959 2960
f 7721 7719 7720
f 7722 7720 7721
f 7721 7720 7722
f 7726 7722 7721
f 7723 7726 7721
f 7722 7723 7721
f 7722 7958 7724
f 7723 7724 7725
f 7724 7723 7722
f 7725 7726 7723
f 7727 7728 7725
f 7725 7724 7727
f 7729 7738 7730
f 7730 7731 7729
f 7732 7733 7731
f 7731 7734 7732
f 7733 7729 7731
f 7738 7727 7730
f 7724 7730 7727
f 7735 7736 7726
f 7726 7728 7735
f 7726 7725 7728
f 7738 7739 7737
f 7741 7742 7743
f 7740 7744 7741
f 7738 7745 7746
f 7743 7742 7747
f 7738 7728 7727
f 7729 7740 7738
f 7744 7740 7733
f 7733 7732 7744
f 7729 7733 7740
f 7728 7738 7748
f 7747 7745 7743
f 7745 7738 7743
f 7746 7739 7738
f 7743 7740 7741
f 7740 7743 7738
f 7737 7748 7738
f 7736 7750 7749
f 7750 7751 7749
f 7722 7726 7736
f 7749 7722 7736
f 7736 7778 7752
f 7752 7750 7736
f 7751 7750 7753
f 7753 7754 7751
f 7750 7752 7753
f 7751 7754 7755
f 7755 7749 7751
f 7756 7722 7749
f 7755 7756 7749
f 7736 7735 7770
f 7736 7770 7757
f 7735 7728 7748
f 7748 7758 7735
f 7759 7737 7739
f 7739 7760 7759
f 7759 7758 7737
f 7745 7761 7762
f 7762 7746 7745
f 7762 7760 7746
f 7739 7746 7760
f 7748 7737 7758
f 7763 7741 7744
f 7744 7764 7763
f 7744 7732 7764
f 7765 7747 7742
f 7742 7766 7765
f 7742 7741 7766
f 7741 7763 7766
f 7745 7747 7767
f 7747 7765 7767
f 7767 7768 7745
f 7770 7769 7771
f 7772 7773 7770
f 7771 7774 7772
f 7775 7776 7757
f 7770 7773 7775
f 7757 7776 7777
f 7770 7735 7758
f 7758 7769 7770
f 7760 7771 7769
f 7769 7759 7760
f 7761 7774 7771
f 7771 7762 7761
f 7760 7762 7771
f 7758 7759 7769
f 7757 7770 7775
f 7770 7771 7772
f 7757 7778 7736
f 7777 7780 7781
f 7781 7757 7777
f 7781 7778 7757
f 7776 7782 7783
f 7783 7777 7776
f 7783 7780 7777
f 7776 7775 7782
f 7773 7784 7785
f 7785 7775 7773
f 7785 7782 7775
f 7773 7772 7784
f 7786 7784 7774
f 7784 7772 7774
f 7774 7761 7786
f 7786 7761 7745
f 7745 7768 7786
f 7787 7778 7788
f 7788 7789 7787
f 7790 7791 7792
f 7792 7793 7790
f 7794 7791 7790
f 7790 7795 7794
f 7786 7768 7796
f 7796 7795 7786
f 7796 7794 7795
f 7792 7789 7793
f 7788 7793 7789
f 7780 7783 7797
f 7798 7790 7793
f 7782 7785 7799
f 7797 7783 7782
f 7798 7786 7795
f 7799 7785 7784
f 7797 7778 7780
f 7780 7778 7781
f 7778 7798 7788
f 7784 7786 7799
f 7786 7778 7799
f 7786 7798 7778
f 7795 7790 7798
f 7799 7797 7782
f 7797 7799 7778
f 7793 7788 7798
f 7752 7800 7801
f 7752 7802 7803
f 7752 7804 7805
f 7752 7807 7806
f 7756 7752 7808
f 7752 7755 7754
f 7752 7754 7753
f 7756 7755 7752
f 7779 7752 7778
f 7779 7807 7752
f 7806 7804 7752
f 7805 7802 7752
f 7803 7800 7752
f 7801 7808 7752
f 7801 7809 7810
f 7811 7756 7808
f 7808 7810 7811
f 7809 7801 7800
f 7803 7812 7813
f 7813 7800 7803
f 7805 7814 7815
f 7815 7802 7805
f 7803 7802 7816
f 7816 7812 7803
f 7806 7851 7817
f 7817 7804 7806
f 7817 7818 7804
f 7814 7805 7804
f 7804 7818 7814
f 7779 7819 7820
f 7820 7807 7779
f 7820 7821 7807
f 7806 7807 7821
f 7821 7851 7806
f 7815 7816 7802
f 7800 7813 7809
f 7810 7808 7801
f 7822 7767 7765
f 7822 7766 7763
f 7825 7789 7792
f 7825 7787 7789
f 7822 7794 7796
f 7791 7794 7822
f 7822 7796 7768
f 7768 7767 7822
f 7792 7791 7825
f 7763 7764 7822
f 7765 7766 7822
f 7778 7787 7721
f 7719 7721 7787
f 7819 7779 7721
f 7787 7823 7719
f 7823 7720 7719
f 7819 7721 7720
f 7823 7819 7720
f 7721 7779 7778
f 7764 7824 7836
f 7836 7825 7822
f 7791 7822 7825
f 7823 7787 7825
f 7836 7822 7764
f 7826 7827 7828
f 7828 7829 7826
f 7828 7830 7829
f 7827 7826 7831
f 7831 7823 7827
f 7831 7819 7823
f 7825 7832 7833
f 7833 7834 7825
f 7835 7825 7836
f 7836 7837 7835
f 7836 7824 7838
f 7828 7834 7839
f 7825 7834 7827
f 7834 7828 7827
f 7827 7823 7825
f 7839 7830 7828
f 7838 7837 7836
f 7835 7832 7825
f 7833 7839 7834
f 7840 7830 7839
f 7839 7841 7840
f 7842 7833 7832
f 7832 7843 7842
f 7842 7841 7833
f 7844 7835 7837
f 7837 7845 7844
f 7844 7843 7835
f 7824 8523 7846
f 7846 7838 7824
f 7846 7845 7838
f 7837 7838 7845
f 7832 7835 7843
f 7839 7833 7841
f 7818 7847 7848
f 7818 7850 7849
f 7851 7831 7826
f 7852 7853 7810
f 7813 7854 7852
f 7852 7809 7813
f 7855 7854 7813
f 7816 7856 7855
f 7855 7812 7816
f 7816 7818 7856
f 7818 7815 7814
f 7851 7821 7820
f 7819 7831 7851
f 7851 7820 7819
f 7817 7851 7818
f 7815 7818 7816
f 7813 7812 7855
f 7810 7809 7852
f 7810 7853 7811
f 7826 7829 7851
f 7829 7818 7851
f 7829 7850 7818
f 7849 7847 7818
f 7848 7856 7818
f 7857 7849 7850
f 7829 7858 7859
f 7859 7850 7829
f 7848 7847 7860
f 7847 7849 7861
f 7861 7860 7847
f 7849 7857 7861
f 7862 7855 7856
f 7848 7871 7863
f 7863 7856 7848
f 7852 7864 7867
f 7855 7862 7864
f 7864 7852 7854
f 7864 7854 7855
f 7867 7865 7852
f 7866 7811 7853
f 7853 7865 7866
f 7853 7852 7865
f 7856 7863 7862
f 7860 7871 7848
f 7850 7859 7857
f 7868 7870 7869
f 7868 7872 7873
f 7867 7866 7865
f 7867 7862 7863
f 7867 7864 7862
f 7860 7861 7871
f 7871 7861 7857
f 7857 7868 7871
f 7870 7868 7859
f 7859 7858 7870
f 7857 7859 7868
f 7863 7871 7867
f 7873 7871 7868
f 7869 7872 7868
f 7866 7867 7897
f 7874 7897 7867
f 7867 7871 7874
f 7875 7873 7872
f 7869 7880 7876
f 7876 7872 7869
f 7873 7875 7877
f 7877 7871 7873
f 7869 7870 7878
f 7879 7878 7870
f 7870 7858 7879
f 7878 7880 7869
f 7877 7907 7871
f 7872 7876 7875
f 7874 7871 7907
f 7881 7884 7882
f 7882 7877 7875
f 7875 7880 7882
f 7879 7885 7880
f 7885 7886 7880
f 7887 7880 7888
f 7880 7887 7889
f 7881 7880 7890
f 7880 7891 7890
f 7890 7892 7881
f 7889 7891 7880
f 7888 7893 7887
f 7880 7878 7879
f 7875 7876 7880
f 7882 7907 7877
f 7883 7884 7881
f 7881 7882 7880
f 7897 7874 7895
f 7897 7898 7896
f 7894 7898 7897
f 7894 7899 7900
f 7895 7901 7899
f 7899 7894 7897
f 7899 7897 7895
f 7896 7902 7917
f 7894 7900 7902
f 7902 7896 7898
f 7902 7898 7894
f 7917 7903 7896
f 7874 7907 7901
f 7901 7895 7874
f 7897 7987 7996
f 7987 7897 7896
f 7904 7882 7884
f 7905 7884 7883
f 7883 7881 7905
f 7881 7906 7905
f 7904 7907 7882
f 7884 7905 7904
f 7908 7881 7892
f 7909 7892 7890
f 7890 7910 7909
f 7890 7891 7911
f 7912 7911 7891
f 7891 7889 7912
f 7913 7914 7887
f 7914 7912 7889
f 7889 7887 7914
f 7887 7893 7913
f 7911 7910 7890
f 7892 7909 7908
f 7908 7915 7906
f 7906 7881 7908
f 7920 7903 7917
f 7902 7900 7917
f 7900 7901 7907
f 7899 7901 7900
f 7900 7907 7904
f 7904 7906 7900
f 7906 7921 7923
f 7923 7921 7922
f 7917 7916 7924
f 7916 7923 7925
f 7925 7924 7916
f 7919 7917 7926
f 7926 7927 7919
f 7924 7926 7917
f 7904 7905 7906
f 7918 7920 7917
f 7917 7900 7916
f 7923 7916 7900
f 7906 7923 7900
f 7930 7929 7928
f 7930 7932 7931
f 7933 7934 7935
f 7930 7909 7910
f 7930 7911 7912
f 7913 7936 7930
f 7936 7929 7930
f 7930 7914 7913
f 7912 7914 7930
f 7910 7911 7930
f 7930 7908 7909
f 7935 7930 7933
f 7931 7933 7930
f 7928 7932 7930
f 7937 7938 7734
f 7734 7731 7937
f 7734 7938 7939
f 7731 7730 7937
f 7724 7958 7959
f 7730 7724 7937
f 7959 7940 7724
f 7940 7937 7724
f 7939 7941 7734
f 7938 7917 7919
f 7919 7939 7938
f 7919 7927 7939
f 8289 7939 7927
f 7938 7937 7918
f 7940 7903 7920
f 7920 7937 7940
f 7920 7918 7937
f 7918 7917 7938
f 7927 7942 8294
f 7926 7943 7942
f 7942 7927 7926
f 7926 7924 7943
f 7944 7925 7923
f 7924 7945 7946
f 7925 7944 7945
f 7945 7924 7925
f 7946 7943 7924
f 7915 7921 7906
f 7947 7944 7922
f 7921 7915 7947
f 7922 7921 7947
f 7923 7922 7944
f 7948 7935 7934
f 7934 7949 7948
f 7915 7908 7930
f 7930 7935 7915
f 7948 7915 7935
f 7950 7934 7933
f 7951 7933 7931
f 7931 7952 7951
f 7931 7932 7953
f 7954 7953 7932
f 7932 7928 7954
f 7955 7954 7928
f 7956 7955 7929
f 7929 7936 7956
f 7928 7929 7955
f 7953 7952 7931
f 7933 7951 7950
f 7957 7811 7866
f 7957 8001 7811
f 7957 7866 7897
f 7958 7811 8001
f 7960 7959 7958
f 7756 7811 7722
f 7811 7958 7722
f 7979 7960 7963
f 7964 7965 7967
f 7965 7966 7967
f 7971 7973 7961
f 7962 7963 7976
f 7962 7977 7978
f 7978 7979 7962
f 7982 7979 7980
f 7973 7960 7958
f 7958 7961 7973
f 7974 7976 7963
f 7960 7975 7963
f 7971 7972 7973
f 7961 7964 7970
f 7969 7970 7964
f 7967 7968 7964
f 7964 8001 7965
f 7961 7958 7964
f 7958 8001 7964
f 7960 7979 7959
f 7963 7962 7979
f 7979 7982 7959
f 7982 7983 7981
f 7981 7983 7984
f 7986 7981 7985
f 7981 7959 7982
f 8018 7987 7903
f 7903 7940 8018
f 8020 8018 7940
f 7959 8020 7940
f 7987 7896 7903
f 8020 7986 7989
f 7986 7992 7989
f 7988 7990 7993
f 7994 8020 7988
f 8020 7959 7986
f 7991 7990 7989
f 7981 7986 7959
f 7990 7988 8020
f 7989 7990 8020
f 7996 7997 7998
f 7996 7999 7997
f 7998 8000 7996
f 7987 7999 7996
f 8006 8005 7996
f 8008 7957 8005
f 8002 8011 8012
f 8012 8003 8002
f 8014 7965 8003
f 7957 7897 7996
f 8012 8013 8003
f 8010 8002 8004
f 8009 8004 7957
f 8008 8009 7957
f 8006 8007 8005
f 8005 7957 7996
f 8002 7957 8004
f 8003 8001 7957
f 8003 7957 8002
f 7965 8001 8003
f 8018 8019 8017
f 8020 7995 8021
f 8021 8019 8020
f 8017 8019 8022
f 8019 8023 8022
f 8019 8024 8023
f 8026 8018 8017
f 8028 8015 8016
f 7987 8030 8029
f 7987 8018 8015
f 8015 8030 7987
f 8018 8027 8016
f 8022 8025 8017
f 8020 8019 8018
f 8016 8015 8018
f 8032 8033 8029
f 8031 8032 8030
f 8030 8015 8031
f 8029 8030 8032
f 8034 8027 8018
f 8035 8031 8028
f 8028 8016 8035
f 8027 8034 8035
f 8016 8027 8035
f 8036 8034 8026
f 8026 8017 8036
f 8025 8037 8036
f 8017 8025 8036
f 8038 8024 8019
f 8039 8037 8022
f 8022 8023 8039
f 8024 8038 8039
f 8023 8024 8039
f 8040 8038 8021
f 8041 7965 8014
f 8042 8013 8012
f 8012 8043 8042
f 8044 8014 8003
f 8003 8013 8044
f 8043 8012 8011
f 8045 8002 8010
f 8045 8011 8002
f 8010 8046 8045
f 8047 8009 8008
f 8008 8048 8047
f 8046 8010 8004
f 8004 8009 8046
f 8049 8007 8006
f 8006 8050 8049
f 8048 8005 8007
f 8048 8008 8005
f 8050 7996 8000
f 8051 8000 7998
f 7998 8052 8051
f 8050 8006 7996
f 8000 8051 8050
f 8053 8052 7997
f 8033 8053 7999
f 7999 7987 8033
f 7997 7999 8053
f 7987 8029 8033
f 7998 7997 8052
f 8049 8048 8007
f 8047 8046 8009
f 8011 8045 8043
f 8042 8044 8013
f 8014 8044 8041
f 8021 7995 8040
f 8019 8021 8038
f 8025 8022 8037
f 8018 8026 8034
f 8015 8028 8031
f 8054 7983 7982
f 8055 8056 7984
f 7983 8054 8055
f 7984 7983 8055
f 8057 8079 7980
f 7980 7979 8057
f 7979 7978 8057
f 8058 8057 7978
f 8059 8058 7977
f 7977 7962 8059
f 7962 7976 8059
f 7978 7977 8058
f 8060 8059 7974
f 7974 7963 8060
f 8061 8060 7975
f 7975 7960 8061
f 8062 7972 7971
f 7971 8063 8062
f 7973 7972 8061
f 7960 7973 8061
f 8064 7970 7969
f 7969 8065 8064
f 7961 7970 8063
f 8063 7971 7961
f 8066 7968 7967
f 7967 8067 8066
f 8065 7969 7964
f 7964 7968 8065
f 8067 7967 7966
f 7966 8041 8067
f 7966 7965 8041
f 8068 8040 7995
f 7995 8020 8068
f 8069 8068 7994
f 7994 7988 8069
f 8070 8069 7993
f 7993 7990 8070
f 7990 7991 8070
f 8071 7992 7986
f 8072 8070 7991
f 7991 7989 8072
f 7992 8071 8072
f 7989 7992 8072
f 8056 8073 7985
f 7985 7981 8056
f 8073 8071 7985
f 7986 7985 8071
f 7981 7984 8056
f 7988 7993 8069
f 8020 7994 8068
f 8066 8065 7968
f 8064 8063 7970
f 8062 8061 7972
f 7963 7975 8060
f 7976 7974 8059
f 8079 8054 7980
f 7982 7980 8054
f 8074 8076 8075
f 8101 8076 8079
f 8081 8079 8095
f 8084 8085 8086
f 8088 8083 8084
f 8088 8089 8083
f 8083 8091 8090
f 8083 8092 8095
f 8083 8093 8092
f 8081 8095 8094
f 8096 8094 8095
f 8081 8099 8098
f 8101 8100 8102
f 8101 8103 8104
f 8104 8078 8101
f 8101 8105 8103
f 8078 8106 8107
f 8107 8077 8078
f 8107 8108 8077
f 8077 8109 8110
f 8110 8075 8077
f 8075 8111 8112
f 8112 8074 8075
f 8074 8114 8115
f 8115 8113 8074
f 8076 8040 8068
f 8076 8069 8070
f 8076 8072 8071
f 8076 8073 8056
f 8079 8076 8055
f 8055 8054 8079
f 8080 8079 8057
f 8080 8058 8059
f 8129 8080 8063
f 8080 8062 8063
f 8129 8064 8065
f 8129 8066 8067
f 8067 8041 8129
f 8065 8066 8129
f 8063 8064 8129
f 8080 8061 8062
f 8060 8061 8080
f 8059 8060 8080
f 8057 8058 8080
f 8056 8055 8076
f 8071 8073 8076
f 8070 8072 8076
f 8068 8069 8076
f 8113 8116 8074
f 8112 8114 8074
f 8108 8109 8077
f 8100 8101 8081
f 8097 8100 8081
f 8094 8099 8081
f 8090 8093 8083
f 8089 8091 8083
f 8084 8082 8085
f 8082 8084 8083
f 8082 8083 8095
f 8129 8082 8095
f 8129 8095 8079
f 8080 8129 8079
f 8079 8081 8101
f 8076 8101 8078
f 8076 8078 8077
f 8076 8077 8075
f 8117 8122 8076
f 8123 8121 8124
f 8127 8122 8126
f 8128 8126 8148
f 8129 8127 8126
f 8085 8128 8130
f 8082 8126 8128
f 8082 8129 8126
f 8074 8116 8131
f 8131 8117 8074
f 8131 8132 8117
f 8118 8133 8134
f 8117 8135 8133
f 8133 8118 8117
f 8136 8120 8118
f 8120 8138 8139
f 8139 8137 8120
f 8119 8120 8140
f 8120 8141 8140
f 8119 8142 8126
f 8119 8143 8142
f 8144 8145 8126
f 8148 8145 8146
f 8145 8147 8146
f 8148 8149 8125
f 8149 8150 8125
f 8125 8151 8152
f 8152 8128 8125
f 8128 8153 8154
f 8154 8130 8128
f 8085 8130 8155
f 8130 8156 8155
f 8130 8157 8156
f 8129 8041 8044
f 8129 8042 8043
f 8129 8045 8046
f 8046 8124 8129
f 8124 8047 8048
f 8049 8050 8123
f 8123 8050 8051
f 8121 8123 8052
f 8123 8051 8052
f 8121 8053 8033
f 8032 8031 8122
f 8122 8031 8035
f 8122 8035 8034
f 8122 8036 8037
f 8122 8039 8038
f 8038 8076 8122
f 8038 8040 8076
f 8037 8039 8122
f 8034 8036 8122
f 8122 8121 8032
f 8033 8032 8121
f 8052 8053 8121
f 8123 8124 8049
f 8048 8049 8124
f 8046 8047 8124
f 8043 8045 8129
f 8044 8042 8129
f 8155 8087 8085
f 8154 8157 8130
f 8150 8151 8125
f 8140 8143 8119
f 8136 8138 8120
f 8132 8135 8117
f 8128 8085 8082
f 8124 8127 8129
f 8148 8125 8128
f 8145 8148 8126
f 8122 8127 8124
f 8122 8124 8121
f 8118 8120 8119
f 8117 8126 8122
f 8117 8119 8126
f 8117 8118 8119
f 8076 8074 8117
f 8115 8114 8158
f 8159 8158 8112
f 8158 8114 8112
f 8112 8111 8159
f 8160 8161 8110
f 8161 8075 8110
f 8160 8109 8108
f 8108 8162 8160
f 8108 8107 8162
f 8111 8075 8161
f 8161 8159 8111
f 8104 8163 8164
f 8162 8107 8106
f 8106 8164 8162
f 8106 8078 8164
f 8165 8103 8105
f 8105 8166 8165
f 8105 8101 8166
f 8163 8104 8103
f 8103 8165 8163
f 8167 8168 8097
f 8168 8102 8100
f 8166 8101 8102
f 8102 8168 8169
f 8102 8169 8166
f 8100 8097 8168
f 8170 8098 8099
f 8099 8171 8170
f 8099 8094 8171
f 8167 8081 8098
f 8098 8170 8167
f 8172 8096 8095
f 8171 8094 8096
f 8096 8172 8209
f 8096 8209 8171
f 8089 8173 8174
f 8174 8175 8090
f 8090 8091 8174
f 8092 8093 8175
f 8175 8172 8092
f 8093 8090 8175
f 8176 8177 8086
f 8177 8088 8084
f 8173 8089 8088
f 8088 8177 8173
f 8084 8086 8177
f 8176 8085 8087
f 8178 8116 8113
f 8113 8179 8178
f 8113 8115 8179
f 8087 8180 8176
f 8086 8085 8176
f 8174 8091 8089
f 8095 8092 8172
f 8097 8081 8167
f 8164 8078 8104
f 8110 8109 8160
f 8158 8179 8115
f 8181 8182 8154
f 8156 8157 8182
f 8182 8183 8156
f 8157 8154 8182
f 8184 8151 8150
f 8184 8185 8152
f 8152 8151 8184
f 8153 8128 8185
f 8185 8181 8153
f 8128 8152 8185
f 8186 8149 8148
f 8187 8150 8149
f 8149 8186 8187
f 8187 8188 8150
f 8189 8146 8147
f 8147 8190 8189
f 8147 8145 8190
f 8186 8148 8146
f 8146 8189 8186
f 8191 8144 8126
f 8190 8145 8144
f 8144 8191 8192
f 8144 8192 8190
f 8193 8142 8143
f 8143 8194 8193
f 8143 8140 8194
f 8191 8126 8142
f 8142 8193 8191
f 8195 8120 8137
f 8137 8196 8195
f 8194 8140 8141
f 8141 8195 8194
f 8141 8120 8195
f 8197 8198 8136
f 8198 8138 8136
f 8134 8199 8197
f 8197 8118 8134
f 8198 8196 8139
f 8139 8138 8198
f 8200 8199 8133
f 8199 8134 8133
f 8201 8200 8132
f 8200 8135 8132
f 8132 8131 8201
f 8201 8131 8116
f 8180 8087 8155
f 8155 8183 8180
f 8155 8156 8183
f 8116 8178 8201
f 8133 8135 8200
f 8136 8118 8197
f 8137 8139 8196
f 8150 8188 8184
f 8154 8153 8181
f 8205 8207 8206
f 8207 8209 8255
f 8207 8255 8213
f 8215 8216 8214
f 8214 8217 8215
f 8214 8220 8218
f 8218 8219 8214
f 8213 8219 8221
f 8219 8222 8221
f 8221 8223 8213
f 8212 8213 8224
f 8213 8225 8224
f 8224 8226 8212
f 8210 8212 8227
f 8212 8228 8227
f 8210 8229 8230
f 8230 8208 8210
f 8210 8231 8229
f 8210 8232 8231
f 8208 8233 8234
f 8234 8206 8208
f 8204 8205 8236
f 8205 8237 8238
f 8238 8236 8205
f 8203 8204 8239
f 8239 8241 8203
f 8203 8242 8243
f 8243 8248 8203
f 8248 8245 8244
f 8248 8246 8247
f 8247 8260 8248
f 8252 8178 8179
f 8179 8248 8252
f 8248 8158 8159
f 8202 8248 8161
f 8202 8160 8162
f 8207 8202 8163
f 8202 8164 8163
f 8207 8165 8166
f 8207 8168 8167
f 8207 8170 8171
f 8171 8209 8207
f 8209 8172 8211
f 8255 8211 8173
f 8211 8174 8173
f 8255 8177 8176
f 8176 8180 8255
f 8173 8177 8255
f 8211 8175 8174
f 8172 8175 8211
f 8167 8170 8207
f 8169 8168 8207
f 8166 8169 8207
f 8163 8165 8207
f 8162 8164 8202
f 8161 8160 8202
f 8159 8161 8248
f 8179 8158 8248
f 8247 8249 8260
f 8243 8245 8248
f 8236 8240 8204
f 8206 8237 8205
f 8234 8235 8206
f 8230 8233 8208
f 8227 8232 8210
f 8226 8228 8212
f 8223 8225 8213
f 8216 8220 8214
f 8213 8214 8219
f 8207 8213 8212
f 8211 8255 8209
f 8207 8212 8210
f 8207 8210 8208
f 8207 8208 8206
f 8207 8205 8204
f 8207 8204 8203
f 8207 8203 8248
f 8202 8207 8248
f 8258 8252 8253
f 8214 8213 8258
f 8213 8255 8254
f 8260 8249 8259
f 8260 8261 8262
f 8262 8263 8260
f 8251 8263 8265
f 8265 8266 8251
f 8263 8267 8265
f 8253 8251 8268
f 8272 8253 8269
f 8253 8270 8271
f 8271 8269 8253
f 8273 8276 8272
f 8272 8274 8273
f 8276 8277 8258
f 8257 8258 8278
f 8278 8279 8257
f 8280 8281 8257
f 8257 8282 8280
f 8214 8257 8283
f 8283 8284 8214
f 8257 8285 8283
f 8214 8287 8286
f 8286 8288 8214
f 8255 8180 8183
f 8255 8182 8181
f 8181 8256 8255
f 8185 8184 8256
f 8256 8188 8187
f 8256 8184 8188
f 8254 8187 8186
f 8254 8189 8190
f 8252 8254 8191
f 8254 8192 8191
f 8252 8193 8194
f 8252 8195 8196
f 8196 8250 8252
f 8250 8198 8197
f 8252 8250 8199
f 8250 8197 8199
f 8252 8200 8201
f 8201 8178 8252
f 8199 8200 8252
f 8196 8198 8250
f 8194 8195 8252
f 8191 8193 8252
f 8190 8192 8254
f 8186 8189 8254
f 8187 8254 8256
f 8181 8185 8256
f 8183 8182 8255
f 8288 8217 8214
f 8284 8287 8214
f 8281 8285 8257
f 8279 8282 8257
f 8273 8275 8276
f 8268 8270 8253
f 8264 8267 8263
f 8254 8258 8213
f 8257 8214 8258
f 8254 8255 8256
f 8252 8258 8254
f 8272 8276 8258
f 8253 8272 8258
f 8251 8253 8252
f 8263 8251 8252
f 8260 8263 8252
f 8252 8248 8260
f 8294 8290 8289
f 8289 7927 8294
f 8291 8290 8292
f 8290 8294 8292
f 8292 8293 8291
f 8294 7942 7943
f 8294 7946 7945
f 7945 8295 8294
f 7945 7944 8295
f 7947 7915 7948
f 8294 8295 8296
f 8295 8297 8296
f 8298 8299 8294
f 8294 8300 8298
f 8292 8294 8301
f 8301 8293 8292
f 8299 8301 8294
f 8296 8300 8294
f 8295 7948 7949
f 7948 8295 7947
f 7944 7947 8295
f 7943 7946 8294
f 8293 8302 8303
f 8301 8304 8302
f 8302 8293 8301
f 8301 8299 8304
f 8298 8305 8306
f 8300 8307 8305
f 8305 8298 8300
f 8300 8296 8307
f 8306 8304 8298
f 8308 8307 8297
f 8297 8295 8308
f 7949 8309 8308
f 8295 7949 8308
f 8296 8297 8307
f 8299 8298 8304
f 7934 7950 8309
f 8309 7949 7934
f 8312 8311 8310
f 8312 8314 8313
f 8315 8316 8317
f 8312 7951 7952
f 8312 7953 7954
f 7956 8318 8312
f 8318 8311 8312
f 8312 7955 7956
f 7954 7955 8312
f 7952 7953 8312
f 8312 7950 7951
f 8317 8312 8315
f 8313 8315 8312
f 8310 8314 8312
f 8319 8317 8316
f 8316 8320 8319
f 8309 7950 8312
f 8312 8317 8309
f 8319 8309 8317
f 8321 8291 8293
f 8293 8303 8321
f 8326 8302 8304
f 8326 8303 8302
f 8326 8306 8305
f 8305 8323 8326
f 8305 8307 8323
f 8308 8309 8319
f 8320 8324 8323
f 8326 8327 8325
f 8322 8326 8328
f 8328 8329 8322
f 8323 8327 8326
f 8323 8319 8320
f 8319 8323 8308
f 8307 8308 8323
f 8304 8306 8326
f 8303 8326 8322
f 8330 8321 8322
f 8321 8303 8322
f 8322 8329 8330
f 8316 8331 8345
f 8345 8320 8316
f 8329 8332 8357
f 8328 8333 8332
f 8332 8329 8328
f 8328 8326 8333
f 8326 8325 8333
f 8357 8334 8329
f 8325 8335 8336
f 8327 8337 8335
f 8335 8325 8327
f 8327 8323 8337
f 8336 8333 8325
f 8324 8338 8337
f 8337 8323 8324
f 8345 8338 8320
f 8324 8320 8338
f 8331 8316 8315
f 8339 8315 8313
f 8313 8340 8339
f 8340 8313 8314
f 8310 8341 8342
f 8342 8314 8310
f 8343 8344 8311
f 8344 8341 8310
f 8310 8311 8344
f 8311 8318 8343
f 8314 8342 8340
f 8315 8339 8331
f 8331 8350 8345
f 8350 8347 8346
f 8350 8339 8340
f 8350 8342 8341
f 8350 8351 8347
f 8350 8344 8343
f 8341 8344 8350
f 8340 8342 8350
f 8350 8331 8339
f 8345 8350 8349
f 8348 8349 8350
f 8348 8352 8369
f 8346 8353 8352
f 8352 8348 8350
f 8352 8350 8346
f 8369 8354 8348
f 8353 8346 8347
f 8347 8355 8353
f 8347 8351 8355
f 8354 8377 8349
f 8377 8345 8349
f 8349 8348 8354
f 8329 8334 8382
f 8382 8330 8329
f 8360 8334 8357
f 8336 8357 8333
f 8332 8333 8357
f 8335 8337 8336
f 8338 8345 8336
f 8361 8362 8345
f 8357 8356 8363
f 8356 8362 8364
f 8364 8363 8356
f 8359 8357 8365
f 8363 8365 8357
f 8337 8338 8336
f 8358 8360 8357
f 8345 8362 8336
f 8357 8336 8356
f 8362 8356 8336
f 8345 8377 8366
f 8375 8367 8373
f 8369 8368 8375
f 8369 8375 8377
f 8369 8352 8353
f 8372 8371 8373
f 8373 8374 8372
f 8373 8388 8375
f 8375 8376 8377
f 8354 8369 8377
f 8388 8373 8371
f 8353 8355 8369
f 8355 8370 8369
f 8378 8357 8359
f 8359 8379 8378
f 8359 8365 8379
f 8378 8380 8358
f 8334 8381 8382
f 8381 8334 8360
f 8360 8380 8381
f 8360 8358 8380
f 8358 8357 8378
f 8383 8364 8362
f 8384 8385 8363
f 8364 8383 8384
f 8363 8364 8384
f 8366 8383 8361
f 8361 8345 8366
f 8386 8387 8365
f 8363 8385 8386
f 8365 8363 8386
f 8362 8361 8383
f 8389 8376 8375
f 8375 8385 8389
f 8389 8390 8376
f 8377 8390 8366
f 8377 8376 8390
f 8375 8388 8385
f 8391 8369 8370
f 8370 8392 8391
f 8370 8355 8392
f 8391 8393 8368
f 8393 8375 8368
f 8393 8394 8367
f 8394 8373 8367
f 8395 8372 8374
f 8374 8394 8395
f 8396 8388 8371
f 8371 8395 8396
f 8371 8372 8395
f 8374 8373 8394
f 8367 8375 8393
f 8368 8369 8391
f 8385 8388 8387
f 8397 8389 8385
f 8397 8366 8390
f 8385 8384 8383
f 8387 8386 8385
f 8383 8366 8385
f 8366 8397 8385
f 8390 8389 8397
f 8277 8398 8431
f 8275 8399 8398
f 8398 8276 8275
f 8398 8277 8276
f 8275 8273 8399
f 8278 8258 8400
f 8400 8401 8278
f 8258 8277 8400
f 8280 8402 8403
f 8279 8278 8404
f 8404 8405 8279
f 8402 8280 8282
f 8282 8279 8402
f 8405 8402 8279
f 8281 8280 8406
f 8406 8433 8281
f 8283 8285 8407
f 8407 8432 8283
f 8285 8281 8407
f 8432 8408 8283
f 8284 8283 8408
f 8287 8284 8409
f 8286 8287 8410
f 8410 8411 8286
f 8411 8412 8286
f 8288 8286 8412
f 8412 8413 8288
f 8409 8410 8287
f 8217 8288 8413
f 8249 8415 8414
f 8259 8439 8416
f 8259 8414 8439
f 8416 8261 8260
f 8261 8436 8417
f 8261 8416 8436
f 8417 8262 8261
f 8264 8418 8437
f 8262 8417 8418
f 8418 8264 8263
f 8418 8263 8262
f 8264 8437 8419
f 8265 8420 8421
f 8265 8422 8420
f 8421 8266 8265
f 8267 8419 8422
f 8265 8267 8422
f 8423 8268 8251
f 8268 8423 8424
f 8270 8424 8425
f 8425 8271 8270
f 8424 8270 8268
f 8266 8421 8426
f 8426 8423 8266
f 8427 8272 8269
f 8274 8427 8399
f 8399 8273 8274
f 8274 8272 8427
f 8438 8427 8271
f 8271 8425 8438
f 8269 8271 8427
f 8251 8266 8423
f 8419 8267 8264
f 8416 8260 8259
f 8414 8259 8249
f 8413 8428 8217
f 8408 8409 8284
f 8433 8407 8281
f 8403 8406 8280
f 8401 8404 8278
f 8431 8400 8277
f 8429 8399 8427
f 8431 8398 8399
f 8399 8429 8431
f 8427 8438 8429
f 8438 8387 8429
f 8431 8430 8405
f 8434 8428 8413
f 8434 8412 8411
f 8432 8409 8408
f 8411 8410 8409
f 8409 8432 8411
f 8432 8407 8433
f 8433 8403 8402
f 8402 8405 8433
f 8401 8405 8404
f 8431 8401 8400
f 8429 8387 8431
f 8406 8403 8433
f 8413 8412 8434
f 8434 8432 8430
f 8434 8411 8432
f 8432 8433 8405
f 8432 8405 8430
f 8430 8431 8387
f 8431 8405 8401
f 8425 8424 8438
f 8438 8424 8423
f 8420 8426 8421
f 8420 8422 8419
f 8418 8436 8440
f 8436 8418 8417
f 8414 8415 8439
f 8416 8439 8436
f 8440 8437 8418
f 8419 8437 8420
f 8426 8420 8438
f 8423 8426 8438
f 8437 8440 8438
f 8420 8437 8438
f 8436 8439 8440
f 8365 8440 8439
f 8438 8440 8365
f 8439 8476 8379
f 8387 8438 8365
f 8439 8379 8365
f 8476 8441 8379
f 8245 8442 8443
f 8243 8242 8444
f 8442 8245 8243
f 8444 8442 8243
f 8245 8443 8445
f 8445 8244 8245
f 8246 8446 8447
f 8447 8247 8246
f 8246 8248 8446
f 8476 8446 8244
f 8244 8445 8476
f 8247 8447 8448
f 8448 8249 8247
f 8448 8415 8249
f 8215 8217 8428
f 8428 8449 8215
f 8216 8215 8450
f 8450 8485 8216
f 8218 8220 8451
f 8451 8479 8218
f 8479 8452 8218
f 8220 8216 8451
f 8221 8453 8480
f 8222 8219 8452
f 8453 8221 8222
f 8452 8453 8222
f 8223 8221 8454
f 8454 8455 8223
f 8455 8456 8223
f 8480 8454 8221
f 8225 8223 8456
f 8457 8224 8225
f 8456 8457 8225
f 8226 8224 8459
f 8459 8458 8226
f 8458 8460 8226
f 8228 8482 8461
f 8228 8460 8482
f 8461 8227 8228
f 8232 8487 8462
f 8232 8461 8487
f 8462 8231 8232
f 8232 8227 8461
f 8231 8462 8463
f 8229 8483 8464
f 8229 8463 8483
f 8233 8464 8465
f 8465 8234 8233
f 8233 8230 8464
f 8464 8230 8229
f 8235 8466 8467
f 8235 8465 8466
f 8467 8206 8235
f 8237 8469 8468
f 8237 8467 8469
f 8468 8238 8237
f 8237 8206 8467
f 8236 8470 8471
f 8240 8471 8472
f 8472 8239 8204
f 8472 8204 8240
f 8471 8240 8236
f 8238 8468 8477
f 8477 8470 8238
f 8241 8239 8474
f 8475 8203 8241
f 8475 8242 8203
f 8474 8475 8241
f 8475 8473 8242
f 8239 8472 8478
f 8478 8474 8239
f 8473 8444 8242
f 8236 8238 8470
f 8235 8234 8465
f 8463 8229 8231
f 8228 8226 8460
f 8457 8459 8224
f 8219 8218 8452
f 8485 8451 8216
f 8449 8450 8215
f 8248 8244 8446
f 8476 8439 8415
f 8448 8476 8415
f 8476 8448 8447
f 8443 8444 8473
f 8443 8442 8444
f 8443 8473 8441
f 8445 8443 8476
f 8447 8446 8476
f 8443 8441 8476
f 8473 8475 8478
f 8478 8475 8474
f 8478 8471 8470
f 8441 8478 8477
f 8470 8477 8478
f 8472 8471 8478
f 8441 8473 8478
f 8435 8480 8479
f 8435 8481 8480
f 8487 8483 8484
f 8468 8469 8477
f 8469 8467 8466
f 8469 8466 8465
f 8465 8483 8469
f 8463 8484 8483
f 8484 8462 8487
f 8484 8463 8462
f 8486 8461 8482
f 8486 8482 8458
f 8486 8458 8459
f 8481 8457 8456
f 8456 8455 8481
f 8480 8455 8454
f 8480 8453 8452
f 8479 8451 8485
f 8485 8449 8434
f 8449 8428 8434
f 8430 8493 8435
f 8469 8483 8441
f 8435 8434 8430
f 8485 8434 8435
f 8450 8449 8485
f 8452 8479 8480
f 8455 8480 8481
f 8481 8459 8457
f 8459 8481 8486
f 8460 8458 8482
f 8461 8486 8487
f 8465 8464 8483
f 8477 8469 8441
f 8479 8485 8435
f 8378 8489 8490
f 8378 8488 8489
f 8488 8379 8441
f 8490 8380 8378
f 8489 8491 8490
f 8490 8492 8381
f 8488 8378 8379
f 8381 8380 8490
f 8441 8493 8488
f 8494 8490 8491
f 8495 8491 8489
f 8489 8496 8495
f 8496 8489 8488
f 8488 8497 8496
f 8488 8591 8497
f 8495 8498 8491
f 8491 8498 8494
f 8391 8392 8499
f 8503 8499 8500
f 8393 8391 8503
f 8394 8393 8503
f 8395 8394 8503
f 8396 8503 8505
f 8396 8395 8503
f 8504 8505 8503
f 8502 8504 8503
f 8501 8502 8503
f 8500 8501 8503
f 8499 8503 8391
f 8392 7840 8506
f 8499 8506 8507
f 8507 8500 8499
f 8507 8520 8500
f 8506 8499 8392
f 8505 8508 8509
f 8509 8396 8505
f 8509 8510 8396
f 8504 8511 8512
f 8512 8505 8504
f 8512 8508 8505
f 8502 8537 8513
f 8513 8504 8502
f 8501 8514 8515
f 8515 8502 8501
f 8500 8516 8517
f 8517 8501 8500
f 8517 8514 8501
f 8515 8537 8502
f 8513 8511 8504
f 7843 8518 8519
f 8519 7842 7843
f 8519 7840 7841
f 8520 8507 8506
f 7844 7845 8521
f 8521 8524 7844
f 8524 8518 7844
f 8519 8518 8524
f 7845 7846 8521
f 8523 8521 7846
f 8506 7840 8520
f 7840 8524 8520
f 7840 8519 8524
f 7841 7842 8519
f 7843 7844 8518
f 8524 8521 8523
f 8388 8396 8387
f 8430 8387 8396
f 8493 8430 8396
f 8493 8481 8435
f 8493 8486 8481
f 8441 8483 8487
f 8493 8487 8486
f 8487 8493 8441
f 8510 8525 8591
f 8591 8396 8510
f 8591 8493 8396
f 8525 8510 8526
f 8527 8526 8528
f 8528 8529 8527
f 8528 8508 8529
f 8530 8531 8537
f 8529 8508 8531
f 8531 8530 8529
f 8530 8537 8532
f 8532 8533 8530
f 8532 8514 8533
f 8533 8514 8534
f 8534 8535 8533
f 8534 8536 8535
f 8526 8527 8525
f 8537 8508 8511
f 8508 8512 8511
f 8537 8515 8514
f 8514 8532 8537
f 8537 8531 8508
f 8509 8508 8526
f 8508 8528 8526
f 8526 8510 8509
f 8514 8536 8534
f 8516 8514 8517
f 8511 8513 8537
f 8538 8536 8514
f 8514 8567 8538
f 8539 8540 8514
f 8514 8516 8539
f 8540 8567 8514
f 8488 8493 8591
f 8535 8527 8529
f 8529 8530 8535
f 8535 8525 8527
f 8530 8533 8535
f 8525 8541 8591
f 8535 8541 8525
f 8535 8538 8542
f 8535 8536 8538
f 8542 8541 8535
f 8543 8497 8591
f 8541 8542 8544
f 8543 8591 8541
f 8552 8546 8545
f 8552 8547 8548
f 8544 8549 8550
f 8544 8551 8549
f 8553 8546 8552
f 8552 8554 8553
f 8550 8552 8544
f 8548 8543 8552
f 8543 8544 8552
f 8543 8541 8544
f 8545 8547 8552
f 8542 8538 8555
f 8556 8549 8551
f 8551 8555 8569
f 8551 8569 8556
f 8551 8544 8555
f 8549 8556 8557
f 8558 8552 8550
f 8550 8557 8558
f 8559 8553 8554
f 8554 8558 8559
f 8554 8552 8558
f 8559 8560 8553
f 8557 8550 8549
f 8555 8544 8542
f 8548 8561 8562
f 8562 8543 8548
f 8562 8497 8543
f 8561 8548 8547
f 8545 8563 8564
f 8564 8547 8545
f 8563 8545 8546
f 8553 8565 8566
f 8566 8546 8553
f 8546 8566 8563
f 8547 8564 8561
f 8568 8559 8558
f 8538 8567 8568
f 8569 8568 8556
f 8568 8557 8556
f 8567 8570 8571
f 8571 8568 8567
f 8568 8572 8560
f 8560 8559 8568
f 8571 8572 8568
f 8570 8567 8540
f 8555 8538 8569
f 8568 8569 8538
f 8558 8557 8568
f 8539 8520 8573
f 8571 8570 8574
f 8573 8574 8570
f 8570 8540 8573
f 8572 8575 8576
f 8576 8560 8572
f 8572 8571 8575
f 8576 8577 8560
f 8574 8575 8571
f 8573 8540 8539
f 8560 8577 8565
f 8565 8553 8560
f 8522 8494 8578
f 8579 8578 8580
f 8580 8581 8582
f 8581 8583 8582
f 8582 8589 8580
f 8583 8581 8584
f 8565 8577 8585
f 8585 8584 8565
f 8584 8585 8583
f 8580 8589 8579
f 8578 8579 8522
f 8496 8586 8498
f 8498 8495 8496
f 8581 8580 8588
f 8587 8584 8581
f 8588 8580 8578
f 8586 8562 8561
f 8563 8587 8586
f 8586 8564 8563
f 8584 8587 8566
f 8566 8565 8584
f 8563 8566 8587
f 8561 8564 8586
f 8562 8586 8497
f 8578 8494 8588
f 8494 8586 8588
f 8494 8498 8586
f 8588 8587 8581
f 8587 8588 8586
f 8496 8497 8586
f 8523 8589 8524
f 8520 8524 8575
f 8524 8576 8575
f 8520 8574 8573
f 8523 8579 8589
f 8523 8522 8579
f 8524 8583 8585
f 8524 8589 8582
f 8582 8583 8524
f 8524 8585 8577
f 8577 8576 8524
f 8575 8574 8520
f 8520 8539 8590
f 8516 8500 8590
f 8539 8516 8590
f 8590 8500 8520
f 8593 7941 7939
f 8593 7939 8289
f 8592 7941 8593
f 8594 8593 8289
f 8289 8593 8594
f 8522 8492 8490
f 8490 8494 8522
f 7764 7732 7734
f 8523 8595 8492
f 7941 7824 7764
f 8523 7824 8593
f 8593 7941 8592
f 7734 7941 7764
f 8593 8595 8523
f 7941 8593 7824
f 8522 8523 8492
f 8291 8321 8595
f 8595 8593 8291
f 8321 8330 8382
f 8291 8593 8289
f 8289 8290 8291
f 8382 8595 8321
f 8381 8492 8595
f 8382 8381 8595
f 8597 7956 7936
f 8597 8682 8318
f 7936 8596 8597
f 8598 7888 7880
f 8596 7913 7893
f 8318 7956 8597
f 7880 7886 8598
f 7936 7913 8596
f 7893 7888 8596
f 8682 8343 8318
f 7886 8599 8600
f 8682 8350 8343
f 7886 8600 8598
f 8682 8351 8350
f 8682 8646 8351
f 8598 8596 7888
f 7879 7858 8625
f 8599 7886 7885
f 8355 8646 8664
f 8596 8601 8597
f 7885 7879 8599
f 8664 8392 8355
f 8601 7840 8658
f 8355 8351 8646
f 8625 8599 7879
f 8658 8597 8601
f 7858 7829 8602
f 8602 8625 7858
f 7830 8604 8602
f 7840 8392 8664
f 7840 8601 8603
f 8603 7830 7840
f 8602 7829 7830
f 7830 8603 8604
f 8664 8658 7840
f 8603 8601 8596
f 8603 8596 8598
f 8607 8608 8609
f 8604 8609 8610
f 8613 8614 8604
f 8612 8613 8604
f 8611 8612 8604
f 8610 8611 8604
f 8609 8604 8607
f 8606 8608 8607
f 8605 8607 8604
f 8615 8610 8609
f 8616 8609 8608
f 8617 8608 8606
f 8606 8618 8617
f 8606 8607 8618
f 8618 8607 8605
f 8619 8605 8604
f 8604 8603 8619
f 8605 8619 8618
f 8608 8617 8616
f 8609 8616 8615
f 8610 8620 8621
f 8611 8621 8622
f 8612 8622 8623
f 8613 8623 8624
f 8614 8624 8602
f 8602 8604 8614
f 8624 8614 8613
f 8623 8613 8612
f 8622 8612 8611
f 8621 8611 8610
f 8627 8626 8602
f 8630 8602 8624
f 8628 8627 8630
f 8629 8628 8630
f 8620 8630 8621
f 8620 8629 8630
f 8622 8621 8630
f 8623 8622 8630
f 8624 8623 8630
f 8602 8630 8627
f 8625 8600 8599
f 8620 8631 8632
f 8629 8632 8633
f 8628 8633 8634
f 8634 8627 8628
f 8634 8645 8627
f 8627 8645 8635
f 8626 8635 8625
f 8625 8602 8626
f 8635 8626 8627
f 8633 8628 8629
f 8632 8629 8620
f 8625 8603 8598
f 8598 8600 8625
f 8631 8615 8636
f 8637 8636 8638
f 8639 8638 8640
f 8640 8641 8639
f 8641 8644 8642
f 8643 8642 8603
f 8603 8625 8643
f 8642 8643 8641
f 8640 8644 8641
f 8638 8639 8637
f 8636 8637 8631
f 8644 8638 8636
f 8603 8636 8615
f 8618 8619 8603
f 8617 8618 8603
f 8616 8617 8603
f 8615 8616 8603
f 8636 8603 8644
f 8640 8638 8644
f 8642 8644 8603
f 8645 8633 8632
f 8625 8632 8631
f 8641 8643 8625
f 8639 8641 8625
f 8637 8639 8625
f 8631 8637 8625
f 8632 8625 8645
f 8634 8633 8645
f 8635 8645 8625
f 8647 8658 8664
f 8650 8651 8652
f 8656 8652 8653
f 8657 8658 8656
f 8656 8658 8647
f 8655 8657 8656
f 8654 8655 8656
f 8650 8656 8647
f 8653 8654 8656
f 8652 8656 8650
f 8649 8651 8650
f 8648 8650 8647
f 8660 8659 8664
f 8661 8660 8664
f 8663 8661 8664
f 8666 8664 8667
f 8666 8663 8664
f 8665 8667 8664
f 8662 8665 8664
f 8668 8666 8667
f 8669 8667 8665
f 8670 8665 8662
f 8671 8662 8664
f 8664 8646 8671
f 8662 8671 8670
f 8665 8670 8669
f 8667 8669 8668
f 8666 8653 8652
f 8663 8652 8651
f 8661 8651 8649
f 8649 8660 8661
f 8660 8650 8648
f 8659 8648 8647
f 8647 8664 8659
f 8648 8659 8660
f 8649 8650 8660
f 8651 8661 8663
f 8652 8663 8666
f 8653 8672 8673
f 8654 8673 8674
f 8655 8674 8675
f 8675 8657 8655
f 8675 8683 8657
f 8683 8658 8657
f 8674 8655 8654
f 8673 8654 8653
f 8683 8682 8597
f 8683 8597 8658
f 8672 8668 8676
f 8677 8676 8678
f 8679 8678 8680
f 8680 8681 8679
f 8681 8671 8682
f 8680 8671 8681
f 8678 8679 8677
f 8676 8677 8672
f 8671 8646 8682
f 8671 8678 8676
f 8671 8676 8668
f 8669 8670 8671
f 8668 8669 8671
f 8680 8678 8671
f 8683 8674 8673
f 8683 8673 8672
f 8681 8682 8683
f 8679 8681 8683
f 8677 8679 8683
f 8672 8677 8683
f 8675 8674 8683
f 8615 8631 8684
f 8620 8610 8686
f 8685 8631 8620
f 8610 8615 8686
f 8686 8685 8620
f 8684 8686 8615
f 8631 8685 8684
f 8686 11416 8685
f 11415 8685 11416
f 8684 11417 8686
f 11415 8684 8685
f 8684 11415 11416
f 11417 11416 8686
f 11417 8684 8686
f 11416 11417 8686
f 8684 11416 8686
f 8666 8668 2399
f 8668 8672 2399
f 8653 8666 2399
f 2399 8672 8653
f 8692 8688 8689
f 8692 8690 8691
f 8692 8693 8694
f 8692 8695 8696
f 8687 8697 8698
f 8687 8699 8700
f 8687 8702 8703
f 8703 8701 8687
f 8701 8704 8705
f 8701 8706 8707
f 8707 8714 8701
f 8692 8711 8712
f 8714 8708 8713
f 8714 8709 8687
f 8712 8688 8692
f 8705 8706 8701
f 8687 8701 8714
f 8700 8702 8687
f 8698 8699 8687
f 8687 8696 8697
f 8696 8687 8692
f 8694 8695 8692
f 8691 8693 8692
f 8692 8689 8690
f 8709 8716 8717
f 8721 8709 8719
f 8709 8718 8719
f 8709 8722 8723
f 8709 8724 8725
f 8709 8726 8727
f 8727 8732 8709
f 8732 8728 8729
f 8732 8730 8731
f 8710 8692 8732
f 8732 8734 8735
f 8735 8710 8732
f 8713 8715 8737
f 8737 8709 8713
f 8692 8710 8738
f 8710 8736 8738
f 8692 8687 8709
f 8738 8711 8692
f 8737 8716 8709
f 8714 8713 8709
f 8709 8732 8692
f 8733 8734 8732
f 8731 8733 8732
f 8729 8730 8732
f 8727 8728 8732
f 8725 8726 8709
f 8709 8723 8724
f 8721 8722 8709
f 8719 8720 8721
f 8709 8717 8718
f 8739 8708 8714
f 8740 8713 8708
f 8708 8739 9078
f 8708 9078 8740
f 8714 8707 8739
f 8741 8707 8706
f 8706 8742 8741
f 8741 8739 8707
f 8743 8744 8704
f 8704 8701 8743
f 8705 8704 8744
f 8744 8742 8705
f 8745 8703 8702
f 8702 8746 8745
f 8745 8743 8703
f 8747 8748 8699
f 8700 8699 8748
f 8748 8746 8700
f 8749 8750 8697
f 8698 8697 8750
f 8750 8747 8698
f 8751 8696 8695
f 8695 8752 8751
f 8751 8749 8696
f 8753 8754 8693
f 8694 8693 8754
f 8754 8752 8694
f 8755 8756 8690
f 8691 8690 8756
f 8756 8753 8691
f 8757 8689 8688
f 8688 8758 8757
f 8757 8755 8689
f 8711 8951 8759
f 8759 8712 8711
f 8740 8760 8715
f 8715 8713 8740
f 8759 8758 8712
f 8688 8712 8758
f 8690 8689 8755
f 8693 8691 8753
f 8695 8694 8752
f 8697 8696 8749
f 8699 8698 8747
f 8702 8700 8746
f 8701 8703 8743
f 8706 8705 8742
f 8761 8736 8710
f 8762 8738 8736
f 8736 8761 8808
f 8736 8808 8762
f 8710 8735 8761
f 8763 8764 8734
f 8735 8734 8764
f 8764 8761 8735
f 8730 8765 8766
f 8766 8731 8730
f 8763 8733 8731
f 8731 8766 8763
f 8729 8728 8767
f 8728 8768 8767
f 8767 8765 8729
f 8725 8769 8770
f 8768 8727 8726
f 8726 8770 8768
f 8723 8817 8771
f 8771 8724 8723
f 8769 8725 8724
f 8772 8773 8722
f 8723 8722 8773
f 8773 8817 8723
f 8719 8774 8775
f 8772 8721 8720
f 8720 8775 8772
f 8718 8717 8776
f 8717 8777 8776
f 8774 8719 8718
f 8737 8778 8779
f 8777 8717 8716
f 8716 8779 8777
f 8737 8715 8760
f 8762 8951 8711
f 8711 8738 8762
f 8760 8778 8737
f 8779 8716 8737
f 8776 8774 8718
f 8775 8720 8719
f 8722 8721 8772
f 8771 8769 8724
f 8770 8726 8725
f 8728 8727 8768
f 8730 8729 8765
f 8734 8733 8763
f 8780 9078 8739
f 8741 8742 8781
f 8742 8782 8781
f 8744 8784 8782
f 8782 8742 8744
f 8745 8786 8783
f 8744 8743 8784
f 8743 8783 8784
f 8746 8785 8786
f 8786 8745 8746
f 8746 8748 8785
f 8748 8747 8788
f 8788 8787 8748
f 8789 8788 8747
f 8747 8750 8789
f 8750 8749 8790
f 8790 8791 8750
f 8792 8790 8749
f 8749 8751 8792
f 8752 8794 8793
f 8793 8751 8752
f 8752 8754 8794
f 8754 8753 8795
f 8796 8795 8753
f 8753 8756 8796
f 8756 8755 9074
f 8797 9074 8755
f 8755 8757 8797
f 8758 8799 8798
f 8798 8757 8758
f 8758 8759 8799
f 9078 8778 8740
f 8760 8740 8778
f 8951 8799 8759
f 8798 8797 8757
f 9074 8796 8756
f 8795 8794 8754
f 8793 8792 8751
f 8791 8789 8750
f 8787 8785 8748
f 8783 8743 8745
f 8781 8780 8741
f 8739 8741 8780
f 8767 8768 8800
f 8768 8770 8801
f 8801 8800 8768
f 8765 8767 8802
f 8803 8766 8765
f 8802 8803 8765
f 8764 8763 8804
f 8804 8805 8764
f 8763 8766 8804
f 8761 8764 8806
f 8761 8807 8808
f 8762 8808 8951
f 8777 8809 8810
f 8810 8776 8777
f 8779 8778 8811
f 8811 8809 8779
f 8774 8812 8813
f 8813 8775 8774
f 8776 8810 8812
f 8772 8814 8815
f 8815 8773 8772
f 8775 8813 8814
f 8773 8815 8816
f 8816 8817 8773
f 8770 8769 8818
f 8818 8819 8770
f 8771 8817 8818
f 8818 8769 8771
f 8819 8801 8770
f 8772 8775 8814
f 8774 8776 8812
f 8777 8779 8809
f 8806 8807 8761
f 8805 8806 8764
f 8803 8804 8766
f 8800 8802 8767
f 8822 8823 8821
f 8821 8824 8822
f 8821 8823 9235
f 9235 8825 8821
f 8825 8826 8827
f 8827 8828 8825
f 8830 8829 9243
f 8831 8830 8832
f 8833 8831 8834
f 8831 8835 8834
f 8820 8833 8836
f 8833 9252 8836
f 9115 8820 8837
f 9115 8838 8840
f 8840 8841 9115
f 8841 8839 9115
f 8820 8842 8843
f 8844 8842 8820
f 8833 8846 8847
f 8833 8843 8846
f 8847 8845 8833
f 8831 8848 8849
f 8831 8850 8848
f 8831 8845 8850
f 8831 8851 8852
f 8831 8849 8851
f 8852 8830 8831
f 8829 8830 8853
f 8830 8854 8853
f 8830 8855 8856
f 8856 8854 8830
f 8829 8857 8858
f 8829 8859 8857
f 8858 8828 8829
f 8828 8860 8825
f 8861 8862 8825
f 8884 8821 8863
f 8778 8884 8866
f 8866 8865 8778
f 8811 8778 8865
f 8863 8864 8884
f 8862 8821 8825
f 8853 8859 8829
f 8845 8831 8833
f 8843 8833 8820
f 9115 8844 8820
f 8834 9252 8833
f 8832 8835 8831
f 8828 9243 8829
f 8867 8830 8852
f 8855 8867 8869
f 8869 8856 8855
f 8855 8830 8867
f 8869 8868 8856
f 8868 8870 8856
f 8857 8871 8872
f 8872 8873 8857
f 8854 8870 8871
f 8871 8857 8859
f 8859 8853 8871
f 8871 8853 8854
f 8854 8856 8870
f 8858 8857 8873
f 8873 8874 8858
f 8828 8858 8875
f 8861 8876 8877
f 8860 8828 8875
f 8876 8861 8825
f 8825 8860 8876
f 8875 8876 8860
f 8898 8878 8862
f 8862 8861 8879
f 8879 8898 8862
f 8878 8863 8821
f 8821 8862 8878
f 8866 8881 8880
f 8880 8882 8866
f 8883 8864 8863
f 8863 8878 8883
f 8881 8866 8884
f 8884 8864 8881
f 8883 8881 8864
f 8882 8811 8865
f 8865 8866 8882
f 8811 8887 8885
f 8885 8809 8811
f 8885 8886 8809
f 8811 8882 8887
f 8887 8882 8937
f 8888 8889 8812
f 8812 8810 8888
f 8809 8886 8888
f 8890 8891 8814
f 8814 8813 8890
f 8812 8889 8890
f 8892 8893 8816
f 8816 8815 8892
f 8891 8892 8814
f 8894 8895 8818
f 8818 8817 8894
f 8816 8893 8894
f 8817 8816 8894
f 8815 8814 8892
f 8813 8812 8890
f 8810 8809 8888
f 8877 8879 8861
f 8874 8875 8858
f 8852 8851 8867
f 8903 8899 8900
f 8900 8901 8903
f 8901 8902 8903
f 8905 8906 8907
f 8905 8908 8906
f 8905 8903 8904
f 8904 8908 8905
f 8896 8907 8909
f 8896 8910 8911
f 8912 8910 8896
f 8914 8915 8913
f 8913 8896 8911
f 8896 8916 8917
f 8917 8905 8896
f 8905 8918 8919
f 8919 8903 8905
f 8903 8920 8921
f 8922 8899 8903
f 8899 8923 8924
f 8924 8925 8899
f 8926 8927 8928
f 8929 8928 8930
f 8928 9276 8930
f 8898 8929 8931
f 8929 8932 8931
f 8933 8898 8934
f 8898 9280 8934
f 8937 8933 8935
f 8933 9285 8935
f 8935 8936 8937
f 8882 8880 8937
f 8887 8937 8938
f 8880 8881 8933
f 8933 8937 8880
f 8897 8883 8878
f 8878 8898 8897
f 8897 8881 8883
f 8898 8879 8877
f 8928 8929 8874
f 8929 8876 8875
f 8875 8874 8929
f 8929 8877 8876
f 8874 8873 8928
f 8873 8872 8928
f 8925 8871 8870
f 8872 8925 8928
f 8872 8871 8925
f 8899 8868 8869
f 8869 8867 8899
f 8868 8899 8925
f 8867 8900 8899
f 8870 8868 8925
f 8877 8929 8898
f 8881 8897 8933
f 8934 9285 8933
f 8931 9280 8898
f 8930 8932 8929
f 8928 8925 8926
f 8924 8926 8925
f 8922 8923 8899
f 8921 8922 8903
f 8919 8920 8903
f 8917 8918 8905
f 8915 8939 8913
f 8909 8912 8896
f 8907 8896 8905
f 8902 8904 8903
f 8898 8933 8897
f 8940 8941 8942
f 8849 8901 8900
f 8900 8851 8849
f 8900 8867 8851
f 8902 8850 8845
f 8850 8902 8901
f 8901 8848 8850
f 8904 8902 8847
f 8847 8908 8904
f 8906 8846 8843
f 8846 8906 8908
f 8908 8847 8846
f 8843 8842 8906
f 8844 8909 8907
f 8907 8842 8844
f 8844 9115 8909
f 8907 8906 8842
f 8839 8910 8912
f 8912 8909 8839
f 9115 8839 8909
f 8841 8914 8913
f 8913 8911 8841
f 8911 8910 8841
f 8942 8840 8838
f 8840 8942 8915
f 8915 8841 8840
f 8915 8914 8841
f 8942 8939 8915
f 8941 8940 8943
f 8944 8945 8946
f 8945 8944 8947
f 8947 8948 8945
f 8947 8949 8948
f 8943 8940 8951
f 8951 8944 8943
f 8946 8943 8944
f 8943 8950 8941
f 8952 8819 8818
f 8801 8819 8952
f 8952 8953 8801
f 8954 8800 8801
f 8802 8800 8954
f 8954 8955 8802
f 8956 8803 8802
f 8957 8804 8803
f 8957 8805 8804
f 8803 8956 8957
f 8958 8807 8806
f 8959 8949 8807
f 8807 8958 8959
f 8959 8960 8949
f 8960 8948 8949
f 8806 8805 8958
f 8957 8958 8805
f 8955 8956 8802
f 8953 8954 8801
f 8818 8895 8952
f 8839 8841 8910
f 8845 8847 8902
f 8849 8848 8901
f 8942 8838 8940
f 8838 8951 8940
f 8961 8939 8942
f 8941 8950 8961
f 8942 8941 8961
f 8937 8962 8963
f 8963 8938 8937
f 9025 8964 8965
f 8964 8966 8965
f 8966 8960 8959
f 8966 8967 8960
f 8966 8964 8967
f 8959 8968 8969
f 8968 8958 8957
f 8957 8970 8971
f 8968 8959 8958
f 8970 8956 8955
f 8955 8972 8973
f 8970 8957 8956
f 8972 8954 8953
f 8953 8974 8975
f 8972 8955 8954
f 8976 8974 8952
f 8974 8953 8952
f 8977 8894 8893
f 8978 8895 8894
f 8894 8977 8978
f 8978 8976 8895
f 8979 8980 8892
f 8892 8891 8979
f 8980 8977 8892
f 8981 8982 8890
f 8890 8889 8981
f 8982 8979 8890
f 8983 8984 8888
f 8888 8886 8983
f 8984 8981 8888
f 8985 8986 8885
f 8885 8887 8985
f 8986 8983 8885
f 8887 8938 8985
f 8886 8885 8983
f 8889 8888 8981
f 8891 8890 8979
f 8893 8892 8977
f 8952 8895 8976
f 8953 8975 8972
f 8955 8973 8970
f 8957 8971 8968
f 8959 8969 8966
f 8965 8987 9025
f 8963 8985 8938
f 8937 8988 8962
f 8989 8988 8937
f 8991 8992 8990
f 8993 8991 8990
f 8990 8989 8993
f 8996 8997 8995
f 8995 8994 8996
f 8995 8998 8994
f 8999 9000 9001
f 9000 8998 9001
f 9001 9002 8999
f 9003 9004 9006
f 9006 9005 9003
f 9002 9006 9004
f 9004 8999 9002
f 9008 9009 9007
f 9010 9008 9007
f 9007 9003 9010
f 9011 9012 9384
f 9012 9013 9384
f 9384 9014 9011
f 9017 9015 9016
f 9017 9018 9015
f 9014 9017 9016
f 9016 9011 9014
f 9020 9021 9019
f 9019 9018 9020
f 9020 9022 9021
f 9023 9024 8950
f 9024 9022 8950
f 9025 9023 8950
f 9024 9021 9022
f 9019 9015 9018
f 9012 9009 9013
f 9008 9013 9009
f 9005 9010 9003
f 9000 8994 8998
f 8996 8992 8997
f 8991 8997 8992
f 8937 8993 8989
f 9024 9023 9026
f 9026 9070 9024
f 9027 9026 9023
f 9023 9025 9027
f 9021 9028 9029
f 9029 9019 9021
f 9021 9024 9028
f 9016 9015 9030
f 9031 9030 9015
f 9015 9019 9031
f 9011 9032 9033
f 9033 9012 9011
f 9011 9016 9032
f 9007 9009 9034
f 9035 9034 9009
f 9009 9012 9035
f 9003 9036 9037
f 9037 9004 9003
f 9003 9007 9036
f 9000 8999 9038
f 9039 9038 8999
f 8999 9004 9039
f 8994 9040 9041
f 9041 8996 8994
f 8994 9000 9040
f 8990 8992 9042
f 9043 9042 8992
f 8992 8996 9043
f 8989 9044 9045
f 9045 8988 8989
f 9046 9044 8989
f 8989 8990 9046
f 9047 9048 8962
f 9027 9025 8987
f 8987 9049 9027
f 8962 8988 9047
f 9045 9047 8988
f 9042 9046 8990
f 9041 9043 8996
f 9038 9040 9000
f 9037 9039 9004
f 9034 9036 9007
f 9033 9035 9012
f 9030 9032 9016
f 9029 9031 9019
f 9070 9028 9024
f 8986 8985 9050
f 9050 9073 8986
f 9051 9050 8985
f 8985 8963 9051
f 8983 9052 9053
f 9053 8984 8983
f 8983 8986 9052
f 8982 8981 9054
f 9055 9054 8981
f 8981 8984 9055
f 8979 9056 9057
f 9057 8980 8979
f 8979 8982 9056
f 8978 8977 9058
f 9059 9058 8977
f 8977 8980 9059
f 9060 8975 8974
f 8976 9061 9062
f 9062 8974 8976
f 8976 8978 9061
f 9063 8973 8972
f 8972 9064 9063
f 8972 8975 9064
f 8975 9060 9064
f 9065 8971 8970
f 8973 9063 9066
f 9066 8970 8973
f 9067 8969 8968
f 8968 9068 9067
f 8968 8971 9068
f 8971 9065 9068
f 8965 9069 9071
f 9069 8965 8966
f 8966 9067 9069
f 8966 8969 9067
f 9049 8987 8965
f 9048 9051 8963
f 8963 8962 9048
f 8965 9071 9049
f 8970 9066 9065
f 8974 9062 9060
f 9058 9061 8978
f 9057 9059 8980
f 9054 9056 8982
f 9053 9055 8984
f 9073 9052 8986
f 9037 9036 9072
f 9072 9042 9043
f 9072 9038 9039
f 9041 9040 9072
f 9072 9044 9046
f 9070 9029 9028
f 9070 9072 9031
f 9072 9030 9031
f 9072 9034 9035
f 9072 9033 9032
f 9044 9048 9047
f 9070 9026 9027
f 9027 9049 9070
f 9047 9045 9044
f 9072 9036 9034
f 9035 9033 9072
f 9071 9072 9070
f 9031 9029 9070
f 9072 9032 9030
f 9046 9042 9072
f 9039 9037 9072
f 9040 9038 9072
f 9043 9041 9072
f 9062 9061 9072
f 9071 9068 9065
f 9072 9064 9060
f 9066 9063 9072
f 9071 9069 9067
f 9073 9053 9052
f 9073 9072 9055
f 9072 9054 9055
f 9072 9058 9059
f 9072 9057 9056
f 9070 9049 9071
f 9044 9073 9051
f 9073 9050 9051
f 9044 9072 9073
f 9051 9048 9044
f 9072 9061 9058
f 9059 9057 9072
f 9055 9053 9073
f 9072 9056 9054
f 9067 9068 9071
f 9072 9071 9066
f 9060 9062 9072
f 9063 9064 9072
f 9065 9066 9071
f 9075 9074 9076
f 9078 9077 9099
f 8781 9079 9080
f 9078 8781 9081
f 9081 9077 9078
f 9099 9077 9082
f 9077 9083 9082
f 9077 9084 9083
f 9095 9082 9085
f 9086 9087 9088
f 9088 9089 9086
f 9089 9090 9086
f 9091 9092 9086
f 9086 9090 9091
f 9093 9095 9094
f 9094 9092 9093
f 9099 9096 9097
f 9095 9098 9096
f 9096 9099 9095
f 9099 9102 8824
f 9078 9099 8821
f 9078 8821 8884
f 8778 9078 8884
f 8780 8781 9078
f 8782 9103 9079
f 9103 8782 8784
f 8784 8783 8786
f 8786 9104 8784
f 8784 9104 9103
f 8785 9105 9106
f 9107 9105 8785
f 8785 8787 9107
f 9106 8786 8785
f 8788 9108 9109
f 9109 8787 8788
f 9110 9108 8788
f 8788 8789 9110
f 8789 8791 9110
f 8790 9111 9112
f 9112 8791 8790
f 8790 8792 9111
f 8792 8793 9111
f 9113 8794 8795
f 8793 8794 9113
f 8795 9074 9114
f 9114 9113 8795
f 8795 8796 9074
f 9074 8799 8951
f 8798 8799 9074
f 8808 8807 8949
f 8951 8808 8944
f 8947 8944 8808
f 9074 8838 9115
f 9115 9117 9074
f 9117 9118 9116
f 9076 9120 9119
f 9076 9121 9120
f 9076 9123 9122
f 9127 9124 9126
f 9128 9126 9129
f 9076 9130 9128
f 9128 9131 9076
f 9075 9076 9132
f 9076 9131 9133
f 9133 9132 9076
f 9132 9134 9075
f 9074 9135 9136
f 9136 9114 9074
f 9075 9137 9135
f 9135 9074 9075
f 9134 9137 9075
f 9129 9131 9128
f 9125 9138 9124
f 9119 9123 9076
f 9117 9121 9076
f 9115 9118 9117
f 8951 8838 9074
f 8949 8947 8808
f 8797 8798 9074
f 9112 9110 8791
f 8787 9109 9107
f 9079 8781 8782
f 8824 8821 9099
f 9100 9102 9099
f 9097 9101 9099
f 9091 9093 9092
f 9087 9139 9088
f 9085 9094 9095
f 9082 9095 9099
f 9081 9084 9077
f 9117 9076 9074
f 9137 9134 9140
f 9141 9135 9137
f 9134 9132 9142
f 9132 9133 9143
f 9129 9126 9144
f 9145 9131 9129
f 9144 9145 9129
f 9143 9133 9131
f 9138 9147 9148
f 9148 9149 9138
f 9146 9126 9124
f 9124 9138 9146
f 9147 9151 9152
f 9152 9150 9147
f 9153 9152 9151
f 9151 9154 9153
f 9155 9153 9154
f 9154 9156 9155
f 9156 9139 9155
f 9087 9157 9158
f 9158 9159 9087
f 9159 9155 9087
f 9086 9160 9157
f 9157 9087 9086
f 9092 9161 9160
f 9094 9162 9161
f 9161 9092 9094
f 9085 9163 9162
f 9082 9164 9163
f 9163 9085 9082
f 9083 9165 9164
f 9082 9083 9164
f 9094 9085 9162
f 9086 9092 9160
f 9139 9087 9155
f 9150 9148 9147
f 9149 9146 9138
f 9146 9144 9126
f 9145 9143 9131
f 9143 9142 9132
f 9142 9140 9134
f 9140 9141 9137
f 9118 9168 9166
f 9166 9116 9118
f 9118 9115 9168
f 9255 9167 9168
f 9169 9121 9117
f 9121 9169 9170
f 9170 9120 9121
f 9116 9171 9172
f 9172 9169 9116
f 9116 9166 9171
f 9119 9173 9174
f 9174 9123 9119
f 9174 9122 9123
f 9120 9175 9176
f 9120 9170 9175
f 9176 9173 9120
f 9076 9177 9178
f 9122 9179 9177
f 9178 9130 9076
f 9122 9174 9179
f 9180 9126 9128
f 9130 9181 9182
f 9130 9178 9181
f 9182 9180 9130
f 9125 9124 9183
f 9127 9184 9183
f 9127 9185 9184
f 9183 9124 9127
f 9126 9180 9185
f 9127 9126 9185
f 8824 9186 9187
f 9187 9231 8824
f 8824 9102 9188
f 9188 9186 8824
f 9102 9100 9188
f 9100 9189 9190
f 9101 9097 9191
f 9189 9099 9101
f 9189 9100 9099
f 9191 9189 9101
f 9190 9192 9100
f 9098 9095 9193
f 9194 9096 9098
f 9193 9194 9098
f 9194 9195 9096
f 9195 9097 9096
f 9095 9093 9193
f 9093 9196 9197
f 9090 9089 9198
f 9196 9091 9090
f 9196 9093 9091
f 9198 9196 9090
f 9197 9199 9093
f 9089 9200 9201
f 9201 9202 9089
f 9139 9156 9203
f 9200 9088 9139
f 9200 9089 9088
f 9203 9200 9139
f 9204 9147 9138
f 9204 9151 9147
f 9205 9154 9151
f 9151 9204 9205
f 9205 9206 9154
f 9203 9156 9154
f 9206 9203 9154
f 9138 9125 9204
f 9202 9198 9089
f 9199 9193 9093
f 9195 9191 9097
f 9192 9188 9100
f 9183 9204 9125
f 9128 9130 9180
f 9076 9122 9177
f 9119 9120 9173
f 9117 9116 9169
f 9115 9255 9168
f 9136 9135 9141
f 9141 9208 9136
f 9209 9114 9136
f 9113 9210 9211
f 9113 9114 9209
f 9209 9210 9113
f 9111 8793 9212
f 9212 9213 9111
f 9213 9214 9111
f 9112 9111 9214
f 9214 9215 9112
f 9216 9108 9110
f 9109 9217 9218
f 9108 9216 9217
f 9217 9109 9108
f 9218 9219 9109
f 9107 9219 9220
f 9220 9105 9107
f 9105 9220 9221
f 9221 9106 9105
f 9106 9222 9223
f 9106 9224 9222
f 9106 9221 9224
f 9223 9104 8786
f 9104 9225 9226
f 9104 9223 9225
f 9080 9226 9227
f 9227 8781 9080
f 9080 9079 9226
f 9227 9084 9081
f 9084 9227 9165
f 9165 9083 9084
f 9081 8781 9227
f 9079 9103 9226
f 9226 9103 9104
f 9223 8786 9106
f 9107 9109 9219
f 9110 9112 9216
f 9215 9216 9112
f 8793 9113 9212
f 9211 9212 9113
f 9208 9209 9136
f 8824 9228 9229
f 8824 9230 9228
f 8824 9231 9230
f 8823 9232 9233
f 9233 9235 8823
f 8822 9234 9232
f 8822 9229 9234
f 9235 9233 9236
f 8826 9237 9238
f 8826 9239 9237
f 9238 8827 8826
f 8825 9235 9239
f 8827 9241 9242
f 9242 9240 8827
f 8827 9238 9241
f 8828 9240 9244
f 9243 8828 9244
f 8832 9245 9246
f 9246 9247 8832
f 8830 9243 9245
f 9245 8832 8830
f 8835 8832 9247
f 9247 9248 8835
f 9249 8834 8835
f 9248 9249 8835
f 8836 9252 9250
f 9250 9251 8836
f 8820 8836 9251
f 9253 8837 8820
f 9251 9253 8820
f 9253 9254 8837
f 9115 8837 9255
f 9255 9256 9167
f 9254 9255 8837
f 9249 9252 8834
f 8828 8827 9240
f 8826 8825 9239
f 8823 8822 9232
f 9229 8822 8824
f 9257 8917 8916
f 8916 9258 9259
f 8916 9291 9258
f 9260 8919 8918
f 9257 9261 8917
f 9261 8918 8917
f 8920 9262 9263
f 9263 8921 8920
f 8919 9264 9265
f 8919 9260 9264
f 9265 9262 8919
f 8922 9266 9267
f 8921 9263 9268
f 9268 9266 8921
f 8923 9269 9270
f 8923 9271 9269
f 9270 8924 8923
f 8922 9267 9271
f 8923 8922 9271
f 9272 8928 8927
f 8927 8926 9273
f 9273 9274 8927
f 8926 8924 9273
f 8927 9274 9272
f 9276 9275 8930
f 8931 9277 9278
f 8932 8930 9279
f 9277 8931 8932
f 9279 9277 8932
f 9278 9280 8931
f 9281 8934 9280
f 9281 9282 8934
f 8935 9283 9284
f 9283 8935 9285
f 9284 9286 8935
f 9289 9288 8936
f 8936 8935 9289
f 9288 9287 8936
f 8916 9290 9291
f 9286 9289 8935
f 9282 9285 8934
f 9275 9279 8930
f 9272 9276 8928
f 9270 9273 8924
f 8922 8921 9266
f 8920 8919 9262
f 9293 9294 9295
f 9293 9296 9294
f 9295 9300 9293
f 9293 8936 9296
f 8936 9287 9296
f 9298 9299 9300
f 9299 9301 9302
f 9299 9298 9301
f 9302 9303 9299
f 9300 9295 9298
f 9304 9305 9306
f 9305 9304 9307
f 9307 9308 9305
f 9303 9309 9310
f 9303 9302 9309
f 9310 9304 9303
f 9311 9312 9313
f 9313 9314 9311
f 9311 9394 9312
f 9308 9315 9312
f 9308 9307 9315
f 9316 9317 9318
f 9318 9458 9316
f 9317 9319 9318
f 9458 8916 9316
f 9458 9290 8916
f 9319 9320 9321
f 9322 9323 9324
f 9320 9325 9322
f 9320 9319 9325
f 9324 9320 9322
f 9323 9326 9327
f 9327 9328 9323
f 9329 9330 9331
f 9326 9332 9329
f 9331 9326 9329
f 9326 9323 9332
f 9330 9333 9331
f 9333 9334 9335
f 9337 9334 9336
f 9334 9333 9336
f 9336 9338 9337
f 9338 9339 9340
f 9340 9341 9338
f 9342 9343 9344
f 9339 9383 9342
f 9339 9338 9383
f 9344 9339 9342
f 9343 9345 9346
f 9348 9345 9347
f 9345 9343 9347
f 9349 9350 9351
f 9349 9352 9350
f 9349 9353 9352
f 9351 9354 9349
f 9348 9347 9355
f 9355 9356 9348
f 9356 9354 9348
f 9351 9348 9354
f 9357 9358 9353
f 9353 9359 9357
f 9357 9360 9358
f 9314 9361 9362
f 9362 9358 9314
f 9314 9313 9361
f 9360 9314 9358
f 9349 9359 9353
f 9346 9344 9343
f 9341 9337 9338
f 9335 9331 9333
f 9328 9324 9323
f 9321 9318 9319
f 9394 9308 9312
f 9306 9303 9304
f 9365 9364 9366
f 8937 9367 9368
f 8937 9370 9369
f 9368 9371 9370
f 9370 8937 9368
f 9365 9366 9372
f 9366 9373 9374
f 9366 9384 9375
f 9375 9373 9366
f 9374 9372 9366
f 9364 9376 9377
f 9365 9378 9376
f 9376 9364 9365
f 9365 9379 9378
f 9347 9343 9380
f 9381 9380 9343
f 9343 9342 9381
f 9342 9382 9381
f 9382 9342 9383
f 9383 9338 9364
f 9330 9364 9336
f 9336 9333 9330
f 9330 9329 9332
f 9332 9364 9330
f 9332 9323 9364
f 9363 9364 9325
f 9364 9322 9325
f 9325 9319 9363
f 8896 9363 9316
f 9363 9317 9316
f 9364 9363 8896
f 9364 8913 8939
f 8939 8950 9364
f 9364 8896 8913
f 8967 8946 8945
f 8945 8948 8967
f 9025 8950 8943
f 8964 8943 8946
f 8946 8967 8964
f 8943 8964 9025
f 9366 9022 9020
f 9366 8950 9022
f 9366 9018 9017
f 9366 9020 9018
f 9384 9366 9014
f 9017 9014 9366
f 9385 9013 9008
f 9385 9384 9013
f 9386 9387 9008
f 9008 9387 9385
f 9386 9010 9005
f 9386 9008 9010
f 9006 9388 9389
f 9389 9005 9006
f 9006 9002 9390
f 9001 9391 9390
f 9390 9002 9001
f 9001 9392 9391
f 9392 9001 8998
f 9393 9392 8995
f 8937 8991 8993
f 8991 8937 8995
f 8997 8991 8995
f 9367 8937 9300
f 8937 9293 9300
f 9394 9305 9308
f 9394 9367 9306
f 9306 9305 9394
f 9367 9299 9303
f 9303 9306 9367
f 9360 9357 9396
f 9394 9397 9398
f 9311 9314 9395
f 9395 9397 9311
f 9397 9394 9311
f 9314 9360 9395
f 9394 9398 9399
f 9367 9394 9400
f 9400 9368 9367
f 9400 9401 9368
f 9401 9371 9368
f 9399 9400 9394
f 9360 9396 9395
f 9300 9299 9367
f 8936 9293 8937
f 9392 8998 8995
f 9390 9388 9006
f 9005 9389 9386
f 8948 8960 8967
f 8939 8961 8950
f 9316 8916 8896
f 9319 9317 9363
f 9323 9322 9364
f 9338 9336 9364
f 9377 9383 9364
f 9372 9379 9365
f 9369 8995 8937
f 8950 9366 9364
f 9401 9400 9402
f 9402 9403 9401
f 9400 9399 9402
f 9379 9404 9405
f 9405 9378 9379
f 9378 9405 9406
f 9376 9406 9407
f 9382 9408 9409
f 9409 9381 9382
f 9382 9383 9408
f 9377 9407 9408
f 9381 9409 9410
f 9411 9355 9347
f 9355 9411 9412
f 9412 9356 9355
f 9380 9410 9411
f 9413 9414 9354
f 9414 9349 9354
f 9356 9412 9415
f 9415 9413 9356
f 9416 9359 9349
f 9416 9357 9359
f 9349 9414 9416
f 9416 9417 9357
f 9418 9396 9357
f 9417 9418 9357
f 9395 9396 9419
f 9420 9397 9395
f 9419 9420 9395
f 9398 9397 9421
f 9422 9399 9398
f 9421 9422 9398
f 9422 9402 9399
f 9420 9421 9397
f 9418 9419 9396
f 9354 9356 9413
f 9347 9380 9411
f 9410 9380 9381
f 9383 9377 9408
f 9407 9377 9376
f 9406 9376 9378
f 9379 9372 9404
f 9403 9423 9401
f 9371 9401 9423
f 9370 9371 9424
f 9369 9370 9424
f 8995 9369 9425
f 9393 8995 9425
f 9392 9393 9426
f 9391 9392 9426
f 9426 9427 9391
f 9427 9428 9391
f 9390 9391 9428
f 9428 9429 9390
f 9388 9390 9430
f 9430 9431 9388
f 9432 9389 9388
f 9433 9386 9389
f 9389 9432 9433
f 9434 9387 9386
f 9435 9385 9387
f 9385 9436 9437
f 9385 9435 9436
f 9375 9438 9439
f 9375 9437 9438
f 9439 9373 9375
f 9374 9440 9404
f 9374 9439 9440
f 9404 9372 9374
f 9374 9373 9439
f 9375 9384 9437
f 9437 9384 9385
f 9387 9434 9435
f 9433 9434 9386
f 9431 9432 9388
f 9429 9430 9390
f 9425 9426 9393
f 9424 9425 9369
f 9423 9424 9371
f 9441 9442 9443
f 9443 9444 9441
f 9444 9670 9445
f 9445 9446 9444
f 9447 9446 9448
f 9446 9445 9448
f 9447 9671 9449
f 9449 9450 9447
f 9449 9451 9450
f 9452 9179 9174
f 9174 9173 9452
f 9453 9454 9177
f 9179 9452 9455
f 9455 9453 9179
f 9177 9179 9453
f 9456 9175 9170
f 9170 9169 9456
f 9169 9172 9456
f 9457 9674 9176
f 9176 9175 9457
f 9175 9456 9672
f 9672 9457 9175
f 9674 9452 9176
f 9275 9276 9242
f 9272 9274 9244
f 9244 9240 9272
f 9276 9272 9242
f 9274 9245 9243
f 9270 9246 9245
f 9245 9274 9273
f 9245 9273 9270
f 9270 9269 9246
f 9248 9271 9267
f 9267 9266 9248
f 9271 9247 9246
f 9271 9248 9247
f 9246 9269 9271
f 9249 9248 9268
f 9268 9263 9249
f 9263 9262 9249
f 9265 9250 9252
f 9252 9249 9265
f 9253 9264 9260
f 9260 8918 9253
f 9264 9251 9250
f 9264 9253 9251
f 9250 9265 9264
f 9257 8916 9254
f 8916 9259 9254
f 9254 9253 9261
f 9261 9257 9254
f 9255 9254 9259
f 9459 9458 9321
f 9450 9451 9290
f 9290 9451 9167
f 9167 9291 9290
f 9290 9460 9450
f 9451 9168 9167
f 9290 9459 9460
f 9290 9458 9459
f 9458 9318 9321
f 9259 9256 9255
f 9258 9167 9256
f 9256 9259 9258
f 9258 9291 9167
f 9461 9456 9172
f 9172 9171 9461
f 9451 9462 9166
f 9166 9168 9451
f 9462 9461 9166
f 9171 9166 9461
f 9463 9328 9327
f 9327 9464 9463
f 9459 9320 9324
f 9459 9321 9320
f 9324 9328 9459
f 9465 9326 9331
f 9331 9466 9465
f 9465 9464 9326
f 9331 9335 9466
f 9464 9327 9326
f 9361 9421 9420
f 9361 9422 9421
f 9418 9352 9353
f 9353 9358 9418
f 9352 9417 9416
f 9352 9418 9417
f 9416 9350 9352
f 9362 9419 9418
f 9362 9420 9419
f 9346 9415 9412
f 9346 9413 9415
f 9413 9348 9351
f 9413 9345 9348
f 9413 9346 9345
f 9351 9416 9414
f 9351 9414 9413
f 9351 9350 9416
f 9340 9410 9409
f 9344 9346 9411
f 9410 9339 9344
f 9410 9340 9339
f 9411 9410 9344
f 9467 9439 9438
f 9438 9468 9467
f 9466 9440 9439
f 9466 9404 9440
f 9335 9406 9405
f 9341 9340 9408
f 9408 9407 9341
f 9406 9334 9337
f 9406 9335 9334
f 9337 9341 9406
f 9407 9406 9341
f 9405 9466 9335
f 9405 9404 9466
f 9469 9437 9436
f 9436 9470 9469
f 9468 9438 9437
f 9471 9501 9434
f 9470 9435 9434
f 9470 9436 9435
f 9434 9501 9470
f 9472 9471 9433
f 9432 9473 9472
f 9433 9432 9472
f 9474 9473 9431
f 9431 9430 9474
f 9477 9478 9479
f 9480 9669 9478
f 9478 9477 9480
f 9442 9441 9481
f 9441 9482 9481
f 9481 9477 9442
f 9476 9482 9483
f 9482 9441 9483
f 9483 9497 9476
f 9484 9660 9485
f 9485 9480 9484
f 9486 9224 9221
f 9221 9487 9486
f 9221 9220 9487
f 9488 9218 9217
f 9217 9489 9488
f 9488 9490 9218
f 9487 9219 9218
f 9487 9220 9219
f 9491 9215 9214
f 9489 9217 9216
f 9216 9491 9492
f 9216 9492 9489
f 9216 9215 9491
f 9493 9491 9213
f 9212 9494 9493
f 9212 9495 9494
f 9213 9212 9493
f 9212 9211 9495
f 9143 9181 9178
f 9181 9143 9145
f 9145 9182 9181
f 9177 9142 9143
f 9177 9454 9140
f 9140 9142 9177
f 9454 9141 9140
f 9454 9209 9208
f 9496 9495 9210
f 9209 9675 9496
f 9209 9454 9675
f 9210 9209 9496
f 9208 9141 9454
f 9146 9185 9180
f 9185 9146 9149
f 9149 9184 9185
f 9182 9145 9144
f 9144 9146 9182
f 9205 9204 9152
f 9152 9153 9205
f 9183 9150 9152
f 9152 9204 9183
f 9184 9149 9148
f 9148 9150 9184
f 9183 9184 9150
f 9201 9159 9158
f 9206 9205 9155
f 9159 9200 9203
f 9159 9201 9200
f 9203 9206 9159
f 9155 9159 9206
f 9158 9157 9201
f 9202 9201 9160
f 9160 9161 9202
f 9161 9162 9202
f 9157 9160 9201
f 9153 9155 9205
f 9180 9182 9146
f 9178 9177 9143
f 9211 9210 9495
f 9214 9213 9491
f 9490 9487 9218
f 9485 9669 9480
f 9479 9442 9477
f 9476 9497 9475
f 9430 9429 9474
f 9432 9431 9473
f 9434 9433 9471
f 9469 9468 9437
f 9467 9466 9439
f 9409 9408 9340
f 9412 9411 9346
f 9358 9362 9418
f 9420 9362 9361
f 9463 9459 9328
f 8918 9261 9253
f 9262 9265 9249
f 9266 9268 9248
f 9243 9244 9274
f 9240 9242 9272
f 9242 9241 9275
f 9173 9176 9452
f 9448 9671 9447
f 9443 9670 9444
f 9527 9500 9501
f 9497 9483 9441
f 9441 9528 9497
f 9528 9444 9446
f 9528 9447 9450
f 9450 9499 9528
f 9498 9499 9460
f 9460 9459 9498
f 9464 9527 9498
f 9500 9527 9464
f 9500 9465 9466
f 9501 9500 9468
f 9500 9467 9468
f 9501 9469 9470
f 9501 9472 9473
f 9473 9505 9501
f 9473 9474 9505
f 9471 9472 9501
f 9468 9469 9501
f 9466 9467 9500
f 9464 9465 9500
f 9498 9463 9464
f 9459 9463 9498
f 9450 9460 9499
f 9446 9447 9528
f 9441 9444 9528
f 9527 9501 9505
f 9527 9528 9499
f 9498 9527 9499
f 9505 9474 9506
f 9505 9508 9507
f 9505 9509 9510
f 9505 9511 9512
f 9512 9504 9505
f 9504 9513 9514
f 9504 9515 9516
f 9516 9517 9503
f 9502 9503 9518
f 9503 9517 9518
f 9502 9520 9519
f 9502 9522 9521
f 9502 9524 9523
f 9497 9502 9525
f 9502 9526 9525
f 9525 9475 9497
f 9523 9526 9502
f 9521 9524 9502
f 9519 9522 9502
f 9518 9520 9502
f 9516 9503 9504
f 9514 9515 9504
f 9512 9513 9504
f 9510 9511 9505
f 9507 9509 9505
f 9506 9508 9505
f 9502 9505 9504
f 9502 9504 9503
f 9556 9505 9502
f 9556 9527 9505
f 9497 9556 9502
f 9497 9528 9556
f 9527 9552 9528
f 9552 9527 9556
f 9529 9556 9528
f 9529 9576 9536
f 9536 9530 9529
f 9531 9530 9537
f 9530 9538 9537
f 9531 9540 9539
f 9532 9531 9541
f 9542 9535 9532
f 9543 9533 9535
f 9544 9534 9533
f 9547 9545 9546
f 9547 9549 9548
f 9548 9550 9547
f 9546 9549 9547
f 9534 9551 9545
f 9544 9551 9534
f 9537 9540 9531
f 9545 9547 9535
f 9534 9545 9535
f 9533 9534 9535
f 9531 9532 9535
f 9530 9531 9535
f 9529 9535 9556
f 9529 9530 9535
f 9571 9529 9553
f 9557 9563 9535
f 9547 9557 9535
f 9547 9550 9558
f 9558 9557 9547
f 9560 9561 9555
f 9555 9561 9562
f 9554 9563 9564
f 9554 9566 9565
f 9567 9552 9554
f 9568 9553 9552
f 9569 9571 9553
f 9529 9571 9572
f 9552 9556 9554
f 9528 9552 9553
f 9528 9553 9529
f 9569 9570 9571
f 9564 9566 9554
f 9563 9555 9562
f 9555 9557 9560
f 9559 9560 9557
f 9556 9535 9563
f 9563 9557 9555
f 9556 9563 9554
f 9476 9475 9574
f 9575 9576 9574
f 9574 9475 9575
f 9476 9573 9577
f 9575 9578 9579
f 9577 9482 9476
f 9574 9573 9476
f 9579 9576 9575
f 9580 9484 9581
f 9480 9586 9581
f 9480 9477 9582
f 9581 9484 9480
f 9581 9583 9580
f 9580 9583 9584
f 9584 9585 9580
f 9582 9586 9480
f 9583 9587 9584
f 9516 9515 9588
f 9515 9514 9589
f 9589 9656 9515
f 9656 9588 9515
f 9517 9591 9592
f 9592 9518 9517
f 9517 9516 9591
f 9592 9590 9518
f 9593 9519 9520
f 9520 9594 9593
f 9593 9595 9519
f 9518 9590 9594
f 9594 9520 9518
f 9519 9595 9596
f 9596 9522 9519
f 9521 9522 9597
f 9597 9598 9521
f 9524 9521 9599
f 9521 9598 9599
f 9523 9524 9600
f 9600 9601 9523
f 9601 9602 9523
f 9603 9222 9224
f 9224 9486 9603
f 9484 9580 9604
f 9575 9525 9526
f 9526 9578 9575
f 9523 9602 9605
f 9602 9585 9605
f 9605 9578 9523
f 9580 9585 9606
f 9606 9607 9580
f 9585 9602 9606
f 9607 9604 9580
f 9525 9575 9475
f 9506 9474 9429
f 9429 9428 9506
f 9313 9402 9422
f 9422 9361 9313
f 9312 9403 9402
f 9423 9315 9307
f 9307 9304 9423
f 9315 9423 9403
f 9403 9312 9315
f 9310 9424 9423
f 9507 9425 9424
f 9424 9310 9507
f 9507 9426 9425
f 9508 9506 9427
f 9426 9507 9508
f 9427 9426 9508
f 9510 9309 9302
f 9509 9507 9310
f 9309 9510 9509
f 9310 9309 9509
f 9512 9298 9295
f 9511 9510 9301
f 9298 9512 9511
f 9301 9298 9511
f 9241 9277 9279
f 9238 9278 9277
f 9277 9241 9238
f 9238 9237 9278
f 9279 9275 9241
f 9281 9239 9235
f 9239 9280 9278
f 9239 9281 9280
f 9278 9237 9239
f 9282 9281 9236
f 9236 9233 9282
f 9232 9283 9285
f 9232 9284 9283
f 9285 9282 9232
f 9286 9234 9229
f 9234 9286 9284
f 9284 9232 9234
f 9289 9286 9228
f 9608 9655 9207
f 9207 9231 9608
f 9608 9231 9187
f 9187 9609 9608
f 9292 9231 9207
f 9207 9589 9292
f 9292 9230 9231
f 9288 9289 9228
f 9230 9292 9287
f 9287 9288 9230
f 9228 9230 9288
f 9514 9297 9292
f 9292 9297 9287
f 9292 9589 9514
f 9513 9296 9287
f 9513 9512 9294
f 9294 9296 9513
f 9513 9287 9297
f 9297 9514 9513
f 9192 9610 9611
f 9610 9192 9190
f 9190 9612 9610
f 9609 9187 9186
f 9186 9188 9609
f 9188 9192 9609
f 9195 9613 9654
f 9613 9195 9194
f 9194 9614 9613
f 9612 9189 9191
f 9612 9190 9189
f 9191 9195 9612
f 9196 9198 9162
f 9162 9163 9196
f 9198 9202 9162
f 9164 9197 9196
f 9615 9223 9222
f 9615 9225 9223
f 9222 9661 9615
f 9615 9616 9225
f 9614 9194 9227
f 9199 9197 9164
f 9165 9194 9193
f 9193 9199 9165
f 9164 9165 9199
f 9165 9227 9194
f 9227 9226 9614
f 9226 9225 9614
f 9616 9614 9225
f 9163 9164 9196
f 9654 9612 9195
f 9611 9609 9192
f 9655 9589 9207
f 9229 9228 9286
f 9233 9232 9282
f 9235 9236 9281
f 9295 9294 9512
f 9302 9301 9510
f 9304 9310 9423
f 9313 9312 9402
f 9428 9427 9506
f 9526 9523 9578
f 9604 9660 9484
f 9603 9661 9222
f 9599 9600 9524
f 9596 9597 9522
f 9588 9591 9516
f 9546 9617 9618
f 9548 9549 9618
f 9618 9665 9548
f 9544 9663 9619
f 9551 9619 9620
f 9546 9545 9620
f 9620 9617 9546
f 9620 9545 9551
f 9543 9621 9622
f 9622 9663 9544
f 9544 9533 9622
f 9542 9623 9624
f 9543 9535 9624
f 9624 9621 9543
f 9542 9532 9625
f 9541 9626 9625
f 9625 9532 9541
f 9541 9531 9627
f 9539 9628 9627
f 9627 9531 9539
f 9629 9628 9539
f 9537 9630 9629
f 9629 9540 9537
f 9631 9630 9537
f 9632 9631 9538
f 9538 9530 9632
f 9536 9633 9632
f 9632 9530 9536
f 9587 9583 9581
f 9634 9550 9548
f 9536 9576 9635
f 9635 9633 9536
f 9635 9587 9633
f 9529 9574 9576
f 9548 9665 9634
f 9537 9538 9631
f 9539 9540 9629
f 9627 9626 9541
f 9625 9623 9542
f 9624 9535 9542
f 9622 9533 9543
f 9619 9551 9544
f 9618 9549 9546
f 9572 9571 9636
f 9636 9571 9570
f 9570 9637 9636
f 9637 9570 9569
f 9569 9638 9637
f 9569 9553 9639
f 9639 9553 9568
f 9568 9640 9639
f 9568 9552 9641
f 9567 9642 9641
f 9641 9552 9567
f 9567 9554 9643
f 9565 9644 9643
f 9643 9554 9565
f 9564 9667 9645
f 9565 9566 9645
f 9645 9644 9565
f 9646 9563 9562
f 9564 9563 9646
f 9646 9667 9564
f 9647 9560 9559
f 9648 9561 9560
f 9560 9647 9648
f 9562 9561 9648
f 9648 9649 9562
f 9558 9650 9651
f 9559 9557 9651
f 9651 9666 9559
f 9574 9529 9573
f 9650 9558 9550
f 9587 9581 9586
f 9572 9652 9653
f 9652 9586 9653
f 9586 9652 9676
f 9653 9573 9572
f 9529 9572 9573
f 9586 9676 9587
f 9550 9634 9650
f 9651 9557 9558
f 9559 9666 9647
f 9562 9649 9646
f 9645 9566 9564
f 9643 9642 9567
f 9641 9640 9568
f 9639 9638 9569
f 9636 9652 9572
f 9654 9673 9655
f 9604 9659 9660
f 9604 9607 9659
f 9659 9606 9602
f 9602 9658 9659
f 9602 9601 9658
f 9590 9599 9598
f 9658 9600 9599
f 9599 9590 9658
f 9596 9595 9590
f 9590 9597 9596
f 9590 9593 9594
f 9657 9591 9588
f 9588 9656 9657
f 9657 9592 9591
f 9656 9589 9655
f 9654 9655 9611
f 9655 9609 9611
f 9655 9608 9609
f 9654 9611 9610
f 9610 9612 9654
f 9661 9614 9616
f 9654 9613 9614
f 9614 9661 9654
f 9673 9659 9590
f 9603 9486 9661
f 9616 9615 9661
f 9590 9592 9657
f 9595 9593 9590
f 9598 9597 9590
f 9601 9600 9658
f 9607 9606 9659
f 9669 9660 9659
f 9673 9669 9659
f 9659 9658 9590
f 9590 9657 9656
f 9590 9656 9655
f 9590 9655 9673
f 9673 9654 9661
f 9628 9662 9676
f 9623 9676 9673
f 9623 9628 9676
f 9620 9619 9663
f 9623 9664 9621
f 9664 9622 9621
f 9623 9625 9626
f 9626 9628 9623
f 9628 9629 9630
f 9630 9662 9628
f 9662 9631 9632
f 9676 9662 9633
f 9662 9632 9633
f 9633 9587 9676
f 9630 9631 9662
f 9626 9627 9628
f 9621 9624 9623
f 9622 9664 9663
f 9663 9664 9620
f 9617 9620 9664
f 9665 9618 9617
f 9617 9664 9665
f 9664 9673 9665
f 9623 9673 9664
f 9676 9638 9668
f 9652 9638 9676
f 9638 9639 9640
f 9668 9638 9642
f 9638 9641 9642
f 9668 9643 9644
f 9644 9667 9668
f 9649 9667 9646
f 9647 9667 9649
f 9667 9647 9666
f 9665 9666 9650
f 9666 9651 9650
f 9650 9634 9665
f 9649 9648 9647
f 9644 9645 9667
f 9642 9643 9668
f 9640 9641 9638
f 9636 9637 9638
f 9652 9636 9638
f 9673 9666 9665
f 9666 9673 9667
f 9670 9673 9671
f 9674 9673 9455
f 9661 9492 9673
f 9492 9661 9487
f 9487 9490 9492
f 9661 9486 9487
f 9492 9488 9489
f 9492 9491 9494
f 9494 9495 9675
f 9454 9455 9675
f 9455 9452 9674
f 9457 9672 9674
f 9671 9672 9461
f 9456 9461 9672
f 9671 9462 9451
f 9451 9449 9671
f 9670 9671 9445
f 9671 9448 9445
f 9669 9670 9442
f 9670 9443 9442
f 9442 9479 9669
f 9669 9485 9660
f 9479 9478 9669
f 9461 9462 9671
f 9454 9453 9455
f 9495 9496 9675
f 9491 9493 9494
f 9490 9488 9492
f 9673 9492 9494
f 9673 9494 9675
f 9673 9675 9455
f 9673 9674 9672
f 9673 9672 9671
f 9673 9670 9669
f 9673 9668 9667
f 9668 9673 9676
f 9679 9587 9635
f 9635 9677 9679
f 9679 9584 9587
f 9679 9677 9584
f 9680 9677 9635
f 9680 9635 9576
f 9576 9579 9680
f 9579 9677 9680
f 9584 9677 9605
f 9677 9579 9578
f 9578 9605 9677
f 9605 9585 9584
f 9582 9477 9481
f 9678 9481 9482
f 9679 9582 9678
f 9586 9582 9679
f 9679 9678 9653
f 9679 9653 9586
f 9653 9678 9680
f 9680 9678 9577
f 9680 9577 9573
f 9573 9653 9680
f 9482 9577 9678
f 9481 9678 9582
f 9686 9682 9683
f 9686 9684 9685
f 9686 9687 9688
f 9686 9689 9690
f 9681 9691 9692
f 9681 9693 9694
f 9681 9696 9697
f 9697 9695 9681
f 9695 9698 9699
f 9695 9700 9701
f 9701 9708 9695
f 9686 9705 9706
f 9708 9702 9707
f 9708 9703 9681
f 9706 9682 9686
f 9699 9700 9695
f 9681 9695 9708
f 9694 9696 9681
f 9692 9693 9681
f 9681 9690 9691
f 9690 9681 9686
f 9688 9689 9686
f 9685 9687 9686
f 9686 9683 9684
f 9703 9710 9711
f 9715 9703 9713
f 9703 9712 9713
f 9703 9716 9717
f 9703 9718 9719
f 9703 9720 9721
f 9721 9726 9703
f 9726 9722 9723
f 9726 9724 9725
f 9704 9686 9726
f 9726 9728 9729
f 9729 9704 9726
f 9707 9709 9731
f 9731 9703 9707
f 9686 9704 9732
f 9704 9730 9732
f 9686 9681 9703
f 9732 9705 9686
f 9731 9710 9703
f 9708 9707 9703
f 9703 9726 9686
f 9727 9728 9726
f 9725 9727 9726
f 9723 9724 9726
f 9721 9722 9726
f 9719 9720 9703
f 9703 9717 9718
f 9715 9716 9703
f 9713 9714 9715
f 9703 9711 9712
f 9733 9702 9708
f 9734 9707 9702
f 9702 9733 10072
f 9702 10072 9734
f 9708 9701 9733
f 9735 9701 9700
f 9700 9736 9735
f 9735 9733 9701
f 9737 9738 9698
f 9698 9695 9737
f 9699 9698 9738
f 9738 9736 9699
f 9739 9697 9696
f 9696 9740 9739
f 9739 9737 9697
f 9741 9742 9693
f 9694 9693 9742
f 9742 9740 9694
f 9743 9744 9691
f 9692 9691 9744
f 9744 9741 9692
f 9745 9690 9689
f 9689 9746 9745
f 9745 9743 9690
f 9747 9748 9687
f 9688 9687 9748
f 9748 9746 9688
f 9749 9750 9684
f 9685 9684 9750
f 9750 9747 9685
f 9751 9683 9682
f 9682 9752 9751
f 9751 9749 9683
f 9705 9945 9753
f 9753 9706 9705
f 9734 9754 9709
f 9709 9707 9734
f 9753 9752 9706
f 9682 9706 9752
f 9684 9683 9749
f 9687 9685 9747
f 9689 9688 9746
f 9691 9690 9743
f 9693 9692 9741
f 9696 9694 9740
f 9695 9697 9737
f 9700 9699 9736
f 9755 9730 9704
f 9756 9732 9730
f 9730 9755 9802
f 9730 9802 9756
f 9704 9729 9755
f 9757 9758 9728
f 9729 9728 9758
f 9758 9755 9729
f 9724 9759 9760
f 9760 9725 9724
f 9757 9727 9725
f 9725 9760 9757
f 9723 9722 9761
f 9722 9762 9761
f 9761 9759 9723
f 9719 9763 9764
f 9762 9721 9720
f 9720 9764 9762
f 9717 9811 9765
f 9765 9718 9717
f 9763 9719 9718
f 9766 9767 9716
f 9717 9716 9767
f 9767 9811 9717
f 9713 9768 9769
f 9766 9715 9714
f 9714 9769 9766
f 9712 9711 9770
f 9711 9771 9770
f 9768 9713 9712
f 9731 9772 9773
f 9771 9711 9710
f 9710 9773 9771
f 9731 9709 9754
f 9756 9945 9705
f 9705 9732 9756
f 9754 9772 9731
f 9773 9710 9731
f 9770 9768 9712
f 9769 9714 9713
f 9716 9715 9766
f 9765 9763 9718
f 9764 9720 9719
f 9722 9721 9762
f 9724 9723 9759
f 9728 9727 9757
f 9774 10072 9733
f 9735 9736 9775
f 9736 9776 9775
f 9738 9778 9776
f 9776 9736 9738
f 9739 9780 9777
f 9738 9737 9778
f 9737 9777 9778
f 9740 9779 9780
f 9780 9739 9740
f 9740 9742 9779
f 9742 9741 9782
f 9782 9781 9742
f 9783 9782 9741
f 9741 9744 9783
f 9744 9743 9784
f 9784 9785 9744
f 9786 9784 9743
f 9743 9745 9786
f 9746 9788 9787
f 9787 9745 9746
f 9746 9748 9788
f 9748 9747 9789
f 9790 9789 9747
f 9747 9750 9790
f 9750 9749 10068
f 9791 10068 9749
f 9749 9751 9791
f 9752 9793 9792
f 9792 9751 9752
f 9752 9753 9793
f 10072 9772 9734
f 9754 9734 9772
f 9945 9793 9753
f 9792 9791 9751
f 10068 9790 9750
f 9789 9788 9748
f 9787 9786 9745
f 9785 9783 9744
f 9781 9779 9742
f 9777 9737 9739
f 9775 9774 9735
f 9733 9735 9774
f 9761 9762 9794
f 9762 9764 9795
f 9795 9794 9762
f 9759 9761 9796
f 9797 9760 9759
f 9796 9797 9759
f 9758 9757 9798
f 9798 9799 9758
f 9757 9760 9798
f 9755 9758 9800
f 9755 9801 9802
f 9756 9802 9945
f 9771 9803 9804
f 9804 9770 9771
f 9773 9772 9805
f 9805 9803 9773
f 9768 9806 9807
f 9807 9769 9768
f 9770 9804 9806
f 9766 9808 9809
f 9809 9767 9766
f 9769 9807 9808
f 9767 9809 9810
f 9810 9811 9767
f 9764 9763 9812
f 9812 9813 9764
f 9765 9811 9812
f 9812 9763 9765
f 9813 9795 9764
f 9766 9769 9808
f 9768 9770 9806
f 9771 9773 9803
f 9800 9801 9755
f 9799 9800 9758
f 9797 9798 9760
f 9794 9796 9761
f 9816 9817 9815
f 9815 9818 9816
f 9815 9817 10229
f 10229 9819 9815
f 9819 9820 9821
f 9821 9822 9819
f 9824 9823 10237
f 9825 9824 9826
f 9827 9825 9828
f 9825 9829 9828
f 9814 9827 9830
f 9827 10246 9830
f 10109 9814 9831
f 10109 9832 9834
f 9834 9835 10109
f 9835 9833 10109
f 9814 9836 9837
f 9838 9836 9814
f 9827 9840 9841
f 9827 9837 9840
f 9841 9839 9827
f 9825 9842 9843
f 9825 9844 9842
f 9825 9839 9844
f 9825 9845 9846
f 9825 9843 9845
f 9846 9824 9825
f 9823 9824 9847
f 9824 9848 9847
f 9824 9849 9850
f 9850 9848 9824
f 9823 9851 9852
f 9823 9853 9851
f 9852 9822 9823
f 9822 9854 9819
f 9855 9856 9819
f 9878 9815 9857
f 9772 9878 9860
f 9860 9859 9772
f 9805 9772 9859
f 9857 9858 9878
f 9856 9815 9819
f 9847 9853 9823
f 9839 9825 9827
f 9837 9827 9814
f 10109 9838 9814
f 9828 10246 9827
f 9826 9829 9825
f 9822 10237 9823
f 9861 9824 9846
f 9849 9861 9863
f 9863 9850 9849
f 9849 9824 9861
f 9863 9862 9850
f 9862 9864 9850
f 9851 9865 9866
f 9866 9867 9851
f 9848 9864 9865
f 9865 9851 9853
f 9853 9847 9865
f 9865 9847 9848
f 9848 9850 9864
f 9852 9851 9867
f 9867 9868 9852
f 9822 9852 9869
f 9855 9870 9871
f 9854 9822 9869
f 9870 9855 9819
f 9819 9854 9870
f 9869 9870 9854
f 9892 9872 9856
f 9856 9855 9873
f 9873 9892 9856
f 9872 9857 9815
f 9815 9856 9872
f 9860 9875 9874
f 9874 9876 9860
f 9877 9858 9857
f 9857 9872 9877
f 9875 9860 9878
f 9878 9858 9875
f 9877 9875 9858
f 9876 9805 9859
f 9859 9860 9876
f 9805 9881 9879
f 9879 9803 9805
f 9879 9880 9803
f 9805 9876 9881
f 9881 9876 9931
f 9882 9883 9806
f 9806 9804 9882
f 9803 9880 9882
f 9884 9885 9808
f 9808 9807 9884
f 9806 9883 9884
f 9886 9887 9810
f 9810 9809 9886
f 9885 9886 9808
f 9888 9889 9812
f 9812 9811 9888
f 9810 9887 9888
f 9811 9810 9888
f 9809 9808 9886
f 9807 9806 9884
f 9804 9803 9882
f 9871 9873 9855
f 9868 9869 9852
f 9846 9845 9861
f 9897 9893 9894
f 9894 9895 9897
f 9895 9896 9897
f 9899 9900 9901
f 9899 9902 9900
f 9899 9897 9898
f 9898 9902 9899
f 9890 9901 9903
f 9890 9904 9905
f 9906 9904 9890
f 9908 9909 9907
f 9907 9890 9905
f 9890 9910 9911
f 9911 9899 9890
f 9899 9912 9913
f 9913 9897 9899
f 9897 9914 9915
f 9916 9893 9897
f 9893 9917 9918
f 9918 9919 9893
f 9920 9921 9922
f 9923 9922 9924
f 9922 10270 9924
f 9892 9923 9925
f 9923 9926 9925
f 9927 9892 9928
f 9892 10274 9928
f 9931 9927 9929
f 9927 10279 9929
f 9929 9930 9931
f 9876 9874 9931
f 9881 9931 9932
f 9874 9875 9927
f 9927 9931 9874
f 9891 9877 9872
f 9872 9892 9891
f 9891 9875 9877
f 9892 9873 9871
f 9922 9923 9868
f 9923 9870 9869
f 9869 9868 9923
f 9923 9871 9870
f 9868 9867 9922
f 9867 9866 9922
f 9919 9865 9864
f 9866 9919 9922
f 9866 9865 9919
f 9893 9862 9863
f 9863 9861 9893
f 9862 9893 9919
f 9861 9894 9893
f 9864 9862 9919
f 9871 9923 9892
f 9875 9891 9927
f 9928 10279 9927
f 9925 10274 9892
f 9924 9926 9923
f 9922 9919 9920
f 9918 9920 9919
f 9916 9917 9893
f 9915 9916 9897
f 9913 9914 9897
f 9911 9912 9899
f 9909 9933 9907
f 9903 9906 9890
f 9901 9890 9899
f 9896 9898 9897
f 9892 9927 9891
f 9934 9935 9936
f 9843 9895 9894
f 9894 9845 9843
f 9894 9861 9845
f 9896 9844 9839
f 9844 9896 9895
f 9895 9842 9844
f 9898 9896 9841
f 9841 9902 9898
f 9900 9840 9837
f 9840 9900 9902
f 9902 9841 9840
f 9837 9836 9900
f 9838 9903 9901
f 9901 9836 9838
f 9838 10109 9903
f 9901 9900 9836
f 9833 9904 9906
f 9906 9903 9833
f 10109 9833 9903
f 9835 9908 9907
f 9907 9905 9835
f 9905 9904 9835
f 9936 9834 9832
f 9834 9936 9909
f 9909 9835 9834
f 9909 9908 9835
f 9936 9933 9909
f 9935 9934 9937
f 9938 9939 9940
f 9939 9938 9941
f 9941 9942 9939
f 9941 9943 9942
f 9937 9934 9945
f 9945 9938 9937
f 9940 9937 9938
f 9937 9944 9935
f 9946 9813 9812
f 9795 9813 9946
f 9946 9947 9795
f 9948 9794 9795
f 9796 9794 9948
f 9948 9949 9796
f 9950 9797 9796
f 9951 9798 9797
f 9951 9799 9798
f 9797 9950 9951
f 9952 9801 9800
f 9953 9943 9801
f 9801 9952 9953
f 9953 9954 9943
f 9954 9942 9943
f 9800 9799 9952
f 9951 9952 9799
f 9949 9950 9796
f 9947 9948 9795
f 9812 9889 9946
f 9833 9835 9904
f 9839 9841 9896
f 9843 9842 9895
f 9936 9832 9934
f 9832 9945 9934
f 9955 9933 9936
f 9935 9944 9955
f 9936 9935 9955
f 9931 9956 9957
f 9957 9932 9931
f 10019 9958 9959
f 9958 9960 9959
f 9960 9954 9953
f 9960 9961 9954
f 9960 9958 9961
f 9953 9962 9963
f 9962 9952 9951
f 9951 9964 9965
f 9962 9953 9952
f 9964 9950 9949
f 9949 9966 9967
f 9964 9951 9950
f 9966 9948 9947
f 9947 9968 9969
f 9966 9949 9948
f 9970 9968 9946
f 9968 9947 9946
f 9971 9888 9887
f 9972 9889 9888
f 9888 9971 9972
f 9972 9970 9889
f 9973 9974 9886
f 9886 9885 9973
f 9974 9971 9886
f 9975 9976 9884
f 9884 9883 9975
f 9976 9973 9884
f 9977 9978 9882
f 9882 9880 9977
f 9978 9975 9882
f 9979 9980 9879
f 9879 9881 9979
f 9980 9977 9879
f 9881 9932 9979
f 9880 9879 9977
f 9883 9882 9975
f 9885 9884 9973
f 9887 9886 9971
f 9946 9889 9970
f 9947 9969 9966
f 9949 9967 9964
f 9951 9965 9962
f 9953 9963 9960
f 9959 9981 10019
f 9957 9979 9932
f 9931 9982 9956
f 9983 9982 9931
f 9985 9986 9984
f 9987 9985 9984
f 9984 9983 9987
f 9990 9991 9989
f 9989 9988 9990
f 9989 9992 9988
f 9993 9994 9995
f 9994 9992 9995
f 9995 9996 9993
f 9997 9998 10000
f 10000 9999 9997
f 9996 10000 9998
f 9998 9993 9996
f 10002 10003 10001
f 10004 10002 10001
f 10001 9997 10004
f 10005 10006 10378
f 10006 10007 10378
f 10378 10008 10005
f 10011 10009 10010
f 10011 10012 10009
f 10008 10011 10010
f 10010 10005 10008
f 10014 10015 10013
f 10013 10012 10014
f 10014 10016 10015
f 10017 10018 9944
f 10018 10016 9944
f 10019 10017 9944
f 10018 10015 10016
f 10013 10009 10012
f 10006 10003 10007
f 10002 10007 10003
f 9999 10004 9997
f 9994 9988 9992
f 9990 9986 9991
f 9985 9991 9986
f 9931 9987 9983
f 10018 10017 10020
f 10020 10064 10018
f 10021 10020 10017
f 10017 10019 10021
f 10015 10022 10023
f 10023 10013 10015
f 10015 10018 10022
f 10010 10009 10024
f 10025 10024 10009
f 10009 10013 10025
f 10005 10026 10027
f 10027 10006 10005
f 10005 10010 10026
f 10001 10003 10028
f 10029 10028 10003
f 10003 10006 10029
f 9997 10030 10031
f 10031 9998 9997
f 9997 10001 10030
f 9994 9993 10032
f 10033 10032 9993
f 9993 9998 10033
f 9988 10034 10035
f 10035 9990 9988
f 9988 9994 10034
f 9984 9986 10036
f 10037 10036 9986
f 9986 9990 10037
f 9983 10038 10039
f 10039 9982 9983
f 10040 10038 9983
f 9983 9984 10040
f 10041 10042 9956
f 10021 10019 9981
f 9981 10043 10021
f 9956 9982 10041
f 10039 10041 9982
f 10036 10040 9984
f 10035 10037 9990
f 10032 10034 9994
f 10031 10033 9998
f 10028 10030 10001
f 10027 10029 10006
f 10024 10026 10010
f 10023 10025 10013
f 10064 10022 10018
f 9980 9979 10044
f 10044 10067 9980
f 10045 10044 9979
f 9979 9957 10045
f 9977 10046 10047
f 10047 9978 9977
f 9977 9980 10046
f 9976 9975 10048
f 10049 10048 9975
f 9975 9978 10049
f 9973 10050 10051
f 10051 9974 9973
f 9973 9976 10050
f 9972 9971 10052
f 10053 10052 9971
f 9971 9974 10053
f 10054 9969 9968
f 9970 10055 10056
f 10056 9968 9970
f 9970 9972 10055
f 10057 9967 9966
f 9966 10058 10057
f 9966 9969 10058
f 9969 10054 10058
f 10059 9965 9964
f 9967 10057 10060
f 10060 9964 9967
f 10061 9963 9962
f 9962 10062 10061
f 9962 9965 10062
f 9965 10059 10062
f 9959 10063 10065
f 10063 9959 9960
f 9960 10061 10063
f 9960 9963 10061
f 10043 9981 9959
f 10042 10045 9957
f 9957 9956 10042
f 9959 10065 10043
f 9964 10060 10059
f 9968 10056 10054
f 10052 10055 9972
f 10051 10053 9974
f 10048 10050 9976
f 10047 10049 9978
f 10067 10046 9980
f 10031 10030 10066
f 10066 10036 10037
f 10066 10032 10033
f 10035 10034 10066
f 10066 10038 10040
f 10064 10023 10022
f 10064 10066 10025
f 10066 10024 10025
f 10066 10028 10029
f 10066 10027 10026
f 10038 10042 10041
f 10064 10020 10021
f 10021 10043 10064
f 10041 10039 10038
f 10066 10030 10028
f 10029 10027 10066
f 10065 10066 10064
f 10025 10023 10064
f 10066 10026 10024
f 10040 10036 10066
f 10033 10031 10066
f 10034 10032 10066
f 10037 10035 10066
f 10056 10055 10066
f 10065 10062 10059
f 10066 10058 10054
f 10060 10057 10066
f 10065 10063 10061
f 10067 10047 10046
f 10067 10066 10049
f 10066 10048 10049
f 10066 10052 10053
f 10066 10051 10050
f 10064 10043 10065
f 10038 10067 10045
f 10067 10044 10045
f 10038 10066 10067
f 10045 10042 10038
f 10066 10055 10052
f 10053 10051 10066
f 10049 10047 10067
f 10066 10050 10048
f 10061 10062 10065
f 10066 10065 10060
f 10054 10056 10066
f 10057 10058 10066
f 10059 10060 10065
f 10069 10068 10070
f 10072 10071 10093
f 9775 10073 10074
f 10072 9775 10075
f 10075 10071 10072
f 10093 10071 10076
f 10071 10077 10076
f 10071 10078 10077
f 10089 10076 10079
f 10080 10081 10082
f 10082 10083 10080
f 10083 10084 10080
f 10085 10086 10080
f 10080 10084 10085
f 10087 10089 10088
f 10088 10086 10087
f 10093 10090 10091
f 10089 10092 10090
f 10090 10093 10089
f 10093 10096 9818
f 10072 10093 9815
f 10072 9815 9878
f 9772 10072 9878
f 9774 9775 10072
f 9776 10097 10073
f 10097 9776 9778
f 9778 9777 9780
f 9780 10098 9778
f 9778 10098 10097
f 9779 10099 10100
f 10101 10099 9779
f 9779 9781 10101
f 10100 9780 9779
f 9782 10102 10103
f 10103 9781 9782
f 10104 10102 9782
f 9782 9783 10104
f 9783 9785 10104
f 9784 10105 10106
f 10106 9785 9784
f 9784 9786 10105
f 9786 9787 10105
f 10107 9788 9789
f 9787 9788 10107
f 9789 10068 10108
f 10108 10107 9789
f 9789 9790 10068
f 10068 9793 9945
f 9792 9793 10068
f 9802 9801 9943
f 9945 9802 9938
f 9941 9938 9802
f 10068 9832 10109
f 10109 10111 10068
f 10111 10112 10110
f 10070 10114 10113
f 10070 10115 10114
f 10070 10117 10116
f 10121 10118 10120
f 10122 10120 10123
f 10070 10124 10122
f 10122 10125 10070
f 10069 10070 10126
f 10070 10125 10127
f 10127 10126 10070
f 10126 10128 10069
f 10068 10129 10130
f 10130 10108 10068
f 10069 10131 10129
f 10129 10068 10069
f 10128 10131 10069
f 10123 10125 10122
f 10119 10132 10118
f 10113 10117 10070
f 10111 10115 10070
f 10109 10112 10111
f 9945 9832 10068
f 9943 9941 9802
f 9791 9792 10068
f 10106 10104 9785
f 9781 10103 10101
f 10073 9775 9776
f 9818 9815 10093
f 10094 10096 10093
f 10091 10095 10093
f 10085 10087 10086
f 10081 10133 10082
f 10079 10088 10089
f 10076 10089 10093
f 10075 10078 10071
f 10111 10070 10068
f 10131 10128 10134
f 10135 10129 10131
f 10128 10126 10136
f 10126 10127 10137
f 10123 10120 10138
f 10139 10125 10123
f 10138 10139 10123
f 10137 10127 10125
f 10132 10141 10142
f 10142 10143 10132
f 10140 10120 10118
f 10118 10132 10140
f 10141 10145 10146
f 10146 10144 10141
f 10147 10146 10145
f 10145 10148 10147
f 10149 10147 10148
f 10148 10150 10149
f 10150 10133 10149
f 10081 10151 10152
f 10152 10153 10081
f 10153 10149 10081
f 10080 10154 10151
f 10151 10081 10080
f 10086 10155 10154
f 10088 10156 10155
f 10155 10086 10088
f 10079 10157 10156
f 10076 10158 10157
f 10157 10079 10076
f 10077 10159 10158
f 10076 10077 10158
f 10088 10079 10156
f 10080 10086 10154
f 10133 10081 10149
f 10144 10142 10141
f 10143 10140 10132
f 10140 10138 10120
f 10139 10137 10125
f 10137 10136 10126
f 10136 10134 10128
f 10134 10135 10131
f 10112 10162 10160
f 10160 10110 10112
f 10112 10109 10162
f 10249 10161 10162
f 10163 10115 10111
f 10115 10163 10164
f 10164 10114 10115
f 10110 10165 10166
f 10166 10163 10110
f 10110 10160 10165
f 10113 10167 10168
f 10168 10117 10113
f 10168 10116 10117
f 10114 10169 10170
f 10114 10164 10169
f 10170 10167 10114
f 10070 10171 10172
f 10116 10173 10171
f 10172 10124 10070
f 10116 10168 10173
f 10174 10120 10122
f 10124 10175 10176
f 10124 10172 10175
f 10176 10174 10124
f 10119 10118 10177
f 10121 10178 10177
f 10121 10179 10178
f 10177 10118 10121
f 10120 10174 10179
f 10121 10120 10179
f 9818 10180 10181
f 10181 10225 9818
f 9818 10096 10182
f 10182 10180 9818
f 10096 10094 10182
f 10094 10183 10184
f 10095 10091 10185
f 10183 10093 10095
f 10183 10094 10093
f 10185 10183 10095
f 10184 10186 10094
f 10092 10089 10187
f 10188 10090 10092
f 10187 10188 10092
f 10188 10189 10090
f 10189 10091 10090
f 10089 10087 10187
f 10087 10190 10191
f 10084 10083 10192
f 10190 10085 10084
f 10190 10087 10085
f 10192 10190 10084
f 10191 10193 10087
f 10083 10194 10195
f 10195 10196 10083
f 10133 10150 10197
f 10194 10082 10133
f 10194 10083 10082
f 10197 10194 10133
f 10198 10141 10132
f 10198 10145 10141
f 10199 10148 10145
f 10145 10198 10199
f 10199 10200 10148
f 10197 10150 10148
f 10200 10197 10148
f 10132 10119 10198
f 10196 10192 10083
f 10193 10187 10087
f 10189 10185 10091
f 10186 10182 10094
f 10177 10198 10119
f 10122 10124 10174
f 10070 10116 10171
f 10113 10114 10167
f 10111 10110 10163
f 10109 10249 10162
f 10130 10129 10135
f 10135 10202 10130
f 10203 10108 10130
f 10107 10204 10205
f 10107 10108 10203
f 10203 10204 10107
f 10105 9787 10206
f 10206 10207 10105
f 10207 10208 10105
f 10106 10105 10208
f 10208 10209 10106
f 10210 10102 10104
f 10103 10211 10212
f 10102 10210 10211
f 10211 10103 10102
f 10212 10213 10103
f 10101 10213 10214
f 10214 10099 10101
f 10099 10214 10215
f 10215 10100 10099
f 10100 10216 10217
f 10100 10218 10216
f 10100 10215 10218
f 10217 10098 9780
f 10098 10219 10220
f 10098 10217 10219
f 10074 10220 10221
f 10221 9775 10074
f 10074 10073 10220
f 10221 10078 10075
f 10078 10221 10159
f 10159 10077 10078
f 10075 9775 10221
f 10073 10097 10220
f 10220 10097 10098
f 10217 9780 10100
f 10101 10103 10213
f 10104 10106 10210
f 10209 10210 10106
f 9787 10107 10206
f 10205 10206 10107
f 10202 10203 10130
f 9818 10222 10223
f 9818 10224 10222
f 9818 10225 10224
f 9817 10226 10227
f 10227 10229 9817
f 9816 10228 10226
f 9816 10223 10228
f 10229 10227 10230
f 9820 10231 10232
f 9820 10233 10231
f 10232 9821 9820
f 9819 10229 10233
f 9821 10235 10236
f 10236 10234 9821
f 9821 10232 10235
f 9822 10234 10238
f 10237 9822 10238
f 9826 10239 10240
f 10240 10241 9826
f 9824 10237 10239
f 10239 9826 9824
f 9829 9826 10241
f 10241 10242 9829
f 10243 9828 9829
f 10242 10243 9829
f 9830 10246 10244
f 10244 10245 9830
f 9814 9830 10245
f 10247 9831 9814
f 10245 10247 9814
f 10247 10248 9831
f 10109 9831 10249
f 10249 10250 10161
f 10248 10249 9831
f 10243 10246 9828
f 9822 9821 10234
f 9820 9819 10233
f 9817 9816 10226
f 10223 9816 9818
f 10251 9911 9910
f 9910 10252 10253
f 9910 10285 10252
f 10254 9913 9912
f 10251 10255 9911
f 10255 9912 9911
f 9914 10256 10257
f 10257 9915 9914
f 9913 10258 10259
f 9913 10254 10258
f 10259 10256 9913
f 9916 10260 10261
f 9915 10257 10262
f 10262 10260 9915
f 9917 10263 10264
f 9917 10265 10263
f 10264 9918 9917
f 9916 10261 10265
f 9917 9916 10265
f 10266 9922 9921
f 9921 9920 10267
f 10267 10268 9921
f 9920 9918 10267
f 9921 10268 10266
f 10270 10269 9924
f 9925 10271 10272
f 9926 9924 10273
f 10271 9925 9926
f 10273 10271 9926
f 10272 10274 9925
f 10275 9928 10274
f 10275 10276 9928
f 9929 10277 10278
f 10277 9929 10279
f 10278 10280 9929
f 10283 10282 9930
f 9930 9929 10283
f 10282 10281 9930
f 9910 10284 10285
f 10280 10283 9929
f 10276 10279 9928
f 10269 10273 9924
f 10266 10270 9922
f 10264 10267 9918
f 9916 9915 10260
f 9914 9913 10256
f 10287 10288 10289
f 10287 10290 10288
f 10289 10294 10287
f 10287 9930 10290
f 9930 10281 10290
f 10292 10293 10294
f 10293 10295 10296
f 10293 10292 10295
f 10296 10297 10293
f 10294 10289 10292
f 10298 10299 10300
f 10299 10298 10301
f 10301 10302 10299
f 10297 10303 10304
f 10297 10296 10303
f 10304 10298 10297
f 10305 10306 10307
f 10307 10308 10305
f 10305 10388 10306
f 10302 10309 10306
f 10302 10301 10309
f 10310 10311 10312
f 10312 10452 10310
f 10311 10313 10312
f 10452 9910 10310
f 10452 10284 9910
f 10313 10314 10315
f 10316 10317 10318
f 10314 10319 10316
f 10314 10313 10319
f 10318 10314 10316
f 10317 10320 10321
f 10321 10322 10317
f 10323 10324 10325
f 10320 10326 10323
f 10325 10320 10323
f 10320 10317 10326
f 10324 10327 10325
f 10327 10328 10329
f 10331 10328 10330
f 10328 10327 10330
f 10330 10332 10331
f 10332 10333 10334
f 10334 10335 10332
f 10336 10337 10338
f 10333 10377 10336
f 10333 10332 10377
f 10338 10333 10336
f 10337 10339 10340
f 10342 10339 10341
f 10339 10337 10341
f 10343 10344 10345
f 10343 10346 10344
f 10343 10347 10346
f 10345 10348 10343
f 10342 10341 10349
f 10349 10350 10342
f 10350 10348 10342
f 10345 10342 10348
f 10351 10352 10347
f 10347 10353 10351
f 10351 10354 10352
f 10308 10355 10356
f 10356 10352 10308
f 10308 10307 10355
f 10354 10308 10352
f 10343 10353 10347
f 10340 10338 10337
f 10335 10331 10332
f 10329 10325 10327
f 10322 10318 10317
f 10315 10312 10313
f 10388 10302 10306
f 10300 10297 10298
f 10359 10358 10360
f 9931 10361 10362
f 9931 10364 10363
f 10362 10365 10364
f 10364 9931 10362
f 10359 10360 10366
f 10360 10367 10368
f 10360 10378 10369
f 10369 10367 10360
f 10368 10366 10360
f 10358 10370 10371
f 10359 10372 10370
f 10370 10358 10359
f 10359 10373 10372
f 10341 10337 10374
f 10375 10374 10337
f 10337 10336 10375
f 10336 10376 10375
f 10376 10336 10377
f 10377 10332 10358
f 10324 10358 10330
f 10330 10327 10324
f 10324 10323 10326
f 10326 10358 10324
f 10326 10317 10358
f 10357 10358 10319
f 10358 10316 10319
f 10319 10313 10357
f 9890 10357 10310
f 10357 10311 10310
f 10358 10357 9890
f 10358 9907 9933
f 9933 9944 10358
f 10358 9890 9907
f 9961 9940 9939
f 9939 9942 9961
f 10019 9944 9937
f 9958 9937 9940
f 9940 9961 9958
f 9937 9958 10019
f 10360 10016 10014
f 10360 9944 10016
f 10360 10012 10011
f 10360 10014 10012
f 10378 10360 10008
f 10011 10008 10360
f 10379 10007 10002
f 10379 10378 10007
f 10380 10381 10002
f 10002 10381 10379
f 10380 10004 9999
f 10380 10002 10004
f 10000 10382 10383
f 10383 9999 10000
f 10000 9996 10384
f 9995 10385 10384
f 10384 9996 9995
f 9995 10386 10385
f 10386 9995 9992
f 10387 10386 9989
f 9931 9985 9987
f 9985 9931 9989
f 9991 9985 9989
f 10361 9931 10294
f 9931 10287 10294
f 10388 10299 10302
f 10388 10361 10300
f 10300 10299 10388
f 10361 10293 10297
f 10297 10300 10361
f 10354 10351 10390
f 10388 10391 10392
f 10305 10308 10389
f 10389 10391 10305
f 10391 10388 10305
f 10308 10354 10389
f 10388 10392 10393
f 10361 10388 10394
f 10394 10362 10361
f 10394 10395 10362
f 10395 10365 10362
f 10393 10394 10388
f 10354 10390 10389
f 10294 10293 10361
f 9930 10287 9931
f 10386 9992 9989
f 10384 10382 10000
f 9999 10383 10380
f 9942 9954 9961
f 9933 9955 9944
f 10310 9910 9890
f 10313 10311 10357
f 10317 10316 10358
f 10332 10330 10358
f 10371 10377 10358
f 10366 10373 10359
f 10363 9989 9931
f 9944 10360 10358
f 10395 10394 10396
f 10396 10397 10395
f 10394 10393 10396
f 10373 10398 10399
f 10399 10372 10373
f 10372 10399 10400
f 10370 10400 10401
f 10376 10402 10403
f 10403 10375 10376
f 10376 10377 10402
f 10371 10401 10402
f 10375 10403 10404
f 10405 10349 10341
f 10349 10405 10406
f 10406 10350 10349
f 10374 10404 10405
f 10407 10408 10348
f 10408 10343 10348
f 10350 10406 10409
f 10409 10407 10350
f 10410 10353 10343
f 10410 10351 10353
f 10343 10408 10410
f 10410 10411 10351
f 10412 10390 10351
f 10411 10412 10351
f 10389 10390 10413
f 10414 10391 10389
f 10413 10414 10389
f 10392 10391 10415
f 10416 10393 10392
f 10415 10416 10392
f 10416 10396 10393
f 10414 10415 10391
f 10412 10413 10390
f 10348 10350 10407
f 10341 10374 10405
f 10404 10374 10375
f 10377 10371 10402
f 10401 10371 10370
f 10400 10370 10372
f 10373 10366 10398
f 10397 10417 10395
f 10365 10395 10417
f 10364 10365 10418
f 10363 10364 10418
f 9989 10363 10419
f 10387 9989 10419
f 10386 10387 10420
f 10385 10386 10420
f 10420 10421 10385
f 10421 10422 10385
f 10384 10385 10422
f 10422 10423 10384
f 10382 10384 10424
f 10424 10425 10382
f 10426 10383 10382
f 10427 10380 10383
f 10383 10426 10427
f 10428 10381 10380
f 10429 10379 10381
f 10379 10430 10431
f 10379 10429 10430
f 10369 10432 10433
f 10369 10431 10432
f 10433 10367 10369
f 10368 10434 10398
f 10368 10433 10434
f 10398 10366 10368
f 10368 10367 10433
f 10369 10378 10431
f 10431 10378 10379
f 10381 10428 10429
f 10427 10428 10380
f 10425 10426 10382
f 10423 10424 10384
f 10419 10420 10387
f 10418 10419 10363
f 10417 10418 10365
f 10435 10436 10437
f 10437 10438 10435
f 10438 10664 10439
f 10439 10440 10438
f 10441 10440 10442
f 10440 10439 10442
f 10441 10665 10443
f 10443 10444 10441
f 10443 10445 10444
f 10446 10173 10168
f 10168 10167 10446
f 10447 10448 10171
f 10173 10446 10449
f 10449 10447 10173
f 10171 10173 10447
f 10450 10169 10164
f 10164 10163 10450
f 10163 10166 10450
f 10451 10668 10170
f 10170 10169 10451
f 10169 10450 10666
f 10666 10451 10169
f 10668 10446 10170
f 10269 10270 10236
f 10266 10268 10238
f 10238 10234 10266
f 10270 10266 10236
f 10268 10239 10237
f 10264 10240 10239
f 10239 10268 10267
f 10239 10267 10264
f 10264 10263 10240
f 10242 10265 10261
f 10261 10260 10242
f 10265 10241 10240
f 10265 10242 10241
f 10240 10263 10265
f 10243 10242 10262
f 10262 10257 10243
f 10257 10256 10243
f 10259 10244 10246
f 10246 10243 10259
f 10247 10258 10254
f 10254 9912 10247
f 10258 10245 10244
f 10258 10247 10245
f 10244 10259 10258
f 10251 9910 10248
f 9910 10253 10248
f 10248 10247 10255
f 10255 10251 10248
f 10249 10248 10253
f 10453 10452 10315
f 10444 10445 10284
f 10284 10445 10161
f 10161 10285 10284
f 10284 10454 10444
f 10445 10162 10161
f 10284 10453 10454
f 10284 10452 10453
f 10452 10312 10315
f 10253 10250 10249
f 10252 10161 10250
f 10250 10253 10252
f 10252 10285 10161
f 10455 10450 10166
f 10166 10165 10455
f 10445 10456 10160
f 10160 10162 10445
f 10456 10455 10160
f 10165 10160 10455
f 10457 10322 10321
f 10321 10458 10457
f 10453 10314 10318
f 10453 10315 10314
f 10318 10322 10453
f 10459 10320 10325
f 10325 10460 10459
f 10459 10458 10320
f 10325 10329 10460
f 10458 10321 10320
f 10355 10415 10414
f 10355 10416 10415
f 10412 10346 10347
f 10347 10352 10412
f 10346 10411 10410
f 10346 10412 10411
f 10410 10344 10346
f 10356 10413 10412
f 10356 10414 10413
f 10340 10409 10406
f 10340 10407 10409
f 10407 10342 10345
f 10407 10339 10342
f 10407 10340 10339
f 10345 10410 10408
f 10345 10408 10407
f 10345 10344 10410
f 10334 10404 10403
f 10338 10340 10405
f 10404 10333 10338
f 10404 10334 10333
f 10405 10404 10338
f 10461 10433 10432
f 10432 10462 10461
f 10460 10434 10433
f 10460 10398 10434
f 10329 10400 10399
f 10335 10334 10402
f 10402 10401 10335
f 10400 10328 10331
f 10400 10329 10328
f 10331 10335 10400
f 10401 10400 10335
f 10399 10460 10329
f 10399 10398 10460
f 10463 10431 10430
f 10430 10464 10463
f 10462 10432 10431
f 10465 10495 10428
f 10464 10429 10428
f 10464 10430 10429
f 10428 10495 10464
f 10466 10465 10427
f 10426 10467 10466
f 10427 10426 10466
f 10468 10467 10425
f 10425 10424 10468
f 10471 10472 10473
f 10474 10663 10472
f 10472 10471 10474
f 10436 10435 10475
f 10435 10476 10475
f 10475 10471 10436
f 10470 10476 10477
f 10476 10435 10477
f 10477 10491 10470
f 10478 10654 10479
f 10479 10474 10478
f 10480 10218 10215
f 10215 10481 10480
f 10215 10214 10481
f 10482 10212 10211
f 10211 10483 10482
f 10482 10484 10212
f 10481 10213 10212
f 10481 10214 10213
f 10485 10209 10208
f 10483 10211 10210
f 10210 10485 10486
f 10210 10486 10483
f 10210 10209 10485
f 10487 10485 10207
f 10206 10488 10487
f 10206 10489 10488
f 10207 10206 10487
f 10206 10205 10489
f 10137 10175 10172
f 10175 10137 10139
f 10139 10176 10175
f 10171 10136 10137
f 10171 10448 10134
f 10134 10136 10171
f 10448 10135 10134
f 10448 10203 10202
f 10490 10489 10204
f 10203 10669 10490
f 10203 10448 10669
f 10204 10203 10490
f 10202 10135 10448
f 10140 10179 10174
f 10179 10140 10143
f 10143 10178 10179
f 10176 10139 10138
f 10138 10140 10176
f 10199 10198 10146
f 10146 10147 10199
f 10177 10144 10146
f 10146 10198 10177
f 10178 10143 10142
f 10142 10144 10178
f 10177 10178 10144
f 10195 10153 10152
f 10200 10199 10149
f 10153 10194 10197
f 10153 10195 10194
f 10197 10200 10153
f 10149 10153 10200
f 10152 10151 10195
f 10196 10195 10154
f 10154 10155 10196
f 10155 10156 10196
f 10151 10154 10195
f 10147 10149 10199
f 10174 10176 10140
f 10172 10171 10137
f 10205 10204 10489
f 10208 10207 10485
f 10484 10481 10212
f 10479 10663 10474
f 10473 10436 10471
f 10470 10491 10469
f 10424 10423 10468
f 10426 10425 10467
f 10428 10427 10465
f 10463 10462 10431
f 10461 10460 10433
f 10403 10402 10334
f 10406 10405 10340
f 10352 10356 10412
f 10414 10356 10355
f 10457 10453 10322
f 9912 10255 10247
f 10256 10259 10243
f 10260 10262 10242
f 10237 10238 10268
f 10234 10236 10266
f 10236 10235 10269
f 10167 10170 10446
f 10442 10665 10441
f 10437 10664 10438
f 10521 10494 10495
f 10491 10477 10435
f 10435 10522 10491
f 10522 10438 10440
f 10522 10441 10444
f 10444 10493 10522
f 10492 10493 10454
f 10454 10453 10492
f 10458 10521 10492
f 10494 10521 10458
f 10494 10459 10460
f 10495 10494 10462
f 10494 10461 10462
f 10495 10463 10464
f 10495 10466 10467
f 10467 10499 10495
f 10467 10468 10499
f 10465 10466 10495
f 10462 10463 10495
f 10460 10461 10494
f 10458 10459 10494
f 10492 10457 10458
f 10453 10457 10492
f 10444 10454 10493
f 10440 10441 10522
f 10435 10438 10522
f 10521 10495 10499
f 10521 10522 10493
f 10492 10521 10493
f 10499 10468 10500
f 10499 10502 10501
f 10499 10503 10504
f 10499 10505 10506
f 10506 10498 10499
f 10498 10507 10508
f 10498 10509 10510
f 10510 10511 10497
f 10496 10497 10512
f 10497 10511 10512
f 10496 10514 10513
f 10496 10516 10515
f 10496 10518 10517
f 10491 10496 10519
f 10496 10520 10519
f 10519 10469 10491
f 10517 10520 10496
f 10515 10518 10496
f 10513 10516 10496
f 10512 10514 10496
f 10510 10497 10498
f 10508 10509 10498
f 10506 10507 10498
f 10504 10505 10499
f 10501 10503 10499
f 10500 10502 10499
f 10496 10499 10498
f 10496 10498 10497
f 10550 10499 10496
f 10550 10521 10499
f 10491 10550 10496
f 10491 10522 10550
f 10521 10546 10522
f 10546 10521 10550
f 10523 10550 10522
f 10523 10570 10530
f 10530 10524 10523
f 10525 10524 10531
f 10524 10532 10531
f 10525 10534 10533
f 10526 10525 10535
f 10536 10529 10526
f 10537 10527 10529
f 10538 10528 10527
f 10541 10539 10540
f 10541 10543 10542
f 10542 10544 10541
f 10540 10543 10541
f 10528 10545 10539
f 10538 10545 10528
f 10531 10534 10525
f 10539 10541 10529
f 10528 10539 10529
f 10527 10528 10529
f 10525 10526 10529
f 10524 10525 10529
f 10523 10529 10550
f 10523 10524 10529
f 10565 10523 10547
f 10551 10557 10529
f 10541 10551 10529
f 10541 10544 10552
f 10552 10551 10541
f 10554 10555 10549
f 10549 10555 10556
f 10548 10557 10558
f 10548 10560 10559
f 10561 10546 10548
f 10562 10547 10546
f 10563 10565 10547
f 10523 10565 10566
f 10546 10550 10548
f 10522 10546 10547
f 10522 10547 10523
f 10563 10564 10565
f 10558 10560 10548
f 10557 10549 10556
f 10549 10551 10554
f 10553 10554 10551
f 10550 10529 10557
f 10557 10551 10549
f 10550 10557 10548
f 10470 10469 10568
f 10569 10570 10568
f 10568 10469 10569
f 10470 10567 10571
f 10569 10572 10573
f 10571 10476 10470
f 10568 10567 10470
f 10573 10570 10569
f 10574 10478 10575
f 10474 10580 10575
f 10474 10471 10576
f 10575 10478 10474
f 10575 10577 10574
f 10574 10577 10578
f 10578 10579 10574
f 10576 10580 10474
f 10577 10581 10578
f 10510 10509 10582
f 10509 10508 10583
f 10583 10650 10509
f 10650 10582 10509
f 10511 10585 10586
f 10586 10512 10511
f 10511 10510 10585
f 10586 10584 10512
f 10587 10513 10514
f 10514 10588 10587
f 10587 10589 10513
f 10512 10584 10588
f 10588 10514 10512
f 10513 10589 10590
f 10590 10516 10513
f 10515 10516 10591
f 10591 10592 10515
f 10518 10515 10593
f 10515 10592 10593
f 10517 10518 10594
f 10594 10595 10517
f 10595 10596 10517
f 10597 10216 10218
f 10218 10480 10597
f 10478 10574 10598
f 10569 10519 10520
f 10520 10572 10569
f 10517 10596 10599
f 10596 10579 10599
f 10599 10572 10517
f 10574 10579 10600
f 10600 10601 10574
f 10579 10596 10600
f 10601 10598 10574
f 10519 10569 10469
f 10500 10468 10423
f 10423 10422 10500
f 10307 10396 10416
f 10416 10355 10307
f 10306 10397 10396
f 10417 10309 10301
f 10301 10298 10417
f 10309 10417 10397
f 10397 10306 10309
f 10304 10418 10417
f 10501 10419 10418
f 10418 10304 10501
f 10501 10420 10419
f 10502 10500 10421
f 10420 10501 10502
f 10421 10420 10502
f 10504 10303 10296
f 10503 10501 10304
f 10303 10504 10503
f 10304 10303 10503
f 10506 10292 10289
f 10505 10504 10295
f 10292 10506 10505
f 10295 10292 10505
f 10235 10271 10273
f 10232 10272 10271
f 10271 10235 10232
f 10232 10231 10272
f 10273 10269 10235
f 10275 10233 10229
f 10233 10274 10272
f 10233 10275 10274
f 10272 10231 10233
f 10276 10275 10230
f 10230 10227 10276
f 10226 10277 10279
f 10226 10278 10277
f 10279 10276 10226
f 10280 10228 10223
f 10228 10280 10278
f 10278 10226 10228
f 10283 10280 10222
f 10602 10649 10201
f 10201 10225 10602
f 10602 10225 10181
f 10181 10603 10602
f 10286 10225 10201
f 10201 10583 10286
f 10286 10224 10225
f 10282 10283 10222
f 10224 10286 10281
f 10281 10282 10224
f 10222 10224 10282
f 10508 10291 10286
f 10286 10291 10281
f 10286 10583 10508
f 10507 10290 10281
f 10507 10506 10288
f 10288 10290 10507
f 10507 10281 10291
f 10291 10508 10507
f 10186 10604 10605
f 10604 10186 10184
f 10184 10606 10604
f 10603 10181 10180
f 10180 10182 10603
f 10182 10186 10603
f 10189 10607 10648
f 10607 10189 10188
f 10188 10608 10607
f 10606 10183 10185
f 10606 10184 10183
f 10185 10189 10606
f 10190 10192 10156
f 10156 10157 10190
f 10192 10196 10156
f 10158 10191 10190
f 10609 10217 10216
f 10609 10219 10217
f 10216 10655 10609
f 10609 10610 10219
f 10608 10188 10221
f 10193 10191 10158
f 10159 10188 10187
f 10187 10193 10159
f 10158 10159 10193
f 10159 10221 10188
f 10221 10220 10608
f 10220 10219 10608
f 10610 10608 10219
f 10157 10158 10190
f 10648 10606 10189
f 10605 10603 10186
f 10649 10583 10201
f 10223 10222 10280
f 10227 10226 10276
f 10229 10230 10275
f 10289 10288 10506
f 10296 10295 10504
f 10298 10304 10417
f 10307 10306 10396
f 10422 10421 10500
f 10520 10517 10572
f 10598 10654 10478
f 10597 10655 10216
f 10593 10594 10518
f 10590 10591 10516
f 10582 10585 10510
f 10540 10611 10612
f 10542 10543 10612
f 10612 10659 10542
f 10538 10657 10613
f 10545 10613 10614
f 10540 10539 10614
f 10614 10611 10540
f 10614 10539 10545
f 10537 10615 10616
f 10616 10657 10538
f 10538 10527 10616
f 10536 10617 10618
f 10537 10529 10618
f 10618 10615 10537
f 10536 10526 10619
f 10535 10620 10619
f 10619 10526 10535
f 10535 10525 10621
f 10533 10622 10621
f 10621 10525 10533
f 10623 10622 10533
f 10531 10624 10623
f 10623 10534 10531
f 10625 10624 10531
f 10626 10625 10532
f 10532 10524 10626
f 10530 10627 10626
f 10626 10524 10530
f 10581 10577 10575
f 10628 10544 10542
f 10530 10570 10629
f 10629 10627 10530
f 10629 10581 10627
f 10523 10568 10570
f 10542 10659 10628
f 10531 10532 10625
f 10533 10534 10623
f 10621 10620 10535
f 10619 10617 10536
f 10618 10529 10536
f 10616 10527 10537
f 10613 10545 10538
f 10612 10543 10540
f 10566 10565 10630
f 10630 10565 10564
f 10564 10631 10630
f 10631 10564 10563
f 10563 10632 10631
f 10563 10547 10633
f 10633 10547 10562
f 10562 10634 10633
f 10562 10546 10635
f 10561 10636 10635
f 10635 10546 10561
f 10561 10548 10637
f 10559 10638 10637
f 10637 10548 10559
f 10558 10661 10639
f 10559 10560 10639
f 10639 10638 10559
f 10640 10557 10556
f 10558 10557 10640
f 10640 10661 10558
f 10641 10554 10553
f 10642 10555 10554
f 10554 10641 10642
f 10556 10555 10642
f 10642 10643 10556
f 10552 10644 10645
f 10553 10551 10645
f 10645 10660 10553
f 10568 10523 10567
f 10644 10552 10544
f 10581 10575 10580
f 10566 10646 10647
f 10646 10580 10647
f 10580 10646 10670
f 10647 10567 10566
f 10523 10566 10567
f 10580 10670 10581
f 10544 10628 10644
f 10645 10551 10552
f 10553 10660 10641
f 10556 10643 10640
f 10639 10560 10558
f 10637 10636 10561
f 10635 10634 10562
f 10633 10632 10563
f 10630 10646 10566
f 10648 10667 10649
f 10598 10653 10654
f 10598 10601 10653
f 10653 10600 10596
f 10596 10652 10653
f 10596 10595 10652
f 10584 10593 10592
f 10652 10594 10593
f 10593 10584 10652
f 10590 10589 10584
f 10584 10591 10590
f 10584 10587 10588
f 10651 10585 10582
f 10582 10650 10651
f 10651 10586 10585
f 10650 10583 10649
f 10648 10649 10605
f 10649 10603 10605
f 10649 10602 10603
f 10648 10605 10604
f 10604 10606 10648
f 10655 10608 10610
f 10648 10607 10608
f 10608 10655 10648
f 10667 10653 10584
f 10597 10480 10655
f 10610 10609 10655
f 10584 10586 10651
f 10589 10587 10584
f 10592 10591 10584
f 10595 10594 10652
f 10601 10600 10653
f 10663 10654 10653
f 10667 10663 10653
f 10653 10652 10584
f 10584 10651 10650
f 10584 10650 10649
f 10584 10649 10667
f 10667 10648 10655
f 10622 10656 10670
f 10617 10670 10667
f 10617 10622 10670
f 10614 10613 10657
f 10617 10658 10615
f 10658 10616 10615
f 10617 10619 10620
f 10620 10622 10617
f 10622 10623 10624
f 10624 10656 10622
f 10656 10625 10626
f 10670 10656 10627
f 10656 10626 10627
f 10627 10581 10670
f 10624 10625 10656
f 10620 10621 10622
f 10615 10618 10617
f 10616 10658 10657
f 10657 10658 10614
f 10611 10614 10658
f 10659 10612 10611
f 10611 10658 10659
f 10658 10667 10659
f 10617 10667 10658
f 10670 10632 10662
f 10646 10632 10670
f 10632 10633 10634
f 10662 10632 10636
f 10632 10635 10636
f 10662 10637 10638
f 10638 10661 10662
f 10643 10661 10640
f 10641 10661 10643
f 10661 10641 10660
f 10659 10660 10644
f 10660 10645 10644
f 10644 10628 10659
f 10643 10642 10641
f 10638 10639 10661
f 10636 10637 10662
f 10634 10635 10632
f 10630 10631 10632
f 10646 10630 10632
f 10667 10660 10659
f 10660 10667 10661
f 10664 10667 10665
f 10668 10667 10449
f 10655 10486 10667
f 10486 10655 10481
f 10481 10484 10486
f 10655 10480 10481
f 10486 10482 10483
f 10486 10485 10488
f 10488 10489 10669
f 10448 10449 10669
f 10449 10446 10668
f 10451 10666 10668
f 10665 10666 10455
f 10450 10455 10666
f 10665 10456 10445
f 10445 10443 10665
f 10664 10665 10439
f 10665 10442 10439
f 10663 10664 10436
f 10664 10437 10436
f 10436 10473 10663
f 10663 10479 10654
f 10473 10472 10663
f 10455 10456 10665
f 10448 10447 10449
f 10489 10490 10669
f 10485 10487 10488
f 10484 10482 10486
f 10667 10486 10488
f 10667 10488 10669
f 10667 10669 10449
f 10667 10668 10666
f 10667 10666 10665
f 10667 10664 10663
f 10667 10662 10661
f 10662 10667 10670
f 10673 10581 10629
f 10629 10671 10673
f 10673 10578 10581
f 10673 10671 10578
f 10674 10671 10629
f 10674 10629 10570
f 10570 10573 10674
f 10573 10671 10674
f 10578 10671 10599
f 10671 10573 10572
f 10572 10599 10671
f 10599 10579 10578
f 10576 10471 10475
f 10672 10475 10476
f 10673 10576 10672
f 10580 10576 10673
f 10673 10672 10647
f 10673 10647 10580
f 10647 10672 10674
f 10674 10672 10571
f 10674 10571 10567
f 10567 10647 10674
f 10476 10571 10672
f 10475 10672 10576
f 10676 10683 10684
f 10684 10675 10676
f 10682 10675 10683
f 10684 10683 10675
f 10683 10676 10677
f 10675 10682 10678
f 10678 10679 10675
f 10676 10675 10679
f 10679 10680 10676
f 10677 10676 10680
f 10680 10681 10677
f 10678 10682 10683
f 10683 10681 10678
f 10683 10677 10681
f 10684 10679 10678
f 10684 10680 10679
f 10678 10681 10684
f 10681 10680 10684
f 10695 10685 10696
f 10686 10687 10685
f 10694 10688 10686
f 10685 10695 10686
f 10694 10686 10689
f 10688 10687 10686
f 10689 10686 10695
f 10690 10688 10694
f 10691 10687 10688
f 10692 10685 10687
f 10693 10696 10685
f 10685 10692 10693
f 10687 10691 10692
f 10688 10690 10691
f 10690 10693 10692
f 10692 10691 10690
f 10694 10696 10693
f 10690 10694 10693
f 10689 10696 10694
f 10696 10689 10695
f 10697 10698 10708
f 10702 10699 10700
f 10701 10700 10699
f 10699 10697 10701
f 10708 10701 10697
f 10705 10703 10756
f 10707 10755 10709
f 10830 10713 10771
f 10715 10708 10709
f 10715 10709 10752
f 10717 10716 10795
f 10724 10710 10718
f 10748 10711 10731
f 10725 10711 10719
f 10720 10719 10721
f 10722 10721 10723
f 10827 10705 10702
f 10733 10708 10715
f 10739 10717 10795
f 10726 10725 10720
f 10720 10722 10726
f 10722 10727 10726
f 10727 10722 10728
f 10777 10728 10729
f 10777 10729 10730
f 10746 10715 10734
f 10732 10725 10727
f 10732 10727 10777
f 10737 10808 10809
f 10737 10809 10744
f 10737 10744 10772
f 10706 10707 10698
f 10698 10697 10706
f 10714 10706 10699
f 10699 10702 10714
f 10716 10734 10715
f 10827 10733 10738
f 10736 10718 10748
f 10732 10743 10750
f 10725 10732 10750
f 10725 10750 10751
f 10716 10752 10795
f 10712 10704 10753
f 10723 10721 10712
f 10712 10721 10719
f 10753 10730 10816
f 10729 10754 10816
f 10816 10730 10729
f 10816 10712 10753
f 10712 10728 10723
f 10728 10712 10754
f 10755 10714 10705
f 10706 10714 10755
f 10709 10756 10703
f 10777 10735 10732
f 10743 10731 10725
f 10743 10736 10731
f 10757 10736 10749
f 10736 10757 10741
f 10741 10759 10819
f 10819 10758 10741
f 10760 10820 10812
f 10761 10760 10759
f 10761 10759 10740
f 10740 10824 10761
f 10762 10763 10764
f 10761 10824 10760
f 10763 10762 10765
f 10764 10824 10762
f 10765 10767 10763
f 10724 10763 10767
f 10724 10766 10763
f 10724 10760 10766
f 10767 10768 10724
f 10768 10824 10740
f 10768 10740 10769
f 10795 10747 10739
f 10738 10772 10827
f 10745 10827 10772
f 10745 10772 10744
f 10808 10830 10809
f 10768 10769 10724
f 10754 10729 10728
f 10732 10735 10743
f 10741 10742 10759
f 10716 10715 10752
f 10708 10698 10707
f 10708 10733 10702
f 10697 10699 10706
f 10733 10746 10738
f 10758 10736 10741
f 10747 10740 10739
f 10718 10736 10758
f 10724 10769 10747
f 10734 10717 10746
f 10718 10820 10760
f 10718 10760 10724
f 10710 10724 10747
f 10770 10744 10809
f 10728 10777 10727
f 10726 10727 10725
f 10716 10717 10734
f 10715 10746 10733
f 10702 10733 10827
f 10705 10827 10770
f 10705 10770 10809
f 10790 10809 10830
f 10723 10728 10722
f 10721 10722 10720
f 10719 10720 10725
f 10711 10725 10731
f 10731 10813 10748
f 10711 10748 10718
f 10795 10710 10747
f 10714 10702 10705
f 10703 10809 10790
f 10771 10790 10830
f 10712 10719 10711
f 10711 10718 10710
f 10709 10708 10707
f 10755 10707 10706
f 10703 10705 10809
f 10703 10790 10771
f 10704 10712 10711
f 10742 10741 10773
f 10818 10773 10741
f 10736 10773 10818
f 10809 10828 10778
f 10815 10778 10702
f 10786 10777 10787
f 10789 10788 10777
f 10815 10702 10791
f 10782 10783 10792
f 10783 10784 10793
f 10784 10785 10794
f 10806 10739 10795
f 10725 10786 10711
f 10786 10787 10796
f 10797 10798 10799
f 10798 10800 10799
f 10800 10792 10752
f 10792 10793 10752
f 10793 10794 10752
f 10801 10795 10752
f 10795 10768 10710
f 10710 10780 10711
f 10709 10803 10799
f 10709 10799 10752
f 10791 10702 10700
f 10797 10700 10701
f 10701 10798 10797
f 10701 10708 10798
f 10708 10782 10800
f 10708 10800 10798
f 10804 10785 10779
f 10739 10804 10779
f 10804 10739 10806
f 10805 10794 10785
f 10785 10804 10805
f 10801 10752 10805
f 10715 10804 10806
f 10805 10716 10801
f 10716 10806 10801
f 10780 10725 10711
f 10780 10807 10725
f 10809 10808 10772
f 10809 10772 10810
f 10828 10809 10810
f 10819 10742 10773
f 10742 10819 10759
f 10813 10775 10773
f 10774 10743 10780
f 10814 10712 10816
f 10816 10788 10789
f 10816 10789 10814
f 10796 10787 10712
f 10787 10788 10817
f 10817 10712 10787
f 10799 10756 10815
f 10815 10791 10799
f 10756 10799 10803
f 10725 10735 10777
f 10807 10774 10749
f 10813 10774 10780
f 10773 10774 10813
f 10775 10718 10812
f 10718 10766 10820
f 10768 10821 10822
f 10766 10718 10768
f 10822 10766 10768
f 10823 10821 10825
f 10821 10823 10826
f 10825 10824 10823
f 10824 10820 10766
f 10826 10822 10821
f 10824 10768 10811
f 10739 10747 10795
f 10811 10747 10739
f 10779 10828 10776
f 10829 10828 10810
f 10810 10772 10829
f 10809 10830 10808
f 10828 10827 10829
f 10820 10812 10718
f 10812 10759 10775
f 10774 10818 10749
f 10799 10791 10797
f 10816 10817 10788
f 10712 10711 10796
f 10712 10704 10711
f 10743 10807 10780
f 10747 10768 10795
f 10715 10805 10804
f 10805 10752 10794
f 10700 10797 10791
f 10803 10802 10756
f 10752 10799 10800
f 10756 10802 10790
f 10796 10711 10786
f 10795 10801 10806
f 10794 10793 10784
f 10793 10792 10783
f 10792 10800 10782
f 10756 10790 10815
f 10790 10802 10781
f 10788 10787 10777
f 10813 10780 10718
f 10780 10710 10768
f 10785 10784 10779
f 10784 10783 10779
f 10783 10782 10779
f 10782 10708 10779
f 10708 10702 10778
f 10815 10790 10781
f 10777 10786 10725
f 10780 10768 10718
f 10739 10779 10776
f 10779 10708 10828
f 10708 10778 10828
f 10815 10781 10778
f 10775 10813 10718
f 10809 10778 10830
f 10773 10775 10819
f 10828 10829 10746
f 10709 10703 10803
f 10802 10803 10703
f 10703 10771 10802
f 10753 10704 10712
f 10712 10814 10753
f 10730 10753 10814
f 10814 10789 10730
f 10777 10730 10789
f 10741 10757 10749
f 10749 10818 10741
f 10812 10811 10759
f 10740 10759 10811
f 10739 10740 10811
f 10772 10738 10746
f 10746 10829 10772
f 10808 10737 10772
f 10778 10781 10830
f 10713 10830 10781
f 10781 10802 10713
f 10771 10713 10802
f 10772 10809 10737
f 10772 10737 10809
f 10774 10807 10743
f 10732 10725 10807
f 10735 10732 10807
f 10725 10732 10735
f 10739 10804 10734
f 10804 10739 10734
f 10715 10716 10805
f 10715 10806 10716
f 10808 10772 10737
f 10772 10808 10737
f 10807 10725 10750
f 10750 10743 10807
f 10725 10807 10743
f 10751 10750 10725
f 10744 10809 10810
f 10809 10744 10810
f 10772 10810 10744
f 10810 10772 10744
f 10770 10745 10829
f 10745 10744 10810
f 10810 10829 10745
f 10829 10810 10770
f 10744 10770 10810
f 10828 10829 10738
f 10733 10738 10829
f 10829 10828 10733
f 10738 10733 10828
f 10746 10733 10828
f 10746 10828 10733
f 10828 10746 10733
f 10776 10828 10733
f 10733 10746 10776
f 10746 10717 10776
f 10739 10776 10717
f 10811 10768 10769
f 10747 10811 10769
f 10740 10769 10811
f 10769 10740 10811
f 10768 10747 10769
f 10811 10824 10761
f 10811 10761 10824
f 10824 10812 10761
f 10760 10761 10812
f 10820 10824 10761
f 10812 10820 10760
f 10761 10760 10820
f 10820 10812 10760
f 10759 10760 10812
f 10760 10812 10820
f 10820 10759 10812
f 10718 10759 10812
f 10759 10718 10812
f 10775 10718 10758
f 10718 10775 10759
f 10758 10759 10775
f 10741 10742 10773
f 10773 10742 10741
f 10774 10773 10736
f 10731 10736 10813
f 10736 10731 10813
f 10749 10743 10807
f 10743 10735 10807
f 10712 10817 10754
f 10816 10754 10817
f 10803 10799 10709
f 10799 10803 10709
f 10709 10755 10799
f 10756 10799 10705
f 10755 10705 10799
f 10756 10709 10799
f 10813 10774 10736
f 10743 10736 10774
f 10774 10813 10743
f 10736 10743 10813
f 10773 10813 10736
f 10736 10748 10773
f 10813 10773 10748
f 10731 10736 10813
f 10749 10736 10774
f 10774 10736 10743
f 10743 10749 10774
f 10818 10774 10757
f 10736 10818 10757
f 10736 10757 10774
f 10773 10818 10741
f 10818 10773 10741
f 10819 10742 10741
f 10742 10819 10741
f 10775 10759 10758
f 10819 10775 10758
f 10820 10812 10759
f 10812 10718 10759
f 10820 10718 10812
f 10826 10823 10824
f 10766 10822 10763
f 10764 10763 10822
f 10822 10826 10764
f 10824 10766 10760
f 10824 10764 10826
f 10811 10812 10759
f 10824 10811 10761
f 10759 10761 10811
f 10812 10824 10761
f 10761 10759 10812
f 10825 10821 10767
f 10768 10767 10821
f 10824 10825 10765
f 10765 10762 10824
f 10767 10765 10825
f 10747 10811 10740
f 10769 10740 10811
f 10811 10747 10769
f 10828 10776 10733
f 10776 10828 10733
f 10829 10746 10738
f 10746 10829 10738
f 10745 10770 10829
f 10827 10745 10829
f 10828 10829 10770
f 10770 10827 10828
f 10772 10829 10737
f 10829 10772 10737
f 10831 10832 10833
f 10843 10833 10834
f 10843 10834 10835
f 10843 10835 10836
f 10843 10836 10837
f 10838 10831 10843
f 10840 10838 10843
f 10842 10840 10843
f 10845 10843 10846
f 10845 10842 10843
f 10844 10846 10843
f 10841 10844 10843
f 10839 10841 10843
f 10837 10839 10843
f 10833 10843 10831
f 10847 10845 10846
f 10848 10846 10844
f 10849 10844 10841
f 10850 10841 10839
f 10851 10839 10837
f 10837 10852 10851
f 10839 10851 10850
f 10841 10850 10849
f 10844 10849 10848
f 10846 10848 10847
f 10837 10853 10854
f 10854 10852 10837
f 10855 10847 10848
f 10861 10848 10849
f 10861 10849 10850
f 10861 10850 10851
f 10861 10851 10852
f 10856 10855 10861
f 10858 10856 10861
f 10860 10858 10861
f 10863 10861 10864
f 10863 10860 10861
f 10862 10864 10861
f 10859 10862 10861
f 10857 10859 10861
f 10852 10857 10861
f 10848 10861 10855
f 10865 10866 10845
f 10845 10847 10865
f 10867 10857 10852
f 10868 10859 10857
f 10859 10868 10870
f 10870 10862 10859
f 10870 10869 10862
f 10864 10871 10872
f 10864 10873 10874
f 10874 10871 10864
f 10872 10875 10864
f 10864 10862 10876
f 10876 10873 10864
f 10863 10864 10877
f 10877 10878 10863
f 10878 10879 10863
f 10879 10880 10863
f 10875 10877 10864
f 10869 10876 10862
f 10857 10867 10868
f 10852 10854 10867
f 10881 10880 10879
f 10879 10882 10881
f 10879 10878 10882
f 10882 10875 10872
f 10882 10878 10877
f 10877 10875 10882
f 10883 10872 10871
f 10884 10873 10876
f 10885 10874 10873
f 10873 10884 10885
f 10876 10869 10884
f 10885 10871 10874
f 10884 10869 10870
f 10870 10886 10884
f 10871 10885 10883
f 10872 10883 10882
f 10865 10847 10855
f 10887 10855 10856
f 10888 10856 10858
f 10889 10858 10860
f 10890 10860 10863
f 10863 10891 10890
f 10860 10890 10889
f 10858 10889 10888
f 10856 10888 10887
f 10855 10887 10865
f 10890 10891 10892
f 10899 10892 10893
f 10899 10893 10894
f 10899 10894 10895
f 10899 10895 10896
f 10889 10890 10899
f 10888 10889 10899
f 10887 10888 10899
f 10865 10899 10901
f 10865 10887 10899
f 10900 10901 10899
f 10898 10900 10899
f 10897 10898 10899
f 10896 10897 10899
f 10892 10899 10890
f 10833 10902 10903
f 10832 10904 10902
f 10902 10833 10832
f 10903 10905 10833
f 10833 10910 10906
f 10833 10905 10907
f 10907 10908 10833
f 10908 10909 10833
f 10909 10910 10833
f 10835 10834 10911
f 10834 10906 10912
f 10912 10911 10834
f 10913 10836 10835
f 10853 10837 10836
f 10836 10913 10853
f 10835 10914 10913
f 10911 10914 10835
f 10906 10834 10833
f 10915 10916 10911
f 10917 10915 10912
f 10912 10906 10917
f 10906 10910 10917
f 10918 10917 10909
f 10909 10908 10918
f 10919 10918 10907
f 10907 10905 10919
f 10920 10919 10903
f 10903 10902 10920
f 10902 10904 10920
f 10905 10903 10919
f 10908 10907 10918
f 10910 10909 10917
f 10911 10912 10915
f 10854 10853 10932
f 10853 10913 10916
f 10916 10932 10853
f 10932 10921 10854
f 10854 10921 10886
f 10886 10867 10854
f 10886 10870 10868
f 10916 10913 10914
f 10868 10867 10886
f 10914 10911 10916
f 10923 10922 10926
f 10924 10923 10926
f 10925 10924 10926
f 10927 10925 10926
f 10919 10920 10932
f 10932 10947 10926
f 10918 10919 10932
f 10917 10918 10932
f 10915 10917 10932
f 10916 10915 10932
f 10932 10926 10922
f 10921 10932 10922
f 10928 10922 10923
f 10929 10923 10924
f 10930 10924 10925
f 10931 10925 10927
f 10927 10944 10931
f 10925 10931 10930
f 10924 10930 10929
f 10923 10929 10928
f 10922 10928 10921
f 10920 10947 10932
f 10884 10886 10921
f 10885 10884 10921
f 10883 10885 10921
f 10882 10883 10921
f 10881 10882 10921
f 10931 10944 10921
f 10921 10943 10881
f 10930 10931 10921
f 10929 10930 10921
f 10928 10929 10921
f 10933 10944 10927
f 10927 10926 10933
f 10934 10945 10935
f 10936 10935 10937
f 10938 10937 10939
f 10940 10939 10941
f 10942 10941 10933
f 10933 10926 10942
f 10941 10942 10940
f 10939 10940 10938
f 10937 10938 10936
f 10935 10936 10934
f 10943 10921 10944
f 10945 10943 10944
f 10945 10944 10935
f 10937 10935 10944
f 10939 10937 10944
f 10941 10939 10944
f 10933 10941 10944
f 10946 10943 10945
f 10945 10934 10946
f 10948 10943 10946
f 10940 10942 10926
f 10938 10940 10926
f 10936 10938 10946
f 10934 10936 10946
f 10946 10926 10947
f 10946 10947 10948
f 10926 10946 10938
f 10845 10866 10949
f 10842 10949 10950
f 10840 10950 10951
f 10838 10951 10952
f 10831 10952 10953
f 10953 10832 10831
f 10952 10831 10838
f 10951 10838 10840
f 10950 10840 10842
f 10949 10842 10845
f 10866 10865 10901
f 10954 10901 10900
f 10955 10900 10898
f 10956 10898 10897
f 10957 10897 10896
f 10896 10958 10957
f 10897 10957 10956
f 10898 10956 10955
f 10900 10955 10954
f 10901 10954 10866
f 10949 10866 10954
f 10961 10954 10955
f 10961 10955 10956
f 10961 10956 10957
f 10961 10957 10958
f 10950 10949 10961
f 10951 10950 10961
f 10952 10951 10961
f 10953 10961 10963
f 10953 10952 10961
f 10962 10963 10961
f 10960 10962 10961
f 10959 10960 10961
f 10958 10959 10961
f 10954 10961 10949
f 10964 10958 10896
f 10896 10965 10964
f 10966 10959 10958
f 10967 10960 10959
f 10960 10967 10969
f 10969 10962 10960
f 10969 10968 10962
f 10963 10970 10971
f 10963 10972 10973
f 10973 10970 10963
f 10971 10974 10963
f 10963 10962 10975
f 10975 10972 10963
f 10953 10963 10976
f 10976 10977 10953
f 10977 10978 10953
f 10978 10979 10953
f 10974 10976 10963
f 10968 10975 10962
f 10959 10966 10967
f 10958 10964 10966
f 10892 10980 10981
f 10891 10982 10980
f 10980 10892 10891
f 10981 10983 10892
f 10892 10988 10984
f 10892 10983 10985
f 10985 10986 10892
f 10986 10987 10892
f 10987 10988 10892
f 10894 10893 10989
f 10893 10984 10990
f 10990 10989 10893
f 10991 10895 10894
f 10965 10896 10895
f 10895 10991 10965
f 10894 10992 10991
f 10989 10992 10894
f 10984 10893 10892
f 10993 10979 10978
f 10978 10994 10993
f 10978 10977 10994
f 10994 10974 10971
f 10994 10977 10976
f 10976 10974 10994
f 10995 10971 10970
f 10996 10972 10975
f 10997 10973 10972
f 10972 10996 10997
f 10975 10968 10996
f 10997 10970 10973
f 10996 10968 10969
f 10969 10998 10996
f 10970 10997 10995
f 10971 10995 10994
f 10999 11000 10989
f 11001 10999 10990
f 10990 10984 11001
f 10984 10988 11001
f 11002 11001 10987
f 10987 10986 11002
f 11003 11002 10985
f 10985 10983 11003
f 11004 11003 10981
f 10981 10980 11004
f 10980 10982 11004
f 10983 10981 11003
f 10986 10985 11002
f 10988 10987 11001
f 10989 10990 10999
f 10964 10965 11007
f 10965 10991 11000
f 11000 11007 10965
f 11007 11005 10964
f 10964 11005 10998
f 10998 10966 10964
f 10998 10969 10967
f 11000 10991 10992
f 10967 10966 10998
f 10992 10989 11000
f 10996 10998 11005
f 10997 10996 11005
f 10995 10997 11005
f 10994 10995 11005
f 10993 10994 11005
f 10904 10979 11006
f 10993 11005 11006
f 11006 10979 10993
f 10953 10979 10904
f 10920 10904 10947
f 11006 10948 10947
f 10904 10832 10953
f 10947 10904 11006
f 11005 11007 11006
f 11003 11004 11007
f 11002 11003 11007
f 11001 11002 11007
f 10999 11001 11007
f 11000 10999 11007
f 11006 10880 10948
f 10881 10943 10948
f 10863 10880 10982
f 10948 10880 10881
f 11006 10982 10880
f 11004 10982 11006
f 10982 10891 10863
f 11006 11007 11004
f 11013 11016 11008
f 11020 11016 11019
f 11019 11009 11020
f 11010 11014 11008
f 11011 11008 11012
f 11025 11024 11015
f 11020 11009 11014
f 11014 11010 11020
f 11013 11008 11014
f 11008 11011 11010
f 11018 11026 11012
f 11013 11019 11016
f 11019 11013 11017
f 11019 11017 11009
f 11013 11009 11017
f 11020 11021 11022
f 11021 11023 11022
f 11023 11024 11022
f 11020 11019 11016
f 11019 11009 11017
f 11017 11009 11016
f 11019 11017 11016
f 11014 11022 11012
f 11014 11009 11020
f 11016 11009 11013
f 11013 11014 11008
f 11024 11026 11022
f 11008 11016 11013
f 11025 11015 11024
f 11026 11018 11022
f 11018 11012 11022
f 11012 11008 11014
f 11022 11014 11020
f 11009 11019 11020
f 11044 11027 11028
f 11027 11029 11030
f 11030 11028 11027
f 11031 11032 11030
f 11033 11034 11032
f 11030 11029 11031
f 11025 11034 11033
f 11032 11031 11033
f 11035 11036 11037
f 11038 11039 11020
f 11038 11040 11041
f 11040 11042 11037
f 11041 11039 11038
f 11037 11042 11035
f 11037 11041 11040
f 11033 11026 11024
f 11033 11012 11026
f 11033 11011 11012
f 11024 11025 11033
f 11038 11010 11011
f 11011 11033 11038
f 11038 11020 11010
f 11038 11033 11031
f 11040 11031 11029
f 11042 11029 11027
f 11035 11043 11036
f 11027 11044 11043
f 11043 11035 11027
f 11027 11035 11042
f 11029 11042 11040
f 11031 11040 11038
f 11028 11045 11044
f 11046 11045 11036
f 11045 11028 11036
f 11037 11036 11028
f 11041 11037 11030
f 11039 11041 11032
f 11039 11021 11020
f 11034 11023 11021
f 11021 11039 11034
f 11034 11024 11023
f 11034 11025 11024
f 11032 11034 11039
f 11030 11032 11041
f 11028 11030 11037
f 11047 11048 11049
f 11047 11050 11051
f 11052 11049 11053
f 11051 11048 11047
f 11049 11052 11047
f 11051 11050 11044
f 11053 11054 11052
f 11054 11055 11056
f 11052 11056 11057
f 11047 11057 11058
f 11050 11058 11059
f 11059 11238 11044
f 11059 11044 11050
f 11058 11050 11047
f 11057 11047 11052
f 11056 11052 11054
f 11060 11044 11239
f 11239 11238 11060
f 11051 11044 11060
f 11048 11051 11061
f 11049 11048 11062
f 11053 11049 11063
f 11063 11064 11053
f 11062 11063 11049
f 11061 11062 11048
f 11060 11061 11051
f 11053 11065 11066
f 11066 11054 11053
f 11078 11068 11067
f 11070 11069 11078
f 11072 11071 11077
f 11073 11074 11072
f 11075 11074 11073
f 11076 11066 11065
f 11073 11076 11075
f 11068 11080 11079
f 11057 11062 11061
f 11057 11056 11063
f 11238 11059 11060
f 11059 11058 11061
f 11063 11062 11057
f 11056 11055 11064
f 11061 11060 11059
f 11064 11063 11056
f 11061 11058 11057
f 11055 11081 11082
f 11082 11064 11055
f 11082 11081 11083
f 11083 11084 11082
f 11085 11087 11086
f 11091 11087 11085
f 11089 11090 11088
f 11093 11090 11089
f 11089 11094 11093
f 11095 11096 11097
f 11095 11098 11099
f 11100 11097 11101
f 11099 11096 11095
f 11102 11103 11099
f 11097 11100 11095
f 11103 11102 11092
f 11099 11098 11102
f 11101 11104 11100
f 11104 11105 11106
f 11100 11106 11107
f 11095 11107 11108
f 11098 11108 11109
f 11102 11110 11092
f 11109 11036 11110
f 11110 11102 11109
f 11109 11102 11098
f 11108 11098 11095
f 11107 11095 11100
f 11106 11100 11104
f 11107 11111 11112
f 11107 11106 11113
f 11036 11109 11114
f 11109 11108 11112
f 11113 11111 11107
f 11106 11105 11115
f 11112 11114 11109
f 11115 11113 11106
f 11112 11108 11107
f 11114 11103 11116
f 11116 11036 11114
f 11103 11117 11116
f 11103 11092 11117
f 11099 11103 11114
f 11096 11099 11112
f 11097 11096 11111
f 11101 11097 11113
f 11113 11115 11101
f 11111 11113 11097
f 11112 11111 11096
f 11114 11112 11099
f 11105 11118 11119
f 11119 11115 11105
f 11126 11125 11127
f 11121 11123 11124
f 11121 11122 11123
f 11119 11118 11120
f 11128 11129 11127
f 11130 11104 11101
f 11101 11131 11130
f 11131 11132 11133
f 11133 11130 11131
f 11140 11141 11139
f 11138 11141 11140
f 11136 11143 11142
f 11144 11143 11136
f 11145 11146 11147
f 11148 11149 11146
f 11146 11145 11148
f 11148 11150 11151
f 11150 11152 11153
f 11152 11079 11080
f 11151 11149 11148
f 11080 11153 11152
f 11153 11151 11150
f 11147 11154 11145
f 11154 11155 11156
f 11145 11156 11157
f 11148 11157 11158
f 11150 11158 11159
f 11152 11159 11094
f 11094 11079 11152
f 11159 11152 11150
f 11158 11150 11148
f 11157 11148 11145
f 11156 11145 11154
f 11159 11160 11093
f 11158 11161 11160
f 11160 11159 11158
f 11158 11157 11162
f 11157 11156 11163
f 11156 11155 11233
f 11162 11161 11158
f 11233 11163 11156
f 11163 11162 11157
f 11093 11094 11159
f 11153 11080 11093
f 11151 11153 11160
f 11149 11151 11161
f 11146 11149 11162
f 11147 11146 11163
f 11163 11233 11147
f 11162 11163 11146
f 11161 11162 11149
f 11160 11161 11151
f 11093 11160 11153
f 11233 11155 11213
f 11166 11154 11147
f 11164 11166 11167
f 11167 11165 11164
f 11169 11170 11171
f 11144 11171 11170
f 11169 11236 11172
f 11170 11172 11128
f 11128 11144 11170
f 11172 11170 11169
f 11236 11169 11168
f 11172 11173 11129
f 11173 11172 11236
f 11129 11128 11172
f 11171 11144 11129
f 11169 11171 11173
f 11168 11169 11236
f 11173 11236 11169
f 11129 11173 11171
f 11174 11077 11070
f 11177 11085 11176
f 11174 11072 11077
f 11081 11188 11085
f 11176 11084 11083
f 11175 11088 11189
f 11183 11083 11081
f 11070 11078 11174
f 11188 11091 11085
f 11085 11177 11183
f 11174 11073 11072
f 11089 11175 11187
f 11178 11188 11081
f 11055 11054 11179
f 11183 11081 11085
f 11076 11073 11174
f 11079 11094 11089
f 11175 11089 11088
f 11189 11091 11188
f 11055 11179 11178
f 11183 11176 11083
f 11187 11079 11089
f 11081 11055 11178
f 11054 11180 11179
f 11180 11054 11066
f 11181 11174 11067
f 11174 11066 11076
f 11067 11068 11181
f 11066 11174 11180
f 11068 11079 11181
f 11187 11181 11079
f 11078 11067 11174
f 11182 11087 11091
f 11074 11085 11086
f 11184 11183 11084
f 11176 11085 11184
f 11182 11091 11189
f 11189 11088 11185
f 11082 11084 11183
f 11179 11071 11072
f 11085 11074 11184
f 11186 11086 11087
f 11090 11080 11187
f 11177 11184 11074
f 11184 11084 11176
f 11087 11182 11186
f 11187 11185 11090
f 11179 11074 11086
f 11189 11188 11182
f 11186 11179 11086
f 11080 11191 11187
f 11190 11183 11184
f 11177 11190 11184
f 11192 11074 11075
f 11179 11072 11074
f 11090 11093 11080
f 11075 11183 11192
f 11088 11090 11185
f 11192 11177 11074
f 11191 11078 11069
f 11174 11077 11071
f 11191 11068 11078
f 11191 11080 11068
f 11174 11069 11070
f 11183 11065 11082
f 11070 11077 11174
f 11075 11076 11065
f 11069 11174 11191
f 11064 11082 11065
f 11065 11053 11064
f 11183 11075 11065
f 11179 11174 11071
f 11183 11190 11176
f 11190 11177 11176
f 11183 11177 11192
f 11187 11191 11181
f 11189 11185 11175
f 11187 11175 11185
f 11174 11181 11191
f 11180 11174 11179
f 11186 11182 11188
f 11179 11186 11178
f 11188 11178 11186
f 11193 11139 11141
f 11141 11138 11193
f 11123 11140 11139
f 11194 11135 11140
f 11194 11134 11135
f 11195 11194 11198
f 11195 11198 11133
f 11133 11132 11195
f 11138 11137 11193
f 11130 11133 11197
f 11140 11123 11194
f 11137 11142 11196
f 11143 11128 11199
f 11198 11194 11123
f 11139 11206 11204
f 11139 11193 11206
f 11199 11196 11143
f 11198 11197 11133
f 11204 11123 11139
f 11128 11200 11199
f 11201 11123 11122
f 11134 11195 11132
f 11204 11124 11123
f 11143 11144 11128
f 11122 11203 11201
f 11142 11143 11196
f 11201 11198 11123
f 11202 11120 11118
f 11200 11125 11124
f 11200 11128 11127
f 11202 11121 11120
f 11197 11118 11130
f 11127 11125 11200
f 11122 11202 11203
f 11124 11204 11200
f 11104 11130 11118
f 11202 11122 11121
f 11118 11105 11104
f 11118 11197 11202
f 11205 11119 11120
f 11131 11138 11140
f 11131 11206 11138
f 11195 11132 11207
f 11207 11140 11135
f 11120 11121 11205
f 11207 11132 11131
f 11208 11142 11137
f 11206 11137 11138
f 11135 11195 11198
f 11136 11208 11199
f 11209 11206 11131
f 11101 11115 11210
f 11207 11131 11140
f 11195 11207 11198
f 11129 11144 11136
f 11208 11136 11142
f 11101 11210 11209
f 11135 11134 11195
f 11199 11129 11136
f 11131 11101 11209
f 11115 11211 11210
f 11211 11115 11119
f 11198 11207 11135
f 11124 11125 11205
f 11121 11124 11205
f 11212 11205 11126
f 11195 11134 11132
f 11126 11127 11212
f 11119 11205 11211
f 11127 11129 11212
f 11199 11212 11129
f 11125 11126 11205
f 11197 11198 11207
f 11202 11197 11207
f 11203 11202 11207
f 11201 11203 11207
f 11198 11201 11207
f 11134 11194 11195
f 11200 11204 11205
f 11199 11200 11212
f 11137 11196 11208
f 11199 11208 11196
f 11205 11212 11200
f 11211 11205 11204
f 11210 11211 11204
f 11193 11137 11206
f 11204 11206 11210
f 11209 11210 11206
f 11155 11215 11213
f 11215 11234 11213
f 11215 11155 11214
f 11216 11215 11214
f 11214 11217 11216
f 11218 11219 11217
f 11217 11214 11218
f 11220 11214 11155
f 11220 11155 11154
f 11235 11220 11166
f 11220 11154 11166
f 11215 11164 11234
f 11166 11221 11235
f 11164 11222 11221
f 11164 11215 11219
f 11165 11213 11234
f 11221 11166 11164
f 11219 11222 11164
f 11219 11218 11222
f 11164 11165 11234
f 11166 11147 11224
f 11147 11223 11224
f 11221 11224 11223
f 11223 11225 11221
f 11226 11227 11225
f 11225 11223 11226
f 11215 11223 11147
f 11229 11147 11228
f 11229 11215 11147
f 11215 11229 11228
f 11228 11230 11215
f 11231 11232 11230
f 11230 11228 11231
f 11233 11228 11147
f 11233 11213 11165
f 11165 11234 11233
f 11167 11216 11232
f 11234 11165 11167
f 11232 11234 11167
f 11232 11231 11234
f 11216 11167 11227
f 11167 11235 11227
f 11227 11226 11216
f 11167 11166 11235
f 11166 11224 11235
f 11226 11223 11215
f 11215 11216 11226
f 11232 11216 11217
f 11230 11232 11219
f 11219 11215 11230
f 11217 11219 11232
f 11228 11233 11213
f 11231 11228 11234
f 11213 11234 11228
f 11234 11213 11233
f 11224 11221 11218
f 11214 11220 11224
f 11218 11214 11224
f 11235 11224 11220
f 11225 11227 11235
f 11222 11218 11221
f 11235 11221 11225
f 11044 11239 11237
f 11044 11238 11239
f 11092 11110 11046
f 11110 11036 11046
f 11045 11046 11043
f 11043 11044 11045
f 11046 11036 11043
f 11238 11237 11239
f 11237 11045 11044
f 11044 11045 11239
f 11046 11036 11116
f 11046 11116 11117
f 11046 11117 11092
f 11045 11237 11239
f 11237 11238 11239
f 827 823 828
f 825 828 823
f 826 822 825
f 823 826 825
f 11240 11241 2307
f 827 11242 11246
f 11246 2305 822
f 11241 2302 2307
f 11250 828 2308
f 2303 825 822
f 828 2303 2308
f 2303 828 825
f 822 2305 2303
f 11246 822 827
f 11241 2308 2302
f 11246 2307 2305
f 11248 11249 11247
f 2308 11241 11243
f 11244 11241 11248
f 2307 11246 11240
f 11244 11243 11241
f 11245 828 11247
f 11250 11244 11248
f 827 828 11245
f 2308 11243 11250
f 11250 11248 11247
f 828 11250 11247
f 11248 11241 11240
f 2302 2308 2303
f 2302 2306 2307
f 11240 2306 11244
f 11244 11248 11240
f 2302 11250 11243
f 11243 2306 2302
f 822 2303 2305
f 11243 11244 2306
f 2306 11240 11246
f 2305 11242 822
f 11250 2302 11247
f 11247 11249 11250
f 827 822 11242
f 11250 11249 11248
f 11251 11252 823
f 2302 2303 11247
f 11246 11242 2307
f 2305 2307 11242
f 11248 11244 11250
f 823 827 11251
f 11252 826 823
f 826 11252 11247
f 11247 822 826
f 11246 2307 2306
f 2303 822 11247
f 11253 11254 11255
f 11253 11256 11257
f 11258 11259 11260
f 11259 11261 11255
f 11257 11254 11253
f 11256 11247 11252
f 11255 11260 11259
f 11252 11257 11256
f 11255 11261 11253
f 11260 11262 11258
f 11245 11251 827
f 11245 11247 11256
f 11263 11256 11253
f 11264 11253 11261
f 11265 11261 11259
f 11266 11259 11258
f 11258 11267 11266
f 11259 11266 11265
f 11261 11265 11264
f 11253 11264 11263
f 11256 11263 11245
f 11268 11267 11262
f 11269 11268 11260
f 11270 11269 11255
f 11271 11270 11254
f 11251 11271 11257
f 11257 11252 11251
f 11254 11257 11271
f 11255 11254 11270
f 11260 11255 11269
f 11262 11260 11268
f 11272 11258 11262
f 11264 11270 11271
f 11264 11265 11269
f 11263 11271 11251
f 11269 11270 11264
f 11266 11268 11269
f 11271 11263 11264
f 11268 11266 11267
f 11269 11265 11266
f 11251 11245 11263
f 11267 11273 11274
f 11274 11273 11275
f 11277 11276 11278
f 11278 11279 11277
f 11280 11281 11279
f 11279 11278 11280
f 11281 11282 11283
f 11282 11284 11285
f 11285 11283 11282
f 11286 11287 11288
f 11284 11290 11291
f 11290 11292 11288
f 11289 11287 11286
f 11288 11291 11290
f 11288 11292 11286
f 11291 11285 11284
f 11293 11289 11286
f 11294 11286 11292
f 11295 11292 11290
f 11296 11290 11284
f 11284 11297 11296
f 11290 11296 11295
f 11292 11295 11294
f 11286 11294 11293
f 11289 11293 11329
f 11298 11299 11285
f 11300 11298 11291
f 11301 11300 11288
f 11302 11301 11287
f 11329 11302 11289
f 11287 11289 11302
f 11288 11287 11301
f 11291 11288 11300
f 11285 11291 11298
f 11294 11301 11302
f 11294 11295 11300
f 11293 11302 11329
f 11300 11301 11294
f 11296 11298 11300
f 11297 11299 11298
f 11302 11293 11294
f 11298 11296 11297
f 11300 11295 11296
f 11303 11299 11297
f 11276 11274 11275
f 11277 11272 11274
f 11262 11267 11274
f 11304 11277 11279
f 11283 11279 11281
f 11274 11272 11262
f 11277 11304 11272
f 11299 11303 11283
f 11279 11303 11304
f 11283 11303 11279
f 11283 11285 11299
f 11276 11277 11274
f 11281 11280 11282
f 11278 11303 11282
f 11297 11284 11282
f 11272 11278 11276
f 11305 11303 11278
f 11282 11303 11297
f 11278 11272 11305
f 11258 11272 11273
f 11275 11273 11276
f 11273 11272 11276
f 11273 11267 11258
f 11280 11278 11282
f 11303 11305 11304
f 11306 11307 11308
f 11307 11309 11310
f 11305 11306 11311
f 11310 11308 11307
f 11312 11313 11310
f 11308 11311 11306
f 11326 11313 11312
f 11310 11309 11312
f 11311 11304 11305
f 11314 11326 11312
f 11315 11312 11309
f 11316 11309 11307
f 11317 11307 11306
f 11318 11306 11305
f 11305 11272 11318
f 11306 11318 11317
f 11307 11317 11316
f 11309 11316 11315
f 11312 11315 11314
f 11319 11272 11304
f 11320 11319 11311
f 11321 11320 11308
f 11322 11321 11310
f 11323 11322 11313
f 11313 11326 11323
f 11310 11313 11322
f 11308 11310 11321
f 11311 11308 11320
f 11304 11311 11319
f 11324 11325 11326
f 11317 11320 11321
f 11318 11319 11320
f 11315 11322 11323
f 11315 11316 11321
f 11320 11317 11318
f 11321 11322 11315
f 11319 11318 11272
f 11321 11316 11317
f 11323 11314 11315
f 11314 11327 11324
f 11324 11326 11314
f 11327 11314 11328
f 11323 11326 11325
f 11325 11328 11323
f 11314 11323 11328
f 11325 11324 11327
f 11327 11328 11325
f 11331 11332 11333
f 11332 11334 11333
f 11333 11334 11338
f 11330 11332 11331
f 11333 11338 11331
f 11331 11339 11330
f 11335 11332 11330
f 11334 11332 11336
f 11335 11336 11332
f 11334 11337 11333
f 11339 11331 11338
f 11330 11339 11340
f 11337 11340 11338
f 11340 11339 11338
f 11338 11334 11333
f 11336 11340 11337
f 11337 11334 11336
f 11338 11333 11337
f 11340 11336 11330
f 11330 11336 11335
f 11341 11342 11343
f 11347 11344 11345
f 11344 11346 11343
f 11339 11342 11341
f 11343 11345 11344
f 11343 11346 11341
f 11348 11330 11339
f 11348 11339 11341
f 11349 11341 11346
f 11350 11346 11344
f 11351 11344 11347
f 11344 11351 11350
f 11346 11350 11349
f 11341 11349 11348
f 11352 11351 11345
f 11353 11352 11343
f 11348 11353 11342
f 11339 11330 11348
f 11342 11339 11348
f 11343 11342 11353
f 11345 11343 11352
f 11347 11345 11351
f 11349 11353 11348
f 11349 11350 11352
f 11352 11353 11349
f 11352 11350 11351
f 11355 11356 11354
f 11355 11357 11358
f 11358 11356 11355
f 11359 11360 11361
f 11357 11362 11363
f 11362 11364 11361
f 11361 11363 11362
f 11361 11364 11359
f 11363 11358 11357
f 11365 11359 11364
f 11366 11364 11362
f 11367 11362 11357
f 11357 11368 11367
f 11362 11367 11366
f 11364 11366 11365
f 11359 11365 73
f 11369 11370 11358
f 11371 11369 11363
f 11372 11371 11361
f 11373 11372 11360
f 11359 73 11373
f 11360 11359 11373
f 11361 11360 11372
f 11363 11361 11371
f 11358 11363 11369
f 11365 11372 11373
f 11365 11366 11371
f 11371 11372 11365
f 11367 11369 11371
f 11368 11370 11369
f 11373 73 11365
f 11369 11367 11368
f 11371 11366 11367
f 11374 11370 11368
f 11374 11375 11376
f 11377 11379 11374
f 11374 11376 11377
f 11378 11376 11347
f 11376 11378 11377
f 11347 11351 11379
f 11354 11374 11379
f 11370 11374 11356
f 11356 11374 11354
f 11356 11358 11370
f 11378 11380 11377
f 11379 11377 11380
f 11347 11375 11378
f 11380 11375 11374
f 11379 11374 11354
f 11375 11380 11378
f 11374 11379 11380
f 11354 11374 11355
f 11368 11357 11355
f 11355 11374 11368
f 11351 11347 11379
f 11381 11382 11383
f 11382 11384 11385
f 11375 11381 11386
f 11385 11383 11382
f 11387 11388 11385
f 11387 11400 11389
f 11383 11386 11381
f 11389 11388 11387
f 11385 11384 11387
f 11386 11376 11375
f 11390 11400 11387
f 11391 11387 11384
f 11392 11384 11382
f 11393 11382 11381
f 11394 11381 11375
f 11375 11347 11394
f 11381 11394 11393
f 11382 11393 11392
f 11384 11392 11391
f 11387 11391 11390
f 11395 11347 11376
f 11396 11395 11386
f 11397 11396 11383
f 11398 11397 11385
f 11399 11398 11388
f 11388 11389 11399
f 11385 11388 11398
f 11383 11385 11397
f 11386 11383 11396
f 11376 11386 11395
f 11393 11396 11397
f 11394 11395 11396
f 11391 11398 11399
f 11391 11392 11397
f 11396 11393 11394
f 11397 11398 11391
f 11395 11394 11347
f 11397 11392 11393
f 11399 11390 11391
f 11390 11402 11401
f 11401 11400 11390
f 11389 11400 11401
f 11401 11402 11389
f 11402 11399 11389
f 11390 11399 11402
f 11403 11406 11405
f 11405 11406 11404
f 11407 11404 11406
f 11406 11408 11407
f 11404 11409 11405
f 11404 11407 11410
f 11410 11409 11404
f 11405 11413 11403
f 11409 11413 11405
f 11411 11413 11409
f 11409 11410 11411
f 11410 11407 11412
f 11413 11406 11403
f 11408 11406 11413
f 11413 11411 11408
f 11414 11408 11411
f 11410 11414 11411
f 11414 11410 11412
f 11412 11407 11408
f 11408 11414 11412
f 11416 11415 11417
f 11416 11417 11422
f 11417 11415 11422
f 11415 11416 11422
f 11418 11419 11420
f 11423 11424 11421
f 11421 11425 11418
f 11421 11425 11425
f 11423 11418 11420
f 11418 11423 11421
f 11424 11425 11421
f 11423 11420 11419
f 11423 11419 11426
f 11423 11426 11427
f 11424 11427 11428
f 11428 11425 11424
f 11428 11425 11425
f 11425 11429 11430
f 11425 11428 11429
f 11430 11418 11425
f 11424 11423 11427
f 11419 11418 11430
f 11419 11430 11431
f 11431 11430 11429
f 11427 11429 11428
f 11429 11427 11431
f 11431 11427 11426
f 11426 11432 11431
f 11426 11419 11432
f 11419 11431 11432
f 11433 11436 11434
f 11434 11434 11433
f 11434 11435 11433
f 11435 11436 11433
f 11437 11438 11436
f 11437 11438 11438
f 11435 11438 11437
f 11435 11437 11436
f 11439 11440 11438
f 11438 11438 11439
f 11438 11435 11439
f 11439 11435 11440
f 11440 11436 11438
f 11435 11441 11440
f 11435 11434 11441
f 11441 11434 11434
f 11434 11440 11441
f 11434 11436 11440
f 11444 11445 11446
f 11445 11443 11442
f 11447 11446 11442
f 11446 11445 11442
f 11445 11444 11447
f 11447 11444 11446
f 11443 11445 11447
f 11443 11447 11442
f 11454 11455 11448
f 11454 11448 11449
f 11454 11450 11451
f 11449 11450 11454
f 11451 11453 11454
f 11452 11453 11451
f 11452 11451 11456
f 11470 11456 11451
f 11451 11450 11470
f 11469 11470 11450
f 11450 11449 11469
f 11457 11469 11449
f 11449 11448 11457
f 11458 11457 11448
f 11448 11455 11458
f 11456 11459 11452
f 11453 11452 11459
f 11460 11454 11461
f 11462 11461 11463
f 11464 11463 11465
f 11466 11465 11467
f 11467 11468 11466
f 11465 11466 11464
f 11463 11464 11462
f 11461 11462 11460
f 11458 11455 11454
f 11469 11454 11470
f 11470 11454 11456
f 11454 11453 11459
f 11459 11456 11454
f 11469 11457 11454
f 11457 11458 11454
f 11464 11471 11472
f 11466 11473 11471
f 11460 11462 11472
f 11471 11464 11466
f 11468 11474 11473
f 11473 11466 11468
f 11472 11462 11464
f 11465 11463 11475
f 11467 11465 11476
f 11461 11475 11463
f 11475 11476 11465
f 11476 11477 11467
f 11473 11474 11477
f 11471 11473 11476
f 11472 11471 11475
f 11460 11472 11461
f 11461 11454 11460
f 11475 11461 11472
f 11476 11475 11471
f 11477 11476 11473
f 11468 11478 11479
f 11479 11474 11468
f 11480 11478 11468
f 11468 11467 11480
f 11482 11497 11481
f 11482 11611 11497
f 11482 11481 11483
f 11484 11483 11485
f 11486 11485 11487
f 11488 11487 11478
f 11478 11480 11488
f 11487 11488 11486
f 11485 11486 11484
f 11483 11484 11482
f 11487 11485 11489
f 11485 11483 11490
f 11478 11487 11491
f 11490 11489 11485
f 11489 11491 11487
f 11490 11483 11481
f 11491 11479 11478
f 11492 11493 11479
f 11494 11492 11491
f 11495 11494 11489
f 11496 11495 11490
f 11497 11611 11496
f 11496 11481 11497
f 11490 11481 11496
f 11489 11490 11495
f 11491 11489 11494
f 11479 11491 11492
f 11477 11474 11479
f 11479 11493 11477
f 11498 11499 11500
f 11501 11502 11499
f 11499 11498 11501
f 11503 11504 11502
f 11502 11501 11503
f 11467 11477 11504
f 11505 11500 11506
f 11504 11503 11467
f 11500 11505 11498
f 11506 11524 11505
f 11505 11508 11509
f 11509 11507 11505
f 11509 11527 11507
f 11505 11524 11508
f 11505 11507 11510
f 11498 11510 11511
f 11501 11511 11512
f 11503 11512 11480
f 11480 11467 11503
f 11512 11503 11501
f 11511 11501 11498
f 11510 11498 11505
f 11511 11510 11513
f 11510 11507 11514
f 11512 11511 11515
f 11514 11513 11510
f 11480 11512 11516
f 11513 11515 11511
f 11515 11516 11512
f 11527 11514 11507
f 11516 11493 11480
f 11486 11494 11495
f 11488 11492 11494
f 11482 11496 11611
f 11482 11484 11495
f 11494 11486 11488
f 11480 11493 11492
f 11495 11496 11482
f 11492 11488 11480
f 11495 11484 11486
f 11504 11477 11493
f 11502 11504 11516
f 11499 11502 11515
f 11500 11499 11513
f 11514 11517 11518
f 11514 11519 11517
f 11518 11506 11514
f 11514 11527 11519
f 11506 11500 11514
f 11513 11514 11500
f 11515 11513 11499
f 11516 11515 11502
f 11493 11516 11504
f 11521 11523 11522
f 11525 11522 11523
f 11523 11524 11525
f 11506 11525 11524
f 11521 11526 11520
f 11528 11529 11530
f 11531 11532 11529
f 11529 11528 11531
f 11531 11533 11534
f 11534 11532 11531
f 11526 11536 11530
f 11535 11534 11533
f 11530 11536 11528
f 11530 11520 11526
f 11537 11535 11533
f 11538 11533 11531
f 11539 11531 11528
f 11540 11528 11536
f 11541 11542 11543
f 11536 11526 11544
f 11544 11541 11536
f 11544 11542 11541
f 11536 11541 11540
f 11528 11540 11539
f 11531 11539 11538
f 11533 11538 11537
f 11545 11546 11547
f 11545 11548 11546
f 11547 11520 11545
f 11545 11549 11548
f 11545 11543 11549
f 11520 11530 11545
f 11550 11545 11530
f 11551 11550 11529
f 11552 11551 11532
f 11553 11552 11534
f 11534 11535 11553
f 11532 11534 11552
f 11529 11532 11551
f 11530 11529 11550
f 11539 11540 11550
f 11540 11541 11545
f 11539 11551 11552
f 11545 11550 11540
f 11550 11551 11539
f 11537 11538 11552
f 11545 11541 11543
f 11552 11538 11539
f 11552 11553 11537
f 11537 11553 11556
f 11557 11558 11556
f 11554 11555 11558
f 11558 11557 11554
f 11564 11556 11558
f 11559 11537 11556
f 11564 11559 11556
f 11564 11558 11560
f 11560 11566 11561
f 11562 11559 11561
f 11561 11566 11562
f 11558 11555 11563
f 11561 11564 11560
f 11569 11535 11537
f 11537 11562 11569
f 11562 11537 11559
f 11563 11560 11558
f 11535 11569 11563
f 11555 11535 11563
f 11557 11556 11564
f 11556 11559 11564
f 11556 11553 11559
f 11559 11553 11565
f 11565 11566 11567
f 11568 11564 11567
f 11567 11566 11568
f 11553 11535 11569
f 11563 11555 11554
f 11567 11559 11565
f 11563 11535 11555
f 11563 11554 11557
f 11557 11568 11563
f 11568 11557 11564
f 11563 11569 11535
f 11569 11565 11553
f 11563 11568 11560
f 11566 11560 11568
f 11566 11565 11562
f 11569 11562 11565
f 11564 11561 11567
f 11559 11567 11561
f 11521 11520 11547
f 11570 11547 11546
f 11571 11546 11548
f 11523 11521 11570
f 11527 11591 11592
f 11524 11598 11572
f 11509 11580 11573
f 11549 11543 11592
f 11592 11577 11549
f 11591 11527 11574
f 11573 11575 11574
f 11574 11527 11573
f 11575 11573 11608
f 11601 11548 11576
f 11549 11577 11576
f 11576 11548 11549
f 11573 11580 11578
f 11608 11573 11579
f 11578 11580 11606
f 11578 11579 11573
f 11580 11509 11581
f 11509 11508 11582
f 11582 11581 11509
f 11582 11508 11572
f 11602 11571 11601
f 11583 11589 11572
f 11583 11572 11602
f 11570 11584 11585
f 11571 11586 11584
f 11584 11570 11571
f 11571 11602 11586
f 11602 11572 11605
f 11572 11598 11585
f 11585 11605 11572
f 11585 11598 11587
f 11587 11597 11588
f 11588 11523 11587
f 11587 11598 11597
f 11588 11599 11523
f 11598 11524 11599
f 11599 11524 11523
f 11605 11586 11602
f 11585 11587 11570
f 11589 11582 11572
f 11573 11527 11509
f 11572 11508 11524
f 11570 11587 11523
f 11543 11527 11592
f 11548 11601 11571
f 11546 11571 11570
f 11547 11570 11521
f 11506 11518 11598
f 11518 11517 11589
f 11519 11527 11590
f 11522 11593 11594
f 11521 11594 11526
f 11594 11595 11526
f 11595 11601 11544
f 11592 11527 11543
f 11522 11599 11596
f 11596 11593 11522
f 11596 11597 11593
f 11597 11598 11593
f 11522 11525 11599
f 11598 11599 11525
f 11595 11594 11600
f 11594 11593 11585
f 11595 11586 11605
f 11585 11600 11594
f 11600 11586 11595
f 11593 11598 11585
f 11589 11605 11585
f 11585 11598 11589
f 11601 11595 11602
f 11602 11595 11605
f 11589 11517 11604
f 11519 11603 11604
f 11604 11517 11519
f 11608 11542 11607
f 11542 11544 11601
f 11601 11607 11542
f 11606 11603 11609
f 11609 11603 11590
f 11590 11527 11610
f 11610 11527 11591
f 11542 11577 11592
f 11592 11543 11542
f 11577 11542 11608
f 11544 11526 11595
f 11594 11521 11522
f 11592 11591 11527
f 11590 11603 11519
f 11589 11598 11518
f 11598 11525 11506
f 11597 11596 11588
f 11599 11588 11596
f 11586 11600 11584
f 11585 11584 11600
f 11583 11602 11605
f 11606 11583 11605
f 11589 11583 11605
f 11589 11604 11582
f 11604 11603 11581
f 11581 11582 11604
f 11606 11580 11603
f 11580 11581 11603
f 11605 11583 11606
f 11609 11590 11579
f 11579 11578 11609
f 11608 11579 11590
f 11608 11607 11577
f 11607 11601 11576
f 11576 11577 11607
f 11606 11609 11578
f 11575 11608 11590
f 11575 11590 11610
f 11610 11574 11575
f 11591 11574 11610
f 11612 11615 11613
f 11613 11613 11612
f 11613 11614 11612
f 11614 11615 11612
f 11616 11617 11615
f 11616 11617 11617
f 11614 11617 11616
f 11614 11616 11615
f 11618 11619 11617
f 11617 11617 11618
f 11617 11614 11618
f 11618 11614 11619
f 11619 11615 11617
f 11614 11620 11619
f 11614 11613 11620
f 11620 11613 11613
f 11613 11619 11620
f 11613 11615 11619
f 11623 11624 11625
f 11624 11622 11621
f 11626 11625 11621
f 11625 11624 11621
f 11624 11623 11626
f 11626 11623 11625
f 11622 11624 11626
f 11622 11626 11621
f 11628 11627 11629
f 11644 11628 11629
f 11631 11630 11629
f 11629 11647 11642
f 11627 11632 11633
f 11633 11629 11627
f 11635 11630 11631
f 11628 11638 11632
f 11647 11634 11642
f 11633 11631 11629
f 11631 11633 11635
f 11637 11629 11630
f 11635 11639 11630
f 11629 11642 11644
f 11637 11639 11641
f 11630 11639 11637
f 11638 11628 11644
f 11627 11628 11632
f 11637 11647 11629
f 11636 11641 11638
f 11644 11642 11629
f 11629 11642 11647
f 11647 11645 11629
f 11645 11636 11646
f 11646 11644 11629
f 11646 11629 11645
f 11634 11640 11643
f 11643 11642 11634
f 11641 11636 11645
f 11641 11645 11647
f 11647 11637 11641
f 11634 11647 11642
f 11634 11642 11643
f 11643 11640 11634
f 11644 11646 11638
f 11636 11638 11646
f 11632 11638 11646
f 11633 11632 11646
f 11636 11646 11638
f 11635 11633 11646
f 11639 11635 11646
f 11641 11639 11646
f 11638 11641 11636
f 11646 11636 11641
f 11649 11648 11651
f 11663 11649 11651
f 11651 11650 11663
f 11653 11652 11651
f 11648 11654 11655
f 11655 11651 11648
f 11656 11652 11653
f 11649 11659 11654
f 11655 11653 11651
f 11653 11655 11656
f 11658 11651 11652
f 11659 11657 11665
f 11656 11661 11652
f 11658 11661 11662
f 11652 11661 11658
f 11659 11649 11663
f 11648 11649 11654
f 11658 11660 11651
f 11665 11662 11659
f 11660 11663 11651
f 11665 11657 11659
f 11651 11663 11660
f 11663 11665 11659
f 11660 11664 11651
f 11664 11650 11651
f 11665 11663 11650
f 11665 11650 11664
f 11662 11665 11664
f 11662 11664 11660
f 11660 11658 11662
f 11655 11654 11659
f 11656 11655 11659
f 11661 11656 11659
f 11662 11661 11659
f 11659 11662 11665
f 11659 11665 11662
f 2921 2924 2923
f 2911 2909 2908
f 2927 2913 2912
f 2927 2919 2918
f 2927 2921 2920
f 2921 2925 2924
f 2921 2927 2926
f 2911 2910 2909
f 2927 2914 2913
f 2927 2916 2915
f 2920 2919 2927
f 2926 2925 2921
f 2912 2911 2927
f 2927 2917 2916
f 2923 2922 2921
f 2915 2914 2927
f 2908 2927 2911
f 2918 2917 2927
f 2914 2915 11666
f 2913 2914 11666
f 11666 2912 2913
f 11666 2911 2912
f 2917 2918 11666
f 2916 2917 11666
f 2915 2916 11666
f 11666 2908 2909
f 11666 2909 2910
f 11666 2910 2911
f 2924 2925 11666
f 2923 2924 11666
f 11666 2922 2923
f 11666 2921 2922
f 2927 2908 11666
f 2926 2927 11666
f 2925 2926 11666
f 11666 2918 2919
f 11666 2919 2920
f 11666 2920 2921

