# https://github.com/mikedh/trimesh
v -0.01060241 -0.00059134 0.03046259
v -0.01879170 -0.00057051 0.03776983
v -0.01767594 -0.00296171 0.02609193
v -0.01879832 -0.00298992 0.02637969
v -0.01973724 -0.00283792 0.02709972
v -0.02053355 -0.00289108 0.02751676
v -0.02022565 -0.00303710 0.02698998
v -0.02087230 -0.00284928 0.02784852
v -0.02178334 -0.00300870 0.02851015
v -0.02134003 -0.00301885 0.02796390
v -0.02121086 -0.00302132 0.02783315
v -0.02201153 -0.00278947 0.02958185
v -0.02224063 -0.00299719 0.02925435
v -0.02236516 -0.00299348 0.02948997
v -0.02233703 -0.00288650 0.02988849
v -0.02232943 -0.00277833 0.03037271
v -0.02265057 -0.00298314 0.03021699
v -0.02257426 -0.00287667 0.03059463
v -0.02263903 -0.00219368 0.03108439
v -0.02258836 -0.00276123 0.03160764
v -0.02296210 -0.00296233 0.03184788
v -0.02296501 -0.00295951 0.03207068
v -0.02260931 -0.00275450 0.03204060
v -0.02260938 -0.00275396 0.03207784
v -0.02296600 -0.00295855 0.03214663
v -0.02276731 -0.00261545 0.03233403
v -0.02296926 -0.00295537 0.03239674
v -0.02277208 -0.00284893 0.03264398
v -0.02294962 -0.00295196 0.03265695
v -0.02259455 -0.00274591 0.03263101
v -0.02258828 -0.00274488 0.03270229
v -0.02292888 -0.00294836 0.03293153
v -0.02275858 -0.00284662 0.03281691
v -0.02271754 -0.00281912 0.03300662
v -0.02270322 -0.00284107 0.03320976
v -0.02287856 -0.00294414 0.03323913
v -0.02252788 -0.00273800 0.03318039
v -0.02248281 -0.00273432 0.03343751
v -0.02283079 -0.00294021 0.03352414
v -0.02247615 -0.00273378 0.03347547
v -0.02278274 -0.00293759 0.03370502
v -0.02241043 -0.00273031 0.03372115
v -0.02275426 -0.00293603 0.03381223
v -0.02267542 -0.00288499 0.03376266
v -0.02267945 -0.00293194 0.03409388
v -0.02233464 -0.00272630 0.03400450
v -0.02243171 -0.00282611 0.03425713
v -0.02213391 -0.00281593 0.03495672
v -0.02235037 -0.00291987 0.03491177
v -0.02203023 -0.00271556 0.03475913
v -0.02199853 -0.00271455 0.03482836
v -0.02226929 -0.00291730 0.03508508
v -0.02198374 -0.00278171 0.03523357
v -0.02060868 -0.00263783 0.03675164
v -0.02126434 -0.00289321 0.03652378
v -0.01995999 -0.00267064 0.03716233
v -0.01926751 -0.00268901 0.03774257
v -0.01935965 -0.00273903 0.03770948
v -0.02028553 -0.00288038 0.03738034
v -0.01815198 -0.00243116 0.03828322
v -0.01769398 -0.00276286 0.03832633
v -0.01668210 -0.00272615 0.03837600
v -0.01653658 -0.00266763 0.03830113
v -0.01541536 -0.00281291 0.03838793
v -0.01502661 -0.00270214 0.03810007
v -0.01523068 -0.00260119 0.03796985
v -0.01497886 -0.00280537 0.03827242
v -0.01507435 -0.00259891 0.03792772
v -0.01407613 -0.00245992 0.03785098
v -0.01442148 -0.00279715 0.03809011
v -0.01452990 -0.00259102 0.03774970
v -0.01429610 -0.00279527 0.03804298
v -0.01369722 -0.00257966 0.03736610
v -0.01352340 -0.00278184 0.03767214
v -0.01310885 -0.00267353 0.03718874
v -0.01299097 -0.00267154 0.03710205
v -0.01243859 -0.00255761 0.03641564
v -0.01216059 -0.00276190 0.03664285
v -0.01163562 -0.00253656 0.03539504
v -0.01125166 -0.00274446 0.03546818
v -0.01105691 -0.00256649 0.03458228
v -0.01083363 -0.00253943 0.03380328
v -0.01077703 -0.00272655 0.03445416
v -0.01069266 -0.00235328 0.03357460
v -0.01081198 -0.00250756 0.03330242
v -0.01074675 -0.00250144 0.03285064
v -0.01044354 -0.00271264 0.03330272
v -0.01053807 -0.00233232 0.03205840
v -0.01072578 -0.00248578 0.03174619
v -0.01035057 -0.00269387 0.03193408
v -0.01059691 -0.00232220 0.03134543
v -0.01055392 -0.00235119 0.03127380
v -0.01054063 -0.00267767 0.03067016
v -0.01082277 -0.00230888 0.03035963
v -0.01187279 -0.00243919 0.02866288
v -0.01171527 -0.00228531 0.02845536
v -0.01089987 -0.00266186 0.02960142
v -0.01128691 -0.00245443 0.02964226
v -0.01098415 -0.00230182 0.02990430
v -0.01106303 -0.00246249 0.03017942
v -0.01188946 -0.00227837 0.02835684
v -0.01218849 -0.00243243 0.02827001
v -0.01194628 -0.00263596 0.02798028
v -0.01303974 -0.00227910 0.02728161
v -0.01304950 -0.00261734 0.02702754
v -0.01327436 -0.00235359 0.02688380
v -0.01381229 -0.00240264 0.02697267
v -0.01492917 -0.00238505 0.02649188
v -0.01408559 -0.00260425 0.02642492
v -0.01531934 -0.00258488 0.02602448
v -0.01600743 -0.00278837 0.02618410
v -0.01706271 -0.00256128 0.02596745
v -0.01675051 -0.00236037 0.02638850
v -0.01694290 -0.00235773 0.02638269
v -0.01733782 -0.00255768 0.02596088
v -0.01715695 -0.00224863 0.02605218
v -0.01777471 -0.00234556 0.02635914
v -0.01817771 -0.00254303 0.02604944
v -0.01932477 -0.00242641 0.02667702
v -0.01985148 -0.00241851 0.02696716
v -0.02051844 -0.00240452 0.02742630
v -0.02058585 -0.00234842 0.02755416
v -0.02136872 -0.00249562 0.02800059
v -0.02162536 -0.00242130 0.02850577
v -0.02180676 -0.00227539 0.02920173
v -0.02208196 -0.00248217 0.02896290
v -0.02211357 -0.00208619 0.02950669
v -0.02233625 -0.00213283 0.02977121
v -0.02224510 -0.00226019 0.03012878
v -0.02260665 -0.00246603 0.03007459
v -0.02272961 -0.00245985 0.03049074
v -0.02241794 -0.00225175 0.03070638
v -0.02276340 -0.00245805 0.03061681
v -0.02291128 -0.00283432 0.03155054
v -0.02247666 -0.00224861 0.03092607
v -0.02256477 -0.00224186 0.03142717
v -0.02291359 -0.00244767 0.03135146
v -0.02277720 -0.00233908 0.03181269
v -0.02296429 -0.00243983 0.03192039
v -0.02260954 -0.00223538 0.03192203
v -0.02278657 -0.00259442 0.03220538
v -0.02261006 -0.00222803 0.03247956
v -0.02274671 -0.00232432 0.03292371
v -0.02291104 -0.00242478 0.03305947
v -0.02256201 -0.00222100 0.03300593
v -0.02265418 -0.00231674 0.03348634
v -0.02249903 -0.00216754 0.03392699
v -0.02257208 -0.00255947 0.03424775
v -0.02214203 -0.00219791 0.03452483
v -0.02214807 -0.00229598 0.03492374
v -0.02231909 -0.00239955 0.03498235
v -0.02204425 -0.00219463 0.03472657
v -0.02222640 -0.00239680 0.03517284
v -0.02190985 -0.00219019 0.03500368
v -0.02160220 -0.00218094 0.03553276
v -0.02196293 -0.00238939 0.03563671
v -0.02137994 -0.00227643 0.03610644
v -0.02096982 -0.00216833 0.03630840
v -0.02123474 -0.00237307 0.03654402
v -0.02086032 -0.00226622 0.03665813
v -0.02056456 -0.00216092 0.03669575
v -0.02051595 -0.00221009 0.03684651
v -0.02030608 -0.00227690 0.03717183
v -0.02019663 -0.00225481 0.03720468
v -0.01975419 -0.00222796 0.03745049
v -0.01971476 -0.00224721 0.03751165
v -0.01980313 -0.00234952 0.03766548
v -0.01962639 -0.00214489 0.03735783
v -0.01970265 -0.00234812 0.03771937
v -0.01898162 -0.00223634 0.03786958
v -0.01792034 -0.00211858 0.03804031
v -0.01853797 -0.00233237 0.03822869
v -0.01617521 -0.00216197 0.03825827
v -0.01570665 -0.00220362 0.03829966
v -0.01469653 -0.00195589 0.03795427
v -0.01402221 -0.00206315 0.03753172
v -0.01378848 -0.00216416 0.03762944
v -0.01299889 -0.00225617 0.03733335
v -0.01219117 -0.00224131 0.03665105
v -0.01212783 -0.00197840 0.03625330
v -0.01196625 -0.00202615 0.03585795
v -0.01155846 -0.00222722 0.03590575
v -0.01139588 -0.00215324 0.03545108
v -0.01133966 -0.00185680 0.03523176
v -0.01129213 -0.00200885 0.03477869
v -0.01072655 -0.00200914 0.03315679
v -0.01080068 -0.00220907 0.03457971
v -0.01041855 -0.00218835 0.03306377
v -0.01037564 -0.00216908 0.03168130
v -0.01051966 -0.00236617 0.03258869
v -0.01071755 -0.00196093 0.03148178
v -0.01039381 -0.00218602 0.03289527
v -0.01074524 -0.00214657 0.03001230
v -0.01096002 -0.00213977 0.02949931
v -0.01163275 -0.00192408 0.02901474
v -0.01191227 -0.00191696 0.02861180
v -0.01403285 -0.00192196 0.02675140
v -0.01269970 -0.00226235 0.02752652
v -0.01223210 -0.00227137 0.02795252
v -0.01274648 -0.00189871 0.02770028
v -0.01188527 -0.00211797 0.02807623
v -0.01224042 -0.00222083 0.02808898
v -0.01398861 -0.00224082 0.02668768
v -0.01431134 -0.00166370 0.02668203
v -0.01408450 -0.00208071 0.02644114
v -0.01439008 -0.00200813 0.02643484
v -0.01506779 -0.00186418 0.02646129
v -0.01711771 -0.00183705 0.02626650
v -0.01586852 -0.00205729 0.02596279
v -0.01769307 -0.00182629 0.02633639
v -0.01758111 -0.00203475 0.02595472
v -0.01821317 -0.00181949 0.02645070
v -0.01817396 -0.00226157 0.02635566
v -0.01840909 -0.00202234 0.02613768
v -0.01846174 -0.00212347 0.02643237
v -0.01936044 -0.00183855 0.02681496
v -0.01926155 -0.00201017 0.02645510
v -0.02005805 -0.00179059 0.02730898
v -0.01972983 -0.00196013 0.02677034
v -0.02031973 -0.00199554 0.02705771
v -0.02011183 -0.00178960 0.02734984
v -0.02050816 -0.00199253 0.02720247
v -0.02035694 -0.00189020 0.02731181
v -0.02071753 -0.00156981 0.02741864
v -0.02066307 -0.00188473 0.02755740
v -0.02078017 -0.00198801 0.02742156
v -0.02054596 -0.00178144 0.02769324
v -0.02076809 -0.00177704 0.02789429
v -0.02093259 -0.00187961 0.02780257
v -0.02125354 -0.00176669 0.02839413
v -0.02179344 -0.00175530 0.02917978
v -0.02168086 -0.00197164 0.02834571
v -0.02228121 -0.00184796 0.02974416
v -0.02247825 -0.00184075 0.03025517
v -0.02255160 -0.00209670 0.03052225
v -0.02277344 -0.00193669 0.03063273
v -0.02241689 -0.00173290 0.03066924
v -0.02274647 -0.00182507 0.03141353
v -0.02267231 -0.00176983 0.03162041
v -0.02295467 -0.00192294 0.03172491
v -0.02259803 -0.00171651 0.03175068
v -0.02287422 -0.00186768 0.03200565
v -0.02276347 -0.00179237 0.03214813
v -0.02293803 -0.00190790 0.03284585
v -0.02256848 -0.00170008 0.03293694
v -0.02287994 -0.00190262 0.03323036
v -0.02252033 -0.00169580 0.03322134
v -0.02285502 -0.00190030 0.03339230
v -0.02277757 -0.00184976 0.03330908
v -0.02248605 -0.00169299 0.03342910
v -0.02284758 -0.00189961 0.03344061
v -0.02275621 -0.00189441 0.03380356
v -0.02241303 -0.00168914 0.03371314
v -0.02237222 -0.00168699 0.03387194
v -0.02265744 -0.00188945 0.03414835
v -0.02224787 -0.00168192 0.03424124
v -0.02258303 -0.00188634 0.03436382
v -0.02253645 -0.00183679 0.03422544
v -0.02250896 -0.00181907 0.03426250
v -0.02207851 -0.00167601 0.03465816
v -0.02192677 -0.00167150 0.03497981
v -0.02222603 -0.00187461 0.03517754
v -0.02187849 -0.00158112 0.03566741
v -0.02138708 -0.00165657 0.03582083
v -0.02144392 -0.00185695 0.03632091
v -0.02110572 -0.00141118 0.03627619
v -0.02006213 -0.00163107 0.03708959
v -0.02051289 -0.00184137 0.03722179
v -0.01909107 -0.00161449 0.03764502
v -0.01989019 -0.00199960 0.03756586
v -0.01880003 -0.00181255 0.03813080
v -0.01742055 -0.00159056 0.03810116
v -0.01795517 -0.00180258 0.03838017
v -0.01714274 -0.00166846 0.03827454
v -0.01671785 -0.00166431 0.03829242
v -0.01595008 -0.00162196 0.03819375
v -0.01521235 -0.00176604 0.03834500
v -0.01452642 -0.00162339 0.03780155
v -0.01562088 -0.00156543 0.03805892
v -0.01562092 -0.00156543 0.03805892
v -0.01583926 -0.00177595 0.03845505
v -0.01617007 -0.00157324 0.03813053
v -0.01642698 -0.00171467 0.03838469
v -0.01373998 -0.00174539 0.03778638
v -0.01389096 -0.00174741 0.03786173
v -0.01376533 -0.00153911 0.03740064
v -0.01334740 -0.00173941 0.03756491
v -0.01356255 -0.00153584 0.03727534
v -0.01347223 -0.00153439 0.03721953
v -0.01316788 -0.00165711 0.03713094
v -0.01303558 -0.00173369 0.03735394
v -0.01263552 -0.00193647 0.03693307
v -0.01234751 -0.00151195 0.03631933
v -0.01227270 -0.00185595 0.03652264
v -0.01166452 -0.00171085 0.03605060
v -0.01167861 -0.00186532 0.03576052
v -0.01168455 -0.00152294 0.03559820
v -0.01093441 -0.00169115 0.03484777
v -0.01097443 -0.00147559 0.03398378
v -0.01093531 -0.00184331 0.03437225
v -0.01064439 -0.00168097 0.03408160
v -0.01049558 -0.00167248 0.03352273
v -0.01053276 -0.00161782 0.03322220
v -0.01061212 -0.00154225 0.03291480
v -0.01070264 -0.00145305 0.03232901
v -0.01035911 -0.00165898 0.03246917
v -0.01035753 -0.00165325 0.03196682
v -0.01061585 -0.00151417 0.03155084
v -0.01079226 -0.00162472 0.02989804
v -0.01054402 -0.00163529 0.03063999
v -0.01100571 -0.00129342 0.03008303
v -0.01134996 -0.00203047 0.02915140
v -0.01169554 -0.00140263 0.02889592
v -0.01132543 -0.00177051 0.02912992
v -0.01134911 -0.00160774 0.02879998
v -0.01162420 -0.00176269 0.02871575
v -0.01164117 -0.00160112 0.02838129
v -0.01180128 -0.00159794 0.02818731
v -0.01215115 -0.00159136 0.02778668
v -0.01240356 -0.00151927 0.02767799
v -0.01326371 -0.00145697 0.02712438
v -0.01366977 -0.00156713 0.02664347
v -0.01398336 -0.00146029 0.02669062
v -0.01461915 -0.00155223 0.02623143
v -0.01497051 -0.00187386 0.02616837
v -0.01511127 -0.00134200 0.02643880
v -0.01565586 -0.00153795 0.02597224
v -0.01597915 -0.00153368 0.02593493
v -0.01591252 -0.00133137 0.02629736
v -0.01615611 -0.00153135 0.02591451
v -0.01645890 -0.00132360 0.02624560
v -0.01605098 -0.00148194 0.02601533
v -0.01634569 -0.00152763 0.02590117
v -0.01743253 -0.00149185 0.02596537
v -0.01760202 -0.00130724 0.02632064
v -0.01783720 -0.00130347 0.02636691
v -0.01851272 -0.00129253 0.02653358
v -0.01946568 -0.00127913 0.02694614
v -0.01923643 -0.00149074 0.02640488
v -0.02033880 -0.00126585 0.02750227
v -0.02134051 -0.00129966 0.02836182
v -0.02174059 -0.00123526 0.02908653
v -0.02195792 -0.00144289 0.02874824
v -0.02234234 -0.00111823 0.02967572
v -0.02247594 -0.00142903 0.02974509
v -0.02229813 -0.00106526 0.02978678
v -0.02251657 -0.00130146 0.03045949
v -0.02245666 -0.00120901 0.03083415
v -0.02280861 -0.00141376 0.03077901
v -0.02267406 -0.00143873 0.03102424
v -0.02289632 -0.00140657 0.03124965
v -0.02289061 -0.00105259 0.03158940
v -0.02257814 -0.00119932 0.03156603
v -0.02260027 -0.00119634 0.03178860
v -0.02294442 -0.00140020 0.03176498
v -0.02270421 -0.00111343 0.03365029
v -0.02284158 -0.00137959 0.03344361
v -0.02276080 -0.00098024 0.03314167
v -0.02282775 -0.00114163 0.03290917
v -0.02279669 -0.00115476 0.03272185
v -0.02246509 -0.00136259 0.03467018
v -0.02241796 -0.00123210 0.03416741
v -0.02251188 -0.00126772 0.03402958
v -0.02175206 -0.00124018 0.03564607
v -0.02158738 -0.00097987 0.03584185
v -0.02134559 -0.00113507 0.03587424
v -0.02141401 -0.00149606 0.03606299
v -0.02093007 -0.00124575 0.03665889
v -0.02040035 -0.00106857 0.03708336
v -0.01976113 -0.00110582 0.03728235
v -0.01991234 -0.00130993 0.03760815
v -0.01755547 -0.00130230 0.03819736
v -0.01852996 -0.00129069 0.03822584
v -0.01703224 -0.00106583 0.03816142
v -0.01601458 -0.00105147 0.03811760
v -0.01684891 -0.00126595 0.03852750
v -0.01513412 -0.00103795 0.03795726
v -0.01491571 -0.00124282 0.03826790
v -0.01469942 -0.00123916 0.03819377
v -0.01460936 -0.00113178 0.03798048
v -0.01380617 -0.00122693 0.03782328
v -0.01394282 -0.00101999 0.03749190
v -0.01357980 -0.00132710 0.03738740
v -0.01363397 -0.00122430 0.03773012
v -0.01380694 -0.00101761 0.03741423
v -0.01362639 -0.00101469 0.03730986
v -0.01344269 -0.00115107 0.03748495
v -0.01271200 -0.00120903 0.03711736
v -0.01272975 -0.00115694 0.03701429
v -0.01260668 -0.00099787 0.03655715
v -0.01207057 -0.00119690 0.03652782
v -0.01172964 -0.00103195 0.03570150
v -0.01130691 -0.00096788 0.03480754
v -0.01100905 -0.00095524 0.03404667
v -0.01096950 -0.00095361 0.03393616
v -0.01086604 -0.00116965 0.03476910
v -0.01064369 -0.00103141 0.03322688
v -0.01072088 -0.00093465 0.03256041
v -0.01036696 -0.00114036 0.03263866
v -0.01045218 -0.00082010 0.03194603
v -0.01048206 -0.00071518 0.03181802
v -0.01038959 -0.00112553 0.03153100
v -0.01078809 -0.00091677 0.03122349
v -0.01050211 -0.00111677 0.03086945
v -0.01082425 -0.00091430 0.03104761
v -0.01052710 -0.00111511 0.03074142
v -0.01079029 -0.00100553 0.03042188
v -0.01084892 -0.00100567 0.03025646
v -0.01088999 -0.00110075 0.02965159
v -0.01123093 -0.00089454 0.02976236
v -0.01106247 -0.00085086 0.02950354
v -0.01144970 -0.00088729 0.02932545
v -0.01148025 -0.00105494 0.02868289
v -0.01186914 -0.00071576 0.02838257
v -0.01206572 -0.00087204 0.02841775
v -0.01185544 -0.00107703 0.02812004
v -0.01220137 -0.00126742 0.02816821
v -0.01241095 -0.00070550 0.02778763
v -0.01323697 -0.00085128 0.02731207
v -0.01261172 -0.00106222 0.02735516
v -0.01323289 -0.00105164 0.02690645
v -0.01398678 -0.00097965 0.02659937
v -0.01477851 -0.00103045 0.02617359
v -0.01554287 -0.00084249 0.02627803
v -0.01615723 -0.00101152 0.02590562
v -0.01705915 -0.00079401 0.02625926
v -0.01760681 -0.00078669 0.02632022
v -0.01735953 -0.00099601 0.02591675
v -0.01809409 -0.00090126 0.02619821
v -0.01914082 -0.00088236 0.02656084
v -0.01952639 -0.00075728 0.02698029
v -0.02021709 -0.00074537 0.02742241
v -0.02029747 -0.00095602 0.02702172
v -0.02126563 -0.00079117 0.02822599
v -0.02153371 -0.00093147 0.02819482
v -0.02156248 -0.00078314 0.02863669
v -0.02193498 -0.00083918 0.02898668
v -0.02206680 -0.00070651 0.02970080
v -0.02237152 -0.00069300 0.03048830
v -0.02256295 -0.00113751 0.03010885
v -0.02278804 -0.00089514 0.03067814
v -0.02261979 -0.00092820 0.03097330
v -0.02259937 -0.00067543 0.03176981
v -0.02285400 -0.00117233 0.03270224
v -0.02270075 -0.00098027 0.03227791
v -0.02254814 -0.00065610 0.03313702
v -0.02251756 -0.00150473 0.03384113
v -0.02245351 -0.00073089 0.03414209
v -0.02258416 -0.00084508 0.03435464
v -0.02225219 -0.00064105 0.03423382
v -0.02220656 -0.00063920 0.03436323
v -0.02249689 -0.00084170 0.03459589
v -0.02240463 -0.00076642 0.03446231
v -0.02207218 -0.00063478 0.03470138
v -0.02223109 -0.00083419 0.03517988
v -0.02162919 -0.00062079 0.03548569
v -0.02161636 -0.00082051 0.03610661
v -0.02097814 -0.00067304 0.03647583
v -0.02098613 -0.00075729 0.03666421
v -0.02092673 -0.00080658 0.03684971
v -0.02068527 -0.00060016 0.03658603
v -0.02027476 -0.00059298 0.03693003
v -0.02002360 -0.00068984 0.03732113
v -0.01997032 -0.00068898 0.03735821
v -0.01956393 -0.00065277 0.03754419
v -0.01895528 -0.00109482 0.03795027
v -0.01815274 -0.00076156 0.03834571
v -0.01766126 -0.00055404 0.03807070
v -0.01728458 -0.00054746 0.03811596
v -0.01732177 -0.00075362 0.03846987
v -0.01728571 -0.00054747 0.03811588
v -0.01730374 -0.00065054 0.03829288
v -0.01640151 -0.00061100 0.03827937
v -0.01689552 -0.00074824 0.03850457
v -0.01721087 -0.00064937 0.03830043
v -0.01713715 -0.00075129 0.03848489
v -0.01601554 -0.00100977 0.03839219
v -0.01564329 -0.00052442 0.03806298
v -0.01527386 -0.00054128 0.03806490
v -0.01489899 -0.00072111 0.03824914
v -0.01157559 -0.00059384 0.03573456
v -0.01237878 -0.00057757 0.03657848
v -0.01276417 -0.00076659 0.03704506
v -0.01311820 -0.00085099 0.03719341
v -0.01325242 -0.00036712 0.03736544
v -0.01439844 -0.00068962 0.03808206
v -0.01165406 -0.00045593 0.03540726
v -0.01161897 -0.00045505 0.03535119
v -0.01148649 -0.00045173 0.03513948
v -0.01103930 -0.00065321 0.03505827
v -0.01102977 -0.00057537 0.03476300
v -0.01101523 -0.00043632 0.03408052
v -0.01077940 -0.00053513 0.03391419
v -0.01072691 -0.00041835 0.03285154
v -0.01044702 -0.00062728 0.03329382
v -0.01035658 -0.00061586 0.03239078
v -0.01073218 -0.00040182 0.03175622
v -0.01066485 -0.00044951 0.03145978
v -0.01062662 -0.00078020 0.03091344
v -0.01053648 -0.00059474 0.03068753
v -0.01097214 -0.00038296 0.03045269
v -0.01084032 -0.00053689 0.02998283
v -0.01156439 -0.00039170 0.02899547
v -0.01149779 -0.00072425 0.02890653
v -0.01238701 -0.00034285 0.02801138
v -0.01143115 -0.00056460 0.02867429
v -0.01198159 -0.00055385 0.02796657
v -0.01257685 -0.00054222 0.02738962
v -0.01325233 -0.00042022 0.02709849
v -0.01422426 -0.00067570 0.02658077
v -0.01495033 -0.00030454 0.02648267
v -0.01491245 -0.00050594 0.02612906
v -0.01559023 -0.00039600 0.02616335
v -0.01609061 -0.00077373 0.02623199
v -0.01635865 -0.00012521 0.02608093
v -0.01614702 -0.00049036 0.02591587
v -0.01617594 -0.00028602 0.02626807
v -0.01634657 -0.00028354 0.02625778
v -0.01654093 -0.00028070 0.02624605
v -0.01672912 -0.00027796 0.02625118
v -0.01661588 -0.00048456 0.02589020
v -0.01708991 -0.00027270 0.02626102
v -0.01716914 -0.00047790 0.02590932
v -0.01709217 -0.00027267 0.02626109
v -0.01722992 -0.00047714 0.02591673
v -0.01728150 -0.00026990 0.02628368
v -0.01731879 -0.00047604 0.02592756
v -0.01742126 -0.00052860 0.02629937
v -0.01759757 -0.00036874 0.02613969
v -0.01797994 -0.00026592 0.02621663
v -0.01817956 -0.00025688 0.02644306
v -0.01824565 -0.00046382 0.02609051
v -0.01864231 -0.00035411 0.02639970
v -0.01890408 -0.00024705 0.02667928
v -0.01906503 -0.00045258 0.02636339
v -0.01934820 -0.00034367 0.02669249
v -0.01951774 -0.00034208 0.02676773
v -0.02003599 -0.00059278 0.02708434
v -0.02006331 -0.00022933 0.02731053
v -0.02020050 -0.00043396 0.02697718
v -0.02061817 -0.00042728 0.02728551
v -0.02043450 -0.00022256 0.02759155
v -0.02087406 -0.00037084 0.02762735
v -0.02113622 -0.00020719 0.02826698
v -0.02154523 -0.00019909 0.02879606
v -0.02152014 -0.00041103 0.02814882
v -0.02189645 -0.00029627 0.02900986
v -0.02201394 -0.00018631 0.02958472
v -0.02233316 -0.00017382 0.03038234
v -0.02268618 -0.00037931 0.03018653
v -0.02251621 -0.00016496 0.03109630
v -0.02271427 -0.00023431 0.03155527
v -0.02268564 -0.00017803 0.03179136
v -0.02296946 -0.00035401 0.03215602
v -0.02295283 -0.00034739 0.03268265
v -0.02266858 -0.00026535 0.03373277
v -0.02225065 -0.00018158 0.03460255
v -0.02196662 -0.00022243 0.03532186
v -0.02193299 -0.00030519 0.03566022
v -0.02163447 -0.00010077 0.03546406
v -0.02183701 -0.00030291 0.03579689
v -0.02160593 -0.00010012 0.03550519
v -0.02172147 -0.00020152 0.03565104
v -0.02159537 -0.00019769 0.03583964
v -0.02126721 -0.00031202 0.03603253
v -0.02070669 -0.00008097 0.03657306
v -0.02111188 -0.00028781 0.03667258
v -0.02071390 -0.00049141 0.03691040
v -0.02041853 0.00060509 0.03703708
v -0.02010134 -0.00027259 0.03749691
v -0.01974488 -0.00006300 0.03729313
v -0.01949780 -0.00026306 0.03782950
v -0.01914808 -0.00005337 0.03760139
v -0.01929656 -0.00026013 0.03792405
v -0.01833562 -0.00012455 0.03808875
v -0.01374042 -0.00034080 0.03758216
v -0.01357380 0.00022276 0.03743533
v -0.01407645 -0.00008417 0.03775716
v -0.01402356 0.00059460 0.03785150
v -0.01421116 -0.00019144 0.03800669
v -0.01448476 -0.00011642 0.03797901
v -0.01493690 -0.00020145 0.03826797
v -0.01517190 0.00012041 0.03809403
v -0.01614327 -0.00013950 0.03835379
v -0.01779485 -0.00013230 0.03824915
v -0.01798031 -0.00003681 0.03800207
v -0.01810305 -0.00016277 0.03820544
v -0.01254320 -0.00008079 0.03658045
v -0.01212837 -0.00005096 0.03632476
v -0.01214189 0.00005203 0.03607369
v -0.01197218 -0.00036163 0.03627515
v -0.01116636 -0.00013615 0.03529326
v -0.01142810 -0.00014243 0.03571941
v -0.01139369 0.00007261 0.03498687
v -0.01181163 0.00000126 0.03582127
v -0.01176871 -0.00014924 0.03617714
v -0.01114700 -0.00013569 0.03526175
v -0.01122904 -0.00036775 0.03483057
v -0.01079195 0.00009501 0.03335598
v -0.01068941 -0.00012198 0.03427020
v -0.01044945 -0.00010813 0.03329446
v -0.01037401 -0.00009954 0.03269030
v -0.01036539 -0.00009686 0.03249772
v -0.01035520 -0.00009365 0.03226822
v -0.01070862 0.00011243 0.03210015
v -0.01036626 -0.00008900 0.03191124
v -0.01071458 0.00011475 0.03192720
v -0.01036728 -0.00008857 0.03187831
v -0.01062625 0.00006333 0.03195953
v -0.01071619 0.00011538 0.03188068
v -0.01039708 -0.00008456 0.03145845
v -0.01068010 0.00002719 0.03087670
v -0.01070695 0.00002631 0.03021448
v -0.01095533 0.00030074 0.02997738
v -0.01145497 0.00015610 0.02930258
v -0.01116509 -0.00005100 0.02909079
v -0.01197975 0.00035041 0.02819873
v -0.01242960 0.00033578 0.02776913
v -0.01275534 0.00034157 0.02747947
v -0.01307022 0.00018739 0.02744958
v -0.01241562 -0.00002507 0.02750083
v -0.01330623 0.00009558 0.02706592
v -0.01403067 0.00050934 0.02671575
v -0.01399936 0.00000047 0.02648085
v -0.01440817 0.00007507 0.02643438
v -0.01503114 0.00021983 0.02647025
v -0.01510696 0.00001639 0.02607840
v -0.01593068 0.00023216 0.02629142
v -0.01624727 -0.00014988 0.02610346
v -0.01671923 0.00040013 0.02607322
v -0.01656567 0.00003556 0.02589073
v -0.01702203 0.00004185 0.02590360
v -0.01760563 0.00004967 0.02596351
v -0.01711420 0.00004311 0.02590760
v -0.01700187 0.00024630 0.02625489
v -0.01699041 0.00024614 0.02625373
v -0.01709786 0.00004289 0.02590574
v -0.01754492 0.00025356 0.02631027
v -0.01764356 0.00005018 0.02596783
v -0.01789051 0.00005342 0.02601774
v -0.01771580 0.00025601 0.02634373
v -0.01818144 0.00005724 0.02607655
v -0.01851976 0.00026889 0.02653411
v -0.01876692 0.00006527 0.02624370
v -0.01961301 0.00015188 0.02676654
v -0.01988775 0.00018511 0.02699218
v -0.02000119 0.00029192 0.02727137
v -0.02020013 0.00008515 0.02697366
v -0.02031627 -0.00006817 0.02728219
v -0.02060259 0.00025773 0.02746644
v -0.02106857 0.00020569 0.02794172
v -0.02111197 0.00031152 0.02824255
v -0.02155866 0.00011001 0.02822101
v -0.02197012 0.00011998 0.02879042
v -0.02210744 0.00017648 0.02919988
v -0.02194142 0.00033177 0.02944496
v -0.02257016 0.00023021 0.03009754
v -0.02246886 0.00035513 0.03084859
v -0.02287681 0.00014958 0.03105373
v -0.02269473 0.00032304 0.03189861
v -0.02296786 0.00016826 0.03232132
v -0.02295089 0.00017256 0.03263008
v -0.02254483 0.00038473 0.03315021
v -0.02234233 0.00039705 0.03398727
v -0.02286461 0.00018355 0.03341095
v -0.02210993 0.00040614 0.03459714
v -0.02246709 0.00019935 0.03467541
v -0.02195790 0.00028831 0.03538275
v -0.02130791 0.00029527 0.03629825
v -0.02180183 0.00021717 0.03586343
v -0.02148018 0.00042554 0.03570865
v -0.02045947 0.00044464 0.03678254
v -0.02071854 0.00023880 0.03702893
v -0.02003383 0.00045184 0.03710608
v -0.02022567 0.00024756 0.03740381
v -0.01942905 0.00004965 0.03776080
v -0.01891257 0.00062845 0.03789601
v -0.01926237 0.00050702 0.03785772
v -0.01859910 0.00027069 0.03820715
v -0.01715729 0.00072135 0.03834930
v -0.01763882 0.00028406 0.03843897
v -0.01705299 0.00040141 0.03830137
v -0.01585578 0.00045287 0.03822675
v -0.01590510 0.00002320 0.03831084
v -0.01517363 0.00031809 0.03832893
v -0.01497548 0.00058264 0.03815886
v -0.01452005 0.00035084 0.03784268
v -0.01406284 0.00053934 0.03754937
v -0.01390800 0.00033489 0.03786790
v -0.01398687 0.00054060 0.03751064
v -0.01372580 0.00033739 0.03777881
v -0.01388217 0.00038695 0.03775631
v -0.01289008 0.00055789 0.03683037
v -0.01313255 0.00034588 0.03742786
v -0.01292305 0.00001148 0.03715732
v -0.01273310 0.00035233 0.03713567
v -0.01196416 0.00041637 0.03631415
v -0.01128531 0.00038213 0.03549437
v -0.01111726 0.00054830 0.03467711
v -0.01096311 0.00049080 0.03458254
v -0.01094042 0.00057775 0.03425518
v -0.01064304 0.00065455 0.03288301
v -0.01041900 0.00041372 0.03315486
v -0.01035374 0.00042789 0.03211354
v -0.01057588 0.00027833 0.03149946
v -0.01088304 0.00065366 0.03070317
v -0.01066189 0.00030792 0.03080218
v -0.01058732 0.00044968 0.03051742
v -0.01130923 0.00066954 0.02958169
v -0.01111863 0.00046962 0.02916954
v -0.01163503 0.00024531 0.02847113
v -0.01217522 0.00078517 0.02809424
v -0.01275052 0.00060643 0.02758199
v -0.01286323 0.00050308 0.02716068
v -0.01321007 0.00071126 0.02735088
v -0.01322973 0.00048020 0.02712426
v -0.01362933 0.00071838 0.02707627
v -0.01355158 0.00051544 0.02670925
v -0.01463430 0.00082864 0.02641463
v -0.01479846 0.00053322 0.02616319
v -0.01571520 -0.00005488 0.02605734
v -0.01553045 0.00087148 0.02603412
v -0.01632268 0.00075898 0.02625284
v -0.01613831 0.00055052 0.02591783
v -0.01627587 0.00042593 0.02604275
v -0.01717403 0.00066932 0.02607252
v -0.01699764 0.00056112 0.02589887
v -0.01679244 0.00076500 0.02625164
v -0.01696348 0.00056069 0.02589585
v -0.01781284 0.00077901 0.02635273
v -0.01835766 0.00078662 0.02649763
v -0.02055614 0.00073815 0.02746247
v -0.01906873 0.00058924 0.02661290
v -0.01819427 0.00057829 0.02606563
v -0.02128921 0.00062709 0.02791031
v -0.02134714 0.00047125 0.02824957
v -0.02182348 0.00047361 0.02889370
v -0.02209933 0.00082528 0.02958794
v -0.02208374 0.00064249 0.02897966
v -0.02226572 0.00049524 0.02972295
v -0.02248643 0.00050399 0.03030093
v -0.02248120 0.00083462 0.03019823
v -0.02293579 0.00067868 0.03153632
v -0.02277316 0.00100832 0.03176840
v -0.02288508 0.00075151 0.03223638
v -0.02256418 0.00090534 0.03302477
v -0.02282931 0.00070536 0.03355076
v -0.02240399 0.00103473 0.03440068
v -0.02250628 0.00079201 0.03457074
v -0.02185766 0.00106029 0.03544691
v -0.02182656 0.00103022 0.03548983
v -0.02151687 0.00113081 0.03608411
v -0.02165842 0.00074449 0.03606198
v -0.02100356 0.00095499 0.03627325
v -0.02074527 0.00087103 0.03695814
v -0.02017985 0.00097092 0.03700065
v -0.01930361 0.00098621 0.03754443
v -0.01988708 0.00056292 0.03751073
v -0.01856040 0.00097275 0.03804951
v -0.01826948 0.00063816 0.03810945
v -0.01741929 0.00103101 0.03812432
v -0.01731257 0.00095814 0.03822038
v -0.01755225 0.00066301 0.03829402
v -0.01753703 0.00080529 0.03844151
v -0.01712480 0.00082994 0.03838936
v -0.01705391 0.00078154 0.03845314
v -0.01162816 -0.00333248 0.02895621
v -0.01915565 -0.00333248 0.03761379
v -0.02138263 -0.00333248 0.03588334
v -0.01713273 -0.00333248 0.02623965
v -0.01698141 -0.00293042 0.02611499
v -0.01715717 -0.00333250 0.02624313
v -0.01742705 -0.00295228 0.02618775
v -0.01789179 -0.00333311 0.02635736
v -0.01928220 -0.00333260 0.02686433
v -0.02074627 -0.00333248 0.02784972
v -0.02199611 -0.00289701 0.02918744
v -0.02270228 -0.00309437 0.03183655
v -0.02221590 -0.00333248 0.03436080
v -0.02001402 -0.00333248 0.03713029
v -0.01825966 -0.00284779 0.03829415
v -0.01756909 -0.00333248 0.03811825
v -0.01643592 -0.00333248 0.03818264
v -0.01375209 -0.00333248 0.03739905
v -0.01441300 -0.00269314 0.03789634
v -0.01232653 -0.00333248 0.03632867
v -0.01136464 -0.00333248 0.03493230
v -0.01073104 -0.00333248 0.03280220
v -0.01077586 -0.00333248 0.03109638
v -0.01113191 -0.00333248 0.02992429
v -0.01193307 -0.00333248 0.02857010
v -0.01339835 -0.00261263 0.02680671
v -0.01418364 -0.00333248 0.02674769
v -0.01543594 -0.00330275 0.02632240
v -0.02296372 -0.00243834 0.03203169
v -0.02296202 -0.00243392 0.03235961
v -0.02294238 -0.00242902 0.03273084
v -0.02292200 -0.00242626 0.03294459
v -0.02282880 -0.00241913 0.03350600
v -0.01342618 -0.00240926 0.02720660
v -0.01323414 -0.00209326 0.02690969
v -0.01358290 -0.00240657 0.02711165
v -0.01406730 -0.00239853 0.02684722
v -0.01390925 -0.00208313 0.02652846
v -0.01406862 -0.00239851 0.02684657
v -0.01616993 -0.00205320 0.02595615
v -0.01619833 -0.00236795 0.02640519
v -0.01645445 -0.00204934 0.02594988
v -0.01694726 -0.00204265 0.02593902
v -0.01288347 -0.00204378 0.03679117
v -0.01256743 -0.00172728 0.03698902
v -0.01279486 -0.00204219 0.03671766
v -0.01113513 -0.00169754 0.03523229
v -0.01144387 -0.00201329 0.03505781
v -0.01147003 -0.00201399 0.03510284
v -0.01102917 -0.00194467 0.03028379
v -0.01078023 -0.00162521 0.02993107
v -0.01111122 -0.00194117 0.03005409
v -0.02137248 -0.00165628 0.03583813
v -0.02158070 -0.00133871 0.03614036
v -0.02112218 -0.00165052 0.03613310
v -0.02292603 -0.00088495 0.03146740
v -0.02293163 -0.00088415 0.03152703
v -0.02261333 -0.00118929 0.03230518
v -0.02296497 -0.00087711 0.03205270
v -0.02296638 -0.00087365 0.03230664
v -0.02261385 -0.00118878 0.03234219
v -0.02255207 -0.00117868 0.03304420
v -0.02290437 -0.00086271 0.03309567
v -0.02288185 -0.00086095 0.03322144
v -0.01247772 -0.00099547 0.03642741
v -0.01221227 -0.00068015 0.03666542
v -0.01246278 -0.00099519 0.03641238
v -0.01072103 -0.00092607 0.03191890
v -0.01035566 -0.00061467 0.03220009
v -0.01036775 -0.00060923 0.03176293
v -0.01072429 -0.00092428 0.03178160
v -0.01046716 -0.00059968 0.03103338
v -0.01047763 -0.00059893 0.03098116
v -0.01424041 -0.00051645 0.02637996
v -0.01430868 -0.00083345 0.02673665
v -0.01389598 -0.00052175 0.02653177
v -0.01244121 -0.00054545 0.02751341
v -0.01253510 -0.00086292 0.02791578
v -0.01228680 -0.00054808 0.02765948
v -0.01175425 -0.00055782 0.02823752
v -0.01203598 -0.00087260 0.02845739
v -0.01165033 -0.00056000 0.02837800
v -0.01177084 -0.00087869 0.02881279
v -0.01131721 -0.00056736 0.02886064
v -0.01164893 -0.00088186 0.02900056
v -0.01147655 -0.00088656 0.02928167
v -0.02112828 -0.00060897 0.03612726
v -0.02135706 -0.00029255 0.03640552
v -0.02109006 -0.00060812 0.03617357
v -0.01310213 -0.00048616 0.03696485
v -0.01288941 -0.00017021 0.03724936
v -0.01267105 -0.00016637 0.03707737
v -0.01268252 -0.00047812 0.03661993
v -0.01229996 -0.00015965 0.03674532
v -0.01254282 -0.00047533 0.03648786
v -0.01223554 -0.00015847 0.03668466
v -0.01228941 -0.00047014 0.03623043
v -0.01183716 -0.00015091 0.03625441
v -0.01208901 -0.00046590 0.03600551
v -0.01643554 0.00003373 0.02589822
v -0.01632486 0.00003218 0.02590459
v -0.01585100 0.00002550 0.02594681
v -0.01562644 -0.00029406 0.02633653
v -0.01555416 0.00002129 0.02599006
v -0.01561550 -0.00029422 0.02633808
v -0.01518984 0.00000268 0.03796328
v -0.01510003 0.00031822 0.03830895
v -0.01500459 0.00031956 0.03828055
v -0.01482877 0.00000821 0.03785663
v -0.01325741 0.00003219 0.03707513
v -0.01305201 0.00034711 0.03736950
v -0.01290441 0.00034936 0.03726257
v -0.01286362 0.00018379 0.02762025
v -0.01263543 0.00049914 0.02734828
v -0.01288688 0.00018419 0.02760104
v -0.01333021 0.00019196 0.02726945
v -0.01288620 0.00050347 0.02714489
v -0.01326593 0.00050991 0.02688390
v -0.01346097 0.00019426 0.02717886
v -0.01410422 0.00020520 0.02682853
v -0.01395132 0.00052092 0.02650938
v -0.01430013 0.00020841 0.02673799
v -0.01623808 0.00023622 0.02626630
v -0.01620953 0.00055141 0.02591189
v -0.01644809 0.00023899 0.02624925
v -0.01672430 0.00055775 0.02589499
v -0.01698025 0.00024601 0.02625364
v -0.02033124 0.00044691 0.03688088
v -0.02042038 0.00076427 0.03726099
v -0.02020557 0.00044899 0.03697604
v -0.02032050 0.00076579 0.03733589
v -0.01892673 0.00046938 0.03770063
v -0.01906197 0.00078503 0.03802764
v -0.01889893 0.00046981 0.03771147
v -0.01876265 0.00078959 0.03814430
v -0.01837637 0.00047786 0.03789363
v -0.01831795 0.00079610 0.03828016
v -0.01822101 0.00048021 0.03793873
v -0.01820107 0.00079780 0.03831402
v -0.01750043 0.00049090 0.03809104
v -0.01729260 0.00049388 0.03811212
v -0.01669379 0.00078401 0.03844325
v -0.01623603 0.00079260 0.03845167
v -0.01571066 0.00075311 0.03843145
v -0.01529777 0.00076275 0.03835350
v -0.01206563 0.00081183 0.03652239
v -0.01286539 0.00079852 0.03725101
v -0.01102593 0.00087475 0.03471626
v -0.01157355 0.00064407 0.03549078
v -0.01049279 0.00085706 0.03357774
v -0.01036422 0.00087020 0.03258620
v -0.01068876 0.00090004 0.03011641
v -0.01040067 0.00088708 0.03141233
v -0.01160952 0.00092814 0.02842043
v -0.01185038 0.00093270 0.02811756
v -0.01281605 0.00095010 0.02719682
v -0.01347203 0.00096096 0.02675589
v -0.01489351 0.00098129 0.02614282
v -0.01471730 0.00091764 0.02629518
v -0.01782375 0.00102083 0.02598701
v -0.01672104 0.00117106 0.02614078
v -0.01958112 0.00078534 0.02669781
v -0.01888607 0.00103475 0.02630206
v -0.01867136 0.00088976 0.02640346
v -0.02139904 0.00088964 0.02841416
v -0.02064511 0.00106256 0.02729568
v -0.01964500 0.00122273 0.02694553
v -0.02211260 0.00109184 0.02899264
v -0.02244462 0.00098206 0.03008691
v -0.02258686 0.00125698 0.03094276
v -0.02296988 0.00113242 0.03205082
v -0.02295255 0.00112990 0.03175864
v -0.02259417 0.00088684 0.03178432
v -0.02259337 0.00088666 0.03177201
v -0.02252948 0.00103808 0.03396204
v -0.02269907 0.00115864 0.03401232
v -0.02234639 0.00091820 0.03396004
v -0.02235989 0.00091753 0.03391176
v -0.02263533 0.00124799 0.03346585
v -0.02293799 0.00114302 0.03285419
v -0.02222411 0.00104975 0.03476761
v -0.02196313 0.00118316 0.03561850
v -0.02164314 0.00094036 0.03545981
v -0.02175935 0.00093729 0.03526339
v -0.02206501 0.00118036 0.03544595
v -0.02051064 0.00121050 0.03719106
v -0.02093007 0.00108009 0.03659200
v -0.02125715 0.00119798 0.03652310
v -0.02149589 0.00119341 0.03624456
v -0.02131802 0.00094801 0.03590821
v -0.02162679 0.00119091 0.03609183
v -0.02034783 0.00102905 0.03722118
v -0.02029231 0.00096883 0.03691015
v -0.02054923 0.00096405 0.03670342
v -0.01744646 0.00102702 0.03811576
v -0.01757475 0.00102130 0.03809152
v -0.01749077 0.00109869 0.03819368
v -0.01597609 0.00098065 0.03820230
v -0.01506316 0.00106536 0.03796466
v -0.01313751 0.00109177 0.03707740
v -0.01088866 0.00097489 0.03429205
v -0.01050758 0.00094065 0.03237361
v -0.01076602 0.00118565 0.03115799
v -0.01084531 0.00120919 0.03057702
v -0.01135151 0.00104736 0.02911353
v -0.01121348 0.00091800 0.02903301
v -0.01148200 0.00117650 0.02920759
v -0.01148954 0.00117672 0.02919404
v -0.01207560 0.00123788 0.02836997
v -0.01544093 0.00129713 0.02634729
v -0.01737889 0.00130613 0.02626356
v -0.01878210 0.00132916 0.02661204
v -0.02109470 0.00120117 0.02794535
v -0.02051901 0.00134990 0.02763065
v -0.02263611 0.00132681 0.03132278
v -0.02263124 0.00142646 0.03246137
v -0.02216217 0.00145628 0.03454106
v -0.02182204 0.00146011 0.03521635
v -0.02049381 0.00150559 0.03678186
v -0.01966805 0.00156572 0.03744742
v -0.01896108 0.00154386 0.03772303
v -0.01996002 0.00124723 0.03754444
v -0.01816223 0.00150245 0.03799080
v -0.01782799 0.00150721 0.03807212
v -0.01823083 0.00125173 0.03829778
v -0.01778518 0.00143876 0.03817091
v -0.01778994 0.00128161 0.03837149
v -0.01769107 0.00128831 0.03838800
v -0.01953572 0.00148195 0.03744585
v -0.01965306 0.00148008 0.03737856
v -0.01965353 0.00155592 0.03737930
v -0.01973798 0.00155456 0.03733152
v -0.02117566 0.00149816 0.03612607
v -0.02239814 0.00157413 0.03431097
v -0.02235744 0.00147475 0.03402006
v -0.02268156 0.00128054 0.03341955
v -0.02280082 0.00162496 0.03260563
v -0.02233436 0.00174834 0.02990703
v -0.02216988 0.00138152 0.02984890
v -0.02163463 0.00137967 0.02888010
v -0.02113354 0.00138161 0.02823045
v -0.02064772 0.00161665 0.02738115
v -0.01815725 0.00132628 0.02641127
v -0.01527924 0.00095521 0.02629792
v -0.01175442 0.00084923 0.02861727
v -0.01147950 0.00125241 0.02920637
v -0.01325512 0.00124788 0.02728043
v -0.01117396 0.00120819 0.02983430
v -0.01076571 0.00122372 0.03115889
v -0.01076633 0.00114758 0.03115710
v -0.01076591 0.00114755 0.03115893
v -0.01069433 0.00115648 0.03267042
v -0.01089163 0.00115512 0.03379153
v -0.01118312 0.00134696 0.03512532
v -0.01148059 0.00116587 0.03519919
v -0.01180237 0.00136738 0.03613251
v -0.01176375 0.00093569 0.03571837
v -0.01410890 0.00108059 0.03760592
v -0.01284926 0.00113605 0.03681556
v -0.01582575 0.00108975 0.03812790
v -0.01589292 0.00101349 0.03813546
v -0.01592654 0.00101302 0.03814127
v -0.01776187 0.00300975 0.02615300
v -0.01894262 0.00311829 0.02631822
v -0.01870722 0.00292883 0.02658083
v -0.01851124 0.00311255 0.02616972
v -0.01860923 0.00302069 0.02637528
v -0.01817175 0.00310876 0.02607093
v -0.01902720 0.00311988 0.02634926
v -0.01957897 0.00303485 0.02679432
v -0.01950243 0.00294108 0.02693616
v -0.01965551 0.00312863 0.02665249
v -0.01965161 0.00294370 0.02702126
v -0.02045950 0.00314205 0.02714988
v -0.02103369 0.00329265 0.02790437
v -0.02129946 0.00315677 0.02791868
v -0.02129140 0.00302050 0.02828516
v -0.02181327 0.00316753 0.02856325
v -0.02196879 0.00317003 0.02878797
v -0.02204354 0.00312371 0.02925115
v -0.02232083 0.00313531 0.02961021
v -0.02230973 0.00320837 0.03007031
v -0.02266401 0.00319188 0.03025447
v -0.02238761 0.00298095 0.03049605
v -0.02279636 0.00318496 0.03080695
v -0.02256994 0.00297658 0.03129281
v -0.02276719 0.00320255 0.03304416
v -0.02247217 0.00324611 0.03454753
v -0.02243735 0.00299974 0.03436178
v -0.02099080 0.00328578 0.03678981
v -0.02013814 0.00329981 0.03746248
v -0.01972306 0.00323514 0.03757060
v -0.01932151 0.00326299 0.03762212
v -0.01814163 0.00330643 0.03818747
v -0.01741730 0.00315012 0.03813806
v -0.01740507 0.00328282 0.03833868
v -0.01661699 0.00308864 0.02588430
v -0.01454012 0.00305800 0.02624309
v -0.01515782 0.00285390 0.02640824
v -0.01573398 0.00307537 0.02595860
v -0.01422622 0.00289963 0.02670027
v -0.01288451 0.00293055 0.02745861
v -0.01247679 0.00292830 0.02775686
v -0.01102799 0.00276620 0.03021389
v -0.01103158 0.00294697 0.02955151
v -0.01133841 0.00287091 0.02935656
v -0.01151112 0.00296011 0.02870731
v -0.01164889 0.00281896 0.02893434
v -0.01137730 0.00300506 0.02875743
v -0.01164097 0.00301135 0.02838005
v -0.01061908 0.00284587 0.03251565
v -0.01062508 0.00284266 0.03190286
v -0.01081670 0.00298503 0.02992738
v -0.01144345 0.00308322 0.03542249
v -0.01138870 0.00277623 0.03510901
v -0.01071490 0.00292891 0.03430797
v -0.01076862 0.00282562 0.03353018
v -0.01198798 0.00285608 0.03617093
v -0.01254849 0.00256721 0.03672167
v -0.01243158 0.00330778 0.03663103
v -0.01438527 0.00299781 0.03788517
v -0.01315188 0.00287595 0.03745604
v -0.01549607 0.00265289 0.03811024
v -0.01499548 0.00291959 0.03818714
v -0.01644548 0.00154155 0.02593682
v -0.01706021 0.00158394 0.02593254
v -0.01793904 0.00156439 0.02605937
v -0.01818797 0.00153767 0.02614065
v -0.01948500 0.00143175 0.02681826
v -0.01995446 0.00164974 0.02695653
v -0.02123340 0.00163077 0.02790270
v -0.02211676 0.00180812 0.02929026
v -0.02293084 0.00170583 0.03229938
v -0.02284108 0.00176605 0.03221035
v -0.02273987 0.00166594 0.03057727
v -0.02149188 0.00176206 0.03620225
v -0.02210906 0.00172273 0.03529294
v -0.02198331 0.00158795 0.03520802
v -0.02206822 0.00166429 0.03531958
v -0.02184323 0.00151306 0.03518977
v -0.02217857 0.00166141 0.03513296
v -0.02286832 0.00163051 0.03292153
v -0.01517926 0.00153029 0.02611666
v -0.01465511 0.00129690 0.02638558
v -0.01263651 0.00151287 0.02738202
v -0.01284021 0.00112659 0.02746459
v -0.01147390 0.00150926 0.02866397
v -0.01086854 0.00146636 0.02980653
v -0.01092313 0.00124485 0.03029627
v -0.01059167 0.00142845 0.03078264
v -0.01039911 0.00143630 0.03184789
v -0.01055274 0.00154550 0.03201049
v -0.01055150 0.00132277 0.03207653
v -0.01043412 0.00143432 0.03294186
v -0.01051858 0.00138748 0.03342560
v -0.01066567 0.00142336 0.03405615
v -0.01563582 0.00120651 0.03829342
v -0.01257893 0.00111609 0.03661704
v -0.01395631 0.00130841 0.03785365
v -0.01556736 0.00132411 0.03842739
v -0.01474750 0.00250504 0.03802536
v -0.01367173 0.00260826 0.03737855
v -0.01367344 0.00268309 0.03737557
v -0.01366730 0.00260833 0.03737601
v -0.01366215 0.00266455 0.03737009
v -0.01321543 0.00247492 0.03727972
v -0.01192038 0.00247083 0.03624225
v -0.01147734 0.00265168 0.03519226
v -0.01107296 0.00270039 0.03431542
v -0.01069136 0.00268960 0.03259498
v -0.01060136 0.00285947 0.03119679
v -0.01083932 0.00271520 0.03080771
v -0.01321178 0.00293509 0.02720201
v -0.01560865 0.00281019 0.02614099
v -0.01443524 0.00279350 0.02664012
v -0.01635242 0.00273511 0.02608144
v -0.01830940 0.00288512 0.02645129
v -0.02115016 0.00290813 0.02812429
v -0.02012183 0.00287638 0.02731097
v -0.01932158 0.00293501 0.02681457
v -0.02116386 0.00292037 0.02827449
v -0.02128146 0.00298791 0.02833579
v -0.02193341 0.00294735 0.02938027
v -0.02229065 0.00296452 0.03017751
v -0.02228345 0.00292656 0.03015263
v -0.02228072 0.00300172 0.03015360
v -0.02231496 0.00300326 0.03025120
v -0.02259907 0.00269842 0.03036940
v -0.02264511 0.00297881 0.03247623
v -0.02254240 0.00297236 0.03332864
v -0.02215093 0.00302242 0.03457040
v -0.02140328 0.00300964 0.03585768
v -0.02130707 0.00310498 0.03602979
v -0.02058478 0.00302642 0.03672318
v -0.02053893 0.00312029 0.03679515
v -0.01965621 0.00304221 0.03738454
v -0.01304849 0.00144498 0.03722383
v -0.01269923 0.00137200 0.03706155
v -0.01211108 0.00137897 0.03652099
v -0.01136324 0.00140382 0.03550368
v -0.01139939 0.00131337 0.03556540
v -0.01139846 0.00145655 0.03556485
v -0.01125698 0.00131714 0.03531942
v -0.01125631 0.00146049 0.03531981
v -0.01351212 0.00153662 0.02677363
v -0.01917860 0.00163170 0.02644859
v -0.02138260 0.00158225 0.02806706
v -0.02255664 0.00173029 0.03430711
v -0.02240770 0.00175728 0.03454814
v -0.01794931 0.00177781 0.03832056
v -0.01900863 0.00186287 0.03798326
v -0.01949130 0.00177913 0.03780600
v -0.02034362 0.00169341 0.03713671
v -0.02085230 0.00175448 0.03687462
v -0.01156699 -0.00333248 0.03428806
v -0.01301750 -0.00333248 0.03011581
v -0.01076747 -0.00333248 0.03119166
v -0.01197610 -0.00333248 0.03115721
v -0.01291972 -0.00333248 0.03427546
v -0.01080311 -0.00333248 0.03340951
v -0.01203182 -0.00333248 0.03357325
v -0.01441763 -0.00333248 0.03773265
v -0.01256031 -0.00333248 0.03653107
v -0.01439153 -0.00333248 0.03516816
v -0.01319547 -0.00333248 0.03708099
v -0.01070196 -0.00333248 0.03193603
v -0.01744932 -0.00333248 0.03812505
v -0.01636490 -0.00333248 0.03815845
v -0.01529256 -0.00333248 0.03802865
v -0.01511939 -0.00333248 0.03797006
v -0.01125575 0.00250213 0.03532001
v -0.01154237 0.00266444 0.03538878
v -0.01354060 0.00246000 0.03760045
v -0.01431154 0.00237160 0.03801220
v -0.01104425 0.00245064 0.03499023
v -0.01037413 0.00248701 0.03234111
v -0.01069418 0.00282323 0.03328205
v -0.01059067 0.00242137 0.03331724
v -0.01213955 0.00254856 0.02785588
v -0.01149185 0.00252918 0.02867563
v -0.01120181 0.00250236 0.02911482
v -0.01068625 0.00251424 0.03022937
v -0.01051477 0.00248799 0.03111472
v -0.01505262 0.00256495 0.02613326
v -0.01472704 0.00272434 0.02640172
v -0.01929744 0.00268343 0.02651127
v -0.01782147 0.00272868 0.02613305
v -0.02176766 0.00271774 0.02854879
v -0.02293432 0.00272977 0.03208788
v -0.02289909 0.00281115 0.03256342
v -0.02284793 0.00281836 0.03306052
v -0.02073987 0.00287791 0.03692213
v -0.02119635 0.00290484 0.03650282
v -0.02281954 0.00274522 0.03343620
v -0.01758608 0.00299787 0.03824646
v -0.01765947 0.00292345 0.03836431
v -0.01770106 0.00307112 0.03808970
v -0.01751119 0.00307379 0.03812620
v -0.01803542 0.00306641 0.03802545
v -0.01774678 0.00292086 0.03834900
v -0.01809474 0.00291649 0.03827721
v -0.01870901 0.00305666 0.03782198
v -0.01879748 0.00290795 0.03806517
v -0.01874991 0.00305605 0.03780562
v -0.01884027 0.00290742 0.03804818
v -0.01877370 0.00298200 0.03793539
v -0.01894743 0.00283145 0.03804027
v -0.01491265 0.00157403 0.03791264
v -0.01461660 0.00159036 0.03781932
v -0.01319993 0.00161223 0.03707713
v -0.01097822 0.00166037 0.03419157
v -0.01090158 0.00171156 0.03059854
v -0.01055361 0.00185224 0.03168406
v -0.01042144 0.00150728 0.03194446
v -0.01068065 0.00165372 0.03219868
v -0.01041962 0.00150395 0.03219865
v -0.01055527 0.00145702 0.03239992
v -0.01074908 0.00167838 0.03307374
v -0.01144722 0.00173317 0.02926187
v -0.01530126 0.00158396 0.02609748
v -0.01344813 0.00181109 0.02704777
v -0.01228627 0.00151047 0.02769754
v -0.01729295 0.00183955 0.02621174
v -0.02227561 0.00190364 0.03012778
v -0.01962575 0.00188438 0.02700218
v -0.01906651 0.00185541 0.02672588
v -0.01868951 0.00183170 0.02656942
v -0.02035386 0.00202388 0.03689728
v -0.01947218 0.00204316 0.03748307
v -0.01870848 0.00201527 0.03782056
v -0.01879841 0.00186552 0.03806750
v -0.01911270 0.00200928 0.03766219
v -0.01921884 0.00186023 0.03789901
v -0.01333663 0.00243120 0.02702973
v -0.01842546 0.00263250 0.02618009
v -0.01774741 0.00280289 0.03835196
v -0.01766097 0.00292194 0.03836671
v -0.02107985 0.00275766 0.03664985
v -0.02005391 0.00281921 0.03748651
v -0.02164761 0.00271477 0.03596489
v -0.02212605 0.00275276 0.03528290
v -0.02285664 0.00273675 0.03121250
v -0.02237450 0.00270965 0.02959740
v -0.02198299 0.00258029 0.02906013
v -0.02111762 0.00259661 0.02781009
v -0.02007850 0.00263094 0.02693583
v -0.01694274 0.00284818 0.02610711
v -0.01718835 0.00250955 0.02599064
v -0.01560862 0.00266192 0.02604773
v -0.01557840 0.00251766 0.02605140
v -0.01557856 0.00266155 0.02605255
v -0.01389200 0.00256463 0.02657241
v -0.01316244 0.00255900 0.02699939
v -0.01046223 0.00247371 0.03127207
v -0.01079556 0.00243264 0.03440996
v -0.01175073 0.00241608 0.03609538
v -0.01163857 0.00227376 0.03568335
v -0.01125516 0.00235855 0.03532104
v -0.01226066 0.00233493 0.03663322
v -0.01375065 0.00234949 0.03775016
v -0.01538369 0.00235607 0.03834295
v -0.01849704 0.00205645 0.03788418
v -0.02109577 0.00201870 0.03623842
v -0.02211972 0.00209451 0.03497929
v -0.02184302 0.00195758 0.03518957
v -0.02184310 0.00203385 0.03518961
v -0.02183204 0.00203418 0.03520831
v -0.02184306 0.00199571 0.03518959
v -0.02147972 0.00199548 0.03574439
v -0.02232818 0.00197423 0.03412136
v -0.02243121 0.00207267 0.03410632
v -0.02254221 0.00200456 0.03330541
v -0.02255328 0.00192865 0.03323732
v -0.02255423 0.00200365 0.03323750
v -0.02266516 0.00195850 0.03275914
v -0.02273258 0.00188172 0.03195268
v -0.02255364 0.00193779 0.03115984
v -0.02242889 0.00192814 0.03062492
v -0.02129096 0.00188876 0.02838924
v -0.02052795 0.00186129 0.02763225
v -0.02050831 0.00191865 0.02761533
v -0.02054784 0.00184241 0.02764887
v -0.02050780 0.00184169 0.02761593
v -0.02030462 0.00187577 0.02746085
v -0.01803082 0.00183817 0.02638048
v -0.01863109 0.00181170 0.02654970
v -0.01870889 0.00188942 0.02657624
v -0.01870903 0.00181284 0.02657587
v -0.01765060 0.00185522 0.02629730
v -0.01608746 0.00181905 0.02625248
v -0.01505459 0.00177927 0.02643650
v -0.01307197 0.00177211 0.02735259
v -0.01265308 0.00174842 0.02776709
v -0.01210262 0.00175228 0.02833451
v -0.01108136 0.00172815 0.03006624
v -0.01126364 0.00165084 0.03476262
v -0.01176641 0.00164033 0.03565475
v -0.01280450 0.00163824 0.03677216
v -0.01227631 0.00160814 0.03627914
v -0.01412379 0.00160235 0.03761049
v -0.01541388 0.00169294 0.03818721
v -0.01461668 0.00162834 0.03781916
v -0.01461652 0.00155238 0.03781949
v -0.01472247 0.00162692 0.03785744
v -0.02258997 -0.00510286 0.02942718
v -0.01081773 -0.00510286 0.02967868
v -0.01094806 -0.00510286 0.02896125
v -0.02207972 -0.00510286 0.03535725
v -0.01078204 -0.00510286 0.02961842
v -0.01111740 -0.00510286 0.02989158
v -0.02255924 -0.00510286 0.02921370
v -0.01079116 -0.00510286 0.02929496
v -0.01077620 -0.00510286 0.02921298
v -0.01169452 -0.00510286 0.03023247
v -0.02249284 -0.00510286 0.02969637
v -0.02256870 -0.00510286 0.02955510
v -0.02131180 -0.00510286 0.03351481
v -0.01176782 -0.00510286 0.03501039
v -0.01115781 -0.00510286 0.02887553
v -0.01110990 -0.00510286 0.02888512
v -0.01085641 -0.00510286 0.02972951
v -0.01089627 -0.00510286 0.02977201
v -0.01106032 -0.00510286 0.02986986
v -0.02232700 -0.00510286 0.02984416
v -0.01082600 -0.00510286 0.03522753
v -0.01144126 -0.00510286 0.03514667
v -0.01173873 -0.00510286 0.02921361
v -0.01161555 -0.00510286 0.02906492
v -0.01120229 -0.00510286 0.02886785
v -0.01072605 -0.00510286 0.02938994
v -0.02212720 -0.00510286 0.02887230
v -0.02223073 -0.00510286 0.03550661
v -0.02259627 -0.00510286 0.03496954
v -0.02237316 -0.00510286 0.03458359
v -0.02152444 -0.00510286 0.02974660
v -0.02246320 -0.00510286 0.02903986
v -0.02227862 -0.00510286 0.02890785
v -0.02186409 -0.00510286 0.02891382
v -0.02238311 -0.00510286 0.02980712
v -0.02175016 -0.00510286 0.03541269
v -0.02254294 -0.00510286 0.03524000
v -0.02235001 -0.00510286 0.03227178
v -0.02207768 -0.00510286 0.03324001
v -0.01077255 -0.00510286 0.03479612
v -0.01166838 -0.00510286 0.03531645
v -0.01171472 -0.00510286 0.03523947
v -0.01174715 -0.00510286 0.03515566
v -0.02161007 -0.00510286 0.03523947
v -0.02238857 -0.00510286 0.03542668
v -0.02134870 -0.00510286 0.03324001
v -0.02181733 -0.00510286 0.03475004
v -0.02110151 -0.00510286 0.03390761
v -0.02224646 -0.00510286 0.03322606
v -0.02248483 -0.00510286 0.03294573
v -0.02271432 -0.00510286 0.03137463
v -0.02241219 -0.00510286 0.03121336
v -0.02225616 -0.00510286 0.03117419
v -0.02215080 -0.00510286 0.02990152
v -0.01108030 -0.00510286 0.03222651
v -0.02040531 -0.00510286 0.03427679
v -0.01291950 -0.00510286 0.03427679
v -0.01216548 -0.00510286 0.03383883
v -0.01204411 -0.00510286 0.03359912
v -0.01074278 -0.00510286 0.03488090
v -0.01110972 -0.00510286 0.03551263
v -0.02178955 -0.00510286 0.02895765
v -0.02165725 -0.00510286 0.02908141
v -0.02194818 -0.00510286 0.03551474
v -0.02245650 -0.00510286 0.03465314
v -0.02219422 -0.00510286 0.03450508
v -0.02213472 -0.00510286 0.03449409
v -0.02134870 -0.00510286 0.03115721
v -0.01228112 -0.00510286 0.03042083
v -0.01261955 -0.00510286 0.03020639
v -0.01107834 -0.00510286 0.03117116
v -0.01198072 -0.00510286 0.03105921
v -0.01094772 -0.00510286 0.03543640
v -0.01087893 -0.00510286 0.03537858
v -0.02201293 -0.00510286 0.02887118
v -0.02194855 -0.00510286 0.02888385
v -0.02157766 -0.00510286 0.03515566
v -0.02245400 -0.00510286 0.03536898
v -0.02256707 -0.00510286 0.03483903
v -0.02294602 -0.00510286 0.03162435
v -0.01060486 -0.00510286 0.03137893
v -0.01051811 -0.00510286 0.03146212
v -0.02260601 -0.00510286 0.03309222
v -0.02271994 -0.00510286 0.03301829
v -0.02275217 -0.00510286 0.03298850
v -0.02284479 -0.00510286 0.03290289
v -0.02287763 -0.00510286 0.03286052
v -0.01036108 -0.00510286 0.03165638
v -0.01029524 -0.00510286 0.03177865
v -0.01027146 -0.00510286 0.03184730
v -0.02304888 -0.00510286 0.03232674
v -0.01291950 -0.00510286 0.03012044
v -0.01155934 -0.00510286 0.02906154
v -0.02030730 -0.00510286 0.03011581
v -0.02311594 -0.00510286 0.03227933
v -0.02311562 -0.00510286 0.03219863
v -0.02311526 -0.00510286 0.03211009
v -0.02309986 -0.00510286 0.03202020
v -0.02308658 -0.00510286 0.03194263
v -0.01023769 -0.00510286 0.03194480
v -0.01022513 -0.00510286 0.03202022
v -0.01020886 -0.00510286 0.03211790
v -0.01020919 -0.00510286 0.03219860
v -0.01020954 -0.00510286 0.03228713
v -0.01071871 -0.00510286 0.03309234
v -0.01091262 -0.00510286 0.03318387
v -0.01063878 -0.00510286 0.03279802
v -0.01108465 -0.00510286 0.03322706
v -0.01123086 -0.00510286 0.03323872
v -0.01037877 -0.00510286 0.03277288
v -0.01027640 -0.00510286 0.03255133
v -0.01900232 0.00239778 0.02666520
v -0.02072904 0.00255358 0.02755992
v -0.02267405 0.00247886 0.03222585
v -0.02190037 0.00252005 0.03507032
v -0.01974266 0.00274970 0.03762772
v -0.01965361 0.00259663 0.03737920
v -0.01978388 0.00274908 0.03760496
v -0.01923918 0.00256502 0.03758599
v -0.01973742 0.00253101 0.03744420
v -0.01961386 0.00259729 0.03740069
v -0.01671544 0.00245757 0.02608478
v -0.01079115 0.00223873 0.03107896
v -0.01061567 0.00215548 0.03224103
v -0.01091463 0.00233288 0.03445973
v -0.01148309 0.00220766 0.03518882
v -0.01157938 0.00216820 0.03533909
v -0.01294382 0.00214328 0.03687548
v -0.02069258 0.00214776 0.02744567
v -0.01994248 0.00211973 0.02683659
v -0.02124384 0.00215209 0.02791468
v -0.02154297 0.00198738 0.02852013
v -0.02186916 0.00220210 0.02871059
v -0.02289746 0.00218546 0.03150305
v -0.02292497 0.00221343 0.03188108
v -0.02290498 0.00224807 0.03281315
v -0.02267501 0.00206110 0.03325872
v -0.02279627 0.00215606 0.03328002
v -0.02251496 0.00217053 0.03432889
v -0.02228332 0.00201801 0.03424448
v -0.02259836 0.00216724 0.03409585
v -0.02236366 0.00201458 0.03402138
v -0.02171558 0.00225635 0.03590662
v -0.02071744 0.00229754 0.03697723
v -0.02117870 0.00228889 0.03653452
v -0.02033620 0.00230085 0.03728630
v -0.01885220 0.00231580 0.03807618
v -0.01761914 0.00209284 0.02599713
v -0.01685510 0.00209969 0.02593409
v -0.01549203 0.00196085 0.02617459
v -0.01478651 0.00205877 0.02621337
v -0.01392141 0.00205084 0.02655346
v -0.01271940 0.00183927 0.02761740
v -0.01254074 0.00195151 0.02752748
v -0.01281637 0.00180253 0.02761498
v -0.01270413 0.00180051 0.02771217
v -0.01230831 0.00203064 0.02767336
v -0.01155992 0.00199559 0.02855211
v -0.01067715 0.00191346 0.03038376
v -0.01057147 0.00200087 0.03073867
v -0.01049979 0.00195508 0.03331819
v -0.01057853 0.00191050 0.03370138
v -0.01088221 0.00193611 0.03465827
v -0.01259173 0.00188366 0.03696089
v -0.01544813 0.00161767 0.03806225
v -0.01544039 0.00164200 0.03810370
v -0.01543279 0.00161786 0.03805831
v -0.02207768 -0.00781050 0.03324001
v -0.02209394 -0.00510286 0.03323867
v -0.02209395 -0.00781050 0.03323872
v -0.01124712 -0.00510286 0.03115721
v -0.01124712 -0.00781050 0.03115721
v -0.01123086 -0.00510286 0.03115856
v -0.01123085 -0.00781050 0.03115851
v -0.01437015 0.00210775 0.03772170
v -0.01535671 0.00211069 0.03804041
v -0.01536132 0.00198670 0.03815450
v -0.01378220 0.00213593 0.03743897
v -0.01254509 0.00210700 0.03654655
v -0.01222420 0.00214167 0.03620210
v -0.01125248 0.00216888 0.03474177
v -0.01094980 0.00218405 0.03394823
v -0.01077100 0.00215991 0.03323732
v -0.01074034 0.00219364 0.03299146
v -0.01069599 0.00220504 0.03247161
v -0.01069380 0.00221634 0.03192389
v -0.01084045 0.00219395 0.03079801
v -0.01093103 0.00225318 0.03029207
v -0.01130313 0.00225189 0.02955773
v -0.01178630 0.00226827 0.02874959
v -0.01207356 0.00226177 0.02837438
v -0.01233533 0.00228571 0.02808209
v -0.01264622 0.00227251 0.02777587
v -0.01308959 0.00229198 0.02740931
v -0.01480855 0.00241532 0.02638137
v -0.01493417 0.00230273 0.02647916
v -0.01546694 0.00233041 0.02634319
v -0.01603034 0.00232675 0.02625848
v -0.01703415 0.00234700 0.02621854
v -0.01794262 0.00232248 0.02635593
v -0.01828845 0.00232597 0.02643442
v -0.01932622 0.00234180 0.02683514
v -0.01965360 0.00234798 0.02701793
v -0.01986576 0.00239115 0.02715552
v -0.02093051 0.00240721 0.02800886
v -0.02159898 0.00242281 0.02881871
v -0.02203212 0.00243544 0.02958248
v -0.02226870 0.00243826 0.03013959
v -0.02243259 0.00235162 0.03017831
v -0.02245492 0.00254075 0.03024853
v -0.02241274 0.00245062 0.03058438
v -0.02260682 0.00247207 0.03155560
v -0.02255366 0.00246817 0.03323220
v -0.02249860 0.00250137 0.03348266
v -0.02216312 0.00250967 0.03463610
v -0.02183246 0.00247843 0.03521096
v -0.02142610 0.00253376 0.03582392
v -0.02060718 0.00254646 0.03668369
v -0.02002185 0.00255894 0.03714531
v -0.01867889 0.00257412 0.03785811
v -0.01787709 0.00258781 0.03805776
v -0.02205824 0.00232927 0.03534257
v -0.01797408 0.00221213 0.03820010
v -0.01868415 0.00230139 0.03813549
v -0.01958106 0.00234947 0.03766402
v -0.02191912 0.00226293 0.03562580
v -0.02252546 0.00227776 0.03434451
v -0.02291052 0.00228532 0.03219860
v -0.02275975 0.00226445 0.03365898
v -0.02241142 0.00225650 0.02974885
v -0.02271687 0.00217108 0.03055082
v -0.02266047 0.00234401 0.03102094
v -0.01950694 0.00219374 0.02663212
v -0.01858817 0.00212379 0.02622306
v -0.01824939 0.00217750 0.02615692
v -0.01618748 0.00208469 0.02594059
v -0.01446057 0.00212566 0.02635101
v -0.01324978 0.00210870 0.02696513
v -0.01104391 0.00201570 0.02939857
v -0.01121543 0.00203135 0.02915106
v -0.01179083 0.00208056 0.02828578
v -0.01080154 0.00205451 0.03005050
v -0.01064017 0.00178935 0.03122165
v -0.01041878 0.00202485 0.03219866
v -0.01043410 0.00188125 0.03219875
v -0.01040289 0.00196421 0.03269626
v -0.01042642 0.00195303 0.03220032
v -0.01041870 0.00202475 0.03220685
v -0.01106796 0.00198637 0.03497928
v -0.01132320 0.00197937 0.03544445
v -0.01185164 0.00184677 0.03611341
v -0.01193284 0.00190740 0.03631818
v -0.01348326 0.00186117 0.03760695
v -0.01373618 0.00193663 0.03771939
v -0.01538225 0.00186113 0.03831446
v -0.01537962 0.00176821 0.03831218
v -0.01540032 0.00176793 0.03831823
v -0.01443761 0.00186141 0.03806444
v -0.02659572 -0.00676910 0.02684746
v -0.02716710 -0.00676910 0.02713434
v -0.02674763 -0.00676910 0.02748827
v -0.02694850 -0.00676910 0.02630393
v -0.02707355 -0.00676910 0.02623468
v -0.02768299 -0.00676910 0.02754825
v -0.02782842 -0.00676910 0.02771124
v -0.02792689 -0.00676910 0.02764735
v -0.02822061 -0.00676910 0.02719470
v -0.02823043 -0.00676910 0.02713576
v -0.02824370 -0.00676910 0.02705616
v -0.02802676 -0.00676910 0.02755504
v -0.02804948 -0.00676910 0.02752573
v -0.02810980 -0.00676910 0.02744790
v -0.02819265 -0.00676910 0.02727541
v -0.02687882 -0.00676910 0.02635477
v -0.02671636 -0.00676910 0.02653533
v -0.02669421 -0.00676910 0.02657647
v -0.02665156 -0.00676910 0.02665565
v -0.02663351 -0.00676910 0.02670781
v -0.02658247 -0.00676910 0.02692706
v -0.02658273 -0.00676910 0.02699160
v -0.02658930 -0.00676910 0.02709910
v -0.02660596 -0.00676910 0.02719641
v -0.02663339 -0.00676910 0.02727545
v -0.02665107 -0.00676910 0.02732640
v -0.02669442 -0.00676910 0.02740664
v -0.02721068 -0.00676910 0.02779618
v -0.02754310 -0.00676910 0.02616887
v -0.02741308 -0.00676910 0.02615849
v -0.02824343 -0.00676910 0.02699162
v -0.02726864 -0.00676910 0.02617204
v -0.02823058 -0.00676910 0.02684745
v -0.02775356 -0.00676910 0.02623614
v -0.02792240 -0.00676910 0.02633244
v -0.00624840 -0.00781050 0.03636421
v -0.02551430 -0.00781050 0.03636421
v -0.02185260 -0.00781050 0.02893032
v -0.00624840 -0.00781050 0.02855371
v -0.02179444 -0.00781050 0.03544360
v -0.02162075 -0.00781050 0.03525281
v -0.01665946 -0.00781050 0.03506506
v -0.01044920 -0.00781050 0.03154255
v -0.02397962 -0.00781050 0.02878660
v -0.01641927 -0.00781050 0.03533164
v -0.01171309 -0.00781050 0.03523876
v -0.01150007 -0.00781050 0.03546219
v -0.02745864 -0.00781050 0.03500864
v -0.02211686 -0.00781050 0.03552693
v -0.02156431 -0.00781050 0.02929787
v -0.02165739 -0.00781050 0.02908141
v -0.02235157 -0.00781050 0.02894939
v -0.02417209 -0.00781050 0.02893413
v -0.02236039 -0.00781050 0.03544367
v -0.00745211 -0.00781050 0.02993418
v -0.01074541 -0.00781050 0.02924962
v -0.01077153 -0.00781050 0.02917369
v -0.01077618 -0.00781050 0.02916524
v -0.01112033 -0.00781050 0.02889269
v -0.02203678 -0.00781050 0.02887801
v -0.02257438 -0.00781050 0.02923371
v -0.01086096 -0.00781050 0.03535616
v -0.01071879 -0.00781050 0.03309225
v -0.01021702 -0.00781050 0.03232841
v -0.00454797 -0.00781050 0.03547674
v -0.00427353 -0.00781050 0.03494351
v -0.00755261 -0.00781050 0.03228269
v -0.00445367 -0.00781050 0.02960737
v -0.00420977 -0.00781050 0.03024254
v -0.00540380 -0.00781050 0.02874485
v -0.01082966 -0.00781050 0.02907838
v -0.01125027 -0.00781050 0.02886571
v -0.01128786 -0.00781050 0.02886903
v -0.01174897 -0.00781050 0.02924599
v -0.02156168 -0.00781050 0.02932982
v -0.02166830 -0.00781050 0.02906485
v -0.02717608 -0.00781050 0.02938039
v -0.02479168 -0.00781050 0.02927799
v -0.02227069 -0.00781050 0.03549180
v -0.01077729 -0.00781050 0.03523139
v -0.01077195 -0.00781050 0.03479864
v -0.01081687 -0.00781050 0.03314224
v -0.00552975 -0.00781050 0.02929995
v -0.00477788 -0.00781050 0.02916626
v -0.01166882 -0.00781050 0.02909515
v -0.02241697 -0.00781050 0.02977788
v -0.02220195 -0.00781050 0.03386207
v -0.02234225 -0.00781050 0.03320146
v -0.02243976 -0.00781050 0.03464265
v -0.01061049 -0.00781050 0.03137457
v -0.01086852 -0.00781050 0.03100380
v -0.01075318 -0.00781050 0.03128267
v -0.01088028 -0.00781050 0.03122737
v -0.01091250 -0.00781050 0.03121335
v -0.01105223 -0.00781050 0.03549105
v -0.01077012 -0.00781050 0.03521791
v -0.00605249 -0.00781050 0.03635319
v -0.01072849 -0.00781050 0.03496954
v -0.00628212 -0.00781050 0.03559454
v -0.01093633 -0.00781050 0.03459328
v -0.01057266 -0.00781050 0.03298847
v -0.01048016 -0.00781050 0.03290311
v -0.01033582 -0.00781050 0.03269394
v -0.00605291 -0.00781050 0.02856941
v -0.01072901 -0.00781050 0.02933788
v -0.01074254 -0.00781050 0.02925798
v -0.02271958 -0.00781050 0.03137870
v -0.02279839 -0.00781050 0.03145144
v -0.02287763 -0.00781050 0.03153670
v -0.02213468 -0.00781050 0.03449453
v -0.02207768 -0.00781050 0.03448969
v -0.02287740 -0.00781050 0.03286032
v -0.02232657 -0.00781050 0.03455341
v -0.02294598 -0.00781050 0.03277295
v -0.02489923 -0.00781050 0.03517956
v -0.02255138 -0.00781050 0.03479658
v -0.00552242 -0.00781050 0.03622646
v -0.01106470 -0.00781050 0.03387831
v -0.01116886 -0.00781050 0.03449567
v -0.01027148 -0.00781050 0.03254992
v -0.01023763 -0.00781050 0.03245231
v -0.00440647 -0.00781050 0.03525419
v -0.02759710 -0.00781050 0.03428141
v -0.02215984 -0.00781050 0.03053628
v -0.02213482 -0.00781050 0.02990449
v -0.02207768 -0.00781050 0.02990753
v -0.02283948 -0.00781050 0.03290865
v -0.02275202 -0.00781050 0.03298831
v -0.02271430 -0.00781050 0.03302265
v -0.02255311 -0.00781050 0.03522154
v -0.02254769 -0.00781050 0.03523148
v -0.00569902 -0.00781050 0.03628929
v -0.00600983 -0.00781050 0.03635078
v -0.01074163 -0.00781050 0.03513429
v -0.01074609 -0.00781050 0.03514738
v -0.01072959 -0.00781050 0.03505926
v -0.01121860 -0.00781050 0.03386703
v -0.01020920 -0.00781050 0.03219862
v -0.01020948 -0.00781050 0.03211029
v -0.01022492 -0.00781050 0.03202020
v -0.01135569 -0.00781050 0.02887855
v -0.01145659 -0.00781050 0.02891201
v -0.02254278 -0.00781050 0.02961846
v -0.02294854 -0.00781050 0.03162821
v -0.02509680 -0.00781050 0.03056284
v -0.02735624 -0.00781050 0.02966374
v -0.02527345 -0.00781050 0.03093336
v -0.02748917 -0.00781050 0.02997442
v -0.02260610 -0.00781050 0.03309235
v -0.02257162 -0.00781050 0.03311456
v -0.02257908 -0.00781050 0.03514750
v -0.02757008 -0.00781050 0.03029997
v -0.02305332 -0.00781050 0.03184731
v -0.02758141 -0.00781050 0.03044102
v -0.02310760 -0.00781050 0.03233198
v -0.01023815 -0.00781050 0.03194301
v -0.01027132 -0.00781050 0.03184725
v -0.02414035 -0.00781050 0.03319428
v -0.02758607 -0.00781050 0.03447732
v -0.02305347 -0.00781050 0.03254998
v -0.02308665 -0.00781050 0.03245422
v -0.02723402 -0.00781050 0.03545712
v -0.01101851 -0.00781050 0.02985339
v -0.01087377 -0.00781050 0.02974857
v -0.02244452 -0.00781050 0.03316986
v -0.02222250 -0.00781050 0.03451212
v -0.02294251 -0.00676910 0.03774999
v -0.02308470 -0.00676910 0.03703369
v -0.02284229 -0.00676910 0.03848134
v -0.02294652 -0.00676910 0.03854852
v -0.02306748 -0.00676910 0.03860320
v -0.02308400 -0.00676910 0.03861036
v -0.02348666 -0.00676910 0.03864413
v -0.02349606 -0.00676910 0.03864175
v -0.02320717 -0.00676910 0.03700260
v -0.02361854 -0.00676910 0.03861065
v -0.02363575 -0.00676910 0.03860318
v -0.02289724 -0.00676910 0.03712787
v -0.02374655 -0.00676910 0.03855504
v -0.02376696 -0.00676910 0.03854180
v -0.02386543 -0.00676910 0.03847792
v -0.02399451 -0.00676910 0.03834634
v -0.02281736 -0.00676910 0.03718533
v -0.02273793 -0.00676910 0.03725875
v -0.02411313 -0.00676910 0.03815814
v -0.02414517 -0.00676910 0.03806562
v -0.02417879 -0.00676910 0.03787436
v -0.02418167 -0.00676910 0.03775136
v -0.02416912 -0.00676910 0.03767801
v -0.02415874 -0.00676910 0.03761738
v -0.02413130 -0.00676910 0.03753833
v -0.02401706 -0.00676910 0.03732552
v -0.02411362 -0.00676910 0.03748739
v -0.02396087 -0.00676910 0.03725391
v -0.02388571 -0.00676910 0.03718553
v -0.02257199 -0.00676910 0.03782219
v -0.02254408 -0.00676910 0.03761908
v -0.02253426 -0.00676910 0.03767803
v -0.02263296 -0.00676910 0.03823720
v -0.02265692 -0.00676910 0.03828155
v -0.02267408 -0.00676910 0.03788157
v -0.02274237 -0.00676910 0.03839044
v -0.02252100 -0.00676910 0.03775762
v -0.02252127 -0.00676910 0.03782216
v -0.02252156 -0.00676910 0.03789298
v -0.00823995 -0.00676910 0.03716300
v -0.00814602 -0.00676910 0.03710247
v -0.00842486 -0.00676910 0.03759941
v -0.00812541 -0.00676910 0.03708919
v -0.00801475 -0.00676910 0.03704116
v -0.00746300 -0.00676910 0.03861036
v -0.00746370 -0.00676910 0.03703369
v -0.00744649 -0.00676910 0.03704117
v -0.00744648 -0.00676910 0.03860320
v -0.00812554 -0.00676910 0.03855504
v -0.00854306 -0.00676910 0.03799579
v -0.00814596 -0.00676910 0.03854180
v -0.00824444 -0.00676910 0.03847792
v -0.00826488 -0.00676910 0.03845901
v -0.00834430 -0.00676910 0.03838560
v -0.00836702 -0.00676910 0.03835629
v -0.00850116 -0.00676910 0.03813206
v -0.00853774 -0.00676910 0.03761738
v -0.00842532 -0.00676910 0.03736280
v -0.00836681 -0.00676910 0.03728824
v -0.00833987 -0.00676910 0.03725391
v -0.00799823 -0.00676910 0.03703398
v -0.00787496 -0.00676910 0.03700302
v -0.00786063 -0.00676910 0.03699943
v -0.00773062 -0.00676910 0.03698905
v -0.00759557 -0.00676910 0.03700021
v -0.00758617 -0.00676910 0.03700260
v -0.00856123 -0.00676910 0.03788672
v -0.00856097 -0.00676910 0.03782219
v -0.00856067 -0.00676910 0.03775136
v -0.00854812 -0.00676910 0.03767801
v -0.00714522 -0.00676910 0.03740606
v -0.00709422 -0.00676910 0.03728805
v -0.00695104 -0.00676910 0.03753838
v -0.00690000 -0.00676910 0.03775762
v -0.00691312 -0.00676910 0.03796634
v -0.00703390 -0.00676910 0.03736589
v -0.00701174 -0.00676910 0.03740702
v -0.00709443 -0.00676910 0.03835611
v -0.00715895 -0.00676910 0.03842463
v -0.00722128 -0.00676910 0.03848134
v -0.00716417 -0.00676910 0.03803076
v -0.00733569 -0.00676910 0.03708930
v -0.00733582 -0.00676910 0.03855516
v -0.00769221 -0.00676910 0.03864552
v -0.00800614 -0.00676910 0.03860691
v -0.01847131 -0.00781050 0.03857509
v -0.01854939 -0.00781050 0.03864622
v -0.01874880 -0.00781050 0.03876015
v -0.01885139 -0.00781050 0.03880744
v -0.01902367 -0.00781050 0.03885068
v -0.01918602 -0.00781050 0.03886358
v -0.01885278 -0.00781050 0.03683649
v -0.01936655 -0.00781050 0.03884656
v -0.01918602 -0.00781050 0.03678078
v -0.01934836 -0.00781050 0.03679367
v -0.01901768 -0.00781050 0.03679469
v -0.01900548 -0.00781050 0.03679778
v -0.01815611 -0.00781050 0.03791227
v -0.01996454 -0.00781050 0.03713344
v -0.01969740 -0.00781050 0.03791236
v -0.02005432 -0.00781050 0.03724783
v -0.02008434 -0.00781050 0.03730339
v -0.01982265 -0.00781050 0.03699814
v -0.01839077 -0.00781050 0.03848959
v -0.01854412 -0.00781050 0.03700226
v -0.01851823 -0.00781050 0.03702616
v -0.01839051 -0.00781050 0.03715451
v -0.01819405 -0.00781050 0.03751796
v -0.01819884 -0.00781050 0.03794120
v -0.01831772 -0.00781050 0.03839651
v -0.02007074 -0.00781050 0.03836685
v -0.02016047 -0.00781050 0.03817691
v -0.01970527 -0.00781050 0.03692253
v -0.01954121 -0.00781050 0.03684586
v -0.01944285 -0.00781050 0.03780304
v -0.01814784 -0.00781050 0.03774098
v -0.01967972 -0.00781050 0.03873829
v -0.02013865 -0.00781050 0.03740392
v -0.02020136 -0.00781050 0.03778447
v -0.01976657 -0.00781050 0.03868191
v -0.01985380 -0.00781050 0.03861819
v -0.02009728 -0.00781050 0.03811972
v -0.01998152 -0.00781050 0.03848983
v -0.01461726 -0.00523529 0.02635497
v -0.01434972 -0.00523529 0.02778017
v -0.01459246 -0.00523529 0.02633237
v -0.01449857 -0.00523529 0.02627190
v -0.01447835 -0.00523529 0.02625888
v -0.01435087 -0.00523529 0.02620340
v -0.01408802 -0.00523529 0.02617103
v -0.01393874 -0.00523529 0.02617211
v -0.01347372 -0.00523529 0.02755962
v -0.01354907 -0.00523529 0.02762826
v -0.01366781 -0.00523529 0.02627196
v -0.01363093 -0.00523529 0.02768760
v -0.01491350 -0.00523529 0.02699162
v -0.01489551 -0.00523529 0.02681731
v -0.01381546 -0.00523529 0.02777983
v -0.01485407 -0.00523529 0.02668240
v -0.01474121 -0.00523529 0.02648898
v -0.01356968 -0.00523529 0.02633566
v -0.01354894 -0.00523529 0.02635480
v -0.01346961 -0.00523529 0.02642800
v -0.01344676 -0.00523529 0.02645749
v -0.01336430 -0.00523529 0.02657647
v -0.01331270 -0.00523529 0.02668161
v -0.01327557 -0.00523529 0.02678867
v -0.01326579 -0.00523529 0.02684746
v -0.01325278 -0.00523529 0.02697678
v -0.01326565 -0.00523529 0.02713578
v -0.01327598 -0.00523529 0.02719606
v -0.01330348 -0.00523529 0.02727545
v -0.01341775 -0.00523529 0.02748833
v -0.01447813 -0.00523529 0.02772451
v -0.01471957 -0.00523529 0.02752574
v -0.01485363 -0.00523529 0.02730162
v -0.01459665 -0.00523529 0.02764756
v -0.01472540 -0.00523529 0.02748336
v -0.01477985 -0.00523529 0.02744794
v -0.01095752 -0.00731809 0.02557128
v -0.00991901 -0.00731809 0.02737055
v -0.00980164 -0.00731809 0.02729495
v -0.01093220 -0.00731809 0.02555497
v -0.01079345 -0.00731809 0.02549460
v -0.00967647 -0.00731809 0.02718095
v -0.00977064 -0.00731809 0.02726672
v -0.01061870 -0.00731809 0.02544695
v -0.01077289 -0.00731809 0.02548565
v -0.01133685 -0.00731809 0.02698984
v -0.01139090 -0.00731809 0.02605266
v -0.01127004 -0.00731809 0.02585003
v -0.01120006 -0.00731809 0.02576088
v -0.01095746 -0.00731809 0.02737048
v -0.01107489 -0.00731809 0.02564687
v -0.00942878 -0.00731809 0.02621722
v -0.00941655 -0.00731809 0.02629072
v -0.00994433 -0.00731809 0.02738686
v -0.01008308 -0.00731809 0.02744723
v -0.01010364 -0.00731809 0.02745617
v -0.01146808 -0.00731809 0.02656102
v -0.01120837 -0.00731809 0.02662148
v -0.01123377 -0.00731809 0.02713857
v -0.01147590 -0.00731809 0.02638259
v -0.01008313 -0.00731809 0.02549472
v -0.00964276 -0.00731809 0.02580326
v -0.00953741 -0.00731809 0.02595910
v -0.01025783 -0.00731809 0.02749488
v -0.01027592 -0.00731809 0.02749942
v -0.01060661 -0.00731809 0.02749839
v -0.01079340 -0.00731809 0.02744710
v -0.00975804 -0.00731809 0.02569477
v -0.00940063 -0.00731809 0.02655924
v -0.00941637 -0.00731809 0.02665112
v -0.00942930 -0.00731809 0.02672652
v -0.01026383 -0.00731809 0.02544498
v -0.00946366 -0.00731809 0.02682571
v -0.00951279 -0.00731809 0.02693943
v -0.00956996 -0.00731809 0.02704525
v -0.00964303 -0.00731809 0.02713834
v 0.02136827 -0.00175466 0.03235482
v 0.02788586 -0.00083867 0.03204240
v 0.02732529 -0.00091746 0.03403417
v 0.02715225 -0.00049446 0.03420091
v 0.02715313 -0.00094165 0.03427766
v 0.02716479 0.00011162 0.03403313
v 0.02195605 -0.00062042 0.03427767
v 0.02195707 -0.00106835 0.03419964
v 0.02210098 -0.00165168 0.03427766
v 0.02185455 -0.00116050 0.03403563
v 0.02781207 -0.00032323 0.03226550
v 0.02777849 -0.00085376 0.03136139
v 0.02773978 -0.00033339 0.03154506
v 0.02753444 -0.00036224 0.03087011
v 0.02129817 -0.00123870 0.03210847
v 0.02135852 -0.00123021 0.03281229
v 0.02147534 -0.00173961 0.03303614
v 0.02146869 -0.00174055 0.03300186
v 0.02162835 -0.00145520 0.03355898
v -0.01672128 0.00675694 0.03816809
v -0.01737316 0.00675345 0.03811279
v -0.01809367 0.00674492 0.03798189
v -0.01864671 0.00673804 0.03779981
v -0.02255590 0.00242027 0.03115955
v -0.02281454 0.00227082 0.03111388
v -0.02252438 0.00241815 0.03100942
v -0.02278079 0.00226882 0.03095740
v -0.02181986 0.00247876 0.03523124
v -0.02204509 0.00232959 0.03536374
v -0.02184505 0.00247810 0.03519067
v -0.02207139 0.00232895 0.03532140
v -0.01987007 0.00237154 0.03756083
v -0.01974791 0.00251994 0.03732262
v -0.01965327 0.00252147 0.03737914
v -0.01774810 0.00284259 0.03824214
v -0.00901882 -0.00664320 0.02782473
v -0.00910498 -0.00639274 0.02782473
v -0.00762667 -0.00573907 0.02782473
v -0.00752890 -0.00658793 0.02782473
v -0.00756613 -0.00583300 0.02782473
v -0.00748575 -0.00603416 0.02782473
v -0.00800408 -0.00682233 0.02782473
v -0.00900554 -0.00666380 0.02782473
v -0.00911098 -0.00627965 0.02782473
v -0.00859572 -0.00547786 0.02782473
v -0.00842999 -0.00543105 0.02782473
v -0.00871908 -0.00582247 0.02782473
v -0.00828585 -0.00541805 0.02782473
v -0.00821502 -0.00541834 0.02782473
v -0.00814167 -0.00543090 0.02782473
v -0.00745790 -0.00618339 0.02782473
v -0.00746507 -0.00638815 0.02782473
v -0.00800204 -0.00702798 0.02782473
v -0.00853015 -0.00704181 0.02782473
v -0.00870086 -0.00696706 0.02782473
v -0.00885410 -0.00685765 0.02782473
v -0.00884926 -0.00563472 0.02782473
v -0.00886743 -0.00573399 0.02782473
v -0.00808104 -0.00544128 0.02782473
v -0.00800200 -0.00546871 0.02782473
v -0.00795105 -0.00548640 0.02782473
v -0.00828583 -0.00707875 0.02782473
v -0.00814168 -0.00706575 0.02782473
v -0.00843000 -0.00706590 0.02782473
v -0.00872155 -0.00554060 0.02782473
v -0.00785079 -0.00694736 0.02782473
v -0.00787081 -0.00552974 0.02782473
v -0.00778918 -0.00558296 0.02782473
v -0.00771757 -0.00563915 0.02782473
v -0.00808275 -0.00705593 0.02782473
v -0.00892268 -0.00571414 0.02782473
v -0.00908951 0.00395962 0.02782473
v -0.00830258 0.00409966 0.02782473
v -0.00750482 0.00444974 0.02782473
v -0.00746626 0.00402115 0.02782473
v -0.00907432 0.00443252 0.02782473
v -0.00817434 0.00367774 0.02782473
v -0.00885410 0.00355635 0.02782473
v -0.00901209 0.00457073 0.02782473
v -0.00800200 0.00494529 0.02782473
v -0.00819328 0.00436521 0.02782473
v -0.00848896 0.00467330 0.02782473
v -0.00745790 0.00423061 0.02782473
v -0.00849063 0.00335848 0.02782473
v -0.00834428 0.00348584 0.02782473
v -0.00870086 0.00344694 0.02782473
v -0.00874522 0.00347090 0.02782473
v -0.00874212 0.00486232 0.02782473
v -0.00862180 0.00492711 0.02782473
v -0.00775172 0.00352920 0.02782473
v -0.00856964 0.00494517 0.02782473
v -0.00848892 0.00497313 0.02782473
v -0.00795105 0.00492760 0.02782473
v -0.00787081 0.00488426 0.02782473
v -0.00782646 0.00486030 0.02782473
v -0.00773474 0.00478832 0.02782473
v -0.00764920 0.00469969 0.02782473
v -0.00842999 0.00498295 0.02782473
v -0.00835039 0.00499621 0.02782473
v -0.00828585 0.00499595 0.02782473
v -0.00821502 0.00499566 0.02782473
v -0.00814167 0.00498310 0.02782473
v -0.02744930 -0.00989330 0.02616821
v -0.02719868 -0.00885190 0.02619088
v -0.02714616 -0.00676910 0.02620313
v -0.02674555 -0.00885190 0.02649867
v -0.02663020 -0.01093471 0.02670667
v -0.02687756 -0.01093471 0.02762982
v -0.02675387 -0.00781050 0.02749725
v -0.02687898 -0.00676910 0.02762825
v -0.00448598 -0.00859155 0.03538123
v -0.00479344 -0.00937260 0.03577158
v -0.00477815 -0.00781050 0.03575194
v -0.02551430 -0.00781050 0.02855371
v -0.00624840 -0.01093471 0.02855371
v -0.02338784 -0.00989331 0.03699877
v -0.02313722 -0.00885190 0.03702144
v -0.02268409 -0.00885190 0.03732923
v -0.02259010 -0.00676910 0.03748620
v -0.02256874 -0.01093471 0.03753723
v -0.02269241 -0.00781050 0.03832781
v -0.02282919 -0.00885190 0.03847086
v -0.02281752 -0.00676910 0.03845882
v -0.00776684 -0.00989331 0.03699877
v -0.00751622 -0.00885190 0.03702144
v -0.00706309 -0.00885190 0.03732923
v -0.00696911 -0.00676910 0.03748620
v -0.00694774 -0.01093471 0.03753723
v -0.00707140 -0.00781050 0.03832781
v -0.00720819 -0.00885190 0.03847086
v -0.00719652 -0.00676910 0.03845882
v -0.01819873 -0.00859155 0.03814358
v -0.01830093 -0.00937260 0.03836969
v -0.01828770 -0.00781050 0.03834095
v -0.01415538 -0.00808500 0.02781793
v -0.01411939 -0.00950985 0.02616823
v -0.01386878 -0.00808500 0.02619091
v -0.01381661 -0.00523529 0.02620306
v -0.01356076 -0.00808500 0.02764034
v -0.01345934 -0.00808500 0.02754338
v -0.01387698 -0.00808500 0.02779595
v -0.01395331 -0.00523529 0.02781443
v -0.00993106 -0.00912640 0.02556192
v -0.00976887 -0.01093471 0.02567315
v -0.00979637 -0.00731809 0.02565100
v -0.00991907 -0.00731809 0.02557135
v -0.00941007 -0.00867432 0.02635302
v -0.00942099 -0.00912640 0.02668913
v 0.00822129 -0.00541778 0.02782473
v 0.00828582 -0.00541805 0.02782473
v 0.00842857 -0.00600242 0.02782473
v 0.00802743 -0.00684564 0.02782473
v 0.00758338 -0.00667899 0.02782473
v 0.00782954 -0.00555168 0.02782473
v 0.00794987 -0.00548689 0.02782473
v 0.00800203 -0.00546883 0.02782473
v 0.00808275 -0.00544087 0.02782473
v 0.00814168 -0.00543105 0.02782473
v 0.00876890 -0.00590717 0.02782473
v 0.00895888 -0.00585306 0.02782473
v 0.00849064 -0.00544128 0.02782473
v 0.00856967 -0.00546871 0.02782473
v 0.00832320 -0.00691395 0.02782473
v 0.00884925 -0.00686209 0.02782473
v 0.00910678 -0.00611122 0.02782473
v 0.00835665 -0.00541834 0.02782473
v 0.00901871 -0.00664333 0.02782473
v 0.00894157 -0.00676222 0.02782473
v 0.00839018 -0.00707239 0.02782473
v 0.00821502 -0.00707846 0.02782473
v 0.00874522 -0.00555370 0.02782473
v 0.00901882 -0.00585361 0.02782473
v 0.00848893 -0.00705593 0.02782473
v 0.00746669 -0.00639274 0.02782473
v 0.00746387 -0.00611336 0.02782473
v 0.00760989 -0.00580810 0.02782473
v 0.00814167 -0.00706590 0.02782473
v 0.00808104 -0.00705552 0.02782473
v 0.00759640 0.00370323 0.02782473
v 0.00894500 0.00467493 0.02782473
v 0.00755284 0.00377081 0.02782473
v 0.00750481 0.00388146 0.02782473
v 0.00903975 0.00409173 0.02782473
v 0.00894157 0.00365178 0.02782473
v 0.00835665 0.00499566 0.02782473
v 0.00851257 0.00495977 0.02782473
v 0.00842998 0.00334825 0.02782473
v 0.00835038 0.00333498 0.02782473
v 0.00825043 0.00333539 0.02782473
v 0.00808104 0.00335848 0.02782473
v 0.00800200 0.00338591 0.02782473
v 0.00795105 0.00340359 0.02782473
v 0.00787081 0.00344694 0.02782473
v 0.00782645 0.00347090 0.02782473
v 0.00775190 0.00352941 0.02782473
v 0.00771757 0.00355635 0.02782473
v 0.00764920 0.00363150 0.02782473
v 0.00763010 0.00467942 0.02782473
v 0.00768570 0.00473957 0.02782473
v 0.00775172 0.00480200 0.02782473
v 0.00910520 0.00416555 0.02782473
v 0.00782954 0.00486232 0.02782473
v 0.00787069 0.00488447 0.02782473
v 0.00794987 0.00492711 0.02782473
v 0.00870086 0.00488426 0.02782473
v 0.00874522 0.00486030 0.02782473
v 0.00881977 0.00480179 0.02782473
v 0.00900555 0.00458100 0.02782473
v 0.00904284 0.00450506 0.02782473
v 0.00901871 0.00377067 0.02782473
v 0.00888597 0.00359163 0.02782473
v 0.00881995 0.00352920 0.02782473
v 0.00874212 0.00346888 0.02782473
v 0.00859572 0.00339506 0.02782473
v 0.00800203 0.00494517 0.02782473
v 0.00808275 0.00497313 0.02782473
v 0.00814168 0.00498295 0.02782473
v 0.00822129 0.00499621 0.02782473
v 0.00828582 0.00499595 0.02782473
v 0.00892247 0.00469969 0.02782473
v 0.00910858 0.00429561 0.02782473
v 0.00911895 0.00416560 0.02782473
v 0.00748966 0.00426827 0.02782473
v 0.00756621 0.00458094 0.02782473
v 0.00910780 0.00403055 0.02782473
v 0.02326373 -0.00521228 0.02920239
v 0.02229056 -0.00162504 0.02959216
v 0.02322005 -0.00885191 0.02968336
v 0.02352573 -0.00885191 0.02938767
v 0.02366112 -0.00323120 0.03557019
v 0.02399032 -0.00594062 0.03554370
v 0.02322298 -0.00301471 0.03536777
v 0.02399166 -0.00885191 0.03533717
v 0.02412475 -0.00669194 0.03555618
v 0.02451669 -0.00506311 0.03573951
v 0.02420418 -0.00539930 0.03565032
v 0.02486978 -0.00336250 0.03580054
v 0.02494864 -0.00484321 0.03580081
v 0.02434646 -0.00337836 0.03575340
v 0.02532963 -0.00327181 0.03577578
v 0.02555191 -0.00481939 0.03577549
v 0.02611170 -0.00506315 0.03566530
v 0.02613507 -0.00285673 0.03555037
v 0.02575436 -0.00309164 0.03568573
v 0.02658964 -0.00636170 0.03555889
v 0.02681372 -0.00885191 0.03560536
v 0.02655061 -0.00570054 0.03553800
v 0.02637565 -0.00536771 0.03558874
v 0.02617130 -0.00709163 0.03572249
v 0.02646281 -0.00669670 0.03562429
v 0.02568733 -0.00735540 0.03579605
v 0.02568879 -0.00885191 0.03579545
v 0.02637125 -0.00885191 0.03573228
v 0.02551942 -0.00885191 0.03579768
v 0.02497473 -0.00737769 0.03576894
v 0.02530554 -0.00740745 0.03579692
v 0.02431347 -0.00885191 0.03550686
v 0.02446009 -0.00710161 0.03565543
v 0.02509695 -0.00885191 0.03574979
v 0.02463040 -0.00885191 0.03562697
v 0.02715313 -0.00094165 0.03459008
v 0.02821226 -0.00885191 0.03464547
v 0.02710130 -0.00135802 0.03472040
v 0.02692930 -0.00184860 0.03495566
v 0.02733317 -0.00885191 0.03536582
v 0.02661612 -0.00238454 0.03526708
v 0.02780539 -0.00885191 0.03504437
v 0.02815770 -0.00885191 0.03471386
v 0.02785202 -0.00885191 0.03500955
v 0.02684350 -0.00200883 0.03504437
v 0.02359168 -0.00885191 0.03506431
v 0.02317417 -0.00298846 0.03534416
v 0.02357145 -0.00885191 0.03504577
v 0.02239849 -0.00224060 0.03482666
v 0.02185664 -0.00168602 0.03424450
v 0.02261444 -0.00251730 0.03499122
v 0.02328423 -0.00885191 0.03478245
v 0.02285237 -0.00275096 0.03515674
v 0.02216087 -0.00180668 0.03463423
v 0.02210098 -0.00165168 0.03459008
v 0.02773651 0.00019197 0.03247581
v 0.02759774 0.00017247 0.03347594
v 0.02745799 0.00015283 0.03353982
v 0.02774092 0.00019259 0.03219861
v 0.02674347 0.00728980 0.03251103
v 0.02674347 0.00728980 0.03188619
v 0.02143520 -0.00069362 0.03072363
v 0.02210005 -0.00060018 0.02980408
v 0.02179853 -0.00064256 0.03001799
v -0.01677931 0.00466626 0.03815547
v -0.01983380 0.00549443 0.02715670
v -0.01609074 0.00684248 0.02600462
v -0.01599272 0.00679563 0.02591572
v -0.01531397 0.00678717 0.02604017
v -0.01569694 0.00687953 0.02610018
v -0.01494855 0.00678300 0.02612553
v -0.01400695 0.00682090 0.02656545
v -0.01341210 0.00676088 0.02679178
v -0.01289008 0.00675250 0.02714027
v -0.01257172 0.00674685 0.02739478
v -0.01314138 0.00687737 0.02720150
v -0.01196512 0.00673624 0.02797501
v -0.01214618 0.00686536 0.02811415
v -0.01143975 0.00672398 0.02865806
v -0.01114463 0.00671723 0.02913922
v -0.01145214 0.00685620 0.02906441
v -0.01109380 0.00676667 0.02944104
v -0.01064660 0.00669937 0.03029187
v -0.01087547 0.00684443 0.03039902
v -0.01057850 0.00673920 0.03090307
v -0.01040907 0.00668551 0.03138867
v -0.01035409 0.00666986 0.03252078
v -0.01062313 0.00683080 0.03178744
v -0.01064022 0.00682385 0.03273597
v -0.01047263 0.00665879 0.03342335
v -0.01069002 0.00674705 0.03363683
v -0.01078890 0.00664328 0.03450581
v -0.01129532 0.00674271 0.03520856
v -0.01195501 0.00661439 0.03640094
v -0.01126924 0.00662977 0.03547447
v -0.01148412 0.00679899 0.03526418
v -0.01177812 0.00679455 0.03570276
v -0.01128738 0.00662916 0.03550197
v -0.01153806 0.00662322 0.03587503
v -0.01158593 0.00662209 0.03594627
v -0.01214839 0.00670041 0.03638126
v -0.01225984 0.00678797 0.03627795
v -0.01203693 0.00661285 0.03648456
v -0.01226893 0.00660851 0.03672142
v -0.01226456 0.00670805 0.03647859
v -0.01280585 0.00678142 0.03678656
v -0.01260567 0.00660259 0.03702482
v -0.01283697 0.00678107 0.03681245
v -0.01277136 0.00673654 0.03685907
v -0.01308846 0.00636135 0.03707721
v -0.01314665 0.00643792 0.03721506
v -0.01329340 0.00635770 0.03722223
v -0.01333895 0.00677517 0.03719098
v -0.01349367 0.00658841 0.03764753
v -0.01385565 0.00658210 0.03785049
v -0.01397854 0.00676910 0.03755145
v -0.01419861 0.00665966 0.03784511
v -0.01498412 0.00675887 0.03794017
v -0.01516235 0.00656470 0.03833642
v -0.01572555 0.00669585 0.03818638
v -0.01767849 0.00653078 0.03842667
v -0.01654291 0.00654708 0.03851086
v -0.01702681 0.00653917 0.03849373
v -0.01841245 0.00652146 0.03825832
v -0.01883468 0.00662350 0.03792531
v -0.01974470 0.00650242 0.03772416
v -0.01928091 0.00672757 0.03760132
v -0.02095383 0.00648242 0.03683603
v -0.02059610 0.00668591 0.03671139
v -0.02126300 0.00657719 0.03624927
v -0.02116199 0.00667896 0.03609276
v -0.02156794 0.00647127 0.03615676
v -0.02129101 0.00667607 0.03593336
v -0.02171013 0.00646837 0.03598314
v -0.02138276 0.00667719 0.03583079
v -0.02213710 0.00654454 0.03489721
v -0.02200208 0.00646146 0.03555838
v -0.02258795 0.00662760 0.03274678
v -0.02295053 0.00642083 0.03263362
v -0.02259679 0.00662568 0.03260915
v -0.02290066 0.00642847 0.03315412
v -0.02285352 0.00643073 0.03341443
v -0.02268010 0.00643968 0.03409773
v -0.02232403 0.00665082 0.03402777
v -0.02288642 0.00640174 0.03119715
v -0.02294990 0.00640794 0.03164344
v -0.02268080 0.00657543 0.03268408
v -0.02261560 0.00662158 0.03231608
v -0.02296978 0.00641707 0.03233660
v -0.02269635 0.00637050 0.03198353
v -0.02260772 0.00661716 0.03200281
v -0.02296487 0.00641393 0.03209688
v -0.02260432 0.00661524 0.03186711
v -0.02295978 0.00641066 0.03184733
v -0.02283023 0.00639705 0.03086738
v -0.02253516 0.00649304 0.03044320
v -0.02257846 0.00638498 0.03000040
v -0.02233175 0.00662409 0.03040485
v -0.02249811 0.00638215 0.02980482
v -0.02210479 0.00658509 0.02978218
v -0.02239737 0.00637896 0.02957724
v -0.02205579 0.00636952 0.02891092
v -0.02125586 0.00640352 0.02808950
v -0.02083038 0.00640636 0.02768696
v -0.02057047 0.00634030 0.02724718
v -0.01695751 0.00649618 0.02624965
v -0.01730290 0.00629332 0.02592074
v -0.01747072 0.00640725 0.02620104
v -0.01825171 0.00630542 0.02609036
v -0.01845900 0.00641493 0.02640790
v -0.01996339 0.00656965 0.02725768
v -0.01946060 0.00632139 0.02653839
v -0.02010122 0.00633215 0.02690842
v -0.01672295 0.00607507 0.02612671
v -0.01616481 0.00627783 0.02590830
v -0.01562265 0.00627067 0.02597702
v -0.01602957 0.00647813 0.02626909
v -0.01533576 0.00626596 0.02602906
v -0.01552355 0.00647384 0.02635754
v -0.01501400 0.00646681 0.02647776
v -0.01484807 0.00636233 0.02634726
v -0.01484300 0.00646436 0.02653508
v -0.01485315 0.00626030 0.02615944
v -0.01465518 0.00625757 0.02622345
v -0.01382625 0.00663604 0.02678911
v -0.01453213 0.00645991 0.02663927
v -0.01443921 0.00625460 0.02629327
v -0.01413341 0.00635201 0.02661933
v -0.01400237 0.00635009 0.02667604
v -0.01359355 0.00624276 0.02668254
v -0.01251911 0.00642533 0.02792313
v -0.01297971 0.00643421 0.02751551
v -0.01239281 0.00622234 0.02754885
v -0.01287510 0.00623170 0.02715303
v -0.01340826 0.00639130 0.02711078
v -0.01324843 0.00623703 0.02689891
v -0.01343979 0.00644234 0.02719605
v -0.01350501 0.00644348 0.02715212
v -0.01201398 0.00621584 0.02793165
v -0.01183024 0.00641169 0.02872148
v -0.01204881 0.00632408 0.02818805
v -0.01143494 0.00631771 0.02903063
v -0.01104154 0.00603044 0.02975999
v -0.01091882 0.00666220 0.02999158
v -0.01091611 0.00593722 0.02995006
v -0.01079348 0.00626259 0.03028998
v -0.01070590 0.00627647 0.03076952
v -0.01080019 0.00637403 0.03115576
v -0.01045664 0.00616930 0.03105837
v -0.01059821 0.00626862 0.03133361
v -0.01037688 0.00616151 0.03164457
v -0.01055895 0.00652550 0.03158063
v -0.01054505 0.00626113 0.03189155
v -0.01035238 0.00615372 0.03223509
v -0.01071478 0.00635559 0.03248259
v -0.01038336 0.00614597 0.03282224
v -0.01066936 0.00616830 0.03293147
v -0.01072441 0.00603298 0.03331987
v -0.01060608 0.00613055 0.03397066
v -0.01092986 0.00633785 0.03380213
v -0.01108545 0.00633031 0.03427277
v -0.01061856 0.00613002 0.03400728
v -0.01075288 0.00612459 0.03439644
v -0.01095799 0.00611758 0.03490562
v -0.01120135 0.00632511 0.03457898
v -0.01156686 0.00631416 0.03527785
v -0.01141720 0.00610505 0.03571165
v -0.01156040 0.00651285 0.03545638
v -0.01185492 0.00630731 0.03571120
v -0.01201792 0.00630383 0.03591425
v -0.01162623 0.00610041 0.03599989
v -0.01217619 0.00630045 0.03611141
v -0.01190821 0.00609458 0.03634516
v -0.01190689 0.00591371 0.03613038
v -0.01232568 0.00618623 0.03655467
v -0.01292626 0.00607567 0.03729126
v -0.01368426 0.00606471 0.03776195
v -0.01443893 0.00589920 0.03779330
v -0.01449467 0.00620836 0.03783370
v -0.01497075 0.00604676 0.03828209
v -0.01483623 0.00625513 0.03786553
v -0.01535815 0.00624781 0.03800621
v -0.01621231 0.00623568 0.03814357
v -0.01600394 0.00603303 0.03848098
v -0.01668482 0.00602378 0.03850498
v -0.01688879 0.00610521 0.03836986
v -0.01769421 0.00571760 0.03832569
v -0.01794824 0.00600784 0.03837550
v -0.01782565 0.00621276 0.03803979
v -0.01809657 0.00603582 0.03806174
v -0.01897888 0.00599302 0.03806785
v -0.01875693 0.00601868 0.03786036
v -0.01968955 0.00598270 0.03773696
v -0.01929078 0.00619075 0.03754654
v -0.02030021 0.00581376 0.03713480
v -0.02021625 0.00617741 0.03697463
v -0.02066138 0.00606855 0.03684310
v -0.02097808 0.00616187 0.03630427
v -0.02160905 0.00594929 0.03611279
v -0.02173957 0.00578581 0.03562888
v -0.02297150 0.00589796 0.03241407
v -0.02264075 0.00589302 0.03283318
v -0.02169406 0.00610928 0.03551323
v -0.02222699 0.00593470 0.03517252
v -0.02196029 0.00613881 0.03491490
v -0.02242961 0.00597707 0.03453751
v -0.02242813 0.00628563 0.03426623
v -0.02237174 0.00612409 0.03388499
v -0.02280464 0.00591290 0.03364073
v -0.02262705 0.00627615 0.03358735
v -0.02259747 0.00609198 0.03170171
v -0.02290855 0.00588195 0.03122406
v -0.02261568 0.00610209 0.03233592
v -0.02225548 0.00607182 0.03014195
v -0.02262763 0.00586654 0.03013078
v -0.02247568 0.00608127 0.03090630
v -0.02254471 0.00608624 0.03127609
v -0.02235311 0.00585678 0.02947224
v -0.02197285 0.00584696 0.02877739
v -0.02142747 0.00583421 0.02806465
v -0.02184663 0.00605705 0.02927339
v -0.02154235 0.00604894 0.02879155
v -0.02121925 0.00604113 0.02836436
v -0.02030564 0.00595348 0.02734575
v -0.02078730 0.00603209 0.02789395
v -0.02087512 0.00582541 0.02749922
v -0.02006374 0.00588928 0.02704344
v -0.01959938 0.00601215 0.02701918
v -0.01960831 0.00580480 0.02662143
v -0.01819375 0.00599064 0.02644488
v -0.01851190 0.00591279 0.02639536
v -0.01889795 0.00600170 0.02667568
v -0.01876620 0.00579180 0.02624978
v -0.01907457 0.00545118 0.02647282
v -0.01801059 0.00578112 0.02603211
v -0.01669524 0.00576567 0.02587517
v -0.01748844 0.00597960 0.02629155
v -0.01706249 0.00597459 0.02626259
v -0.01640333 0.00612340 0.02607818
v -0.01617510 0.00596281 0.02626530
v -0.01594679 0.00575435 0.02593057
v -0.01589631 0.00611657 0.02612301
v -0.01543793 0.00574717 0.02600837
v -0.01489957 0.00587632 0.02636373
v -0.01422698 0.00575330 0.02667449
v -0.01442541 0.00573394 0.02629947
v -0.01453501 0.00593911 0.02663789
v -0.01443709 0.00573410 0.02629450
v -0.01481968 0.00584134 0.02635686
v -0.01476600 0.00573842 0.02618669
v -0.01487336 0.00594426 0.02652703
v -0.01495932 0.00594556 0.02649887
v -0.01416376 0.00553959 0.02663608
v -0.01374554 0.00543504 0.02681098
v -0.01369687 0.00588555 0.02694857
v -0.01326013 0.00591831 0.02731147
v -0.01278938 0.00570949 0.02721748
v -0.01218115 0.00569848 0.02775685
v -0.01272610 0.00590938 0.02772215
v -0.01174242 0.00611074 0.02840933
v -0.01167176 0.00568784 0.02834681
v -0.01195523 0.00589400 0.02856562
v -0.01195948 0.00589410 0.02856006
v -0.01181349 0.00579092 0.02845621
v -0.01202176 0.00577562 0.02813740
v -0.01194703 0.00569368 0.02801457
v -0.01243806 0.00590420 0.02800909
v -0.01138551 0.00578058 0.02908339
v -0.01150249 0.00578334 0.02889731
v -0.01146641 0.00568331 0.02861836
v -0.01132001 0.00576550 0.02911629
v -0.01087644 0.00566794 0.02969576
v -0.01087811 0.00576438 0.03016519
v -0.01044695 0.00564839 0.03111835
v -0.01048792 0.00569465 0.03149359
v -0.01082359 0.00585551 0.03102616
v -0.01090671 0.00581311 0.03037278
v -0.01055475 0.00565534 0.03062056
v -0.01065832 0.00523279 0.03096512
v -0.01035491 0.00563679 0.03198157
v -0.01071029 0.00584223 0.03201097
v -0.01045005 0.00581253 0.03239240
v -0.01062672 0.00526410 0.03239988
v -0.01053133 0.00570112 0.03294110
v -0.01044799 0.00561921 0.03329000
v -0.01092510 0.00581621 0.03379212
v -0.01057198 0.00561216 0.03384441
v -0.01108219 0.00580916 0.03427685
v -0.01081397 0.00594416 0.03416308
v -0.01074661 0.00560496 0.03438983
v -0.01183288 0.00578781 0.03567888
v -0.01153569 0.00574190 0.03538779
v -0.01138780 0.00580013 0.03495969
v -0.01098369 0.00559699 0.03494614
v -0.01153800 0.00558201 0.03587971
v -0.01182434 0.00620228 0.03595772
v -0.01191129 0.00578605 0.03577831
v -0.01157289 0.00558124 0.03592404
v -0.01183377 0.00557549 0.03625563
v -0.01210682 0.00578165 0.03602619
v -0.01188883 0.00557427 0.03632561
v -0.01239714 0.00577499 0.03636049
v -0.01242447 0.00556384 0.03687529
v -0.01284293 0.00540146 0.03698975
v -0.01320734 0.00575964 0.03705932
v -0.01307254 0.00555396 0.03738659
v -0.01409058 0.00553909 0.03795900
v -0.01381838 0.00574987 0.03742982
v -0.01713022 0.00570207 0.03813586
v -0.01698608 0.00549971 0.03850193
v -0.01598018 0.00564987 0.03824635
v -0.01586824 0.00525191 0.03822777
v -0.01580675 0.00561781 0.03826505
v -0.01529883 0.00572963 0.03799167
v -0.01493820 0.00552708 0.03827019
v -0.01919344 0.00591063 0.03787489
v -0.01933533 0.00546784 0.03791260
v -0.01881238 0.00567869 0.03775014
v -0.01847094 0.00568347 0.03786557
v -0.01861384 0.00547766 0.03820215
v -0.01791369 0.00564016 0.03810523
v -0.01742243 0.00554481 0.03836809
v -0.02289627 0.00538672 0.03317823
v -0.02024046 0.00545256 0.03740580
v -0.01963151 0.00566635 0.03736227
v -0.02008376 0.00581736 0.03727974
v -0.02056758 0.00580907 0.03691920
v -0.02073768 0.00551222 0.03686071
v -0.02095969 0.00580190 0.03656592
v -0.02122806 0.00561719 0.03642132
v -0.02146005 0.00551228 0.03607538
v -0.02143268 0.00563175 0.03575327
v -0.02202839 0.00541966 0.03551729
v -0.02229636 0.00541160 0.03503854
v -0.02241863 0.00540798 0.03476793
v -0.02194425 0.00561922 0.03496113
v -0.02264362 0.00539968 0.03422232
v -0.02233510 0.00560379 0.03400370
v -0.02247678 0.00559664 0.03347677
v -0.02261245 0.00558164 0.03242972
v -0.02296860 0.00537610 0.03241391
v -0.02261212 0.00558117 0.03239435
v -0.02296702 0.00537282 0.03216514
v -0.02260993 0.00557816 0.03216706
v -0.02269975 0.00552757 0.03222340
v -0.02296535 0.00536936 0.03190283
v -0.02260705 0.00557419 0.03186789
v -0.02258563 0.00557131 0.03165392
v -0.02291903 0.00536250 0.03138718
v -0.02256354 0.00556834 0.03143324
v -0.02276674 0.00542727 0.03117037
v -0.02246040 0.00556053 0.03085229
v -0.02282480 0.00535517 0.03084285
v -0.02237540 0.00510888 0.03022638
v -0.02232354 0.00555298 0.03035645
v -0.02267887 0.00534772 0.03030141
v -0.02242189 0.00555818 0.03070981
v -0.02276504 0.00535212 0.03062109
v -0.02263617 0.00540143 0.03048343
v -0.02071196 0.00551046 0.02781971
v -0.02055856 0.00529722 0.02722879
v -0.02120644 0.00531016 0.02782020
v -0.02127489 0.00531088 0.02789333
v -0.02151819 0.00552811 0.02874786
v -0.02162337 0.00531822 0.02829955
v -0.02194934 0.00532516 0.02875424
v -0.02202032 0.00554178 0.02959334
v -0.02219242 0.00533177 0.02916025
v -0.02246524 0.00533943 0.02971875
v -0.02229389 0.00549686 0.03002274
v -0.02252223 0.00534166 0.02987135
v -0.02219147 0.00554750 0.03000272
v -0.02227041 0.00555078 0.03021418
v -0.01978351 0.00536901 0.02686914
v -0.01997565 0.00528859 0.02682838
v -0.01827596 0.00526415 0.02608993
v -0.01853278 0.00547506 0.02654452
v -0.01804072 0.00546773 0.02640968
v -0.01709464 0.00545371 0.02624830
v -0.01717960 0.00524970 0.02590226
v -0.01633910 0.00523919 0.02589613
v -0.01615504 0.00544183 0.02626700
v -0.01599485 0.00530270 0.02604377
v -0.01530752 0.00522523 0.02603475
v -0.01504652 0.00494274 0.02622215
v -0.01533106 0.00542893 0.02638742
v -0.01473697 0.00521723 0.02618954
v -0.01456730 0.00541832 0.02662460
v -0.01451459 0.00521419 0.02627173
v -0.01418591 0.00521070 0.02639541
v -0.01338663 0.00527458 0.02696399
v -0.01326927 0.00550740 0.02699282
v -0.01311070 0.00505971 0.02726205
v -0.01317654 0.00539705 0.02737283
v -0.01313009 0.00519408 0.02697487
v -0.01286666 0.00518978 0.02716574
v -0.01272982 0.00518754 0.02726488
v -0.01280596 0.00539135 0.02766284
v -0.01232497 0.00518036 0.02761606
v -0.01259522 0.00538653 0.02785792
v -0.01218622 0.00557017 0.02795668
v -0.01221515 0.00537863 0.02825055
v -0.01178263 0.00517001 0.02819496
v -0.01203865 0.00537469 0.02844775
v -0.01161197 0.00536354 0.02903705
v -0.01093174 0.00514916 0.02953073
v -0.01124941 0.00535489 0.02972056
v -0.01094477 0.00527741 0.03013911
v -0.01075129 0.00532892 0.03146904
v -0.01041462 0.00512518 0.03131315
v -0.01052374 0.00513243 0.03075732
v -0.01754115 0.00497127 0.03845096
v -0.01680415 0.00518545 0.03815975
v -0.01037086 0.00511841 0.03178604
v -0.01035608 0.00511667 0.03197025
v -0.01070841 0.00531884 0.03216424
v -0.01038496 0.00510332 0.03286162
v -0.01075015 0.00530803 0.03292028
v -0.01067051 0.00549548 0.03367681
v -0.01059317 0.00508989 0.03398708
v -0.01100161 0.00529238 0.03404932
v -0.01111046 0.00549421 0.03456755
v -0.01109651 0.00507313 0.03517845
v -0.01147131 0.00542030 0.03547288
v -0.01160810 0.00527258 0.03533749
v -0.01130651 0.00506719 0.03552478
v -0.01185688 0.00526611 0.03571282
v -0.01165709 0.00521800 0.03557198
v -0.01185961 0.00526604 0.03571694
v -0.01175349 0.00510956 0.03600996
v -0.01222095 0.00525775 0.03616444
v -0.01192518 0.00505300 0.03636693
v -0.01215415 0.00530891 0.03660596
v -0.01233283 0.00525541 0.03628234
v -0.01211641 0.00504933 0.03656638
v -0.01247792 0.00525237 0.03643526
v -0.01223076 0.00504714 0.03668565
v -0.01250219 0.00513390 0.03673884
v -0.01287130 0.00524507 0.03678781
v -0.01306773 0.00503277 0.03738414
v -0.01325248 0.00523861 0.03707933
v -0.01346985 0.00523518 0.03721542
v -0.01322797 0.00503082 0.03748497
v -0.01364738 0.00523239 0.03732657
v -0.01346728 0.00502724 0.03763281
v -0.01330172 0.00521191 0.03742569
v -0.01358518 0.00526853 0.03757022
v -0.01390533 0.00584018 0.03766971
v -0.01424467 0.00501740 0.03802854
v -0.01437656 0.00522047 0.03769907
v -0.01467514 0.00511306 0.03799481
v -0.01536123 0.00500049 0.03837316
v -0.01537353 0.00520548 0.03801459
v -0.01572245 0.00520100 0.03807536
v -0.01566603 0.00499561 0.03842863
v -0.01615108 0.00519493 0.03812860
v -0.01612339 0.00499002 0.03848545
v -0.01667146 0.00498320 0.03850762
v -0.01830940 0.00496165 0.03828803
v -0.01810679 0.00516803 0.03798506
v -0.01890817 0.00503347 0.03794353
v -0.01975471 0.00494146 0.03769820
v -0.01957064 0.00514558 0.03740130
v -0.02034338 0.00502170 0.03712749
v -0.02109439 0.00491894 0.03668629
v -0.02162746 0.00490844 0.03609981
v -0.02085515 0.00512385 0.03643094
v -0.02135021 0.00511333 0.03586790
v -0.02149578 0.00510983 0.03566309
v -0.02223158 0.00489352 0.03516566
v -0.02194610 0.00509858 0.03495638
v -0.02238895 0.00480684 0.03461644
v -0.02237396 0.00508261 0.03389236
v -0.02274746 0.00487438 0.03390170
v -0.02293324 0.00486201 0.03289733
v -0.02256585 0.00506932 0.03296749
v -0.02259526 0.00532458 0.03265366
v -0.02296973 0.00485494 0.03232782
v -0.02249974 0.00504139 0.03100654
v -0.02257325 0.00504905 0.03154070
v -0.02268819 0.00526171 0.03179997
v -0.02293379 0.00484330 0.03143968
v -0.02261657 0.00505676 0.03211680
v -0.02112652 0.00460651 0.02794127
v -0.02072683 0.00488558 0.02761328
v -0.02270696 0.00482804 0.03036157
v -0.02234787 0.00466390 0.02990445
v -0.02224998 0.00494059 0.02975448
v -0.02206309 0.00480765 0.02894685
v -0.02188391 0.00480338 0.02865764
v -0.02120761 0.00500132 0.02834277
v -0.02158405 0.00479606 0.02823765
v -0.02044840 0.00484555 0.02729598
v -0.02003110 0.00497569 0.02728801
v -0.01689381 0.00482845 0.02607453
v -0.02004589 0.00476851 0.02686730
v -0.01954539 0.00496920 0.02698834
v -0.01955743 0.00463642 0.02675365
v -0.01920957 0.00489572 0.02668308
v -0.01856774 0.00474787 0.02618245
v -0.01800696 0.00474002 0.02603515
v -0.01775684 0.00473729 0.02599074
v -0.01810097 0.00494809 0.02641291
v -0.01728228 0.00473070 0.02591901
v -0.01699074 0.00493275 0.02625456
v -0.01625556 0.00492184 0.02625643
v -0.01595517 0.00460777 0.02604897
v -0.01620435 0.00447943 0.02617909
v -0.01644131 0.00471965 0.02589290
v -0.01523499 0.00485635 0.02633140
v -0.01507398 0.00470100 0.02609893
v -0.01516326 0.00490638 0.02644156
v -0.01535137 0.00490900 0.02639256
v -0.01518995 0.00454348 0.02624293
v -0.01540873 0.00490981 0.02637761
v -0.01463525 0.00479696 0.02641802
v -0.01463790 0.00489893 0.02660547
v -0.01472378 0.00469629 0.02619810
v -0.01432355 0.00469091 0.02633974
v -0.01445554 0.00489631 0.02667040
v -0.01403248 0.00468693 0.02646085
v -0.01420643 0.00489318 0.02677414
v -0.01299553 0.00487286 0.02750802
v -0.01296012 0.00467071 0.02709635
v -0.01316970 0.00487587 0.02738520
v -0.01333470 0.00487872 0.02726885
v -0.01326527 0.00467564 0.02688248
v -0.01346993 0.00488106 0.02717348
v -0.01358488 0.00473109 0.02680115
v -0.01224035 0.00501848 0.02795890
v -0.01258522 0.00486519 0.02785924
v -0.01212020 0.00465629 0.02781871
v -0.01255106 0.00502448 0.02765445
v -0.01263138 0.00466471 0.02734336
v -0.01152910 0.00464371 0.02851736
v -0.01199194 0.00485299 0.02850273
v -0.01160086 0.00500473 0.02874859
v -0.01153476 0.00484186 0.02917306
v -0.01095661 0.00462871 0.02950001
v -0.01060891 0.00461637 0.03039561
v -0.01125182 0.00483359 0.02970753
v -0.01077392 0.00480929 0.03131170
v -0.01097116 0.00482282 0.03044352
v -0.01085628 0.00481576 0.03090147
v -0.01041313 0.00460409 0.03133466
v -0.01071596 0.00467472 0.03367247
v -0.01085135 0.00477963 0.03349302
v -0.01049759 0.00457414 0.03354428
v -0.01069491 0.00473350 0.03312289
v -0.01040196 0.00458153 0.03298871
v -0.01061895 0.00472020 0.03281190
v -0.01063286 0.00475482 0.03226614
v -0.01035661 0.00458887 0.03242926
v -0.01035806 0.00459563 0.03192980
v -0.01083887 0.00464133 0.03425755
v -0.01090207 0.00464958 0.03436875
v -0.01106752 0.00455292 0.03512684
v -0.01129192 0.00475963 0.03479022
v -0.01151081 0.00475398 0.03517467
v -0.01157762 0.00438531 0.03561420
v -0.01163245 0.00453825 0.03600593
v -0.01165795 0.00481473 0.03557072
v -0.01211733 0.00460325 0.03639349
v -0.01240364 0.00473340 0.03635285
v -0.01278698 0.00451603 0.03717726
v -0.01301367 0.00472146 0.03690715
v -0.01343560 0.00450684 0.03762530
v -0.01376801 0.00470846 0.03740832
v -0.01446746 0.00449149 0.03812182
v -0.01451484 0.00469839 0.03775414
v -0.01525899 0.00461623 0.03810592
v -0.01530005 0.00447991 0.03835733
v -0.01686485 0.00445923 0.03850339
v -0.01583824 0.00467913 0.03809905
v -0.01602353 0.00446973 0.03847736
v -0.01783951 0.00444643 0.03841079
v -0.01790586 0.00464954 0.03802296
v -0.01923212 0.00442726 0.03795750
v -0.01849026 0.00480026 0.03804613
v -0.01854621 0.00451864 0.03807478
v -0.02019605 0.00448649 0.03726873
v -0.01982908 0.00477987 0.03744473
v -0.01934098 0.00462820 0.03752210
v -0.01973919 0.00441991 0.03771273
v -0.02043379 0.00456019 0.03691256
v -0.02063796 0.00440535 0.03709424
v -0.02041205 0.00461100 0.03681595
v -0.02034257 0.00461220 0.03687003
v -0.02099858 0.00439900 0.03678194
v -0.02197253 0.00457594 0.03489313
v -0.02095864 0.00460100 0.03633424
v -0.02164799 0.00430526 0.03591775
v -0.02163422 0.00458538 0.03547557
v -0.02176493 0.00422287 0.03559362
v -0.02204561 0.00447711 0.03513489
v -0.02238981 0.00436688 0.03484459
v -0.02262281 0.00453644 0.03213525
v -0.02297119 0.00433042 0.03211267
v -0.02254630 0.00454994 0.03309859
v -0.02246721 0.00455775 0.03351293
v -0.02289636 0.00434476 0.03323062
v -0.02258123 0.00445646 0.03381200
v -0.02257487 0.00445959 0.03387205
v -0.02215384 0.00485520 0.02966535
v -0.02175878 0.00449253 0.02913374
v -0.02215947 0.00428921 0.02910639
v -0.02194188 0.00428404 0.02875766
v -0.02164615 0.00448953 0.02895043
v -0.02294250 0.00432466 0.03161532
v -0.02293406 0.00432465 0.03152574
v -0.02255462 0.00452478 0.03134520
v -0.02268138 0.00441901 0.03104431
v -0.02265742 0.00410768 0.03119723
v -0.02264931 0.00418652 0.03070547
v -0.02231117 0.00451071 0.03031550
v -0.02238821 0.00429490 0.02953200
v -0.02209485 0.00450247 0.02976585
v -0.02067300 0.00446859 0.02779367
v -0.02173433 0.00430826 0.02892547
v -0.02156157 0.00437553 0.02849205
v -0.02120511 0.00447903 0.02835440
v -0.02147773 0.00427423 0.02812360
v -0.02091390 0.00447282 0.02803219
v -0.02094377 0.00426370 0.02756334
v -0.01980568 0.00445354 0.02713895
v -0.02050944 0.00436069 0.02742911
v -0.01996027 0.00424832 0.02681668
v -0.01964274 0.00417914 0.02670007
v -0.01836172 0.00422392 0.02611289
v -0.01893518 0.00444003 0.02669067
v -0.01814178 0.00442851 0.02643324
v -0.01731577 0.00421000 0.02592507
v -0.01657969 0.00419999 0.02588469
v -0.01728051 0.00441591 0.02626843
v -0.01652192 0.00440528 0.02624545
v -0.01570175 0.00418851 0.02596436
v -0.01570926 0.00460275 0.02623763
v -0.01492687 0.00438295 0.02650287
v -0.01470266 0.00417524 0.02619061
v -0.01253553 0.00424306 0.02765786
v -0.01275477 0.00429729 0.02759526
v -0.01394090 0.00433292 0.02678415
v -0.01284834 0.00414872 0.02717053
v -0.01402816 0.00428846 0.02670230
v -0.01455882 0.00437721 0.02663286
v -0.01472043 0.00437968 0.02657040
v -0.01228520 0.00423843 0.02791190
v -0.01160145 0.00412403 0.02842116
v -0.01195623 0.00433208 0.02854669
v -0.01091350 0.00410759 0.02956502
v -0.01134809 0.00431591 0.02948328
v -0.01093449 0.00429838 0.03055348
v -0.01058655 0.00409522 0.03050481
v -0.01051758 0.00413578 0.03124008
v -0.01061464 0.00420526 0.03137845
v -0.01035492 0.00406868 0.03249923
v -0.01048627 0.00405417 0.03352246
v -0.01071474 0.00427007 0.03266527
v -0.01089352 0.00425710 0.03365029
v -0.01072882 0.00404425 0.03434004
v -0.01103927 0.00424804 0.03416918
v -0.01113875 0.00417341 0.03471946
v -0.01116647 0.00403016 0.03529426
v -0.01156834 0.00423218 0.03528134
v -0.01156703 0.00417223 0.03578428
v -0.01205717 0.00394542 0.03617197
v -0.01252066 0.00400178 0.03696891
v -0.01264250 0.00420867 0.03660434
v -0.01310443 0.00409535 0.03718644
v -0.01330527 0.00409210 0.03732312
v -0.01355698 0.00398359 0.03769204
v -0.01447637 0.00397120 0.03812057
v -0.01385137 0.00418757 0.03745356
v -0.01530944 0.00395919 0.03836128
v -0.01455602 0.00417579 0.03776847
v -0.01503018 0.00416949 0.03792487
v -0.01582776 0.00395217 0.03845334
v -0.01566992 0.00416034 0.03807538
v -0.01736097 0.00413655 0.03811503
v -0.01725531 0.00393396 0.03848154
v -0.01673482 0.00409432 0.03823874
v -0.01646608 0.00414964 0.03815051
v -0.01636130 0.00394532 0.03850291
v -0.01805954 0.00392293 0.03835633
v -0.01848251 0.00412065 0.03787421
v -0.01909976 0.00390931 0.03802115
v -0.01914792 0.00411074 0.03761121
v -0.01964293 0.00395108 0.03765389
v -0.01956011 0.00410408 0.03740085
v -0.01959295 0.00390128 0.03778136
v -0.01982570 0.00389767 0.03765200
v -0.01997438 0.00389536 0.03756938
v -0.02018531 0.00373251 0.03721243
v -0.02039915 0.00388867 0.03728294
v -0.02003080 0.00409785 0.03710847
v -0.02044223 0.00397772 0.03705665
v -0.02109383 0.00387659 0.03668920
v -0.02086348 0.00408115 0.03641853
v -0.02123720 0.00410394 0.03627799
v -0.02156217 0.00357830 0.03596183
v -0.02157989 0.00373949 0.03569813
v -0.02201327 0.00405282 0.03480898
v -0.02215218 0.00385388 0.03531077
v -0.02182127 0.00405930 0.03517374
v -0.02244009 0.00403594 0.03368193
v -0.02278123 0.00383198 0.03374125
v -0.02230519 0.00420811 0.03459566
v -0.02254384 0.00384166 0.03449385
v -0.02214376 0.00358275 0.03464662
v -0.02210848 0.00398122 0.02979374
v -0.02239999 0.00377473 0.02957338
v -0.02239387 0.00384664 0.02982073
v -0.02275117 0.00378964 0.03054223
v -0.02261929 0.00401324 0.03198490
v -0.02293488 0.00380174 0.03150851
v -0.02297838 0.00381134 0.03229002
v -0.02258099 0.00402535 0.03284499
v -0.02268428 0.00364805 0.03307728
v -0.02285724 0.00382644 0.03336959
v -0.02187742 0.00397456 0.02932496
v -0.02198352 0.00376401 0.02879932
v -0.02190615 0.00418240 0.02920292
v -0.02156190 0.00396623 0.02881518
v -0.02144959 0.00396366 0.02866874
v -0.02154152 0.00380690 0.02834856
v -0.02124731 0.00385395 0.02812637
v -0.02103060 0.00358885 0.02789917
v -0.02091850 0.00388196 0.02786685
v -0.02050250 0.00373450 0.02719035
v -0.02020445 0.00393992 0.02741010
v -0.02021894 0.00373045 0.02698747
v -0.01979227 0.00387997 0.02703548
v -0.01983461 0.00393273 0.02716637
v -0.01984002 0.00372454 0.02675016
v -0.01930143 0.00379957 0.02661904
v -0.01850994 0.00391114 0.02653799
v -0.01873538 0.00370850 0.02623878
v -0.01886673 0.00381381 0.02648352
v -0.01899631 0.00391946 0.02672348
v -0.01787445 0.00390300 0.02636951
v -0.01800336 0.00369884 0.02602606
v -0.01713553 0.00368785 0.02590808
v -0.01638408 0.00367689 0.02589227
v -0.01701539 0.00389103 0.02624646
v -0.01617930 0.00387938 0.02626802
v -0.01603442 0.00364237 0.02617248
v -0.01520585 0.00386507 0.02641630
v -0.01506018 0.00365952 0.02609563
v -0.01555309 0.00366653 0.02598686
v -0.01574026 0.00366863 0.02596201
v -0.01431668 0.00365008 0.02633989
v -0.01431909 0.00385241 0.02672555
v -0.01397239 0.00374565 0.02669180
v -0.01357227 0.00363871 0.02669775
v -0.01361212 0.00384140 0.02708905
v -0.01355257 0.00363841 0.02670997
v -0.01333221 0.00399633 0.02705202
v -0.01277787 0.00362620 0.02721262
v -0.01302534 0.00383150 0.02748455
v -0.01201446 0.00361203 0.02793229
v -0.01250760 0.00382241 0.02793114
v -0.01161194 0.00360392 0.02841511
v -0.01206302 0.00381304 0.02841689
v -0.01181595 0.00380717 0.02875056
v -0.01152180 0.00368108 0.02879538
v -0.01094606 0.00358719 0.02950430
v -0.01144421 0.00379763 0.02933131
v -0.01118597 0.00378969 0.02986134
v -0.01114186 0.00378756 0.02997735
v -0.01091446 0.00370738 0.03018248
v -0.01071258 0.00364287 0.03048873
v -0.01064559 0.00366919 0.03102471
v -0.01038320 0.00355916 0.03158001
v -0.01071720 0.00376028 0.03177312
v -0.01110640 0.00311485 0.03488676
v -0.01113898 0.00372422 0.03444921
v -0.01079275 0.00352071 0.03451631
v -0.01065902 0.00352540 0.03412406
v -0.01080021 0.00366693 0.03377869
v -0.01078180 0.00374278 0.03314558
v -0.01044601 0.00353801 0.03326991
v -0.01071412 0.00375196 0.03245706
v -0.01037420 0.00354431 0.03271576
v -0.01035268 0.00355144 0.03215161
v -0.01168938 0.00308320 0.03590706
v -0.01134752 0.00368823 0.03503590
v -0.01191328 0.00349114 0.03635916
v -0.01238493 0.00369200 0.03634161
v -0.01263258 0.00368726 0.03657377
v -0.01231044 0.00348354 0.03676064
v -0.01273077 0.00368538 0.03666582
v -0.01249498 0.00348024 0.03693365
v -0.01257174 0.00330519 0.03676093
v -0.01282019 0.00347487 0.03720791
v -0.01324616 0.00367712 0.03708908
v -0.01343685 0.00346603 0.03762087
v -0.01395263 0.00345853 0.03789656
v -0.01417588 0.00366195 0.03760873
v -0.01450592 0.00365624 0.03774209
v -0.01440417 0.00345169 0.03808923
v -0.01462966 0.00365438 0.03779002
v -0.01445505 0.00355396 0.03791566
v -0.01477924 0.00344493 0.03821701
v -0.01480339 0.00365122 0.03785639
v -0.01501201 0.00344295 0.03828352
v -0.01548748 0.00359184 0.03812449
v -0.01577539 0.00343506 0.03843660
v -0.01624752 0.00338394 0.03845412
v -0.01665992 0.00353874 0.03819109
v -0.01697296 0.00362143 0.03814413
v -0.01760108 0.00361230 0.03807904
v -0.01838765 0.00359995 0.03790245
v -0.01726065 0.00349378 0.03827581
v -0.01886817 0.00359391 0.03772396
v -0.01970153 0.00358156 0.03731852
v -0.02020938 0.00357252 0.03698193
v -0.02065439 0.00356437 0.03661687
v -0.02105515 0.00355665 0.03621959
v -0.02115469 0.00355448 0.03609963
v -0.02134736 0.00325129 0.03603158
v -0.02276327 0.00366091 0.03276996
v -0.02224698 0.00352438 0.03426446
v -0.02241609 0.00351575 0.03373087
v -0.02258076 0.00348661 0.03155144
v -0.02262213 0.00349775 0.03230346
v -0.02245497 0.00340229 0.03049575
v -0.02247501 0.00347723 0.03090583
v -0.02252876 0.00348160 0.03121757
v -0.02269997 0.00319357 0.03038369
v -0.02235967 0.00347115 0.03048312
v -0.02238013 0.00347223 0.03055809
v -0.02204169 0.00345763 0.02962619
v -0.02123634 0.00343887 0.02838672
v -0.02161116 0.00344619 0.02888548
v -0.02180401 0.00345175 0.02920442
v -0.01607723 0.00321874 0.02610167
v -0.01636612 0.00336165 0.02625252
v -0.01692462 0.00336934 0.02625086
v -0.01756576 0.00337835 0.02631385
v -0.01809722 0.00338626 0.02641914
v -0.01886183 0.00339735 0.02666090
v -0.01954630 0.00340649 0.02699047
v -0.02019197 0.00341812 0.02740159
v -0.02077269 0.00371428 0.02765567
v -0.02085280 0.00343007 0.02796789
v -0.01627868 0.00336016 0.02625991
v -0.01625436 0.00308254 0.02590295
v -0.01587578 0.00307732 0.02594344
v -0.01579421 0.00335338 0.02630869
v -0.01548613 0.00307192 0.02600576
v -0.01555116 0.00334993 0.02635568
v -0.01526239 0.00334570 0.02641151
v -0.01495129 0.00338474 0.02643951
v -0.01326801 0.00331581 0.02730603
v -0.01371841 0.00332261 0.02702330
v -0.01146084 0.00319316 0.03509642
v -0.01126591 0.00319927 0.03470586
v -0.01115937 0.00320377 0.03447593
v -0.01072829 0.00309682 0.03342022
v -0.01068202 0.00294901 0.03288497
v -0.01063422 0.00304365 0.03265218
v -0.01070876 0.00324122 0.03179449
v -0.01090918 0.00325809 0.03065211
v -0.01118217 0.00326845 0.02987403
v -0.01142709 0.00327703 0.02934292
v -0.01201652 0.00329115 0.02847351
v -0.01244111 0.00330071 0.02799931
v -0.01284480 0.00330801 0.02763054
v -0.01245234 0.00317006 0.03640987
v -0.01255250 0.00316818 0.03650215
v -0.01223081 0.00289215 0.03668755
v -0.01241095 0.00288880 0.03685203
v -0.01265026 0.00316634 0.03659222
v -0.01206674 0.00317805 0.03598495
v -0.01319120 0.00315542 0.03704883
v -0.01373757 0.00314791 0.03738099
v -0.01445302 0.00282181 0.03779261
v -0.01440480 0.00313744 0.03770168
v -0.01417252 0.00286087 0.03798943
v -0.01445185 0.00313672 0.03772128
v -0.01431868 0.00285889 0.03804906
v -0.01514824 0.00312631 0.03795626
v -0.01516947 0.00312599 0.03796285
v -0.01589934 0.00315505 0.03814492
v -0.01567018 0.00291849 0.03834479
v -0.01798132 0.00696233 0.03834530
v -0.01701754 0.00695908 0.03843031
v -0.01542809 0.00676369 0.03804354
v -0.01597834 0.00695330 0.03838959
v -0.01508769 0.00698072 0.03824417
v -0.01437093 0.00696489 0.03796306
v -0.01402872 0.00697814 0.03783467
v -0.01321778 0.00699686 0.03739781
v -0.01247187 0.00701526 0.03682492
v -0.01217136 0.00702001 0.03653166
v -0.01202326 0.00680206 0.03601691
v -0.01863259 0.00695923 0.03816332
v -0.01948391 0.00671656 0.03754133
v -0.02028239 0.00693622 0.03735281
v -0.02080681 0.00672008 0.03666342
v -0.02150008 0.00692833 0.03606672
v -0.02177480 0.00666889 0.03524615
v -0.02230628 0.00698193 0.03476720
v -0.02251723 0.00697748 0.03422756
v -0.02277842 0.00697768 0.03318540
v -0.02253091 0.00663719 0.03321189
v -0.02285653 0.00697093 0.03194886
v -0.02255100 0.00662352 0.03134262
v -0.02258799 0.00695632 0.03048438
v -0.02197674 0.00661720 0.02953145
v -0.02163148 0.00658591 0.02893363
v -0.02134937 0.00694662 0.02819339
v -0.02049912 0.00657737 0.02766327
v -0.02046981 0.00693386 0.02737032
v -0.01915390 0.00692482 0.02658688
v -0.01906096 0.00656868 0.02676432
v -0.01822866 0.00657012 0.02646277
v -0.01677928 0.00683643 0.02600652
v -0.01666363 0.00682183 0.02598717
v -0.01626634 0.00680542 0.02594006
v -0.01556207 0.00647437 0.02634846
v -0.01548504 0.00647331 0.02636663
v -0.01286282 0.00659829 0.03723092
v -0.01327737 0.00628000 0.03708988
v -0.01316904 0.00659338 0.03744958
v -0.01884887 0.00619826 0.03773250
v -0.01908984 0.00651207 0.03802243
v -0.01878895 0.00651638 0.03813133
v -0.01866715 0.00620084 0.03779926
v -0.02256918 0.00644405 0.03440375
v -0.02223171 0.00612939 0.03428149
v -0.02267995 0.00643969 0.03409817
v -0.02261107 0.00609787 0.03210542
v -0.02260765 0.00609601 0.03197620
v -0.02290548 0.00640343 0.03131924
v -0.02286736 0.00640005 0.03107505
v -0.01639504 0.00628084 0.02590081
v -0.01641162 0.00596595 0.02625555
v -0.01632054 0.00596474 0.02625931
v -0.01611220 0.00627713 0.02591497
v -0.01568041 0.00595600 0.02633105
v -0.01411637 0.00624998 0.02643245
v -0.01426158 0.00593474 0.02675743
v -0.01417998 0.00593344 0.02679310
v -0.01392484 0.00624725 0.02651502
v -0.01036458 0.00615067 0.03246634
v -0.01071969 0.00583602 0.03244814
v -0.01073467 0.00583196 0.03272827
v -0.01858339 0.00599861 0.03820405
v -0.01874658 0.00567961 0.03777239
v -0.02000439 0.00597765 0.03755066
v -0.01999159 0.00565977 0.03712661
v -0.02034746 0.00597224 0.03731508
v -0.02063773 0.00596754 0.03709103
v -0.02041181 0.00565219 0.03681705
v -0.02058306 0.00564900 0.03667767
v -0.02192002 0.00594279 0.03568305
v -0.02155912 0.00562884 0.03557471
v -0.01455656 0.00541817 0.02662920
v -0.01403045 0.00572854 0.02646740
v -0.01435430 0.00541519 0.02671570
v -0.01371610 0.00572406 0.02662761
v -0.01388399 0.00540818 0.02693970
v -0.01369505 0.00540531 0.02704171
v -0.01334611 0.00571861 0.02683763
v -0.01325477 0.00539831 0.02732116
v -0.01305175 0.00571404 0.02702926
v -0.01243440 0.00570327 0.02752242
v -0.01267505 0.00538809 0.02778341
v -0.01251538 0.00538498 0.02793244
v -0.01052310 0.00565330 0.03076669
v -0.01087037 0.00533777 0.03084419
v -0.01081889 0.00533452 0.03107259
v -0.01048535 0.00561708 0.03345707
v -0.01080813 0.00530280 0.03327991
v -0.01090704 0.00529676 0.03372019
v -0.01056412 0.00561261 0.03380929
v -0.01364439 0.00554543 0.03773358
v -0.01411870 0.00522513 0.03758032
v -0.01396827 0.00554067 0.03789745
v -0.01251001 0.00518364 0.02745555
v -0.01274540 0.00486818 0.02772212
v -0.01259211 0.00486532 0.02785334
v -0.01147114 0.00516274 0.02862128
v -0.01176699 0.00484763 0.02882063
v -0.01169415 0.00484582 0.02893117
v -0.01129013 0.00515847 0.02889216
v -0.01049774 0.00513106 0.03085764
v -0.01086992 0.00481672 0.03083681
v -0.01084265 0.00481479 0.03096612
v -0.01584037 0.00471144 0.02594497
v -0.01555501 0.00439148 0.02635429
v -0.01548832 0.00470659 0.02600129
v -0.01138727 0.00454396 0.03565107
v -0.01168380 0.00422874 0.03545262
v -0.01185216 0.00422458 0.03570205
v -0.01212692 0.00421852 0.03604885
v -0.01185693 0.00453358 0.03627891
v -0.02187074 0.00438185 0.03575634
v -0.02174239 0.00406176 0.03530048
v -0.02210477 0.00437605 0.03538563
v -0.02025645 0.00389091 0.03737917
v -0.02005269 0.00357514 0.03708686
v -0.02017566 0.00357308 0.03700451
v -0.02294022 0.00381879 0.03278650
v -0.02258632 0.00350304 0.03275341
v -0.02259540 0.00350196 0.03267658
v -0.02115723 0.00374658 0.02777497
v -0.02090786 0.00343119 0.02802759
v -0.02090397 0.00343111 0.02802337
v -0.02108047 0.00374512 0.02769370
v -0.02059681 0.00342529 0.02773679
v -0.02083113 0.00374072 0.02746927
v -0.01131849 0.00350490 0.03554117
v -0.01168881 0.00318706 0.03546522
v -0.01145360 0.00350141 0.03575796
v 0.02252479 0.00423093 0.03552917
v 0.02251443 0.00443043 0.03990498
v 0.02267893 0.00389258 0.03990498
v 0.02258304 0.00409823 0.03990498
v 0.02280908 0.00370671 0.03990498
v 0.02306247 0.00348118 0.03990498
v 0.02282111 0.00368700 0.03561581
v 0.02342176 0.00330040 0.03575471
v 0.02347065 0.00329084 0.03990498
v 0.02315697 0.00341437 0.03570216
v 0.02391931 0.00325159 0.03990498
v 0.02362670 0.00325415 0.03578224
v 0.02435433 0.00336816 0.03990498
v 0.02397498 0.00324330 0.03580776
v 0.02425073 0.00332206 0.03578995
v 0.02464303 0.00354626 0.03990498
v 0.02442881 0.00340019 0.03577022
v 0.02480348 0.00370671 0.03990498
v 0.02473842 0.00362544 0.03570413
v 0.02493363 0.00389258 0.03990498
v 0.02496762 0.00395536 0.03562371
v 0.02502953 0.00409823 0.03990498
v 0.02500257 0.00403955 0.03560700
v 0.02509320 0.00459997 0.03990498
v 0.02507101 0.00421960 0.03557120
v 0.02510545 0.00465860 0.03553302
v 0.02486856 0.00528727 0.03990498
v 0.02502953 0.00498868 0.03990498
v 0.02495541 0.00517623 0.03556541
v 0.02455010 0.00560573 0.03990498
v 0.02462377 0.00557107 0.03566349
v 0.02401851 0.00584239 0.03578444
v 0.02414192 0.00579606 0.03990498
v 0.02347065 0.00579606 0.03990498
v 0.02340821 0.00579072 0.03579572
v 0.02288931 0.00546043 0.03990498
v 0.02295880 0.00553923 0.03572723
v 0.02261630 0.00503671 0.03990498
v 0.02258391 0.00503034 0.03559853
v 0.02530290 -0.00480381 0.03990498
v 0.02574812 -0.00488231 0.03990498
v 0.02485769 -0.00732880 0.03990498
v 0.02400115 -0.00610556 0.03990498
v 0.02402093 -0.00633160 0.03990498
v 0.02407966 -0.00655078 0.03990498
v 0.02417556 -0.00675643 0.03990498
v 0.02438594 -0.00702253 0.03990498
v 0.02465203 -0.00723291 0.03990498
v 0.02535942 -0.00739248 0.03990498
v 0.02585095 -0.00728086 0.03990498
v 0.02613965 -0.00710276 0.03990498
v 0.02630011 -0.00694231 0.03990498
v 0.02647820 -0.00665361 0.03990498
v 0.02659477 -0.00621858 0.03990498
v 0.02658488 -0.00587951 0.03990498
v 0.02643025 -0.00545468 0.03990498
v 0.02630011 -0.00526881 0.03990498
v 0.02613965 -0.00510836 0.03990498
v 0.02595378 -0.00497821 0.03990498
v 0.02552895 -0.00482358 0.03990498
v 0.02507686 -0.00482358 0.03990498
v 0.02475486 -0.00493026 0.03990498
v 0.02438594 -0.00518859 0.03990498
v 0.02407966 -0.00566033 0.03990498
v 0.02402093 -0.00587951 0.03990498
v 0.02288110 -0.00277545 0.03990498
v 0.02654899 0.00089245 0.03990498
v 0.02683209 0.00051366 0.03473118
v 0.02619169 0.00124912 0.03519765
v 0.02585635 0.00147365 0.03990498
v 0.02533077 0.00170249 0.03560600
v 0.02535817 0.00169533 0.03559762
v 0.02544504 0.00166544 0.03990498
v 0.02575676 0.00152787 0.03542803
v 0.02478064 0.00180267 0.03990498
v 0.02496833 0.00178711 0.03571271
v 0.02410250 0.00178290 0.03990498
v 0.02366415 0.00166544 0.03990498
v 0.02423572 0.00181925 0.03581059
v 0.02347810 0.00158761 0.03572007
v 0.02325285 0.00147365 0.03990498
v 0.02288110 0.00121334 0.03990498
v 0.02243005 0.00070657 0.03990498
v 0.02251987 0.00085641 0.03528548
v 0.02301084 0.00132275 0.03556666
v 0.02209125 0.00009958 0.03485305
v 0.02195110 -0.00078105 0.03990498
v 0.02199254 -0.00032920 0.03467994
v 0.02210811 -0.00167150 0.03990498
v 0.02256020 -0.00245455 0.03990498
v 0.02325285 -0.00303575 0.03990498
v 0.02410250 -0.00334500 0.03990498
v 0.02366415 -0.00322754 0.03990498
v 0.02522587 -0.00328627 0.03990498
v 0.02585635 -0.00303575 0.03990498
v 0.02638854 -0.00261500 0.03990498
v 0.02680929 -0.00208280 0.03990498
v 0.02700108 -0.00167150 0.03990498
v 0.02711854 -0.00123315 0.03990498
v 0.02700820 0.00008961 0.03459009
v -0.01536065 0.00208682 0.03990498
v -0.01538043 0.00231287 0.03990498
v -0.01543916 0.00253205 0.03990498
v -0.01553505 0.00273770 0.03990498
v -0.01562750 0.00287737 0.03838698
v -0.01583339 0.00307577 0.03818343
v -0.01666240 0.00338857 0.03990498
v -0.01765960 0.00292357 0.03990498
v -0.01778975 0.00273770 0.03990498
v -0.01788564 0.00253205 0.03990498
v -0.01795426 0.00197380 0.03990498
v -0.01794438 0.00231287 0.03990498
v -0.01788564 0.00164160 0.03990498
v -0.01757937 0.00116985 0.03990498
v -0.01654938 0.00079496 0.03990498
v -0.01601153 0.00095947 0.03990498
v -0.01553505 0.00143595 0.03990498
v -0.01543916 0.00164160 0.03990498
v -0.00901302 -0.00584266 0.02626263
v -0.00892404 -0.00571288 0.02470053
v -0.00894157 -0.00573458 0.02782473
v -0.00900546 -0.00583306 0.02782473
v -0.00824059 -0.00542151 0.02665316
v -0.00797597 -0.00547596 0.02626263
v -0.00901302 0.00457134 0.02626263
v -0.00892404 0.00470112 0.02470053
v -0.00894157 0.00467942 0.02782473
v -0.00900546 0.00458094 0.02782473
v -0.00824059 0.00499249 0.02665316
v -0.00797597 0.00493804 0.02626263
v -0.00898030 -0.01093471 0.03875949
v -0.00898030 -0.01093471 0.02579398
v -0.01236486 -0.01093471 0.02579398
v -0.02884592 -0.01093471 0.02718762
v -0.02901135 -0.01093471 0.02534155
v -0.02677488 -0.01093471 0.02752713
v -0.02137299 -0.01093471 0.02766858
v -0.02821475 -0.01093471 0.02720642
v -0.02669157 -0.01093471 0.02657505
v -0.02677488 -0.01093471 0.02645609
v -0.02137299 -0.01093471 0.02579398
v -0.02824620 -0.01093471 0.02699161
v -0.02659262 -0.01093471 0.02684694
v -0.02687756 -0.01093471 0.02635341
v -0.02720480 -0.01093471 0.02621430
v -0.02813458 -0.01093471 0.02657505
v -0.02755775 -0.01093471 0.02781208
v -0.02949588 -0.01093471 0.02818925
v -0.02712813 -0.01093471 0.02777449
v -0.02137299 -0.01093471 0.02818925
v -0.02693276 -0.01093471 0.02766848
v -0.02622181 -0.01093471 0.02871873
v -0.02698706 -0.01093471 0.02916375
v -0.02746108 -0.01093471 0.02991831
v -0.02344365 -0.01093471 0.02855371
v -0.02640112 -0.01093471 0.03616599
v -0.02755557 -0.01093471 0.03465422
v -0.02783286 -0.01093471 0.03520606
v -0.02759710 -0.01093471 0.03428141
v -0.00898030 -0.01093471 0.02818925
v -0.01236486 -0.01093471 0.02818925
v -0.01653048 -0.01093471 0.02818925
v -0.00898119 -0.01093471 0.02855371
v -0.00553152 -0.01093471 0.02818925
v -0.00553152 -0.01093471 0.03657247
v -0.00316887 -0.01093471 0.03616332
v -0.00423942 -0.01093471 0.03008692
v -0.00375366 -0.01093471 0.02920418
v -0.00536888 -0.01093471 0.02876572
v -0.00436383 -0.01093471 0.03516823
v -0.00420713 -0.01093471 0.03465422
v -0.00477564 -0.01093471 0.02916375
v -0.00416560 -0.01093471 0.03063651
v -0.00605239 -0.01093471 0.03635497
v -0.00569881 -0.01093471 0.03629039
v -0.00553159 -0.01093471 0.03622870
v -0.00624840 -0.01093471 0.03636421
v -0.00898030 -0.01093471 0.03657247
v -0.00898030 -0.01093471 0.03636421
v -0.01236486 -0.01093471 0.03766598
v -0.01236486 -0.01093471 0.03636421
v -0.01653048 -0.01093471 0.03657247
v -0.02571031 -0.01093471 0.03635497
v -0.02137299 -0.01093471 0.03657247
v -0.01895173 -0.01093471 0.03636421
v -0.00872084 -0.01093471 0.03990498
v -0.00156210 -0.01093471 0.03689871
v -0.00478506 -0.01093471 0.03875949
v -0.00553152 -0.01093471 0.03875949
v -0.00468630 -0.01093471 0.02803301
v -0.00156210 -0.01093471 0.02803301
v -0.00553152 -0.01093471 0.02673128
v -0.00898030 -0.01093471 0.02766858
v -0.02137299 -0.01093471 0.03875949
v -0.02282740 -0.01093471 0.03844520
v -0.02363656 -0.01093471 0.03860505
v -0.02259003 -0.01093471 0.03813786
v -0.02263011 -0.01093471 0.03740561
v -0.02271342 -0.01093471 0.03728666
v -0.02293506 -0.01093471 0.03710066
v -0.02306668 -0.01093471 0.03703929
v -0.02562898 -0.01093471 0.03680588
v -0.02335162 -0.01093471 0.03698905
v -0.02398982 -0.01093471 0.03728666
v -0.02407312 -0.01093471 0.03740561
v -0.02413449 -0.01093471 0.03753723
v -0.02417208 -0.01093471 0.03767751
v -0.02413794 -0.01093471 0.03806988
v -0.02020776 -0.01093471 0.03768792
v -0.01653048 -0.01093471 0.03875949
v -0.01874110 -0.01093471 0.03875940
v -0.01845244 -0.01093471 0.03855575
v -0.01966163 -0.01093471 0.03690796
v -0.02021160 -0.01093471 0.03800302
v -0.02016461 -0.01093471 0.03817835
v -0.01998377 -0.01093471 0.03849157
v -0.01828413 -0.01093471 0.03834288
v -0.02008790 -0.01093471 0.03730148
v -0.01818195 -0.01093471 0.03802287
v -0.02126883 -0.01093471 0.03931451
v -0.01820742 -0.01093471 0.03746599
v -0.01828413 -0.01093471 0.03730148
v -0.01866532 -0.01093471 0.03692029
v -0.01909835 -0.01093471 0.03682009
v -0.01653048 -0.01093471 0.03990498
v -0.01342898 -0.01093471 0.02749333
v -0.01236486 -0.01093471 0.02766858
v -0.01330029 -0.01093471 0.02727656
v -0.01653048 -0.01093471 0.02579398
v -0.01354765 -0.01093471 0.02635341
v -0.01336166 -0.01093471 0.02657505
v -0.01330029 -0.01093471 0.02670667
v -0.01373241 -0.01093471 0.02623942
v -0.01439885 -0.01093471 0.02623003
v -0.01472137 -0.01093471 0.02645609
v -0.01480467 -0.01093471 0.02657505
v -0.01490363 -0.01093471 0.02713628
v -0.01478886 -0.01093471 0.02739778
v -0.01653048 -0.01093471 0.02766858
v -0.01326270 -0.01093471 0.02699161
v -0.01490996 -0.01093471 0.02691928
v -0.01418621 -0.01093471 0.02777794
v -0.01379822 -0.01093471 0.02777449
v -0.00898030 -0.01093471 0.02470053
v -0.01025743 -0.01093471 0.02544534
v -0.01043826 -0.01093471 0.02542951
v -0.01157965 -0.01093471 0.02509643
v -0.01061910 -0.01093471 0.02544534
v -0.01106353 -0.01093471 0.02565131
v -0.01141686 -0.01093471 0.02682709
v -0.01134014 -0.01093471 0.02699161
v -0.01113467 -0.01093471 0.02723052
v -0.01147175 -0.01093471 0.02638049
v -0.01006627 -0.01093471 0.02742487
v -0.00976887 -0.01093471 0.02726867
v -0.00941269 -0.01093471 0.02665175
v -0.00939687 -0.01093471 0.02647091
v -0.00941269 -0.01093471 0.02629008
v -0.00955009 -0.01093471 0.02595812
v -0.00964051 -0.01093471 0.02714031
v -0.00945967 -0.01093471 0.02682709
v -0.00510891 -0.01093471 0.02618455
v -0.00709241 -0.01093471 0.03835769
v -0.00700911 -0.01093471 0.03823874
v -0.00691015 -0.01093471 0.03796684
v -0.00758595 -0.01093471 0.03700171
v -0.00773062 -0.01093471 0.03698905
v -0.00787529 -0.01093471 0.03700171
v -0.00801556 -0.01093471 0.03703929
v -0.00814718 -0.01093471 0.03710066
v -0.00826614 -0.01093471 0.03718397
v -0.00836882 -0.01093471 0.03728666
v -0.00851349 -0.01093471 0.03810711
v -0.00855108 -0.01093471 0.03796684
v -0.00856374 -0.01093471 0.03782218
v -0.00737987 -0.01093471 0.03706998
v -0.00767692 -0.01093471 0.03863171
v -0.00851349 -0.01093471 0.03753723
v -0.00855108 -0.01093471 0.03767751
v -0.00835506 -0.01093471 0.03834471
v -0.00689750 -0.01093471 0.03782218
v -0.00697279 -0.01093471 0.03752827
v -0.01895173 -0.01093471 0.02470053
v 0.00755865 -0.00584266 0.02626263
v 0.00764763 -0.00571288 0.02470053
v 0.00763010 -0.00573458 0.02782473
v 0.00756621 -0.00583306 0.02782473
v 0.00833109 -0.00542151 0.02665316
v 0.00859570 -0.00547596 0.02626263
v 0.00755865 0.00457134 0.02626263
v 0.00764763 0.00470112 0.02470053
v 0.00833109 0.00499249 0.02665316
v 0.00859570 0.00493804 0.02626263
v 0.00856967 0.00494529 0.02782473
v 0.01510030 -0.00885191 0.03469797
v 0.00568233 -0.00885191 0.02636677
v 0.03023361 -0.00885191 0.02470053
v 0.02247377 -0.00885191 0.03334480
v 0.03023361 -0.00885191 0.03782218
v 0.02894695 -0.00885191 0.03127075
v 0.02456403 -0.00885191 0.02879186
v 0.01810656 -0.00885191 0.03990498
v 0.02269531 -0.00885191 0.03392622
v 0.02258409 -0.00885191 0.03367302
v 0.02659248 -0.00885191 0.03566882
v 0.02899469 -0.00885191 0.03285027
v 0.02894773 -0.00885191 0.03312678
v 0.02892455 -0.00885191 0.03326333
v 0.02900940 -0.00885191 0.03256261
v 0.02899852 -0.00885191 0.03198750
v 0.02879368 -0.00885191 0.03072421
v 0.02876942 -0.00885191 0.03065205
v 0.02859547 -0.00885191 0.03028997
v 0.02236835 -0.00885191 0.03183461
v 0.02292139 -0.00885191 0.03432223
v 0.02316684 -0.00885191 0.03464418
v 0.02842236 -0.00885191 0.03438208
v 0.02854380 -0.00885191 0.03418296
v 0.02863423 -0.00885191 0.03403473
v 0.02880073 -0.00885191 0.03366384
v 0.02854579 -0.00885191 0.03021319
v 0.02836695 -0.00885191 0.02993681
v 0.02780631 -0.00885191 0.02935145
v 0.02706429 -0.00885191 0.02889036
v 0.02334562 -0.00885191 0.02956972
v 0.02287207 -0.00885191 0.03015176
v 0.02251290 -0.00885191 0.03093860
v 0.02241179 -0.00885191 0.03302987
v 0.02511764 -0.00885191 0.03575214
v 0.02683512 -0.00885191 0.03785133
v 0.02719857 -0.00885191 0.03544309
v 0.02751359 -0.00885191 0.03526224
v 0.02404459 -0.00885191 0.02903141
v 0.02386417 -0.00885191 0.02913499
v 0.02357237 -0.00885191 0.02935286
v 0.02236572 -0.00885191 0.03188619
v 0.02393857 -0.00885191 0.03530918
v 0.02404476 -0.00885191 0.03536517
v 0.02443932 -0.00885191 0.03555456
v 0.02581882 -0.00885191 0.03579373
v 0.02555893 -0.00885191 0.02860349
v 0.02681259 -0.00885191 0.02879497
v 0.02606440 -0.00885191 0.02862291
v 0.02506681 0.00728980 0.03536955
v 0.02229463 0.00728980 0.03560731
v 0.02177382 0.00728980 0.03536955
v 0.02313464 0.00728980 0.03577736
v 0.02399166 0.00728980 0.03575285
v 0.02454599 0.00728980 0.03560731
v 0.02055992 0.00728980 0.03418620
v 0.02089336 0.00728980 0.03464825
v 0.02130204 0.00728980 0.03504666
v 0.02594726 0.00728980 0.03464825
v 0.02663487 0.00550525 0.03397980
v 0.02725253 0.00012395 0.03424451
v 0.02146338 -0.00068966 0.03375079
v 0.02082105 0.00329073 0.03351141
v 0.02087344 0.00329809 0.03072330
v 0.02159054 -0.00067179 0.03036767
v 0.02055992 0.00728980 0.03021103
v 0.02170245 0.00135883 0.02978454
v 0.02236024 -0.00056361 0.02938817
v 0.02199722 0.00338643 0.02924289
v -0.01721495 0.00728980 0.03866011
v -0.02162018 0.00728980 0.03641575
v -0.02311646 0.00728980 0.03282291
v -0.02280255 0.00728980 0.03003935
v -0.02091064 0.00728980 0.02726746
v -0.01897639 0.00728980 0.02611509
v -0.01788932 0.00728980 0.02580655
v -0.01999373 0.00728980 0.02660700
v -0.02169951 0.00728980 0.02807655
v -0.02233654 0.00728980 0.02900990
v -0.02308348 0.00728980 0.03113389
v -0.02251761 0.00728980 0.03498450
v -0.02081607 0.00728980 0.03720969
v -0.01937350 0.00728980 0.03808882
v -0.01500993 0.00728980 0.03846870
v -0.01024141 0.00728980 0.03113339
v -0.01056420 0.00728980 0.03447364
v -0.01137683 0.00728980 0.03595458
v -0.01020828 0.00728980 0.03282231
v -0.01119046 0.00728980 0.02880028
v -0.01333124 0.00728980 0.02660691
v -0.01517304 0.00728980 0.02593183
v -0.01671383 0.00728980 0.02569027
v -0.01343723 0.00728980 0.03785212
v 0.03023361 0.00728980 0.03782218
v 0.02815081 -0.00885191 0.03990498
v 0.02815081 0.00728980 0.03990498
v 0.02257765 0.00493050 0.03990498
v 0.01810656 0.00728980 0.03990498
v 0.02336106 0.00576670 0.03990498
v 0.02210811 0.00010940 0.03990498
v 0.02229990 0.00052070 0.03990498
v 0.02148212 -0.00809035 0.03990498
v 0.02201507 -0.00083413 0.03990498
v 0.02480348 0.00538020 0.03990498
v 0.02498158 0.00509150 0.03990498
v 0.02315053 -0.00409418 0.03990498
v 0.02252431 0.00431741 0.03990498
v 0.02250454 0.00454346 0.03990498
v 0.02508825 0.00476950 0.03990498
v 0.02551372 0.00342646 0.03990498
v 0.02706970 -0.00022280 0.03990498
v 0.02665059 -0.00347016 0.03990498
v 0.02633012 -0.00350653 0.03990498
v 0.02256020 0.00089245 0.03990498
v 0.02435433 0.00571875 0.03990498
v 0.02464303 0.00554065 0.03990498
v 0.02522471 0.00317630 0.03990498
v 0.02417556 -0.00545468 0.03990498
v 0.02430571 -0.00526881 0.03990498
v 0.02446616 -0.00510836 0.03990498
v 0.02660465 -0.00610556 0.03990498
v 0.02736784 -0.00759176 0.03990498
v 0.02652615 -0.00655078 0.03990498
v 0.02455909 -0.00716783 0.03990498
v 0.02440305 0.00257133 0.03990498
v 0.02500669 0.00178290 0.03990498
v 0.02358024 0.00582543 0.03990498
v 0.02380629 0.00584520 0.03990498
v 0.02403233 0.00582543 0.03990498
v 0.02430571 -0.00694231 0.03990498
v 0.02522713 -0.00442937 0.03990498
v 0.02336106 0.00332021 0.03990498
v 0.02315541 0.00341611 0.03990498
v 0.02296953 0.00354626 0.03990498
v 0.02643025 -0.00675643 0.03990498
v 0.02373522 0.00245357 0.03990498
v 0.02358024 0.00326148 0.03990498
v 0.02654899 -0.00245455 0.03990498
v 0.02622809 -0.00277545 0.03990498
v 0.02530290 -0.00738753 0.03990498
v 0.02495110 0.00254077 0.03990498
v -0.02111423 0.00460440 0.03990498
v -0.01749915 0.00308402 0.03990498
v -0.01731328 0.00321417 0.03990498
v -0.01654938 0.00337868 0.03990498
v -0.02428888 -0.01093471 0.03990498
v -0.00676910 0.00728980 0.03990498
v -0.01621718 0.00331007 0.03990498
v -0.01601153 0.00321417 0.03990498
v -0.01566520 0.00125007 0.03990498
v -0.00676910 -0.01093471 0.03990498
v -0.01582565 0.00108962 0.03990498
v -0.00898030 -0.01093471 0.03990498
v -0.01429102 -0.00503556 0.03990498
v -0.01582565 0.00308402 0.03990498
v -0.01566520 0.00292357 0.03990498
v -0.01538043 0.00186078 0.03990498
v -0.01749915 0.00108962 0.03990498
v -0.01765960 0.00125007 0.03990498
v -0.01778975 0.00143595 0.03990498
v -0.01827679 -0.00203805 0.03990498
v -0.01648342 -0.00506493 0.03990498
v -0.01688845 0.00080485 0.03990498
v -0.00746537 -0.00639307 0.02470053
v -0.00745272 -0.00624840 0.02470053
v -0.00468630 -0.01093471 0.02470053
v -0.02949588 0.00728980 0.02470053
v -0.00607584 0.00580003 0.02470053
v -0.00900734 0.00458216 0.02470053
v -0.00906871 0.00445054 0.02470053
v -0.00910630 0.00431027 0.02470053
v -0.00908789 0.00402529 0.02470053
v -0.00753365 0.00451635 0.02470053
v -0.00769897 0.00475246 0.02470053
v -0.00798824 0.00492877 0.02470053
v -0.00882136 0.00480381 0.02470053
v -0.00900437 -0.00354501 0.02470053
v -0.00910630 -0.00639307 0.02470053
v -0.02137299 -0.01093471 0.02470053
v -0.00906871 -0.00653335 0.02470053
v -0.01653048 -0.01093471 0.02470053
v -0.00900734 -0.00666496 0.02470053
v -0.01236486 -0.01093471 0.02470053
v -0.00892404 -0.00678392 0.02470053
v -0.00882136 -0.00688661 0.02470053
v -0.00870240 -0.00696991 0.02470053
v -0.00857078 -0.00703128 0.02470053
v -0.00843051 -0.00706886 0.02470053
v -0.00811046 -0.00704106 0.02470053
v -0.00553152 -0.01093471 0.02470053
v -0.00857078 0.00338272 0.02470053
v -0.00843051 0.00334514 0.02470053
v -0.00857078 -0.00546553 0.02470053
v -0.00764763 0.00363008 0.02470053
v -0.00786928 0.00344410 0.02470053
v -0.00775032 -0.00688661 0.02470053
v -0.00764763 -0.00678392 0.02470053
v -0.00756433 -0.00666496 0.02470053
v -0.00750296 -0.00653335 0.02470053
v -0.00870240 -0.00552690 0.02470053
v -0.00748848 0.00400776 0.02470053
v -0.00748417 -0.00603359 0.02470053
v -0.00756433 -0.00583184 0.02470053
v -0.00764763 -0.00571288 0.02470053
v -0.00775032 -0.00561019 0.02470053
v -0.00786928 -0.00552690 0.02470053
v -0.00800089 0.00338272 0.02470053
v -0.00814117 0.00334514 0.02470053
v -0.00800089 -0.00546553 0.02470053
v -0.00814117 -0.00542794 0.02470053
v -0.00828584 0.00333248 0.02470053
v -0.00828584 -0.00541528 0.02470053
v -0.00843051 -0.00542794 0.02470053
v 0.03023361 0.00728980 0.02470053
v 0.00910630 0.00431027 0.02470053
v 0.00891434 0.00469298 0.02470053
v 0.00891434 -0.00343662 0.02470053
v 0.00800089 0.00338272 0.02470053
v 0.00814116 0.00334514 0.02470053
v 0.00568233 -0.00885191 0.02470053
v 0.00800089 -0.00703128 0.02470053
v 0.00870239 -0.00696991 0.02470053
v 0.00882135 -0.00688661 0.02470053
v 0.00892405 -0.00678392 0.02470053
v 0.00900734 -0.00666496 0.02470053
v 0.00863659 -0.00328415 0.02470053
v 0.00870239 0.00344410 0.02470053
v 0.00900734 0.00374904 0.02470053
v 0.00906871 0.00388065 0.02470053
v 0.00857078 -0.00703128 0.02470053
v 0.00892405 0.00363008 0.02470053
v 0.00910630 0.00402093 0.02470053
v 0.00911895 0.00416560 0.02470053
v 0.00906871 -0.00653335 0.02470053
v 0.00909067 -0.00606976 0.02470053
v 0.00839324 0.00498299 0.02470053
v 0.00691175 0.00613793 0.02470053
v 0.00756433 0.00374904 0.02470053
v 0.00764763 0.00363008 0.02470053
v 0.00800089 0.00494847 0.02470053
v 0.00786927 0.00488710 0.02470053
v 0.00775032 0.00480381 0.02470053
v 0.00756433 0.00458216 0.02470053
v 0.00750296 0.00445054 0.02470053
v 0.00748417 0.00395079 0.02470053
v 0.00775032 0.00352739 0.02470053
v 0.00786927 0.00344410 0.02470053
v 0.00761631 -0.00671721 0.02470053
v 0.00800089 -0.00546553 0.02470053
v 0.00786927 -0.00552690 0.02470053
v 0.00750296 -0.00596346 0.02470053
v 0.00756433 -0.00583184 0.02470053
v 0.00786927 -0.00696991 0.02470053
v 0.00843051 0.00334514 0.02470053
v 0.00843051 -0.00542794 0.02470053
v 0.00828583 0.00333248 0.02470053
v 0.00828583 -0.00541528 0.02470053
v 0.00814116 -0.00542794 0.02470053
v 0.00775032 -0.00561019 0.02470053
v -0.02121812 0.00728980 0.03681272
v -0.02276036 0.00728980 0.03447429
v -0.02949588 0.00728980 0.03469797
v 0.01869746 0.00728980 0.03515264
v -0.00468630 0.00728980 0.02470053
v -0.01543555 0.00728980 0.02580654
v -0.00468630 0.00728980 0.02803301
v -0.01434853 0.00728980 0.02611505
v -0.01727586 0.00728980 0.02574861
v -0.02306206 0.00728980 0.03338529
v -0.02317086 0.00728980 0.03226053
v -0.01210607 0.00728980 0.03681212
v -0.01010316 0.00728980 0.03887855
v -0.01583617 0.00728980 0.03858803
v 0.02668461 0.00728980 0.03312768
v 0.02652894 0.00728980 0.03367426
v -0.01162550 0.00728980 0.02807631
v -0.00156210 0.00728980 0.03469797
v -0.01241435 0.00728980 0.02726729
v 0.02009714 0.00728980 0.03188619
v 0.00568233 0.00728980 0.02803301
v 0.02012678 0.00728980 0.03284520
v -0.01098844 0.00728980 0.02900956
v -0.01052240 0.00728980 0.03003893
v -0.01026263 0.00728980 0.03338467
v -0.01104956 0.00728980 0.03549405
v -0.02102819 0.00728980 0.03925892
v 0.02009756 0.00728980 0.03183450
v 0.02015600 0.00728980 0.03126956
v 0.00568233 0.00728980 0.02470053
v 0.02057025 0.00728980 0.03030168
v 0.02668461 0.00728980 0.03126956
v 0.02674307 0.00728980 0.03183450
v 0.02574292 0.00728980 0.03484746
v 0.02660881 0.00728980 0.03763726
v 0.02553858 0.00728980 0.02935057
v 0.02594726 0.00728980 0.02974897
v 0.02652894 0.00728980 0.03072297
v 0.02412599 0.00728980 0.03569233
v 0.02177382 0.00728980 0.02902768
v 0.02506681 0.00728980 0.02902768
v 0.02284896 0.00728980 0.03575285
v 0.02257180 0.00728980 0.02871715
v 0.02426882 0.00728980 0.02871715
v -0.01077640 -0.00781050 0.02672651
v -0.01019400 -0.00781050 0.02589805
v -0.01032590 -0.00781050 0.02564541
v -0.01044452 -0.00781050 0.02563782
v -0.01126199 -0.00781050 0.02659567
v -0.01097910 -0.00781050 0.02710462
v -0.01088341 -0.00781050 0.02717514
v -0.01077865 -0.00781050 0.02723132
v -0.01066697 -0.00781050 0.02727203
v -0.01055063 -0.00781050 0.02729642
v -0.01043201 -0.00781050 0.02730401
v -0.01031351 -0.00781050 0.02729464
v -0.00960517 -0.00781050 0.02646466
v -0.00998260 -0.00781050 0.02716838
v -0.01019755 -0.00781050 0.02726850
v -0.01008649 -0.00781050 0.02722612
v -0.00971456 -0.00781050 0.02676630
v -0.01107610 -0.00781050 0.02618301
v -0.00963715 -0.00781050 0.02669962
v -0.00961276 -0.00781050 0.02658328
v -0.00965750 -0.01301751 0.02675546
v -0.01058071 -0.01301751 0.02707785
v -0.01127136 -0.01301751 0.02647717
v -0.01088341 -0.01301751 0.02717514
v -0.00960517 -0.01301751 0.02646466
v -0.01126377 -0.01301751 0.02635855
v -0.01123938 -0.01301751 0.02624221
v -0.01119868 -0.01301751 0.02613052
v -0.01067898 -0.01301751 0.02567333
v -0.01056302 -0.01301751 0.02564719
v -0.01044452 -0.01301751 0.02563782
v -0.01032590 -0.01301751 0.02564541
v -0.01020956 -0.01301751 0.02566980
v -0.01009788 -0.01301751 0.02571050
v -0.01043201 -0.01301751 0.02730401
v -0.01114249 -0.01301751 0.02602577
v -0.01107198 -0.01301751 0.02593008
v -0.01098856 -0.01301751 0.02584540
v -0.00999312 -0.01301751 0.02576669
v -0.00989743 -0.01301751 0.02583720
v -0.00974080 -0.01301751 0.02601524
v -0.00968305 -0.01301751 0.02611914
v -0.00964068 -0.01301751 0.02623020
v -0.00973404 -0.01301751 0.02691606
v -0.00980456 -0.01301751 0.02701175
v -0.00988797 -0.01301751 0.02709643
v -0.00998260 -0.01301751 0.02716838
v -0.01008649 -0.01301751 0.02722612
v -0.01019755 -0.01301751 0.02726850
v -0.01097910 -0.01301751 0.02710462
v -0.01106378 -0.01301751 0.02702120
v -0.01113573 -0.01301751 0.02692658
v -0.01119348 -0.01301751 0.02682269
v -0.01123585 -0.01301751 0.02671163
v -0.01089394 -0.01301751 0.02577345
v -0.01079004 -0.01301751 0.02571570
v -0.01138228 -0.00801878 0.02691063
v -0.01124067 -0.00781050 0.02665179
v -0.01147015 -0.00801878 0.02633045
v -0.01121108 -0.00781050 0.02618926
v -0.01123040 -0.00801878 0.02579487
v -0.01093613 -0.00781050 0.02581616
v -0.01073916 -0.00801878 0.02547393
v -0.01050310 -0.00781050 0.02565093
v -0.01015238 -0.00801878 0.02546952
v -0.01004950 -0.00781050 0.02574605
v -0.00965637 -0.00801878 0.02578305
v -0.00971932 -0.00781050 0.02607130
v -0.00940861 -0.00801878 0.02631497
v -0.00961740 -0.00781050 0.02652343
v -0.00948775 -0.00801878 0.02689640
v -0.00977611 -0.00781050 0.02695888
v -0.00986868 -0.00801878 0.02734274
v -0.01014504 -0.00781050 0.02723941
v -0.01043044 -0.00801878 0.02751228
v -0.01060707 -0.00781050 0.02727594
v -0.01099469 -0.00801878 0.02735120
v -0.01101550 -0.00781050 0.02705689
v -0.00965637 -0.01280923 0.02578305
v -0.00995030 -0.01301751 0.02580875
v -0.00924320 -0.01041401 0.02507030
v -0.00956579 -0.01041400 0.02484431
v -0.01015238 -0.01280923 0.02546952
v -0.01038575 -0.01301751 0.02565005
v -0.01019006 -0.01041400 0.02464655
v -0.01058371 -0.01041400 0.02463083
v -0.01073916 -0.01280923 0.02547393
v -0.01083788 -0.01301751 0.02575197
v -0.01121550 -0.01041400 0.02480185
v -0.01155551 -0.01041400 0.02500162
v -0.01123040 -0.01280923 0.02579487
v -0.01116313 -0.01301751 0.02608215
v -0.01199463 -0.01041400 0.02548724
v -0.01217251 -0.01041400 0.02583888
v -0.01147015 -0.01280923 0.02633045
v -0.01125824 -0.01301751 0.02653575
v -0.01227938 -0.01041400 0.02648478
v -0.01223891 -0.01041400 0.02687678
v -0.01138228 -0.01280923 0.02691063
v -0.01109302 -0.01301751 0.02696877
v -0.01197965 -0.01041400 0.02747790
v -0.01173368 -0.01041400 0.02778581
v -0.01099469 -0.01280923 0.02735120
v -0.01071992 -0.01301751 0.02724373
v -0.01119049 -0.01041400 0.02815140
v -0.01081694 -0.01041400 0.02827747
v -0.01043044 -0.01280923 0.02751228
v -0.01025739 -0.01301751 0.02727332
v -0.01016249 -0.01041400 0.02829131
v -0.00978030 -0.01041400 0.02819548
v -0.00986868 -0.01280923 0.02734274
v -0.00985229 -0.01301751 0.02704815
v -0.00922202 -0.01041401 0.02785317
v -0.00895238 -0.01041400 0.02756599
v -0.00948775 -0.01280923 0.02689640
v -0.00963323 -0.01301751 0.02663972
v -0.00866775 -0.01041401 0.02697606
v -0.00859621 -0.01041400 0.02658869
v -0.00940861 -0.01280923 0.02631497
v -0.00966977 -0.01301751 0.02617768
v -0.00867556 -0.01041400 0.02593916
v -0.00882489 -0.01041400 0.02557422
v -0.01958990 -0.00781050 0.03770421
v -0.01838664 -0.00781050 0.03758746
v -0.01842818 -0.00781050 0.03747608
v -0.01848515 -0.00781050 0.03737175
v -0.01855639 -0.00781050 0.03727660
v -0.01864044 -0.00781050 0.03719255
v -0.01873560 -0.00781050 0.03712130
v -0.01907225 -0.00781050 0.03703094
v -0.01994384 -0.00781050 0.03747608
v -0.02001914 -0.00781050 0.03782218
v -0.02001066 -0.00781050 0.03794074
v -0.01998539 -0.00781050 0.03805689
v -0.01994384 -0.00781050 0.03816827
v -0.01988688 -0.00781050 0.03827259
v -0.01981565 -0.00781050 0.03836775
v -0.01973160 -0.00781050 0.03845181
v -0.01963643 -0.00781050 0.03852304
v -0.01953211 -0.00781050 0.03858000
v -0.01848515 -0.00781050 0.03827259
v -0.01918602 -0.00781050 0.03865530
v -0.01942074 -0.00781050 0.03862155
v -0.01930458 -0.00781050 0.03864681
v -0.01887073 -0.00781050 0.03858246
v -0.01855639 -0.00781050 0.03836775
v -0.01896081 -0.01301751 0.03855152
v -0.01948338 -0.01301751 0.03829132
v -0.01988688 -0.01301751 0.03737175
v -0.01994384 -0.01301751 0.03816827
v -0.01848515 -0.01301751 0.03827259
v -0.01981565 -0.01301751 0.03727660
v -0.01973160 -0.01301751 0.03719255
v -0.01963643 -0.01301751 0.03712130
v -0.01895130 -0.01301751 0.03702280
v -0.01883993 -0.01301751 0.03706434
v -0.01873560 -0.01301751 0.03712130
v -0.01864044 -0.01301751 0.03719255
v -0.01855639 -0.01301751 0.03727660
v -0.01848515 -0.01301751 0.03737175
v -0.01963643 -0.01301751 0.03852304
v -0.01953211 -0.01301751 0.03706434
v -0.01942074 -0.01301751 0.03702280
v -0.01930458 -0.01301751 0.03699753
v -0.01842818 -0.01301751 0.03747608
v -0.01838664 -0.01301751 0.03758746
v -0.01835925 -0.01301751 0.03779253
v -0.01838664 -0.01301751 0.03805689
v -0.01895130 -0.01301751 0.03862155
v -0.01906745 -0.01301751 0.03864681
v -0.01918602 -0.01301751 0.03865530
v -0.01930458 -0.01301751 0.03864681
v -0.01942074 -0.01301751 0.03862155
v -0.01998539 -0.01301751 0.03805689
v -0.02001066 -0.01301751 0.03794074
v -0.02001914 -0.01301751 0.03782218
v -0.02001066 -0.01301751 0.03770360
v -0.01998539 -0.01301751 0.03758746
v -0.01918602 -0.01301751 0.03698906
v -0.01906745 -0.01301751 0.03699753
v -0.02021682 -0.00801878 0.03767397
v -0.01995669 -0.00781050 0.03753472
v -0.01997305 -0.00801878 0.03714020
v -0.01967895 -0.00781050 0.03716370
v -0.01947941 -0.00801878 0.03682295
v -0.01924470 -0.00781050 0.03700173
v -0.01889262 -0.00801878 0.03682295
v -0.01879182 -0.00781050 0.03710025
v -0.01839898 -0.00801878 0.03714020
v -0.01846409 -0.00781050 0.03742797
v -0.01815522 -0.00801878 0.03767397
v -0.01836557 -0.00781050 0.03788085
v -0.01823873 -0.00801878 0.03825479
v -0.01852754 -0.00781050 0.03831510
v -0.01862299 -0.00801878 0.03869826
v -0.01889857 -0.00781050 0.03859285
v -0.01918602 -0.00801878 0.03886358
v -0.01936086 -0.00781050 0.03862591
v -0.01974904 -0.00801878 0.03869826
v -0.01976764 -0.00781050 0.03840380
v -0.02013331 -0.00801878 0.03825479
v -0.01998976 -0.00781050 0.03799702
v -0.01815522 -0.01280923 0.03767397
v -0.01841534 -0.01301751 0.03753472
v -0.01741933 -0.01041400 0.03730384
v -0.01756632 -0.01041401 0.03693696
v -0.01839898 -0.01280923 0.03714020
v -0.01869309 -0.01301751 0.03716370
v -0.01797975 -0.01041399 0.03643121
v -0.01830142 -0.01041400 0.03620213
v -0.01889262 -0.01280923 0.03682295
v -0.01912734 -0.01301751 0.03700173
v -0.01892423 -0.01041401 0.03599971
v -0.01931775 -0.01041401 0.03598106
v -0.01947941 -0.01280923 0.03682295
v -0.01958022 -0.01301751 0.03710025
v -0.01995107 -0.01041401 0.03614748
v -0.02029216 -0.01041400 0.03634451
v -0.01997305 -0.01280923 0.03714020
v -0.01990794 -0.01301751 0.03742797
v -0.02073474 -0.01041400 0.03682651
v -0.02091539 -0.01041400 0.03717695
v -0.02021682 -0.01280923 0.03767397
v -0.02000646 -0.01301751 0.03788085
v -0.02102718 -0.01041400 0.03782219
v -0.02098956 -0.01041401 0.03821494
v -0.02013331 -0.01280923 0.03825479
v -0.01984449 -0.01301751 0.03831510
v -0.02073467 -0.01041401 0.03881794
v -0.02049145 -0.01041400 0.03912713
v -0.01974904 -0.01280923 0.03869826
v -0.01947346 -0.01301751 0.03859285
v -0.01995110 -0.01041400 0.03949685
v -0.01957836 -0.01041400 0.03962582
v -0.01918602 -0.01280923 0.03886358
v -0.01901117 -0.01301751 0.03862591
v -0.01892379 -0.01041401 0.03964458
v -0.01854095 -0.01041401 0.03955161
v -0.01862299 -0.01280923 0.03869826
v -0.01860440 -0.01301751 0.03840380
v -0.01797971 -0.01041401 0.03921312
v -0.01770854 -0.01041400 0.03892857
v -0.01823873 -0.01280923 0.03825479
v -0.01838227 -0.01301751 0.03799702
v -0.01741933 -0.01041401 0.03834049
v -0.01734489 -0.01041400 0.03795358
v 0.02365088 -0.00508405 0.03329531
v 0.02486150 -0.00491390 0.03024921
v 0.02408183 -0.00502348 0.03058329
v 0.02646189 -0.00468898 0.03068224
v 0.02587232 -0.00477184 0.03033851
v 0.02537208 -0.00484215 0.03416306
v 0.02587232 -0.00477184 0.03405872
v 0.02554227 -0.00481823 0.03024921
v 0.02520189 -0.00486607 0.03021914
v 0.02370027 -0.00507710 0.03092623
v 0.02350429 -0.00510465 0.03120887
v 0.02335988 -0.00512494 0.03152159
v 0.02327146 -0.00513737 0.03185488
v 0.02324167 -0.00514156 0.03219861
v 0.02327146 -0.00513737 0.03254235
v 0.02367821 0.00964268 0.03029386
v 0.02447317 0.00975440 0.02959512
v 0.02449403 0.00975733 0.03014936
v 0.02123178 0.00892027 0.02959512
v 0.02078013 0.00885737 0.03001667
v 0.02060979 0.00921144 0.03085555
v 0.02042133 0.00879746 0.03051309
v 0.02032305 0.00879255 0.03070533
v 0.02043104 0.00918632 0.03128382
v 0.02013070 0.00876552 0.03116620
v 0.02012689 0.00876498 0.03118199
v 0.02032194 0.00917098 0.03173533
v 0.02000757 0.00874821 0.03167577
v 0.02000693 0.00874812 0.03168387
v 0.02028525 0.00916583 0.03219861
v 0.01996618 0.00874240 0.03219861
v 0.02000693 0.00874812 0.03271336
v 0.02032194 0.00917098 0.03266190
v 0.02000757 0.00874821 0.03272146
v 0.02012689 0.00876498 0.03321524
v 0.02043104 0.00918632 0.03311341
v 0.02013070 0.00876552 0.03323103
v 0.02032305 0.00879255 0.03369190
v 0.02060979 0.00921144 0.03354168
v 0.02033244 0.00879387 0.03371436
v 0.02059060 0.00883015 0.03413162
v 0.02085366 0.00924571 0.03393583
v 0.02060766 0.00883255 0.03415919
v 0.02094937 0.00888058 0.03455422
v 0.02512176 0.00952086 0.02959512
v 0.02475175 0.00966459 0.02959512
v 0.02373661 0.00807343 0.02959512
v 0.02521818 0.00948052 0.03480212
v 0.02566968 0.00954455 0.03438054
v 0.02573580 0.00993185 0.03354168
v 0.02603109 0.00958586 0.03388411
v 0.02612689 0.00960823 0.03369190
v 0.02591456 0.00995698 0.03311341
v 0.02631925 0.00963526 0.03323103
v 0.02632306 0.00963580 0.03321524
v 0.02602366 0.00997231 0.03266190
v 0.02644237 0.00965257 0.03272146
v 0.02644302 0.00965266 0.03271336
v 0.02606033 0.00997746 0.03219861
v 0.02648377 0.00965839 0.03219861
v 0.02644302 0.00965266 0.03168387
v 0.02602366 0.00997231 0.03173533
v 0.02644237 0.00965257 0.03167577
v 0.02632306 0.00963580 0.03118199
v 0.02591456 0.00995698 0.03128382
v 0.02631925 0.00963526 0.03116620
v 0.02612689 0.00960823 0.03070533
v 0.02573580 0.00993185 0.03085555
v 0.02611751 0.00960691 0.03068287
v 0.02585935 0.00957063 0.03026561
v 0.02549194 0.00989758 0.03046139
v 0.02584229 0.00956823 0.03023804
v 0.02550057 0.00952021 0.02984300
v 0.02540949 0.00811925 0.03480212
v 0.02503264 0.00955374 0.03480212
v 0.02137196 0.00902932 0.03480212
v 0.02187242 0.00938889 0.03480212
v 0.02389777 0.00882033 0.03480212
v 0.02360760 0.00647785 0.03486095
v 0.02260057 0.00633632 0.03532838
v 0.02461462 0.00661938 0.03532838
v 0.02917079 -0.01061808 0.03118169
v 0.02285282 -0.01150601 0.03271341
v 0.02307004 -0.01147548 0.03345408
v 0.02798697 -0.01078445 0.03486095
v 0.02837582 -0.01072981 0.03452558
v 0.02933029 -0.01059567 0.03219861
v 0.02929018 -0.01060130 0.03271341
v 0.02917079 -0.01061808 0.03321553
v 0.02707852 -0.01091213 0.03532838
v 0.02658129 -0.01098201 0.03544892
v 0.02607150 -0.01105366 0.03548943
v 0.02281270 -0.01151165 0.03219861
v 0.02285282 -0.01150601 0.03168382
v 0.02297219 -0.01148923 0.03118169
v 0.02316789 -0.01146174 0.03070461
v 0.02343507 -0.01142419 0.03026431
v 0.02376717 -0.01137751 0.02987165
v 0.02628950 -0.01102302 0.02940137
v 0.02837582 -0.01072981 0.02987165
v 0.02897510 -0.01064558 0.03369262
v 0.02870792 -0.01068314 0.03413291
v 0.02556170 -0.01112530 0.03544892
v 0.02506446 -0.01119518 0.03532838
v 0.02415602 -0.01132286 0.02953628
v 0.02376717 -0.01137751 0.03452558
v 0.02123178 0.00892027 0.03480212
v 0.02212814 0.00626992 0.03513076
v 0.02383252 -0.00242943 0.03532838
v 0.02560080 0.00675798 0.03480212
v 0.02521818 0.00948052 0.02959512
v 0.02384123 0.00204124 0.02893818
v 0.02260057 0.00633632 0.02906885
v 0.02336009 -0.00249583 0.02926647
v 0.02161440 0.00619772 0.02959512
v 0.02929018 -0.01060130 0.03168382
v 0.02897510 -0.01064558 0.03070461
v 0.02870792 -0.01068314 0.03026431
v 0.02297219 -0.01148923 0.03321553
v 0.02316789 -0.01146174 0.03369262
v 0.02343507 -0.01142419 0.03413291
v -0.01936743 0.00781050 0.03570174
v -0.01910450 0.00781050 0.02850738
v -0.02044036 0.00781050 0.02989296
v -0.01957848 0.00781050 0.03319190
v -0.01449626 0.00781050 0.03605827
v -0.01395738 0.00781050 0.03570174
v -0.01225120 0.00781050 0.03203740
v -0.01238037 0.00781050 0.03107914
v -0.01288444 0.00781050 0.02989296
v -0.01518564 0.00781050 0.02833748
v -0.01793751 0.00781050 0.02796032
v -0.01247351 0.00781050 0.03362767
v -0.02073581 0.00781050 0.03046761
v -0.02101473 0.00781050 0.03300253
v -0.02085130 0.00781050 0.03362767
v -0.01306282 0.00781050 0.03477389
v -0.02059858 0.00781050 0.03422235
v -0.02026198 0.00781050 0.03477389
v -0.01882854 0.00781050 0.03605827
v -0.01824349 0.00781050 0.03633253
v -0.01762474 0.00781050 0.03651868
v -0.01698548 0.00781050 0.03661276
v -0.01633933 0.00781050 0.03661276
v -0.01570007 0.00781050 0.03651868
v -0.01730682 0.00781050 0.02781983
v -0.01478378 0.00781050 0.02819115
v -0.01538729 0.00781050 0.02796032
v -0.01601798 0.00781050 0.02781983
v -0.01754634 0.01119405 0.02785258
v -0.01857642 0.01119880 0.02820229
v -0.01762217 0.00781050 0.02789008
v -0.01969999 0.01119762 0.02894589
v -0.02059918 0.01119217 0.03014426
v -0.02040180 0.00781050 0.03009924
v -0.02099915 0.01119662 0.03127167
v -0.02107937 0.01119718 0.03273638
v -0.02105006 0.00781050 0.03268139
v -0.02072494 0.00781050 0.03392501
v -0.02047750 0.01119661 0.03451306
v -0.01917922 0.01119727 0.03586817
v -0.01960804 0.00781050 0.03548615
v -0.01805706 0.01119505 0.03639908
v -0.01793411 0.00781050 0.03642560
v -0.01705504 0.01119292 0.03662858
v -0.01537505 0.01119693 0.03645751
v -0.01666240 0.00781050 0.03661276
v -0.01406597 0.01119657 0.03579348
v -0.01478879 0.00781050 0.03619540
v -0.01338594 0.01119505 0.03517416
v -0.01289452 0.00781050 0.03449812
v -0.01258415 0.01119660 0.03399712
v -0.01227474 0.00781050 0.03268139
v -0.01221263 0.01119741 0.03215590
v -0.01232168 0.00781050 0.03139684
v -0.01255280 0.01119282 0.03049898
v -0.01347961 0.01119681 0.02908993
v -0.01299856 0.00781050 0.02977387
v -0.01490893 0.01119754 0.02810835
v -0.01437418 0.00781050 0.02844799
v -0.01570263 0.00781050 0.02789008
v -0.01630520 0.01119413 0.02777724
v -0.01575286 0.01249679 0.02657633
v -0.01451298 0.01249679 0.02688951
v -0.01385172 0.01249679 0.02720796
v -0.01295717 0.01249679 0.02784624
v -0.01218430 0.01249679 0.02862745
v -0.01159466 0.01249679 0.02955478
v -0.01101371 0.01249679 0.03147087
v -0.01115344 0.01249679 0.03364382
v -0.01223019 0.01249679 0.03573318
v -0.01402757 0.01249679 0.03724787
v -0.01556750 0.01249679 0.03782069
v -0.01666240 0.01249679 0.03791455
v -0.01862991 0.01249679 0.03754335
v -0.01978706 0.01249679 0.03699893
v -0.02063887 0.01249679 0.03630465
v -0.02136011 0.01249679 0.03547553
v -0.02188912 0.01249679 0.03451233
v -0.02230506 0.01249679 0.03311088
v -0.02225264 0.01249679 0.03110934
v -0.02135045 0.01249679 0.02892843
v -0.02064706 0.01249679 0.02808413
v -0.01846354 0.01249679 0.02677388
v -0.01028175 0.01249679 0.03093048
v -0.01267774 0.01249679 0.02808413
v -0.01150773 0.01249679 0.02704395
v -0.01267694 0.01249679 0.02705379
v -0.01425473 0.01249679 0.02531789
v -0.01520954 0.01249679 0.02665824
v -0.01504027 0.01249679 0.02509158
v -0.01592996 0.01249679 0.02651794
v -0.01584620 0.01249679 0.02495465
v -0.01666240 0.01249679 0.02647091
v -0.01666240 0.01249679 0.02490881
v -0.01743672 0.01249679 0.02573630
v -0.00993810 0.01249679 0.03498391
v -0.01107831 0.01249679 0.03347315
v -0.00948690 0.01249679 0.03341778
v -0.01096117 0.01249679 0.03274861
v -0.01015512 0.01249679 0.03210682
v -0.00941844 0.01249679 0.03138242
v -0.01684589 0.01249679 0.03870148
v -0.01629543 0.01249679 0.03791455
v -0.01584620 0.01249679 0.03944258
v -0.01425473 0.01249679 0.03907934
v -0.01485756 0.01249679 0.03763452
v -0.01365949 0.01249679 0.03796394
v -0.01353774 0.01249679 0.03699893
v -0.01253341 0.01249679 0.03722898
v -0.02090249 0.01249679 0.03604935
v -0.02037525 0.01249679 0.03655995
v -0.02120752 0.01249679 0.03789801
v -0.01984418 0.01249679 0.03786508
v -0.01982532 0.01249679 0.03876650
v -0.01846724 0.01249679 0.03763452
v -0.01907007 0.01249679 0.03907934
v -0.01775730 0.01249679 0.03782069
v -0.01828453 0.01249679 0.03930564
v -0.01747860 0.01249679 0.03944258
v -0.02347471 0.01249679 0.03115645
v -0.02395220 0.01249679 0.03219861
v -0.02237539 0.01249679 0.03238182
v -0.02390637 0.01249679 0.03301481
v -0.02224649 0.01249679 0.03347315
v -0.02376943 0.01249679 0.03382075
v -0.02203767 0.01249679 0.03417676
v -0.02354312 0.01249679 0.03460628
v -0.02174057 0.01249679 0.03484789
v -0.02323028 0.01249679 0.03536154
v -0.02283485 0.01249679 0.03607702
v -0.02219763 0.01249679 0.02877481
v -0.02189988 0.01249679 0.02988014
v -0.02323028 0.01249679 0.02903569
v -0.02354312 0.01249679 0.02979095
v -0.01686645 0.00859155 0.02492027
v -0.01060821 0.00859155 0.02815353
v -0.01009452 0.00728980 0.02903569
v -0.00978168 0.01249679 0.02979095
v -0.02376943 0.00728980 0.03382075
v -0.02390637 0.00728980 0.03301481
v -0.02323028 0.00728980 0.02903569
v -0.02283485 0.00728980 0.02832021
v -0.02208943 0.00859155 0.02734872
v -0.01848091 0.00859155 0.02514816
v -0.01747860 0.01249679 0.02495465
v -0.01132489 -0.00260350 0.03542525
v -0.02080585 -0.00260350 0.02752162
v -0.01082004 -0.00260350 0.03441432
v -0.01198541 -0.00260350 0.03634207
v -0.01251895 -0.00260350 0.03687561
v -0.01311291 -0.00260350 0.03734095
v -0.02021190 -0.00260350 0.02705628
v -0.01956618 -0.00260350 0.02666593
v -0.01887812 -0.00260350 0.02635626
v -0.01815774 -0.00260350 0.02613178
v -0.01741556 -0.00260350 0.02599577
v -0.01666240 -0.00260350 0.02595021
v -0.01762627 -0.00260350 0.03745829
v -0.02133939 -0.00260350 0.03634207
v -0.01815774 -0.00260350 0.03826545
v -0.01887812 -0.00260350 0.03804097
v -0.01811429 -0.00260350 0.03808915
v -0.02180473 -0.00260350 0.03574811
v -0.02219508 -0.00260350 0.03510239
v -0.02250476 -0.00260350 0.03441432
v -0.01516706 -0.00260350 0.02613178
v -0.01444669 -0.00260350 0.02635626
v -0.01375862 -0.00260350 0.02666593
v -0.01311291 -0.00260350 0.02705628
v -0.01251895 -0.00260350 0.02752162
v -0.02272923 -0.00260350 0.03369395
v -0.02286524 -0.00260350 0.03295177
v -0.02291080 -0.00260350 0.03219861
v -0.01375862 -0.00260350 0.03773129
v -0.02286524 -0.00260350 0.03144545
v -0.01059557 -0.00260350 0.03070327
v -0.01082004 -0.00260350 0.02998290
v -0.01112972 -0.00260350 0.02929484
v -0.01590924 -0.00260350 0.03840146
v -0.01741556 -0.00260350 0.03840146
v -0.01914657 -0.00260350 0.02933199
v -0.01152007 -0.00260350 0.02864912
v -0.01045956 -0.00260350 0.03144545
v -0.01041400 -0.00260350 0.03219861
v -0.01045956 -0.00260350 0.03295177
v -0.01198541 0.00728980 0.03634207
v -0.01206531 0.00728980 0.03750623
v -0.01310988 0.00728980 0.03795360
v -0.01349948 0.00728980 0.03876650
v -0.01504027 0.00728980 0.03930564
v -0.01590924 0.00728980 0.03840146
v -0.01703898 0.00728980 0.03842423
v -0.02079194 0.00728980 0.03787701
v -0.02080585 0.00728980 0.03687561
v -0.01251895 0.00728980 0.02752162
v -0.01150773 0.00728980 0.02704395
v -0.00937260 0.00728980 0.03219861
v -0.00941844 0.00728980 0.03301481
v -0.01052756 0.00728980 0.03332287
v -0.01082004 0.00728980 0.03441433
v -0.01132489 0.00728980 0.03542525
v -0.01048995 0.00728980 0.03607702
v -0.01096301 0.00728980 0.03674373
v -0.02144484 0.00728980 0.02741617
v -0.01861390 0.00728980 0.02572484
v -0.01747860 0.00728980 0.02495465
v -0.01666240 0.00728980 0.02595021
v -0.01666240 0.00728980 0.02490881
v -0.01590924 0.00728980 0.02599577
v -0.01584620 0.00728980 0.02495465
v -0.01510366 0.00728980 0.02561168
v -0.01307749 0.00728980 0.02631423
v -0.01211728 0.00728980 0.02649922
v -0.02133939 0.00728980 0.03634207
v -0.02296728 0.00728980 0.03422053
v -0.02338581 0.00728980 0.03298329
v -0.02366324 0.00728980 0.03169637
v -0.02272923 0.00728980 0.03070328
v -0.02376943 0.00728980 0.03057648
v -0.02250476 0.00728980 0.02998290
v -0.02354312 0.00728980 0.02979095
v -0.02219508 0.00728980 0.02929484
v -0.02251751 0.00728980 0.02884240
v -0.02236180 0.00728980 0.02765350
v -0.01221009 0.00481647 0.02787871
v -0.01198541 -0.00260350 0.02805516
v -0.01097488 -0.00260350 0.02963887
v -0.01059557 0.00728980 0.03070328
v -0.01045956 0.00728980 0.03144545
v -0.01041400 0.00728980 0.03219861
v -0.01043678 -0.00260350 0.03182203
v -0.01045956 0.00728980 0.03295178
v -0.01833783 0.00234315 0.02618790
v -0.02258309 -0.00744504 0.03747821
v -0.02258648 -0.00744422 0.03742875
v -0.02251455 -0.00741802 0.03751357
v -0.02256834 -0.00744862 0.03769417
v -0.02257584 -0.00744680 0.03758442
v -0.02258020 -0.00744574 0.03752062
v -0.02257356 -0.00744735 0.03761790
v -0.02256076 -0.00745045 0.03780515
v -0.02256664 -0.00744903 0.03771907
v -0.02255302 -0.00745232 0.03791840
v -0.02255241 -0.00745247 0.03792740
v -0.02253795 -0.00745597 0.03813900
v -0.02255956 -0.00745074 0.03782271
v -0.02254529 -0.00745420 0.03803163
v -0.02253216 -0.00745738 0.03822385
v -0.02253830 -0.00745589 0.03813393
v -0.02251764 -0.00744494 0.03808240
v -0.02244117 -0.00741058 0.03802820
v -0.02233938 -0.00735822 0.03780929
v -0.02231260 -0.00734445 0.03775172
v -0.02268176 -0.00741389 0.03837746
v -0.02243558 -0.00738925 0.03760669
v -0.02324601 -0.00744602 0.03711549
v -0.02332857 -0.00744625 0.03707628
v -0.02309546 -0.00731809 0.03873271
v -0.02340467 -0.00744645 0.03704014
v -0.02340763 -0.00744598 0.03704116
v -0.02349726 -0.00743157 0.03707194
v -0.02358786 -0.00741700 0.03710306
v -0.02308084 -0.00731809 0.03873038
v -0.02272858 -0.00744461 0.03736125
v -0.02280804 -0.00744483 0.03732351
v -0.02289530 -0.00744506 0.03728207
v -0.02298423 -0.00744531 0.03723983
v -0.02388584 -0.00736919 0.03720505
v -0.02391015 -0.00731811 0.03843590
v -0.02299515 -0.00732279 0.03869922
v -0.02301131 -0.00731809 0.03871583
v -0.02264964 -0.00744439 0.03739874
v -0.02307317 -0.00744555 0.03719759
v -0.02316218 -0.00744579 0.03715532
v -0.02409014 -0.00731809 0.03785534
v -0.02396312 -0.00731809 0.03836417
v -0.02383059 -0.00731811 0.03851841
v -0.02400085 -0.00733905 0.03755179
v -0.02310073 -0.00731810 0.03873347
v -0.02321243 -0.00731809 0.03874274
v -0.02401343 -0.00732923 0.03772482
v -0.02409115 -0.00731809 0.03799881
v -0.02409393 -0.00731809 0.03796414
v -0.02406617 -0.00731809 0.03814044
v -0.02368641 -0.00731810 0.03862581
v -0.02352962 -0.00731810 0.03869569
v -0.02337041 -0.00731810 0.03873508
v -0.02235303 -0.00735918 0.03770404
v -0.02409368 -0.00731809 0.03790097
v -0.02408540 -0.00731809 0.03805588
v -0.02399139 -0.00731809 0.03831873
v -0.02401078 -0.00731809 0.03828135
v -0.02276415 -0.00738994 0.03846206
v -0.02409369 -0.00731809 0.03790377
v -0.02407749 -0.00731809 0.03809394
v -0.02254542 -0.00745417 0.03802965
v -0.02405032 -0.00731809 0.03818901
v -0.02292148 -0.00734420 0.03862359
v -0.02576424 0.00728980 0.03270996
v -0.02574684 0.01249679 0.03251103
v -0.02574684 0.00728980 0.03251103
v -0.02576424 0.01249679 0.03231211
v -0.02576424 0.00728980 0.03231211
v -0.02581592 0.01249679 0.03211924
v -0.02581592 0.00728980 0.03211924
v -0.02590031 0.01249679 0.03193826
v -0.02590031 0.00728980 0.03193826
v -0.02601484 0.01249679 0.03177469
v -0.02601484 0.00728980 0.03177469
v -0.02615605 0.01249679 0.03163350
v -0.02623783 0.00989330 0.03157623
v -0.02664524 0.00859155 0.03139582
v -0.02689238 0.00728980 0.03136549
v -0.02709130 0.00989330 0.03138290
v -0.02737466 0.00728980 0.03147677
v -0.02762872 0.01249679 0.03163350
v -0.02769932 0.00989330 0.03170410
v -0.02785581 0.00859155 0.03189737
v -0.02796883 0.00728980 0.03211924
v -0.02802052 0.01249679 0.03231211
v -0.02802052 0.00728980 0.03231211
v -0.02803792 0.01249679 0.03251103
v -0.02803792 0.00728980 0.03251103
v -0.02802052 0.01249679 0.03270996
v -0.02799467 0.00989330 0.03280639
v -0.02592894 0.00859155 0.03312470
v -0.02581592 0.00728980 0.03290283
v -0.02576424 0.01249679 0.03270996
v -0.02590031 0.01249679 0.03308380
v -0.02581592 0.01249679 0.03290283
v -0.02502656 0.01249679 0.03521399
v -0.02949588 0.01249679 0.03771803
v -0.02746515 0.01249679 0.03350310
v -0.02762872 0.01249679 0.03338857
v -0.02792664 0.01249679 0.03202875
v -0.02505240 0.01249679 0.02971164
v -0.02669346 0.01249679 0.03138290
v -0.02650058 0.01249679 0.03143458
v -0.02601484 0.01249679 0.03324737
v -0.02615605 0.01249679 0.03338857
v -0.02631961 0.01249679 0.03350310
v -0.02650058 0.01249679 0.03358749
v -0.02669346 0.01249679 0.03363917
v -0.02713800 0.01249679 0.03361768
v -0.02876690 0.01249679 0.02990753
v -0.02746515 0.01249679 0.03151897
v -0.02608544 0.01249679 0.03170410
v -0.02575554 0.01249679 0.03241157
v -0.02728417 0.01249679 0.03143458
v -0.02709130 0.01249679 0.03138290
v -0.02689238 0.01249679 0.03136549
v -0.02873235 0.00728980 0.03531043
v -0.02802922 0.00728980 0.03261050
v -0.02949588 0.00728980 0.02730403
v -0.02788445 0.00728980 0.03308380
v -0.02776991 0.00728980 0.03324737
v -0.02762872 0.00728980 0.03338857
v -0.02746515 0.00728980 0.03350310
v -0.02728417 0.00728980 0.03358749
v -0.02631961 0.00728980 0.03350310
v -0.02428888 0.00728980 0.03771803
v -0.02615605 0.00728980 0.03338857
v -0.02746515 0.00728980 0.03151897
v -0.02709130 0.00728980 0.03363917
v -0.02689238 0.00728980 0.03365657
v -0.02669346 0.00728980 0.03363917
v -0.02590031 0.00728980 0.03308380
v -0.02428888 0.00728980 0.02730403
v -0.02575554 0.00728980 0.03261050
v -0.02659702 0.00728980 0.03140874
v -0.02708828 0.00728980 0.03140004
v -0.02769932 0.00728980 0.03170410
v -0.02623783 0.00728980 0.03157623
v -0.00002801 -0.03170361 0.00760223
v -0.00014101 -0.03045087 0.00760223
v 0.00015511 -0.03213022 0.00760223
v 0.00000592 -0.03214327 0.00760223
v -0.00014327 -0.03213022 0.00760223
v 0.00015511 -0.03043801 0.00760223
v 0.00029977 -0.03047677 0.00760223
v 0.00043550 -0.03054007 0.00760223
v 0.00055817 -0.03062597 0.00760223
v 0.00066407 -0.03073186 0.00760223
v 0.00074997 -0.03085454 0.00760223
v 0.00081326 -0.03099027 0.00760223
v 0.00085202 -0.03113493 0.00760223
v -0.00051147 -0.03195874 0.00760223
v -0.00065223 -0.03073186 0.00760223
v 0.00081326 -0.03157796 0.00760223
v 0.00074997 -0.03171370 0.00760223
v 0.00066407 -0.03183637 0.00760223
v 0.00055817 -0.03194226 0.00760223
v 0.00086507 -0.03128411 0.00760223
v 0.00085202 -0.03143331 0.00760223
v -0.02785779 0.01587273 0.00760223
v -0.02765309 0.01587744 0.00760223
v -0.02789655 0.01542969 0.00760223
v -0.02734429 0.01638623 0.00760223
v -0.02649820 0.01623704 0.00760223
v -0.02639230 0.01613114 0.00760223
v -0.02630640 0.01600846 0.00760223
v -0.02624311 0.01587273 0.00760223
v -0.02620434 0.01572807 0.00760223
v -0.02619130 0.01557888 0.00760223
v -0.02620434 0.01542969 0.00760223
v -0.02765565 0.01497368 0.00760223
v -0.02705045 0.01471973 0.00760223
v -0.02624311 0.01528504 0.00760223
v -0.02790961 0.01557888 0.00760223
v -0.02789655 0.01572807 0.00760223
v -0.02719964 0.01642499 0.00760223
v -0.02705045 0.01643804 0.00760223
v -0.02690126 0.01642499 0.00760223
v -0.02675660 0.01638623 0.00760223
v -0.02662086 0.01632293 0.00760223
v 0.02625494 0.01587273 0.00760223
v 0.02663271 0.01632293 0.00760223
v 0.02621618 0.01542969 0.00760223
v 0.02676844 0.01638623 0.00760223
v 0.02761454 0.01623704 0.00760223
v 0.02772043 0.01613114 0.00760223
v 0.02780634 0.01600846 0.00760223
v 0.02786962 0.01587273 0.00760223
v 0.02790838 0.01572807 0.00760223
v 0.02792144 0.01557888 0.00760223
v 0.02790838 0.01542969 0.00760223
v 0.02645708 0.01497368 0.00760223
v 0.02786962 0.01528504 0.00760223
v 0.02620313 0.01557888 0.00760223
v 0.02621618 0.01572807 0.00760223
v 0.02691310 0.01642499 0.00760223
v 0.02706229 0.01643804 0.00760223
v 0.02721148 0.01642499 0.00760223
v 0.02735614 0.01638623 0.00760223
v 0.02749186 0.01632293 0.00760223
v 0.02733172 0.01482733 0.00760223
v 0.02691310 0.01473278 0.00760223
v 0.02676844 0.01477155 0.00760223
v 0.02663271 0.01483483 0.00760223
v 0.00085855 -0.03135871 0.00463424
v 0.00081326 -0.03157796 0.00562357
v 0.00036763 -0.03205981 0.00463424
v 0.00015511 -0.03213022 0.00364491
v 0.00000592 -0.03214327 0.00364491
v -0.00014327 -0.03213022 0.00364491
v -0.00028793 -0.03209146 0.00364491
v -0.00028793 -0.03209146 0.00760223
v -0.00042366 -0.03202816 0.00364491
v -0.00042366 -0.03202816 0.00760223
v -0.00054634 -0.03194226 0.00364491
v -0.00054634 -0.03194226 0.00760223
v -0.00065223 -0.03183637 0.00364491
v -0.00065223 -0.03183637 0.00760223
v -0.00073813 -0.03171370 0.00364491
v -0.00073813 -0.03171370 0.00760223
v -0.00080142 -0.03157796 0.00364491
v -0.00080142 -0.03157796 0.00760223
v -0.00084018 -0.03143331 0.00364491
v -0.00084671 -0.03120952 0.00562357
v -0.00084018 -0.03113493 0.00760223
v -0.00080142 -0.03099027 0.00364491
v -0.00080142 -0.03099027 0.00760223
v -0.00073813 -0.03085454 0.00364491
v -0.02705045 0.01643804 0.00364491
v -0.02697586 0.01643151 0.00562357
v -0.02675660 0.01638623 0.00364491
v -0.02662086 0.01632293 0.00562357
v -0.02625893 0.01590666 0.00661290
v -0.02619130 0.01557888 0.00364491
v -0.02620434 0.01542969 0.00364491
v -0.02662086 0.01483483 0.00562357
v -0.02675660 0.01477155 0.00364491
v -0.02675660 0.01477155 0.00760223
v -0.02690126 0.01473278 0.00760223
v -0.02751070 0.01630146 0.00661290
v -0.02719964 0.01642499 0.00364491
v 0.02706229 0.01643804 0.00364491
v 0.02721148 0.01642499 0.00364491
v 0.02735614 0.01638623 0.00364491
v 0.02749186 0.01632293 0.00364491
v 0.02761454 0.01623704 0.00364491
v 0.02766749 0.01618409 0.00562357
v 0.02785380 0.01590666 0.00661290
v 0.02792144 0.01557888 0.00562357
v 0.02620966 0.01550429 0.00661290
v 0.02621618 0.01572807 0.00364491
v 0.02625494 0.01587273 0.00364491
v 0.02631824 0.01600846 0.00364491
v 0.02657137 0.01627998 0.00661290
v 0.02676844 0.01638623 0.00364491
v 0.02691310 0.01642499 0.00364491
v -0.03641145 -0.00354495 0.00443653
v -0.03702943 -0.00387042 0.01905762
v -0.03630988 -0.00124066 0.00627100
v -0.03589189 -0.00200863 0.00589034
v -0.03666070 0.00078155 0.00639063
v -0.03722677 0.00187712 0.01905762
v -0.03671913 0.00493552 -0.00041655
v -0.03733908 0.00412349 0.00218695
v -0.03736992 0.00345911 0.00475685
v -0.03683209 0.00569525 0.01905762
v -0.03219697 -0.01937911 0.00084949
v -0.03215745 -0.01904715 0.01277351
v -0.03503862 -0.01325341 0.00932054
v -0.03683314 0.00472551 0.01905762
v -0.02529460 -0.02632511 0.01905762
v -0.02387675 -0.02867033 0.01905762
v -0.02098978 -0.02894022 0.01905762
v -0.02080659 -0.03097423 0.01905762
v -0.01785409 -0.03097656 0.01905762
v -0.01751581 -0.03295025 0.01905762
v -0.01452272 -0.03267397 0.01905762
v -0.01403930 -0.03457743 0.01905762
v -0.01103217 -0.03401387 0.01905762
v -0.01041390 -0.03583854 0.01905762
v -0.00742069 -0.03498157 0.01905762
v -0.00667805 -0.03672019 0.01905762
v -0.00372784 -0.03556645 0.01905762
v -0.00287135 -0.03721304 0.01905762
v 0.00048589 -0.03653701 0.01905762
v 0.00373968 -0.03556645 0.01905762
v 0.00479289 -0.03701563 0.01905762
v 0.00743253 -0.03498157 0.01905762
v 0.00856917 -0.03632748 0.01905762
v 0.01164934 -0.03463427 0.01905762
v 0.03340297 -0.01477132 0.01905762
v 0.03397767 -0.01108021 0.01905762
v 0.03552218 -0.01138016 0.01905762
v 0.01225467 0.03517045 0.01905762
v 0.00743253 0.03489734 0.01905762
v 0.00856917 0.03624324 0.01905762
v 0.00373968 0.03548222 0.01905762
v 0.00479289 0.03693140 0.01905762
v 0.00048589 0.03645277 0.01905762
v -0.01041390 0.03575431 0.01905762
v -0.01785409 0.03089233 0.01905762
v -0.01925280 0.03086101 0.01905762
v -0.02889219 0.02095359 0.01905762
v -0.02922773 0.02309552 0.01905762
v -0.03092853 0.01781789 0.01905762
v -0.03145182 0.01996706 0.01905762
v -0.03334245 0.01662649 0.01905762
v -0.03262595 0.01448652 0.01905762
v -0.03487959 0.01310923 0.01905762
v -0.03493354 0.00738449 0.01905762
v -0.03551842 0.00369164 0.01905762
v -0.00138589 -0.03221297 0.00364491
v 0.00029977 -0.03047677 0.00364491
v 0.00125560 -0.02911961 0.00364491
v 0.00113827 -0.03005068 0.00364491
v -0.00160064 -0.03319873 0.00364491
v -0.00094002 -0.03313953 0.00364491
v 0.01204455 -0.02136057 0.00760223
v 0.00965916 -0.01405853 0.00760223
v 0.01288360 -0.02095650 0.00760223
v 0.01244892 -0.02112710 0.00760223
v 0.00538182 -0.00771970 0.00760223
v 0.00396695 -0.00853658 0.00760223
v -0.02616180 0.01468863 0.00364491
v -0.02647611 0.01400090 0.00364491
v -0.02855575 0.01487945 0.00364491
v -0.02790961 0.01557888 0.00364491
v -0.02872318 0.01565348 0.00364491
v -0.02544389 0.01366427 0.00364491
v -0.01675982 -0.02395334 0.00708153
v -0.01623000 -0.02423999 0.00708153
v -0.01621850 -0.02354024 0.00708153
v -0.01493563 -0.02247312 0.00708153
v -0.01431333 -0.02281305 0.00708153
v -0.01380138 -0.02259124 0.00708153
v -0.01329797 -0.02308513 0.00708153
v -0.01301158 -0.02258909 0.00708153
v -0.01174938 -0.02529587 0.00708153
v -0.01217774 -0.02510558 0.00708153
v -0.01186684 -0.02573424 0.00708153
v -0.01240817 -0.02614732 0.00708153
v -0.01358897 -0.02701902 0.00708153
v -0.01386124 -0.02740773 0.00708153
v -0.01431333 -0.02687452 0.00708153
v 0.02780320 0.01407857 0.00364491
v 0.02735614 0.01477155 0.00364491
v 0.02721148 0.01473278 0.00364491
v 0.02662827 0.01311749 0.00364491
v 0.02702386 0.01393503 0.00364491
v 0.02631319 0.01432210 0.00364491
v 0.02596004 0.01617611 0.00364491
v 0.02651003 0.01623704 0.00364491
v 0.02545573 0.01749351 0.00364491
v -0.01615733 -0.02914769 0.00760223
v -0.01561508 -0.02709848 0.00760223
v -0.01476542 -0.02740773 0.00760223
v -0.01431333 -0.02744728 0.00760223
v -0.01400191 -0.02742860 0.00760223
v -0.03519241 0.00386266 0.00400698
v -0.03606726 -0.00410605 0.00337170
v -0.01614728 0.02659350 0.00760223
v -0.01903346 0.02981086 0.00760223
v -0.01656803 0.02606130 0.00760223
v -0.01670755 0.02578226 0.00760223
v -0.01342288 0.02720605 0.00708153
v -0.01329797 0.02651822 0.00708153
v -0.01301158 0.02701426 0.00708153
v -0.01218879 0.02327193 0.00708153
v -0.01300800 0.02320392 0.00708153
v -0.01361878 0.02285129 0.00708153
v 0.01141119 0.02184947 0.00760223
v 0.01179627 0.02146439 0.00760223
v 0.00881210 0.01439375 0.00760223
v 0.00396695 0.00845234 0.00760223
v 0.02841837 -0.00262584 0.00708153
v 0.02794986 -0.00195038 0.00708153
v 0.02734266 -0.00229681 0.00708153
v 0.02994616 0.00221258 0.00708153
v 0.02994974 0.00151351 0.00708153
v 0.03063881 0.00163138 0.00708153
v 0.02258720 -0.03013371 -0.00041655
v -0.03152950 -0.01767683 -0.00041655
v -0.03330202 -0.01205375 -0.00041655
v -0.03558476 -0.01025135 -0.00041655
v 0.02922352 0.02179263 -0.00041655
v 0.03097918 0.01711467 -0.00041655
v 0.03447963 0.01502378 -0.00041655
v 0.03030182 -0.02023998 -0.00041655
v 0.03066895 -0.02184112 -0.00041655
v 0.02826503 -0.02487838 -0.00041655
v 0.03072721 -0.00160422 0.00760223
v 0.03089912 -0.00134387 0.00760223
v 0.03537904 -0.00160422 0.00760223
v 0.03109091 -0.00093257 0.00760223
v 0.03433265 0.00004494 0.00760223
v 0.03122814 -0.00026816 0.00760223
v 0.03089912 0.00125963 0.00760223
v 0.03072721 0.00151998 0.00760223
v 0.01762152 -0.02792260 0.00760223
v 0.01633966 -0.03145719 0.00760223
v 0.01380447 -0.02706611 0.00760223
v 0.01511979 -0.02676262 0.00760223
v 0.01581267 -0.02633518 0.00760223
v -0.00551350 -0.00960204 0.02009902
v -0.00587799 -0.01023334 0.02009902
v -0.00421846 -0.01024067 0.02009902
v -0.00449743 -0.01091416 0.02009902
v -0.00285114 -0.01070482 0.02009902
v -0.00303982 -0.01140896 0.02009902
v -0.00481334 0.01029281 0.02009902
v -0.00674383 0.00959752 0.02009902
v -0.00805745 0.00802126 0.02009902
v -0.00675817 0.00854943 0.00760223
v -0.01462475 0.02217474 0.00760223
v -0.01431333 0.02215605 0.00760223
v -0.01386124 0.02219560 0.00760223
v -0.01342288 0.02231306 0.00760223
v -0.00405254 0.01011154 0.00760223
v -0.01247938 0.02292560 0.00760223
v -0.01198887 0.02359732 0.00760223
v -0.00874246 0.00579271 0.01051815
v -0.00904732 0.00238369 0.01051815
v -0.00980018 0.00223627 0.01051815
v -0.00904732 -0.00246792 0.01051815
v -0.01076266 -0.00194091 0.01051815
v -0.00937894 -0.00389258 0.01051815
v -0.00675817 -0.00863367 0.00760223
v -0.00944216 -0.01595457 0.00760223
v -0.01263983 -0.02284938 0.00760223
v -0.01231894 -0.02317029 0.00760223
v -0.01386124 -0.02227983 0.00760223
v -0.01462475 -0.02225897 0.00760223
v -0.00263552 -0.00990009 0.01926590
v -0.00282419 -0.01060423 0.01926590
v -0.00373397 -0.01031737 0.01926590
v -0.00546143 -0.00951184 0.01926590
v -0.00737443 -0.00809635 0.01926590
v -0.00721062 -0.00725865 0.01926590
v -0.00652923 0.00774617 0.01926590
v -0.00772608 0.00768988 0.01926590
v -0.00430720 0.00920741 0.01926590
v -0.00702277 0.00833435 0.01926590
v 0.01115462 0.00029431 0.02009902
v 0.01167306 0.00149389 0.02009902
v 0.01066862 0.00281495 0.02009902
v 0.01137276 0.00300362 0.02009902
v 0.01067532 -0.00099151 0.01926590
v 0.00986389 -0.00268355 0.01926590
v 0.01056803 -0.00287222 0.01926590
v 0.00166039 -0.00961588 0.01051815
v 0.00396695 -0.00853658 0.01051815
v 0.00374581 -0.01031737 0.01051815
v 0.00542754 -0.00861577 0.01051815
v 0.00887115 -0.00531662 0.01051815
v 0.01028118 -0.00378200 0.01051815
v 0.00905916 -0.00246792 0.01051815
v 0.01869504 -0.00160422 0.00760223
v 0.02638972 -0.00134387 0.00760223
v 0.02619792 -0.00093257 0.00760223
v 0.01851054 0.00018393 0.00760223
v 0.02606069 -0.00026816 0.00760223
v 0.00048062 0.01045161 0.01051815
v -0.00241989 0.00901112 0.01051815
v -0.00189287 0.01072646 0.01051815
v -0.00282419 0.01051999 0.01051815
v -0.00139424 0.03560452 0.01697483
v 0.00373968 0.03548222 0.01072643
v 0.00558610 0.03518978 0.01489203
v 0.03458248 0.00873880 0.01697482
v 0.03553027 0.00369164 0.01072643
v 0.03562810 0.00182476 0.01489203
v 0.03509160 -0.00654551 0.01489203
v 0.03263778 -0.01457075 0.01072643
v 0.03263778 -0.01457075 0.01905762
v 0.03094037 -0.01790213 0.01072643
v 0.03094037 -0.01790213 0.01905762
v 0.02890403 -0.02103782 0.01072643
v 0.02890403 -0.02103782 0.01905762
v 0.02655106 -0.02394348 0.01072643
v 0.02522917 -0.02526537 0.01489202
v -0.01277745 -0.03334392 0.01489202
v -0.01785409 -0.03097656 0.01072643
v -0.02207941 0.02797363 0.01697483
v -0.01785409 0.03089233 0.01072643
v -0.01452272 0.03258975 0.01072643
v -0.01452272 0.03258975 0.01905762
v -0.01103217 0.03392964 0.01072643
v -0.01103217 0.03392964 0.01905762
v -0.00742069 0.03489734 0.01072643
v -0.00742069 0.03489734 0.01905762
v 0.00054513 -0.03371731 0.00480346
v 0.00000592 -0.03378348 0.00364491
v -0.00042809 -0.03374550 0.00827914
v -0.00042809 -0.03374550 0.00364491
v -0.00084891 -0.03363275 0.00827914
v -0.00084891 -0.03363275 0.00364491
v -0.00124376 -0.03344862 0.00596202
v -0.00063850 -0.02887911 0.00364491
v 0.00022292 -0.02880374 0.00712058
v 0.00000592 -0.02878476 0.00364491
v 0.00221646 -0.03243508 0.00480346
v 0.00192054 -0.03289066 0.00364491
v 0.00161248 -0.03319873 0.00827914
v 0.00143404 -0.03332367 0.00596202
v 0.01144127 -0.02190842 0.00794068
v 0.01167948 -0.02165170 0.00827914
v 0.01224674 -0.02124383 0.00777145
v 0.00327386 -0.00882655 0.00760223
v 0.01109883 -0.02237981 0.00760223
v 0.00718634 -0.01560318 0.00827914
v 0.00082279 -0.00937905 0.00827914
v 0.00243173 -0.00909535 0.00827914
v 0.00362040 -0.00868156 0.00939864
v 0.00584412 -0.00734335 0.00939864
v -0.02645863 0.01315978 0.00480347
v -0.02705045 0.01307952 0.00827914
v -0.02705045 0.01307952 0.00364491
v -0.02748445 0.01311749 0.00827914
v -0.02748445 0.01311749 0.00364491
v -0.02790527 0.01323025 0.00827914
v -0.02810270 0.01332231 0.00596202
v -0.02830013 0.01341437 0.00364491
v -0.02865701 0.01366427 0.00596202
v -0.02939908 0.01643371 0.00364491
v -0.02921496 0.01682856 0.00364491
v -0.02896507 0.01718544 0.00827914
v -0.02896507 0.01718544 0.00364491
v -0.02865701 0.01749351 0.00596202
v -0.02640603 0.01798389 0.00596202
v -0.02580077 0.01774339 0.00827914
v -0.02562233 0.01761845 0.00596202
v -0.02461725 0.01611810 0.00480347
v -0.02455109 0.01557888 0.00364491
v -0.02458906 0.01514488 0.00827914
v -0.01465240 -0.02741761 0.00721170
v -0.01657272 -0.02609895 0.00760223
v -0.01656803 -0.02614553 0.00708153
v -0.01681855 -0.02551506 0.00708153
v -0.01691683 -0.02484379 0.00708153
v -0.01687728 -0.02439169 0.00768033
v -0.01188543 -0.02572747 0.00738093
v -0.01231894 -0.02651728 0.00827914
v -0.01247938 -0.02667773 0.00768033
v -0.01375165 -0.02737836 0.00738093
v -0.02465540 0.00102642 0.00760223
v -0.02451444 0.00050040 0.00760223
v -0.02449072 0.00022914 0.00794068
v -0.02450258 -0.00044900 0.00794068
v -0.02465540 -0.00111066 0.00827914
v -0.02488555 -0.00160422 0.00760223
v -0.02488555 -0.00160422 0.00827914
v -0.00881500 -0.00301961 0.00939864
v -0.00933102 -0.00085899 0.01051815
v -0.00933102 -0.00085899 0.00760223
v -0.00923559 -0.00160422 0.00760223
v -0.01903346 0.02981086 0.00794068
v -0.01670755 0.02578226 0.00827914
v -0.03067979 0.00036477 0.00794068
v -0.03052697 0.00102642 0.00827914
v -0.03029682 0.00151998 0.00760223
v -0.03029682 0.00151998 0.00827914
v 0.02708879 -0.00134744 0.00614426
v 0.02688576 -0.00105748 0.00614426
v 0.02673615 -0.00073667 0.00708153
v 0.02669035 -0.00056571 0.00661289
v 0.02721394 0.00138836 0.00637858
v 0.02762906 0.00171655 0.00708153
v 0.02778946 0.00179135 0.00661289
v 0.03065972 -0.00021843 0.00708153
v 0.03055268 -0.00073667 0.00708153
v 0.03047788 -0.00089707 0.00661289
v -0.01413702 0.02274425 0.00684721
v -0.01626740 0.02423597 0.00661289
v -0.01631321 0.02440692 0.00614426
v -0.01634406 0.02475955 0.00661289
v -0.01240507 0.02545410 0.00614426
v -0.01231345 0.02511219 0.00614426
v -0.01228260 0.02475955 0.00708153
v -0.01228260 0.02475955 0.00614426
v -0.01231345 0.02440692 0.00708153
v -0.01231345 0.02440692 0.00614426
v -0.01240507 0.02406501 0.00708153
v -0.01240507 0.02406501 0.00614426
v -0.01255467 0.02374419 0.00708153
v -0.01265619 0.02359921 0.00661289
v -0.01322548 0.02305164 0.00637858
v -0.01361878 0.02285129 0.00614426
v -0.01512819 -0.02299163 0.00637857
v -0.01466597 -0.02284391 0.00708153
v -0.01466597 -0.02284391 0.00614426
v -0.01413702 -0.02282848 0.00708153
v -0.01431333 -0.02281305 0.00614426
v -0.01378974 -0.02288972 0.00661289
v -0.01330568 -0.02309848 0.00637857
v -0.01275770 -0.02353846 0.00708153
v -0.01275770 -0.02353846 0.00614426
v -0.01255467 -0.02382842 0.00708153
v -0.01255467 -0.02382842 0.00614426
v -0.01240507 -0.02414924 0.00708153
v -0.01240507 -0.02414924 0.00614426
v -0.01231345 -0.02449115 0.00708153
v 0.02931884 0.01663114 0.00480347
v 0.02952367 0.01601289 0.00827914
v 0.02954266 0.01579589 0.00596202
v 0.02840119 0.01347685 0.00596202
v 0.02791712 0.01323025 0.00364491
v 0.02749629 0.01311749 0.00596202
v -0.01225386 0.02317899 0.00721170
v -0.01435602 0.02217529 0.00760223
v -0.01386124 0.02219560 0.00708153
v -0.01431333 0.02215605 0.00708153
v -0.01186684 0.02386910 0.00708153
v -0.01637280 0.02634011 0.00721170
v -0.01427065 0.02734382 0.00760223
v -0.01476542 0.02732350 0.00708153
v -0.01431333 0.02736305 0.00708153
v -0.01498460 0.02225433 0.00708153
v -0.01580096 0.02263501 0.00768033
v -0.01630773 0.02308605 0.00827914
v -0.01614728 0.02292560 0.00708153
v -0.01656803 0.02345780 0.00827914
v -0.01656803 0.02345780 0.00708153
v -0.01675982 0.02386910 0.00827914
v -0.01681855 0.02408828 0.00768033
v -0.01675982 0.02565000 0.00708153
v -0.01353924 0.02721683 0.00708153
v -0.01263983 0.02675396 0.00827914
v -0.01263983 0.02675396 0.00708153
v -0.01231894 0.02643305 0.00768033
v -0.01205863 0.02345780 0.00760223
v 0.00183779 0.00908577 0.00939864
v -0.00081096 0.00929482 0.01051815
v -0.00081096 0.00929482 0.00827914
v -0.00241989 0.00901112 0.00827914
v 0.00396695 0.00845234 0.01051815
v 0.00327386 0.00874232 0.00760223
v 0.02624587 -0.00103539 0.00721170
v 0.03063881 -0.00171561 0.00708153
v 0.03104296 0.00095116 0.00721170
v 0.03120836 0.00040998 0.00708153
v 0.03124791 -0.00004212 0.00708153
v 0.03099501 -0.00113822 0.00760223
v 0.03109091 -0.00093257 0.00708153
v 0.03089912 -0.00134387 0.00708153
v 0.02819575 0.00250236 0.00738093
v 0.02909651 0.00252183 0.00827914
v 0.02931569 0.00246310 0.00768033
v 0.02665002 -0.00171561 0.00708153
v -0.02494150 -0.02501260 0.00738427
v -0.02259278 -0.02730009 -0.00041655
v -0.02536209 -0.02474358 -0.00041655
v -0.03478857 0.00651851 0.00827914
v -0.03528880 0.00278292 0.00827914
v -0.03536721 0.00151998 0.00827914
v -0.03536721 0.00151998 0.00760223
v -0.03537817 -0.00129445 0.00760223
v -0.03622558 -0.00610112 -0.00041655
v -0.03473926 -0.00659345 0.00827914
v -0.01956741 -0.02954776 -0.00041655
v 0.03258113 -0.01378994 0.00393129
v 0.03002216 -0.01882305 -0.00041655
v 0.03002216 -0.01882305 0.00827914
v 0.02785582 -0.02190718 0.00393129
v -0.03384606 -0.01024952 0.00393129
v 0.01447849 0.02689917 0.00794068
v 0.01487301 0.02679347 0.00827914
v 0.01536657 0.02656331 0.00760223
v 0.01536657 0.02656331 0.00827914
v 0.01581267 0.02625095 0.00760223
v 0.01581267 0.02625095 0.00827914
v 0.01619775 0.02586587 0.00760223
v 0.01619775 0.02586587 0.00827914
v -0.00518771 -0.01057375 0.01801622
v -0.00303982 -0.01140896 0.01593342
v 0.01056803 -0.00287222 0.01759966
v 0.01077450 -0.00194091 0.01926590
v -0.00737443 -0.00809635 0.01489203
v -0.00986657 -0.00464573 0.01051815
v -0.01084572 -0.00099151 0.01478789
v -0.00986657 0.00456150 0.01051815
v -0.00913890 0.00592331 0.01749552
v -0.00118167 0.01082790 0.01593342
v -0.00235853 0.01062323 0.01051815
v 0.00095531 0.01080952 0.01051815
v 0.00865570 0.00659624 0.01478789
v 0.00974453 0.00489482 0.01749552
v 0.01042460 -0.00332711 0.01051815
v 0.01028118 0.00369777 0.01593342
v -0.00546143 0.00942761 0.01926590
v -0.00282419 0.01051999 0.00827914
v -0.00373397 0.01023314 0.00827914
v -0.00837055 0.00698657 0.01593342
v -0.00459770 -0.00991461 0.01377252
v -0.00772608 -0.00777412 0.00827914
v -0.00702277 -0.00841858 0.00827914
v -0.00372784 -0.03556645 0.01072643
v 0.00093568 -0.03534685 0.01072643
v 0.03214998 -0.01360798 0.01072643
v 0.03397767 -0.01108021 0.01072643
v 0.03508302 -0.00422764 0.01072643
v 0.03010004 0.01786371 0.01072643
v 0.02890403 0.02095359 0.01072643
v 0.02629996 0.02296559 0.01072643
v 0.02512825 0.02474469 0.01072643
v 0.00371922 0.03489710 0.01072643
v 0.00000592 0.03567790 0.01072643
v -0.00372784 0.03548222 0.01072643
v -0.00370787 0.03469892 0.01072643
v -0.03493354 0.00738449 0.01072643
v -0.03551842 0.00369164 0.01072643
v -0.03492068 -0.00097221 0.01072643
v -0.03571411 -0.00004212 0.01072643
v -0.03462395 -0.00467941 0.01072643
v -0.03551842 -0.00377587 0.01072643
v -0.03393484 -0.00833407 0.01072643
v -0.03389736 -0.00968175 0.01072643
v -0.03254267 -0.01382641 0.01072643
v -0.03141512 -0.01532119 0.01072643
v -0.02389545 -0.02658726 0.01072643
v -0.02229368 -0.02693933 0.01072643
v -0.02098978 -0.02894022 0.01072643
v -0.00648614 -0.03475891 0.01072643
v 0.00000592 -0.02878476 0.00827914
v -0.00282419 -0.01060423 0.00827914
v -0.00241989 -0.00909535 0.00827914
v 0.00086075 -0.02893548 0.00827914
v 0.01229832 -0.02214695 0.00827914
v -0.00081096 -0.00937905 0.00827914
v 0.00143583 -0.01895904 0.00827914
v 0.02537394 -0.02474358 0.00827914
v 0.01339759 -0.02624946 0.00827914
v 0.01159293 -0.02324522 0.00827914
v -0.00234271 -0.03213894 0.00827914
v -0.00215859 -0.03253380 0.00827914
v 0.00630642 -0.00696700 0.00827914
v 0.00967390 -0.00305388 0.00827914
v 0.02283220 -0.00188939 0.00827914
v 0.01611202 -0.02434879 0.00827914
v 0.01614762 -0.02394191 0.00827914
v 0.01611202 -0.02353502 0.00827914
v 0.01204455 -0.02136057 0.00827914
v 0.01281798 -0.02182637 0.00827914
v 0.01435162 -0.02161102 0.00827914
v -0.00930991 -0.03420223 0.00827914
v 0.01619775 -0.02595010 0.00827914
v 0.01178360 -0.02504814 0.00827914
v -0.01368830 -0.02882085 0.00827914
v 0.02819232 -0.00260606 0.00827914
v 0.02785582 -0.02190718 0.00827914
v 0.02864441 -0.00264562 0.00827914
v 0.03163001 -0.00717528 0.00827914
v -0.00264815 -0.01965769 0.00827914
v -0.01191911 -0.02382107 0.00827914
v -0.00160064 -0.02936950 0.00827914
v -0.00190870 -0.02967756 0.00827914
v 0.01873427 -0.02700738 0.00827914
v 0.01575971 -0.02269559 0.00827914
v 0.03184840 -0.01552612 0.00827914
v 0.03286953 -0.00322861 0.00827914
v 0.03031791 -0.00203651 0.00827914
v -0.00373397 -0.01031737 0.00827914
v -0.00042809 -0.02882273 0.00827914
v -0.00084891 -0.02893548 0.00827914
v 0.00435510 -0.02815197 0.00827914
v 0.00327386 -0.00882655 0.00827914
v 0.01289998 -0.03301849 0.00827914
v -0.01170983 -0.02484379 0.00827914
v -0.00215859 -0.03003444 0.00827914
v -0.01174938 -0.02439169 0.00827914
v -0.01186684 -0.02395334 0.00827914
v 0.00217043 -0.03253380 0.00827914
v 0.00248629 -0.03106711 0.00827914
v -0.00369040 -0.03402181 0.00827914
v -0.01263983 -0.02683818 0.00827914
v -0.00245547 -0.03171812 0.00827914
v -0.01205863 -0.02614553 0.00827914
v -0.00249344 -0.03128411 0.00827914
v -0.00245547 -0.03085011 0.00827914
v -0.00234271 -0.03042929 0.00827914
v -0.00767167 -0.00541802 0.00827914
v -0.00662151 -0.00666954 0.00827914
v -0.02837986 0.01766448 0.00827914
v -0.01561508 -0.02258909 0.00827914
v -0.02171871 -0.00545660 0.00827914
v -0.02523139 -0.00093709 0.00827914
v -0.00848854 -0.00400315 0.00827914
v -0.01630773 -0.02317029 0.00827914
v -0.03049194 -0.00036423 0.00827914
v -0.03052697 -0.00111066 0.00827914
v -0.02971553 -0.00138607 0.00827914
v -0.02918207 0.01680958 0.00827914
v -0.03023959 0.01656378 0.00827914
v -0.02951184 0.01514488 0.00827914
v -0.03050406 0.00794247 0.00827914
v -0.00772608 0.00768989 0.00827914
v -0.01705298 0.00985140 0.00827914
v -0.02748445 0.01804027 0.00827914
v -0.02759118 0.00230103 0.00827914
v -0.02939908 0.01472405 0.00827914
v -0.02921496 0.01432920 0.00827914
v -0.02010207 0.01925888 0.00827914
v -0.01520378 0.02231306 0.00827914
v -0.01958792 0.01887681 0.00827914
v -0.01476542 0.02219560 0.00827914
v -0.02590447 0.00137320 0.00827914
v -0.01082376 -0.01533878 0.00827914
v -0.03389410 0.01017977 0.00827914
v -0.02661644 0.01311749 0.00827914
v -0.02619562 0.01323025 0.00827914
v -0.02580077 0.01341437 0.00827914
v -0.02544389 0.01366427 0.00827914
v -0.02513583 0.01397232 0.00827914
v -0.02488594 0.01432920 0.00827914
v -0.00702277 0.00833435 0.00827914
v -0.00675817 0.00854943 0.00827914
v -0.02102633 0.02097249 0.00827914
v -0.02510354 0.02195099 0.00827914
v -0.02661644 0.01804027 0.00827914
v -0.02684563 0.02067622 0.00827914
v -0.02754496 0.00778705 0.00827914
v -0.02844286 0.01096859 0.00827914
v -0.03522782 -0.00317291 0.00827914
v -0.02769290 -0.00235857 0.00827914
v -0.00923559 -0.00160422 0.00827914
v -0.02608503 -0.00183707 0.00827914
v -0.01931808 0.02048033 0.00827914
v -0.00923559 0.00151998 0.00827914
v -0.00904732 0.00238369 0.00827914
v -0.02236063 -0.02314943 0.00827914
v -0.01675982 -0.02395334 0.00827914
v -0.03001032 -0.01882305 0.00827914
v -0.02420230 -0.01953408 0.00827914
v -0.02544389 0.01749351 0.00827914
v -0.01687728 0.02430746 0.00827914
v 0.02893827 -0.00084946 0.00614426
v 0.02795588 -0.00130930 0.00614426
v 0.02809216 -0.00070027 0.00614426
v 0.02766268 -0.00109606 0.00614426
v 0.02731826 0.00051995 0.00614426
v 0.02708879 0.00126321 0.00614426
v 0.02733909 0.00151351 0.00614426
v 0.02932360 -0.00096759 0.00614426
v 0.02965978 -0.00180078 0.00614426
v -0.01389146 0.02338237 0.00614426
v -0.01431333 0.02390040 0.00614426
v -0.01438793 0.02332114 0.00614426
v -0.01561866 0.02320392 0.00614426
v -0.01509714 0.02355115 0.00614426
v -0.01546317 0.02389210 0.00614426
v -0.01526809 0.02539691 0.00614426
v -0.01586896 0.02606488 0.00614426
v -0.01486559 0.02541771 0.00614426
v -0.01329797 0.02651822 0.00614426
v -0.01376108 0.02541771 0.00614426
v -0.01300800 0.02631518 0.00614426
v -0.01320644 0.02568834 0.00614426
v -0.01240507 -0.02553834 0.00614426
v -0.01255467 -0.02585915 0.00614426
v -0.01320644 -0.02577257 0.00614426
v -0.01597048 -0.02368344 0.00614426
v -0.01486559 -0.02418563 0.00614426
v -0.01503580 -0.02359243 0.00614426
v 0.02706838 0.01936774 0.00827914
v 0.00833712 0.03281406 0.00827914
v 0.02402331 0.02597448 0.00827914
v 0.01758907 0.00934454 0.00827914
v 0.00857555 0.00350502 0.00827914
v 0.00630642 0.00688276 0.00827914
v 0.01608182 0.02420602 0.00827914
v 0.01651010 0.02541977 0.00827914
v 0.01485442 0.03068935 0.00827914
v 0.01112663 0.03357377 0.00827914
v 0.02489778 0.01682856 0.00827914
v 0.02460090 0.01514488 0.00827914
v 0.00198458 0.03426707 0.00827914
v 0.00749046 0.03456539 0.00827914
v 0.01559943 0.02235153 0.00827914
v 0.01592000 0.02287119 0.00827914
v -0.00868289 0.03216652 0.00827914
v 0.01421135 0.02155012 0.00827914
v 0.01429772 0.02123781 0.00827914
v 0.01531062 0.02206272 0.00827914
v 0.00833712 0.02292075 0.00827914
v 0.01149692 0.02426456 0.00827914
v 0.01147912 0.02365423 0.00827914
v 0.01109883 0.02229558 0.00827914
v 0.02112186 0.02837998 0.00827914
v -0.00832528 0.02292075 0.00827914
v 0.01273434 0.02591464 0.00827914
v -0.00098341 0.03507705 0.00827914
v 0.00510878 0.03446949 0.00827914
v 0.02952367 0.01514488 0.00827914
v 0.03262736 0.01372521 0.00827914
v 0.02922679 0.01432920 0.00827914
v 0.03390593 0.01017977 0.00827914
v 0.02897690 0.01397232 0.00827914
v 0.03014901 0.01687290 0.00827914
v 0.01550833 0.02573001 0.00827914
v 0.01427916 0.02654982 0.00827914
v 0.01360103 0.02618302 0.00827914
v 0.01159792 0.02266203 0.00827914
v 0.01179627 0.02146439 0.00827914
v 0.01224237 0.02115204 0.00827914
v 0.01305285 0.02114822 0.00827914
v 0.01339759 0.02155012 0.00827914
v 0.00243173 0.00901112 0.00827914
v 0.00082279 0.00929482 0.00827914
v -0.01189298 0.02380297 0.00827914
v -0.01174938 0.02521164 0.00827914
v -0.01205863 0.02606130 0.00827914
v -0.01148097 0.02818876 0.00827914
v -0.01301158 0.02701426 0.00827914
v 0.00327386 0.00874232 0.00827914
v -0.01186684 0.02565000 0.00827914
v 0.02775396 0.00240437 0.00827914
v 0.02734266 0.00221258 0.00827914
v 0.02701661 0.00751590 0.00827914
v 0.02480572 0.01452662 0.00827914
v 0.02791712 0.01323025 0.00827914
v 0.02831196 0.01341437 0.00827914
v 0.03031791 0.00195228 0.00827914
v 0.02994616 0.00221258 0.00827914
v 0.02953487 0.00240437 0.00827914
v 0.02866885 0.01366427 0.00827914
v 0.02749629 0.01311749 0.00827914
v 0.02864441 0.00256138 0.00827914
v 0.02819232 0.00252183 0.00827914
v -0.01030134 -0.00799295 0.01905762
v -0.00881400 -0.00650561 0.01905762
v -0.00881400 -0.00650561 0.01593342
v -0.00955767 0.00716505 0.01905762
v -0.00946381 0.00542523 0.01905762
v -0.01126757 0.00646663 0.01905762
v -0.01026934 0.00369777 0.01905762
v -0.01222653 0.00441013 0.01905762
v -0.01076266 0.00185668 0.01905762
v -0.01187130 0.00108812 0.01905762
v -0.00172608 0.01285965 0.01593342
v -0.00189287 0.01072646 0.01593342
v -0.00225455 0.01277762 0.01593342
v -0.00282419 0.01051999 0.01593342
v -0.00303982 0.01132473 0.01593342
v -0.00496738 0.01062315 0.01593342
v 0.01001342 0.00436441 0.01905762
v 0.01204517 0.00490881 0.01905762
v 0.01127940 0.00646663 0.01905762
v 0.01223836 0.00441013 0.01593342
v 0.01042020 0.00385755 0.01593342
v 0.01282565 0.00221835 0.01593342
v 0.01167306 0.00149389 0.01593342
v -0.00118167 -0.01091214 0.01905762
v -0.00172608 -0.01294388 0.01905762
v 0.00000592 -0.01097682 0.01905762
v 0.00000592 -0.01305962 0.01905762
v 0.00190471 -0.01081070 0.01905762
v 0.00226638 -0.01286185 0.01905762
v 0.00374581 -0.01031737 0.01905762
v 0.00445817 -0.01227456 0.01905762
v 0.00547326 -0.00951184 0.01905762
v 0.00677464 -0.00986709 0.01905762
v 0.03389857 0.00823808 0.01012762
v 0.03433989 0.00643168 0.00952882
v 0.03488300 0.00088666 0.01012762
v -0.02625086 -0.02301722 0.01012762
v -0.02747538 -0.02161779 0.00952882
v -0.02961305 -0.01857448 0.01072643
v -0.03487117 0.00088666 0.01012762
v -0.03482167 0.00274553 0.00952882
v -0.03432806 0.00643168 0.01072643
v -0.02743643 0.02150298 0.01012762
v -0.02628813 0.02296559 0.00952882
v -0.02226207 0.02681697 0.01012762
v 0.01577513 -0.02519712 0.00890398
v 0.01600631 -0.02474332 0.00827914
v 0.01611202 -0.02434879 0.00952882
v 0.01612982 -0.02414535 0.00890398
v 0.01154977 -0.02333776 0.00890398
v 0.01380447 -0.02161655 0.00859156
v 0.01300306 -0.02174006 0.00952882
v 0.01281798 -0.02182637 0.00890398
v 0.01177524 -0.02277033 0.00827914
v 0.01160263 -0.02314050 0.00952882
v -0.02950327 0.00129675 0.00890398
v -0.02893004 -0.00195421 0.00827914
v -0.02839259 -0.00224396 0.00952882
v -0.02839259 -0.00224396 0.00827914
v -0.02799806 -0.00234967 0.00952882
v -0.02779462 -0.00236747 0.00890398
v -0.02579623 -0.00154826 0.00827914
v -0.02556196 -0.00121369 0.00827914
v -0.02533648 -0.00064626 0.00859156
v -0.02524803 -0.00004212 0.00952882
v -0.02526583 0.00016133 0.00890398
v -0.02909733 0.00175284 0.00827914
v -0.02938613 0.00146403 0.00952882
v 0.01583369 0.02268610 0.00890398
v 0.01607238 0.02330285 0.00859156
v 0.01614762 0.02385768 0.00952882
v 0.01614762 0.02385768 0.00827914
v 0.01611202 0.02426456 0.00952882
v 0.01611202 0.02426456 0.00827914
v 0.01600631 0.02465908 0.00952882
v 0.01600631 0.02465908 0.00827914
v 0.01583369 0.02502925 0.00952882
v 0.01583369 0.02502925 0.00827914
v 0.01559943 0.02536382 0.00890398
v 0.01522698 0.02200415 0.00859156
v 0.01246561 0.02576977 0.00890398
v 0.01300306 0.02605952 0.00827914
v 0.01263290 0.02588690 0.00952882
v 0.02860712 0.00081378 0.00868268
v 0.02879360 0.00080399 0.00952882
v 0.02893827 0.00076523 0.00614426
v 0.02893827 0.00076523 0.00952882
v 0.02907399 0.00070194 0.00614426
v 0.02907399 0.00070193 0.00952882
v 0.02919667 0.00061604 0.00614426
v 0.02924962 0.00056309 0.00783654
v 0.02948083 0.00014324 0.00868268
v 0.02950357 -0.00004212 0.00952882
v 0.02949052 -0.00019131 0.00614426
v 0.02794332 -0.00053303 0.00699040
v 0.02783708 -0.00033596 0.00614426
v 0.02783708 -0.00033596 0.00952882
v 0.02779832 -0.00019131 0.00614426
v 0.02779832 -0.00019131 0.00952882
v 0.02778527 -0.00004212 0.00614426
v 0.02778527 -0.00004212 0.00952882
v 0.02779832 0.00010707 0.00614426
v 0.02779832 0.00010707 0.00952882
v 0.02783708 0.00025173 0.00614426
v 0.02783708 0.00025173 0.00952882
v 0.02790037 0.00038746 0.00614426
v 0.02790037 0.00038746 0.00952882
v 0.02798627 0.00051014 0.00614426
v 0.02798627 0.00051014 0.00952882
v 0.02809216 0.00061604 0.00614426
v 0.02809216 0.00061603 0.00952882
v 0.02821485 0.00070194 0.00614426
v 0.02821485 0.00070193 0.00952882
v 0.02835057 0.00076523 0.00614426
v 0.02835057 0.00076523 0.00952882
v 0.02849523 0.00080399 0.00614426
v -0.01449869 0.02559597 0.00868268
v -0.01431333 0.02561871 0.00952882
v -0.01416414 0.02560566 0.00614426
v -0.01416414 0.02560566 0.00952882
v -0.01401948 0.02556690 0.00614426
v -0.01401948 0.02556690 0.00952882
v -0.01388376 0.02550360 0.00614426
v -0.01388376 0.02550360 0.00952882
v -0.01376108 0.02541771 0.00952882
v -0.01365518 0.02531180 0.00614426
v -0.01356928 0.02518913 0.00783654
v -0.01350599 0.02505340 0.00614426
v -0.01350599 0.02505340 0.00952882
v -0.01346723 0.02490874 0.00614426
v -0.01346723 0.02490874 0.00952882
v -0.01345418 0.02475955 0.00614426
v -0.01345418 0.02475955 0.00952882
v -0.01346723 0.02461036 0.00614426
v -0.01346723 0.02461036 0.00952882
v -0.01350599 0.02446571 0.00614426
v -0.01350599 0.02446571 0.00952882
v -0.01356928 0.02432997 0.00614426
v -0.01361223 0.02426864 0.00783654
v -0.01423874 0.02390693 0.00614426
v -0.01446252 0.02391345 0.00614426
v -0.01446252 0.02391345 0.00952882
v -0.01460718 0.02395222 0.00783654
v -0.01508903 0.02439784 0.00614426
v -0.01515943 0.02461036 0.00614426
v -0.01515943 0.02461036 0.00952882
v -0.01517249 0.02475955 0.00952882
v -0.01515943 0.02490874 0.00614426
v -0.01514005 0.02498107 0.00783654
v -0.01438793 -0.02399115 0.00783654
v -0.01347692 -0.02465843 0.00868268
v -0.01345418 -0.02484379 0.00952882
v -0.01346723 -0.02499297 0.00614426
v -0.01348661 -0.02506530 0.00783654
v -0.01363371 -0.02536537 0.00868268
v -0.01376108 -0.02550193 0.00952882
v -0.01388376 -0.02558784 0.00614426
v -0.01494501 -0.02542251 0.00868268
v -0.01505738 -0.02527337 0.00952882
v -0.01512067 -0.02513763 0.00614426
v -0.01514005 -0.02506530 0.00783654
v -0.01467504 -0.02406809 0.00783654
v -0.01460718 -0.02403644 0.00952882
v -0.01291270 -0.00117235 0.01429322
v -0.01281382 0.00221835 0.00952882
v -0.01301158 -0.00004212 0.00952882
v 0.00651466 0.01123137 0.00952882
v 0.00837341 0.00992987 0.00952882
v 0.00997790 0.00832537 0.01905762
v 0.00989922 0.00840406 0.00952882
v 0.00989922 0.02221764 0.00952882
v 0.01281798 0.02597321 0.00952882
v 0.00989922 0.02590977 0.00952882
v -0.01938707 0.02896136 0.00952882
v -0.02021025 0.02590977 0.00952882
v 0.01458552 0.02165038 0.00952882
v 0.01458552 0.00763821 0.00952882
v -0.00832528 0.02950744 0.00952882
v -0.00832528 0.03281406 0.00952882
v -0.01066843 0.03321045 0.00952882
v 0.00739141 0.03410736 0.00952882
v 0.00371970 0.03469892 0.00952882
v 0.00989922 0.03342345 0.00952882
v 0.00000592 0.03489685 0.00952882
v -0.00737957 0.03410736 0.00952882
v 0.00989922 0.02950744 0.00952882
v 0.01097944 0.03312886 0.00952882
v 0.01458552 0.02950744 0.00952882
v 0.01444313 0.03177453 0.00952882
v 0.01458552 0.03170053 0.00952882
v 0.01638268 0.02792155 0.00952882
v 0.01914758 0.02590977 0.00952882
v 0.02084238 0.02800380 0.00952882
v 0.02109890 0.02393514 0.00952882
v 0.01597731 0.02322103 0.00952882
v 0.01580287 0.02501145 0.00952882
v 0.03404512 0.00763821 0.00952882
v 0.03345725 0.01004448 0.00952882
v 0.01479096 0.02174214 0.00952882
v 0.03219562 0.01354300 0.00952882
v 0.01559943 0.02235153 0.00952882
v 0.03056923 0.01688760 0.00952882
v 0.01458552 0.00155904 0.00952882
v 0.03483349 0.00274553 0.00952882
v 0.03486510 0.00155904 0.00952882
v 0.02856982 -0.00089474 0.00952882
v 0.02798627 -0.00059437 0.00952882
v 0.01458552 -0.00772244 0.00952882
v 0.02809216 -0.00070027 0.00952882
v 0.02821485 -0.00078617 0.00952882
v 0.02790037 -0.00047169 0.00952882
v 0.02786872 0.00031960 0.00952882
v 0.02835057 -0.00084946 0.00952882
v 0.02916180 -0.00071674 0.00952882
v 0.03143770 -0.00129905 0.00952882
v 0.02949052 -0.00019131 0.00952882
v 0.02818743 0.00067481 0.00952882
v 0.02913533 0.00065898 0.00952882
v 0.02938847 0.00038746 0.00952882
v 0.02864441 0.00081704 0.00952882
v 0.01458552 -0.01732918 0.00952882
v 0.01531062 -0.02214695 0.00952882
v 0.03142695 -0.01532119 0.00952882
v 0.03287302 -0.01189477 0.00952882
v 0.03406200 -0.00772244 0.00952882
v 0.01460587 -0.02174006 0.00952882
v 0.01497605 -0.02191267 0.00952882
v 0.01458552 -0.02614919 0.00952882
v 0.01458552 -0.03173976 0.00952882
v 0.01611602 -0.03104528 0.00952882
v 0.01915591 -0.02584132 0.00952882
v 0.01932019 -0.02915725 0.00952882
v 0.01559943 -0.02544805 0.00952882
v 0.01531062 -0.02573686 0.00952882
v 0.01497605 -0.02597114 0.00952882
v 0.01146132 -0.02394191 0.00952882
v 0.00989922 -0.02279169 0.00952882
v 0.00989922 -0.03351829 0.00952882
v 0.01272931 -0.03258204 0.00952882
v 0.01320033 -0.02619660 0.00952882
v 0.01421135 -0.02624946 0.00952882
v 0.01263290 -0.02597114 0.00952882
v 0.01229832 -0.02573686 0.00952882
v 0.01200952 -0.02544805 0.00952882
v 0.01160263 -0.02474332 0.00952882
v 0.01149692 -0.02434879 0.00952882
v -0.01066843 -0.02279169 0.00952882
v -0.00736911 -0.03414319 0.00952882
v -0.01066843 -0.03325990 0.00952882
v -0.00185361 -0.03493156 0.00952882
v 0.00186545 -0.03493156 0.00952882
v 0.00556343 -0.03453626 0.00952882
v 0.00919845 -0.03375011 0.00952882
v -0.01431333 -0.02570295 0.00952882
v -0.01610418 -0.03104528 0.00952882
v -0.01514005 -0.02462226 0.00952882
v -0.02021025 -0.02279169 0.00952882
v -0.01400643 -0.02405676 0.00952882
v -0.01376108 -0.02418563 0.00952882
v -0.01365518 -0.02429153 0.00952882
v -0.01356928 -0.02527337 0.00952882
v -0.01365518 -0.02539603 0.00952882
v -0.01385635 -0.02556071 0.00952882
v -0.01930835 -0.02915725 0.00952882
v -0.01766546 -0.02681241 0.00952882
v -0.01501443 -0.02533470 0.00952882
v -0.01486559 -0.02550193 0.00952882
v -0.01505738 -0.02441421 0.00952882
v -0.01497148 -0.02429153 0.00952882
v -0.01477032 -0.02412686 0.00952882
v -0.01446252 -0.02399768 0.00952882
v -0.01346723 -0.02484378 0.00952882
v -0.02502634 -0.02441664 0.00952882
v -0.02229368 -0.02693933 0.00952882
v -0.02021025 -0.01732918 0.00952882
v -0.02803063 -0.02068308 0.00952882
v -0.03243370 -0.00772244 0.00952882
v -0.03267498 -0.01182763 0.00952882
v -0.02021025 -0.00772244 0.00952882
v -0.03030285 -0.01732918 0.00952882
v -0.03462395 -0.00467941 0.00952882
v -0.03243370 0.00155904 0.00952882
v -0.03485327 0.00155904 0.00952882
v -0.03243370 0.00763821 0.00952882
v -0.02021025 0.00763821 0.00952882
v -0.02021025 0.02221764 0.00952882
v -0.02957107 0.01846398 0.00952882
v -0.03218377 0.01354300 0.00952882
v -0.03243370 0.01284999 0.00952882
v -0.02083054 0.02800380 0.00952882
v -0.02335631 0.02590977 0.00952882
v -0.02369360 0.02563014 0.00952882
v -0.01066843 0.02950744 0.00952882
v -0.01434950 0.03159428 0.00952882
v 0.01400791 -0.02161655 0.00952882
v 0.01458552 -0.02173462 0.00952882
v 0.01291661 -0.02179994 0.00952882
v 0.00989922 -0.01732918 0.00952882
v -0.02608503 0.00175284 0.00952882
v -0.02876275 0.00198711 0.00952882
v -0.02678978 0.00215973 0.00952882
v -0.02718430 0.00226544 0.00952882
v -0.02962041 0.00112946 0.00952882
v -0.02929114 0.00155904 0.00952882
v -0.02909733 0.00175284 0.00952882
v -0.02589123 0.00155904 0.00952882
v -0.02021025 0.00155904 0.00952882
v -0.02579623 0.00146403 0.00952882
v -0.02993433 -0.00004212 0.00952882
v -0.02979302 0.00075929 0.00952882
v -0.02556196 0.00112946 0.00952882
v -0.02538933 0.00075929 0.00952882
v -0.02528363 0.00036477 0.00952882
v -0.02938613 -0.00154826 0.00952882
v -0.02962041 -0.00121369 0.00952882
v -0.02979302 -0.00084352 0.00952882
v -0.02989873 -0.00044900 0.00952882
v -0.02528363 -0.00044900 0.00952882
v -0.02538933 -0.00084352 0.00952882
v -0.02556196 -0.00121369 0.00952882
v -0.02579623 -0.00154826 0.00952882
v -0.02608503 -0.00183707 0.00952882
v -0.02641960 -0.00207134 0.00952882
v -0.02678978 -0.00224396 0.00952882
v -0.02718430 -0.00234967 0.00952882
v -0.02809360 -0.00230571 0.00952882
v -0.02876275 -0.00207134 0.00952882
v -0.02909733 -0.00183707 0.00952882
v 0.01380447 0.02620083 0.00952882
v 0.01421135 0.02616522 0.00952882
v 0.01458552 0.02606497 0.00952882
v 0.01339759 0.02616522 0.00952882
v 0.01171922 0.02305305 0.00952882
v 0.01149692 0.02426456 0.00952882
v 0.01160263 0.02465908 0.00952882
v 0.01177524 0.02502925 0.00952882
v 0.01200952 0.02536382 0.00952882
v 0.01229832 0.02565263 0.00952882
v 0.01421135 0.02155012 0.00952882
v 0.00997790 0.00832537 0.00952882
v 0.01045906 0.00763821 0.00952882
v 0.01229832 0.02206272 0.00952882
v 0.01380447 0.02151452 0.00952882
v 0.01339759 0.02155012 0.00952882
v 0.01300306 0.02165583 0.00952882
v 0.00833712 0.02590977 0.00952882
v -0.00832528 0.02590977 0.00952882
v -0.01066843 0.02221764 0.00952882
v -0.01066843 0.02590977 0.00952882
v 0.00833712 0.02950744 0.00952882
v -0.00225455 -0.01286185 0.00952882
v -0.00444633 -0.01227456 0.00952882
v -0.01066843 -0.01732918 0.00952882
v -0.01096800 -0.00697869 0.00952882
v -0.01066843 -0.00772244 0.00952882
v 0.00226638 -0.01286185 0.00952882
v 0.00000592 -0.01305962 0.00952882
v -0.00650283 -0.01131560 0.00952882
v -0.00996607 -0.00840960 0.00952882
v 0.01288333 0.00155904 0.00952882
v 0.01302342 -0.00004212 0.00952882
v 0.01223836 -0.00449436 0.00952882
v 0.01127940 -0.00655087 0.00952882
v 0.01045906 -0.00772244 0.00952882
v 0.00997790 -0.00840960 0.00952882
v 0.00548642 -0.01179508 0.00952882
v 0.01282565 -0.00230258 0.00952882
v 0.01127940 0.00646663 0.00952882
v 0.01223836 0.00441013 0.00952882
v 0.01282565 0.00221835 0.00952882
v -0.00836157 0.00992987 0.00952882
v -0.00650283 0.01123137 0.00952882
v -0.01066843 0.00763821 0.00952882
v -0.01044722 0.00763821 0.00952882
v -0.00996607 0.00832537 0.00952882
v -0.00444633 0.01219034 0.00952882
v -0.00225455 0.01277762 0.00952882
v 0.00226638 0.01277762 0.00952882
v 0.00445817 0.01219034 0.00952882
v -0.01287150 0.00155904 0.00952882
v -0.01120774 0.00638034 0.00952882
v -0.01222653 -0.00449436 0.00952882
v -0.01281382 -0.00230258 0.00952882
v -0.01376947 0.02540770 0.00952882
v -0.01402508 0.02397090 0.00952882
v -0.01460718 0.02395222 0.00952882
v -0.01474291 0.02401550 0.00952882
v -0.01486559 0.02410141 0.00952882
v -0.01497148 0.02420730 0.00952882
v -0.01505738 0.02432997 0.00952882
v -0.01512067 0.02446571 0.00952882
v -0.01515627 0.02487031 0.00952882
v -0.01467504 0.02553525 0.00952882
v -0.01356928 0.02432997 0.00952882
v -0.01365518 0.02420730 0.00952882
v 0.02074984 0.01765892 0.02830055
v 0.02520750 0.01765892 0.03460391
v 0.02606630 0.02095172 0.03358605
v 0.02530113 0.02187268 0.03506868
v 0.02391932 0.02338680 0.03641860
v 0.02254259 0.01765892 0.03628072
v 0.02204872 0.02514104 0.03729254
v 0.02018229 0.02668366 0.03760288
v 0.01437709 0.03018558 0.03272305
v 0.01458416 0.03008453 0.03376256
v 0.01819904 0.01765892 0.03363439
v 0.01502812 0.02986697 0.03473281
v 0.01834307 0.01765892 0.03397143
v 0.01530264 0.02972734 0.03516237
v 0.01851673 0.01765892 0.03429448
v 0.01563559 0.02955369 0.03558475
v 0.01871829 0.01765892 0.03460050
v 0.01600365 0.02935613 0.03596688
v 0.01894643 0.01765892 0.03488763
v 0.01641889 0.02912609 0.03632106
v 0.01919876 0.01765892 0.03515307
v 0.01685472 0.02887625 0.03662579
v 0.01751898 0.02847806 0.03699307
v 0.01857332 0.02780276 0.03736668
v 0.02033744 0.01765892 0.03590197
v 0.01774905 0.02835021 0.02726248
v 0.01964013 0.01765892 0.02891951
v 0.01641775 0.02912672 0.02807705
v 0.01894643 0.01765892 0.02950960
v 0.01600365 0.02935613 0.02843035
v 0.01871829 0.01765892 0.02979673
v 0.01563662 0.02955313 0.02881129
v 0.01851673 0.01765892 0.03010274
v 0.01530264 0.02972734 0.02923486
v 0.01834307 0.01765892 0.03042580
v 0.01502812 0.02986697 0.02966442
v 0.01819904 0.01765892 0.03076284
v 0.01456051 0.03009531 0.03069728
v 0.01437729 0.03018548 0.03167227
v 0.02353396 0.01765892 0.02852577
v 0.02048241 0.02644496 0.02681043
v 0.02272841 0.02454242 0.02733174
v 0.02483425 0.02241354 0.02871061
v 0.02585578 0.01765892 0.03077922
v 0.02626275 0.02070643 0.03141842
v 0.01003144 0.02124073 0.03223133
v 0.01028474 0.02134450 0.03348102
v 0.01028474 0.02134450 0.03181477
v 0.01044831 0.02145903 0.03348102
v 0.01075678 0.02187691 0.03223134
v 0.01084011 0.02213764 0.03348102
v 0.01085751 0.02233657 0.03348102
v 0.01084881 0.02223710 0.03181477
v 0.01084011 0.02253548 0.03264790
v 0.00936839 0.02342594 0.03223134
v 0.00913920 0.02332864 0.03181477
v 0.00897563 0.02321410 0.03348102
v 0.00890503 0.02314351 0.03264790
v -0.00070917 0.02185428 0.03181477
v -0.00061530 0.02213764 0.03348102
v -0.00060224 0.02228683 0.03223134
v -0.00065406 0.02268014 0.03223134
v -0.00075136 0.02290934 0.03181477
v -0.00086590 0.02307291 0.03348102
v -0.00093649 0.02314351 0.03264790
v -0.00130639 0.02339192 0.03264790
v -0.00154451 0.02346470 0.03181477
v -0.00174343 0.02348211 0.03348102
v -0.00184289 0.02347340 0.03264790
v -0.00251507 0.02149433 0.03223133
v -0.00231620 0.02134450 0.03181477
v -0.00213523 0.02126011 0.03348102
v -0.00203879 0.02123427 0.03264790
v 0.02304017 0.01765892 0.03972942
v 0.02716052 0.01765892 0.03868802
v 0.02288329 0.02149669 0.03978240
v 0.02320023 0.02408048 0.03765116
v 0.01903621 0.02520871 0.03950008
v 0.01693137 0.02737553 0.03889732
v 0.01456977 0.03015667 0.03767565
v 0.02693577 0.01982212 0.03764665
v 0.02512937 0.02206674 0.03764408
v -0.00219728 0.02058080 0.03348102
v -0.00354762 0.02195399 0.03348102
v -0.00075136 0.02176380 0.03348102
v -0.00135163 0.02126011 0.03348102
v -0.00154451 0.02120843 0.03348102
v -0.00056663 0.02266879 0.03348102
v -0.00221680 0.02505288 0.03348102
v -0.00074502 0.02397607 0.03348102
v -0.00333637 0.02125292 0.03348102
v -0.00288201 0.02078241 0.03348102
v -0.00078060 0.02136022 0.03348102
v -0.00194235 0.02120843 0.03348102
v -0.00231620 0.02134450 0.03348102
v -0.00181037 0.02352110 0.03348102
v 0.00095471 0.02176869 0.03348102
v 0.00097288 0.02280994 0.03348102
v 0.00012026 0.02282480 0.03348102
v 0.00001034 0.02313409 0.03348102
v -0.00284573 0.02204120 0.03348102
v -0.00288027 0.02243602 0.03348102
v -0.00015049 0.02342022 0.03348102
v -0.00035756 0.02367488 0.03348102
v -0.00065978 0.02074363 0.03348102
v -0.00247977 0.02145903 0.03348102
v -0.00273550 0.02176380 0.03348102
v -0.00346830 0.02319481 0.03348102
v -0.00040511 0.02095069 0.03348102
v -0.00018928 0.02119798 0.03348102
v 0.01027985 0.01963842 0.03348102
v 0.00998847 0.02084104 0.03348102
v 0.01075077 0.02295493 0.03348102
v 0.01101821 0.02338953 0.03348102
v 0.01141650 0.02225701 0.03348102
v 0.00991089 0.02346470 0.03348102
v 0.00825098 0.02186417 0.03348102
v 0.00858383 0.02213764 0.03348102
v 0.01092296 0.02382597 0.03348102
v 0.01018534 0.02505288 0.03348102
v 0.00914409 0.02503471 0.03348102
v 0.00915898 0.02418208 0.03348102
v 0.00889910 0.02081343 0.03348102
v 0.00951305 0.02120843 0.03348102
v 0.00922372 0.02047287 0.03348102
v 0.00923860 0.01962025 0.03348102
v 0.01050949 0.02409034 0.03348102
v 0.00856643 0.02233657 0.03348102
v 0.00863552 0.02272836 0.03348102
v 0.00894678 0.02365186 0.03348102
v 0.00885373 0.02406143 0.03348102
v 0.02246105 0.02492148 0.02566214
v 0.01334228 0.03065681 0.03612619
v 0.01364081 0.03052521 0.03660521
v 0.01309119 0.03076482 0.03561810
v 0.01289800 0.03084628 0.03510324
v 0.01439322 0.03017789 0.03749741
v 0.01399781 0.03036323 0.03707111
v 0.01275649 0.03090505 0.03456604
v 0.01267237 0.03093962 0.03402683
v 0.01266332 0.03094333 0.03046660
v 0.01309922 0.03076514 0.02868278
v 0.01583903 0.02946156 0.02625902
v 0.02693299 0.01982595 0.02567052
v 0.01826700 0.02800691 0.02570458
v 0.02840370 0.01765892 0.02567052
v 0.02153085 0.01765892 0.02570257
v 0.02620228 0.01765892 0.03290050
v 0.02733340 0.01765892 0.03492262
v 0.02632321 0.01765892 0.02716780
v 0.02620228 0.01765892 0.03149673
v 0.02602147 0.01765892 0.03081497
v 0.01765994 0.01765892 0.03306271
v 0.02532260 0.01765892 0.03480778
v 0.02572556 0.01765892 0.03422426
v 0.02602147 0.01765892 0.03358226
v 0.02572556 0.01765892 0.03017297
v 0.02532260 0.01765892 0.02958945
v 0.02482367 0.01765892 0.02908169
v 0.01756940 0.01765892 0.02984713
v 0.02591734 0.01765892 0.03972942
v 0.02424271 0.01765892 0.03573215
v 0.02482367 0.01765892 0.03531554
v 0.01756628 0.01765892 0.02781692
v 0.01791989 0.01765892 0.02915516
v 0.01655498 0.01765892 0.03402560
v 0.01741408 0.01765892 0.03410022
v 0.01692281 0.01765892 0.03561810
v 0.01740239 0.01765892 0.03660521
v 0.01845314 0.01765892 0.03610901
v 0.01934575 0.01765892 0.02767747
v 0.01947379 0.01765892 0.02900184
v 0.01876352 0.01765892 0.03644640
v 0.01885565 0.01765892 0.03826756
v 0.02206887 0.01765892 0.02687441
v 0.02110371 0.01765892 0.02821377
v 0.02027877 0.01765892 0.02592536
v 0.01949230 0.01765892 0.02623804
v 0.02040913 0.01765892 0.02843314
v 0.02008149 0.01765892 0.03580236
v 0.02040913 0.01765892 0.03596408
v 0.01978519 0.01765892 0.03889229
v 0.02074984 0.01765892 0.03609667
v 0.02081364 0.01765892 0.03935259
v 0.02145758 0.01765892 0.03627024
v 0.02190973 0.01765892 0.03963449
v 0.02218257 0.01765892 0.03631893
v 0.02290262 0.01765892 0.03624252
v 0.02359613 0.01765892 0.03604456
v 0.00978430 0.02054648 0.03181477
v 0.00933221 0.02018285 0.03181477
v 0.00951305 0.02120843 0.03181477
v 0.00896399 0.02028151 0.03181477
v 0.00861850 0.02044261 0.03181477
v 0.00896399 0.02439161 0.03181477
v 0.00951305 0.02346470 0.03181477
v 0.00933221 0.02449027 0.03181477
v 0.00971197 0.02348211 0.03181477
v 0.00971197 0.02452351 0.03181477
v 0.00991089 0.02346470 0.03181477
v 0.01009173 0.02449027 0.03181477
v 0.01028185 0.02390232 0.03181477
v 0.00017050 0.02248123 0.03181477
v -0.00136367 0.02018285 0.03181477
v -0.00212319 0.02018285 0.03181477
v -0.00203879 0.02123427 0.03181477
v -0.00240381 0.02081300 0.03181477
v -0.00025823 0.02307920 0.03181477
v 0.00031162 0.02308454 0.03181477
v 0.01434033 0.02546077 0.03452242
v 0.01675203 0.01765892 0.03509822
v 0.01714015 0.01765892 0.03612171
v 0.01770752 0.01765892 0.03706495
v 0.01805325 0.01765892 0.03749741
v 0.00097288 0.02280994 0.03452242
v 0.00012026 0.02282480 0.03452242
v -0.00231131 0.01963842 0.03452242
v -0.00127007 0.01962025 0.03452242
v -0.00231131 0.01963842 0.03348102
v -0.00127007 0.01962025 0.03348102
v -0.00444157 0.02290444 0.03452242
v -0.00444157 0.02290444 0.03348102
v -0.00445975 0.02186320 0.03348102
v 0.00867851 0.02395473 0.03374137
v 0.00832609 0.02367488 0.03452242
v 0.00822256 0.02354755 0.03400172
v 0.00915153 0.02460840 0.03452242
v 0.01241011 0.02290444 0.03452242
v 0.01155749 0.02288956 0.03452242
v 0.01241011 0.02290444 0.03348102
v 0.01155749 0.02288956 0.03348102
v 0.00701383 0.02176869 0.03452242
v 0.00786645 0.02178357 0.03452242
v 0.00701383 0.02176869 0.03348102
v 0.00786645 0.02178357 0.03348102
v 0.00699565 0.02280994 0.03452242
v 0.00701383 0.02176869 0.03400172
v 0.00699565 0.02280994 0.03348102
v 0.00742196 0.02281737 0.03452242
v 0.00784827 0.02282480 0.03348102
v 0.01876646 0.01765892 0.02666496
v 0.01811914 0.01765892 0.02719561
v 0.01712150 0.01765892 0.02851359
v 0.01679573 0.01765892 0.02926846
v 0.01659700 0.01765892 0.03006296
v 0.01264410 0.03095118 0.03217927
v 0.01175140 0.02307886 0.03145028
v 0.01189891 0.02233657 0.03035682
v 0.01188229 0.02214669 0.03108579
v 0.01179168 0.02168065 0.03145028
v 0.01160591 0.02124310 0.03181477
v 0.01138726 0.02093082 0.03181477
v -0.00212319 0.02449027 0.03035682
v -0.00064996 0.02423051 0.03181477
v -0.00033769 0.02401186 0.03181477
v -0.00006814 0.02374231 0.03035682
v -0.00099545 0.02028151 0.03108579
v -0.00136367 0.02018285 0.03035682
v -0.00174343 0.02014963 0.03108579
v -0.00352805 0.02358617 0.03072131
v -0.00314917 0.02401186 0.03035682
v -0.00314917 0.02401186 0.03181477
v -0.00283690 0.02423051 0.03035682
v -0.00283690 0.02423051 0.03181477
v -0.00249141 0.02439161 0.03035682
v -0.00249141 0.02439161 0.03181477
v -0.00703421 0.02546077 0.03400172
v -0.00699051 0.02546077 0.03139822
v 0.00795820 0.02313409 0.03452242
v -0.00186328 0.01987265 0.03452242
v -0.00707790 0.01921237 0.03452242
v -0.00707790 0.02546077 0.03452242
v 0.00923860 0.01962025 0.03452242
v 0.00862832 0.02074363 0.03452242
v -0.00254095 0.02409034 0.03452242
v 0.01616710 0.01921237 0.03452242
v -0.00125518 0.02047287 0.03452242
v 0.00796945 0.02156086 0.03452242
v -0.00372511 0.02162587 0.03452242
v -0.00358895 0.02288956 0.03452242
v -0.00346830 0.02319481 0.03452242
v -0.00288201 0.02078241 0.03452242
v -0.00329758 0.02347515 0.03452242
v -0.00308175 0.02372244 0.03452242
v -0.00282708 0.02392950 0.03452242
v -0.00103781 0.02412175 0.03452242
v 0.00411645 0.02334082 0.03452242
v 0.00190018 0.02170479 0.03452242
v -0.00035756 0.02367488 0.03452242
v 0.01173386 0.02169740 0.03452242
v 0.01130492 0.02125292 0.03452242
v 0.00899891 0.02454807 0.03452242
v -0.00080285 0.02066321 0.03452242
v -0.00099545 0.02028151 0.03035682
v 0.00379978 0.02059200 0.03035682
v 0.01610324 0.01921237 0.03035682
v -0.00708598 0.02546077 0.03035682
v 0.00861850 0.02423051 0.03035682
v 0.00830624 0.02401186 0.03035682
v 0.00803668 0.02374231 0.03035682
v -0.00341873 0.02374231 0.03035682
v -0.00363738 0.02343004 0.03035682
v -0.00379848 0.02308454 0.03035682
v -0.00341873 0.02093082 0.03035682
v -0.00379848 0.02158859 0.03035682
v -0.00314917 0.02066128 0.03035682
v -0.00496144 0.01982749 0.03035682
v -0.00192754 0.02023218 0.03035682
v 0.01045994 0.02028151 0.03035682
v 0.01080544 0.02044261 0.03035682
v 0.01111771 0.02066128 0.03035682
v 0.01138726 0.02093082 0.03035682
v 0.01168646 0.02141584 0.03035682
v -0.00389715 0.02271632 0.03035682
v -0.00393037 0.02233657 0.03035682
v 0.00952786 0.02023218 0.03035682
v 0.00374506 0.02144382 0.03035682
v 0.00765691 0.02158859 0.03035682
v 0.00781803 0.02124310 0.03035682
v 0.01283186 0.02460154 0.03035682
v 0.01186568 0.02271632 0.03035682
v 0.01176702 0.02308454 0.03035682
v -0.00033769 0.02066128 0.03035682
v 0.00023107 0.02141584 0.03035682
v -0.00064996 0.02423051 0.03035682
v -0.00099545 0.02439161 0.03035682
v -0.00136367 0.02449027 0.03035682
v -0.00174343 0.02452351 0.03035682
v 0.01045994 0.02439161 0.03035682
v 0.01080544 0.02423051 0.03035682
v 0.01111771 0.02401186 0.03035682
v 0.00896399 0.02439161 0.03035682
v 0.01160591 0.02343004 0.03035682
v 0.00396766 0.02214669 0.03035682
v 0.00493125 0.02285296 0.03035682
v 0.00781803 0.02343004 0.03035682
v -0.00020292 0.02387708 0.03035682
v 0.00031162 0.02308454 0.03035682
v -0.01271821 0.01870031 0.02567052
v -0.02775537 0.01870031 0.02567052
v -0.02623820 0.02076997 0.02567052
v -0.02456697 0.02271733 0.02567052
v -0.02073236 0.02632301 0.02567146
v -0.01454897 0.03014137 0.02563872
v -0.01270805 0.02869746 0.03970682
v -0.01612913 0.02876775 0.03818372
v -0.01112140 0.03152853 0.03765624
v -0.01131177 0.02955121 0.03945657
v -0.01352226 0.03054106 0.03769124
v -0.01354950 0.03052543 0.03769471
v -0.00888962 0.03190556 0.03796724
v -0.00858163 0.03232130 0.03764662
v -0.00947140 0.03204901 0.03764662
v -0.00965437 0.03100902 0.03861431
v -0.01617046 0.02863775 0.03840517
v -0.02079368 0.02618979 0.03764662
v -0.02647887 0.01870031 0.03868802
v -0.02624336 0.02076348 0.03764660
v -0.01983361 0.02553195 0.03934070
v -0.02425215 0.02305569 0.03764344
v -0.01269640 0.01870031 0.03968195
v -0.00703421 0.01921237 0.03400172
v -0.00966861 0.01870031 0.03857993
v -0.00734146 0.01870031 0.03533885
v -0.00789617 0.03249573 0.03677277
v -0.00718476 0.03266006 0.03508603
v -0.00781375 0.03250451 0.03355996
v -0.00733593 0.01870031 0.02943923
v -0.00708175 0.02546077 0.03038021
v -0.00714899 0.03266814 0.02988986
v -0.00944544 0.01870031 0.02672421
v -0.00817398 0.03242681 0.02786739
v -0.00925092 0.03213941 0.02683250
v -0.01124141 0.01870031 0.02588673
v -0.01130816 0.03147819 0.02629967
v -0.02034763 0.02655756 0.03761731
v -0.02081053 0.01870031 0.03744529
v -0.02094054 0.02612747 0.03750067
v -0.02287322 0.02442429 0.03639733
v -0.02351667 0.01870031 0.03557675
v -0.02447207 0.02282411 0.03422154
v -0.02358476 0.02373299 0.03563559
v -0.02468846 0.01870031 0.03232957
v -0.02477926 0.02248549 0.03165300
v -0.02453185 0.02275518 0.03054496
v -0.02254459 0.01870031 0.02786181
v -0.02391460 0.02340844 0.02913524
v -0.02226761 0.02498292 0.02752765
v -0.02060697 0.01870031 0.02684393
v -0.01666236 0.01870031 0.02667919
v -0.02024436 0.02664406 0.02673136
v -0.01607623 0.02938805 0.02666975
v -0.01442605 0.03025333 0.02605385
v -0.01122010 0.03150568 0.02746106
v -0.00978163 0.03198612 0.02863212
v -0.00882249 0.03225559 0.03042053
v -0.01273266 0.03093621 0.03758324
v -0.00906274 0.03219073 0.03467191
v -0.01013252 0.03187091 0.03608448
v -0.01064535 0.03170331 0.03653592
v -0.01136814 0.03145580 0.03703252
v -0.02456691 0.02271727 0.03067481
v -0.01491346 0.01870031 0.02671628
v -0.01227859 0.01870031 0.02697660
v -0.01172361 0.01870031 0.02575753
v -0.01075922 0.01870031 0.02601594
v -0.00833054 0.01870031 0.02771652
v -0.02260592 0.01870031 0.02782621
v -0.02626526 0.01870031 0.03475642
v -0.02466546 0.01870031 0.03323893
v -0.02400022 0.01870031 0.02936066
v -0.02438497 0.01870031 0.03013472
v -0.02464776 0.01870031 0.03097421
v -0.02093237 0.01870031 0.03872372
v -0.02427995 0.01870031 0.03450575
v -0.02186576 0.01870031 0.03706745
v -0.02017014 0.01870031 0.03764362
v -0.02015186 0.01870031 0.02676980
v -0.00942970 0.01870031 0.02919316
v -0.00837645 0.01870031 0.02926859
v -0.00738211 0.01870031 0.03264201
v -0.00870424 0.01870031 0.03353405
v -0.00804140 0.01870031 0.03448293
v -0.01116567 0.01870031 0.03814693
v -0.01110183 0.01870031 0.03935259
v -0.01261730 0.01870031 0.03863279
v -0.01316455 0.01870031 0.02675336
v -0.01185359 0.01870031 0.02716234
v -0.00998811 0.01870031 0.02847137
v -0.00899502 0.01870031 0.03000282
v -0.00861050 0.03231365 0.03131994
v -0.00885080 0.01870031 0.03396693
v -0.00942733 0.01870031 0.03520066
v -0.01085335 0.01870031 0.03662899
v -0.01221664 0.01870031 0.03740157
v -0.01393899 0.01870031 0.03771676
v -0.04555533 0.00047859 0.00402609
v -0.04555533 -0.00074457 0.00077028
v -0.04555533 -0.00167588 0.00282260
v -0.04555533 0.00129668 0.00419902
v -0.04555533 0.00155340 0.00394230
v -0.04555533 0.00176164 0.00364491
v -0.04555533 0.00191508 0.00331587
v -0.04555533 0.00200904 0.00296518
v -0.04555533 0.00181004 0.00188853
v -0.04555533 -0.00163763 0.00394230
v -0.04555533 -0.00199931 0.00189115
v -0.04555533 0.00067024 0.00064631
v -0.04555533 -0.00138091 0.00419902
v -0.02739568 0.00067024 0.00456069
v -0.02739568 -0.00065509 0.00176348
v -0.02739568 0.00013872 0.00053653
v -0.02739568 0.00083476 0.00072303
v -0.02739568 0.00176164 0.00364491
v -0.02739568 0.00155340 0.00394230
v -0.02739568 0.00155340 0.00126471
v -0.02739568 0.00129668 0.00419902
v -0.02739568 0.00099928 0.00440727
v -0.02739568 -0.00163763 0.00126471
v -0.02739568 -0.00138091 0.00100799
v -0.02739568 -0.00108351 0.00079975
v -0.02739568 0.00176164 0.00156211
v -0.02739568 0.00197788 0.00224733
v -0.02739568 -0.00075448 0.00064631
v -0.02739568 -0.00040379 0.00055235
v -0.02739568 0.00020855 0.00321608
v -0.02739568 -0.00004211 0.00468631
v -0.02739568 -0.00040379 0.00465466
v -0.02739568 -0.00075448 0.00456069
v -0.02739568 -0.00108351 0.00440727
v -0.02739568 -0.00138091 0.00419902
v -0.02739568 -0.00163763 0.00394230
v -0.02739568 -0.00184587 0.00364491
v -0.02739568 -0.00199931 0.00331587
v -0.03491614 -0.00119348 0.00662826
v -0.03487480 0.00197455 0.00624841
v -0.03487480 -0.00205878 0.00624841
v -0.03493255 0.00046466 0.00676676
v -0.03489594 0.00157414 0.00644503
v -0.03481856 0.00280918 0.00567693
v -0.03476559 0.00337461 0.00624841
v -0.03459666 0.00479450 0.00624841
v -0.03469363 0.00404728 0.00363734
v -0.03468384 0.00412349 0.00156211
v -0.03459666 -0.00487873 0.00624841
v -0.03459666 -0.00487873 0.00156211
v -0.03468384 -0.00420771 0.00260351
v -0.03468384 -0.00420771 0.00156211
v -0.03476559 -0.00345884 0.00624841
v -0.03481631 -0.00293472 0.00565103
v -0.03470396 -0.00404549 0.00392416
v -0.03930423 -0.00059639 0.00058062
v -0.04555533 -0.00108351 0.00440727
v -0.04555533 -0.00150927 0.00407066
v -0.03929602 -0.00099953 0.00447893
v -0.04555533 -0.00184587 0.00364491
v -0.04555533 -0.00204629 0.00314052
v -0.03926756 -0.00180953 0.00374828
v -0.04555533 -0.00212491 0.00260351
v -0.04555533 -0.00204629 0.00206649
v -0.03925066 -0.00214515 0.00271136
v -0.04555533 -0.00184587 0.00156211
v -0.04555533 -0.00163763 0.00126471
v -0.03926250 -0.00191731 0.00164542
v -0.04555533 -0.00123221 0.00090387
v -0.03928596 -0.00132313 0.00095098
v -0.04555533 -0.00022021 0.00056793
v -0.03930697 0.00002106 0.00051858
v -0.04555533 0.00114798 0.00090387
v -0.03929952 0.00077773 0.00066380
v -0.04555533 0.00183836 0.00172663
v -0.03927152 0.00163811 0.00133420
v -0.04555533 0.00201695 0.00251309
v -0.03925179 0.00204001 0.00231326
v -0.04555533 0.00183836 0.00348039
v -0.03926043 0.00187728 0.00348750
v -0.04555533 0.00114798 0.00430314
v -0.03928593 0.00123878 0.00425612
v -0.04555533 0.00049490 0.00460768
v -0.03930784 0.00025165 0.00470640
v -0.04555533 -0.00057913 0.00460768
v -0.03777561 0.00401172 0.00676911
v -0.03921498 0.00264508 0.00676911
v -0.03719105 0.00152695 0.00676911
v -0.03824447 -0.00126071 0.00676911
v -0.03722413 -0.00004212 0.00676911
v -0.03722110 0.00051545 0.00673846
v -0.03721655 -0.00098208 0.00668344
v -0.03714890 -0.00243817 0.00604312
v -0.03707567 -0.00336391 0.00513386
v -0.03699950 -0.00413160 0.00363699
v -0.03717402 0.00194383 0.00631066
v -0.03709921 0.00301072 0.00544327
v -0.03617909 0.00340989 0.00495586
v -0.03699635 0.00407172 0.00342299
v -0.03490061 0.00130653 0.00624841
v -0.03232956 -0.00629052 0.00624841
v -0.03492642 -0.00072274 0.00624841
v -0.03232956 0.00620629 0.00624841
v -0.03436979 -0.00629052 0.00624841
v -0.03699035 0.00412349 0.00000001
v -0.03692678 0.00465393 0.00676911
v -0.03709188 0.00309322 0.00676911
v -0.03929671 -0.00004212 0.00000001
v -0.03929671 0.00085424 0.00676911
v -0.03929671 -0.00093847 0.00676911
v -0.03921498 -0.00272931 0.00676911
v -0.03921498 -0.00272931 0.00000001
v -0.03921498 0.00264508 0.00000001
v -0.03719223 -0.00158295 0.00676911
v -0.03709346 -0.00315869 0.00676911
v -0.03692796 -0.00472881 0.00676911
v -0.03699035 -0.00420771 0.00000001
v -0.03232956 -0.00472446 0.00177725
v -0.03232956 -0.00184312 0.00446681
v -0.03232956 -0.00204629 0.00314052
v -0.03232956 0.00326570 0.00256117
v -0.03232956 -0.00104118 0.00056723
v -0.03232956 0.00186918 0.00129871
v -0.03232956 -0.00174175 0.00141341
v -0.03232956 -0.00199931 0.00189115
v -0.03232956 0.00204068 0.00260351
v -0.03232956 0.00200904 0.00224183
v -0.00987808 0.00048994 0.01801622
v -0.00978298 -0.00160698 0.01155955
v -0.00955929 0.00245681 0.01478789
v 0.00936164 -0.00320383 0.01155955
v 0.00805213 -0.00567454 0.01559497
v 0.00786220 -0.00603205 0.01155955
v 0.00677986 -0.00721684 0.01478789
v -0.00054939 -0.00992367 0.01801622
v -0.00001378 -0.00992367 0.01155955
v -0.00161434 -0.00980786 0.01801622
v -0.00213743 -0.00969272 0.01478789
v -0.00463430 -0.00876011 0.01317372
v -0.00641857 -0.00758518 0.01801622
v -0.00680742 -0.00721684 0.01478789
v -0.00771639 -0.00623617 0.01317372
v -0.00849092 -0.00514541 0.01155955
v -0.00899270 -0.00419897 0.01478789
v -0.00953249 -0.00268774 0.01801622
v 0.00985052 -0.00057971 0.01801622
v 0.00982153 -0.00111454 0.01051815
v 0.00975542 -0.00160698 0.01051815
v -0.00990708 -0.00004488 0.01051815
v -0.00984908 0.00102477 0.01051815
v -0.00978298 0.00151722 0.01051815
v -0.00367567 0.00914576 0.01801622
v -0.00357208 0.01018446 0.01801622
v -0.00250143 0.01049611 0.01801622
v -0.00161434 0.00971809 0.01801622
v -0.00097690 0.01026497 0.01801622
v 0.00263296 0.00948780 0.01801622
v 0.00406639 0.00998772 0.01801622
v 0.00507633 0.00951502 0.01801622
v 0.00891840 0.00514818 0.01801622
v 0.00896514 0.00410920 0.01801622
v 0.00936164 0.00311406 0.01801622
v 0.01012056 0.00377562 0.01801622
v 0.01005395 0.00239761 0.01801622
v 0.01074510 0.00106725 0.01801622
v 0.00982153 0.00102477 0.01801622
v 0.01005143 -0.00330541 0.01801622
v 0.00896514 -0.00419897 0.01801622
v 0.00967402 -0.00488716 0.01801622
v 0.00912479 -0.00585760 0.01801622
v 0.00507633 -0.00960479 0.01801622
v 0.00406639 -0.01007749 0.01801622
v 0.00301321 -0.01044384 0.01801622
v 0.00093819 -0.01035446 0.01801622
v -0.00029264 -0.01087186 0.01801622
v -0.00140441 -0.01078580 0.01801622
v -0.00250143 -0.01058588 0.01801622
v -0.00357208 -0.01027423 0.01801622
v -0.00651444 -0.00870759 0.01801622
v -0.00728348 -0.00742089 0.01801622
v -0.00836538 -0.00617620 0.01801622
v -0.00849092 -0.00514541 0.01801622
v -0.00943946 -0.00537946 0.01801622
v -0.00993800 -0.00438202 0.01801622
v -0.00921446 0.00467395 0.01801622
v -0.00943946 0.00528969 0.01801622
v -0.00884099 0.00623057 0.01801622
v -0.00728376 0.00730017 0.01801622
v -0.00737069 0.00790350 0.01801622
v -0.00651444 0.00861782 0.01801622
v -0.00558927 0.00924031 0.01801622
v 0.00701263 0.00771532 0.01155955
v 0.00553822 0.00814369 0.01155955
v 0.00462033 0.00869597 0.01155955
v 0.00158678 0.00971809 0.01155955
v 0.00217743 0.01056170 0.01155955
v -0.00015520 0.01005781 0.01155955
v 0.00108753 0.01072954 0.01155955
v 0.00025403 -0.01039956 0.01155955
v 0.00108753 -0.01081931 0.01155955
v 0.00158678 -0.00980786 0.01155955
v 0.00217743 -0.01065147 0.01155955
v 0.00263296 -0.00957757 0.01155955
v 0.00344635 -0.00980460 0.01155955
v 0.00868498 -0.00565737 0.01155955
v 0.00896514 -0.00419897 0.01155955
v 0.00973706 -0.00475893 0.01155955
v 0.01016586 -0.00374297 0.01155955
v -0.01051670 -0.00268868 0.01155955
v -0.00967578 -0.00217165 0.01155955
v -0.00938920 -0.00320383 0.01155955
v -0.00976462 -0.00475893 0.01155955
v -0.00899270 -0.00419897 0.01155955
v -0.00886282 -0.00543571 0.01155955
v -0.00675846 -0.00791106 0.01155955
v -0.00622863 -0.00891487 0.01155955
v -0.00510683 -0.00850960 0.01155955
v -0.00529446 -0.00950085 0.01155955
v -0.00399061 -0.00961217 0.01155955
v -0.01078694 -0.00115849 0.01801622
v -0.01084434 -0.00004488 0.01905762
v 0.00625529 -0.00886343 0.01827657
v 0.00233491 -0.01060392 0.01827657
v 0.00082207 -0.01084315 0.01905762
v 0.00082207 -0.01084315 0.01801622
v -0.00029264 -0.01087186 0.01905762
v -0.00084852 -0.01082883 0.01853692
v -0.00866798 -0.00653893 0.01853692
v -0.00993800 -0.00438202 0.01853692
v -0.01061533 -0.00226030 0.01853692
v 0.00918327 0.00562152 0.01077850
v 0.01016586 0.00365320 0.01155955
v 0.01040832 0.00286249 0.01077850
v 0.00324460 -0.01037368 0.01051815
v 0.00217743 -0.01065147 0.01051815
v -0.00746047 0.00474081 0.01905762
v -0.00943946 0.00528969 0.01905762
v -0.00795746 0.00386076 0.01905762
v -0.00993800 0.00429226 0.01905762
v -0.00934112 0.00308932 0.01905762
v -0.01033135 -0.00333862 0.01905762
v -0.00938476 -0.00287267 0.01905762
v 0.00023900 0.00880341 0.01905762
v -0.00029264 0.01078209 0.01905762
v -0.00077128 0.00877454 0.01905762
v -0.00140441 0.01069603 0.01905762
v -0.00177168 0.00863071 0.01905762
v -0.00250143 0.01049611 0.01905762
v -0.00316062 0.00927912 0.01905762
v -0.00618300 0.00630309 0.01905762
v -0.00814896 0.00710493 0.01905762
v -0.00884099 0.00623057 0.01905762
v -0.00163635 -0.00972509 0.01905762
v 0.00023900 -0.00889318 0.01905762
v 0.00158695 -0.00975333 0.01905762
v 0.00716491 -0.00664822 0.01905762
v -0.00993800 -0.00438202 0.01905762
v -0.00884099 -0.00632034 0.01905762
v -0.00830145 -0.00530944 0.01905762
v -0.00618300 -0.00639286 0.01905762
v -0.00541917 -0.00705472 0.01905762
v -0.00651444 -0.00870759 0.01905762
v -0.00508708 -0.00847764 0.01905762
v -0.00369099 -0.00809686 0.01905762
v -0.00460501 -0.00985415 0.01905762
v -0.00140441 -0.01078580 0.01905762
v 0.00827278 0.00525042 0.01905762
v 0.00265619 0.00935232 0.01905762
v 0.00192793 0.01061020 0.01905762
v 0.00082207 0.01075337 0.01905762
v 0.00769398 -0.00439766 0.01905762
v 0.00967402 -0.00488716 0.01905762
v 0.01068777 0.00162184 0.01905762
v 0.00859402 0.00195677 0.01905762
v 0.01012056 0.00377562 0.01905762
v 0.00813991 0.00340090 0.01905762
v 0.00967402 0.00479739 0.01905762
v -0.00815418 0.00339528 0.01051815
v -0.00860924 0.00654443 0.01051815
v 0.00973706 0.00466916 0.01051815
v 0.01048914 0.00259891 0.01051815
v 0.01070354 0.00151722 0.01051815
v -0.00862172 0.00312901 0.01051815
v -0.00976462 0.00466916 0.01051815
v 0.00602081 0.00680093 0.01051815
v 0.00707080 0.00814717 0.01051815
v 0.00786709 0.00738431 0.01051815
v -0.01073110 0.00151722 0.01051815
v -0.01051670 0.00259891 0.01051815
v 0.00830973 -0.00301471 0.01051815
v 0.01048914 -0.00268868 0.01051815
v -0.00932853 0.00099446 0.01051815
v -0.00863564 0.00196004 0.01051815
v 0.00858169 0.00654443 0.01051815
v 0.00920717 0.00563624 0.01051815
v 0.00859402 0.00195677 0.01051815
v -0.01019342 0.00365320 0.01051815
v 0.00870848 -0.00155433 0.01051815
v 0.00935160 0.00020779 0.01051815
v 0.00982153 0.00102477 0.01051815
v 0.00920717 -0.00572601 0.01051815
v 0.00736608 -0.00654223 0.01051815
v 0.00559604 -0.00750359 0.01051815
v 0.00411711 -0.00787379 0.01051815
v 0.00526691 -0.00950085 0.01051815
v 0.00319776 -0.00829365 0.01051815
v 0.00427800 -0.00998881 0.01051815
v 0.00223654 -0.00860597 0.01051815
v 0.01016586 -0.00374297 0.01051815
v -0.00767241 -0.00580225 0.01051815
v -0.00789465 -0.00747408 0.01051815
v -0.00664068 -0.00731490 0.01051815
v -0.00489731 -0.00884613 0.01051815
v 0.00124598 -0.00880669 0.01051815
v 0.00023900 -0.00889318 0.01051815
v -0.00001378 -0.01087544 0.01051815
v -0.00077128 -0.00886431 0.01051815
v -0.00177168 -0.00872048 0.01051815
v -0.00327216 -0.01037368 0.01051815
v -0.00622863 -0.00891487 0.01051815
v 0.00271715 0.00836004 0.01051815
v 0.00217743 0.01056170 0.01051815
v 0.00085181 0.01024042 0.01051815
v -0.00789465 0.00738431 0.01051815
v -0.00709836 0.00814717 0.01051815
v -0.00686640 0.00555848 0.01051815
v -0.00622863 0.00882510 0.01051815
v -0.00458488 0.00753543 0.01051815
v -0.00529446 0.00941109 0.01051815
v -0.00369099 0.00800709 0.01051815
v -0.00276629 0.00939308 0.01051815
v -0.00220498 0.01056170 0.01051815
v -0.00035209 0.00927772 0.01051815
v 0.00682767 -0.00563911 0.01051815
v 0.00791694 -0.00394416 0.01478789
v 0.00682767 0.00554934 0.01051815
v 0.00578299 0.00664494 0.01905762
v 0.00538280 0.00695352 0.01478789
v 0.00124598 0.00871692 0.01051815
v -0.00026614 0.00878898 0.01051815
v -0.00177168 0.00863071 0.01051815
v 0.00139469 -0.02905238 0.00403543
v -0.00109610 -0.03359260 0.00364491
v -0.00045210 -0.03380595 0.00520701
v -0.00022605 -0.03382573 0.00442596
v 0.00148762 -0.03336655 0.00481648
v 0.00199440 -0.03291549 0.00520701
v 0.00212455 -0.03272962 0.00442596
v 0.00242791 -0.03212568 0.00403543
v 0.00260350 -0.03124201 0.00520701
v 0.00258372 -0.03101596 0.00442596
v 0.00209201 -0.02970791 0.00403543
v 0.00167350 -0.02924761 0.00520701
v -0.02556874 0.01774555 0.00442596
v -0.02616592 0.01806749 0.00520701
v -0.02660427 0.01818494 0.00520701
v -0.02638510 0.01812622 0.00364491
v -0.02705637 0.01822450 0.00520701
v -0.02705637 0.01822450 0.00364491
v -0.02750846 0.01818494 0.00520701
v -0.02772764 0.01812622 0.00442596
v -0.02556874 0.01349645 0.00364491
v -0.02506197 0.01394751 0.00520701
v -0.02506197 0.01394751 0.00364491
v -0.02480167 0.01431925 0.00520701
v -0.02480167 0.01431925 0.00364491
v -0.02460988 0.01473055 0.00520701
v -0.02460988 0.01473055 0.00364491
v -0.02449242 0.01516890 0.00520701
v -0.02447264 0.01539495 0.00442596
v -0.02480167 0.01692275 0.00520701
v -0.02506197 0.01729449 0.00364491
v 0.02835811 0.01787570 0.00364491
v 0.02794681 0.01806749 0.00364491
v 0.02728241 0.01820472 0.00442596
v 0.02750845 0.01818494 0.00364491
v 0.02460987 0.01651144 0.00364491
v 0.02449242 0.01607310 0.00364491
v 0.02445286 0.01562100 0.00442596
v 0.02889031 0.01378705 0.00403543
v 0.02931106 0.01431925 0.00520701
v 0.02931106 0.01431925 0.00364491
v 0.02950285 0.01473055 0.00520701
v 0.02950285 0.01473055 0.00364491
v 0.02962031 0.01516890 0.00520701
v 0.02910068 0.01718885 0.00520701
v 0.02905076 0.01729449 0.00364491
v -0.02794838 0.01397652 0.00364491
v -0.02835812 0.01787570 0.00364491
v -0.02762914 0.01661306 0.00364491
v -0.02826129 0.01705697 0.00364491
v -0.02820760 0.01467271 0.00364491
v -0.02872986 0.01362660 0.00364491
v 0.02556313 0.01449786 0.00364491
v 0.02655798 0.01344536 0.00364491
v 0.02705636 0.01447546 0.00364491
v 0.02725529 0.01449287 0.00364491
v 0.02755132 0.01741266 0.00364491
v 0.02705636 0.01822450 0.00364491
v 0.02669771 0.01708225 0.00364491
v 0.02520538 0.01557805 0.00364491
v 0.02597991 0.01522920 0.00364491
v 0.02460987 0.01473055 0.00364491
v -0.00009946 -0.03310782 0.00364491
v -0.00000000 -0.03238754 0.00364491
v 0.00045209 -0.03380595 0.00364491
v 0.00143596 -0.03244692 0.00364491
v 0.00099207 -0.03181477 0.00364491
v 0.00107645 -0.03163380 0.00364491
v 0.00074395 -0.02952847 0.00364491
v 0.00019892 -0.03011387 0.00364491
v 0.00022605 -0.02938725 0.00364491
v -0.00065836 -0.02988920 0.00364491
v -0.00073634 -0.03036447 0.00364491
v -0.00135574 -0.02995686 0.00364491
v -0.00139787 -0.03068030 0.00364491
v -0.00112814 -0.03104308 0.00364491
v -0.00185474 -0.03101596 0.00364491
v -0.00045209 -0.03445683 0.00520701
v 0.00133567 -0.03491173 0.00520701
v 0.00045209 -0.03478227 0.00520701
v 0.00195247 -0.03383261 0.00520701
v 0.00067814 -0.02739608 0.00520701
v 0.00089045 -0.02879551 0.00520701
v -0.00067814 -0.02739608 0.00520701
v -0.00022605 -0.02800741 0.00520701
v -0.00133568 -0.02757227 0.00520701
v -0.00162719 -0.02842363 0.00520701
v -0.00161730 -0.03404325 0.00520701
v -0.00133567 -0.03491173 0.00520701
v -0.02987474 0.01399381 0.00520701
v -0.02637823 0.01946692 0.00520701
v -0.02705637 0.01887537 0.00520701
v -0.03021726 0.01489150 0.00520701
v -0.02950285 0.01473055 0.00520701
v 0.02810620 0.01900109 0.00520701
v 0.02750845 0.01818494 0.00520701
v 0.02705636 0.01822450 0.00520701
v 0.02649124 0.01882593 0.00520701
v 0.02575461 0.01787570 0.00520701
v 0.02524330 0.01830922 0.00520701
v -0.01540482 0.03172697 0.00468631
v -0.01853065 0.03001272 0.00468631
v -0.02097462 0.02728737 0.00468631
v 0.01407937 0.03044028 0.00468631
v 0.00823418 0.03251173 0.00468631
v 0.00681264 0.03368380 0.00468631
v 0.01249366 -0.03247648 0.00468631
v 0.01464309 -0.03026307 0.00468631
v 0.02054763 -0.02660031 0.00468631
v 0.02822438 -0.02123310 0.00468631
v 0.02818639 -0.01970531 0.00468631
v 0.03015346 -0.01838261 0.00468631
v -0.02813282 0.01522920 0.00208281
v -0.02804844 0.01504823 0.00208281
v -0.02793390 0.01488466 0.00286386
v -0.02771092 0.01468620 0.00286386
v -0.02744816 0.01454454 0.00364491
v -0.02735173 0.01451870 0.00286386
v -0.02597991 0.01522920 0.00208281
v -0.02592823 0.01542208 0.00208281
v -0.02591083 0.01562100 0.00286386
v 0.02762913 0.01661306 0.00208281
v 0.02730351 0.01673622 0.00247333
v 0.02705636 0.01676654 0.00208281
v 0.02685744 0.01674913 0.00286386
v 0.02597991 0.01522920 0.00208281
v 0.02606430 0.01504823 0.00208281
v 0.02617884 0.01488466 0.00286386
v 0.02793390 0.01488466 0.00208281
v 0.02804843 0.01504823 0.00208281
v 0.02815866 0.01532564 0.00325438
v 0.02820190 0.01562100 0.00364491
v 0.02819320 0.01572046 0.00286386
v 0.02814574 0.01596458 0.00247333
v 0.02804843 0.01619378 0.00208281
v 0.02793390 0.01635734 0.00364491
v 0.02793390 0.01635734 0.00208281
v 0.02779270 0.01649853 0.00364491
v 0.00061366 -0.03027857 0.00286386
v 0.00110230 -0.03153736 0.00247333
v 0.00114554 -0.03124201 0.00364491
v 0.00113249 -0.03109281 0.00247333
v 0.00107645 -0.03085020 0.00364491
v 0.00099207 -0.03066924 0.00364491
v 0.00103426 -0.03075972 0.00208281
v 0.00080694 -0.03043507 0.00364491
v 0.00087753 -0.03050566 0.00208281
v 0.00318682 -0.03347344 0.00338456
v 0.00366973 -0.03257767 0.00520701
v 0.00384592 -0.03192013 0.00156211
v 0.00384592 -0.03192013 0.00520701
v 0.00390525 -0.03124201 0.00338456
v 0.00375783 -0.03023510 0.00156211
v 0.00384592 -0.03056387 0.00520701
v 0.00366973 -0.02990633 0.00520701
v 0.00338205 -0.02928938 0.00156211
v 0.00338205 -0.02928938 0.00520701
v 0.00299160 -0.02873175 0.00520701
v 0.00251025 -0.03423359 0.00520701
v 0.00264989 -0.03409395 0.00156211
v 0.00299160 -0.03375225 0.00156211
v -0.03081420 0.01662790 0.00429578
v -0.03096162 0.01562100 0.00156211
v -0.03093195 0.01528193 0.00338456
v 0.03081419 0.01461409 0.00338456
v 0.03091712 0.01612961 0.00429578
v 0.03072610 0.01695667 0.00520701
v 0.03043841 0.01757362 0.00156211
v 0.03024319 0.01785243 0.00338456
v 0.02638337 0.01180429 0.00429578
v 0.02773450 0.01177508 0.00156211
v 0.02773450 0.01177508 0.00520701
v 0.02839204 0.01195126 0.00156211
v 0.02900899 0.01223896 0.00338456
v 0.02956662 0.01262941 0.00156211
v 0.02980729 0.01287008 0.00338456
v 0.03034080 0.01352897 0.00429578
v 0.03045441 0.01370268 0.00156211
v 0.03072610 0.01428533 0.00156211
v -0.00522078 0.03487247 0.00468631
v -0.00522078 0.03487247 0.00156211
v -0.00595639 0.03472447 0.00156211
v 0.01001455 0.03376403 0.00468631
v 0.00519322 0.03487247 0.00156211
v 0.00519322 0.03487247 0.00468631
v 0.02414536 0.02328532 0.00156211
v 0.02414536 0.02328532 0.00468631
v 0.02242351 0.02491082 0.00156211
v 0.01804442 -0.03038027 0.00468631
v 0.02091261 -0.02847762 0.00156211
v 0.02091261 -0.02847762 0.00468631
v -0.02424957 -0.00343266 0.00520701
v -0.02329409 -0.00394777 0.00520701
v -0.02259273 -0.00413570 0.00520701
v -0.02186937 -0.00419898 0.00156211
v -0.02223105 0.00410058 0.00338456
v -0.02329409 0.00388100 0.00520701
v -0.02395217 0.00357413 0.00338456
v -0.02395217 -0.00364090 0.00156211
v 0.01128546 -0.02307972 0.00338456
v 0.01234850 -0.02286014 0.00520701
v 0.01300658 -0.02255327 0.00338456
v 0.01360138 -0.01575472 0.00520701
v 0.01234850 -0.01503138 0.00156211
v 0.01267754 -0.01518481 0.00520701
v 0.01164713 -0.01484344 0.00156211
v 0.01128546 -0.01481180 0.00338456
v 0.00700940 -0.02037048 0.00520701
v 0.00731626 -0.02102856 0.00156211
v 0.00752450 -0.02132596 0.00338456
v 0.01020043 -0.02304807 0.00338456
v 0.01067025 -0.02308918 0.00156211
v 0.01092378 -0.02311136 0.00156211
v 0.01059101 0.01479510 0.00338456
v 0.01505500 0.01965241 0.00520701
v 0.01486707 0.02035378 0.00520701
v 0.01456020 0.02101185 0.00338456
v 0.01023483 0.02300021 0.00429578
v 0.00886988 0.02253658 0.00156211
v 0.00842379 0.02222422 0.00429578
v 0.00683455 0.01910990 0.00338456
v 0.00678708 0.01892905 0.00520701
v 0.00699132 0.01767968 0.00338456
v 0.00952796 0.01501468 0.00520701
v 0.00991610 0.01491068 0.00156211
v 0.01022934 0.01482674 0.00156211
v -0.02769893 0.01709563 0.00208281
v -0.02725530 0.01674913 0.00208281
v -0.02714679 0.01746157 0.00208281
v -0.02660073 0.01716366 0.00208281
v -0.02648360 0.01661306 0.00208281
v -0.02616749 0.01696164 0.00208281
v 0.02537881 0.01486127 0.00208281
v 0.02650428 0.01713783 0.00208281
v 0.02685744 0.01674913 0.00208281
v 0.02696594 0.01746157 0.00208281
v 0.02594820 0.01445507 0.00208281
v 0.02546085 0.01428220 0.00208281
v -0.00101996 -0.03001239 0.00208281
v -0.00039180 -0.03016554 0.00208281
v -0.00071236 -0.02928481 0.00208281
v -0.00642213 -0.03301298 0.00468631
v -0.00761366 -0.03451471 0.00468631
v -0.00969617 -0.03220408 0.00468631
v -0.01237967 -0.03218416 0.00468631
v 0.00430514 -0.03504960 0.00156211
v 0.00389996 -0.03481567 0.00156211
v 0.00318888 -0.03460384 0.00156211
v 0.03228755 0.01435309 0.00156211
v 0.03154764 0.01307151 0.00156211
v -0.02609332 -0.01749905 0.00156211
v 0.03305930 -0.00575305 0.00156211
v 0.03131004 -0.00418213 0.00156211
v -0.00166843 -0.03487158 0.00156211
v 0.00100691 -0.03499983 0.00156211
v 0.00212877 -0.03529139 0.00156211
v 0.00843052 -0.02696852 0.00156211
v 0.00223143 -0.02805518 0.00156211
v 0.00189753 -0.02319669 0.00156211
v 0.00390525 -0.03124200 0.00156211
v 0.00358829 -0.03254255 0.00156211
v -0.00806971 -0.02790499 0.00156211
v -0.00164415 -0.02771611 0.00156211
v -0.00353915 -0.02005783 0.00156211
v -0.00051895 -0.02738215 0.00156211
v 0.01748420 0.00380022 0.00156211
v 0.02420783 0.01300948 0.00156211
v 0.02874485 0.01237269 0.00156211
v 0.02401719 0.00002840 0.00156211
v 0.02604946 0.01186317 0.00156211
v 0.03093195 0.01528193 0.00156211
v 0.03059025 0.01399401 0.00156211
v 0.02703092 0.02033563 0.00156211
v 0.02870051 0.01914689 0.00156211
v 0.02159424 0.02347450 0.00156211
v 0.02637822 0.01946692 0.00156211
v 0.02353048 0.01726515 0.00156211
v 0.01957797 0.01998220 0.00156211
v 0.02485883 0.01875941 0.00156211
v 0.02342040 0.01421291 0.00156211
v 0.01204753 0.00693909 0.00156211
v -0.02600922 0.02255262 0.00156211
v -0.02654328 0.02335526 0.00156211
v -0.02282678 0.02683864 0.00156211
v -0.02405875 0.02590733 0.00156211
v -0.02273293 0.02701960 0.00156211
v -0.01772285 0.02849195 0.00156211
v -0.02048158 0.02658276 0.00156211
v -0.01581811 0.02302732 0.00156211
v -0.02206083 0.02523818 0.00156211
v -0.01079560 0.03172657 0.00156211
v -0.00399759 0.03505182 0.00156211
v -0.00412013 0.03366430 0.00156211
v -0.01165058 0.02062119 0.00156211
v -0.00850503 0.03244913 0.00156211
v -0.02133006 0.02819648 0.00156211
v -0.01853065 0.03001272 0.00156211
v -0.01838490 0.03019948 0.00156211
v 0.01654388 0.02639032 0.00156211
v 0.00671370 0.03282295 0.00156211
v 0.01398321 0.03024804 0.00156211
v 0.00155436 0.03038814 0.00156211
v 0.00474976 0.02465327 0.00156211
v 0.01452760 0.02289803 0.00156211
v 0.00844413 0.01565814 0.00156211
v 0.00699715 0.00985492 0.00156211
v 0.00641727 0.01669373 0.00156211
v 0.01456020 0.02101185 0.00156211
v 0.00714475 0.02050748 0.00156211
v 0.00873701 0.02240506 0.00156211
v -0.01452919 0.01563530 0.00156211
v -0.00885470 0.01235913 0.00156211
v -0.00852809 0.01881843 0.00156211
v -0.00556286 0.01207055 0.00156211
v 0.01044049 -0.02348714 0.00156211
v 0.00940409 -0.02275883 0.00156211
v 0.00390750 -0.01971531 0.00156211
v 0.00744737 -0.02105093 0.00156211
v 0.00757615 -0.01660172 0.00156211
v 0.00879629 -0.01124768 0.00156211
v 0.01074294 -0.01482762 0.00156211
v 0.01532928 -0.01501950 0.00156211
v 0.01397628 -0.01639506 0.00156211
v 0.01485542 -0.01982264 0.00156211
v 0.02262213 -0.01923004 0.00156211
v 0.01773334 -0.02769766 0.00156211
v 0.01237522 -0.02270909 0.00156211
v -0.01867835 -0.00271098 0.00156211
v -0.01919178 -0.00322442 0.00156211
v -0.01955279 -0.00617050 0.00156211
v -0.02011561 -0.00379433 0.00156211
v -0.01466400 0.00229712 0.00156211
v -0.02033849 0.00557329 0.00156211
v -0.01773541 -0.00039506 0.00156211
v -0.02276257 0.00399079 0.00156211
v -0.02450602 0.00797942 0.00156211
v -0.02571662 -0.00080627 0.00156211
v -0.02939481 -0.00048821 0.00156211
v -0.02424957 0.00336589 0.00156211
v -0.01893506 0.00290093 0.00156211
v -0.02723725 -0.00637571 0.00156211
v -0.02522727 -0.00289434 0.00156211
v 0.01500801 0.01910440 0.00156211
v 0.01095269 0.01482674 0.00156211
v 0.01471363 0.01717531 0.00156211
v 0.01346124 0.01565814 0.00156211
v 0.03345602 -0.00282601 0.00156211
v 0.02843144 -0.00916802 0.00156211
v 0.02957493 -0.01533303 0.00156211
v 0.02781710 -0.01023208 0.00156211
v 0.02318431 -0.02433091 0.00156211
v 0.01921225 -0.02751541 0.00156211
v 0.01296776 -0.03097097 0.00156211
v 0.03098123 -0.01703458 0.00156211
v 0.02911013 -0.02006524 0.00156211
v 0.02789058 -0.02165608 0.00156211
v 0.02806248 -0.02150606 0.00156211
v 0.02758626 -0.02209608 0.00156211
v 0.02715794 -0.02258444 0.00156211
v 0.02694359 -0.02289228 0.00156211
v 0.02602691 -0.02388219 0.00156211
v 0.02575630 -0.02422038 0.00156211
v 0.02483394 -0.02512326 0.00156211
v 0.02450362 -0.02548698 0.00156211
v 0.02358190 -0.02630471 0.00156211
v 0.02318873 -0.02668888 0.00156211
v 0.02227375 -0.02742371 0.00156211
v 0.02181496 -0.02782303 0.00156211
v 0.02038582 -0.02888654 0.00156211
v 0.02008561 -0.02905574 0.00156211
v 0.02011091 -0.02907035 0.00156211
v 0.01950172 -0.02946392 0.00156211
v 0.01890492 -0.02987671 0.00156211
v 0.01804442 -0.03038027 0.00156211
v 0.01737602 -0.03079103 0.00156211
v 0.01654419 -0.03122450 0.00156211
v 0.01616567 -0.03143440 0.00156211
v 0.01614657 -0.03142338 0.00156211
v 0.01580300 -0.03162718 0.00156211
v 0.01535319 -0.03182021 0.00156211
v 0.01533915 -0.03184453 0.00156211
v 0.01500458 -0.03199457 0.00156211
v 0.01418987 -0.03238303 0.00156211
v 0.01342927 -0.03268870 0.00156211
v 0.01254072 -0.03305668 0.00156211
v 0.01182199 -0.03330521 0.00156211
v 0.01085973 -0.03364639 0.00156211
v 0.00925281 -0.03365433 0.00156211
v 0.00915116 -0.03415069 0.00156211
v 0.00741937 -0.03456829 0.00156211
v 0.03444571 -0.00752940 0.00156211
v 0.03376438 -0.01048712 0.00156211
v 0.03317586 -0.01205892 0.00156211
v 0.03323170 -0.01193946 0.00156211
v 0.03280228 -0.01311027 0.00156211
v 0.03275682 -0.01308403 0.00156211
v 0.03253792 -0.01383104 0.00156211
v 0.03179578 -0.01535781 0.00156211
v 0.02999347 -0.01865369 0.00156211
v -0.01591933 -0.02962488 0.00156211
v -0.01312008 -0.02498916 0.00156211
v -0.03225900 -0.01446964 0.00156211
v -0.03176782 -0.01422288 0.00156211
v -0.02794066 -0.02116691 0.00156211
v -0.03419986 -0.00881080 0.00156211
v -0.03203159 -0.00066445 0.00156211
v -0.03140478 -0.00396959 0.00156211
v -0.03481772 0.00587949 0.00156211
v -0.02387169 0.01754872 0.00156211
v -0.01931106 0.01697737 0.00156211
v -0.02338663 0.01428533 0.00156211
v -0.02604946 0.01186317 0.00156211
v -0.02900899 0.01900305 0.00156211
v -0.02803268 0.01197735 0.00156211
v -0.03054547 0.01740323 0.00156211
v -0.03229362 0.01439221 0.00156211
v -0.02956661 0.01262941 0.00156211
v -0.03004797 0.01311075 0.00156211
v -0.03043842 0.01366837 0.00156211
v -0.03090229 0.01494286 0.00156211
v -0.02637823 0.01946692 0.00156211
v -0.02572069 0.01929073 0.00156211
v -0.02773451 0.01946692 0.00156211
v -0.01869671 0.01804143 0.00156211
v 0.00357064 0.03388044 0.00156211
v 0.00314827 0.03513224 0.00156211
v 0.02315062 0.02422440 0.00156211
v 0.02688859 0.02295685 0.00156211
v 0.02439275 0.02550190 0.00156211
v 0.01572710 0.03166500 0.00156211
v 0.01665231 0.03104619 0.00156211
v 0.01246138 0.03308667 0.00156211
v 0.00843206 0.03423343 0.00156211
v 0.00558499 0.03491162 0.00156211
v 0.03250176 0.01134239 0.00156211
v -0.00712579 -0.03125742 0.00156211
v -0.01434775 -0.03037076 0.00156211
v -0.03450278 -0.00771830 0.00156211
v -0.01514352 0.01457124 0.00156211
v -0.00946903 0.01129507 0.00156211
v -0.00858951 -0.01714199 0.00156211
v -0.02156276 -0.00965188 0.00156211
v -0.00152917 -0.01657644 0.00156211
v -0.00169075 -0.00519299 0.00156211
v -0.00657954 -0.01366061 0.00156211
v 0.00411855 0.00486902 0.00156211
v 0.00916892 0.00195319 0.00156211
v 0.01460559 -0.00118567 0.00156211
v 0.02113858 -0.00495750 0.00156211
v 0.02052425 -0.00602156 0.00156211
v 0.01399126 -0.00224973 0.00156211
v 0.00595710 -0.00360984 0.00156211
v 0.00350421 0.00380497 0.00156211
v -0.02446209 -0.00220893 0.00520701
v -0.02354287 -0.00202778 0.00520701
v -0.02385904 -0.00275625 0.00520701
v -0.02186937 -0.00419898 0.00520701
v -0.02114603 -0.00413570 0.00520701
v -0.02044465 -0.00394776 0.00520701
v -0.02077327 -0.00238398 0.00520701
v -0.01999123 -0.00283434 0.00520701
v -0.01873937 0.00166932 0.00520701
v -0.01867833 0.00264421 0.00520701
v -0.01969382 0.00255933 0.00520701
v -0.02186937 0.00413222 0.00520701
v -0.02294341 0.00397497 0.00520701
v -0.02275982 0.00241311 0.00520701
v -0.02317112 0.00222132 0.00520701
v -0.02395217 0.00357413 0.00520701
v -0.02489638 0.00145324 0.00520701
v -0.02578377 0.00139134 0.00520701
v -0.02520250 0.00055434 0.00520701
v -0.02504981 -0.00119097 0.00520701
v -0.02412408 -0.00133513 0.00520701
v 0.00799267 -0.02063803 0.00520701
v 0.00917002 -0.02270671 0.00520701
v 0.01003333 -0.02139225 0.00520701
v 0.01047169 -0.02150971 0.00520701
v 0.01114983 -0.02231053 0.00520701
v 0.01164713 -0.02304807 0.00520701
v 0.01305689 -0.01686079 0.00520701
v 0.01222553 -0.01669107 0.00520701
v 0.01300658 -0.01533824 0.00520701
v 0.01047169 -0.01638181 0.00520701
v 0.01020043 -0.01484344 0.00520701
v 0.00949907 -0.01503138 0.00520701
v 0.00682146 -0.01966910 0.00520701
v 0.00847730 -0.01983621 0.00520701
v 0.00919892 0.02269001 0.00520701
v 0.00827509 0.02212010 0.00520701
v 0.00895829 0.02060255 0.00520701
v 0.01339918 0.01803861 0.00520701
v 0.01486707 0.01750435 0.00520701
v 0.01428582 0.01834134 0.00520701
v 0.01036496 0.02226219 0.00520701
v 0.01006223 0.02137555 0.00520701
v -0.02851788 0.01408459 0.00052229
v -0.02816421 0.01388301 0.00208281
v -0.02923198 0.01613860 0.00054097
v -0.02893684 0.01474412 0.00208281
v -0.02912335 0.01544016 0.00208281
v -0.02906054 0.01615801 0.00208281
v -0.02886012 0.01666240 0.00208281
v -0.02865189 0.01695980 0.00208281
v -0.02711773 0.01782178 0.00053277
v -0.02800759 0.01744942 0.00208281
v -0.02723720 0.01768798 0.00208281
v -0.02669469 0.01767216 0.00208281
v -0.02634401 0.01757819 0.00208281
v -0.02547582 0.01700772 0.00052132
v -0.02487838 0.01529926 0.00053277
v -0.02554711 0.01694643 0.00208281
v -0.02498939 0.01580183 0.00208281
v -0.02505220 0.01508398 0.00208281
v -0.02525261 0.01457960 0.00208281
v -0.02580209 0.01398554 0.00208281
v -0.02661377 0.01346432 0.00053277
v -0.02687553 0.01355402 0.00208281
v -0.02741803 0.01356984 0.00208281
v 0.02559486 0.01408458 0.00052229
v 0.02594852 0.01388300 0.00208281
v 0.02487837 0.01594274 0.00053277
v 0.02517589 0.01474412 0.00208281
v 0.02499730 0.01571142 0.00208281
v 0.02509918 0.01633335 0.00208281
v 0.02525260 0.01666240 0.00208281
v 0.02611251 0.01751987 0.00052229
v 0.02580209 0.01725645 0.00208281
v 0.02810361 0.01755760 0.00053277
v 0.02687552 0.01768798 0.00208281
v 0.02759338 0.01762517 0.00208281
v 0.02824646 0.01732063 0.00208281
v 0.02865188 0.01695980 0.00208281
v 0.02923436 0.01529927 0.00053277
v 0.02902218 0.01624027 0.00208281
v 0.02912334 0.01544016 0.00208281
v 0.02901356 0.01490864 0.00208281
v 0.02886012 0.01457960 0.00208281
v 0.02831064 0.01398554 0.00208281
v 0.02749896 0.01346431 0.00053277
v 0.02723720 0.01355402 0.00208281
v 0.02669468 0.01356984 0.00208281
v -0.00174317 -0.03253502 0.00052743
v -0.00110784 -0.03298000 0.00208281
v -0.00169964 -0.03243210 0.00208281
v -0.00195719 -0.03195435 0.00208281
v -0.00206133 -0.03074450 0.00052229
v -0.00205907 -0.03115158 0.00208281
v -0.00081037 -0.02919494 0.00053276
v -0.00169964 -0.03005190 0.00208281
v -0.00119010 -0.02954237 0.00208281
v -0.00053702 -0.02923783 0.00208281
v -0.00000000 -0.02915920 0.00208281
v 0.00101091 -0.02939831 0.00052132
v 0.00215668 -0.03079941 0.00053277
v 0.00096491 -0.02948031 0.00208281
v 0.00188047 -0.03036513 0.00208281
v 0.00206698 -0.03106117 0.00208281
v 0.00205116 -0.03160367 0.00208281
v 0.00164014 -0.03255771 0.00052132
v 0.00024820 -0.03339814 0.00052743
v 0.00156738 -0.03249817 0.00208281
v 0.00053702 -0.03324617 0.00208281
v -0.00018084 -0.03330898 0.00208281
v -0.02015192 -0.02901244 0.00039053
v 0.00566873 -0.03489812 0.00000001
v 0.00372787 -0.03511373 0.00156211
v 0.00261159 -0.03523774 0.00000001
v 0.00999855 -0.03387718 0.00117158
v 0.01852269 -0.03010529 0.00078106
v 0.02101711 -0.02841355 0.00117158
v 0.00292932 0.03520019 0.00078106
v -0.00151754 0.03532295 0.00000001
v 0.00110600 0.03530338 0.00156211
v -0.02362855 0.02626825 0.00000001
v -0.03511425 0.00412349 0.00000001
v -0.03511425 0.00412349 0.00156211
v -0.03503821 0.00457377 0.00000001
v -0.01270922 -0.03295620 0.00234316
v -0.01831240 -0.03024351 0.00468631
v -0.01977057 -0.02931106 0.00468631
v -0.02317112 -0.00228808 0.00520701
v -0.02097892 0.00241311 0.00520701
v -0.02056762 0.00222132 0.00520701
v -0.02003542 0.00180056 0.00390526
v -0.01961468 0.00126837 0.00000001
v -0.01951878 0.00106272 0.00260351
v -0.02019588 -0.00202778 0.00520701
v -0.02056762 -0.00228808 0.00520701
v -0.02097892 -0.00247987 0.00000001
v -0.02232146 -0.00259733 0.00000001
v -0.02181286 -0.00261216 0.00390526
v -0.02275982 -0.00247987 0.00520701
v -0.02317112 -0.00228808 0.00000001
v 0.01327437 -0.01784966 0.00260351
v 0.01348772 -0.01849367 0.00520701
v 0.01352728 -0.01894576 0.00260351
v 0.00963192 -0.02118333 0.00390526
v 0.00892939 -0.02061926 0.00000001
v 0.00873416 -0.02034045 0.00390526
v 0.00982768 -0.01659516 0.00520701
v 0.01047169 -0.01638181 0.00000001
v 0.01092378 -0.01634226 0.00260351
v 0.01291818 -0.01727226 0.00520701
v 0.01295423 -0.01732376 0.00000001
v 0.01317848 -0.01764401 0.00000001
v 0.01050059 0.02149300 0.00520701
v 0.01095268 0.02153256 0.00520701
v 0.01140478 0.02149300 0.00000001
v 0.01140478 0.02149300 0.00520701
v 0.01184313 0.02137555 0.00260351
v 0.01225443 0.01667436 0.00520701
v 0.01184313 0.01648257 0.00520701
v 0.01117873 0.01634534 0.00260351
v 0.00895829 0.01725557 0.00520701
v 0.00869799 0.01762730 0.00520701
v 0.00850619 0.01803861 0.00000001
v 0.00850619 0.01803861 0.00520701
v 0.00838874 0.01847696 0.00000001
v -0.02889032 0.01378705 0.00000001
v -0.02931106 0.01431925 0.00000001
v -0.02950285 0.01473055 0.00000001
v -0.02962031 0.01516890 0.00000001
v -0.02965987 0.01562100 0.00000001
v -0.02962031 0.01607310 0.00000001
v -0.02950285 0.01651144 0.00000001
v -0.02931106 0.01692275 0.00000001
v -0.02905077 0.01729449 0.00000001
v -0.02854399 0.01774555 0.00000001
v -0.02794682 0.01806749 0.00000001
v -0.02750846 0.01818494 0.00000001
v -0.02705637 0.01822450 0.00000001
v -0.02660427 0.01818494 0.00000001
v -0.02616592 0.01806749 0.00000001
v -0.02556874 0.01774555 0.00000001
v -0.02493182 0.01710862 0.00000001
v -0.02460988 0.01651144 0.00000001
v -0.02449242 0.01607309 0.00000001
v -0.02445287 0.01562100 0.00000001
v -0.02455115 0.01494972 0.00000001
v -0.02480167 0.01431925 0.00000001
v -0.02522242 0.01378705 0.00000001
v -0.02596027 0.01327040 0.00000001
v -0.02660427 0.01305705 0.00000001
v -0.02705637 0.01301750 0.00000001
v -0.02804288 0.01324104 0.00000001
v 0.02522242 0.01378705 0.00000001
v 0.02480167 0.01431925 0.00000001
v 0.02460987 0.01473055 0.00000001
v 0.02447264 0.01539495 0.00000001
v 0.02449242 0.01607310 0.00000001
v 0.02460987 0.01651144 0.00000001
v 0.02480167 0.01692275 0.00000001
v 0.02522242 0.01745495 0.00000001
v 0.02596027 0.01797160 0.00000001
v 0.02660427 0.01818494 0.00000001
v 0.02705636 0.01822450 0.00000001
v 0.02750845 0.01818494 0.00000001
v 0.02794681 0.01806749 0.00000001
v 0.02854399 0.01774555 0.00000001
v 0.02905076 0.01729449 0.00000001
v 0.02940695 0.01671710 0.00000001
v 0.02962031 0.01607309 0.00000001
v 0.02965986 0.01562100 0.00000001
v 0.02962031 0.01516890 0.00000001
v 0.02950285 0.01473055 0.00000001
v 0.02931106 0.01431925 0.00000001
v 0.02889031 0.01378705 0.00000001
v 0.02815247 0.01327040 0.00000001
v 0.02750845 0.01305705 0.00000001
v 0.02705636 0.01301750 0.00000001
v 0.02606985 0.01324104 0.00000001
v -0.00167350 -0.03323640 0.00000001
v -0.00212455 -0.03272962 0.00000001
v -0.00244649 -0.03213245 0.00000001
v -0.00258372 -0.03146805 0.00000001
v -0.00250522 -0.03057073 0.00000001
v -0.00225470 -0.02994025 0.00000001
v -0.00199440 -0.02956851 0.00000001
v -0.00167350 -0.02924761 0.00000001
v -0.00130175 -0.02898730 0.00000001
v -0.00067127 -0.02873678 0.00000001
v -0.00000000 -0.02863850 0.00000001
v 0.00067127 -0.02873678 0.00000001
v 0.00148762 -0.02911746 0.00000001
v 0.00199440 -0.02956851 0.00000001
v 0.00225470 -0.02994025 0.00000001
v 0.00244649 -0.03035156 0.00000001
v 0.00258372 -0.03101596 0.00000001
v 0.00256395 -0.03169409 0.00000001
v 0.00235059 -0.03233810 0.00000001
v 0.00183395 -0.03307595 0.00000001
v 0.00130175 -0.03349670 0.00000001
v 0.00089045 -0.03368849 0.00000001
v 0.00045209 -0.03380595 0.00000001
v -0.00022605 -0.03382573 0.00000001
v -0.00109610 -0.03359260 0.00000001
v -0.01239883 0.03301186 0.00000001
v -0.01079228 0.03147196 0.00000001
v 0.01448067 -0.01467988 0.00000001
v -0.03372207 -0.00733444 0.00000001
v -0.03122697 -0.00392194 0.00000001
v -0.03231174 0.00908585 0.00000001
v -0.02445838 0.00780159 0.00000001
v -0.02850103 0.00079952 0.00000001
v -0.01768979 -0.01173763 0.00000001
v -0.03144924 -0.01605576 0.00000001
v -0.02443864 -0.02342700 0.00000001
v -0.02126236 -0.02824758 0.00000001
v -0.00948076 -0.03206293 0.00000001
v -0.00946029 -0.03402811 0.00000001
v 0.00771210 -0.02640341 0.00000001
v 0.00222044 -0.03252397 0.00000001
v -0.00142745 -0.03388907 0.00000001
v -0.00089045 -0.03368849 0.00000001
v -0.00045210 -0.03380595 0.00000001
v 0.00086783 -0.03415783 0.00000001
v 0.00183395 -0.02940806 0.00000001
v -0.00041328 -0.02894615 0.00000001
v -0.00273190 -0.02037357 0.00000001
v -0.00222044 -0.03085048 0.00000001
v -0.00225470 -0.03254374 0.00000001
v 0.01344545 -0.03254716 0.00000001
v 0.01043803 -0.02168195 0.00000001
v 0.01159505 -0.02145098 0.00000001
v 0.01352728 -0.01894576 0.00000001
v 0.02268443 -0.00047056 0.00000001
v 0.03004568 -0.01854991 0.00000001
v 0.03461014 -0.00718534 0.00000001
v 0.02814677 0.00899049 0.00000001
v 0.03250464 0.01390905 0.00000001
v 0.02732206 0.01322503 0.00000001
v 0.01770278 0.01502034 0.00000001
v 0.02956158 0.01629227 0.00000001
v 0.02905076 0.01394751 0.00000001
v 0.02951000 0.01733765 0.00000001
v 0.02931106 0.01692275 0.00000001
v 0.02400030 0.02592796 0.00000001
v 0.02538287 0.01362660 0.00000001
v 0.02697248 0.02059067 0.00000001
v 0.01330328 0.02002516 0.00000001
v 0.01734762 0.02423892 0.00000001
v 0.00979106 0.02106761 0.00000001
v 0.00274490 0.02365627 0.00000001
v 0.00292414 0.03511064 0.00000001
v -0.01625462 0.02201091 0.00000001
v -0.02905077 0.01394751 0.00000001
v -0.03089824 0.01545183 0.00000001
v -0.02750607 0.01339516 0.00000001
v -0.02451190 0.01539838 0.00000001
v -0.02499637 0.01706342 0.00000001
v -0.01496385 -0.00701617 0.00000001
v -0.01990232 -0.00154088 0.00000001
v -0.02430717 -0.00015317 0.00000001
v -0.01092120 -0.00001410 0.00000001
v -0.01946485 0.00078531 0.00000001
v -0.02296994 -0.00233347 0.00000001
v -0.02346109 0.00194613 0.00000001
v -0.02153374 0.00252098 0.00000001
v -0.00000597 -0.01565211 0.00000001
v 0.00973475 -0.01666024 0.00000001
v 0.00403668 -0.00865003 0.00000001
v 0.00853711 -0.01878627 0.00000001
v 0.01238881 -0.01685349 0.00000001
v 0.00962203 -0.02120045 0.00000001
v 0.01047169 -0.02150971 0.00000001
v 0.00925029 -0.02094015 0.00000001
v 0.01224044 0.00555928 0.00000001
v 0.00838874 0.01938115 0.00000001
v 0.00911874 0.01709511 0.00000001
v -0.00271745 0.01419521 0.00000001
v 0.01151541 0.01669333 0.00000001
v 0.01294708 0.01725557 0.00000001
v -0.02273804 -0.02135321 0.02358771
v -0.02386162 -0.02089156 0.02358771
v -0.02219526 -0.02138166 0.02358771
v -0.02179003 -0.02133190 0.02358771
v -0.02039655 -0.02052738 0.02358771
v -0.02022505 -0.02031558 0.02358771
v -0.02007663 -0.02008704 0.02358771
v -0.01978472 -0.01932659 0.02358771
v -0.01974208 -0.01905743 0.02358771
v -0.01972783 -0.01878529 0.02358771
v -0.01974208 -0.01851315 0.02358771
v -0.02339026 -0.02116370 0.02358771
v -0.02313585 -0.02126136 0.02358771
v -0.02152680 -0.02126136 0.02358771
v -0.02127239 -0.02116370 0.02358771
v -0.02102958 -0.02103998 0.02358771
v -0.02080102 -0.02089156 0.02358771
v -0.02058924 -0.02072007 0.02358771
v -0.01995290 -0.01984423 0.02358771
v -0.01985525 -0.01958982 0.02358771
v -0.01978472 -0.01824399 0.02358771
v -0.01985525 -0.01798077 0.02358771
v -0.01995290 -0.01772635 0.02358771
v -0.02007663 -0.01748354 0.02358771
v -0.02204334 -0.01696701 0.02358771
v -0.02443760 -0.01725499 0.02358771
v -0.02458602 -0.01748354 0.02358771
v -0.02470974 -0.01772635 0.02358771
v -0.02480740 -0.01798077 0.02358771
v -0.02487793 -0.01824399 0.02358771
v -0.02492056 -0.01905743 0.02358771
v -0.02487793 -0.01932659 0.02358771
v -0.02480740 -0.01958982 0.02358771
v -0.02492056 -0.01851315 0.02358771
v -0.02493483 -0.01878529 0.02358771
v -0.02100993 -0.01680545 0.02358771
v -0.02127239 -0.01640688 0.02358771
v -0.02426610 -0.01704320 0.02358771
v -0.02470974 -0.01984423 0.02358771
v -0.02458602 -0.02008704 0.02358771
v -0.02443760 -0.02031558 0.02358771
v -0.02426610 -0.02052738 0.02358771
v -0.02407341 -0.02072007 0.02358771
v -0.02152680 -0.01630922 0.02358771
v -0.02179003 -0.01623868 0.02358771
v -0.02205919 -0.01619606 0.02358771
v -0.02233133 -0.01618179 0.02358771
v -0.02339026 -0.01640688 0.02358771
v -0.02102958 -0.02103998 0.02098421
v -0.02233133 -0.02138879 0.02098421
v -0.02260346 -0.02137452 0.02098421
v -0.02022505 -0.01725499 0.02098421
v -0.02007663 -0.01748354 0.02098421
v -0.01995290 -0.01772635 0.02098421
v -0.01985525 -0.01798077 0.02098421
v -0.01978472 -0.01824399 0.02098421
v -0.01974208 -0.01851315 0.02098421
v -0.01972783 -0.01878529 0.02098421
v -0.01974208 -0.01905743 0.02098421
v -0.01978472 -0.01932659 0.02098421
v -0.01985525 -0.01958982 0.02098421
v -0.02127239 -0.02116370 0.02098421
v -0.02152680 -0.02126136 0.02098421
v -0.02022505 -0.02031558 0.02098421
v -0.02039655 -0.02052738 0.02098421
v -0.02058924 -0.02072007 0.02098421
v -0.02174115 -0.01649967 0.02098421
v -0.02080102 -0.01667902 0.02098421
v -0.02058924 -0.01685051 0.02098421
v -0.01995290 -0.01984423 0.02098421
v -0.02007663 -0.02008704 0.02098421
v -0.02287262 -0.02133190 0.02098421
v -0.02313585 -0.02126136 0.02098421
v -0.02339026 -0.02116370 0.02098421
v -0.02487793 -0.01932659 0.02098421
v -0.02492056 -0.01905743 0.02098421
v -0.02386162 -0.01667902 0.02098421
v -0.02039655 -0.01704320 0.02098421
v -0.02363308 -0.02103998 0.02098421
v -0.02386162 -0.02089156 0.02098421
v -0.02407341 -0.02072007 0.02098421
v -0.02493483 -0.01878529 0.02098421
v -0.02492056 -0.01851315 0.02098421
v -0.02487793 -0.01824399 0.02098421
v -0.02470974 -0.01772635 0.02098421
v -0.02458602 -0.01748354 0.02098421
v -0.02426610 -0.01704320 0.02098421
v -0.02458602 -0.02008704 0.02098421
v -0.02470974 -0.01984423 0.02098421
v -0.02480740 -0.01958982 0.02098421
v -0.02480740 -0.01798077 0.02098421
v -0.02426610 -0.02052738 0.02098421
v -0.02443760 -0.02031558 0.02098421
v -0.01974561 -0.01898865 0.02228596
v -0.02192461 -0.01621737 0.02358771
v -0.02233133 -0.01618179 0.02098421
v -0.02260346 -0.01619606 0.02098421
v -0.02260346 -0.01619606 0.02358771
v -0.02287262 -0.01623868 0.02098421
v -0.02486030 -0.01817819 0.02228596
v -0.02011374 -0.02014418 0.02228596
v -0.00085936 -0.03202215 0.02358771
v -0.00046367 -0.02832059 0.02358771
v 0.00130889 -0.02875363 0.02358771
v 0.00114323 -0.02862357 0.02358771
v -0.00032964 -0.03018790 0.02358771
v 0.00037254 -0.02829832 0.02358771
v 0.00057714 -0.02834831 0.02358771
v -0.00066532 -0.02838140 0.02358771
v -0.00121595 -0.03179903 0.02358771
v -0.00104360 -0.03192009 0.02358771
v 0.00096468 -0.02851186 0.02358771
v 0.00077527 -0.02841975 0.02358771
v 0.00177837 -0.02938070 0.02358771
v -0.00004676 -0.03222067 0.02358771
v 0.00159421 -0.02906271 0.02358771
v -0.00046367 -0.03216484 0.02358771
v 0.00145979 -0.02890056 0.02358771
v -0.00151732 -0.03150559 0.02358771
v -0.00104360 -0.02856534 0.02358771
v -0.00121595 -0.02868640 0.02358771
v -0.00137446 -0.02882509 0.02358771
v -0.00151732 -0.02897985 0.02358771
v -0.00196994 -0.03013740 0.02358771
v 0.00016379 -0.03221507 0.02358771
v 0.00037254 -0.03218711 0.02358771
v 0.00057714 -0.03213712 0.02358771
v 0.00114323 -0.03186186 0.02358771
v 0.00130889 -0.03173180 0.02358771
v 0.00145979 -0.03158487 0.02358771
v -0.00164293 -0.02914892 0.02358771
v 0.00077527 -0.03206568 0.02358771
v 0.00096468 -0.03197358 0.02358771
v 0.00159421 -0.03142272 0.02358771
v 0.00171064 -0.03124721 0.02358771
v 0.00180776 -0.03106032 0.02358771
v 0.00197337 -0.03003240 0.02358771
v 0.00188445 -0.03086417 0.02358771
v 0.00193987 -0.02982446 0.02358771
v -0.00196994 -0.03034803 0.02358771
v -0.00194755 -0.03055745 0.02358771
v -0.00190303 -0.03076331 0.02358771
v -0.00183688 -0.03096326 0.02358771
v -0.00174985 -0.03115506 0.02358771
v -0.00046367 -0.02832059 0.02098421
v 0.00077527 -0.02841975 0.02098421
v 0.00096468 -0.02851186 0.02098421
v -0.00066532 -0.02838140 0.02098421
v 0.00130889 -0.02875363 0.02098421
v 0.00180776 -0.02942512 0.02098421
v -0.00046367 -0.03216484 0.02098421
v -0.00085936 -0.03202215 0.02098421
v -0.00104360 -0.03192009 0.02098421
v -0.00121595 -0.03179903 0.02098421
v -0.00025670 -0.02828157 0.02098421
v -0.00004676 -0.02826476 0.02098421
v 0.00016379 -0.02827036 0.02098421
v 0.00037254 -0.02829832 0.02098421
v 0.00057714 -0.02834831 0.02098421
v 0.00145979 -0.02890056 0.02098421
v 0.00165243 -0.02915046 0.02098421
v 0.00016379 -0.03221507 0.02098421
v -0.00158012 -0.02906438 0.02098421
v -0.00128046 -0.03003546 0.02098421
v -0.00137446 -0.03166034 0.02098421
v -0.00085936 -0.02846328 0.02098421
v 0.00195662 -0.03034668 0.02098421
v 0.00198458 -0.03024271 0.02098421
v 0.00197337 -0.03045303 0.02098421
v 0.00188445 -0.03086417 0.02098421
v 0.00033107 -0.03156242 0.02098421
v 0.00171064 -0.03124721 0.02098421
v 0.00159421 -0.03142272 0.02098421
v 0.00145979 -0.03158487 0.02098421
v 0.00130889 -0.03173180 0.02098421
v 0.00114323 -0.03186186 0.02098421
v 0.00096468 -0.03197358 0.02098421
v 0.00077527 -0.03206568 0.02098421
v 0.00057714 -0.03213712 0.02098421
v -0.00174985 -0.02933037 0.02098421
v -0.00183688 -0.03096326 0.02098421
v -0.00194755 -0.02992799 0.02098421
v -0.00194755 -0.03055745 0.02098421
v -0.00179336 -0.03033861 0.02098421
v -0.00190303 -0.03076331 0.02098421
v 0.00198178 -0.03029529 0.02293684
v 0.00103164 -0.02855375 0.02293684
v 0.00067621 -0.02838403 0.02228596
v -0.00137446 -0.02882509 0.02098421
v -0.00151732 -0.02897985 0.02098421
v -0.00158012 -0.02906438 0.02228596
v 0.00086997 -0.03201963 0.02163509
v 0.00193987 -0.03066097 0.02358771
v -0.00073950 0.02832561 0.02254632
v -0.00092401 0.02841197 0.02254632
v 0.00119354 0.02857587 0.02254632
v -0.00054709 0.03205830 0.02254632
v -0.00014679 0.03213125 0.02254632
v 0.00065599 0.02828966 0.02254632
v 0.00046039 0.02823272 0.02254632
v 0.00025997 0.02819620 0.02254632
v 0.00005687 0.02818049 0.02254632
v -0.00014679 0.02818572 0.02254632
v -0.00034882 0.02821188 0.02254632
v 0.00046039 0.03208425 0.02254632
v 0.00005687 0.03213650 0.02254632
v 0.00025997 0.03212077 0.02254632
v 0.00109734 0.03032847 0.02254632
v 0.00119354 0.03174110 0.02254632
v 0.00151982 0.03142131 0.02254632
v -0.00140359 0.03030419 0.02254632
v -0.00160461 0.03130344 0.02254632
v -0.00092401 0.03190500 0.02254632
v -0.00141110 0.03153948 0.02254632
v -0.00171380 0.02918519 0.02254632
v -0.00184555 0.02946051 0.02254632
v -0.00176397 0.03104313 0.02254632
v 0.00181900 0.03095085 0.02254632
v 0.00180439 0.02957428 0.02254632
v 0.00161858 0.02901200 0.02254632
v 0.00189086 0.03076022 0.02254632
v 0.00149215 0.02885226 0.02254632
v -0.00190750 0.02965458 0.02254632
v -0.00194917 0.02985399 0.02254632
v 0.00197409 0.03036193 0.02254632
v 0.00198458 0.03015848 0.02254632
v 0.00194274 0.02975374 0.02254632
v 0.00197409 0.02995503 0.02254632
v 0.00167325 0.03121902 0.02280667
v 0.00149215 0.03146470 0.02254632
v 0.00142106 0.03153765 0.02306702
v -0.00194917 0.02985399 0.02358772
v -0.00190750 0.02965458 0.02358772
v -0.00167739 0.02914744 0.02293684
v -0.00141110 0.02877749 0.02254632
v -0.00141110 0.02877749 0.02358772
v -0.00126160 0.02863911 0.02358772
v -0.00034882 0.02821188 0.02358772
v -0.00014679 0.02818572 0.02358772
v 0.00015842 0.02818834 0.02306702
v 0.00005687 0.02818049 0.02358772
v -0.00024780 0.02819880 0.02358772
v 0.00045798 0.03011175 0.02358772
v 0.00084470 0.02836641 0.02358772
v 0.00102452 0.02846215 0.02358772
v 0.00025997 0.03212077 0.02358772
v 0.00046039 0.03208425 0.02358772
v 0.00005687 0.03213650 0.02358772
v -0.00014679 0.03213125 0.02358772
v -0.00054709 0.02825868 0.02358772
v 0.00142106 0.03153765 0.02358772
v 0.00102452 0.03185482 0.02358772
v 0.00119354 0.02857587 0.02358772
v 0.00084470 0.03195056 0.02358772
v -0.00126160 0.03167786 0.02358772
v 0.00167325 0.02909795 0.02358772
v 0.00139799 0.03076103 0.02358772
v -0.00034882 0.03210509 0.02358772
v -0.00054709 0.03205830 0.02358772
v -0.00073950 0.03199137 0.02358772
v -0.00092401 0.02841197 0.02358772
v -0.00109866 0.03180013 0.02358772
v -0.00092401 0.03190500 0.02358772
v -0.00109866 0.02851684 0.02358772
v -0.00141110 0.03153948 0.02358772
v -0.00154559 0.03138646 0.02358772
v 0.00149215 0.02885226 0.02358772
v 0.00172792 0.03113306 0.02358772
v 0.00161858 0.03130497 0.02358772
v -0.00166363 0.03122043 0.02358772
v -0.00176397 0.03104313 0.02358772
v -0.00184555 0.03085646 0.02358772
v -0.00190750 0.03066239 0.02358772
v -0.00194917 0.03046297 0.02358772
v -0.00197012 0.03026034 0.02358772
v 0.00197409 0.02995503 0.02358772
v 0.00198458 0.03015848 0.02358772
v 0.00194274 0.02975374 0.02358772
v 0.00194274 0.03056322 0.02358772
v 0.00197409 0.03036193 0.02358772
v -0.00185106 0.02951221 0.02358772
v -0.00197012 0.03005662 0.02358772
v -0.00166363 0.02909654 0.02358772
v -0.01255582 0.02230927 0.02358772
v -0.01251563 0.02442036 0.02358772
v -0.01232438 0.02436035 0.02358772
v -0.01301158 0.02448098 0.02358772
v -0.01318146 0.02261075 0.02358772
v -0.01232438 0.02064936 0.02358772
v -0.01164835 0.02393898 0.02358772
v -0.01151026 0.02121601 0.02358772
v -0.01369878 0.02064936 0.02358772
v -0.01196494 0.02082568 0.02358772
v -0.01405822 0.02082568 0.02358772
v -0.01379088 0.02432083 0.02358772
v -0.01271196 0.02446070 0.02358772
v -0.01138757 0.02137451 0.02358772
v -0.01445641 0.02204017 0.02358772
v -0.01479101 0.02256722 0.02358772
v -0.01422273 0.02406953 0.02358772
v -0.01350754 0.02442036 0.02358772
v -0.01331121 0.02446070 0.02358772
v -0.01120261 0.02232090 0.02358772
v -0.01119328 0.02328516 0.02358772
v -0.01104307 0.02270503 0.02358772
v -0.01103292 0.02250486 0.02358772
v -0.01104307 0.02230468 0.02358772
v -0.01251563 0.02058936 0.02358772
v -0.01271196 0.02054901 0.02358772
v -0.01291136 0.02052874 0.02358772
v -0.01138757 0.02363520 0.02358772
v -0.01128155 0.02346511 0.02358772
v -0.01311180 0.02052874 0.02358772
v -0.01474162 0.02346511 0.02358772
v -0.01463559 0.02363520 0.02358772
v -0.01107342 0.02210655 0.02358772
v -0.01112366 0.02191252 0.02358772
v -0.01119328 0.02172456 0.02358772
v -0.01498009 0.02270503 0.02358772
v -0.01494974 0.02290316 0.02358772
v -0.01489950 0.02309719 0.02358772
v -0.01451291 0.02379370 0.02358772
v -0.01498263 0.02235472 0.02400428
v -0.01494974 0.02210655 0.02442084
v -0.01489950 0.02191252 0.02400428
v -0.01463559 0.02137451 0.02442084
v -0.01451291 0.02121601 0.02442084
v -0.01429877 0.02100546 0.02400428
v -0.01223229 0.02068888 0.02442084
v -0.01184156 0.02091156 0.02421256
v -0.01405822 0.02082568 0.02442084
v -0.01196494 0.02418403 0.02442084
v -0.01369878 0.02064936 0.02442084
v -0.01214019 0.02428131 0.02442084
v -0.01232438 0.02436035 0.02442084
v -0.01437481 0.02107073 0.02442084
v -0.01251563 0.02442036 0.02442084
v -0.01251563 0.02058936 0.02442084
v -0.01232438 0.02064936 0.02442084
v -0.01214019 0.02072840 0.02442084
v -0.01196494 0.02082568 0.02442084
v -0.01180043 0.02094018 0.02442084
v -0.01164835 0.02107073 0.02442084
v -0.01151026 0.02121601 0.02442084
v -0.01138757 0.02137451 0.02442084
v -0.01119328 0.02172456 0.02442084
v -0.01164835 0.02393898 0.02442084
v -0.01271196 0.02446070 0.02442084
v -0.01291136 0.02448098 0.02442084
v -0.01321150 0.02447084 0.02442084
v -0.01350754 0.02058936 0.02442084
v -0.01331121 0.02054901 0.02442084
v -0.01311180 0.02052874 0.02442084
v -0.01128155 0.02346511 0.02442084
v -0.01291136 0.02052874 0.02442084
v -0.01271196 0.02054901 0.02442084
v -0.01103292 0.02250486 0.02442084
v -0.01104307 0.02270503 0.02442084
v -0.01107342 0.02290316 0.02442084
v -0.01138757 0.02363520 0.02442084
v -0.01151026 0.02379370 0.02442084
v -0.01350754 0.02442036 0.02442084
v -0.01369878 0.02436035 0.02442084
v -0.01496491 0.02280410 0.02442084
v -0.01467140 0.02353943 0.02442084
v -0.01499024 0.02250486 0.02442084
v -0.01489950 0.02309719 0.02442084
v -0.01478847 0.02251717 0.02442084
v 0.01389480 0.02428131 0.02358772
v 0.01105491 0.02230468 0.02358772
v 0.01104476 0.02250486 0.02358772
v 0.01371062 0.02064936 0.02358772
v 0.01252747 0.02058936 0.02358772
v 0.01215203 0.02072841 0.02358772
v 0.01407006 0.02418403 0.02358772
v 0.01266583 0.02268027 0.02358772
v 0.01166019 0.02107073 0.02358772
v 0.01496157 0.02290316 0.02358772
v 0.01491133 0.02309719 0.02358772
v 0.01484173 0.02328516 0.02358772
v 0.01197677 0.02082568 0.02358772
v 0.01108526 0.02290316 0.02358772
v 0.01113550 0.02309719 0.02358772
v 0.01120512 0.02328516 0.02358772
v 0.01129339 0.02346511 0.02358772
v 0.01139941 0.02363520 0.02358772
v 0.01152210 0.02379370 0.02358772
v 0.01197677 0.02418403 0.02358772
v 0.01215203 0.02428131 0.02358772
v 0.01233622 0.02436035 0.02358772
v 0.01252747 0.02442036 0.02358772
v 0.01272380 0.02446070 0.02358772
v 0.01292320 0.02448098 0.02358772
v 0.01312364 0.02448098 0.02358772
v 0.01332305 0.02446070 0.02358772
v 0.01464744 0.02363520 0.02358772
v 0.01475345 0.02346511 0.02358772
v 0.01499193 0.02270503 0.02358772
v 0.01500208 0.02250486 0.02358772
v 0.01499193 0.02230468 0.02358772
v 0.01351938 0.02058936 0.02358772
v 0.01332305 0.02054901 0.02358772
v 0.01312364 0.02052874 0.02358772
v 0.01484173 0.02172456 0.02358772
v 0.01475345 0.02154461 0.02358772
v 0.01423457 0.02094018 0.02358772
v 0.01292320 0.02052874 0.02358772
v 0.01272380 0.02054901 0.02358772
v 0.01496157 0.02210655 0.02358772
v 0.01491133 0.02191252 0.02358772
v 0.01499193 0.02230468 0.02442084
v 0.01499701 0.02260495 0.02400428
v 0.01492389 0.02304869 0.02421256
v 0.01484173 0.02328516 0.02442084
v 0.01332305 0.02446070 0.02442084
v 0.01312364 0.02448098 0.02442084
v 0.01155662 0.02383002 0.02400428
v 0.01139941 0.02363520 0.02442084
v 0.01129339 0.02346511 0.02442084
v 0.01113550 0.02309719 0.02442084
v 0.01105491 0.02270503 0.02358772
v 0.01107008 0.02280410 0.02442084
v 0.01104476 0.02250486 0.02442084
v 0.01105491 0.02230468 0.02400428
v 0.01262563 0.02056919 0.02442084
v 0.01302342 0.02052874 0.02400428
v 0.01491133 0.02191252 0.02442084
v 0.01496157 0.02210655 0.02442084
v 0.01152595 0.02322522 0.02442084
v 0.01224413 0.02068888 0.02442084
v 0.01292688 0.02157756 0.02442084
v 0.01129339 0.02154461 0.02442084
v 0.01438665 0.02393898 0.02442084
v 0.01407006 0.02418403 0.02442084
v 0.01389480 0.02428131 0.02442084
v 0.01371062 0.02436035 0.02442084
v 0.01351938 0.02442036 0.02442084
v 0.01491133 0.02309719 0.02442084
v 0.01475345 0.02346511 0.02442084
v 0.01105491 0.02230468 0.02442084
v 0.01108526 0.02210655 0.02442084
v 0.01152210 0.02121601 0.02442084
v 0.01166019 0.02107073 0.02442084
v 0.01252747 0.02058936 0.02442084
v 0.01272380 0.02054901 0.02442084
v 0.01292320 0.02052874 0.02442084
v 0.01423457 0.02094018 0.02442084
v 0.01438665 0.02107073 0.02442084
v 0.01475345 0.02154461 0.02442084
v 0.01484173 0.02172456 0.02442084
v 0.01464744 0.02363520 0.02442084
v 0.01452475 0.02379370 0.02442084
v 0.01292320 0.02448098 0.02442084
v 0.01120512 0.02328516 0.02442084
v 0.01108526 0.02290316 0.02442084
v 0.01105491 0.02270503 0.02442084
v 0.01113550 0.02191252 0.02442084
v 0.01120512 0.02172456 0.02442084
v 0.01312364 0.02052874 0.02442084
v 0.01332305 0.02054901 0.02442084
v 0.01452475 0.02121601 0.02442084
v 0.01464744 0.02137451 0.02442084
v 0.01500208 0.02250486 0.02442084
v 0.01499193 0.02270503 0.02442084
v 0.01496157 0.02290316 0.02442084
v 0.01272380 0.02446070 0.02442084
v 0.01252747 0.02442036 0.02442084
v 0.01233622 0.02436035 0.02442084
v 0.01215203 0.02428131 0.02442084
v 0.01197677 0.02418403 0.02442084
v 0.02027939 -0.02448563 0.02358771
v 0.01847695 -0.02496860 0.02358771
v 0.01846822 -0.02025370 0.02358771
v 0.01929039 -0.01983275 0.02358771
v 0.01744734 -0.02463406 0.02358771
v 0.01955362 -0.02485543 0.02358771
v 0.02068387 -0.02412144 0.02358771
v 0.02085537 -0.02390966 0.02358771
v 0.02100379 -0.02368111 0.02358771
v 0.02135259 -0.02237936 0.02358771
v 0.02133834 -0.02265150 0.02358771
v 0.02129570 -0.02292066 0.02358771
v 0.02107553 -0.02134356 0.02358771
v 0.02068387 -0.02063728 0.02358771
v 0.01888516 -0.01978299 0.02358771
v 0.01847695 -0.01979013 0.02358771
v 0.02112750 -0.02343830 0.02358771
v 0.02122517 -0.02318388 0.02358771
v 0.02122517 -0.02157484 0.02358771
v 0.02112750 -0.02132042 0.02358771
v 0.02100379 -0.02107761 0.02358771
v 0.02133834 -0.02210722 0.02358771
v 0.01658343 -0.02321068 0.02358771
v 0.01637068 -0.02132042 0.02358771
v 0.01649440 -0.02107761 0.02358771
v 0.01980803 -0.02475777 0.02358771
v 0.02005084 -0.02463406 0.02358771
v 0.01615272 -0.02251543 0.02358771
v 0.01820779 -0.01983275 0.02358771
v 0.01794457 -0.01990328 0.02358771
v 0.01769015 -0.02000095 0.02358771
v 0.01744734 -0.02012467 0.02358771
v 0.01721880 -0.02027309 0.02358771
v 0.01681431 -0.02063728 0.02358771
v 0.01664282 -0.02084906 0.02358771
v 0.01681431 -0.02412144 0.02358771
v 0.01980803 -0.02000095 0.02098421
v 0.02126043 -0.02170645 0.02098421
v 0.01942200 -0.01986802 0.02098421
v 0.02049118 -0.02431413 0.02098421
v 0.01632185 -0.02144763 0.02098421
v 0.02049118 -0.02044458 0.02098421
v 0.02133834 -0.02210722 0.02098421
v 0.02135259 -0.02237936 0.02098421
v 0.02133834 -0.02265150 0.02098421
v 0.02027939 -0.02448563 0.02098421
v 0.02005084 -0.02463406 0.02098421
v 0.01874909 -0.02498286 0.02098421
v 0.01929039 -0.02492597 0.02098421
v 0.01847695 -0.02496860 0.02098421
v 0.01820779 -0.02492597 0.02098421
v 0.01794457 -0.02485543 0.02098421
v 0.01820779 -0.01983275 0.02098421
v 0.01847695 -0.01979013 0.02098421
v 0.01874909 -0.01977586 0.02098421
v 0.02100379 -0.02107761 0.02098421
v 0.02112750 -0.02132042 0.02098421
v 0.02104027 -0.02354677 0.02098421
v 0.02129570 -0.02292066 0.02098421
v 0.02068387 -0.02412144 0.02098421
v 0.01980803 -0.02475777 0.02098421
v 0.01955362 -0.02485543 0.02098421
v 0.01769015 -0.02475777 0.02098421
v 0.01744734 -0.02463406 0.02098421
v 0.01649440 -0.02107761 0.02098421
v 0.01664282 -0.02084906 0.02098421
v 0.01681431 -0.02063728 0.02098421
v 0.01744734 -0.02012467 0.02098421
v 0.01769015 -0.02000095 0.02098421
v 0.01794457 -0.01990328 0.02098421
v 0.01681431 -0.02412144 0.02098421
v 0.01615985 -0.02210722 0.02098421
v 0.01640133 -0.02328058 0.02098421
v 0.01620248 -0.02292066 0.02098421
v 0.01637068 -0.02343830 0.02098421
v 0.01627302 -0.02318388 0.02098421
v 0.01700701 -0.02044458 0.02098421
v 0.01721880 -0.02027309 0.02098421
v 0.01614559 -0.02237936 0.02098421
v 0.02133834 -0.02265150 0.02228596
v 0.02089247 -0.02090620 0.02293684
v 0.02049118 -0.02044458 0.02228596
v 0.01627302 -0.02157484 0.02358771
v 0.01620248 -0.02183806 0.02358771
v 0.01615985 -0.02210722 0.02358771
v 0.01614559 -0.02237936 0.02358771
v 0.01615985 -0.02265150 0.02098421
v 0.01615985 -0.02265150 0.02358771
v 0.01620248 -0.02292066 0.02358771
v 0.01632185 -0.02331109 0.02228596
v 0.01769306 -0.02475126 0.02293684
v 0.01834237 -0.02494728 0.02228596
v 0.02019368 -0.02454129 0.02293684
v 0.02058752 -0.02421779 0.02228596
v 0.02106565 -0.02355970 0.02293684
v 0.02122517 -0.02318388 0.02098421
v 0.01867655 -0.02110081 0.02358771
v 0.02011233 -0.02381348 0.02358771
v 0.01961601 -0.02414670 0.02358771
v 0.01693079 -0.02315966 0.02358771
v 0.01693079 -0.02159907 0.02358771
v 0.01738586 -0.02094524 0.02358771
v 0.01753794 -0.02081469 0.02358771
v 0.01770245 -0.02070018 0.02358771
v 0.01787770 -0.02060291 0.02358771
v 0.01806189 -0.02052387 0.02358771
v 0.01825314 -0.02046386 0.02358771
v 0.02047913 -0.02141911 0.02358771
v 0.01844947 -0.02042351 0.02358771
v 0.01864888 -0.02040324 0.02358771
v 0.01884932 -0.02040324 0.02358771
v 0.02025042 -0.02366821 0.02358771
v 0.01849145 -0.02409137 0.02358771
v 0.01799371 -0.02413962 0.02358771
v 0.01724777 -0.02366821 0.02358771
v 0.01904871 -0.02042351 0.02358771
v 0.01924505 -0.02046386 0.02358771
v 0.01943629 -0.02052387 0.02358771
v 0.01962048 -0.02060291 0.02358771
v 0.01979573 -0.02070018 0.02358771
v 0.01712508 -0.02350970 0.02358771
v 0.02068725 -0.02198105 0.02358771
v 0.02049676 -0.02329216 0.02358771
v 0.02072775 -0.02237936 0.02358771
v 0.01686117 -0.02297170 0.02358771
v 0.02063700 -0.02178702 0.02358771
v 0.01681094 -0.02277766 0.02358771
v 0.01678059 -0.02257954 0.02358771
v 0.02071760 -0.02257954 0.02358771
v 0.02068725 -0.02277766 0.02358771
v 0.02063700 -0.02297170 0.02358771
v 0.02063217 -0.02178854 0.02421255
v 0.02039961 -0.02129154 0.02421255
v 0.01806189 -0.02052387 0.02442083
v 0.01787770 -0.02060291 0.02442083
v 0.01762020 -0.02075744 0.02421255
v 0.01702350 -0.02142158 0.02421255
v 0.01686117 -0.02178702 0.02358771
v 0.01682350 -0.02193255 0.02421255
v 0.01735134 -0.02377716 0.02421255
v 0.01753794 -0.02394404 0.02442083
v 0.01770245 -0.02405854 0.02442083
v 0.02037310 -0.02350970 0.02442083
v 0.02047913 -0.02333961 0.02442083
v 0.02056740 -0.02315966 0.02400427
v 0.02018137 -0.02101788 0.02442083
v 0.01722095 -0.02113345 0.02442083
v 0.02031176 -0.02358896 0.02442083
v 0.02059836 -0.02295957 0.02442083
v 0.01887803 -0.02351116 0.02442083
v 0.02011233 -0.02381348 0.02442083
v 0.02047913 -0.02141911 0.02442083
v 0.01996024 -0.02081469 0.02442083
v 0.01979573 -0.02070018 0.02442083
v 0.01962048 -0.02060291 0.02442083
v 0.01943629 -0.02052387 0.02442083
v 0.01924505 -0.02046386 0.02442083
v 0.01904871 -0.02042352 0.02442083
v 0.01844947 -0.02042352 0.02442083
v 0.01825314 -0.02046386 0.02442083
v 0.01770245 -0.02070018 0.02442083
v 0.01753794 -0.02081469 0.02442083
v 0.01686117 -0.02178702 0.02442083
v 0.01884932 -0.02435548 0.02442083
v 0.01783397 -0.02384755 0.02442083
v 0.01884932 -0.02040324 0.02442083
v 0.01864888 -0.02040324 0.02442083
v 0.01718642 -0.02358896 0.02442083
v 0.01677043 -0.02237936 0.02442083
v 0.01844947 -0.02433520 0.02442083
v 0.02068725 -0.02277766 0.02442083
v 0.02063700 -0.02297170 0.02442083
v 0.02072775 -0.02237936 0.02442083
v 0.02071760 -0.02217918 0.02442083
v 0.02068725 -0.02198105 0.02442083
v 0.02063700 -0.02178702 0.02442083
v 0.02056740 -0.02159907 0.02442083
v 0.01681094 -0.02277766 0.02442083
v 0.01686117 -0.02297170 0.02442083
v 0.01806189 -0.02423485 0.02442083
v 0.01787770 -0.02415581 0.02442083
v 0.01904871 -0.02433520 0.02442083
v 0.01693079 -0.02315966 0.02442083
v -0.02414963 -0.01800500 0.02358771
v -0.02320272 -0.01700884 0.02358771
v -0.02110258 -0.01936069 0.02358771
v -0.02183537 -0.01686979 0.02358771
v -0.02430491 -0.01868520 0.02358771
v -0.02301853 -0.01692980 0.02358771
v -0.02426949 -0.01838699 0.02358771
v -0.02421924 -0.01819295 0.02358771
v -0.02282728 -0.01686979 0.02358771
v -0.02263095 -0.01682945 0.02358771
v -0.02243154 -0.01680917 0.02358771
v -0.02223110 -0.01680917 0.02358771
v -0.02203171 -0.01682945 0.02358771
v -0.02128469 -0.01710612 0.02358771
v -0.02083000 -0.01749644 0.02358771
v -0.02084246 -0.01786106 0.02358771
v -0.02301853 -0.02064078 0.02358771
v -0.02282728 -0.02070079 0.02358771
v -0.02263095 -0.02074113 0.02358771
v -0.02055716 -0.01887527 0.02358771
v -0.02045309 -0.01897629 0.02358771
v -0.02223110 -0.02076141 0.02358771
v -0.02164413 -0.02064078 0.02358771
v -0.02183537 -0.02070079 0.02358771
v -0.02354247 -0.02034996 0.02358771
v -0.02369456 -0.02021941 0.02358771
v -0.02383265 -0.02007414 0.02358771
v -0.02395534 -0.01991563 0.02358771
v -0.02406136 -0.01974553 0.02358771
v -0.02414963 -0.01956559 0.02358771
v -0.02421924 -0.01937763 0.02358771
v -0.02044340 -0.01819295 0.02358771
v -0.02243154 -0.02076141 0.02358771
v -0.02320272 -0.02056174 0.02358771
v -0.02337796 -0.02046447 0.02358771
v -0.02426949 -0.01918359 0.02358771
v -0.02429983 -0.01898547 0.02358771
v -0.02112018 -0.01722062 0.02358771
v -0.02096809 -0.01735117 0.02358771
v -0.02430237 -0.01893542 0.02400427
v -0.02426949 -0.01918359 0.02442083
v -0.02421924 -0.01937763 0.02400427
v -0.02104414 -0.02028469 0.02400427
v -0.02083000 -0.02007414 0.02358771
v -0.02076866 -0.01999489 0.02400427
v -0.02072009 -0.01990737 0.02442083
v -0.02164413 -0.01692980 0.02442083
v -0.02301853 -0.01692980 0.02442083
v -0.02395534 -0.01765494 0.02442083
v -0.02389399 -0.01999489 0.02442083
v -0.02145993 -0.01700884 0.02442083
v -0.02376360 -0.01742381 0.02442083
v -0.02096809 -0.02021941 0.02442083
v -0.02337796 -0.01710612 0.02442083
v -0.02354247 -0.01722062 0.02442083
v -0.02406136 -0.01782505 0.02442083
v -0.02414963 -0.01800500 0.02442083
v -0.02421924 -0.01819295 0.02442083
v -0.02282728 -0.02070079 0.02442083
v -0.02203171 -0.01682945 0.02442083
v -0.02223110 -0.01680917 0.02442083
v -0.02243154 -0.01680917 0.02442083
v -0.02263095 -0.01682945 0.02442083
v -0.02282728 -0.01686979 0.02442083
v -0.02426949 -0.01838699 0.02442083
v -0.02429983 -0.01858511 0.02442083
v -0.02430999 -0.01878529 0.02442083
v -0.02036282 -0.01898547 0.02442083
v -0.02039317 -0.01918359 0.02442083
v -0.02044340 -0.01937763 0.02442083
v -0.02035267 -0.01878529 0.02442083
v -0.02036282 -0.01858511 0.02442083
v -0.02039317 -0.01838699 0.02442083
v -0.02044340 -0.01819295 0.02442083
v -0.02051302 -0.01800500 0.02442083
v -0.02060129 -0.01782505 0.02442083
v -0.02429983 -0.01898547 0.02442083
v -0.02421924 -0.01937763 0.02442083
v -0.02369456 -0.02021941 0.02442083
v -0.02354247 -0.02034996 0.02442083
v -0.02337796 -0.02046447 0.02442083
v -0.02225834 -0.02072355 0.02442083
v -0.02223110 -0.02076141 0.02442083
v -0.02070732 -0.01765494 0.02442083
v -0.02083000 -0.01749644 0.02442083
v -0.02096809 -0.01735117 0.02442083
v -0.02414963 -0.01956559 0.02442083
v -0.02406136 -0.01974553 0.02442083
v -0.02320272 -0.02056174 0.02442083
v -0.02301853 -0.02064078 0.02442083
v -0.02243154 -0.02076141 0.02442083
v -0.02112018 -0.01722062 0.02442083
v -0.02128469 -0.01710612 0.02442083
v 0.01215749 0.02005998 0.02358772
v 0.01408236 0.02488327 0.02358772
v 0.01382795 0.02498093 0.02358772
v 0.01356471 0.02505147 0.02358772
v 0.01064500 0.02144592 0.02358772
v 0.01275127 0.01991561 0.02358772
v 0.01302342 0.01990136 0.02358772
v 0.01329556 0.01991561 0.02358772
v 0.01356471 0.01995825 0.02358772
v 0.01505768 0.02172814 0.02358772
v 0.01329556 0.02509410 0.02358772
v 0.01302342 0.02510836 0.02358772
v 0.01275127 0.02509410 0.02358772
v 0.01248212 0.02505147 0.02358772
v 0.01221889 0.02498093 0.02358772
v 0.01136660 0.02304319 0.02358772
v 0.01172167 0.02475955 0.02358772
v 0.01091714 0.02097456 0.02358772
v 0.01108865 0.02076278 0.02358772
v 0.01460603 0.02208080 0.02358772
v 0.01495820 0.02424693 0.02358772
v 0.01382795 0.02002878 0.02358772
v 0.01308056 0.02246775 0.02358772
v 0.01098916 0.02371949 0.02358772
v 0.01128134 0.02057008 0.02358772
v 0.01149312 0.02039858 0.02358772
v 0.01495820 0.02076278 0.02358772
v 0.01512970 0.02097456 0.02358772
v 0.01549950 0.02170033 0.02358772
v 0.01557003 0.02196356 0.02358772
v 0.01540183 0.02144592 0.02358772
v 0.01527812 0.02120311 0.02358772
v 0.01561266 0.02223272 0.02358772
v 0.01562692 0.02250486 0.02358772
v 0.01561266 0.02277699 0.02358772
v 0.01047682 0.02304616 0.02358772
v 0.01043418 0.02277699 0.02358772
v 0.01041992 0.02250486 0.02358772
v 0.01043418 0.02223272 0.02358772
v 0.01369633 0.01999352 0.02098422
v 0.01527812 0.02380661 0.02098422
v 0.01432517 0.02475955 0.02098422
v 0.01275127 0.01991561 0.02098422
v 0.01248212 0.01995825 0.02098422
v 0.01221889 0.02002878 0.02098422
v 0.01064500 0.02144592 0.02098422
v 0.01149312 0.02461113 0.02098422
v 0.01172167 0.02475955 0.02098422
v 0.01196447 0.02488327 0.02098422
v 0.01221889 0.02498093 0.02098422
v 0.01248212 0.02505147 0.02098422
v 0.01449239 0.02036724 0.02098422
v 0.01495820 0.02076278 0.02098422
v 0.01196447 0.02012645 0.02098422
v 0.01172167 0.02025015 0.02098422
v 0.01149312 0.02039858 0.02098422
v 0.01128134 0.02057008 0.02098422
v 0.01108865 0.02076278 0.02098422
v 0.01091714 0.02097456 0.02098422
v 0.01275127 0.02509410 0.02098422
v 0.01076872 0.02120311 0.02098422
v 0.01540183 0.02356379 0.02098422
v 0.01549950 0.02330938 0.02098422
v 0.01561266 0.02277699 0.02098422
v 0.01562692 0.02250486 0.02098422
v 0.01512970 0.02097456 0.02098422
v 0.01561266 0.02223272 0.02098422
v 0.01557003 0.02196356 0.02098422
v 0.01076872 0.02380661 0.02098422
v 0.01091714 0.02403515 0.02098422
v 0.01045550 0.02209814 0.02098422
v 0.01108865 0.02424693 0.02098422
v 0.01549950 0.02170033 0.02098422
v 0.01527812 0.02120311 0.02098422
v 0.01041992 0.02250486 0.02098422
v 0.01043418 0.02277699 0.02098422
v 0.01047682 0.02304616 0.02098422
v 0.01054735 0.02330938 0.02098422
v 0.01064500 0.02356379 0.02098422
v 0.01054735 0.02170033 0.02098422
v 0.01128134 0.02443963 0.02098422
v 0.01363052 0.02503383 0.02293684
v 0.01302342 0.02510836 0.02098422
v 0.01288735 0.02510123 0.02228597
v 0.01369633 0.01999351 0.02358772
v 0.01408236 0.02012645 0.02098422
v 0.01408236 0.02012644 0.02358772
v 0.01432517 0.02025015 0.02098422
v 0.01443945 0.02032437 0.02228597
v -0.01328372 0.01991561 0.02358772
v -0.01315792 0.02241424 0.02358772
v -0.01195264 0.02488327 0.02358772
v -0.01407052 0.02012644 0.02358772
v -0.01381611 0.02002878 0.02358772
v -0.01301158 0.01990136 0.02358772
v -0.01273944 0.01991561 0.02358772
v -0.01233867 0.01999351 0.02358772
v -0.01148128 0.02461113 0.02358772
v -0.01126950 0.02443963 0.02358772
v -0.01220706 0.02498093 0.02358772
v -0.01273944 0.02509410 0.02358772
v -0.01301158 0.02510836 0.02358772
v -0.01341830 0.02507278 0.02358772
v -0.01407052 0.02488327 0.02358772
v -0.01431333 0.02475955 0.02358772
v -0.01108740 0.02230262 0.02358772
v -0.01074957 0.02176989 0.02358772
v -0.01046497 0.02304616 0.02358772
v -0.01454188 0.02461113 0.02358772
v -0.01475366 0.02443963 0.02358772
v -0.01494636 0.02424693 0.02358772
v -0.01552292 0.02290712 0.02358772
v -0.01063317 0.02356379 0.02358772
v -0.01511786 0.02403515 0.02358772
v -0.01526628 0.02380661 0.02358772
v -0.01530276 0.02133745 0.02358772
v -0.01485001 0.02066643 0.02358772
v -0.01454188 0.02039858 0.02358772
v -0.01107680 0.02424693 0.02358772
v -0.01560082 0.02277699 0.02358772
v -0.01561508 0.02250486 0.02358772
v -0.01560082 0.02223272 0.02358772
v -0.01053551 0.02330938 0.02358772
v -0.01148128 0.02461113 0.02098422
v -0.01195264 0.02012645 0.02098422
v -0.01328372 0.01991561 0.02098422
v -0.01355288 0.01995825 0.02098422
v -0.01170983 0.02475955 0.02098422
v -0.01381611 0.02002878 0.02098422
v -0.01301158 0.02510836 0.02098422
v -0.01273944 0.02509410 0.02098422
v -0.01247028 0.02505147 0.02098422
v -0.01220706 0.02498093 0.02098422
v -0.01220706 0.02002878 0.02098422
v -0.01247028 0.01995825 0.02098422
v -0.01273944 0.01991561 0.02098422
v -0.01301158 0.01990136 0.02098422
v -0.01346576 0.02487412 0.02098422
v -0.01407052 0.02012645 0.02098422
v -0.01511786 0.02403515 0.02098422
v -0.01494636 0.02424693 0.02098422
v -0.01475366 0.02443963 0.02098422
v -0.01454188 0.02461113 0.02098422
v -0.01148128 0.02039858 0.02098422
v -0.01170983 0.02025015 0.02098422
v -0.01464777 0.02048433 0.02098422
v -0.01539000 0.02250486 0.02098422
v -0.01555819 0.02196356 0.02098422
v -0.01560082 0.02223272 0.02098422
v -0.01561508 0.02250486 0.02098422
v -0.01526628 0.02380661 0.02098422
v -0.01560082 0.02277699 0.02098422
v -0.01552292 0.02317777 0.02098422
v -0.01126950 0.02443963 0.02098422
v -0.01075688 0.02380661 0.02098422
v -0.01063317 0.02356379 0.02098422
v -0.01046497 0.02304616 0.02098422
v -0.01107680 0.02076278 0.02098422
v -0.01053551 0.02330938 0.02098422
v -0.01044366 0.02209814 0.02098422
v -0.01075688 0.02120311 0.02098422
v -0.01091108 0.02403096 0.02293684
v -0.01137539 0.02452538 0.02228597
v -0.01328372 0.02509410 0.02358772
v -0.01355288 0.02505147 0.02098422
v -0.01355288 0.02505147 0.02358772
v -0.01381611 0.02498093 0.02228597
v -0.01503211 0.02086867 0.02228597
v -0.01475366 0.02057008 0.02098422
v -0.01454188 0.02039858 0.02098422
v -0.01464777 0.02048433 0.02358772
v -0.01431333 0.02025015 0.02098422
v -0.01419193 0.02018830 0.02228597
v -0.01207985 0.02007761 0.02293684
v -0.01159556 0.02032437 0.02098422
v -0.01170983 0.02025015 0.02358772
v -0.01148128 0.02039858 0.02358772
v -0.01126950 0.02057008 0.02098422
v -0.03257584 0.00522657 0.02098421
v -0.03253371 0.00502863 0.02098421
v -0.03256412 0.00507727 0.02029705
v -0.03225658 0.00465070 0.02066613
v -0.03207126 0.00457790 0.02098421
v -0.03230191 0.00470014 0.02098421
v -0.03239789 0.00479560 0.02098421
v -0.03247594 0.00490621 0.02098421
v -0.03169302 0.00607307 0.02098421
v -0.03227913 0.00590704 0.02098421
v -0.03212960 0.00603716 0.02056269
v -0.03251798 0.00558881 0.02098421
v -0.03249616 0.00567016 0.02026710
v -0.03251980 0.00560549 0.01754759
v -0.03257142 0.00542890 0.01754759
v -0.03258031 0.00524514 0.01754759
v -0.00644128 0.03296243 0.01754760
v -0.00131148 0.03294397 0.01754760
v -0.00262220 0.03391010 0.01754760
v 0.00665352 0.03273567 0.01754760
v 0.00782765 0.03310122 0.01754760
v 0.01219643 0.03063700 0.01754760
v 0.01119403 0.03212131 0.01754760
v 0.01533109 0.02919752 0.01754760
v 0.01444181 0.03080047 0.01754760
v 0.01829845 0.02743879 0.01754760
v 0.01753656 0.02915269 0.01754760
v 0.02075578 0.02628774 0.01754760
v 0.03370583 0.00161464 0.01754759
v 0.03295517 -0.00208268 0.01754759
v 0.03387921 -0.00354356 0.01754759
v 0.03256239 -0.00550963 0.01754759
v 0.03244675 -0.01039837 0.01754759
v 0.03181416 -0.00887689 0.01754759
v 0.03096431 -0.01291339 0.01754759
v 0.00493877 -0.03268387 0.01754759
v 0.00437837 -0.03381401 0.01754759
v 0.00150585 -0.03302040 0.01754759
v 0.00088273 -0.03408460 0.01754759
v -0.00194346 -0.03299689 0.01754759
v -0.00262220 -0.03399433 0.01754759
v -0.00573538 -0.03307887 0.01754759
v -0.01936555 -0.02699574 0.01754759
v -0.02438177 -0.02380975 0.01754759
v -0.02346384 -0.02325823 0.01754759
v -0.02622727 -0.02092938 0.01754759
v -0.02777129 -0.01788151 0.01754759
v -0.02872783 -0.01831865 0.01754759
v -0.02948111 -0.01488571 0.01754759
v -0.03045475 -0.01526735 0.01754759
v -0.03086900 -0.01172786 0.01754759
v -0.03185877 -0.01205466 0.01754759
v -0.03191981 -0.00844243 0.01754759
v -0.03292503 -0.00871463 0.01754759
v -0.03262206 -0.00506528 0.01754759
v -0.03330515 -0.00345798 0.01754759
v -0.01304230 -0.01175945 0.01213232
v -0.01783497 0.00246526 0.01213232
v -0.01651770 0.00427772 0.01213232
v -0.01731239 0.00492383 0.01213232
v -0.01571264 0.00663755 0.01213232
v -0.01056897 0.01360694 0.01213232
v -0.00724336 0.01542199 0.01213232
v -0.00789187 0.01615075 0.01213232
v -0.00491452 0.01631270 0.01213232
v -0.00402110 0.01697359 0.01213232
v 0.01031241 0.01377943 0.01213232
v 0.01296571 0.01247300 0.01213232
v 0.01313361 0.01088284 0.01213232
v 0.01458287 0.00970128 0.01213232
v 0.01579792 -0.00760209 0.01213232
v 0.01389606 -0.00997966 0.01213232
v 0.01458135 -0.01063178 0.01213232
v 0.01230112 -0.01189618 0.01213232
v 0.01296571 -0.01255724 0.01213232
v 0.01044413 -0.01356005 0.01213232
v 0.01109781 -0.01423909 0.01213232
v 0.00836467 -0.01493582 0.01213232
v 0.00901403 -0.01564462 0.01213232
v 0.00610705 -0.01599414 0.01213232
v 0.00523716 -0.01672947 0.01213232
v -0.00062284 -0.01804736 0.01213232
v -0.00312257 -0.01778463 0.01213232
v -0.00609521 -0.01599414 0.01213232
v -0.00672664 -0.01670577 0.01213232
v -0.00835283 -0.01493582 0.01213232
v -0.01025046 -0.01426915 0.01213232
v -0.01204929 -0.01343077 0.01213232
v -0.01792923 0.00339760 0.01234530
v -0.01740260 0.00365818 0.01213232
v -0.01613724 0.00854134 0.01233417
v -0.01224287 0.01356154 0.01236246
v -0.00889280 0.01537091 0.01213232
v -0.00717169 0.01675024 0.01234530
v -0.00111725 0.01825807 0.01234564
v -0.00187270 0.01783177 0.01213232
v 0.00530148 0.01743525 0.01234530
v 0.00550563 0.01688424 0.01213232
v 0.01022973 0.01511542 0.01233417
v 0.01481538 0.01071762 0.01236246
v 0.01626468 0.00719675 0.01213232
v 0.01745655 0.00534091 0.01234530
v 0.01828533 0.00022410 0.01233945
v 0.01765744 -0.00472455 0.01234530
v 0.01609719 -0.00859801 0.01234060
v 0.01763014 -0.00251904 0.01213232
v 0.01317381 -0.01275820 0.01236246
v 0.00833742 -0.01629288 0.01234530
v 0.00441483 -0.01772527 0.01234060
v 0.00995812 -0.01479685 0.01213232
v -0.00063288 -0.01833649 0.01236246
v -0.00649598 -0.01710748 0.01234530
v -0.01018511 -0.01515090 0.01234060
v -0.00429967 -0.01731089 0.01213232
v -0.01401692 -0.01180868 0.01236246
v -0.01702671 -0.00662929 0.01234530
v -0.01818256 -0.00167925 0.01234530
v -0.01570828 -0.00839750 0.01213232
v 0.03387921 0.00345933 0.01754759
v 0.03405969 -0.00004212 0.01317372
v 0.03405969 -0.00004212 0.01754759
v 0.03387921 -0.00354356 0.01317372
v -0.00948640 -0.03265220 0.01645412
v -0.01599857 -0.03010066 0.01317372
v -0.01825293 -0.02874698 0.01645412
v -0.03346292 -0.00614066 0.01536066
v -0.03400271 -0.00179516 0.01754759
v -0.03400271 0.00171093 0.01317372
v -0.03400271 0.00171093 0.01754759
v -0.03364221 0.00519844 0.01317372
v -0.03364221 0.00519844 0.01754759
v -0.03292503 0.00863040 0.01536066
v 0.00263055 0.03386508 0.01754760
v 0.00782765 0.03310122 0.01317372
v 0.01119403 0.03212131 0.01317372
v 0.02436127 0.02369401 0.01426719
v 0.02776071 0.01968936 0.01317372
v 0.02776071 0.01968936 0.01754760
v 0.02964242 0.01673101 0.01317372
v 0.03042620 0.01516293 0.01536066
v 0.03311642 0.00777128 0.01536066
v -0.03083411 0.01138356 0.01754759
v -0.03031156 0.01360770 0.02042012
v -0.02639107 0.01970735 0.01754760
v -0.01530502 0.02906508 0.01754760
v -0.02153132 0.02526476 0.02024830
v -0.00643765 0.03228935 0.01754760
v -0.00938186 0.03183511 0.02025842
v 0.00591605 0.03200569 0.01754760
v 0.00072682 0.03300195 0.02022932
v 0.01111326 0.03127744 0.02025842
v 0.01957485 0.02626503 0.01754760
v 0.02287404 0.02406881 0.02025841
v 0.02857125 0.01605233 0.01754760
v 0.03069437 0.01270570 0.02025841
v 0.03264556 0.00306642 0.01754759
v 0.03322667 -0.00085983 0.02025615
v 0.03109576 -0.01045513 0.01754759
v 0.02651180 -0.01964520 0.01754759
v 0.01717568 -0.02774033 0.01754759
v 0.02781191 -0.01911022 0.02027884
v 0.01283860 -0.03069518 0.02025841
v 0.00662832 -0.03233741 0.01754759
v 0.00062647 -0.03270204 0.02063959
v -0.00449980 -0.03262051 0.01754759
v -0.00026564 -0.03248500 0.02083420
v -0.01358591 -0.03007717 0.01754759
v -0.01092793 -0.03142266 0.02025841
v -0.01952374 -0.02660215 0.01754759
v -0.02511429 -0.02127013 0.01754759
v -0.02133642 -0.02537777 0.02024761
v -0.03043776 -0.01248543 0.01754759
v -0.03090166 -0.01303087 0.02026854
v -0.03279507 -0.00334929 0.01754759
v -0.03295413 0.00181606 0.01754759
v -0.03304237 0.00055851 0.02028084
v -0.03228581 0.00517508 0.02098421
v -0.03104468 0.00510516 0.02098421
v -0.03145424 0.00599932 0.02098421
v -0.03112374 0.00568261 0.02098421
v -0.03108855 0.00497980 0.02098421
v -0.03257142 0.00542890 0.02098421
v -0.03253751 0.00555996 0.02098421
v -0.03248149 0.00568319 0.02098421
v -0.03240503 0.00579490 0.02098421
v -0.03134069 0.00593042 0.02098421
v -0.03124045 0.00584328 0.02098421
v -0.03115304 0.00486368 0.02098421
v -0.03123625 0.00476016 0.02098421
v -0.03133582 0.00467225 0.02098421
v -0.03256950 0.00515918 0.02098421
v -0.03258219 0.00529396 0.02098421
v -0.03231043 0.00589173 0.02098421
v -0.03194839 0.00606659 0.02098421
v -0.03144883 0.00460247 0.02098421
v -0.03157204 0.00455285 0.02098421
v -0.03170188 0.00452483 0.02098421
v -0.02576261 0.01088650 0.02442084
v -0.02494461 0.01215756 0.02442084
v -0.02860678 0.01151182 0.02442084
v -0.02840895 0.01122929 0.02442084
v -0.02816506 0.01098541 0.02442084
v -0.02788254 0.01078758 0.02442084
v -0.02491455 0.01250115 0.02442084
v -0.02494461 0.01284475 0.02442084
v -0.02503387 0.01317789 0.02442084
v -0.02517964 0.01349048 0.02442084
v -0.02788254 0.01421472 0.02442084
v -0.02858074 0.01347545 0.02442084
v -0.02887187 0.01250115 0.02442084
v -0.02884180 0.01215756 0.02442084
v -0.02756995 0.01064182 0.02442084
v -0.02723680 0.01055255 0.02442084
v -0.02689320 0.01052249 0.02442084
v -0.02654962 0.01055255 0.02442084
v -0.02621647 0.01064182 0.02442084
v -0.00123744 0.01694584 0.01213232
v -0.00423524 0.01638796 0.01234717
v -0.00607894 0.01586735 0.01213232
v -0.01078466 0.01305407 0.01234678
v -0.01040445 0.01343976 0.01213232
v -0.01500187 0.00780024 0.01234448
v -0.01384717 0.00986892 0.01213232
v -0.01611517 0.00545763 0.01213232
v -0.01679335 0.00211646 0.01233698
v -0.01701612 0.00057998 0.01213232
v -0.01629015 -0.00477383 0.01234698
v -0.01647362 -0.00435043 0.01213232
v -0.01380473 -0.00974192 0.01232890
v -0.01453367 -0.00891550 0.01213232
v -0.01169230 -0.01226361 0.01232319
v -0.01136079 -0.01272812 0.01213232
v -0.00666827 -0.01566554 0.01232683
v -0.00722402 -0.01546498 0.01213232
v -0.00020742 -0.01697966 0.01233980
v -0.00247416 -0.01689400 0.01213232
v 0.00248600 -0.01689400 0.01213232
v 0.00600431 -0.01589105 0.01232560
v 0.00723586 -0.01546498 0.01213232
v 0.01079198 -0.01307637 0.01232205
v 0.01137263 -0.01272812 0.01213232
v 0.01407292 -0.00944175 0.01232183
v 0.01454551 -0.00891550 0.01213232
v 0.01617562 -0.00501947 0.01232173
v 0.01648545 -0.00435043 0.01213232
v 0.01699403 0.00095908 0.01231440
v 0.01707349 -0.00066587 0.01213232
v 0.01675598 0.00305178 0.01213232
v 0.01522850 0.00728591 0.01234815
v 0.01515443 0.00774627 0.01213232
v 0.01248194 0.01135104 0.01234707
v 0.01226832 0.01178033 0.01213232
v 0.00929933 0.01403340 0.01234523
v 0.00606257 0.01576834 0.01234647
v 0.00834237 0.01481185 0.01213232
v 0.00370949 0.01658377 0.01213232
v 0.00143885 0.01677961 0.01233624
v 0.01814174 0.00122606 0.01942211
v 0.01605800 0.00849293 0.01942211
v 0.01308359 0.01258685 0.01942212
v 0.00675003 0.01665014 0.01942212
v -0.00062856 0.01812692 0.01942212
v -0.00788616 0.01613903 0.01942212
v -0.01392085 0.01164383 0.01942212
v -0.01729985 0.00492023 0.01942211
v -0.01644081 -0.00736467 0.01942211
v -0.00555737 -0.01716416 0.01942211
v 0.00900751 -0.01563333 0.01942211
v 0.01708963 -0.00626008 0.01942211
v -0.01804698 -0.00668087 0.02047256
v -0.01215182 0.01471123 0.01942212
v -0.00755547 0.01758630 0.02030298
v -0.01077438 0.01583571 0.02034388
v -0.01327497 0.01378267 0.02025641
v -0.01867702 0.00427262 0.02018533
v -0.01750109 0.00778518 0.02038213
v -0.01851908 0.00020877 0.01942211
v -0.01910520 -0.00173893 0.01983511
v -0.01702975 -0.00889989 0.02016620
v -0.01274482 -0.01374753 0.01942211
v -0.01401858 -0.01311086 0.02018187
v -0.01035783 -0.01618460 0.02039611
v -0.00404265 -0.01877073 0.02029397
v -0.00256654 -0.01880678 0.01942211
v 0.00760389 -0.01758472 0.01942211
v 0.00213494 -0.01909859 0.02019514
v 0.00633947 -0.01819909 0.02049944
v 0.01294863 -0.01417147 0.02029390
v 0.01715343 -0.00755095 0.01942211
v 0.01670765 -0.00948842 0.02042863
v 0.01868025 -0.00439499 0.02028698
v 0.01901697 0.00235227 0.02029387
v 0.01856725 0.00372710 0.01942211
v 0.01405480 0.01292325 0.01942212
v 0.01727659 0.00828963 0.02020498
v 0.01503249 0.01195779 0.02050081
v 0.01038781 0.01612619 0.02053159
v 0.00767292 0.01727686 0.01942212
v 0.00146381 0.01906410 0.01942212
v 0.00174899 0.01911108 0.02014826
v -0.03421857 -0.00355667 0.01317372
v -0.00741892 0.03359551 0.01317372
v -0.00262220 0.03391010 0.01317372
v 0.00000592 0.03480001 0.01317372
v 0.00088273 0.03400037 0.01317372
v 0.00437837 0.03372978 0.01317372
v 0.00528877 0.03444248 0.01317372
v 0.01945266 0.02837995 0.01317372
v 0.02136039 0.02754560 0.01317372
v 0.02313774 0.02494945 0.01317372
v 0.02404184 0.02524366 0.01317372
v 0.02558480 0.02243856 0.01317372
v 0.02647664 0.02268225 0.01317372
v 0.02820025 0.01978851 0.01317372
v 0.03182836 0.01195450 0.01317372
v 0.03333965 0.00692366 0.01317372
v 0.03417868 0.00698057 0.01317372
v 0.03387921 0.00345933 0.01317372
v 0.01921975 -0.02834584 0.01317372
v 0.01845983 -0.02964868 0.01317372
v 0.01444181 -0.03088470 0.01317372
v 0.01536990 -0.03136373 0.01317372
v 0.01212232 -0.03275738 0.01317372
v 0.00782765 -0.03318545 0.01317372
v 0.00701959 -0.03417102 0.01317372
v 0.00437837 -0.03381401 0.01317372
v 0.00088273 -0.03408460 0.01317372
v 0.00177291 -0.03488424 0.01317372
v -0.01282309 -0.03158695 0.01317372
v -0.01211049 -0.03275738 0.01317372
v -0.01567832 -0.03073220 0.01317372
v -0.02524740 -0.02404718 0.01317372
v -0.02872783 -0.01831865 0.01317372
v -0.02862797 -0.01997189 0.01317372
v -0.03049733 -0.01697279 0.01317372
v -0.03115676 -0.01366100 0.01317372
v -0.03205367 -0.01379997 0.01317372
v -0.03310304 -0.00960030 0.01317372
v -0.03364221 -0.00528267 0.01317372
v -0.03183457 0.00451921 0.02110207
v -0.03150595 0.00602489 0.02117700
v -0.03139530 0.00596686 0.02129664
v 0.00061464 0.03204361 0.02117625
v 0.00017895 0.03213388 0.02109136
v -0.00042615 0.03209957 0.02112398
v -0.00060284 -0.03212783 0.02117626
v 0.00061507 -0.03212770 0.02117655
v -0.03176034 -0.00324496 0.02129664
v -0.03040386 -0.00976833 0.02129664
v -0.02855092 -0.01441746 0.02129663
v -0.02432186 -0.02060047 0.02129663
v -0.01890767 -0.02576429 0.02129663
v -0.01315715 -0.02912970 0.02129663
v -0.00090318 -0.03200017 0.02129663
v 0.00882983 -0.03064645 0.02129663
v 0.01856708 -0.02601974 0.02129663
v 0.02242668 -0.02283363 0.02129663
v 0.02567566 -0.01902681 0.02129663
v 0.02836412 -0.01480543 0.02129663
v 0.02974980 -0.01176581 0.02129664
v 0.03154441 -0.00449299 0.02129664
v 0.03194778 0.00132212 0.02129664
v 0.03063455 0.00869707 0.02129664
v 0.02603481 0.01844709 0.02129664
v 0.02163056 0.02344679 0.02129664
v 0.01404820 0.02854636 0.02129664
v 0.00091502 0.03191594 0.02129664
v -0.00946752 0.03044735 0.02129664
v -0.01558934 0.02781720 0.02129664
v -0.03075109 0.00868430 0.02129664
v -0.02827016 0.01487791 0.02129664
v -0.02555837 0.01908434 0.02129664
v -0.01977557 0.02507433 0.02129664
v -0.03151604 0.00602365 0.02098421
v -0.03115643 0.00574041 0.02129664
v -0.03098425 0.00533146 0.02142222
v -0.03104591 0.00546563 0.02098421
v -0.03102268 0.00523615 0.02098421
v -0.03108855 0.00497980 0.02129664
v -0.03121951 0.00476759 0.02129664
v -0.03112080 0.00492174 0.02098421
v -0.03144883 0.00460247 0.02129664
v -0.02850787 0.01137056 0.02442084
v -0.02802380 0.01088650 0.02358771
v -0.02772625 0.01071470 0.02400428
v -0.02723680 0.01055255 0.02358771
v -0.02689320 0.01052249 0.02400428
v -0.00702400 -0.01536871 0.02201750
v -0.00338291 -0.01663715 0.02203555
v 0.00120146 -0.01689023 0.02203922
v 0.00671916 -0.01563477 0.02203582
v 0.01102149 -0.01281274 0.02202164
v 0.01338606 -0.01037871 0.02202871
v 0.01534096 -0.00706737 0.02202306
v 0.01702169 -0.00163359 0.02201576
v 0.01623371 0.00460032 0.02203322
v 0.01466932 0.00836568 0.02201242
v 0.01007719 0.01368527 0.02203981
v 0.00745726 0.01532170 0.02228597
v 0.00231046 0.01673892 0.02201188
v -0.00060790 0.01678467 0.02202562
v -0.00239797 0.01665684 0.02202610
v -0.00599955 0.01573624 0.02202702
v -0.01019747 0.01346750 0.02202621
v -0.01458166 0.00862271 0.02200471
v -0.01678516 0.00215866 0.02200538
v -0.01654698 -0.00347581 0.02203067
v -0.01489786 -0.00802104 0.02202259
v -0.01144039 -0.01256019 0.02201488
v 0.00172387 0.01831616 0.01942212
v 0.00107446 0.01889150 0.01942212
v 0.00404532 0.01868904 0.01942212
v 0.01493938 0.01196475 0.01942212
v 0.01761976 0.00750281 0.01942211
v 0.01752443 0.00498124 0.01942211
v 0.01103150 -0.01571405 0.01942211
v 0.00563760 -0.01737465 0.01942211
v 0.00515084 -0.01845412 0.01942211
v 0.00064194 -0.01825552 0.01942211
v 0.00131022 -0.01915943 0.01942211
v -0.00129839 -0.01915943 0.01942211
v -0.01785045 -0.00498433 0.01942211
v -0.01896767 -0.00272094 0.01942211
v -0.01817419 -0.00131339 0.01942211
v -0.01866494 0.00055503 0.01942211
v -0.01492755 0.01196475 0.01942212
v -0.01310369 0.01261769 0.01942212
v -0.01121421 0.01431898 0.01942212
v -0.00910633 0.01574077 0.01942212
v -0.00654013 0.01796683 0.01942212
v -0.02010265 0.00185978 0.02129664
v -0.02009705 0.00196740 0.02129664
v -0.02002369 0.00148632 0.02128977
v -0.01871083 0.00756388 0.02129664
v -0.01706264 -0.00877876 0.02041814
v 0.00356230 0.01886356 0.02063408
v 0.00178287 0.01925413 0.02090270
v 0.00210071 0.01950174 0.02115651
v 0.00150490 0.01908575 0.02051059
v -0.00146936 0.01907334 0.02042968
v -0.00430778 0.01873139 0.02053365
v -0.00167774 0.01919079 0.02077760
v -0.00155618 0.01912165 0.02061891
v -0.00183521 0.01930031 0.02096339
v -0.00420629 0.01918853 0.02114743
v -0.00227398 0.01968261 0.02122693
v -0.00240672 0.01983515 0.02128502
v -0.00284731 0.01984814 0.02129105
v -0.00384448 0.01874335 0.02035972
v -0.01452692 0.01269703 0.02066735
v -0.01498753 0.01189894 0.02037204
v -0.01647625 0.00976095 0.02038741
v -0.01860606 0.00518183 0.02062620
v -0.01880832 0.00384639 0.02040909
v -0.01898470 -0.00297530 0.02056953
v -0.01515615 -0.01187208 0.02048179
v -0.00796063 -0.01747511 0.02036675
v -0.00533594 -0.01849894 0.02048818
v -0.00185906 -0.01915765 0.02048769
v -0.00019080 -0.01924249 0.02008321
v 0.00353836 -0.01890230 0.02042371
v 0.00888932 -0.01720527 0.02066732
v 0.00962773 -0.01661912 0.02036675
v 0.01197972 -0.01506944 0.02048830
v 0.01464438 -0.01244030 0.02041442
v 0.01780014 -0.00723292 0.02036341
v 0.01894384 -0.00335113 0.02044152
v 0.01918971 0.00104257 0.02048835
v 0.01865714 0.00454192 0.02048765
v 0.01818363 0.00614474 0.02008509
v 0.01662513 0.00954883 0.02042365
v 0.01381364 0.01340138 0.02060986
v 0.01122600 0.01563502 0.02061234
v 0.00790856 0.01747659 0.02045653
v 0.00665295 0.01794480 0.02037329
v 0.01727261 0.00863012 0.02074096
v 0.00245682 -0.01920822 0.02074098
v -0.00609133 -0.01838254 0.02066566
v -0.01208658 -0.01492817 0.02037703
v -0.01707829 0.00888345 0.02072802
v -0.01221562 0.01488962 0.02072162
v -0.00701915 0.01792673 0.02072043
v -0.00362462 0.01885864 0.02063837
v 0.00800957 0.01756004 0.02076880
v 0.01184399 0.01519245 0.02072050
v 0.01518047 0.01205450 0.02088771
v 0.01856245 0.00539380 0.02076879
v 0.01928029 -0.00089695 0.02072049
v 0.01864806 -0.00543345 0.02088772
v 0.01516737 -0.01204312 0.02076877
v 0.00638142 -0.01837103 0.02088773
v -0.00102422 -0.01935099 0.02076876
v -0.01576330 -0.01114684 0.02072224
v -0.01783963 0.00821483 0.02112914
v -0.00609568 0.01840967 0.02081114
v 0.01054692 0.01630341 0.02088715
v 0.01294192 0.01447145 0.02092112
v 0.01943716 0.00080358 0.02088713
v 0.01962965 -0.00091709 0.02105738
v 0.01706285 -0.00911999 0.02074099
v 0.01334716 -0.01414367 0.02091238
v 0.01051403 -0.01650723 0.02099297
v -0.00519153 -0.01890273 0.02108355
v -0.00811489 -0.01771866 0.02093367
v -0.01195228 -0.01528310 0.02076736
v -0.01512414 0.01223925 0.02098681
v -0.01103903 0.01601279 0.02098681
v 0.00433025 0.01904103 0.02109577
v 0.00560830 0.01868052 0.02104853
v 0.01349863 0.01406931 0.02103032
v 0.01582582 0.01132799 0.02098472
v 0.01693509 0.00968357 0.02103033
v 0.01778499 0.00802578 0.02103034
v 0.01932015 -0.00289630 0.02103034
v 0.01842817 -0.00637998 0.02098470
v 0.01772743 -0.00823568 0.02103034
v 0.01686582 -0.00988741 0.02103033
v 0.00884027 -0.01745305 0.02103034
v 0.00548183 -0.01873872 0.02098472
v 0.00356259 -0.01923943 0.02103036
v 0.00171668 -0.01949100 0.02103033
v -0.00995126 -0.01684796 0.02101996
v -0.01301294 -0.01446293 0.02091063
v -0.01594124 -0.01122161 0.02098752
v -0.01034471 0.01687199 0.02123703
v -0.00724454 0.01823561 0.02113613
v 0.00867498 0.01786417 0.02125841
v 0.01490960 0.01277142 0.02113103
v 0.01852255 0.00620757 0.02104854
v 0.01925123 -0.00428336 0.02115291
v 0.01580843 -0.01154015 0.02104854
v 0.01291592 -0.01486658 0.02114619
v 0.00714764 -0.01835340 0.02113104
v -0.00024326 -0.01958339 0.02104853
v -0.01357963 -0.01417815 0.02109243
v -0.01532867 -0.01258612 0.02118427
v -0.01660332 0.01047808 0.02111907
v 0.01407944 0.01424247 0.02127602
v 0.01621594 0.01133364 0.02121160
v 0.01976956 -0.00142058 0.02118428
v 0.01979094 -0.00325642 0.02127194
v 0.01865829 -0.00669502 0.02121160
v 0.00877617 -0.01806440 0.02127322
v 0.00535773 -0.01910859 0.02121160
v 0.00175521 -0.01986450 0.02125145
v -0.00170194 -0.01985900 0.02125216
v -0.00654423 -0.01889259 0.02126714
v -0.00906504 -0.01776822 0.02125759
v -0.01161845 -0.01624998 0.02126280
v -0.01756472 0.00955728 0.02127822
v -0.01541762 0.01271496 0.02127614
v -0.01300370 0.01481504 0.02117605
v -0.00730752 0.01853705 0.02126731
v 0.00253097 0.01997016 0.02130095
v 0.00688909 0.01862288 0.02125948
v 0.01053576 0.01699507 0.02128549
v 0.01288516 0.01507573 0.02122976
v 0.01250103 -0.01568003 0.02128286
v 0.00999303 -0.01720840 0.02122975
v -0.00278727 -0.01980640 0.02127119
v -0.01611884 -0.01174187 0.02125345
v 0.01412974 0.01427014 0.02129235
v 0.01567392 0.01252314 0.02129127
v 0.01771339 0.00900592 0.02123780
v 0.01873605 0.00701468 0.02127495
v 0.01928722 0.00456385 0.02123140
v 0.01997683 0.00201421 0.02128998
v 0.01984265 -0.00330832 0.02129179
v 0.01930492 -0.00557513 0.02128998
v 0.01762428 -0.00926246 0.02123780
v 0.01490902 -0.01311425 0.02123139
v 0.00771062 -0.01861607 0.02129038
v 0.00093880 -0.02010428 0.02129058
v -0.01767146 0.00970514 0.02129664
v -0.01390870 0.01447934 0.02129058
v -0.00721315 0.01884953 0.02129663
v -0.01897751 0.00403274 0.02088667
v -0.01938376 0.00380119 0.02118687
v -0.01943148 0.00491203 0.02128323
v -0.01935054 0.00574540 0.02129664
v -0.01930572 -0.00149388 0.02081289
v -0.01990282 0.00073019 0.02126667
v -0.01920936 0.00025144 0.02044007
v -0.01906639 -0.00476853 0.02107340
v -0.01963496 -0.00098034 0.02113613
v -0.01982127 -0.00278823 0.02128120
v -0.01900724 -0.00547647 0.02117511
v -0.01809140 -0.00700748 0.02084879
v -0.01897222 -0.00640007 0.02128181
v -0.01799914 -0.00900859 0.02128644
v -0.01726946 -0.00888934 0.02093388
v -0.01753680 -0.00906572 0.02119109
v -0.00399915 -0.01986557 0.02129663
v -0.00840771 -0.01840998 0.02129663
v -0.01174013 -0.01647982 0.02129663
v -0.01255509 -0.01571449 0.02128804
v -0.01464576 -0.01395239 0.02129663
v -0.01590483 -0.01249265 0.02129663
v -0.01701905 -0.01091953 0.02129664
v 0.01878555 -0.00749148 0.02129664
v 0.01664851 -0.01115107 0.02127383
v 0.01637083 -0.01170359 0.02128992
v 0.01636881 -0.02106784 0.02138501
v 0.00404302 -0.01959002 0.02127538
v 0.00288872 -0.02003854 0.02129663
v 0.00096978 -0.02022228 0.02129663
v 0.01693941 0.01097717 0.02129664
v 0.01872266 0.00756388 0.02129664
v 0.01967701 0.00465428 0.02129662
v 0.03426955 0.00520688 0.01317372
v 0.03468329 0.00469302 0.02204503
v 0.02942278 0.01829355 0.01317372
v 0.03223371 0.01341935 0.02202930
v 0.02845722 0.02021473 0.02203473
v 0.01980799 0.02840830 0.01317372
v 0.02228751 0.02694734 0.02200797
v 0.00698360 0.03391168 0.01317372
v 0.01363750 0.03216099 0.02201902
v 0.00567375 0.03442070 0.02202716
v -0.00697176 0.03391168 0.01317372
v -0.00141878 0.03485501 0.02202150
v -0.00701676 0.03413064 0.02202562
v -0.01043793 0.03324485 0.02202562
v -0.01979616 0.02840830 0.01317372
v -0.01759645 0.03020770 0.02202045
v -0.02941094 0.01829355 0.01317372
v -0.02545809 0.02392545 0.02201900
v -0.02960064 0.01841182 0.02202562
v -0.03131573 0.01532182 0.02202561
v -0.03425772 0.00520688 0.01317372
v -0.03333777 0.01041953 0.02203178
v -0.03478726 0.00298870 0.02202067
v -0.03355089 -0.00873058 0.01317372
v -0.03455826 -0.00534859 0.02199846
v -0.03270933 -0.01215856 0.02202561
v -0.02740503 -0.02125976 0.01317372
v -0.03071066 -0.01666465 0.02203472
v -0.02624986 -0.02307364 0.02203472
v -0.01681628 -0.03034991 0.01317372
v -0.01997083 -0.02874352 0.02199448
v -0.00350092 -0.03452763 0.01317372
v -0.01043528 -0.03348353 0.02204903
v -0.00176237 -0.03490647 0.02200320
v 0.01038285 -0.03311579 0.01317372
v 0.00477886 -0.03463929 0.02201377
v 0.01178533 -0.03292162 0.02203472
v 0.02258468 -0.02634322 0.01317372
v 0.01816282 -0.02987739 0.02203472
v 0.02273026 -0.02651285 0.02202561
v 0.02529168 -0.02407806 0.02202561
v 0.03112684 -0.01530766 0.01317372
v 0.02935163 -0.01911382 0.02201144
v 0.03272119 -0.01215848 0.02202561
v 0.03452577 -0.00559081 0.02199894
v -0.01390203 0.02005837 0.02129664
v -0.01212113 0.02005837 0.02129664
v 0.01527812 0.02380661 0.02129664
v 0.01659565 0.02498360 0.02129664
v 0.01501782 0.02417835 0.02129664
v 0.01432517 0.02475955 0.02129664
v 0.01484765 0.02827513 0.02129664
v 0.01134993 0.02449925 0.02129664
v 0.01018444 0.02774923 0.02129664
v 0.01102902 0.02417835 0.02129664
v -0.00307933 0.02315066 0.02129664
v 0.01181187 0.02966921 0.02129664
v 0.01257133 0.02506880 0.02129664
v 0.01213297 0.02495134 0.02129664
v 0.01391387 0.02005837 0.02129664
v 0.01432517 0.02025015 0.02129664
v -0.01276927 0.01987354 0.02137723
v -0.00106262 0.02476307 0.02129664
v -0.01074509 0.02100847 0.02129664
v 0.01391387 0.02495134 0.02129664
v 0.01347552 0.02506880 0.02129664
v 0.01302342 0.02510836 0.02129664
v 0.01240137 0.01992755 0.02129664
v 0.01347552 0.01994091 0.02129664
v -0.01518258 0.02518985 0.02129664
v -0.01767146 0.02656022 0.02129664
v 0.00107446 0.02476307 0.02129664
v 0.01501782 0.02083136 0.02129664
v 0.03096908 0.00792197 0.02129664
v 0.01469692 0.02051046 0.02129664
v 0.03163107 0.00464764 0.02129664
v 0.03189657 0.00185978 0.02129664
v 0.02032745 0.02093078 0.02129664
v 0.01546991 0.02161441 0.02129664
v 0.02700207 0.01708538 0.02129664
v 0.01527812 0.02120311 0.02129664
v 0.02864187 0.01417497 0.02129664
v 0.02996903 0.01110934 0.02129664
v -0.01040808 0.02250486 0.02129664
v -0.00053659 0.02490402 0.02129664
v 0.00160059 0.02889079 0.02129664
v -0.01557553 0.02205276 0.02129664
v 0.00195452 0.02981489 0.02129664
v 0.00282045 0.03065880 0.02129664
v -0.00349073 0.02717184 0.02129664
v -0.00150982 0.02888663 0.02129664
v -0.01501861 0.02072811 0.02129664
v 0.00005985 0.02812204 0.02129664
v 0.00023055 0.02495415 0.02129664
v 0.00262352 0.02376890 0.02129664
v -0.00285144 0.02055148 0.02129664
v -0.00643530 0.02683005 0.02129664
v 0.01031239 0.02266753 0.02129664
v 0.00312360 0.02134816 0.02129664
v 0.01104753 0.02077128 0.02129664
v -0.00150982 -0.02897086 0.02129663
v 0.02131304 -0.02192727 0.02129663
v 0.02005084 -0.02012467 0.02129663
v 0.02666885 -0.01768388 0.02129663
v 0.02100379 -0.02107761 0.02129663
v 0.02074349 -0.02070586 0.02129663
v 0.02042259 -0.02038496 0.02129663
v -0.00194268 -0.02989913 0.02129663
v -0.00970771 -0.02815987 0.02129663
v -0.00194268 -0.03058631 0.02129663
v -0.00178053 -0.03107576 0.02129663
v 0.03191576 -0.00201831 0.02129664
v 0.03153537 -0.00533715 0.02129664
v 0.03081074 -0.00859819 0.02129664
v -0.01767146 -0.02667328 0.02129663
v -0.00170765 -0.02925339 0.02129663
v -0.00846488 -0.03087050 0.02129663
v -0.01163543 -0.02981833 0.02129663
v -0.01467888 -0.02844107 0.02129663
v -0.00115806 -0.02863425 0.02129663
v 0.00034951 -0.02829411 0.02129663
v 0.01978282 -0.02493728 0.02129663
v 0.01920118 -0.02494331 0.02129663
v 0.01720805 -0.02699077 0.02129663
v 0.01874909 -0.02498286 0.02129663
v 0.01829700 -0.02494331 0.02129663
v 0.02100379 -0.02368111 0.02129663
v 0.02125431 -0.02305063 0.02129663
v 0.01920118 -0.01981541 0.02129663
v 0.01963954 -0.01993287 0.02129663
v 0.01669874 -0.02073453 0.02129663
v 0.01703814 -0.02028984 0.02145225
v 0.01848095 -0.01978072 0.02129663
v 0.00099525 -0.02852915 0.02129663
v 0.01614559 -0.02237936 0.02129663
v 0.01618515 -0.02283145 0.02129663
v 0.00127778 -0.02872697 0.02129663
v 0.01630260 -0.02326981 0.02129663
v 0.00152166 -0.02897086 0.02129663
v 0.00068266 -0.02838338 0.02129663
v 0.02005084 -0.02463406 0.02129663
v 0.02074349 -0.02405286 0.02129663
v -0.00019357 -0.02822197 0.02146794
v 0.00196955 -0.03007092 0.02129663
v 0.01430219 -0.02863862 0.02129663
v 0.01675470 -0.02405286 0.02129663
v 0.01707559 -0.02437375 0.02129663
v 0.01744734 -0.02463406 0.02129663
v 0.01785864 -0.02482585 0.02129663
v 0.01649440 -0.02368111 0.02129663
v 0.00186525 -0.02956598 0.02129663
v 0.00171949 -0.02925339 0.02129663
v -0.02489527 -0.01833320 0.02129663
v -0.02689503 -0.01731876 0.02129663
v -0.01972783 -0.01878529 0.02129663
v -0.01992051 -0.01766111 0.02129663
v -0.02445587 -0.01729767 0.02129663
v -0.02989503 -0.01135922 0.02129664
v -0.02400483 -0.01679089 0.02129663
v -0.03091269 -0.00817744 0.02129664
v -0.02363308 -0.01653060 0.02129663
v -0.02278342 -0.02134924 0.02129663
v -0.02297262 -0.02187881 0.02129663
v -0.02233133 -0.02138879 0.02129663
v -0.02084710 -0.02300330 0.02129663
v -0.02187923 -0.02134924 0.02129663
v -0.02233133 -0.01618179 0.02129663
v -0.03190410 0.00185978 0.02129664
v -0.02278342 -0.01622134 0.02129663
v -0.02322178 -0.01633880 0.02129663
v -0.02494546 -0.02003142 0.02129663
v -0.02400483 -0.02077968 0.02129663
v -0.02363308 -0.02103998 0.02129663
v -0.02033693 -0.02045879 0.02129663
v -0.02007663 -0.02008704 0.02129663
v -0.01988484 -0.01967574 0.02129663
v -0.01976738 -0.01923738 0.02129663
v -0.02116325 -0.01639498 0.02137511
v -0.02493483 -0.01878529 0.02129663
v -0.02489527 -0.01923738 0.02129663
v -0.03159279 -0.00490682 0.02129664
v -0.03192790 -0.00158310 0.02129664
v -0.03191437 0.00175745 0.02129664
v -0.03163555 0.00453625 0.02129664
v -0.03157204 0.00455285 0.02129664
v -0.03124045 0.00584328 0.02129664
v -0.03134069 0.00593042 0.02129664
v -0.03080358 0.00811601 0.02129664
v -0.02655897 0.01774694 0.02129664
v -0.02228837 0.02287313 0.02129664
v -0.02474030 0.01171756 0.02358772
v -0.02503387 0.01317789 0.02358772
v -0.02517964 0.01349048 0.02358772
v -0.02463851 0.01380290 0.02358772
v -0.02489882 0.01417465 0.02358772
v -0.02542053 0.01425622 0.02358772
v -0.02706500 0.01462099 0.02358772
v -0.02734530 0.01506510 0.02358772
v -0.02756995 0.01436048 0.02358772
v -0.02778366 0.01494765 0.02358772
v -0.02788254 0.01421472 0.02358772
v -0.02819496 0.01475585 0.02358772
v -0.02816506 0.01401690 0.02358772
v -0.02848783 0.01413428 0.02358772
v -0.02945716 0.01295324 0.02358772
v -0.02884180 0.01215756 0.02358772
v -0.02910485 0.01193673 0.02358772
v -0.02740064 0.01027424 0.02358771
v -0.02689320 0.00989765 0.02358771
v -0.02654962 0.01055255 0.02358771
v -0.02644112 0.00993721 0.02358771
v -0.02610961 0.01034824 0.02358771
v -0.02576261 0.01088650 0.02358771
v -0.02521971 0.01050676 0.02358771
v -0.02489882 0.01082766 0.02358771
v -0.02517964 0.01151182 0.02358771
v -0.00188856 -0.01729242 0.02254631
v -0.00660072 -0.01599815 0.02254631
v -0.01138301 -0.01318564 0.02254631
v -0.01388113 -0.01043783 0.02254631
v -0.01624741 -0.00610430 0.02254631
v -0.01729695 -0.00127964 0.02254631
v -0.01668099 0.00485760 0.02254631
v -0.01581384 0.00718252 0.02254631
v -0.01313761 0.01134682 0.02254631
v -0.01038979 0.01384493 0.02254631
v -0.00721872 0.01577764 0.02254632
v -0.00306270 0.01695277 0.02254632
v 0.00369330 0.01690852 0.02254632
v 0.01139485 0.01310141 0.02254631
v 0.01389296 0.01035359 0.02254631
v 0.01695655 0.00364527 0.02254631
v 0.01722028 -0.00251717 0.02254631
v 0.01596195 -0.00664876 0.02254631
v 0.01177554 -0.01268010 0.02254631
v 0.00723056 -0.01586187 0.02254631
v 0.00369330 -0.01699275 0.02254631
v -0.00106262 0.01889150 0.02254632
v -0.00155618 0.01912165 0.02254632
v 0.00107446 0.01889150 0.02254632
v 0.00201412 0.01943401 0.02254632
v 0.00239919 0.01981909 0.02254632
v 0.00271155 0.02026519 0.02254632
v 0.00301218 0.02102176 0.02254632
v 0.00308265 0.02236980 0.02254632
v 0.00294171 0.02289583 0.02254632
v 0.00271155 0.02338939 0.02254632
v 0.00239919 0.02383549 0.02254632
v 0.00179107 0.02437674 0.02254632
v 0.00067582 0.02484541 0.02254632
v -0.00092300 0.02477601 0.02254632
v -0.00200228 0.02422056 0.02254632
v -0.00238736 0.02383549 0.02254632
v -0.00254551 0.02360962 0.02254632
v -0.00269972 0.02338939 0.02254632
v -0.00292987 0.02289583 0.02254632
v -0.00307082 0.02236980 0.02254632
v -0.00311828 0.02182728 0.02254632
v -0.00307082 0.02128477 0.02254632
v -0.00281479 0.02051197 0.02254632
v -0.00238736 0.01981909 0.02254632
v -0.00200228 0.01943401 0.02254632
v -0.00145198 0.01906410 0.01942212
v 0.00027717 0.01872681 0.02098422
v 0.00174430 0.03423593 0.02254632
v -0.00347085 0.03414776 0.02254632
v -0.00941314 0.03288205 0.02254632
v -0.01814923 0.02908513 0.02254632
v -0.02237928 0.02603352 0.02254632
v -0.02490246 0.02363506 0.02254632
v -0.02950630 0.01732878 0.02254632
v -0.03274213 0.01023265 0.02254631
v -0.03414008 0.00343019 0.02254631
v -0.03431617 -0.00178274 0.02254631
v -0.03257411 -0.01026417 0.02254631
v -0.02915876 -0.01822060 0.02254631
v -0.02889143 -0.01860468 0.02254631
v -0.02859122 -0.01994632 0.02202561
v -0.02721576 -0.02101218 0.02254631
v -0.02237928 -0.02611775 0.02254631
v -0.01962639 -0.02824864 0.02254631
v -0.01667207 -0.03009009 0.02254631
v -0.00859700 -0.03326855 0.02254631
v -0.00676318 -0.03372762 0.02254631
v -0.00086327 -0.03427608 0.02254631
v 0.00692379 -0.03370484 0.02254631
v 0.01668390 -0.03009009 0.02254631
v 0.01963824 -0.02824864 0.02254631
v 0.02365271 -0.02491852 0.02254631
v 0.02718187 -0.02107788 0.02254631
v 0.02890327 -0.01860468 0.02254631
v 0.03138465 -0.01350779 0.02254631
v 0.03432801 -0.00178274 0.02254631
v 0.03397582 0.00516188 0.02254631
v 0.03206755 0.01183221 0.02254631
v 0.03023040 0.01622695 0.02254632
v 0.03047001 0.01686683 0.02202562
v 0.02923175 0.01802617 0.02254632
v 0.02654526 0.02160003 0.02254632
v 0.02239112 0.02603352 0.02254632
v 0.01963824 0.02816441 0.02254632
v 0.01668390 0.03000585 0.02254632
v 0.01355843 0.03153897 0.02254632
v 0.01029389 0.03274803 0.02254632
v 0.00692379 0.03362060 0.02254632
v 0.00677502 0.03364339 0.02254632
v 0.00042244 0.03204104 0.02254632
v -0.00050425 0.03206245 0.02254632
v 0.00099525 0.03187205 0.02129664
v 0.00152166 0.03143034 0.02254632
v 0.00171949 0.03114781 0.02254632
v 0.00186525 0.03083522 0.02192148
v 0.00196203 0.03024438 0.02205165
v 0.00186525 0.02948175 0.02254632
v 0.00171949 0.02916915 0.02254632
v 0.00152166 0.02888663 0.02254632
v 0.00127778 0.02864274 0.02254632
v 0.00083895 0.02837204 0.02254632
v 0.00017771 0.02819486 0.02254632
v -0.00033767 0.02820989 0.02254632
v -0.00098341 0.02844492 0.02129664
v -0.00126594 0.02864274 0.02254632
v -0.00195395 0.03037323 0.02223390
v -0.00185341 0.03083522 0.02129664
v -0.00178053 0.03099152 0.02192148
v -0.00170765 0.03114781 0.02254632
v -0.00150982 0.03143034 0.02129664
v -0.00150982 0.03143034 0.02254632
v -0.00090318 0.03191594 0.02129664
v -0.00126594 0.03167423 0.02254632
v -0.00098341 0.03187205 0.02254632
v -0.00112468 -0.03185737 0.02192147
v -0.00185341 -0.02956598 0.02129663
v -0.00143734 -0.02891955 0.02254631
v -0.00067082 -0.02838338 0.02254631
v -0.00033767 -0.02829411 0.02254631
v 0.00000592 -0.02826406 0.02254631
v 0.00034951 -0.02829411 0.02254631
v 0.00188757 -0.03083618 0.02192147
v 0.00171949 -0.03123205 0.02254631
v 0.00152166 -0.03151457 0.02129663
v 0.00091502 -0.03200017 0.02129663
v 0.00099525 -0.03195628 0.02254631
v -0.00050425 -0.03214668 0.02254631
v -0.00098341 -0.03195628 0.02129663
v 0.00043019 -0.03215420 0.02254631
v 0.01852305 -0.02496308 0.02129663
v 0.01920118 -0.02494331 0.02254631
v 0.01952995 -0.02485521 0.02160905
v 0.02058304 -0.02421331 0.02254631
v 0.02042259 -0.02437375 0.02129663
v 0.02100379 -0.02368111 0.02254631
v 0.02119558 -0.02326981 0.02254631
v 0.02119558 -0.02326981 0.02129663
v 0.02131304 -0.02283145 0.02192147
v 0.01974237 -0.01998082 0.02160905
v 0.01852305 -0.01979564 0.02254631
v 0.01718124 -0.02033504 0.02254631
v 0.01636914 -0.02139285 0.02254631
v -0.01998074 -0.01988139 0.02129663
v -0.01976738 -0.01923738 0.02254631
v -0.01982611 -0.01811402 0.02254631
v -0.02020678 -0.01729767 0.02254631
v -0.02065783 -0.01679089 0.02254631
v -0.02102958 -0.01653060 0.02254631
v -0.02166006 -0.01628007 0.02254631
v 0.01324947 0.02508858 0.02192148
v 0.01051820 0.02317613 0.02254632
v 0.01041992 0.02250486 0.02254632
v 0.01045948 0.02205276 0.02254632
v 0.01057692 0.02161441 0.02254632
v 0.01089887 0.02101723 0.02254632
v 0.01192732 0.02015426 0.02254632
v 0.01324947 0.01992113 0.02254632
v 0.01391387 0.02005837 0.02254632
v 0.01432517 0.02025015 0.02254632
v 0.01558737 0.02295695 0.02129664
v 0.01546991 0.02339531 0.02129664
v 0.01514797 0.02399248 0.02223390
v 0.01347552 0.02506880 0.02254632
v -0.01278554 0.02508858 0.02192148
v -0.01536218 0.02140876 0.02254632
v -0.01500598 0.02083136 0.02254632
v -0.01468508 0.02051046 0.02254632
v -0.01431333 0.02025015 0.02254632
v -0.01390203 0.02005837 0.02254632
v -0.01346367 0.01994091 0.02254632
v -0.01301158 0.01990136 0.02254632
v -0.01255949 0.01994091 0.02254632
v -0.01191548 0.02015426 0.02254632
v -0.01133808 0.02051046 0.02254632
v -0.01101719 0.02083136 0.02254632
v -0.01075688 0.02120311 0.02254632
v -0.01050636 0.02183359 0.02254632
v -0.01040808 0.02250486 0.02254632
v -0.01044763 0.02295695 0.02254632
v -0.01050636 0.02317613 0.02192148
v -0.01095211 0.02408542 0.02160906
v -0.01133808 0.02449925 0.02129664
v -0.01170983 0.02475955 0.02254632
v -0.01212113 0.02495134 0.02192148
v -0.01255949 0.02506880 0.02254632
v -0.02756448 0.01500637 0.02306702
v -0.02689320 0.01510465 0.02358772
v -0.02721576 0.01507644 0.02254632
v -0.02734530 0.01506510 0.02254632
v -0.02721576 0.01802617 0.02254632
v -0.02721576 -0.01860468 0.02254631
v -0.02744411 -0.01947432 0.02254631
v 0.01588625 0.02664409 0.02254632
v 0.00000592 -0.01743350 0.02254631
v -0.00254551 -0.01860468 0.02254631
v 0.00248097 -0.01725647 0.02254631
v 0.00677502 -0.01860468 0.02254631
v 0.00490564 -0.01672902 0.02254631
v 0.00677502 -0.01603178 0.02254631
v 0.01588625 -0.00710433 0.02254631
v 0.01582567 -0.00726676 0.02254631
v 0.01588625 -0.01860468 0.02254631
v 0.01463648 -0.00944461 0.02254631
v 0.01314944 -0.01143105 0.02254631
v 0.01139485 -0.01318564 0.02254631
v 0.00940841 -0.01467268 0.02254631
v 0.03327505 -0.00865609 0.02254631
v 0.03397582 -0.00524611 0.02254631
v 0.01582567 0.00718252 0.02254631
v 0.02405957 0.00945678 0.02254631
v 0.01588625 0.01622695 0.02254632
v 0.02985791 0.01689806 0.02254632
v 0.01463648 0.00936037 0.02254631
v 0.00490564 0.01664480 0.02254632
v 0.00602589 0.01622695 0.02254632
v 0.00677502 0.01622695 0.02254632
v 0.00677502 0.01594755 0.02254632
v 0.00985717 0.01414223 0.02254631
v 0.00677502 0.01802617 0.02254632
v -0.00254551 0.01802617 0.02254632
v -0.00123161 0.01726075 0.02254632
v -0.00489380 0.01664480 0.02254632
v -0.00676318 0.01802617 0.02254632
v -0.00601405 0.01622695 0.02254632
v -0.01855665 -0.00314207 0.02254631
v -0.01714047 -0.00282962 0.02254631
v -0.01462464 0.00936037 0.02254631
v -0.01855665 0.01622695 0.02254632
v -0.00907310 0.01452448 0.02254631
v -0.00676318 0.01622695 0.02254632
v -0.01738546 -0.00004212 0.02254631
v -0.01720844 0.00243294 0.02254631
v -0.01201061 -0.01205864 0.02254631
v -0.01855665 -0.01860468 0.02254631
v -0.01581384 -0.00726676 0.02254631
v -0.01668099 -0.00494183 0.02254631
v -0.00721872 -0.01586187 0.02254631
v -0.00676318 -0.01860468 0.02254631
v -0.00676318 -0.01603178 0.02254631
v -0.00246913 -0.01725647 0.02254631
v -0.00254551 -0.01723986 0.02254631
v -0.00489380 -0.01672902 0.02254631
v -0.00676318 0.02502992 0.02254632
v -0.00254551 0.02502992 0.02254632
v -0.00177923 0.02437674 0.02254632
v 0.00677502 0.02502992 0.02254632
v 0.00132124 0.02464800 0.02254632
v -0.00079961 0.02483355 0.02254632
v 0.00054843 0.02490402 0.02254632
v 0.00294171 0.02075874 0.02254632
v 0.00081144 0.01882102 0.02254632
v 0.00000592 0.01870308 0.02254632
v 0.00302405 0.02249718 0.02254632
v 0.00308265 0.02128477 0.02254632
v 0.00348269 0.03414776 0.02254632
v 0.00000592 0.03432409 0.02254632
v -0.00254551 0.03323061 0.02254632
v 0.01588625 0.03039712 0.02254632
v 0.00677502 0.02664409 0.02254632
v 0.00767690 0.03342561 0.02254632
v 0.00677502 0.03323061 0.02254632
v 0.02160232 0.02664409 0.02254632
v 0.01588625 0.02502992 0.02254632
v 0.02491430 0.02363506 0.02254632
v 0.01588625 0.01802617 0.02254632
v 0.02718187 0.02099364 0.02254632
v 0.02233772 -0.02000842 0.02254631
v 0.01588625 -0.02662346 0.02254631
v 0.01630260 -0.02326981 0.02254631
v 0.01618515 -0.02283145 0.02254631
v 0.01614559 -0.02237936 0.02254631
v 0.01649440 -0.02107761 0.02254631
v 0.01707559 -0.02038496 0.02254631
v 0.01744734 -0.02012467 0.02254631
v 0.02425734 -0.02184164 0.02254631
v 0.02131304 -0.02192727 0.02254631
v 0.02239112 -0.02611775 0.02254631
v 0.01785864 -0.02482585 0.02254631
v 0.01744734 -0.02463406 0.02254631
v 0.01707559 -0.02437375 0.02254631
v 0.01785864 -0.01993287 0.02254631
v 0.01874909 -0.01977586 0.02254631
v 0.02074349 -0.02405286 0.02254631
v 0.02108019 -0.02549861 0.02254631
v 0.01963954 -0.02482585 0.02254631
v 0.01675470 -0.02405286 0.02254631
v 0.01649440 -0.02368111 0.02254631
v 0.02917059 -0.01822060 0.02254631
v 0.00677502 -0.02662346 0.02254631
v 0.01355843 -0.03162320 0.02254631
v 0.01588625 -0.03048136 0.02254631
v 0.00068266 -0.02838338 0.02254631
v 0.00099525 -0.02852915 0.02254631
v -0.00254551 -0.02662346 0.02254631
v -0.00197274 -0.03024271 0.02254631
v -0.00194268 -0.02989913 0.02254631
v -0.00185341 -0.02956598 0.02254631
v -0.00134553 -0.02889127 0.02254631
v 0.00000592 -0.02829411 0.02254631
v -0.00150982 -0.03151457 0.02254631
v -0.00254551 -0.03427893 0.02254631
v -0.00126594 -0.03175846 0.02254631
v -0.00098341 -0.03195628 0.02254631
v 0.00127778 -0.02872697 0.02254631
v 0.00171949 -0.02925339 0.02254631
v -0.00170765 -0.03123205 0.02254631
v -0.00185341 -0.03091946 0.02254631
v -0.00194268 -0.03058631 0.02254631
v 0.00034951 -0.03219132 0.02254631
v 0.00348269 -0.03423200 0.02254631
v 0.00083895 -0.03202916 0.02254631
v 0.00127778 -0.03175846 0.02254631
v -0.00067082 -0.03210205 0.02254631
v 0.00195452 -0.02989913 0.02254631
v 0.00198458 -0.03024271 0.02254631
v 0.00796909 -0.03288158 0.02254631
v 0.00186525 -0.03091946 0.02254631
v 0.00152166 -0.03151457 0.02254631
v -0.00347085 -0.03423200 0.02254631
v -0.00676318 -0.02662346 0.02254631
v -0.01354659 -0.03162320 0.02254631
v -0.01028206 -0.03283226 0.02254631
v -0.00691195 -0.03370484 0.02254631
v -0.02180260 -0.02398635 0.02254631
v -0.01855665 -0.02662346 0.02254631
v -0.01855665 -0.02891543 0.02254631
v -0.02015883 -0.02017009 0.02254631
v -0.02065783 -0.02077968 0.02254631
v -0.02102958 -0.02103998 0.02254631
v -0.02144088 -0.02123178 0.02254631
v -0.02363308 -0.02103998 0.02254631
v -0.02490246 -0.02371930 0.02254631
v -0.02233133 -0.02138879 0.02254631
v -0.02290156 -0.02248263 0.02254631
v -0.02458602 -0.02008704 0.02254631
v -0.02721576 -0.00314207 0.02254631
v -0.03222105 -0.01197768 0.02254631
v -0.03084821 -0.01517679 0.02254631
v -0.03085888 0.01219730 0.02254631
v -0.03326321 0.00857186 0.02254631
v -0.03015268 0.01402290 0.02254631
v -0.02933970 0.01339160 0.02254631
v -0.02856671 0.01449555 0.02254631
v -0.02888761 0.01417465 0.02254631
v -0.02914790 0.01380290 0.02254631
v -0.02689320 0.00989765 0.02254631
v -0.02721576 0.00992587 0.02254631
v -0.02734530 0.00993721 0.02254631
v -0.03396398 -0.00524611 0.02254631
v -0.02854128 0.01053706 0.02254631
v -0.03431617 0.00169850 0.02254631
v -0.03396398 0.00516188 0.02254631
v -0.02914790 0.01119940 0.02254631
v -0.02819496 0.01475585 0.02254631
v -0.02900112 0.01558730 0.02254632
v -0.02721576 0.01622695 0.02254632
v -0.01855665 0.01802617 0.02254632
v -0.02819498 0.01950990 0.02254632
v -0.01855665 0.02502992 0.02254632
v -0.02343506 0.02502992 0.02254632
v -0.00676318 0.02664409 0.02254632
v -0.01855665 0.02664409 0.02254632
v -0.01855665 0.02883119 0.02254632
v -0.02149386 0.02671888 0.02254632
v -0.00254551 0.03419469 0.02254632
v -0.00676318 0.03323061 0.02254632
v -0.00676318 0.03364339 0.02254632
v -0.00897356 0.03308682 0.02254632
v -0.02483654 -0.01811402 0.02254631
v -0.02400483 -0.01679089 0.02254631
v -0.02363308 -0.01653060 0.02254631
v -0.02187923 -0.01622134 0.02254631
v -0.02123523 -0.01643470 0.02254631
v -0.01998074 -0.01768919 0.02254631
v -0.02322178 -0.01633880 0.02254631
v -0.02278342 -0.01622134 0.02254631
v -0.02233133 -0.01618179 0.02254631
v 0.01213297 0.02495134 0.02254632
v 0.01172167 0.02475955 0.02254632
v 0.01134993 0.02449925 0.02254632
v 0.01437157 0.02468717 0.02254632
v 0.01172167 0.02025015 0.02254632
v 0.01527812 0.02380661 0.02254632
v 0.01546991 0.02339531 0.02254632
v 0.01213297 0.02005837 0.02254632
v 0.01546991 0.02161441 0.02254632
v 0.01527812 0.02120311 0.02254632
v 0.01134993 0.02051046 0.02254632
v 0.01102902 0.02083136 0.02254632
v 0.01076872 0.02120311 0.02254632
v 0.01558737 0.02295695 0.02254632
v 0.01562692 0.02250486 0.02254632
v 0.01558737 0.02205276 0.02254632
v 0.01102902 0.02417835 0.02254632
v 0.01276110 0.02507886 0.02254632
v -0.01338350 0.02502972 0.02254632
v -0.01152396 0.02462940 0.02254632
v -0.01075688 0.02380661 0.02254632
v -0.01049648 0.02306310 0.02254632
v -0.01410768 0.02015426 0.02254632
v -0.01106461 0.02086667 0.02254632
v -0.01212113 0.02005837 0.02254632
v -0.01044763 0.02205276 0.02254632
v -0.01491060 0.02076385 0.02254632
v -0.01557553 0.02205276 0.02254632
v -0.01561508 0.02250486 0.02254632
v -0.01557553 0.02295695 0.02254632
v -0.01545807 0.02339531 0.02254632
v -0.01497568 0.02415293 0.02254632
v -0.02444672 0.01339160 0.02254631
v -0.02463851 0.01380290 0.02254631
v -0.02444672 0.01161070 0.02254631
v -0.02689320 0.01510465 0.02254632
v -0.02644112 0.01506510 0.02254632
v -0.02600275 0.01494765 0.02254632
v -0.02463851 0.01119940 0.02254631
v -0.02525502 0.01055418 0.02254631
v -0.02644112 0.00993721 0.02254631
v 0.00089693 0.02844863 0.02254632
v -0.00197274 0.03015848 0.02254632
v -0.00194268 0.03050208 0.02254632
v -0.00185341 0.03083522 0.02254632
v -0.00067082 0.03201782 0.02254632
v 0.00029489 0.03204468 0.02254632
v 0.00127778 0.03167423 0.02254632
v -0.00150982 0.02888663 0.02254632
v -0.00254551 0.02664409 0.02254632
v 0.00186525 0.03083522 0.02254632
v 0.00000592 0.02817983 0.02254632
v -0.00098341 0.02844492 0.02254632
v -0.00170765 0.02916915 0.02254632
v -0.00185341 0.02948175 0.02254632
v -0.00194268 0.02981489 0.02254632
v 0.00195452 0.03015849 0.02254632
v 0.01653133 0.03307969 0.03663470
v 0.02558475 0.02162268 0.03462196
v 0.02335349 0.02406094 0.03690963
v 0.02509244 0.02717850 0.03543341
v 0.02251260 0.02930526 0.03714928
v 0.01894717 0.03197219 0.03798203
v 0.01997224 0.02698009 0.03770456
v 0.01432477 0.03026735 0.03274225
v 0.01464048 0.03398005 0.03399436
v 0.01561462 0.02964680 0.03583890
v 0.01464999 0.03011415 0.03026164
v 0.01430360 0.03417785 0.03110438
v 0.02620499 0.02614495 0.03314019
v 0.01566557 0.03361829 0.02876040
v 0.01597126 0.02943299 0.02835264
v 0.01535957 0.03375273 0.02916859
v 0.01597157 0.03348385 0.02835222
v 0.01597272 0.03348335 0.02835069
v 0.01597272 0.02943222 0.02835069
v 0.01597276 0.03348333 0.02835066
v 0.01597322 0.03348311 0.02835030
v 0.01597329 0.02943191 0.02835025
v 0.01597277 0.02943219 0.02835065
v 0.01722760 0.03288209 0.02748846
v 0.01655589 0.02910672 0.02792441
v 0.01867224 0.02781452 0.02693581
v 0.01988965 0.03136403 0.02678999
v 0.02158608 0.02812664 0.02692748
v 0.02211465 0.02515034 0.02713088
v 0.02482606 0.02252270 0.02861171
v 0.02464636 0.02773588 0.02856694
v 0.02637026 0.02065425 0.03215195
v 0.02605638 0.02636223 0.03064363
v -0.00185213 0.02311001 0.04045839
v -0.00150207 0.02159374 0.04045839
v -0.00171617 0.02311714 0.04045839
v -0.00158104 0.02310055 0.04045839
v -0.00145085 0.02306074 0.04045839
v -0.00163473 0.02156312 0.04045839
v -0.00177069 0.02155598 0.04045839
v -0.00190582 0.02157259 0.04045839
v -0.00132954 0.02299893 0.04045839
v -0.00203602 0.02161239 0.04045839
v -0.00215733 0.02167419 0.04045839
v -0.00237863 0.02199974 0.04045839
v -0.00099469 0.02224256 0.04045839
v -0.00096286 0.02230930 0.04045839
v -0.00096998 0.02244527 0.04045839
v -0.00105380 0.02270324 0.04045839
v -0.00232386 0.02285919 0.04045839
v -0.00248625 0.02209520 0.04045839
v -0.00251688 0.02222786 0.04045839
v -0.00252401 0.02236382 0.04045839
v -0.00250741 0.02249896 0.04045839
v -0.00246761 0.02262915 0.04045839
v 0.01007865 0.02164694 0.04045839
v 0.00941938 0.02161239 0.04045839
v 0.00997894 0.02232724 0.04045839
v 0.00902234 0.02196988 0.04045839
v 0.00909649 0.02185570 0.04045839
v 0.00929808 0.02167419 0.04045839
v 0.00918934 0.02175613 0.04045839
v 0.01037433 0.02192267 0.04045839
v 0.00914165 0.02261972 0.04045839
v 0.00893852 0.02222786 0.04045839
v 0.00987436 0.02310055 0.04045839
v 0.01028102 0.02286721 0.04045839
v 0.01048542 0.02244527 0.04045839
v 0.01029240 0.02181394 0.04045839
v -0.00163473 0.02156312 0.03348102
v -0.00177069 0.02155598 0.03696970
v -0.00201612 0.02306609 0.03871405
v -0.00171617 0.02311714 0.03348102
v -0.00158104 0.02310055 0.03348102
v -0.00151594 0.02308065 0.03696970
v -0.00124799 0.02293748 0.03871405
v -0.00105380 0.02270324 0.03348102
v -0.00109088 0.02276033 0.04045839
v -0.00098530 0.02251159 0.03696970
v -0.00096464 0.02234329 0.03871405
v -0.00097945 0.02217417 0.03348102
v -0.00097945 0.02217417 0.04045839
v -0.00101926 0.02204397 0.03696970
v -0.00121278 0.02176751 0.03522536
v -0.00137675 0.02164694 0.03348102
v -0.00137675 0.02164694 0.04045839
v -0.00150207 0.02159374 0.03348102
v 0.00995332 0.02159375 0.04045839
v 0.00975269 0.02155955 0.03696970
v 0.00954958 0.02157259 0.03348102
v 0.00954958 0.02157259 0.04045839
v 0.00941938 0.02161239 0.03348102
v 0.00935873 0.02164329 0.03696970
v 0.00899575 0.02203254 0.03871405
v 0.00893852 0.02222786 0.03348102
v 0.00893140 0.02236382 0.03348102
v 0.00893969 0.02243139 0.03696970
v 0.00903415 0.02272013 0.03871405
v 0.00913153 0.02285919 0.04045839
v 0.00923110 0.02295204 0.03348102
v 0.00928820 0.02298912 0.03696970
v 0.00957010 0.02310236 0.03871405
v 0.00973923 0.02311714 0.04045839
v 0.00987436 0.02310055 0.03696970
v 0.01038306 0.02273179 0.03871405
v 0.01045479 0.02257792 0.04045839
v 0.01048542 0.02244527 0.03348102
v 0.01049254 0.02230931 0.03348102
v 0.01049254 0.02230931 0.04045839
v 0.01047595 0.02217417 0.03348102
v 0.01043615 0.02204397 0.04045839
v 0.01029240 0.02181394 0.03348102
v 0.01013574 0.02168401 0.04045839
v 0.00995332 0.02159375 0.03348102
v 0.00925004 0.02493240 0.03348102
v 0.01008303 0.02494694 0.04045839
v 0.00925004 0.02493240 0.04045839
v 0.01232234 0.02196550 0.03348102
v 0.01230780 0.02279850 0.03348102
v 0.01232234 0.02196550 0.04045839
v 0.01230780 0.02279850 0.04045839
v -0.00435381 0.02196550 0.03348102
v -0.00352464 0.02195103 0.03348102
v -0.00435381 0.02196550 0.04045839
v -0.00352464 0.02195103 0.04045839
v -0.00219089 0.02056990 0.03348102
v 0.00086694 0.02270763 0.03348102
v -0.00243306 0.02196988 0.03348102
v -0.00049974 0.02294978 0.03348102
v -0.00170885 0.02431779 0.03348102
v -0.00251571 0.02243139 0.03348102
v -0.00393195 0.02237476 0.03348102
v -0.00232386 0.02285919 0.03348102
v -0.00253754 0.02366400 0.03348102
v -0.00145085 0.02306075 0.03348102
v -0.00240529 0.02403458 0.03348102
v -0.00004541 0.02299843 0.03348102
v -0.00041167 0.02352359 0.03348102
v -0.00302013 0.02140285 0.03348102
v -0.00098530 0.02251159 0.03348102
v -0.00310923 0.02354318 0.03348102
v -0.00120156 0.02288769 0.03348102
v -0.00119512 0.02117136 0.03348102
v -0.00058522 0.02092949 0.03348102
v -0.00082010 0.02142552 0.03348102
v -0.00099935 0.02210907 0.03348102
v 0.00003777 0.02272209 0.03348102
v 0.00086694 0.02270763 0.04045839
v 0.00003777 0.02272209 0.04045839
v 0.00932643 0.02055536 0.03348102
v 0.00934091 0.01972619 0.03348102
v 0.00932643 0.02055535 0.04045839
v 0.00934091 0.01972619 0.04045839
v 0.01016666 0.02015532 0.03348102
v 0.01017390 0.01974073 0.04045839
v 0.01015943 0.02056990 0.04045839
v 0.01037383 0.02403458 0.03348102
v 0.01079533 0.02303440 0.03348102
v 0.00835732 0.02294958 0.03348102
v 0.00904960 0.02275046 0.03348102
v 0.00898779 0.02262915 0.03348102
v 0.01019301 0.02112821 0.03348102
v 0.01015943 0.02056990 0.03348102
v 0.01017390 0.01974073 0.03348102
v 0.01048898 0.02237729 0.03348102
v 0.00825950 0.02124531 0.03348102
v 0.00803809 0.02161586 0.03348102
v 0.01000456 0.02306074 0.03348102
v 0.00956943 0.02360189 0.03348102
v 0.00967125 0.02311358 0.03348102
v 0.00905011 0.02063854 0.03348102
v 0.00929808 0.02167419 0.03348102
v 0.00898986 0.02126022 0.03348102
v 0.01045479 0.02257792 0.03348102
v 0.01040159 0.02270324 0.03348102
v 0.01020344 0.02293307 0.03348102
v 0.01045605 0.02210907 0.03348102
v 0.01130581 0.02148568 0.03348102
v 0.01019283 0.02172109 0.03348102
v 0.00813971 0.02325815 0.03348102
v 0.00830489 0.02349478 0.03348102
v 0.00850535 0.02370236 0.03348102
v 0.00873607 0.02387570 0.03348102
v 0.00899126 0.02401045 0.03348102
v 0.00110596 0.02808960 0.02254632
v 0.00097135 0.02718719 0.02254632
v 0.00053101 0.02788408 0.02254632
v 0.00018243 0.02744073 0.02254632
v -0.00087184 0.02798595 0.02254632
v -0.00116443 0.02726177 0.02254632
v -0.00123576 0.02817139 0.02254632
v -0.00164966 0.02750901 0.02254632
v -0.00156195 0.02841719 0.02254632
v -0.00208458 0.02783675 0.02254632
v -0.00245599 0.02823504 0.02254632
v -0.00253977 0.03158928 0.02254632
v -0.00173538 0.03172636 0.02254632
v -0.00187624 0.03212695 0.02254632
v -0.00191753 0.03262039 0.02254632
v -0.00146080 0.03291699 0.02254632
v 0.00011495 0.03328078 0.02254632
v 0.00049309 0.03245042 0.02254632
v 0.00065548 0.03321442 0.02254632
v 0.00117626 0.03305520 0.02254632
v 0.00166149 0.03280796 0.02254632
v 0.00124760 0.03214559 0.02254632
v 0.00209642 0.03248022 0.02254632
v 0.00216008 0.03184150 0.02254632
v -0.00231237 -0.02879409 0.02254632
v -0.00095951 -0.02727143 0.02254632
v 0.00008769 -0.02790100 0.02254632
v 0.00011495 -0.02712043 0.02254632
v 0.00065548 -0.02718680 0.02254632
v 0.00088368 -0.02807019 0.02254632
v 0.00141888 -0.02746962 0.02254632
v 0.00124760 -0.02825561 0.02254632
v 0.00183510 -0.02821120 0.02254632
v 0.00276442 -0.02877599 0.02254632
v 0.00211744 -0.02885119 0.02254632
v 0.00303846 -0.02954260 0.02254632
v 0.00290263 -0.03141307 0.02254632
v 0.00199302 -0.03148440 0.02254632
v 0.00265539 -0.03189829 0.02254632
v 0.00174722 -0.03181059 0.02254632
v 0.00144851 -0.03208914 0.02254632
v 0.00192937 -0.03270462 0.02254632
v 0.00147264 -0.03300122 0.02254632
v 0.00110596 -0.03231160 0.02254632
v 0.00097135 -0.03321401 0.02254632
v 0.00033202 -0.03256306 0.02254632
v -0.00019083 -0.03296228 0.02254632
v -0.00064364 -0.03329863 0.02254632
v -0.00087184 -0.03241525 0.02254632
v -0.00116443 -0.03313943 0.02254632
v -0.00123576 -0.03222983 0.02254632
v -0.00164966 -0.03289219 0.02254632
v -0.00208458 -0.03256445 0.02254632
v -0.00184051 -0.03168530 0.02254632
v -0.00240777 -0.03152610 0.02254632
v -0.00222255 -0.03096678 0.02254632
v -0.00296537 -0.03120815 0.02254632
v -0.00231443 -0.03056882 0.02254632
v -0.00308788 -0.03067753 0.02254632
v -0.00287561 -0.02976889 0.02254632
v -0.00216661 -0.02936496 0.02254632
v -0.00289079 -0.02907237 0.02254632
v -0.00315256 0.02348550 0.03522536
v -0.00290165 0.02374364 0.03348102
v -0.00266502 0.02390882 0.04045839
v -0.00266502 0.02390882 0.03348102
v -0.00240529 0.02403458 0.04045839
v -0.00212896 0.02411777 0.04045839
v -0.00212896 0.02411777 0.03348102
v -0.00219089 0.02056990 0.04045839
v -0.00246415 0.02066268 0.04045839
v -0.00246415 0.02066268 0.03348102
v -0.00271933 0.02079743 0.04045839
v -0.00271933 0.02079743 0.03348102
v -0.00295005 0.02097077 0.04045839
v -0.00305028 0.02107456 0.03696970
v -0.00006955 0.02161586 0.03348102
v -0.00020429 0.02136066 0.04045839
v -0.00020429 0.02136066 0.03348102
v -0.00037763 0.02112995 0.04045839
v -0.00048143 0.02102972 0.03696970
v -0.00129597 0.02410323 0.03348102
v -0.00129597 0.02410323 0.04045839
v -0.00102272 0.02401045 0.04045839
v -0.00102272 0.02401045 0.03348102
v -0.00076753 0.02387570 0.04045839
v -0.00065217 0.02378903 0.03696970
v 0.00886367 0.02394308 0.03871405
v 0.00926451 0.02410323 0.04045839
v 0.00926451 0.02410323 0.03348102
v 0.01056862 0.02394026 0.03522536
v 0.01087018 0.02374364 0.03348102
v 0.01107776 0.02354318 0.04045839
v 0.01107776 0.02354318 0.03348102
v 0.01125111 0.02331246 0.03696970
v 0.00292660 0.03126764 0.04045839
v 0.00246782 0.03208194 0.02254632
v 0.00166149 0.03280796 0.03901315
v 0.00188989 0.03265073 0.03915769
v 0.00209642 0.03248022 0.03931519
v 0.00261821 0.03190160 0.03985199
v 0.00065548 0.03321442 0.03864265
v 0.00092094 0.03314568 0.03870495
v 0.00117626 0.03305520 0.03878721
v 0.00142776 0.03294039 0.03889192
v -0.00042889 0.03325228 0.02254632
v -0.00015718 0.03327842 0.03858506
v 0.00011495 0.03328078 0.03858277
v 0.00038782 0.03325926 0.03860212
v -0.00095951 0.03312977 0.02254632
v -0.00069947 0.03320201 0.03865471
v -0.00042889 0.03325228 0.03860893
v -0.00105135 0.03309835 0.03874921
v -0.00095951 0.03312977 0.03872053
v -0.00289079 0.03132883 0.02254632
v -0.00264355 0.03181406 0.03994138
v -0.00264355 0.03181406 0.02254632
v -0.00231581 0.03224899 0.03953287
v -0.00231581 0.03224899 0.02254632
v -0.00191753 0.03262039 0.03918798
v -0.00169969 0.03277603 0.03904450
v -0.00146080 0.03291699 0.03891506
v 0.00309972 0.03059328 0.04045839
v 0.00312109 0.03018541 0.02702434
v 0.00306185 0.02950893 0.04045839
v 0.00298224 0.02924853 0.03150235
v 0.00271720 0.02862422 0.02702434
v 0.00232765 0.02806798 0.02254632
v 0.00192937 0.02769658 0.04045839
v 0.00170100 0.02754828 0.03150235
v 0.00010000 0.02708234 0.03374136
v -0.00010311 0.02703619 0.02254632
v -0.00103423 0.02722197 0.02702434
v -0.00186712 0.02767288 0.03598037
v -0.00245599 0.02823503 0.04045839
v -0.00275259 0.02869176 0.04045839
v -0.00275259 0.02869176 0.02254632
v -0.00296537 0.02919305 0.04045839
v -0.00302663 0.02945837 0.03150235
v -0.00308788 0.02972369 0.02254632
v -0.00311638 0.03026752 0.03150235
v -0.00291332 0.03127146 0.04045839
v -0.00288595 0.03132649 0.04040595
v -0.00143963 0.02832501 0.02356168
v -0.00184051 0.02871590 0.02254632
v -0.00184051 0.02871590 0.02390014
v -0.00206296 0.02905844 0.02254632
v -0.00206296 0.02905844 0.02390014
v -0.00222255 0.02943442 0.02390014
v 0.00029039 0.03247531 0.02390014
v 0.00088368 0.03233102 0.02254632
v 0.00106564 0.03223830 0.02322323
v 0.00156188 0.03188656 0.02356168
v 0.00207480 0.03125852 0.02254632
v 0.00215459 0.03107054 0.02322323
v 0.00156188 -0.02851464 0.02356168
v 0.00207480 -0.02914268 0.02254632
v 0.00207480 -0.02914268 0.02390013
v 0.00223439 -0.02951865 0.02254632
v 0.00223439 -0.02951865 0.02390013
v 0.00233695 -0.03012055 0.02254632
v 0.00232626 -0.02991662 0.02390013
v 0.00232275 -0.03052719 0.02322322
v -0.00192815 -0.03455289 0.03837559
v 0.00189036 -0.03442767 0.03837559
v -0.00078837 -0.03491684 0.03837559
v -0.00037599 -0.03334349 0.03860810
v -0.00064364 -0.03329863 0.03864894
v -0.00275259 -0.03170944 0.02254632
v -0.00275261 -0.03170938 0.04012595
v -0.00245599 -0.03216617 0.03969469
v -0.00245599 -0.03216617 0.02254632
v -0.00164966 -0.03289219 0.03902066
v -0.00201559 -0.03263030 0.03926209
v -0.00090911 -0.03322992 0.03871156
v -0.00116443 -0.03313943 0.03879414
v -0.00141592 -0.03302461 0.03889914
v -0.00010311 -0.03336501 0.03858843
v -0.00010311 -0.03336500 0.02254632
v 0.00016900 -0.03336265 0.03859040
v 0.00044072 -0.03333651 0.02254632
v 0.00044072 -0.03333651 0.03861394
v 0.00071130 -0.03328624 0.03865941
v 0.00097135 -0.03321401 0.03872492
v 0.00102391 -0.03319407 0.03874307
v 0.00265539 -0.03189829 0.03994363
v 0.00232765 -0.03233322 0.03953556
v 0.00232765 -0.03233321 0.02254632
v 0.00192937 -0.03270462 0.03919118
v 0.00171153 -0.03286026 0.03904798
v 0.00136159 -0.03306058 0.03886457
v 0.00312821 -0.03035175 0.04045839
v 0.00307621 -0.02981122 0.03150235
v 0.00292442 -0.03135761 0.04045839
v 0.00289795 -0.03141080 0.04040775
v -0.00135790 0.02055535 0.04045839
v -0.00108157 0.02063854 0.04045839
v 0.02955274 -0.01076594 0.04045839
v 0.01009750 0.02411777 0.04045839
v -0.00922267 0.02543497 0.04045839
v -0.00082184 0.02076430 0.04045839
v -0.00058522 0.02092949 0.04045839
v 0.03053857 -0.00750639 0.04045839
v -0.00025728 0.02130910 0.04045839
v 0.00905011 0.02063854 0.04045839
v -0.00137237 0.01972619 0.04045839
v 0.00166149 -0.02759324 0.04045839
v 0.00117626 -0.02734600 0.04045839
v -0.02732591 -0.01563871 0.04045839
v -0.02885180 -0.01259433 0.04045839
v 0.02806130 0.01402675 0.04045839
v 0.02093909 0.01556658 0.04045839
v 0.00065548 -0.02718680 0.04045839
v 0.00011495 -0.02712043 0.04045839
v -0.00220537 0.01974073 0.04045839
v -0.00042889 -0.02714892 0.04045839
v -0.00231581 -0.02815223 0.04045839
v -0.03003958 -0.00940283 0.04045839
v -0.03087535 -0.00610161 0.04045839
v 0.00639572 0.02425805 0.04045839
v 0.03142827 -0.00076409 0.04045839
v -0.00343085 0.02615380 0.04045839
v 0.01254142 -0.02548285 0.04045839
v 0.00246782 -0.02831928 0.04045839
v 0.00209642 -0.02792098 0.04045839
v -0.00191753 -0.02778082 0.04045839
v -0.00305001 -0.02959316 0.04045839
v -0.01537693 -0.02748744 0.04045839
v -0.01825393 -0.02566552 0.04045839
v -0.02091708 -0.02354323 0.04045839
v -0.02333516 -0.02114544 0.04045839
v -0.02547982 -0.01850026 0.04045839
v -0.00911841 -0.03014847 0.04045839
v -0.01231980 -0.02898761 0.04045839
v 0.01111905 0.02117835 0.04045839
v 0.03132172 0.00263962 0.04045839
v 0.01091859 0.02097077 0.04045839
v 0.01068787 0.02079743 0.04045839
v 0.03084779 0.00601184 0.04045839
v 0.01147863 0.02278402 0.04045839
v 0.01138585 0.02305728 0.04045839
v 0.01125111 0.02331246 0.04045839
v 0.00460827 0.02907474 0.04045839
v 0.00290263 0.02898813 0.04045839
v 0.00297721 0.03112391 0.04045839
v 0.03116621 -0.00415935 0.04045839
v 0.00634739 0.02157727 0.04045839
v 0.00002323 0.02188911 0.04045839
v -0.00033635 0.02349478 0.04045839
v 0.00097135 0.02718719 0.04045839
v -0.00010311 0.02703619 0.04045839
v -0.00243716 0.02661206 0.04045839
v -0.00310923 0.02354318 0.04045839
v -0.00337314 0.02311656 0.04045839
v -0.03119377 0.00406958 0.04045839
v -0.03056614 0.00741661 0.04045839
v -0.03134928 -0.00272939 0.04045839
v -0.00344145 0.02167470 0.04045839
v 0.01128422 0.02141498 0.04045839
v 0.02088952 0.02345346 0.04045839
v 0.02437994 0.01973308 0.04045839
v 0.01321357 0.02547043 0.04045839
v 0.01102891 0.02533302 0.04045839
v 0.01063356 0.02390882 0.04045839
v 0.00595995 0.02630307 0.04045839
v 0.00214710 0.02322744 0.04045839
v -0.00072155 0.02500449 0.04045839
v -0.00053682 0.02370236 0.04045839
v -0.02958030 0.01067617 0.04045839
v -0.02824783 0.01381002 0.04045839
v -0.02658434 0.01678144 0.04045839
v 0.01822637 0.02557576 0.04045839
v 0.00909085 0.03005870 0.04045839
v 0.00578270 0.03086661 0.04045839
v -0.00227028 0.02803589 0.04045839
v -0.00116443 0.02726177 0.04045839
v -0.00064364 0.02710255 0.04045839
v -0.02234598 0.02209994 0.04045839
v -0.01982079 0.02438466 0.04045839
v -0.01706338 0.02638297 0.04045839
v 0.00879038 0.02076430 0.04045839
v -0.00315051 0.02117835 0.04045839
v -0.00242016 0.02067165 0.04045839
v 0.00850535 0.02370236 0.04045839
v 0.00830489 0.02349478 0.04045839
v 0.00195430 0.03447837 0.03837559
v -0.00354011 0.03330227 0.03837559
v -0.00263704 0.03409199 0.03837559
v -0.00134052 0.03436136 0.03837559
v -0.00039149 0.03488074 0.03837559
v 0.00040949 0.03488022 0.03837559
v 0.00119893 0.03474481 0.03837559
v 0.01402703 0.03040709 0.02254632
v 0.01400968 0.03037174 0.03837559
v 0.01636680 0.02921507 0.03837559
v 0.01874629 0.02769000 0.02254632
v 0.02552675 0.02168410 0.02254632
v 0.02866671 0.01723498 0.02254632
v 0.01916096 0.02747443 0.03836876
v 0.00355604 0.03329763 0.03837559
v 0.00889625 0.03223166 0.02254632
v 0.00930440 0.03225795 0.03840718
v 0.02649212 0.02063772 0.03840364
v 0.03307783 0.00446594 0.02254632
v 0.03187393 0.01070848 0.03837188
v 0.03278351 -0.00634881 0.02254632
v 0.03363834 -0.00003768 0.03837182
v 0.02904759 -0.01650206 0.02254632
v 0.03187869 -0.01078453 0.03837177
v 0.02226210 -0.02492836 0.02254632
v 0.02677918 -0.02040688 0.03837172
v 0.01313906 -0.03074350 0.02254632
v 0.01887389 -0.02789689 0.03837167
v 0.00714205 -0.03280555 0.02254632
v 0.00883245 -0.03250365 0.03844026
v 0.00355385 -0.03338765 0.03837559
v -0.00073648 0.02858648 0.02390014
v -0.00123576 0.02817139 0.02390014
v -0.00076060 0.02930718 0.02390014
v -0.00170123 0.02856654 0.02390014
v -0.00089678 0.02945322 0.02390014
v -0.00100553 0.02962069 0.02390014
v -0.00231443 0.02983239 0.02390014
v -0.00167812 0.02976659 0.02390014
v -0.00172520 0.03031846 0.02390014
v -0.00191887 0.03082644 0.02390014
v -0.00198119 0.03140016 0.02390014
v -0.00173538 0.03172636 0.02390014
v -0.00081300 0.03169865 0.02390014
v -0.00015351 0.03129288 0.02390014
v -0.00032019 0.03247883 0.02390014
v 0.00004590 0.03130332 0.02390014
v 0.00016589 0.03188960 0.02390014
v 0.00065936 0.03177582 0.02390014
v 0.00061296 0.03112996 0.02390014
v 0.00101002 0.03157768 0.02390014
v 0.00185234 0.03160107 0.02390014
v 0.00096299 0.03078001 0.02390014
v 0.00158510 0.03088550 0.02390014
v 0.00173329 0.03040125 0.02390014
v 0.00115076 0.03011850 0.02390014
v 0.00106804 0.02972936 0.02390014
v 0.00097739 0.02955144 0.02390014
v 0.00142512 0.02915439 0.02390014
v 0.00144851 0.02831206 0.02390014
v 0.00174722 0.02859061 0.02390014
v 0.00110596 0.02808960 0.02390014
v 0.00035991 0.02906901 0.02390014
v 0.00072999 0.02793002 0.02390014
v 0.00033202 0.02783814 0.02390014
v 0.00006564 0.02901887 0.02390014
v -0.00007586 0.02781677 0.02390014
v -0.00076060 -0.03109402 0.02390013
v -0.00156195 -0.03198401 0.02390013
v -0.00089678 -0.03094799 0.02390013
v -0.00184051 -0.03168530 0.02390013
v -0.00100553 -0.03078051 0.02390013
v -0.00108356 -0.03059671 0.02390013
v 0.00049309 -0.02795078 0.02390013
v 0.00026137 -0.02854079 0.02390013
v 0.00124760 -0.02825561 0.02390013
v 0.00088368 -0.02807019 0.02390013
v 0.00171307 -0.02865077 0.02390013
v 0.00071118 -0.03114542 0.02390013
v 0.00110596 -0.03231160 0.02390013
v 0.00045181 -0.03129318 0.02390013
v 0.00044767 -0.03192414 0.02390013
v -0.00087396 -0.03174467 0.02390013
v 0.00040766 -0.03494982 0.02254632
v 0.00000901 -0.03498384 0.03837559
v -0.00353790 -0.03339227 0.03837559
v 0.00103549 -0.03356154 0.03837559
v -0.00259445 -0.03347852 0.03837559
v 0.00256690 0.03338875 0.03837559
v -0.00106304 0.03347178 0.03837559
v 0.00770488 -0.03053328 0.04045839
v 0.01095600 -0.02952002 0.04045839
v 0.01555718 -0.02731697 0.04045839
v 0.01979323 -0.02447443 0.04045839
v 0.02345010 -0.02091754 0.04045839
v 0.02655679 -0.01687121 0.04045839
v 0.02888651 -0.01233286 0.04045839
v 0.03129724 -0.00246172 0.04045839
v 0.03042990 0.00766245 0.04045839
v 0.02882424 0.01250456 0.04045839
v 0.02637531 0.01697971 0.04045839
v 0.02330760 0.02105567 0.04045839
v 0.01668938 0.02633119 0.04045839
v -0.01173204 0.02900416 0.04045839
v -0.00663892 0.03282679 0.03842478
v -0.01283357 0.03104674 0.03799204
v -0.02095988 0.02310579 0.04045839
v -0.02204049 0.02526603 0.03838834
v -0.03069901 0.00570917 0.04045839
v -0.02723094 0.01969586 0.03836051
v -0.03167132 0.01128201 0.03835170
v -0.03345497 0.00297659 0.03836907
v -0.03111231 -0.00441550 0.04045839
v -0.02792428 -0.01403403 0.04045839
v -0.03315104 -0.00594636 0.03836753
v -0.03022420 -0.01470029 0.03836904
v -0.01376727 -0.02807226 0.04045839
v -0.02609134 -0.02122991 0.03838246
v -0.01938311 -0.02752795 0.03835190
v -0.01014978 -0.03213762 0.03841053
v -0.00291112 -0.03136142 0.04045839
v -0.00193682 0.03448091 0.03837559
v -0.00118111 0.03474637 0.03046095
v -0.00028717 0.03488721 0.02254632
v 0.00100157 0.03477866 0.03441827
v 0.00265400 0.03408854 0.03837559
v 0.00327806 0.03358643 0.02254632
v 0.00201663 0.03436699 0.02254632
v 0.00439805 0.03461442 0.02254632
v 0.00291187 -0.03479204 0.02254632
v 0.00231043 -0.03438608 0.02254632
v 0.00068899 0.03488702 0.02254632
v 0.00020087 0.03489342 0.02254632
v 0.00297441 -0.03393952 0.02254632
v 0.00355385 -0.03338764 0.02254632
v 0.01205253 -0.03283415 0.02254632
v 0.00355604 0.03329763 0.02254632
v 0.00805711 0.03394912 0.02254632
v 0.00714422 0.03271531 0.02254632
v 0.01064827 0.03174801 0.02254632
v 0.01162473 0.03289865 0.02254632
v 0.01506048 0.03147492 0.02254632
v 0.01832543 0.02969407 0.02254632
v 0.01724079 0.02870833 0.02254632
v 0.02419732 0.02514547 0.02254632
v 0.02282914 0.02528941 0.02254632
v 0.02673773 0.02242928 0.02254632
v 0.02835188 0.01912513 0.02254632
v 0.03368469 0.00416405 0.02254632
v 0.03486283 0.00204166 0.02254632
v 0.03346995 -0.00186355 0.02254632
v 0.03488703 -0.00167731 0.02254632
v 0.03307634 -0.00547730 0.02254632
v 0.03451580 -0.00537780 0.02254632
v 0.03229389 -0.00902720 0.02254632
v 0.03375332 -0.00901785 0.02254632
v 0.03113177 -0.01247155 0.02254632
v 0.03260825 -0.01255624 0.02254632
v 0.02960365 -0.01576987 0.02254632
v 0.03109357 -0.01595288 0.02254632
v 0.02772748 -0.01888341 0.02254632
v 0.02922643 -0.01916926 0.02254632
v 0.02552531 -0.02177555 0.02254632
v 0.02702798 -0.02216897 0.02254632
v 0.02302303 -0.02441234 0.02254632
v 0.02238659 -0.02584038 0.02254632
v 0.00849888 -0.03393097 0.02254632
v -0.00168154 -0.03490335 0.02254632
v -0.00156312 -0.03471669 0.02254632
v -0.00229318 -0.03438910 0.02254632
v -0.00671088 0.03424623 0.02254632
v -0.00326175 0.03359069 0.02254632
v -0.00354011 0.03330227 0.02254632
v -0.00713221 0.03272394 0.02254632
v -0.01031786 0.03334010 0.02254632
v -0.01380810 0.03205571 0.02254632
v -0.01876193 0.02856931 0.02254632
v -0.02583972 0.02348706 0.02254632
v -0.02554066 0.02170014 0.02254632
v -0.02819470 0.02060861 0.02254632
v -0.02774627 0.01880654 0.02254632
v -0.03023039 0.01749616 0.02254632
v -0.02962542 0.01569102 0.02254632
v -0.03153983 0.01328761 0.02254632
v -0.00762463 -0.03301607 0.02254632
v -0.00988246 -0.03356116 0.02254632
v -0.01338912 -0.03232230 0.02254632
v -0.01990977 -0.02876563 0.02254632
v -0.02303292 -0.02442903 0.02254632
v -0.02284988 -0.02648811 0.02254632
v -0.00003376 0.02902234 0.02608708
v -0.00042321 0.02909636 0.02390014
v -0.00051217 0.02914168 0.02535810
v 0.00107589 0.03055843 0.02608708
v 0.00114031 0.03031791 0.02681606
v 0.00106804 0.02972936 0.02681606
v 0.00097739 0.02955144 0.02681606
v 0.00078420 0.02932388 0.02462912
v 0.00021399 -0.03136588 0.02535809
v -0.00113370 -0.03030245 0.02462911
v -0.00111459 -0.03000455 0.02390013
v -0.00108540 -0.02990907 0.02535809
v 0.00112347 -0.03001033 0.02608707
v 0.00115076 -0.03028270 0.02390013
v 0.00113859 -0.03038179 0.02535809
v 0.00060652 -0.03121339 0.02608707
v 0.00035991 -0.03133219 0.02390013
v -0.00888635 0.03224188 0.02254632
v -0.01070601 0.03316431 0.02764354
v -0.01552975 0.02977589 0.02658316
v -0.00849307 0.03424853 0.03111671
v -0.00947481 0.03455233 0.02888021
v -0.00890851 0.03228620 0.03468378
v -0.01324257 0.03076853 0.03765736
v -0.01612366 0.02951798 0.03796061
v -0.02000344 0.02688800 0.03767960
v -0.02209007 0.02522536 0.03700975
v -0.02451654 0.02285446 0.03028004
v -0.02478503 0.02255716 0.03214654
v -0.02419448 0.02546452 0.03490740
v -0.02260169 0.02475303 0.02773777
v -0.01874968 0.02770622 0.02254632
v -0.02055397 0.02646369 0.02680606
v -0.00888421 -0.03233224 0.02254632
v -0.01563086 -0.02966355 0.02254632
v -0.02164427 -0.02560423 0.02254632
v -0.02851593 -0.01723865 0.02254632
v -0.03271120 -0.00725855 0.02254632
v -0.03310458 0.00356031 0.02254632
v -0.03039069 0.01404064 0.02254632
v -0.00579017 0.03437562 0.02098422
v -0.01338912 -0.03232230 0.02046351
v -0.00988246 -0.03356116 0.02046351
v -0.00626399 -0.03442027 0.02150491
v -0.00257471 -0.03488987 0.02046351
v -0.00302802 0.03476382 0.02254632
v 0.00299619 -0.03480426 0.02150491
v 0.02022562 -0.02846390 0.02202561
v 0.02452314 -0.02491799 0.02254632
v 0.02577556 -0.02354348 0.02150491
v 0.03222958 -0.01340540 0.02098421
v 0.03375332 -0.00901785 0.02046351
v 0.00068899 0.03488702 0.02046352
v -0.00105621 0.03058761 0.02681606
v -0.00192522 0.03093872 0.02681606
v -0.00203137 0.03059152 0.02681606
v -0.00112676 0.03029756 0.02681606
v -0.00207561 0.03023117 0.02681606
v -0.00050328 0.02863266 0.02681606
v -0.00042712 0.02812120 0.02681606
v 0.00005747 0.02878469 0.02681606
v 0.00029579 0.02809596 0.02681606
v 0.00035991 0.02906901 0.02681606
v 0.00064954 0.02817762 0.02681606
v 0.00054372 0.02914703 0.02681606
v 0.00084746 0.02878763 0.02681606
v 0.00177223 0.02905477 0.02681606
v 0.00193706 0.02937825 0.02681606
v 0.00158481 0.02982288 0.02681606
v -0.00097190 0.03199749 0.02681606
v -0.00154190 0.03155214 0.02681606
v -0.00096555 0.03076552 0.02681606
v -0.00176040 0.03126220 0.02681606
v -0.00015351 -0.02910832 0.02681605
v -0.00127638 -0.02860144 0.02681605
v -0.00067858 -0.02907733 0.02681605
v -0.00125373 -0.02924237 0.02681605
v 0.00116988 -0.02951118 0.02681605
v 0.00164719 -0.02896041 0.02681605
v 0.00108601 -0.02904316 0.02681605
v 0.00094789 -0.02839399 0.02681605
v 0.00024409 -0.02912220 0.02681605
v 0.00043896 -0.02820543 0.02681605
v 0.00007861 -0.02816118 0.02681605
v -0.00028395 -0.02818019 0.02681605
v -0.01883397 0.03186399 0.03774925
v -0.02293663 0.02920306 0.02799062
v -0.02410348 0.02820141 0.02954127
v -0.02437149 0.02795692 0.03009073
v -0.02479398 0.02543489 0.03243577
v -0.02410186 0.02808044 0.03488343
v -0.02221655 0.02956231 0.03701819
v -0.01339634 0.03463267 0.02671442
v -0.01998395 0.03142792 0.02666902
v -0.01261583 0.03473551 0.03759440
v -0.00941373 0.03576679 0.03544346
v 0.03451823 0.00886594 0.02046351
v 0.03726613 0.00036046 0.02046351
v 0.02367362 -0.02725696 0.02046351
v 0.02268637 -0.02961954 0.02046351
v 0.01871095 -0.02954262 0.02046351
v 0.01952516 -0.03179683 0.02046351
v 0.00484879 -0.03464383 0.02046351
v 0.00517489 -0.03696418 0.02046351
v 0.00114360 -0.03496469 0.02046351
v 0.00135131 -0.03730201 0.02046351
v -0.00248674 -0.03724490 0.02046351
v -0.00626399 -0.03442027 0.02046351
v -0.00629858 -0.03679346 0.02046351
v -0.01368268 -0.03473086 0.02046351
v -0.01674423 -0.03071773 0.02046351
v -0.01717669 -0.03314158 0.02046351
v -0.01990977 -0.02876563 0.02046351
v -0.02048876 -0.03120145 0.02046351
v -0.02284988 -0.02648811 0.02046351
v -0.02358379 -0.02893107 0.02046351
v -0.02598011 -0.02513273 0.02046351
v -0.02999952 -0.01797774 0.02046351
v -0.03125211 -0.02039489 0.02046351
v -0.03173579 -0.01468885 0.02046351
v -0.03317895 -0.01707508 0.02046351
v -0.03311264 -0.01123405 0.02046351
v -0.03475424 -0.01357474 0.02046351
v -0.03411446 -0.00765246 0.02046351
v -0.03596126 -0.00993098 0.02046351
v -0.03472991 -0.00398468 0.02046351
v -0.03678724 -0.00618243 0.02046351
v -0.03722340 -0.00236881 0.02046351
v -0.01237575 0.03383790 0.02046352
v -0.01082217 0.03563613 0.02046352
v -0.00671088 0.03424623 0.02046352
v -0.00709613 0.03655835 0.02046352
v -0.00316151 0.03592819 0.02046352
v 0.00439805 0.03461442 0.02046352
v 0.00437091 0.03697849 0.02046352
v 0.00810578 0.03514028 0.02046352
v 0.01883015 0.03212440 0.02046352
v 0.02138259 0.02757625 0.02046352
v 0.02311763 0.02758091 0.02046352
v 0.02587487 0.02500946 0.02046352
v 0.02772076 0.02487000 0.02046352
v 0.02897504 0.01945845 0.02046352
v 0.03013554 0.02188625 0.02046352
v 0.03639497 0.00797757 0.02046351
v 0.00007861 0.03224002 0.02681606
v -0.00028395 0.03222101 0.04191636
v -0.00028395 0.03222101 0.02681606
v -0.00063770 0.03213935 0.04191636
v -0.00063770 0.03213935 0.02681606
v -0.00097190 0.03199749 0.04191636
v -0.00127638 0.03179975 0.04191636
v -0.00127638 0.03179975 0.02681606
v -0.00154190 0.03155214 0.04191636
v -0.00176040 0.03126220 0.04191636
v -0.00192522 0.03093872 0.04191636
v -0.00203137 0.03059152 0.04191636
v -0.00207561 0.03023117 0.04191636
v -0.00205661 0.02986862 0.04191636
v -0.00205661 0.02986862 0.02681606
v -0.00197494 0.02951486 0.04191636
v -0.00197494 0.02951486 0.02681606
v -0.00183308 0.02918067 0.04191636
v -0.00183308 0.02918067 0.02681606
v -0.00163535 0.02887618 0.04191636
v -0.00163535 0.02887618 0.02681606
v -0.00138775 0.02861067 0.04191636
v -0.00138775 0.02861067 0.02681606
v -0.00109780 0.02839217 0.04191636
v -0.00109780 0.02839217 0.02681606
v -0.00077431 0.02822735 0.04191636
v -0.00077431 0.02822735 0.02681606
v -0.00042712 0.02812120 0.04191636
v -0.00006677 0.02807695 0.04191636
v -0.00006677 0.02807695 0.02681606
v 0.00029579 0.02809596 0.04191636
v 0.00064954 0.02817762 0.04191636
v 0.00098373 0.02831948 0.04191636
v 0.00098373 0.02831948 0.02681606
v 0.00128822 0.02851721 0.04191636
v 0.00128822 0.02851721 0.02681606
v 0.00155374 0.02876482 0.04191636
v 0.00155374 0.02876482 0.02681606
v 0.00177223 0.02905477 0.04191636
v 0.00193706 0.02937825 0.04191636
v 0.00204320 0.02972544 0.04191636
v 0.00204320 0.02972544 0.02681606
v 0.00208745 0.03008580 0.04191636
v 0.00208745 0.03008580 0.02681606
v 0.00206845 0.03044835 0.04191636
v 0.00206845 0.03044835 0.02681606
v 0.00198678 0.03080211 0.04191636
v 0.00198678 0.03080211 0.02681606
v 0.00184492 0.03113630 0.04191636
v 0.00184492 0.03113630 0.02681606
v 0.00164719 0.03144079 0.04191636
v 0.00164719 0.03144079 0.02681606
v 0.00139958 0.03170631 0.04191636
v 0.00139958 0.03170631 0.02681606
v 0.00110963 0.03192480 0.04191636
v 0.00110963 0.03192480 0.02681606
v 0.00078615 0.03208962 0.04191636
v 0.00078615 0.03208962 0.02681606
v 0.00043896 0.03219577 0.04191636
v 0.00043896 0.03219577 0.02681606
v 0.00007861 0.03224002 0.04191636
v -0.00028395 -0.02818019 0.04191636
v -0.00063770 -0.02826185 0.04191636
v -0.00063770 -0.02826185 0.02681605
v -0.00097190 -0.02840371 0.04191636
v -0.00097190 -0.02840371 0.02681605
v -0.00127638 -0.02860144 0.04191636
v -0.00154190 -0.02884906 0.04191636
v -0.00154190 -0.02884906 0.02681605
v -0.00176040 -0.02913900 0.04191636
v -0.00176040 -0.02913900 0.02681605
v -0.00192522 -0.02946248 0.04191636
v -0.00192522 -0.02946248 0.02681605
v -0.00203137 -0.02980968 0.04191636
v -0.00203137 -0.02980968 0.02681605
v -0.00207561 -0.03017003 0.04191636
v -0.00207561 -0.03017003 0.02681605
v -0.00205661 -0.03053260 0.04191636
v -0.00205661 -0.03053259 0.02681605
v -0.00197494 -0.03088634 0.04191636
v -0.00197494 -0.03088634 0.02681605
v -0.00183308 -0.03122053 0.04191636
v -0.00183308 -0.03122053 0.02681605
v -0.00163535 -0.03152502 0.04191636
v -0.00163535 -0.03152502 0.02681605
v -0.00138775 -0.03179053 0.04191636
v -0.00138775 -0.03179053 0.02681605
v -0.00109780 -0.03200903 0.04191636
v -0.00109780 -0.03200903 0.02681605
v -0.00077431 -0.03217385 0.04191636
v -0.00077431 -0.03217385 0.02681605
v -0.00042712 -0.03228000 0.04191636
v -0.00042712 -0.03228000 0.02681605
v -0.00006677 -0.03232425 0.04191636
v -0.00006677 -0.03232425 0.02681605
v 0.00029579 -0.03230524 0.04191636
v 0.00029579 -0.03230524 0.02681605
v 0.00064954 -0.03222358 0.04191636
v 0.00064954 -0.03222358 0.02681605
v 0.00098373 -0.03208172 0.04191636
v 0.00098373 -0.03208172 0.02681605
v 0.00128822 -0.03188398 0.04191636
v 0.00128822 -0.03188398 0.02681605
v 0.00155374 -0.03163637 0.04191636
v 0.00155374 -0.03163637 0.02681605
v 0.00177223 -0.03134644 0.04191636
v 0.00177223 -0.03134644 0.02681605
v 0.00193706 -0.03102295 0.04191636
v 0.00193706 -0.03102295 0.02681605
v 0.00204320 -0.03067576 0.04191636
v 0.00204320 -0.03067576 0.02681605
v 0.00208745 -0.03031540 0.04191636
v 0.00208745 -0.03031540 0.02681605
v 0.00206845 -0.02995285 0.04191636
v 0.00206845 -0.02995285 0.02681605
v 0.00198678 -0.02959909 0.04191636
v 0.00198678 -0.02959909 0.02681605
v 0.00184492 -0.02926490 0.04191636
v 0.00184492 -0.02926490 0.02681605
v 0.00164719 -0.02896041 0.04191636
v 0.00139958 -0.02869490 0.04191636
v 0.00139958 -0.02869490 0.02681605
v 0.00110963 -0.02847640 0.04191636
v 0.00110963 -0.02847640 0.02681605
v 0.00078615 -0.02831158 0.04191636
v 0.00078615 -0.02831158 0.02681605
v 0.00043896 -0.02820543 0.04191636
v 0.00007861 -0.02816118 0.04191636
v 0.02203795 0.03001635 0.02046352
v 0.02501200 0.02758964 0.02046352
v 0.01542259 0.03389145 0.02046352
v 0.01185141 0.03529877 0.02046352
v 0.02751557 0.02479821 0.03886534
v -0.01789227 0.03267081 0.02046352
v -0.02560054 0.02700305 0.02046352
v -0.02126884 0.03028048 0.03890692
v -0.01280603 0.03467429 0.03885810
v 0.00268548 0.03788377 0.03840298
v -0.01262791 0.03498591 0.02046352
v 0.00626268 0.03665496 0.02046352
v 0.03621873 0.00970376 0.03887794
v 0.02945195 0.02257407 0.02046352
v 0.03588604 0.00982810 0.02046352
v 0.03633828 -0.00739735 0.03886284
v 0.02953086 -0.02317376 0.03887794
v 0.03607719 -0.00717821 0.02046351
v 0.02943061 -0.02283306 0.02046351
v 0.01592452 -0.03353371 0.03886284
v -0.00078004 -0.03755813 0.03887794
v 0.01594302 -0.03319339 0.02046351
v -0.00056771 -0.03727345 0.02046351
v -0.01723313 -0.03289341 0.03886284
v -0.03047829 -0.02194796 0.03887794
v -0.01694975 -0.03270396 0.02046351
v -0.03012313 -0.02194694 0.02046351
v -0.03662262 -0.00598829 0.03886284
v -0.03581795 0.01117528 0.03887794
v -0.03630101 -0.00610128 0.02046351
v -0.03560397 0.01089183 0.02046352
v -0.03059224 0.02119732 0.02046352
v -0.02777049 0.02447248 0.03884446
v -0.00191093 0.03160293 0.04243706
v -0.00174944 0.02852158 0.04243706
v 0.00131314 0.02814555 0.04243706
v 0.00221527 0.03109630 0.04243706
v 0.00031720 0.03269364 0.04243706
v -0.00191093 -0.02879827 0.04243706
v -0.00174944 -0.03187962 0.04243706
v 0.00131314 -0.03225565 0.04243706
v 0.00221527 -0.02930491 0.04243706
v 0.00031720 -0.02770757 0.04243706
v -0.00222371 -0.03328825 0.04243706
v -0.00976619 -0.03177534 0.04243706
v -0.01683111 -0.02875448 0.04243706
v -0.02107685 -0.02585869 0.04243706
v -0.02476557 -0.02228026 0.04243706
v -0.02792956 -0.01823043 0.04243706
v -0.03124658 -0.01128959 0.04243706
v -0.03307084 -0.00382563 0.04243706
v -0.03330302 0.00130837 0.04243706
v -0.03265489 0.00640658 0.04243706
v -0.03131474 0.01136802 0.04243706
v -0.02531660 0.02115664 0.04243706
v -0.01444530 0.02993502 0.04243706
v -0.00800771 0.03225311 0.04243706
v -0.00294601 0.03314257 0.04243706
v 0.00219322 0.03315440 0.04243706
v 0.00728567 0.03246239 0.04243706
v 0.01218509 0.03091075 0.04243706
v 0.01682588 0.02870282 0.04243706
v 0.02102136 0.02573469 0.04243706
v 0.02584985 0.02088682 0.04243706
v 0.02880115 0.01667948 0.04243706
v 0.03099046 0.01202989 0.04243706
v 0.03252247 0.00712429 0.04243706
v 0.03317787 -0.00054046 0.04243706
v 0.03225193 -0.00816812 0.04243706
v 0.03065816 -0.01305400 0.04243706
v 0.02825329 -0.01759586 0.04243706
v 0.02524914 -0.02176562 0.04243706
v 0.01951194 -0.02689032 0.04243706
v 0.01285528 -0.03072795 0.04243706
v 0.00799076 -0.03238577 0.04243706
v 0.00291456 -0.03318834 0.04243706
v 0.00081044 0.02768241 0.04243706
v -0.00008494 0.02755657 0.04243706
v -0.00053538 0.02761188 0.04243706
v -0.00035642 -0.02766456 0.04243706
v -0.00096937 0.02774456 0.04243706
v 0.03161288 0.01043170 0.04243706
v 0.00194070 0.02841640 0.04243706
v 0.00462301 -0.03303739 0.04243706
v 0.01245137 0.02713379 0.04243706
v 0.02692881 0.01955362 0.04243706
v 0.03270680 -0.00563908 0.04243706
v 0.00122819 0.02785972 0.04243706
v 0.02915799 -0.01613877 0.04243706
v 0.02288189 -0.02424805 0.04243706
v 0.02734858 -0.01905294 0.04243706
v -0.00187231 0.03288857 0.04243706
v -0.01645585 -0.00841155 0.04243706
v -0.02997536 0.01452593 0.04243706
v -0.01891208 0.02739340 0.04243706
v -0.02412504 0.02294754 0.04243706
v -0.01599068 0.02919111 0.04243706
v -0.01289992 0.03067892 0.04243706
v -0.00967257 0.03184105 0.04243706
v 0.03036805 0.01362807 0.04243706
v 0.00036826 0.02758033 0.04243706
v 0.00009678 -0.02764080 0.04243706
v 0.00136460 -0.02806837 0.04243706
v -0.01831100 -0.02788760 0.04243706
v -0.02361940 -0.02355614 0.04243706
v -0.00240800 -0.02926743 0.04243706
v -0.02591174 -0.02100438 0.04243706
v -0.02163314 0.02530483 0.04243706
v -0.02831838 0.01752938 0.04243706
v 0.00971092 0.02949852 0.04243706
v 0.01969250 0.02681899 0.04243706
v -0.00437542 0.03189947 0.04243706
v -0.00206542 0.03171934 0.04243706
v -0.00121635 0.03245723 0.04243706
v 0.00205750 -0.02863984 0.04243706
v 0.00230467 -0.02902045 0.04243706
v -0.03213784 -0.00887948 0.04243706
v -0.03105919 -0.01213568 0.04243706
v -0.00220198 -0.02886308 0.04243706
v -0.02965146 -0.01526372 0.04243706
v -0.03287595 -0.00552963 0.04243706
v -0.00192886 -0.02850064 0.04243706
v -0.03326573 -0.00212164 0.04243706
v -0.03232233 0.00808914 0.04243706
v -0.03298744 0.00472403 0.04243706
v -0.00229284 0.02893622 0.04243706
v -0.00247016 0.02935396 0.04243706
v -0.00257029 0.03013535 0.04243706
v 0.00527164 -0.03158489 0.04243706
v 0.00231683 -0.03142018 0.04243706
v 0.00996448 -0.02892892 0.04243706
v 0.00258408 -0.02988039 0.04243706
v 0.01443691 -0.03006459 0.04243706
f 5 7 4
f 7 5 6
f 777 9 8
f 8 9 10
f 8 10 11
f 777 12 13
f 13 12 14
f 14 12 15
f 15 16 17
f 17 16 18
f 134 19 20
f 134 20 21
f 21 20 141
f 22 23 24
f 22 24 25
f 778 26 27
f 27 26 28
f 29 30 31
f 29 31 32
f 36 37 38
f 39 35 40
f 39 40 44
f 41 42 43
f 44 46 45
f 45 46 47
f 49 50 51
f 49 51 52
f 55 53 54
f 55 54 59
f 54 56 59
f 59 56 58
f 781 57 61
f 61 60 62
f 64 63 65
f 65 63 66
f 67 66 68
f 70 71 72
f 74 69 73
f 74 73 75
f 76 77 78
f 78 77 80
f 80 77 79
f 80 79 81
f 83 81 82
f 87 82 84
f 87 84 85
f 87 85 86
f 86 190 87
f 190 88 90
f 90 88 89
f 90 89 91
f 90 91 92
f 94 93 92
f 95 103 96
f 96 97 312
f 312 97 98
f 98 97 99
f 99 97 100
f 100 97 94
f 95 101 103
f 103 101 102
f 103 102 202
f 103 202 199
f 103 199 198
f 103 198 105
f 105 198 104
f 105 104 792
f 106 107 109
f 109 107 203
f 109 203 108
f 109 108 110
f 110 108 111
f 112 113 114
f 112 114 115
f 118 116 117
f 118 117 213
f 213 215 118
f 118 215 119
f 123 122 124
f 124 125 126
f 126 125 127
f 128 129 130
f 130 129 235
f 131 132 133
f 235 135 134
f 134 135 19
f 19 136 137
f 137 136 138
f 139 138 140
f 139 140 141
f 26 141 142
f 26 142 143
f 144 143 145
f 144 145 146
f 147 149 148
f 148 149 150
f 151 152 153
f 153 152 154
f 156 150 155
f 156 155 157
f 157 158 159
f 159 158 160
f 54 160 161
f 54 161 162
f 167 168 169
f 172 170 171
f 172 171 60
f 60 171 173
f 174 175 69
f 69 175 278
f 69 278 176
f 69 176 177
f 177 290 178
f 178 290 292
f 179 292 294
f 179 294 180
f 182 180 181
f 182 181 296
f 182 296 183
f 183 184 187
f 187 184 185
f 187 185 300
f 187 300 186
f 187 186 84
f 191 94 92
f 191 92 91
f 191 91 189
f 191 189 88
f 191 88 190
f 191 190 186
f 186 190 192
f 186 192 188
f 193 94 99
f 99 94 314
f 99 314 194
f 194 314 312
f 312 195 96
f 96 195 316
f 96 316 196
f 197 106 200
f 200 106 104
f 200 104 198
f 200 198 199
f 200 199 202
f 202 201 101
f 202 101 196
f 196 101 96
f 197 204 203
f 203 204 205
f 205 204 206
f 206 207 325
f 209 325 208
f 209 208 116
f 116 208 211
f 211 208 210
f 211 210 212
f 211 212 213
f 213 212 214
f 214 212 215
f 215 216 217
f 219 218 220
f 220 218 221
f 220 221 222
f 226 227 228
f 229 230 232
f 232 230 231
f 232 231 127
f 236 235 237
f 236 237 19
f 240 239 241
f 240 241 242
f 244 243 245
f 244 245 249
f 246 247 248
f 249 250 251
f 251 250 447
f 252 253 254
f 255 256 257
f 259 260 262
f 260 261 262
f 262 261 263
f 263 264 265
f 265 264 367
f 266 265 367
f 267 268 266
f 266 268 265
f 268 267 269
f 268 269 270
f 270 269 271
f 271 269 273
f 273 269 372
f 273 372 272
f 273 272 274
f 278 175 277
f 278 277 279
f 279 277 276
f 280 281 282
f 278 284 285
f 278 286 284
f 284 286 383
f 287 288 289
f 291 383 290
f 292 290 293
f 292 293 294
f 294 293 180
f 180 293 295
f 295 293 296
f 296 293 297
f 184 297 298
f 298 297 300
f 300 297 299
f 300 299 301
f 301 299 302
f 302 299 303
f 304 305 306
f 306 305 307
f 307 305 308
f 311 309 310
f 311 310 308
f 309 311 314
f 314 311 411
f 411 313 314
f 314 313 312
f 312 313 315
f 315 313 316
f 316 313 317
f 317 313 318
f 318 313 417
f 318 417 319
f 319 417 320
f 322 321 323
f 324 204 326
f 326 325 324
f 325 326 327
f 327 326 332
f 328 329 330
f 332 331 333
f 331 334 333
f 335 336 334
f 334 336 337
f 334 337 339
f 339 337 338
f 338 340 339
f 339 340 224
f 224 340 341
f 343 341 342
f 343 342 344
f 345 344 346
f 345 346 440
f 349 347 348
f 349 348 350
f 351 350 442
f 351 442 352
f 353 354 355
f 444 445 360
f 356 357 358
f 358 357 359
f 362 364 361
f 263 364 365
f 263 365 366
f 263 366 367
f 367 366 266
f 371 369 370
f 371 370 466
f 466 372 373
f 372 374 376
f 376 374 375
f 376 375 477
f 477 377 378
f 378 377 379
f 379 377 380
f 381 380 382
f 381 382 383
f 384 385 386
f 388 484 483
f 388 483 389
f 391 389 390
f 391 390 482
f 391 482 392
f 396 392 393
f 396 393 394
f 396 394 395
f 396 395 397
f 397 398 399
f 399 398 400
f 402 400 401
f 402 401 403
f 402 403 499
f 404 405 406
f 409 311 410
f 409 410 411
f 413 411 412
f 413 412 504
f 413 414 416
f 414 415 416
f 416 415 417
f 417 418 420
f 420 418 419
f 420 419 421
f 421 419 422
f 422 510 423
f 423 510 424
f 425 424 514
f 425 514 428
f 428 514 426
f 428 426 528
f 428 528 427
f 428 427 530
f 428 530 429
f 430 431 433
f 433 431 538
f 433 538 432
f 433 432 434
f 435 434 436
f 437 438 344
f 344 438 346
f 346 438 439
f 346 439 440
f 440 439 441
f 441 439 442
f 442 443 352
f 352 443 444
f 444 443 445
f 360 446 359
f 359 446 358
f 358 446 356
f 356 446 447
f 447 446 448
f 449 450 451
f 449 451 452
f 453 454 455
f 455 454 456
f 455 456 365
f 365 456 457
f 457 456 565
f 457 565 458
f 460 459 461
f 460 461 568
f 568 462 369
f 369 462 463
f 466 465 2
f 466 2 467
f 467 2 468
f 469 470 471
f 472 467 468
f 473 474 475
f 469 476 470
f 477 473 478
f 477 478 479
f 482 483 588
f 588 483 484
f 576 486 479
f 479 486 480
f 481 487 488
f 481 488 489
f 598 491 490
f 598 490 489
f 489 490 481
f 491 492 493
f 495 493 494
f 495 494 496
f 496 494 400
f 400 494 497
f 400 497 401
f 401 497 498
f 500 499 501
f 500 501 1
f 1 501 502
f 502 503 411
f 504 503 505
f 504 505 506
f 506 505 414
f 414 505 507
f 507 505 418
f 418 505 508
f 508 505 509
f 510 509 511
f 510 511 512
f 512 511 513
f 721 629 514
f 514 629 515
f 516 517 518
f 515 519 521
f 521 519 520
f 521 520 522
f 521 522 523
f 523 522 524
f 523 524 528
f 525 526 527
f 530 531 532
f 532 531 533
f 533 534 535
f 535 534 536
f 537 539 538
f 538 539 540
f 540 539 649
f 541 649 542
f 541 542 543
f 546 543 544
f 546 544 545
f 546 545 547
f 550 547 548
f 550 548 549
f 550 549 551
f 550 551 552
f 554 553 555
f 555 553 556
f 559 560 561
f 561 560 562
f 567 565 566
f 567 566 568
f 568 566 570
f 570 566 569
f 570 569 571
f 570 571 676
f 572 573 574
f 695 485 577
f 577 485 576
f 577 576 578
f 579 578 580
f 579 580 687
f 687 580 581
f 583 581 582
f 586 585 587
f 482 588 589
f 589 590 591
f 594 592 593
f 594 593 595
f 595 596 590
f 590 596 591
f 592 594 597
f 597 594 598
f 598 594 600
f 600 594 599
f 600 599 601
f 601 599 602
f 602 599 603
f 603 599 604
f 599 605 604
f 604 605 609
f 606 607 608
f 608 609 610
f 608 610 611
f 611 610 705
f 611 705 707
f 611 707 612
f 613 614 616
f 616 614 615
f 616 615 711
f 711 617 621
f 621 617 618
f 618 713 621
f 621 713 619
f 621 619 620
f 621 620 716
f 621 716 622
f 624 622 623
f 624 623 625
f 625 626 627
f 627 626 721
f 721 628 629
f 629 628 515
f 515 725 630
f 515 630 631
f 631 630 632
f 633 634 635
f 630 636 632
f 632 636 635
f 632 635 637
f 637 635 634
f 635 638 633
f 633 638 639
f 639 638 530
f 640 641 642
f 530 643 644
f 644 643 645
f 643 733 645
f 646 647 648
f 648 647 649
f 651 652 653
f 652 736 653
f 653 736 737
f 653 737 654
f 654 737 655
f 657 655 656
f 657 656 740
f 657 741 658
f 658 659 657
f 658 660 659
f 661 660 662
f 662 660 665
f 665 660 663
f 665 663 664
f 665 664 667
f 667 664 666
f 667 666 668
f 671 669 670
f 671 670 668
f 669 672 673
f 673 672 569
f 569 674 675
f 675 674 758
f 678 677 679
f 679 677 759
f 679 759 760
f 679 760 681
f 681 760 763
f 681 763 680
f 680 682 681
f 684 683 685
f 685 683 583
f 579 688 692
f 689 690 691
f 577 693 694
f 694 693 695
f 695 693 696
f 696 693 697
f 697 1023 915
f 697 915 698
f 698 915 699
f 703 701 702
f 703 702 704
f 704 702 705
f 705 702 706
f 705 706 707
f 707 706 708
f 708 706 613
f 613 706 614
f 614 706 709
f 614 709 710
f 710 709 1011
f 710 1011 711
f 711 1011 617
f 617 1011 712
f 617 712 713
f 617 713 618
f 619 713 714
f 714 713 715
f 714 715 716
f 718 716 717
f 718 717 623
f 623 719 720
f 720 719 925
f 720 925 1010
f 720 1010 721
f 721 1010 722
f 722 723 724
f 724 723 725
f 725 723 630
f 726 727 728
f 723 728 630
f 630 728 729
f 729 728 727
f 726 730 734
f 730 731 734
f 734 731 930
f 733 734 930
f 650 732 735
f 732 931 735
f 735 931 736
f 736 931 737
f 931 738 737
f 737 738 739
f 740 738 935
f 740 935 657
f 657 935 741
f 741 935 742
f 743 742 745
f 745 742 744
f 745 746 747
f 747 746 941
f 747 941 748
f 947 749 748
f 748 749 747
f 749 750 753
f 753 750 751
f 753 751 752
f 953 755 753
f 953 753 754
f 754 753 752
f 569 756 958
f 958 757 758
f 758 757 678
f 678 757 677
f 677 757 759
f 760 759 961
f 760 961 763
f 763 961 761
f 763 761 762
f 763 762 680
f 764 765 766
f 549 548 657
f 230 229 224
f 339 224 218
f 215 213 214
f 57 768 58
f 59 769 55
f 770 111 771
f 770 771 772
f 772 771 773
f 3 775 774
f 3 774 773
f 4 775 3
f 775 4 776
f 776 4 7
f 776 7 6
f 11 776 8
f 8 776 6
f 9 777 776
f 776 11 10
f 776 10 9
f 14 15 13
f 18 15 17
f 18 134 778
f 141 778 21
f 778 134 21
f 27 28 778
f 33 34 35
f 47 779 45
f 35 39 44
f 35 44 779
f 779 44 45
f 779 47 148
f 148 48 779
f 48 53 769
f 55 769 53
f 769 59 780
f 780 59 768
f 768 59 58
f 781 768 57
f 781 61 782
f 782 61 783
f 783 61 62
f 63 783 62
f 64 65 783
f 64 783 63
f 65 69 785
f 74 784 785
f 785 69 74
f 784 74 75
f 76 78 786
f 786 78 80
f 786 80 787
f 787 80 81
f 787 81 83
f 787 83 82
f 82 87 787
f 787 87 788
f 87 190 788
f 788 190 90
f 94 789 93
f 788 90 789
f 789 90 92
f 789 92 93
f 789 94 97
f 789 97 790
f 790 97 767
f 97 96 767
f 767 96 103
f 767 103 791
f 791 103 792
f 103 105 792
f 109 793 106
f 793 109 110
f 793 110 794
f 110 111 794
f 118 773 116
f 116 773 771
f 119 4 3
f 119 3 118
f 773 118 3
f 120 5 4
f 120 4 119
f 120 121 5
f 5 121 6
f 6 121 8
f 8 121 122
f 8 122 123
f 8 123 124
f 8 124 126
f 8 126 777
f 777 126 12
f 12 126 127
f 12 127 128
f 12 128 15
f 128 130 15
f 15 130 16
f 16 130 18
f 18 130 235
f 18 235 134
f 20 19 137
f 20 137 138
f 20 138 139
f 20 139 141
f 23 795 24
f 24 795 796
f 778 141 26
f 28 26 143
f 30 797 31
f 31 797 798
f 33 143 34
f 34 143 144
f 34 144 35
f 35 144 146
f 37 799 38
f 35 146 40
f 40 146 44
f 44 146 147
f 44 147 46
f 46 147 47
f 47 147 148
f 48 148 150
f 48 150 53
f 156 53 150
f 157 54 53
f 157 53 156
f 160 54 159
f 159 54 157
f 56 54 162
f 56 162 163
f 56 163 164
f 56 164 165
f 56 165 166
f 56 166 58
f 58 166 270
f 58 270 170
f 58 170 57
f 57 170 172
f 57 172 60
f 57 60 61
f 62 60 173
f 62 173 63
f 63 173 174
f 63 174 66
f 66 174 65
f 65 174 69
f 73 69 177
f 73 177 75
f 75 177 76
f 76 177 178
f 76 178 77
f 77 178 292
f 77 292 179
f 187 82 81
f 179 180 77
f 77 180 182
f 77 182 79
f 79 182 183
f 79 183 187
f 79 187 81
f 194 312 98
f 194 98 99
f 193 99 100
f 193 100 94
f 189 91 89
f 189 89 88
f 192 190 86
f 188 86 186
f 186 86 85
f 186 85 84
f 187 84 82
f 95 96 101
f 102 101 201
f 102 201 202
f 104 106 792
f 800 801 802
f 106 197 107
f 107 197 203
f 803 804 805
f 203 205 108
f 108 205 206
f 108 206 325
f 108 325 111
f 111 325 209
f 807 806 808
f 113 808 809
f 113 809 114
f 116 211 117
f 117 211 213
f 223 121 220
f 215 217 119
f 119 217 216
f 119 216 120
f 120 216 219
f 120 219 121
f 121 219 220
f 232 122 229
f 229 122 225
f 225 122 224
f 224 122 121
f 224 121 223
f 150 149 259
f 259 149 258
f 258 149 147
f 447 147 251
f 251 147 146
f 251 146 249
f 249 146 145
f 249 145 244
f 244 145 143
f 244 143 243
f 243 143 142
f 243 142 141
f 243 141 242
f 242 141 140
f 242 140 138
f 242 138 240
f 240 138 239
f 239 138 136
f 239 136 238
f 238 136 19
f 238 19 350
f 19 135 236
f 236 135 235
f 235 129 234
f 234 129 128
f 233 128 127
f 127 125 232
f 232 125 124
f 232 124 122
f 150 259 262
f 150 262 155
f 155 263 265
f 155 262 263
f 268 162 161
f 268 161 160
f 268 160 265
f 265 160 158
f 265 158 157
f 265 157 155
f 162 268 163
f 163 268 164
f 164 268 165
f 165 268 166
f 166 268 270
f 170 270 271
f 170 271 171
f 171 271 273
f 273 274 171
f 171 274 275
f 171 275 173
f 173 275 283
f 173 283 276
f 173 276 174
f 174 276 277
f 174 277 175
f 176 278 285
f 176 285 177
f 177 285 284
f 177 284 383
f 177 383 291
f 177 291 290
f 810 811 812
f 180 295 181
f 181 295 296
f 296 297 183
f 183 297 184
f 300 185 298
f 298 185 184
f 813 814 815
f 300 301 186
f 186 301 302
f 186 302 303
f 308 191 307
f 307 191 306
f 306 191 186
f 306 186 304
f 304 186 303
f 191 308 310
f 191 310 94
f 94 310 309
f 816 817 818
f 818 817 309
f 94 309 314
f 195 312 315
f 195 315 316
f 316 317 196
f 196 317 318
f 196 318 202
f 202 318 319
f 202 319 200
f 200 319 320
f 200 320 321
f 200 321 197
f 197 321 322
f 197 322 323
f 197 323 204
f 204 324 206
f 206 324 207
f 207 324 325
f 325 327 332
f 325 332 208
f 332 333 208
f 208 333 334
f 339 212 334
f 208 334 210
f 210 334 212
f 212 339 215
f 215 339 216
f 339 218 219
f 339 219 216
f 224 229 225
f 224 223 221
f 224 221 218
f 237 349 19
f 19 349 350
f 230 224 341
f 230 341 343
f 230 343 231
f 231 343 127
f 127 343 344
f 127 344 233
f 233 344 128
f 128 344 345
f 128 345 234
f 234 345 440
f 234 440 235
f 235 440 347
f 235 347 237
f 237 347 349
f 245 359 357
f 245 357 249
f 238 350 239
f 239 350 351
f 239 351 241
f 241 351 352
f 241 352 242
f 242 352 444
f 242 444 243
f 243 444 360
f 243 360 245
f 245 360 359
f 249 357 250
f 250 357 447
f 447 357 356
f 447 363 147
f 147 363 362
f 147 362 258
f 258 362 259
f 259 362 361
f 259 361 260
f 260 361 364
f 260 364 261
f 261 364 263
f 264 263 367
f 819 820 821
f 266 368 267
f 267 368 369
f 267 369 371
f 267 371 269
f 269 371 466
f 269 466 373
f 269 373 372
f 372 376 272
f 272 376 274
f 274 376 275
f 275 376 283
f 283 376 276
f 276 376 477
f 378 278 477
f 477 278 279
f 477 279 276
f 278 378 379
f 278 379 380
f 278 380 381
f 278 381 286
f 286 381 383
f 383 387 290
f 290 387 484
f 290 484 388
f 290 388 389
f 290 389 293
f 293 389 391
f 293 391 392
f 293 392 297
f 297 392 396
f 297 396 299
f 299 396 397
f 299 397 303
f 303 397 304
f 304 397 399
f 304 399 305
f 499 308 402
f 399 400 305
f 305 400 402
f 305 402 308
f 408 311 407
f 407 311 499
f 499 311 308
f 409 411 311
f 413 313 411
f 313 416 417
f 313 413 416
f 417 420 320
f 320 420 321
f 321 420 421
f 321 421 422
f 321 422 323
f 204 323 422
f 204 422 423
f 204 423 326
f 326 423 424
f 424 425 326
f 326 425 332
f 332 425 331
f 331 425 428
f 429 337 428
f 428 337 336
f 428 336 335
f 428 335 334
f 428 334 331
f 337 429 430
f 337 430 338
f 338 430 433
f 338 433 340
f 341 434 435
f 340 433 341
f 341 433 434
f 341 435 436
f 341 436 342
f 342 436 437
f 342 437 344
f 350 348 441
f 441 348 347
f 441 347 440
f 350 441 442
f 353 822 823
f 353 823 354
f 824 825 826
f 824 826 827
f 455 364 362
f 455 362 453
f 828 829 830
f 363 447 448
f 363 448 362
f 362 448 453
f 364 455 365
f 366 365 457
f 366 457 266
f 266 457 458
f 266 458 459
f 466 370 465
f 465 370 464
f 464 370 463
f 463 370 369
f 568 369 368
f 568 368 460
f 460 368 459
f 459 368 266
f 372 466 467
f 372 467 374
f 374 467 472
f 374 472 475
f 473 374 474
f 474 374 475
f 374 473 375
f 375 473 477
f 377 477 479
f 479 480 377
f 480 486 377
f 377 486 380
f 380 486 382
f 382 486 383
f 383 486 387
f 387 486 485
f 387 485 484
f 831 832 833
f 389 483 390
f 390 483 482
f 392 482 591
f 392 591 481
f 392 481 393
f 393 481 490
f 393 490 491
f 395 394 491
f 491 394 393
f 491 493 395
f 395 493 495
f 395 495 397
f 397 495 398
f 398 495 496
f 398 496 400
f 834 835 836
f 834 836 837
f 403 401 498
f 403 498 499
f 405 838 839
f 499 500 407
f 407 500 1
f 407 1 408
f 408 1 502
f 408 502 311
f 311 502 410
f 410 502 411
f 512 424 510
f 840 841 842
f 510 422 509
f 509 422 419
f 509 419 508
f 508 419 418
f 843 844 845
f 507 418 417
f 507 417 415
f 507 415 414
f 846 847 848
f 848 847 849
f 506 414 413
f 506 413 504
f 850 851 852
f 503 504 412
f 503 412 411
f 424 512 513
f 424 513 514
f 514 513 721
f 515 521 514
f 514 521 426
f 426 521 523
f 426 523 528
f 429 532 430
f 430 532 533
f 528 529 427
f 427 529 530
f 530 532 429
f 430 533 535
f 430 535 536
f 430 536 431
f 431 536 537
f 431 537 538
f 432 538 540
f 432 540 649
f 432 649 541
f 432 541 434
f 434 541 543
f 434 543 546
f 434 546 436
f 550 437 547
f 547 437 546
f 546 437 436
f 550 439 438
f 550 438 437
f 454 453 557
f 557 453 556
f 556 453 448
f 439 550 442
f 442 550 443
f 443 550 552
f 443 552 553
f 443 553 554
f 443 554 445
f 445 554 360
f 360 554 446
f 446 554 555
f 446 555 556
f 446 556 448
f 558 454 557
f 454 558 456
f 456 558 563
f 456 563 564
f 456 564 565
f 853 854 855
f 568 461 567
f 567 461 459
f 567 459 458
f 567 458 565
f 568 570 462
f 462 570 463
f 463 570 464
f 464 570 465
f 465 570 676
f 465 676 2
f 2 676 575
f 575 587 2
f 2 587 468
f 468 587 585
f 585 472 468
f 472 585 475
f 475 585 473
f 473 585 584
f 473 584 684
f 473 684 478
f 478 684 479
f 479 684 583
f 479 583 582
f 582 581 479
f 479 581 580
f 479 580 578
f 479 578 576
f 486 576 485
f 484 485 695
f 856 857 858
f 484 695 588
f 859 860 861
f 861 860 862
f 482 589 591
f 863 864 865
f 591 596 481
f 596 595 481
f 481 595 593
f 481 593 487
f 487 593 592
f 488 592 489
f 489 592 597
f 489 597 598
f 598 600 491
f 491 600 492
f 492 600 493
f 493 600 494
f 494 600 601
f 494 601 602
f 494 602 603
f 494 603 604
f 494 604 609
f 494 609 497
f 497 609 608
f 497 608 611
f 497 611 498
f 499 612 613
f 499 613 501
f 498 611 612
f 498 612 499
f 501 613 502
f 502 613 503
f 503 613 616
f 721 511 627
f 503 616 505
f 505 616 711
f 505 711 621
f 505 621 509
f 509 621 622
f 509 622 624
f 509 624 511
f 511 624 625
f 511 625 627
f 637 634 522
f 637 522 632
f 632 520 631
f 631 520 519
f 631 519 515
f 866 518 867
f 867 518 517
f 868 869 870
f 870 869 871
f 721 513 511
f 649 539 648
f 648 539 646
f 646 539 537
f 646 537 645
f 645 537 536
f 645 536 534
f 645 534 644
f 644 534 533
f 644 533 531
f 644 531 530
f 639 530 529
f 639 529 633
f 633 529 528
f 634 528 524
f 634 524 522
f 655 547 654
f 654 547 545
f 649 650 542
f 542 650 543
f 543 650 544
f 544 650 651
f 544 651 653
f 544 653 545
f 545 653 654
f 657 548 655
f 655 548 547
f 549 657 659
f 551 659 552
f 659 551 549
f 553 660 661
f 552 659 553
f 553 659 660
f 553 661 662
f 553 662 665
f 553 665 556
f 556 665 557
f 557 665 667
f 667 558 557
f 558 667 668
f 558 668 670
f 558 670 563
f 563 670 564
f 564 670 565
f 565 670 669
f 565 669 566
f 566 669 673
f 569 566 673
f 569 675 571
f 571 675 758
f 571 758 678
f 571 678 676
f 676 678 575
f 575 678 679
f 575 679 587
f 587 679 681
f 587 681 586
f 681 585 586
f 681 682 585
f 585 682 683
f 585 683 584
f 584 683 684
f 684 685 583
f 872 873 874
f 872 874 875
f 583 686 581
f 581 686 687
f 579 692 578
f 578 692 577
f 577 694 695
f 876 877 878
f 588 695 696
f 588 696 697
f 588 697 589
f 589 697 590
f 697 698 595
f 590 697 595
f 700 594 699
f 699 594 698
f 698 594 595
f 594 700 599
f 701 703 599
f 701 599 700
f 704 605 599
f 599 703 704
f 705 610 704
f 704 610 609
f 704 609 605
f 612 707 708
f 612 708 613
f 614 710 615
f 710 711 615
f 879 880 881
f 619 714 620
f 620 714 716
f 882 883 884
f 882 884 885
f 716 718 622
f 622 718 623
f 886 887 888
f 623 720 625
f 625 720 626
f 626 720 721
f 721 722 628
f 628 722 724
f 628 724 515
f 889 724 890
f 515 724 725
f 891 892 893
f 630 729 727
f 734 643 530
f 734 530 638
f 734 638 726
f 726 638 635
f 726 635 727
f 727 635 636
f 727 636 630
f 643 734 733
f 732 649 647
f 732 647 928
f 928 647 646
f 928 646 645
f 928 645 733
f 736 652 735
f 735 652 651
f 735 651 650
f 732 650 649
f 737 739 655
f 655 739 738
f 655 738 656
f 656 738 740
f 743 658 742
f 742 658 741
f 745 660 743
f 743 660 658
f 664 747 749
f 660 745 663
f 663 745 747
f 663 747 664
f 664 749 666
f 666 749 668
f 668 749 671
f 671 749 753
f 671 753 669
f 669 753 755
f 669 755 672
f 672 755 569
f 894 895 896
f 896 895 897
f 674 569 958
f 674 958 758
f 898 899 900
f 900 899 901
f 902 903 904
f 904 903 905
f 906 764 907
f 682 680 908
f 682 908 683
f 683 908 909
f 910 683 909
f 911 686 583
f 911 583 910
f 910 583 683
f 579 687 686
f 912 693 913
f 913 693 579
f 579 693 577
f 579 577 692
f 579 692 688
f 967 700 914
f 914 700 699
f 914 699 915
f 912 1023 697
f 912 697 693
f 701 700 916
f 916 700 967
f 701 916 702
f 702 917 968
f 918 706 919
f 919 706 702
f 919 702 968
f 706 918 709
f 709 918 971
f 709 971 1011
f 1011 920 921
f 1011 921 712
f 713 712 1112
f 922 715 713
f 713 1112 922
f 1110 719 623
f 923 623 717
f 923 717 716
f 922 716 715
f 924 1010 925
f 926 730 726
f 926 726 927
f 927 726 728
f 927 728 723
f 927 723 722
f 928 733 929
f 929 733 930
f 930 731 926
f 926 731 730
f 979 931 932
f 932 931 732
f 932 732 933
f 933 732 928
f 931 934 738
f 934 935 738
f 937 745 744
f 938 939 940
f 981 744 742
f 981 742 936
f 942 943 944
f 945 941 746
f 945 746 1002
f 1002 746 946
f 946 746 937
f 937 746 745
f 948 949 950
f 948 950 951
f 952 569 755
f 954 953 754
f 954 754 752
f 955 956 957
f 988 757 958
f 958 756 952
f 952 756 569
f 952 959 960
f 994 961 759
f 759 757 988
f 962 963 761
f 909 964 910
f 910 964 1028
f 910 1028 965
f 910 965 911
f 911 965 686
f 686 965 1024
f 686 1024 579
f 966 913 579
f 966 579 1024
f 1124 1023 912
f 1124 912 966
f 966 912 913
f 1019 916 967
f 1023 914 915
f 916 1019 1018
f 1018 968 917
f 1018 917 702
f 1018 702 916
f 968 969 919
f 919 969 918
f 918 969 970
f 918 970 1115
f 918 1115 1014
f 918 1014 971
f 972 973 974
f 920 1011 921
f 921 1011 975
f 921 975 712
f 712 975 1112
f 922 1112 1013
f 922 1013 716
f 716 1013 923
f 923 1013 623
f 623 1013 1110
f 719 1110 1010
f 719 1010 925
f 925 1010 924
f 1010 976 722
f 722 976 927
f 927 977 926
f 926 977 1009
f 926 1009 930
f 930 1009 929
f 929 1009 978
f 929 978 928
f 928 978 933
f 932 933 980
f 980 979 932
f 1005 934 1006
f 1006 934 1007
f 1007 934 931
f 1007 931 979
f 936 742 1005
f 1005 742 935
f 1005 935 934
f 981 937 744
f 937 981 982
f 937 982 946
f 945 748 941
f 1003 1002 946
f 1003 946 982
f 945 1001 748
f 748 1001 983
f 748 983 947
f 947 983 984
f 947 984 749
f 749 984 750
f 750 984 751
f 751 984 999
f 751 999 752
f 752 999 954
f 954 999 953
f 953 999 985
f 953 985 755
f 755 985 952
f 952 985 958
f 958 985 988
f 988 985 1179
f 988 1179 986
f 988 986 987
f 994 759 988
f 989 990 991
f 991 992 993
f 993 992 994
f 1114 1012 971
f 1176 994 988
f 995 996 997
f 988 987 1176
f 996 998 997
f 1103 999 984
f 1104 984 1175
f 1175 984 983
f 1000 983 1001
f 1001 945 1174
f 1174 945 1002
f 1005 1173 1004
f 982 981 1100
f 1005 1006 1173
f 1007 979 980
f 1095 933 978
f 978 1009 1094
f 1010 1109 976
f 1012 1011 971
f 1114 971 1014
f 1015 1016 1017
f 1116 969 968
f 1018 1243 1119
f 1018 1119 968
f 968 1119 1116
f 1020 914 1021
f 1019 967 1020
f 1020 967 914
f 1021 914 1023
f 966 1025 1124
f 1026 1027 1028
f 1123 965 1028
f 1143 1029 1034
f 1030 1031 1032
f 1033 1143 1034
f 1033 1035 1146
f 1037 1038 1039
f 1146 1036 1040
f 1146 1040 1144
f 1144 1040 1041
f 1147 1041 1042
f 1147 1042 1043
f 1149 1044 1045
f 1149 1045 1046
f 1150 1048 1049
f 1150 1049 1050
f 1049 3064 1050
f 1050 3064 1051
f 1050 1051 1052
f 1055 1054 1157
f 1159 1056 1161
f 1161 1057 1058
f 1061 1060 1062
f 1063 1273 1142
f 1065 1064 1140
f 1140 1066 1142
f 1142 1066 3074
f 1142 3074 1063
f 1067 1064 1065
f 1070 1079 1071
f 1074 1075 1076
f 1198 3023 1080
f 1135 3013 1082
f 1135 1082 3097
f 1198 1084 3023
f 1085 1088 1084
f 1084 1088 3031
f 1084 3031 1086
f 3115 1088 1131
f 1131 1088 1132
f 1132 1088 1085
f 3115 1089 1090
f 927 1091 1092
f 927 1092 977
f 977 1092 1093
f 977 1093 1009
f 1009 1093 1094
f 978 1094 1172
f 978 1172 1095
f 1095 1096 933
f 933 1096 1008
f 933 1008 980
f 980 1008 1007
f 1007 1008 1097
f 1007 1097 1173
f 1007 1173 1006
f 1173 1098 1004
f 1004 1101 1005
f 1003 982 1099
f 1099 982 1100
f 1100 981 1302
f 1302 981 1101
f 1101 981 936
f 1101 936 1005
f 1178 987 986
f 1180 1179 985
f 1180 985 999
f 1180 999 1102
f 1102 999 1103
f 1103 984 1104
f 1105 1106 1107
f 1175 983 1000
f 1174 1000 1001
f 1108 1174 1002
f 1108 1002 1003
f 1176 987 1178
f 1091 927 1246
f 927 976 1246
f 1246 976 1109
f 1109 1010 1110
f 1171 1110 1111
f 1111 1110 1013
f 1111 1013 1112
f 1248 1112 975
f 1248 975 1113
f 1113 975 1011
f 1113 1011 1114
f 1011 1012 1114
f 1114 1014 1115
f 1116 970 969
f 1117 1116 1118
f 1116 1119 1118
f 1243 1018 1120
f 1120 1018 1121
f 1121 1018 1019
f 1121 1019 1122
f 1122 1019 1020
f 1020 1021 1166
f 1166 1021 1023
f 1166 1023 1022
f 1022 1023 1165
f 1165 1023 1124
f 1164 1124 1025
f 1164 1025 966
f 1163 966 1125
f 1125 966 1024
f 1125 1024 1126
f 1126 1024 965
f 1126 965 1123
f 1127 1089 3115
f 1128 3115 1131
f 1128 1129 1130
f 1085 1084 1133
f 1133 1084 1198
f 1134 1198 1080
f 1134 1080 1081
f 1081 3013 1135
f 1135 3097 1083
f 1136 3098 3099
f 1136 3099 1077
f 1138 1137 1079
f 1138 1079 1070
f 1070 1071 1072
f 1072 1073 1069
f 1279 1068 1139
f 1065 1211 1067
f 1067 1211 1141
f 1213 1029 1143
f 1143 1033 1146
f 1145 1146 1144
f 1144 1041 1147
f 1147 1043 1148
f 1148 1044 1149
f 1149 1046 1047
f 1149 1047 1048
f 1151 1152 1153
f 1154 1150 1050
f 1053 1155 1051
f 1051 1155 1052
f 1156 1155 1053
f 1156 1053 1055
f 1219 1157 1054
f 1219 1054 1158
f 1158 1054 2938
f 1158 2938 3058
f 1158 3058 1159
f 1160 1159 1161
f 1161 1058 1162
f 1162 1058 1059
f 1232 1059 1060
f 1232 1060 1988
f 1061 1221 1060
f 1060 1221 1988
f 966 1163 1164
f 1164 1165 1124
f 1167 1168 1169
f 1169 1168 1170
f 970 1116 1114
f 970 1114 1115
f 1112 1248 1111
f 1095 1172 1096
f 1108 1003 1301
f 1108 1301 1174
f 1000 1174 1175
f 1175 1103 1104
f 1177 1176 1178
f 1178 986 1179
f 1289 1180 1102
f 793 794 1182
f 772 773 774
f 1186 1187 1181
f 794 111 1182
f 1182 111 770
f 1182 770 772
f 772 774 1182
f 1182 774 775
f 1189 1185 1190
f 1191 1190 1188
f 1184 1192 1183
f 1193 1194 1190
f 1194 1195 1190
f 1190 1195 1196
f 1190 1196 1188
f 1089 1127 1287
f 1198 1283 1282
f 1198 1282 1133
f 1131 1132 1199
f 1128 1199 3115
f 3115 1199 1286
f 3115 1286 1200
f 3115 1200 1127
f 1197 1198 1134
f 1197 1134 1201
f 1201 1134 1081
f 1201 1081 1135
f 1078 1202 1077
f 1077 1202 1136
f 1136 1202 3098
f 3098 1202 1203
f 1203 1204 1083
f 1083 1204 1281
f 1083 1281 1135
f 1135 1281 1201
f 1068 1279 1205
f 1068 1205 1069
f 1069 1205 1206
f 1069 1206 1072
f 1072 1206 1207
f 1072 1207 1208
f 1072 1208 1070
f 1070 1208 1138
f 1138 1208 1137
f 1137 1208 1209
f 1137 1209 1078
f 1078 1209 1280
f 1078 1280 1202
f 1065 1140 1210
f 1065 1210 1211
f 1141 1211 1525
f 1141 1525 1067
f 1067 1525 1278
f 1067 1278 1139
f 1139 1278 1260
f 1139 1260 1279
f 1144 1443 1145
f 1145 1443 1146
f 1146 1443 1272
f 1146 1272 1212
f 1146 1212 1143
f 1143 1212 1261
f 1143 1261 1213
f 1029 1213 1273
f 1273 1213 1274
f 1144 1147 1214
f 1214 1147 1148
f 1214 1148 1269
f 1269 1148 1149
f 1269 1149 1048
f 1269 1048 1150
f 1155 1215 1052
f 1052 1215 1268
f 1052 1268 1050
f 1050 1268 1154
f 1150 1154 1269
f 1215 1155 1216
f 1216 1155 1217
f 1217 1155 1220
f 1220 1155 1156
f 1059 1265 1162
f 1162 1265 1161
f 1161 1265 1218
f 1161 1218 1160
f 1160 1218 1159
f 1159 1218 1264
f 1159 1264 1219
f 1159 1219 1158
f 1219 1267 1157
f 1157 1267 1055
f 1055 1220 1156
f 1222 1223 1224
f 1225 1226 1227
f 1988 1233 1232
f 1228 1229 1230
f 1230 1229 1231
f 1059 1232 1233
f 1059 1233 1265
f 1126 1234 1235
f 1126 1235 1326
f 1126 1326 1125
f 1125 1326 1163
f 1163 1236 1164
f 1164 1236 1324
f 1164 1324 1165
f 1165 1324 1325
f 1165 1325 1022
f 1022 1325 1323
f 1022 1323 1166
f 1166 1323 1322
f 1166 1322 1020
f 1020 1322 1122
f 1122 1322 1237
f 1113 1114 1245
f 1321 1114 1238
f 1238 1114 1116
f 1238 1116 1573
f 1573 1116 1239
f 1239 1116 1117
f 1239 1117 1118
f 1241 1240 1242
f 1118 1119 1243
f 1244 1243 1120
f 1244 1120 1121
f 1244 1121 1237
f 1237 1121 1122
f 1316 1246 1480
f 1480 1246 1317
f 1317 1246 1109
f 1317 1109 1247
f 1247 1109 1110
f 1247 1110 1171
f 1247 1171 1318
f 1318 1171 1111
f 1318 1111 1319
f 1319 1111 1320
f 1320 1111 1248
f 1245 1248 1113
f 1311 1093 1092
f 1311 1092 1315
f 1315 1092 1249
f 1249 1092 1246
f 1246 1092 1091
f 1296 1175 1174
f 1467 1174 1301
f 1301 1003 1099
f 1301 1099 1100
f 1302 1101 1303
f 1303 1101 1304
f 1304 1101 1250
f 1250 1101 1004
f 1305 1098 1173
f 1305 1173 1097
f 1305 1097 1008
f 1305 1008 1306
f 1306 1008 1310
f 1310 1008 1096
f 1251 1096 1172
f 1251 1172 1252
f 1252 1172 1253
f 1253 1172 1311
f 1311 1172 1094
f 1311 1094 1093
f 1175 1290 1103
f 1103 1290 1294
f 1103 1294 1295
f 1103 1295 1102
f 1102 1295 1289
f 1180 1289 1254
f 1180 1254 1179
f 1254 1255 1179
f 1179 1255 1178
f 1288 1553 1176
f 1288 1176 1256
f 1256 1176 1177
f 1256 1257 1258
f 1258 1257 1259
f 1256 1177 1255
f 1255 1177 1178
f 1262 1226 1263
f 1264 1218 1265
f 1219 1264 1266
f 1219 1266 1267
f 1055 1267 1545
f 1215 1216 1220
f 1220 1216 1217
f 1154 1540 1269
f 1269 1270 1214
f 1214 1271 1144
f 1144 1271 1443
f 1261 1212 1442
f 1274 1213 1261
f 1273 1452 1142
f 1275 1276 1277
f 1211 1210 1525
f 1281 1455 1201
f 1283 1198 1284
f 1284 1198 1197
f 1284 1197 1201
f 1133 1285 1085
f 1199 1132 1286
f 1127 1200 1287
f 1256 1255 1288
f 1291 1292 1293
f 1290 1175 1296
f 1296 1174 1467
f 1298 1299 1300
f 1462 1098 1305
f 1459 1305 1306
f 1307 1308 1309
f 1312 1313 1314
f 1246 1316 1249
f 1483 1318 1319
f 1320 1248 1245
f 1245 1114 1321
f 1118 1243 1239
f 1163 1326 1236
f 1327 1234 1126
f 1328 1329 1330
f 1335 1332 1333
f 1333 1338 1335
f 1336 1340 1333
f 1333 1340 1423
f 1341 1342 1331
f 1423 1345 1346
f 1332 1347 1333
f 1333 1347 1348
f 1333 1348 1349
f 1333 1349 1336
f 1423 1353 1354
f 1423 1355 1345
f 1339 1356 1338
f 1331 1363 1357
f 1395 1360 1334
f 1337 1362 1331
f 1331 1362 1363
f 1331 1350 1365
f 1331 1365 1341
f 1369 1398 1377
f 1371 1372 1352
f 1352 1372 1373
f 1366 1334 1374
f 1334 1358 1375
f 1334 1367 1359
f 1398 1376 1377
f 1343 1378 1377
f 1368 1379 1380
f 1368 1380 1381
f 1368 1382 1369
f 1369 1382 1383
f 1331 1384 1350
f 1377 1386 1387
f 1377 1387 1344
f 1344 1388 1352
f 1352 1388 1389
f 1352 1389 1385
f 1370 1390 1351
f 1351 1391 1370
f 1364 1392 1331
f 1331 1392 1393
f 1366 1394 1334
f 1360 1396 1334
f 1334 1396 1397
f 1334 1397 1377
f 1369 1383 1398
f 1340 1399 1423
f 1423 1399 1400
f 1385 1389 1401
f 1401 1402 1340
f 1403 1351 1404
f 1331 1357 1405
f 1331 1405 1406
f 1331 1406 1364
f 1334 1407 1374
f 1334 1375 1408
f 1359 1409 1334
f 1334 1409 1395
f 1385 1411 1412
f 1380 1413 1414
f 1414 1415 1380
f 1380 1415 1416
f 1380 1416 1417
f 1380 1417 1421
f 1385 1412 1418
f 1385 1418 1419
f 1385 1419 1420
f 1400 1422 1423
f 1361 1423 1424
f 1425 1426 1421
f 1421 1426 1427
f 1421 1427 1428
f 1428 1429 1421
f 1421 1429 1410
f 1420 1430 1385
f 1385 1430 1431
f 1385 1431 1432
f 1432 1433 1385
f 1385 1433 1434
f 1385 1434 1437
f 1437 1435 1436
f 1437 1438 1439
f 1437 1439 1385
f 1440 1435 1441
f 1441 1435 1437
f 1274 1261 1442
f 1442 1212 1272
f 1442 1272 1534
f 1534 1272 1443
f 1535 1443 1271
f 1270 1536 1214
f 1535 1271 1536
f 1536 1271 1214
f 1220 1544 1543
f 1220 1543 1444
f 1220 1444 1215
f 1444 1542 1215
f 1215 1542 1268
f 1268 1542 1154
f 1154 1541 1540
f 1540 1539 1269
f 1269 1539 1538
f 1269 1538 1537
f 1269 1537 1270
f 1544 1220 1055
f 1445 1545 1267
f 1445 1267 1547
f 1547 1267 1266
f 1547 1266 1264
f 1547 1264 1548
f 1446 1447 1448
f 1450 1549 1265
f 1265 1549 1548
f 1265 1548 1264
f 1988 1551 1233
f 1233 1551 1550
f 1233 1550 1265
f 1265 1550 1449
f 1265 1449 1450
f 1446 1451 1447
f 1274 1529 1273
f 1273 1529 1452
f 1452 1529 1142
f 1142 1529 1528
f 1142 1528 1527
f 1142 1527 1140
f 1140 1527 1210
f 1210 1527 1526
f 1210 1526 1525
f 1278 1525 1260
f 1279 1260 1524
f 1524 1523 1279
f 1279 1523 1205
f 1205 1523 1522
f 1205 1522 1206
f 1206 1522 1521
f 1206 1521 1520
f 1206 1520 1207
f 1207 1520 1519
f 1207 1519 1208
f 1208 1519 1518
f 1208 1518 1453
f 1208 1453 1209
f 1209 1453 1280
f 1280 1453 1202
f 1202 1453 1516
f 1202 1516 1454
f 1202 1454 1515
f 1202 1515 1514
f 1202 1514 1203
f 1281 1512 1455
f 1455 1511 1201
f 1201 1511 1284
f 1284 1511 1456
f 1284 1456 1457
f 1284 1457 1283
f 1282 1283 1133
f 1133 1283 1285
f 1283 1510 1285
f 1285 1510 1458
f 1285 1458 1085
f 1085 1458 1132
f 1132 1458 1286
f 1458 1508 1286
f 1286 1508 1200
f 1505 1200 1508
f 1506 1287 1505
f 1505 1287 1200
f 1460 1252 1564
f 1564 1252 1253
f 1564 1253 1311
f 1564 1311 1478
f 1460 1251 1252
f 1459 1306 1460
f 1460 1306 1310
f 1460 1310 1096
f 1460 1096 1251
f 1461 1305 1459
f 1461 1462 1305
f 1561 1303 1304
f 1561 1304 1250
f 1561 1250 1004
f 1303 1561 1302
f 1302 1561 1464
f 1302 1464 1465
f 1302 1465 1100
f 1100 1465 1301
f 1301 1466 1467
f 1300 1468 1298
f 1467 1559 1296
f 1296 1559 1297
f 1557 1290 1296
f 1557 1296 1297
f 1469 1470 1471
f 1471 1470 1472
f 1289 1295 1473
f 1473 1295 1556
f 1556 1295 1290
f 1290 1295 1294
f 1474 1254 1475
f 1475 1254 1289
f 1475 1289 1473
f 1476 1255 1254
f 1476 1254 1474
f 1477 1255 1555
f 1555 1255 1476
f 1554 1553 1288
f 1554 1288 1477
f 1477 1288 1255
f 1478 1311 1315
f 1478 1315 1249
f 1479 1249 1566
f 1566 1249 1316
f 1566 1316 1480
f 1481 1480 1317
f 1317 1247 1481
f 1481 1247 1482
f 1484 1485 1486
f 1487 1483 1319
f 1319 1320 1487
f 1487 1320 1488
f 1488 1320 1245
f 1488 1245 1570
f 1570 1245 1569
f 1569 1245 1489
f 1489 1245 1321
f 1489 1321 1238
f 1489 1238 1490
f 1490 1238 1573
f 1577 1239 1243
f 1577 1243 1576
f 1576 1243 1244
f 1576 1244 1491
f 1491 1244 1492
f 1244 1237 1492
f 1237 1322 1493
f 1493 1322 1323
f 1493 1323 1581
f 1582 1581 1323
f 1582 1323 1494
f 1494 1323 1325
f 1494 1325 1324
f 1494 1324 1236
f 1494 1236 1583
f 1583 1236 1326
f 1583 1326 1588
f 1588 1326 1235
f 1495 1496 1497
f 1234 1327 1588
f 1234 1588 1235
f 1369 1498 1499
f 1499 1498 1500
f 1501 1502 1503
f 1503 1502 1504
f 1494 1508 1458
f 1509 1458 1510
f 1511 1457 1456
f 1511 1455 1512
f 1512 1281 1513
f 1281 1204 1513
f 1513 1204 1203
f 1513 1203 1514
f 1518 1517 1453
f 1530 1529 1274
f 1530 1274 1531
f 1531 1274 1442
f 1532 1442 1533
f 1533 1442 1534
f 1536 1270 1537
f 1562 1541 1154
f 1154 1542 1562
f 1545 1544 1055
f 1557 1545 1445
f 1546 1445 1547
f 1555 1450 1449
f 1550 1554 1477
f 1555 1476 1450
f 1290 1552 1556
f 1557 1297 1559
f 1465 1558 1301
f 1301 1558 1466
f 1467 1466 1559
f 1561 1560 1539
f 1098 1560 1004
f 1004 1560 1561
f 1462 1461 1463
f 1462 1463 1098
f 1459 1460 1443
f 1478 1565 1564
f 1460 1564 1563
f 1249 1479 1478
f 1481 1482 1567
f 1483 1487 1318
f 1487 1568 1318
f 1318 1568 1247
f 1488 1571 1487
f 1489 1572 1569
f 1454 1239 1577
f 1575 1578 1574
f 1237 1493 1492
f 1579 1493 1580
f 1580 1493 1581
f 1507 1588 1327
f 1585 1586 1587
f 1583 1588 1584
f 1592 1590 1593
f 1593 1590 1594
f 1594 1595 1596
f 1594 1603 1597
f 1597 1598 1594
f 1594 1598 1599
f 1594 1599 1619
f 1594 1600 1601
f 1601 1602 1594
f 1594 1602 1603
f 1590 1592 1604
f 1590 1605 1606
f 1606 1607 1590
f 1590 1607 1608
f 1590 1608 1589
f 1589 1609 1590
f 1590 1609 1610
f 1590 1610 1611
f 1590 1611 1612
f 1590 1612 1613
f 1613 1614 1590
f 1590 1614 1615
f 1590 1615 1591
f 1591 1616 1590
f 1619 1622 1617
f 1619 1617 1618
f 1619 1620 1594
f 1622 1621 1623
f 1637 1624 1625
f 1624 1637 1628
f 1624 1628 1629
f 1633 1630 1634
f 1633 1634 1635
f 1627 1638 1639
f 1627 1648 1632
f 1632 1648 1640
f 1644 1645 1627
f 1627 1645 1646
f 1627 1626 1648
f 1624 1683 1650
f 1643 1671 1657
f 1646 1659 1627
f 1627 1659 1647
f 1627 1647 1660
f 1627 1660 1638
f 1638 1660 1661
f 1673 1662 1638
f 1638 1662 1663
f 1627 1639 1664
f 1627 1664 1626
f 1641 1632 1649
f 1642 1667 1625
f 1625 1667 1637
f 1624 1650 1668
f 1671 1672 1656
f 1631 1678 1679
f 1680 1681 1679
f 1679 1681 1682
f 1624 1629 1633
f 1624 1633 1683
f 1624 1668 1684
f 1624 1684 1685
f 1669 1653 1686
f 1669 1688 1653
f 1688 1670 1651
f 1688 1689 1653
f 1653 1689 1690
f 1653 1690 1691
f 1692 1658 1693
f 1692 1693 1627
f 1627 1693 1694
f 1627 1694 1644
f 1695 1696 1665
f 1665 1696 1697
f 1698 1675 1699
f 1700 1701 1702
f 1691 1708 1653
f 1653 1708 1709
f 1653 1709 1652
f 1654 1710 1655
f 1655 1710 1653
f 1655 1653 1752
f 1665 1674 1695
f 1712 1713 1714
f 1700 1715 1701
f 1701 1715 1716
f 1701 1716 1717
f 1739 1718 1625
f 1625 1718 1719
f 1625 1719 1642
f 1720 1721 1722
f 1722 1721 1685
f 1722 1685 1723
f 1723 1685 1684
f 1722 1724 1720
f 1720 1724 1687
f 1720 1687 1705
f 1706 1707 1725
f 1652 1726 1653
f 1653 1726 1727
f 1653 1727 1728
f 1661 1729 1638
f 1638 1729 1730
f 1638 1730 1673
f 1666 1731 1665
f 1665 1731 1674
f 1697 1732 1665
f 1665 1732 1733
f 1733 1735 1734
f 1735 1736 1734
f 1717 1737 1701
f 1701 1737 1738
f 1740 1735 1741
f 1740 1741 1742
f 1742 1741 1743
f 1728 1744 1653
f 1653 1744 1745
f 1653 1745 1679
f 1746 1747 1748
f 1748 1747 1711
f 1748 1711 1749
f 1749 1711 1743
f 1636 1746 1750
f 1750 1746 1702
f 1750 1702 1703
f 1703 1702 1677
f 1703 1677 1704
f 1679 1751 1752
f 1679 1752 1653
f 1676 1675 1753
f 1753 1675 1754
f 1753 1754 1738
f 1756 1755 1757
f 1756 1757 1758
f 1756 1758 1759
f 1756 1759 1760
f 1760 1761 1756
f 1756 1761 1762
f 1756 1762 1763
f 1763 1762 1764
f 1763 1764 1765
f 1765 1767 1763
f 1763 1767 1768
f 1763 1768 1769
f 1763 1769 1770
f 1766 1771 1755
f 1755 1771 1772
f 1763 1770 1773
f 1773 1774 1763
f 1763 1774 1775
f 1763 1775 1776
f 1776 1777 1763
f 1763 1777 1778
f 1763 1778 1779
f 1779 1781 1763
f 1763 1781 1780
f 1780 1782 1783
f 1784 1785 1786
f 1784 1787 1789
f 1789 1787 1788
f 1755 1772 1789
f 1755 1789 1790
f 1786 1791 1784
f 1784 1791 1792
f 1784 1792 1793
f 1794 1795 1796
f 1797 1798 1799
f 1800 1801 1802
f 1795 1839 1803
f 1803 1805 1795
f 1795 1805 1806
f 1795 1806 1807
f 1807 1808 1795
f 1795 1808 1809
f 1795 1809 1796
f 1796 1812 1813
f 1813 1814 1796
f 1798 1815 1799
f 1799 1815 1816
f 1799 1816 1802
f 1802 1816 1817
f 1802 1817 1818
f 1818 1819 1802
f 1802 1819 1820
f 1802 1820 1800
f 1810 1804 1796
f 1796 1804 1821
f 1796 1821 1822
f 1822 1823 1796
f 1796 1823 1824
f 1796 1824 1811
f 1831 1828 1829
f 1826 1830 1825
f 1825 1830 1831
f 1835 1832 1833
f 1835 1833 1834
f 1801 1836 1802
f 1802 1836 1835
f 1802 1835 1837
f 1797 1799 1795
f 1795 1799 1838
f 1795 1838 1839
f 1828 1831 1827
f 1846 1840 1841
f 1841 1842 1846
f 1842 1843 1846
f 1846 1843 1844
f 1844 1845 1846
f 1848 1847 1849
f 1849 1847 1869
f 1848 1850 1847
f 1847 1850 1851
f 1847 1851 1846
f 1853 1854 1855
f 1855 1854 1856
f 1840 1846 1858
f 1858 1846 1859
f 1858 1859 1860
f 1860 1861 1858
f 1858 1861 1862
f 1858 1862 1863
f 1858 1863 1864
f 1857 1867 1854
f 1854 1867 1868
f 1869 1854 1868
f 1863 1870 1852
f 1871 1876 1854
f 1854 1876 1872
f 1854 1872 1856
f 1866 1873 1876
f 1871 1874 1876
f 1876 1874 1875
f 1876 1877 1865
f 1894 1878 1879
f 1879 1878 1880
f 1879 1880 1881
f 1881 1882 1879
f 1879 1882 1883
f 1883 1884 1879
f 1879 1884 1885
f 1886 1887 1879
f 1879 1885 1888
f 1887 1889 1879
f 1890 1891 1879
f 1879 1889 1892
f 1891 1893 1879
f 1879 1893 1894
f 1888 1895 1879
f 1879 1895 1896
f 1879 1896 1897
f 1897 1898 1879
f 1879 1898 1899
f 1899 1900 1879
f 1879 1900 1901
f 1901 1902 1879
f 1879 1902 1903
f 1879 1903 1904
f 1879 1904 1905
f 1905 1906 1879
f 1879 1906 1907
f 1879 1907 1886
f 1890 1879 1908
f 1908 1911 1890
f 1890 1911 1912
f 1910 1912 1913
f 1913 1912 1909
f 1915 1914 1916
f 1916 1914 1917
f 1916 1917 1918
f 1919 1920 1921
f 1921 1920 1916
f 1921 1916 1922
f 1922 1916 1918
f 1927 1925 1926
f 1914 1944 1927
f 1914 1927 1928
f 1929 1930 1921
f 1915 1931 1914
f 1914 1931 1932
f 1914 1932 1933
f 1935 1923 1934
f 1925 1927 1935
f 1935 1936 1923
f 1924 1935 1934
f 1924 1934 1937
f 1945 1939 1921
f 1921 1939 1940
f 1921 1940 1929
f 1933 1941 1914
f 1914 1941 1942
f 1942 1943 1914
f 1914 1943 1944
f 1921 1938 1945
f 1930 1946 1921
f 1921 1946 1947
f 1921 1947 1948
f 1948 1950 1921
f 1921 1950 1951
f 1951 1952 1921
f 1921 1952 1953
f 1921 1953 1919
f 1921 1949 1938
f 1957 1956 1958
f 1960 1961 1963
f 1961 1962 1963
f 1956 1957 1959
f 1964 1966 1955
f 1965 1966 1967
f 1968 1969 1954
f 1972 1970 1969
f 1969 1970 1971
f 1976 2303 3135
f 3135 2303 2305
f 1588 1507 1506
f 1588 1506 1505
f 1588 1505 1584
f 1584 1505 1583
f 1583 1505 1508
f 1583 1508 1494
f 1576 1491 1513
f 1513 1491 1512
f 1512 1491 1492
f 1512 1492 1493
f 1512 1493 1511
f 1511 1493 1579
f 1511 1579 1457
f 1457 1579 1580
f 1457 1580 1581
f 1457 1581 1283
f 1283 1581 1510
f 1510 1581 1582
f 1510 1582 1509
f 1509 1582 1494
f 1509 1494 1458
f 1513 1514 1576
f 1576 1514 1515
f 1519 1570 1569
f 1519 1569 1518
f 1518 1569 1572
f 1518 1572 1489
f 1518 1489 1490
f 1518 1490 1517
f 1517 1490 1453
f 1453 1490 1573
f 1453 1573 1239
f 1453 1239 1516
f 1516 1239 1454
f 1454 1577 1515
f 1515 1577 1576
f 1570 1519 1520
f 1570 1520 1488
f 1488 1520 1571
f 1571 1520 1521
f 1571 1521 1487
f 1487 1521 1522
f 1487 1522 1523
f 1487 1523 1524
f 1487 1524 1568
f 1568 1524 1260
f 1568 1260 1247
f 1247 1260 1482
f 1260 1525 1482
f 1529 1479 1566
f 1529 1566 1528
f 1528 1566 1527
f 1527 1566 1480
f 1527 1480 1526
f 1526 1480 1481
f 1526 1481 1525
f 1525 1481 1567
f 1525 1567 1482
f 1535 1461 1459
f 1535 1459 1443
f 1443 1460 1534
f 1534 1460 1533
f 1533 1460 1532
f 1532 1460 1563
f 1532 1563 1442
f 1442 1563 1564
f 1442 1564 1531
f 1531 1564 1530
f 1530 1564 1565
f 1530 1565 1529
f 1529 1565 1478
f 1529 1478 1479
f 1461 1535 1536
f 1461 1536 1463
f 1463 1536 1098
f 1098 1536 1537
f 1098 1537 1560
f 1560 1537 1538
f 1466 1558 1444
f 1444 1558 1465
f 1444 1465 1542
f 1542 1465 1464
f 1542 1464 1561
f 1542 1561 1562
f 1977 1978 1979
f 1979 1978 1980
f 1541 1562 1561
f 1541 1561 1540
f 1540 1561 1539
f 1539 1560 1538
f 1466 1444 1559
f 1559 1444 1543
f 1559 1543 1544
f 1559 1544 1545
f 1559 1545 1557
f 1476 1474 1548
f 1548 1474 1547
f 1547 1474 1475
f 1547 1475 1473
f 1547 1473 1556
f 1547 1556 1546
f 1546 1556 1552
f 1981 1982 1983
f 1983 1982 1984
f 1546 1552 1445
f 1445 1552 1290
f 1445 1290 1557
f 1476 1548 1549
f 1476 1549 1450
f 1985 1986 1987
f 1555 1449 1477
f 1477 1449 1550
f 1550 1551 1554
f 1554 1551 1553
f 1553 1551 1988
f 1989 1990 1991
f 1992 1993 1994
f 1993 1992 1991
f 1991 1992 1996
f 1991 1996 1989
f 1991 1990 1997
f 1991 1997 2000
f 1999 2000 2011
f 2000 2001 2002
f 2000 2002 2003
f 1994 2004 1992
f 1992 2004 2005
f 1995 2007 2008
f 1995 2008 2009
f 2003 2012 2000
f 2000 2012 2013
f 2000 2013 2014
f 2015 1995 2016
f 2015 2017 1995
f 1995 2017 2007
f 2011 2018 1998
f 2014 2020 2000
f 2000 2020 2021
f 2021 2022 2000
f 2019 2006 1995
f 1995 2006 2023
f 1995 2023 2016
f 2010 2011 2024
f 2029 2028 2026
f 2026 2030 2031
f 2026 2031 2025
f 2029 2032 2028
f 2034 2035 2036
f 2030 2038 2040
f 2040 2038 2039
f 2035 2041 2042
f 2037 2038 2043
f 2035 2042 2044
f 2035 2044 2045
f 2033 2046 2035
f 2035 2046 2047
f 2035 2047 2048
f 2048 2049 2035
f 2035 2049 2050
f 2045 2051 2035
f 2035 2051 2052
f 2035 2052 2053
f 2053 2054 2035
f 2035 2054 2055
f 2035 2055 2033
f 2050 2027 2035
f 2057 2058 2056
f 2060 1607 2059
f 2061 2063 2062
f 2065 2066 2064
f 1627 2067 2068
f 2070 1756 2069
f 2073 2072 2071
f 2075 2076 2074
f 2078 1800 2077
f 2081 2080 2079
f 2083 2084 2082
f 2086 2087 2085
f 2090 2091 2089
f 2092 1887 2093
f 2088 2095 2094
f 2097 2098 2096
f 2096 2098 2099
f 2101 1947 2100
f 2102 2103 2104
f 2105 2106 2104
f 2107 2108 2104
f 2104 2108 2109
f 2109 2110 2104
f 2104 2110 2111
f 2104 2111 2102
f 2113 2112 2114
f 2113 2114 2115
f 2116 2105 2117
f 2113 2118 2112
f 2103 2119 2104
f 2104 2119 2112
f 2105 2120 2121
f 2113 2124 2125
f 2116 2126 2122
f 2104 2106 2127
f 2104 2127 2128
f 2104 2128 2129
f 2122 2123 2116
f 2116 2123 2130
f 2131 2116 2130
f 2133 2132 2134
f 2133 2134 2135
f 2133 2136 2137
f 2138 2139 2135
f 2133 2167 2140
f 2133 2140 2141
f 2141 2142 2133
f 2142 2143 2133
f 2133 2143 2144
f 2133 2144 2145
f 2145 2146 2133
f 2133 2146 2147
f 2133 2147 2148
f 2148 2149 2133
f 2133 2149 2150
f 2133 2150 2132
f 2151 2152 2135
f 2135 2152 2153
f 2153 2155 2135
f 2135 2155 2156
f 2135 2156 2157
f 2139 2158 2135
f 2135 2158 2159
f 2135 2159 2160
f 2133 2161 2136
f 2136 2161 2162
f 2136 2154 2163
f 2137 2164 2133
f 2133 2164 2165
f 2165 2166 2133
f 2133 2166 2167
f 2157 2168 2135
f 2135 2168 2169
f 2135 2169 2170
f 2170 2171 2135
f 2135 2171 2172
f 2135 2172 2138
f 2160 2173 2135
f 2135 2173 2133
f 2154 2174 2175
f 2135 2176 2177
f 2135 2177 2151
f 2175 2178 2154
f 2180 2181 2179
f 2179 2181 2182
f 2183 2184 2185
f 2185 2184 2186
f 2186 2184 2187
f 2183 2188 2189
f 2183 2189 2184
f 2191 2192 2190
f 2188 2183 2192
f 2188 2192 2191
f 2193 2194 2190
f 2190 2194 2191
f 2194 2193 2195
f 2195 2193 2197
f 2195 2197 2196
f 2199 2198 2218
f 2219 2200 2201
f 2219 2201 2196
f 2195 2196 2201
f 2202 2203 2199
f 2199 2203 2198
f 2202 2199 2206
f 2202 2206 2205
f 2202 2205 2204
f 2208 2205 2207
f 2208 2209 2205
f 2205 2209 2204
f 2186 2187 2210
f 2210 2187 2213
f 2187 2211 2213
f 2207 2212 2208
f 2208 2212 2213
f 2208 2213 2211
f 2214 2215 2216
f 2216 2215 2217
f 2198 2200 2218
f 2218 2200 2219
f 2218 2219 2220
f 2215 2221 2217
f 2217 2221 2222
f 2217 2222 2223
f 2223 2222 2220
f 2223 2220 2219
f 2185 2186 2224
f 2185 2224 2225
f 2225 2224 2226
f 2225 2226 2231
f 2228 2227 2229
f 2228 2229 2230
f 2230 2229 2231
f 2230 2231 2226
f 2228 2232 2227
f 2232 2228 2233
f 2235 2234 2236
f 2237 2238 2239
f 2240 2241 2242
f 2248 2245 2246
f 2247 2249 2248
f 2248 2249 2250
f 2363 2251 2254
f 2254 2251 2252
f 2254 2252 2253
f 2254 2253 2255
f 2254 2255 2256
f 2256 2255 2259
f 2259 2255 2257
f 2259 2257 2258
f 2259 2258 2260
f 2261 2263 2262
f 2382 2261 2262
f 2266 2263 2264
f 2266 2264 2390
f 2266 2390 2265
f 2266 2265 2267
f 2267 2265 2268
f 2267 2268 2269
f 2271 2269 2270
f 2279 3134 2272
f 2272 3134 2534
f 2274 2271 2273
f 2274 2273 2406
f 2275 2276 2277
f 3134 2406 2278
f 3134 2278 2534
f 2280 2281 2282
f 2284 2285 2286
f 2287 2288 2291
f 2291 2288 2289
f 2291 2289 2290
f 2290 2292 2291
f 2291 2292 2293
f 2291 2293 2294
f 2294 2293 2295
f 2296 2295 2297
f 2296 2297 3126
f 3126 2297 2298
f 2298 2300 1973
f 2299 1975 1974
f 1973 2300 2301
f 1973 2301 1974
f 1974 2301 2299
f 1975 2299 2302
f 1975 2302 1976
f 1976 2302 2303
f 2305 2303 2304
f 2305 2304 3136
f 3136 2304 2307
f 2307 2304 2306
f 2307 2306 3138
f 3138 2306 2308
f 2309 2310 2311
f 2313 2308 2312
f 2314 3140 2315
f 2315 3140 2313
f 2315 2313 2312
f 2445 2322 2314
f 3144 2319 2325
f 2316 2317 2318
f 2319 3144 2320
f 2320 3144 2448
f 2448 3144 2321
f 2321 3144 2322
f 2321 2322 2445
f 2323 3146 2324
f 2326 2325 2327
f 2326 2327 2328
f 2329 2330 2331
f 2331 2330 2332
f 3146 2328 2324
f 3146 2323 2333
f 3146 2333 2334
f 2334 2335 2336
f 2336 2335 2337
f 2336 2337 2338
f 2338 2337 2339
f 2338 2339 3148
f 3148 2339 2340
f 3148 2340 3149
f 3149 2340 2341
f 3151 2342 2343
f 3151 2343 2349
f 2345 2344 2346
f 2347 2346 3155
f 2347 3155 2348
f 2350 2348 3154
f 2350 3154 2349
f 2350 2349 2351
f 2351 2349 2343
f 2345 2352 2344
f 2344 2352 2477
f 2344 2477 2355
f 2355 2477 2353
f 2355 2353 2480
f 2355 2480 2354
f 2355 2354 2356
f 2355 2356 2357
f 2357 2356 2358
f 2358 2356 2359
f 2360 2361 2362
f 2368 2373 2363
f 2364 2359 2365
f 2364 2365 2366
f 2363 2367 2368
f 2371 2369 2370
f 2371 2370 2372
f 2372 2370 2373
f 2374 2375 2376
f 2369 2371 2379
f 2379 2371 2377
f 2498 2380 2378
f 2498 2378 2379
f 2380 2381 2382
f 2386 2385 2387
f 2386 2387 2388
f 2388 2389 2390
f 2390 2389 2391
f 2391 2392 2393
f 2393 2392 2520
f 2393 2520 2394
f 2393 2394 2395
f 2398 2396 2397
f 2398 2397 2527
f 2399 2400 2401
f 2403 2527 2402
f 2403 2402 2404
f 2404 2402 2405
f 2404 2405 2406
f 2406 2405 2407
f 2407 2405 2534
f 2408 2409 2410
f 2410 2409 2411
f 2288 2413 2414
f 2288 2414 2289
f 2289 2414 2290
f 2290 2414 2415
f 2290 2415 2686
f 2417 2418 2419
f 2419 2418 2420
f 2420 2418 2421
f 2422 2421 2418
f 2422 2423 2421
f 2421 2423 2424
f 2427 2424 2425
f 2427 2425 2426
f 2427 2426 2428
f 2430 2429 2554
f 2430 2554 2432
f 2432 2554 2431
f 2432 2431 2434
f 2434 2431 2564
f 2434 2564 2433
f 2434 2433 2565
f 2434 2565 2435
f 2436 2435 2567
f 2436 2567 2568
f 2436 2568 2437
f 2436 2437 2441
f 2441 2437 2438
f 2441 2442 2443
f 2443 2442 2444
f 2445 2444 2446
f 2446 2444 2447
f 2446 2447 2448
f 2448 2447 2440
f 2440 2439 2451
f 2451 2439 2328
f 2328 2439 2450
f 2328 2450 2449
f 2453 2452 2450
f 2450 2452 2454
f 2450 2454 2455
f 2450 2455 2449
f 2453 2456 2452
f 2452 2456 2457
f 2452 2457 2459
f 2459 2457 2460
f 2460 2457 2461
f 2461 2457 2458
f 2464 2462 2463
f 2464 2463 2458
f 2458 2463 2461
f 2467 2466 2465
f 2469 2470 2471
f 2471 2470 2472
f 2472 2470 2467
f 2467 2470 2466
f 2473 2475 2468
f 2473 2468 2469
f 2475 2473 2474
f 2475 2474 2476
f 2476 2474 2352
f 2352 2474 2477
f 2477 2474 2478
f 2474 2479 2482
f 2474 2482 2480
f 2474 2480 2478
f 2479 2481 2482
f 2484 2483 2485
f 2484 2485 2486
f 2486 2485 2487
f 2488 2489 2490
f 2483 2491 2493
f 2493 2491 2492
f 2493 2630 2494
f 2494 2630 2495
f 2496 2497 2495
f 2495 2497 2494
f 2499 2500 2501
f 2504 2503 2639
f 2639 2503 2505
f 2639 2505 2496
f 2496 2505 2497
f 2507 2498 2508
f 2508 2498 2502
f 2381 2509 2510
f 2514 2512 2513
f 2514 2515 2516
f 2514 2516 2517
f 2514 2517 2512
f 2519 2513 2518
f 2519 2518 2520
f 2520 2521 2522
f 2395 2522 2523
f 2395 2523 2396
f 2396 2523 2657
f 2396 2657 2524
f 2524 2657 2525
f 2524 2525 2527
f 2526 2527 2528
f 2526 2528 2660
f 2662 2530 2531
f 2662 2531 2532
f 2532 2531 2660
f 2530 2533 2529
f 2529 2533 2412
f 2529 2412 2534
f 2535 2536 2537
f 2535 2537 2538
f 2540 2412 2539
f 2540 2539 2671
f 2540 2671 2541
f 2540 2541 2543
f 2543 2541 2542
f 2686 2543 2685
f 2543 2542 2544
f 2543 2544 2684
f 2543 2684 2685
f 2545 2416 2686
f 2686 2546 2543
f 2560 2547 2548
f 2548 2547 2549
f 2550 2549 2551
f 2553 2551 2552
f 2553 2552 2416
f 2553 2416 2545
f 2555 2563 2554
f 2555 2554 2556
f 2555 2556 2558
f 2558 2556 2430
f 2558 2430 2557
f 2558 2557 2428
f 2558 2428 2559
f 2440 2561 2715
f 2563 2555 2562
f 2563 2562 2564
f 2564 2562 2433
f 2433 2562 2565
f 2565 2562 2566
f 2567 2566 2568
f 2570 2569 2438
f 2438 2569 2571
f 2438 2571 2574
f 2574 2571 2572
f 2574 2572 2573
f 2574 2573 2575
f 2574 2575 2576
f 2576 2575 2577
f 2577 2575 2561
f 2577 2561 2440
f 2578 2715 2579
f 2578 2579 2583
f 2580 2581 2582
f 2583 2584 2585
f 2585 2584 2719
f 2586 2587 2588
f 2590 2589 2591
f 2590 2591 2597
f 2592 2608 2593
f 2592 2593 2597
f 2594 2595 2596
f 2599 2244 2598
f 2599 2598 2600
f 2600 2598 2601
f 2601 2598 2603
f 2603 2598 2602
f 2603 2602 2604
f 2604 2602 2606
f 2606 2602 2605
f 2606 2605 2607
f 2607 2605 2608
f 2609 2610 2611
f 2612 2244 2613
f 2613 2244 2599
f 2472 2614 2615
f 2615 2614 2616
f 2616 2614 2617
f 2618 2617 2614
f 2618 2619 2617
f 2617 2619 2620
f 2620 2619 2621
f 2624 2621 2622
f 2624 2622 2623
f 2624 2623 2625
f 2624 2625 2626
f 2626 2625 2627
f 2626 2627 2483
f 2483 2627 2628
f 2483 2628 2491
f 2491 2628 2492
f 2632 2633 2634
f 2636 2631 2635
f 2636 2635 2771
f 2636 2771 2638
f 2638 2771 2637
f 2638 2637 2768
f 2638 2768 2639
f 2639 2768 2640
f 2640 2768 2641
f 2640 2641 2642
f 2642 2641 2643
f 2643 2641 2775
f 2643 2775 2644
f 2643 2644 2645
f 2645 2644 2646
f 2648 2647 2517
f 2649 2517 2646
f 2648 2652 2647
f 2647 2652 2653
f 2647 2653 2654
f 2654 2653 2521
f 2521 2655 2656
f 2656 2655 2658
f 2656 2658 2657
f 2657 2658 2659
f 2659 2658 2660
f 2660 2658 2661
f 2660 2661 2662
f 2662 2661 2666
f 2663 2664 2665
f 2666 2800 2667
f 2667 2800 2668
f 2669 2668 2670
f 2669 2670 2671
f 2672 2673 2674
f 2674 2673 2675
f 2677 2676 2542
f 2542 2676 2678
f 2542 2678 2679
f 2679 2678 2684
f 2680 2681 2682
f 2682 2681 2683
f 2686 2685 2687
f 2686 2687 2688
f 2688 2687 2689
f 2691 2689 2690
f 2691 2690 2550
f 2692 2693 2694
f 2550 2695 2651
f 2651 2695 2696
f 2651 2696 2650
f 2651 2650 2698
f 2698 2650 2697
f 2698 2697 2817
f 2698 2817 2699
f 2701 2699 2700
f 2701 2700 2820
f 2701 2820 2702
f 2705 2702 2703
f 2705 2703 2704
f 2705 2704 2706
f 2706 2704 2707
f 2707 2704 2709
f 2709 2704 2708
f 2709 2708 2710
f 2709 2710 2711
f 2711 2710 2712
f 2711 2712 2714
f 2714 2712 2713
f 2714 2713 2715
f 2715 2713 2716
f 2720 2717 2718
f 2720 2718 2719
f 2720 2719 2721
f 2720 2721 2716
f 2716 2721 2715
f 2720 2724 2717
f 2717 2724 2592
f 2592 2724 2726
f 2726 2724 2725
f 2842 2727 2728
f 2842 2728 2729
f 2729 2728 2730
f 2729 2730 2722
f 2732 2731 2734
f 2732 2734 2735
f 2735 2734 2737
f 2737 2734 2736
f 2737 2738 2741
f 2741 2738 2739
f 2741 2739 2740
f 2741 2740 2742
f 2741 2742 2743
f 2743 2742 2733
f 2875 2744 2745
f 2745 2744 2746
f 2746 2744 2747
f 2747 2744 2733
f 2749 2750 2751
f 2752 2748 2753
f 2752 2753 2875
f 2755 2756 2757
f 2755 2757 2758
f 2760 2754 2759
f 2760 2759 2767
f 2762 2763 2764
f 2765 2631 2766
f 2765 2766 2767
f 2770 2774 2768
f 2770 2768 2769
f 2770 2769 2771
f 2770 2771 2772
f 2772 2771 2761
f 2772 2761 2631
f 2770 2773 2774
f 2774 2773 2775
f 2775 2773 2776
f 2776 2773 2779
f 2779 2773 2777
f 2779 2777 2778
f 2779 2778 2781
f 2781 2778 2782
f 2782 2778 2783
f 2782 2783 2780
f 2783 2790 2780
f 2784 2785 2786
f 2786 2785 2787
f 2788 2787 2789
f 2791 2789 2790
f 2792 2790 2783
f 2796 2794 2795
f 2796 2795 2797
f 2797 2795 2800
f 2800 2795 2798
f 2800 2798 2903
f 2800 2903 2799
f 2800 2799 2801
f 2802 2801 2804
f 2804 2801 2803
f 2804 2803 2805
f 2804 2805 2806
f 2806 2805 2808
f 2808 2805 2807
f 2808 2807 2809
f 2811 2243 2813
f 2813 2243 2812
f 2813 2812 2810
f 2810 2812 2809
f 2811 2814 2243
f 2243 2814 2815
f 2816 2821 2818
f 2815 2814 2817
f 2817 2814 2818
f 2819 2820 2822
f 2822 2820 2821
f 2822 2821 2816
f 2824 2825 2826
f 2827 2829 2823
f 2829 2827 2937
f 2829 2937 2830
f 2829 2830 2831
f 2831 2830 2832
f 2831 2832 2833
f 2828 2833 2834
f 2836 2835 2839
f 2839 2835 2837
f 2839 2837 2838
f 2839 2838 2840
f 2945 2841 2710
f 2945 2710 2834
f 2834 2710 2828
f 2843 2844 2845
f 2843 2845 2846
f 2836 2847 2835
f 2835 2847 2848
f 2835 2848 2849
f 2849 2848 2850
f 2851 2852 2853
f 2853 2852 2854
f 2853 2854 2725
f 2725 2854 2855
f 2855 2854 2842
f 2842 2854 2960
f 2859 2858 2722
f 2859 2860 2861
f 2856 2722 2862
f 2856 2862 2864
f 2863 2864 2865
f 2866 2868 2865
f 2865 2868 2736
f 2865 2736 2863
f 2868 2866 2867
f 2868 2867 2869
f 2869 2867 2872
f 2872 2867 2870
f 2872 2870 2871
f 2872 2871 2873
f 2873 2871 2746
f 2746 2871 2874
f 2746 2874 2745
f 2745 2874 2875
f 2877 2876 2752
f 2877 2752 2874
f 2874 2752 2875
f 2881 2879 2880
f 2881 2880 2995
f 2877 2882 2883
f 2877 2883 2884
f 2877 2884 2876
f 2885 2886 2887
f 2887 2886 2889
f 2889 2886 2888
f 2891 2890 2888
f 2888 2890 2889
f 2890 2891 2892
f 2893 2894 2896
f 2896 2894 2895
f 2896 2895 2897
f 2897 2895 2899
f 2895 2898 2899
f 2899 2898 2900
f 2900 2901 2902
f 2902 2901 2798
f 2798 2901 2903
f 2906 2904 2905
f 2906 2905 2907
f 2911 2908 2909
f 2911 2909 2910
f 2911 2910 2913
f 2913 2910 2914
f 2914 2910 2916
f 2916 2910 2912
f 2916 2912 2915
f 2916 2915 2920
f 2918 2917 2919
f 2921 2919 2920
f 2921 2920 2915
f 2918 2922 2917
f 2917 2922 2923
f 2923 2922 2924
f 2923 2924 2925
f 2925 2924 2926
f 2927 2928 2929
f 2933 2926 2930
f 2933 2930 2931
f 2933 2931 2932
f 2933 2932 2934
f 2936 2934 2935
f 2936 2935 2937
f 2937 2938 2830
f 2830 2938 2939
f 2832 2939 2941
f 2941 2940 2942
f 2941 2942 2832
f 2944 2943 2946
f 2946 2943 2945
f 2946 2945 2940
f 2946 2940 2947
f 2947 2940 2941
f 2949 2948 2950
f 2950 2852 2951
f 2951 2852 2851
f 2953 2851 2952
f 2953 2952 2954
f 2954 2952 2955
f 2954 2955 3059
f 3059 2955 2956
f 2956 2955 2943
f 2956 2943 2957
f 2957 2943 2944
f 2948 2949 2958
f 2958 2949 2959
f 2958 2959 2960
f 2960 2959 2857
f 2857 2959 2961
f 2961 2959 2962
f 2962 2959 2963
f 2966 2964 2965
f 2968 3082 2967
f 2968 2967 2969
f 2968 2969 2970
f 2971 2969 2972
f 2975 2974 2976
f 2976 2977 2973
f 2973 2977 2866
f 2979 2978 2974
f 2979 2974 2975
f 2980 2982 2979
f 2979 2982 2978
f 2982 2980 2981
f 2982 2981 2983
f 2983 2981 2984
f 2986 2985 2987
f 2987 2985 2988
f 2988 2985 2984
f 2986 3091 2985
f 2985 3091 2989
f 2985 2989 2990
f 2990 2989 2991
f 2991 2992 2993
f 2993 2992 2994
f 2993 2994 2995
f 2995 2994 2996
f 2995 2996 2997
f 2997 2996 2999
f 2999 2996 2998
f 2999 2998 3001
f 3001 2998 3000
f 3001 3000 3002
f 3002 3000 3003
f 3005 3003 3004
f 3005 3004 3006
f 3006 3004 3007
f 3007 3004 3008
f 3012 3010 3011
f 3013 3024 3014
f 3013 3014 3015
f 3015 3014 3016
f 3016 3014 3017
f 3019 3017 3018
f 3019 3018 3021
f 3021 3018 3020
f 3021 3020 3022
f 3022 3020 3012
f 3022 3012 3011
f 3024 1080 3023
f 3024 3023 3025
f 3024 3025 2904
f 2904 3025 3026
f 3026 3025 1086
f 3027 3028 3029
f 3029 3028 3030
f 3033 3031 3032
f 3033 3032 3034
f 3033 3034 3036
f 3036 3034 3035
f 3036 3035 3040
f 3037 3038 3039
f 3040 3041 3042
f 3041 3043 3044
f 3041 3044 3042
f 3047 3044 3045
f 3047 3045 3046
f 3049 1060 3050
f 3048 3047 3051
f 3051 1062 1060
f 3051 1060 3049
f 3050 1060 3052
f 3052 1060 1059
f 3053 1059 1058
f 3053 1058 2931
f 2931 1058 1057
f 2931 1057 3054
f 1056 3055 1161
f 1161 3055 3054
f 1161 3054 1057
f 3055 1056 3056
f 3056 1056 1159
f 3056 1159 3057
f 3057 1159 3058
f 2939 2938 1054
f 1054 2947 2939
f 3063 3059 1053
f 1053 3059 2956
f 2947 1054 3060
f 3060 1054 1055
f 3060 1055 3061
f 3061 1055 1053
f 3061 1053 2956
f 1051 3062 3063
f 1051 3063 1053
f 1051 3064 3065
f 1051 3065 3066
f 1051 3066 3062
f 1049 1048 3064
f 3067 3068 3069
f 3070 1047 1046
f 3070 1046 1045
f 3070 1048 1047
f 1042 1041 3071
f 1042 3071 1043
f 1043 3071 1148
f 1148 3071 1044
f 1044 3071 3072
f 1044 3072 1045
f 1045 3072 3073
f 1045 3073 3070
f 3074 3075 1063
f 1063 3075 3076
f 1063 3076 1273
f 1273 3076 3077
f 1273 3077 1029
f 1029 3077 1034
f 1034 3077 3078
f 1034 3078 1033
f 1033 3078 3079
f 1033 3079 1035
f 1035 3079 1146
f 1146 3079 3080
f 1146 3080 1036
f 1036 3080 1040
f 1040 3080 3081
f 1040 3081 3082
f 1040 3082 1041
f 1041 3082 3083
f 1041 3083 2965
f 3084 3085 3086
f 2984 3074 1066
f 2984 1066 1140
f 3087 3088 3089
f 3089 1140 3090
f 3090 1140 1064
f 3090 1064 3091
f 3092 3093 1139
f 1139 3093 1067
f 1067 3093 1064
f 1064 3093 3091
f 3013 3095 3096
f 3013 3096 1082
f 1082 3096 3097
f 1083 3097 1203
f 1077 3099 3100
f 1077 3100 1078
f 1078 3100 1137
f 1137 3100 3101
f 1137 3101 1079
f 1079 3101 3102
f 1079 3102 1071
f 1071 3102 3103
f 1071 3103 1072
f 1072 3103 1073
f 1073 3103 3104
f 1073 3104 1069
f 1069 3104 3105
f 1069 3105 1068
f 1068 3105 3106
f 1068 3106 1139
f 1139 3106 3092
f 3108 3109 3110
f 3108 3110 3111
f 3013 1081 3094
f 3094 1081 1080
f 3112 3023 1084
f 3112 1084 3107
f 3107 1084 1086
f 3113 3031 1088
f 3113 1088 3114
f 3114 1088 3115
f 3116 3117 3118
f 3118 3117 3119
f 3120 1090 3121
f 3121 1090 1089
f 3121 1089 3359
f 3360 3122 3121
f 3360 3121 3123
f 3123 3121 3359
f 2603 2604 2729
f 3135 3124 1975
f 1975 3124 1974
f 1974 3124 3125
f 1974 3125 1973
f 3135 1975 1976
f 3136 2307 3137
f 3138 2308 3139
f 3139 2308 2313
f 3141 2314 2322
f 3143 2322 3144
f 3144 2325 3145
f 3145 2325 2326
f 2326 2328 3145
f 3145 2328 3146
f 3146 2334 3147
f 3147 2334 2336
f 2336 2338 3148
f 3150 3149 2341
f 3150 2341 2342
f 3150 2342 3151
f 2349 3154 3153
f 3154 2348 3155
f 3155 2346 2344
f 3156 2344 3157
f 3157 2344 3158
f 2344 2355 3158
f 3158 2355 2245
f 2245 2355 2246
f 2246 2355 2248
f 2248 2355 2357
f 2248 2357 2247
f 2247 3159 3160
f 2247 2357 2249
f 2249 2357 2358
f 2249 2358 2359
f 2249 2359 2250
f 2250 2359 2364
f 2250 2364 2366
f 2250 2366 2367
f 2250 2367 2363
f 2251 2363 2373
f 2251 2373 2252
f 2252 2373 2370
f 2252 2370 2253
f 2253 2370 2255
f 2255 2370 2369
f 2255 2369 2379
f 2379 2378 2255
f 2255 2378 2257
f 2257 2378 2380
f 2257 2380 2258
f 2258 2380 2260
f 2260 2380 2382
f 2382 2383 2384
f 2382 2384 2261
f 2384 2385 2261
f 2261 2385 2263
f 2385 2386 2263
f 2263 2386 2388
f 2263 2388 2264
f 2264 2388 2390
f 2390 2391 2265
f 2265 2391 2393
f 2265 2393 2395
f 2265 2395 2268
f 2268 2395 2396
f 2268 2396 2398
f 2268 2398 2269
f 2269 2398 2270
f 2270 2398 2527
f 2270 2527 2403
f 2270 2403 2271
f 2271 2403 2273
f 2273 2403 2404
f 2273 2404 2406
f 2406 2407 2278
f 2278 2407 2534
f 2534 2412 2272
f 2272 2412 2413
f 2272 2413 2279
f 2288 2287 2283
f 2288 2283 2413
f 2413 2283 2279
f 3161 3162 3163
f 2292 2290 2293
f 2293 2290 2686
f 2293 2686 2416
f 2293 2416 2417
f 2293 2417 2295
f 2295 2417 2297
f 2297 2417 2419
f 2297 2419 2420
f 2297 2420 2421
f 2297 2421 2298
f 2298 2421 2300
f 2300 2421 2301
f 2301 2421 2424
f 2301 2424 2299
f 2299 2424 2427
f 2299 2427 2302
f 2302 2427 2428
f 2302 2428 2303
f 2432 2303 2430
f 3164 3165 3166
f 3164 3166 3167
f 2430 2303 2428
f 2436 2308 2306
f 2436 2306 2435
f 2435 2306 2434
f 2434 2306 2304
f 2434 2304 2432
f 2432 2304 2303
f 2308 2436 2441
f 2308 2441 2312
f 2312 2441 2315
f 2315 2441 2314
f 2314 2441 2443
f 2314 2443 2444
f 2314 2444 2445
f 3168 3169 3170
f 2445 2446 2321
f 2321 2446 2448
f 2320 2448 2440
f 2320 2440 2319
f 2319 2440 2325
f 2325 2440 2451
f 2325 2451 2327
f 2327 2451 2328
f 2330 3171 3172
f 2330 3172 2332
f 2328 2449 2324
f 2324 2449 2323
f 2323 2449 2455
f 3173 2455 3174
f 2323 2455 2454
f 2323 2454 2333
f 2333 2454 2452
f 2333 2452 2334
f 2334 2452 2335
f 2335 2452 2337
f 2337 2452 2339
f 2339 2452 2340
f 2340 2452 2459
f 2459 2460 2340
f 2340 2460 2461
f 2340 2461 2341
f 2341 2461 2342
f 2342 2461 2463
f 2342 2463 2343
f 2343 2463 2462
f 2343 2462 2465
f 2343 2465 2351
f 2351 2465 2466
f 2351 2466 2350
f 2350 2466 2470
f 2350 2470 2348
f 2348 2470 2347
f 2347 2470 2469
f 2347 2469 2468
f 2347 2468 2475
f 2347 2475 2346
f 2346 2475 2345
f 2345 2475 2476
f 2345 2476 2352
f 3175 3176 3177
f 2353 2477 2478
f 2353 2478 2480
f 3178 3179 2354
f 2354 2480 2356
f 2356 2480 2482
f 2356 2482 2359
f 2359 2482 2487
f 2361 2490 2362
f 2362 2490 2489
f 2359 2487 2365
f 2365 2487 2485
f 2365 2485 2366
f 2485 2483 2366
f 3180 3181 3182
f 3180 3182 3183
f 2367 2483 2493
f 2367 2493 2368
f 2505 2503 2379
f 2368 2493 2373
f 2373 2493 2494
f 2373 2494 2372
f 2372 2494 2497
f 2372 2497 2371
f 2371 2497 2505
f 2371 2505 2377
f 2377 2505 2379
f 2503 2502 2379
f 2379 2502 2498
f 2498 2507 2380
f 2380 2507 2506
f 2380 2506 2509
f 2380 2509 2381
f 2384 2383 2511
f 2384 2511 2515
f 2384 2515 2385
f 2385 2515 2514
f 2385 2514 2387
f 2387 2514 2388
f 2388 2514 2389
f 2389 2514 2513
f 2389 2513 2391
f 2391 2513 2519
f 2391 2519 2392
f 2392 2519 2520
f 3184 3185 3186
f 2394 2520 2522
f 2394 2522 2395
f 2397 2396 2524
f 2397 2524 2527
f 2527 2526 2402
f 2402 2526 2660
f 2402 2660 2531
f 2402 2531 2405
f 2405 2531 2530
f 2405 2530 2529
f 2405 2529 2534
f 2412 2540 2413
f 2413 2540 2414
f 2540 2543 2414
f 2414 2543 2415
f 2415 2543 2546
f 2415 2546 2686
f 2417 2416 2418
f 2418 2416 2552
f 2418 2552 2422
f 2422 2552 2551
f 2422 2551 2549
f 2422 2549 2423
f 2423 2549 2424
f 2424 2549 2547
f 2424 2547 2560
f 2424 2560 2425
f 2425 2559 2426
f 2426 2559 2428
f 2428 2557 2430
f 3187 2557 3188
f 2429 2430 2556
f 2429 2556 2554
f 2431 2554 2563
f 2431 2563 2564
f 3189 3190 3191
f 3192 3193 3194
f 2435 2565 2566
f 2435 2566 2567
f 2437 2568 2569
f 2437 2569 2438
f 2438 2569 2570
f 3195 2570 3196
f 2441 2438 2574
f 2441 2574 2442
f 2442 2574 2444
f 2444 2574 2576
f 2444 2576 2447
f 2447 2576 2577
f 2447 2577 2440
f 2439 2440 2715
f 2715 2578 2439
f 2439 2578 2583
f 2439 2583 2450
f 2450 2583 2585
f 2450 2585 2719
f 2450 2719 2588
f 2450 2588 2589
f 2450 2589 2590
f 2450 2590 2597
f 2450 2597 2453
f 2453 2597 2593
f 2453 2593 2608
f 2453 2608 2605
f 2453 2605 2456
f 2456 2605 2457
f 2457 2605 2602
f 2457 2602 2458
f 2458 2602 2598
f 2458 2598 2464
f 2464 2598 2462
f 2462 2598 2465
f 2465 2598 2244
f 2465 2244 2467
f 2467 2244 2612
f 2467 2612 2472
f 2471 2472 2615
f 2471 2615 2469
f 2469 2615 2473
f 2473 2615 2616
f 2473 2616 2617
f 2473 2617 2474
f 2474 2617 2620
f 2474 2620 2479
f 2620 2621 2479
f 2479 2621 2624
f 2479 2624 2481
f 2481 2624 2482
f 2482 2624 2487
f 2487 2624 2486
f 2486 2624 2626
f 2486 2626 2484
f 2484 2626 2483
f 2484 3197 3198
f 3198 3197 3199
f 3200 3201 3202
f 2493 2492 2629
f 2493 2629 2630
f 3203 3204 3205
f 2630 2631 2495
f 2495 2631 2636
f 2495 2636 2496
f 2496 2636 2638
f 3206 3207 2496
f 2496 3207 3208
f 2496 2638 2639
f 2504 2639 2640
f 2504 2640 2503
f 2503 2640 2642
f 2503 2642 2502
f 2502 2642 2508
f 2508 2642 2643
f 2508 2643 2507
f 2507 2643 2506
f 2506 2643 2509
f 2509 2643 2645
f 2509 2645 2510
f 2510 2645 2383
f 2383 2645 2646
f 2383 2646 2511
f 2511 2646 2515
f 2515 2646 2516
f 2516 2646 2517
f 3209 3210 3211
f 2512 2517 2647
f 2512 2647 2513
f 2513 2647 2518
f 2518 2647 2654
f 2518 2654 2520
f 2654 2521 2520
f 2521 2656 2522
f 2522 2656 2523
f 2523 2656 2657
f 3212 3213 3214
f 3212 3214 3215
f 2525 2657 2659
f 2525 2659 2527
f 2527 2659 2528
f 2528 2659 2660
f 2532 2660 2662
f 2530 2662 2666
f 2530 2666 2533
f 2533 2666 2412
f 2412 2666 2667
f 2412 2667 2668
f 2412 2668 2539
f 2539 2668 2669
f 2539 2669 2671
f 2541 2671 2676
f 2541 2676 2542
f 2542 2676 2677
f 2544 2542 2679
f 2544 2679 2684
f 3216 3217 3218
f 2686 2688 2545
f 2545 2688 2553
f 2688 2689 2553
f 2553 2689 2691
f 2553 2691 2551
f 2551 2691 2550
f 2549 2550 2651
f 2549 2651 2548
f 2548 2651 2560
f 2560 2651 2698
f 2560 2698 2425
f 2705 2568 2566
f 2705 2566 2702
f 2702 2566 2562
f 2702 2562 2701
f 2701 2562 2555
f 2701 2555 2699
f 2699 2555 2558
f 2699 2558 2698
f 2698 2558 2559
f 2698 2559 2425
f 2568 2705 2569
f 2569 2705 2706
f 2569 2706 2707
f 2569 2707 2571
f 2571 2707 2709
f 2571 2709 2572
f 2572 2709 2573
f 2573 2709 2575
f 2575 2709 2711
f 2575 2711 2561
f 2561 2711 2714
f 2561 2714 2715
f 2717 2597 2591
f 2717 2591 2589
f 2717 2589 2718
f 2718 2589 2588
f 2721 2719 2584
f 2721 2584 2583
f 2721 2583 2579
f 2721 2579 2715
f 2597 2717 2592
f 2608 2592 2607
f 2607 2592 2726
f 2607 2726 2606
f 2606 2726 2842
f 2606 2842 2604
f 2604 2842 2729
f 2729 2601 2603
f 2741 2614 2737
f 2737 2614 2472
f 2737 2472 2612
f 2737 2612 2735
f 2735 2612 2732
f 2732 2612 2613
f 2732 2613 2599
f 2732 2599 2731
f 2731 2599 2723
f 2723 2599 2722
f 2722 2599 2600
f 2722 2600 2729
f 2729 2600 2601
f 2614 2741 2618
f 2618 2741 2743
f 2743 2733 2618
f 2618 2733 2619
f 2619 2733 2744
f 2619 2744 2621
f 2621 2744 2875
f 2621 2875 2622
f 2622 2875 2753
f 2753 2748 2622
f 2622 2748 2623
f 2625 2623 2754
f 2625 2754 2627
f 2627 2754 2628
f 2628 2754 2760
f 2628 2760 2492
f 2492 2760 2767
f 2492 2767 2629
f 2629 2767 2766
f 2629 2766 2630
f 2630 2766 2631
f 2635 2631 2761
f 2635 2761 2771
f 3219 3220 3221
f 2637 2771 2769
f 2637 2769 2768
f 2641 2768 2774
f 2641 2774 2775
f 3222 3223 3224
f 3222 3224 3225
f 2775 2776 2644
f 2646 2644 2781
f 2644 2776 2779
f 2644 2779 2781
f 2646 2781 2649
f 2649 2781 2782
f 2649 2782 2517
f 3226 3227 3228
f 2517 2782 2648
f 2648 2782 2780
f 2648 2780 2652
f 2652 2780 2790
f 2652 2790 2653
f 2653 2790 2521
f 2521 2790 2655
f 2655 2790 2789
f 2655 2789 2787
f 2655 2787 2658
f 2658 2787 2785
f 2658 2785 2784
f 2658 2784 2793
f 2658 2793 2794
f 2794 2796 2658
f 2658 2796 2661
f 2661 2796 2797
f 2661 2797 2800
f 2661 2800 2666
f 2668 2800 2670
f 2670 2800 2801
f 2670 2801 2671
f 2671 2801 2802
f 2671 2802 2676
f 2676 2802 2804
f 2676 2804 2678
f 2678 2804 2684
f 2684 2804 2806
f 2684 2806 2685
f 2685 2806 2687
f 2687 2806 2808
f 2687 2808 2689
f 2689 2808 2809
f 2689 2809 2690
f 2809 2812 2690
f 2690 2812 2550
f 2550 2812 2695
f 2695 2812 2243
f 2695 2243 2696
f 2696 2243 2650
f 2650 2243 2815
f 2650 2815 2697
f 2697 2815 2817
f 2817 2818 2699
f 2699 2818 2821
f 2699 2821 2700
f 2700 2821 2820
f 2820 2819 2702
f 2704 2703 2829
f 2702 2819 2823
f 2702 2823 2829
f 2702 2829 2703
f 2704 2829 2831
f 2704 2831 2708
f 2708 2831 2833
f 2708 2833 2828
f 2708 2828 2710
f 2838 2712 2840
f 2840 2712 2841
f 2841 2712 2710
f 2712 2838 2837
f 2712 2837 2713
f 2713 2837 2835
f 2713 2835 2716
f 2716 2835 2720
f 2720 2835 2849
f 2720 2849 2850
f 2720 2850 2724
f 2724 2850 2851
f 2724 2851 2853
f 2724 2853 2725
f 2725 2855 2726
f 2726 2855 2842
f 2727 2842 2960
f 2728 2857 2730
f 2730 2857 2858
f 2730 2858 2859
f 2730 2859 2722
f 2722 2856 2723
f 2723 2856 2731
f 2731 2856 2864
f 2731 2864 2734
f 2734 2864 2863
f 2734 2863 2736
f 2736 2868 2737
f 2737 2868 2738
f 2738 2868 2869
f 2738 2869 2739
f 2739 2869 2872
f 2739 2872 2740
f 2740 2872 2742
f 2742 2872 2733
f 2733 2872 2873
f 2733 2873 2747
f 2747 2873 2746
f 3229 3230 3231
f 2748 2752 2876
f 2748 2876 2623
f 2623 2876 2754
f 2754 2876 2884
f 2756 2884 2757
f 2754 2884 2883
f 2754 2883 2759
f 2759 2883 2882
f 2759 2882 2767
f 2767 2882 2880
f 2767 2880 2765
f 2765 2880 2631
f 2631 2880 2772
f 2772 2880 2879
f 2772 2879 2770
f 2770 2879 2878
f 2770 2878 2885
f 2770 2885 2773
f 2773 2885 2887
f 2773 2887 2889
f 2773 2889 2777
f 2777 2889 2778
f 2778 2889 2890
f 2778 2890 2783
f 2890 2892 2783
f 2783 2892 2893
f 2783 2893 2792
f 2792 2893 2790
f 2790 2893 2896
f 2790 2896 2791
f 2791 2896 2789
f 2789 2896 2788
f 2788 2896 2787
f 2787 2896 2786
f 2786 2896 2897
f 2786 2897 2784
f 2784 2897 2899
f 2784 2899 2793
f 2793 2899 2794
f 2794 2899 2795
f 2795 2899 2900
f 2795 2900 2902
f 2795 2902 2798
f 3232 3233 3234
f 2799 2903 2904
f 2906 2801 2904
f 2904 2801 2799
f 3235 3236 2799
f 2819 2822 2933
f 2933 2822 2926
f 2926 2822 2925
f 2925 2822 2816
f 2925 2816 2923
f 2923 2816 2818
f 2923 2818 2814
f 2923 2814 2917
f 2917 2814 2811
f 2917 2811 2919
f 2919 2811 2920
f 2920 2811 2813
f 2920 2813 2916
f 2916 2813 2810
f 2916 2810 2809
f 2916 2809 2914
f 2914 2809 2807
f 2914 2807 2913
f 2913 2807 2911
f 2911 2807 2805
f 2911 2805 2908
f 2908 2805 2907
f 2907 2805 2906
f 2906 2805 2803
f 2906 2803 2801
f 2819 2933 2823
f 2823 2933 2934
f 2823 2934 2827
f 2934 2936 2827
f 2827 2936 2937
f 2830 2939 2832
f 3237 3238 3239
f 2832 2942 2833
f 2833 2942 2834
f 2942 2940 2834
f 2834 2940 2945
f 2945 2943 2841
f 2841 2943 2840
f 2840 2943 2839
f 2943 2955 2839
f 2839 2955 2952
f 2839 2952 2836
f 2836 2952 2847
f 2847 2952 2848
f 2848 2952 2851
f 2848 2851 2850
f 2852 2950 2854
f 2854 2950 2948
f 2854 2948 2958
f 2968 2864 2862
f 2968 2862 3082
f 3082 2862 2966
f 2966 2862 2722
f 2966 2722 2964
f 2964 2722 2963
f 2963 2722 2858
f 2963 2858 2962
f 2962 2858 2961
f 2961 2858 2857
f 2958 2960 2854
f 2999 2885 2878
f 2999 2878 2879
f 2999 2879 2997
f 2997 2879 2881
f 2997 2881 2995
f 2993 2995 2880
f 2993 2880 2991
f 2991 2880 2882
f 2991 2882 2990
f 2990 2882 2877
f 2990 2877 2985
f 2985 2877 2874
f 2985 2874 2984
f 2984 2874 2983
f 2983 2874 2871
f 2983 2871 2982
f 2982 2871 2870
f 2982 2870 2978
f 2978 2870 2867
f 2978 2867 2974
f 2974 2867 2976
f 2976 2867 2977
f 2977 2867 2866
f 2973 2866 2865
f 2973 2865 2970
f 2970 2865 2968
f 2968 2865 2864
f 2885 2999 3001
f 2885 3001 2886
f 2886 3001 3002
f 3002 3003 2886
f 2886 3003 3005
f 2886 3005 2888
f 2888 3005 3006
f 2888 3006 3007
f 2888 3007 2891
f 3007 3008 2891
f 2891 3008 3009
f 2891 3009 3010
f 2891 3010 2892
f 2892 3010 3012
f 2892 3012 2893
f 2893 3012 2894
f 2894 3012 3020
f 2894 3020 3018
f 2894 3018 2895
f 2895 3018 3017
f 2895 3017 3014
f 2895 3014 2898
f 2898 3014 2900
f 2900 3014 2901
f 2901 3014 3024
f 2901 3024 2903
f 2903 3024 2904
f 2904 3026 2905
f 2905 3026 1086
f 2905 1086 3031
f 2905 3031 3033
f 2905 3033 2907
f 2907 3033 2908
f 2908 3033 2909
f 2909 3033 3036
f 2909 3036 2910
f 3036 3040 2910
f 2910 3040 3042
f 2910 3042 2912
f 2912 3042 3044
f 2912 3044 2915
f 2915 3044 3047
f 2915 3047 2921
f 2921 3047 3048
f 2921 3048 2919
f 2919 3048 2918
f 2918 3048 3051
f 2918 3051 2922
f 2922 3051 3049
f 2922 3049 3050
f 2922 3050 2924
f 3050 3052 2924
f 2924 3052 1059
f 2924 1059 2926
f 2926 1059 3053
f 2926 3053 2930
f 2930 3053 2931
f 3240 3241 3242
f 2932 2931 3054
f 2932 3054 2934
f 2934 3054 3055
f 2934 3055 2935
f 2935 3055 3056
f 2935 3056 2937
f 2937 3056 3057
f 2937 3057 2938
f 2938 3057 3058
f 2941 2939 2947
f 2946 2947 3060
f 2946 3060 2944
f 2944 3060 3061
f 2944 3061 2957
f 2957 3061 2956
f 3243 3244 3245
f 2954 3059 3063
f 3063 3062 2954
f 2954 3062 2953
f 3062 3066 2953
f 2953 3066 2851
f 2851 3066 3065
f 2851 3065 2951
f 2951 3065 3064
f 2951 3064 2950
f 2950 3064 1048
f 2950 1048 3070
f 2950 3070 2949
f 2949 3070 2959
f 3070 3073 2959
f 2959 3073 3072
f 2959 3072 2963
f 2963 3072 3071
f 2963 3071 2964
f 2964 3071 1041
f 2964 1041 2965
f 3246 3247 3248
f 2966 2965 3083
f 2966 3083 3082
f 3249 3250 3251
f 2967 3082 3081
f 2967 3081 2969
f 2969 3081 2970
f 2970 3081 3080
f 2970 3080 2973
f 2973 3080 3079
f 2973 3079 2976
f 2976 3079 2975
f 2975 3079 2979
f 2979 3079 3078
f 2979 3078 3077
f 2979 3077 2980
f 2980 3077 3076
f 2980 3076 2981
f 2981 3076 3075
f 2981 3075 3074
f 2981 3074 2984
f 2988 2984 1140
f 2988 1140 2987
f 2987 1140 3089
f 2987 3089 2986
f 2986 3089 3090
f 2986 3090 3091
f 2989 3091 2991
f 2991 3091 3093
f 2991 3093 2992
f 2992 3093 2994
f 2994 3093 2996
f 2996 3093 3092
f 2996 3092 3106
f 2996 3106 3105
f 2996 3105 2998
f 2998 3105 3104
f 2998 3104 3000
f 3000 3104 3103
f 3000 3103 3003
f 3003 3103 3004
f 3004 3103 3102
f 3004 3102 3101
f 3004 3101 3008
f 3008 3101 3009
f 3009 3101 3010
f 3010 3101 3100
f 3010 3100 3011
f 3011 3100 3022
f 3022 3100 3021
f 3021 3100 3099
f 3021 3099 3098
f 3021 3098 3019
f 3019 3098 1203
f 3019 1203 3097
f 3019 3097 3017
f 3017 3097 3016
f 3016 3097 3015
f 3015 3097 3096
f 3015 3096 3013
f 3096 3095 3013
f 3013 3094 3024
f 3024 3094 1080
f 3252 3253 3254
f 3023 3112 3025
f 3025 3112 3107
f 3025 3107 1086
f 3031 3113 3032
f 3032 3113 3034
f 3034 3113 3114
f 3034 3114 3035
f 3035 3114 3115
f 3115 1087 3035
f 3035 1087 3040
f 3040 1087 3115
f 3040 3115 3041
f 3041 3115 1090
f 3041 1090 3043
f 3043 1090 3120
f 3043 3120 3121
f 3122 3045 3121
f 3121 3045 3044
f 3121 3044 3043
f 3122 3046 3045
f 3257 3255 3258
f 3258 3255 3256
f 3257 3261 3255
f 3261 3257 3259
f 3261 3259 3260
f 3260 3264 3261
f 3263 3262 3260
f 3260 3262 3264
f 3265 3268 3263
f 3263 3268 3266
f 3263 3266 3262
f 3267 3268 3265
f 3267 3271 3269
f 3267 3269 3268
f 3270 3273 3271
f 3270 3271 3267
f 3273 3270 3272
f 3273 3272 3274
f 3273 3274 3275
f 3275 3274 3276
f 3275 3276 3277
f 3278 3279 3276
f 3276 3279 3277
f 3278 3280 3279
f 3281 3283 3282
f 3282 3283 3278
f 3278 3283 3280
f 3283 3281 3285
f 3285 3281 3284
f 3287 3286 3284
f 3284 3286 3285
f 3288 3286 3287
f 3288 3289 3286
f 3290 3289 3288
f 3290 3291 3289
f 3291 3290 3293
f 3293 3290 3292
f 3256 3255 3293
f 3256 3293 3292
f 2194 2195 3295
f 3297 3298 2184
f 3299 2187 3298
f 3298 2187 2184
f 3300 2187 3299
f 2187 3300 3301
f 2187 3301 2211
f 3296 2208 3302
f 3302 2208 2211
f 3302 2211 3301
f 3303 2208 3296
f 2208 3303 2209
f 2209 3303 2204
f 3304 2204 3303
f 3305 2202 3304
f 3304 2202 2204
f 2202 3305 3306
f 2202 3306 3307
f 2202 3307 2203
f 2203 3307 2198
f 3308 2198 3307
f 3309 2200 3308
f 3308 2200 2198
f 3310 2200 3309
f 2195 2201 3310
f 3310 2201 2200
f 2195 3310 3311
f 2195 3311 3312
f 3295 2195 3313
f 3313 2195 3312
f 3294 2194 3314
f 3314 2194 3295
f 2194 3294 2191
f 2191 3294 3315
f 3316 2191 3315
f 3317 2188 3316
f 3316 2188 2191
f 2188 3317 2189
f 2189 3317 3318
f 2189 3318 2184
f 3319 2184 3318
f 3297 2184 3319
f 2225 2231 3320
f 1959 1957 3354
f 3321 3322 3354
f 3323 3322 3321
f 3323 3321 3328
f 3328 3321 3324
f 3325 3326 3327
f 3327 3326 3328
f 3327 3328 3324
f 3333 3330 3329
f 3329 3330 3327
f 3327 3330 3325
f 3333 3329 3331
f 3332 3333 3331
f 3335 3334 3332
f 3332 3334 3333
f 3336 3339 3335
f 3335 3339 3334
f 3337 3338 3339
f 3337 3339 3336
f 3338 3337 3340
f 3340 3337 3342
f 1960 3342 1961
f 1961 3342 3341
f 1961 3341 2233
f 3343 2232 2233
f 1962 1961 2233
f 3344 2232 3343
f 3344 2227 2232
f 3320 2231 3344
f 2231 2229 3344
f 3344 2229 2227
f 2225 3320 2185
f 2185 3320 3345
f 2185 3345 2183
f 3346 2183 3347
f 3347 2183 3345
f 3348 2192 3346
f 3346 2192 2183
f 3348 2190 2192
f 3348 2193 2190
f 2197 2193 3349
f 3349 2193 3348
f 2197 3349 2196
f 2196 3349 3350
f 3350 2219 2196
f 2219 3350 3351
f 2219 3351 2223
f 2223 3351 3352
f 2223 3352 2217
f 3353 2216 3352
f 3352 2216 2217
f 2214 2216 3354
f 3354 2216 3353
f 1958 2214 1957
f 1957 2214 3354
f 1506 1507 1287
f 1287 1507 3355
f 1287 3355 3356
f 1287 3356 3357
f 1287 3357 1089
f 1089 3357 3358
f 3123 3359 3358
f 3359 1089 3358
f 3358 3360 3123
f 3047 3046 3361
f 3047 3361 3051
f 1062 3362 1221
f 1061 1062 1221
f 3363 1988 1221
f 3363 1221 3362
f 3364 1988 3363
f 3365 1553 3366
f 3366 1553 3364
f 3364 1553 1988
f 1553 3365 1176
f 1176 3365 3367
f 1176 3367 994
f 994 3368 961
f 961 3368 761
f 761 3368 762
f 3368 680 762
f 908 680 3369
f 908 3369 909
f 909 3370 964
f 964 3370 1028
f 3371 1126 1123
f 1327 1126 3372
f 3372 1126 3371
f 3355 1507 1327
f 3374 3375 3373
f 3373 3375 3376
f 3378 2013 3377
f 3380 3381 3379
f 3379 3381 3382
f 3384 2033 3383
f 3393 3394 3395
f 3388 3396 3392
f 3393 3395 2060
f 3391 3390 3395
f 3395 3390 3397
f 3395 3397 2060
f 3394 3398 3395
f 3395 3398 3399
f 3389 3400 3388
f 3395 3399 3389
f 3388 3401 3402
f 3404 3403 3405
f 3404 3405 3391
f 3391 3405 3390
f 3406 3402 3409
f 3407 3408 3402
f 3401 3403 3402
f 3402 3403 3404
f 3402 3404 3409
f 3402 3406 3407
f 3456 3412 3410
f 3408 3413 3402
f 3402 3413 3412
f 3412 3413 3411
f 3414 3417 3415
f 3415 3417 3416
f 3418 3417 3414
f 3418 3423 3417
f 3420 3424 3425
f 3422 3426 3423
f 3422 3420 3427
f 3422 3427 3421
f 3428 3429 3419
f 3419 3429 3430
f 3419 3430 3420
f 3428 3419 3431
f 3431 3419 3432
f 3431 3432 3433
f 3433 3432 3434
f 3433 3434 3435
f 3435 3434 3436
f 3435 3436 3439
f 3410 3437 3456
f 3456 3437 3438
f 3438 3437 3439
f 3420 3441 3419
f 3419 3441 3442
f 3419 3442 3443
f 3443 3442 3440
f 3423 3418 3422
f 3422 3418 3444
f 3422 3444 3445
f 3449 3448 3450
f 3449 3451 3448
f 3448 3451 3438
f 3438 3451 3452
f 3438 3452 3453
f 3453 3454 3438
f 3438 3454 3455
f 3455 3457 3438
f 3438 3457 3456
f 3456 3458 3459
f 3456 3459 3460
f 3460 3461 3456
f 3456 3461 3462
f 3456 3462 3450
f 3464 3465 3466
f 3439 3436 3438
f 3438 3436 3478
f 3478 3467 3438
f 3438 3463 3448
f 3448 3463 3468
f 3468 3469 3448
f 3448 3469 3470
f 3464 3466 3471
f 3438 3467 3472
f 3438 3472 3463
f 3471 3473 3464
f 3448 3470 3474
f 3436 3473 3475
f 3436 3475 3476
f 3477 3478 3436
f 3436 3476 3477
f 3450 3448 3474
f 3481 3480 3482
f 3484 3387 3485
f 3485 3387 3486
f 3387 3484 3487
f 3387 3487 3483
f 3483 3487 3488
f 3483 3488 3489
f 3483 3489 3490
f 3491 3492 3493
f 3482 3494 3481
f 3481 3494 3387
f 3387 3494 3486
f 3490 3495 3483
f 3483 3495 3493
f 3493 3495 3491
f 3493 3492 3496
f 3493 3496 3416
f 3497 3480 3415
f 3416 3496 3415
f 3415 3496 3497
f 3498 3499 3500
f 3498 3500 3501
f 3501 3500 3502
f 3481 3504 3505
f 3505 3506 3481
f 3503 3507 3387
f 3387 3507 3481
f 3481 3507 3504
f 3481 3506 3508
f 3481 3508 3447
f 3447 3508 3509
f 3510 3511 3386
f 3511 3512 3386
f 3386 3512 3513
f 3509 3514 3447
f 3447 3514 3515
f 3516 3386 3498
f 3498 3386 3513
f 3498 3513 3499
f 3516 3446 3386
f 3386 3446 3447
f 3386 3447 3510
f 3510 3447 3515
f 3440 3385 3443
f 3443 3385 3531
f 3531 3517 3443
f 3443 3517 3518
f 3443 3518 3519
f 3530 3520 3419
f 3419 3520 3521
f 3419 3521 3432
f 3432 3521 3522
f 3432 3522 3523
f 3523 3524 3432
f 3432 3524 3525
f 3432 3525 3526
f 3527 3385 3528
f 3528 3385 3529
f 3419 3536 3530
f 3385 3534 3531
f 3432 3526 3532
f 3432 3532 3533
f 3527 3534 3385
f 3443 3519 3535
f 3443 3535 3419
f 3419 3535 3536
f 3480 3481 3415
f 3415 3481 3447
f 3415 3447 3414
f 3414 3447 3446
f 3414 3446 3418
f 3418 3446 3516
f 3418 3516 3444
f 3473 3436 3464
f 3464 3436 3434
f 3434 3432 3385
f 3385 3432 3533
f 3385 3533 3529
f 3385 3440 3434
f 3434 3440 3479
f 3434 3479 3464
f 3464 3479 3465
f 3417 3409 3416
f 3416 3409 3404
f 3416 3404 3493
f 3493 3404 3391
f 3493 3391 3483
f 3483 3391 3395
f 3503 3387 3501
f 3501 3387 3483
f 3501 3483 3537
f 3537 3483 3395
f 3537 3395 3389
f 3539 3540 3538
f 3538 3540 3541
f 3543 2115 3542
f 3545 2151 3544
f 3544 2151 2177
f 3547 3548 3546
f 3549 3550 3551
f 3582 3552 3549
f 3553 3564 3551
f 3551 3564 3554
f 3557 3556 3549
f 3557 3549 3558
f 3558 3549 3552
f 3560 3553 3561
f 3561 3553 3562
f 3560 3563 3553
f 3553 3563 3564
f 3554 3565 3551
f 3551 3565 3566
f 3551 3566 3567
f 3568 3549 3581
f 3557 3569 3556
f 3556 3569 3570
f 3570 2230 3556
f 3556 2230 2226
f 3556 2226 2224
f 2220 2221 3553
f 3553 2221 2215
f 2215 3571 3553
f 3553 3571 3572
f 3553 3572 3573
f 3573 3574 3553
f 3553 3574 3562
f 3567 3575 3551
f 3551 3575 3576
f 3551 3576 3577
f 3551 3577 3578
f 3579 3580 3549
f 3580 3581 3549
f 3559 3585 3584
f 3584 3585 3586
f 3584 3586 3553
f 3553 3586 2220
f 3555 3587 3551
f 3551 3587 3588
f 3551 3588 3549
f 3549 3588 3589
f 3549 3589 3579
f 3549 3568 3590
f 3549 3590 3582
f 2224 3591 3556
f 3556 3591 3592
f 3556 3592 3593
f 3584 3594 3559
f 3597 3595 3551
f 3551 3595 3555
f 3556 3593 3584
f 3584 3593 3583
f 3578 3596 3551
f 3551 3596 3597
f 3326 3325 3277
f 3279 3328 3326
f 3279 3326 3277
f 3328 3279 3280
f 3280 3283 3598
f 3273 3275 3325
f 3325 3275 3277
f 3271 3330 3269
f 3269 3330 3333
f 3269 3333 3268
f 3325 3330 3273
f 3273 3330 3271
f 3334 3262 3266
f 3334 3266 3268
f 3334 3268 3333
f 3261 3264 3339
f 3262 3334 3264
f 3264 3334 3339
f 3599 3293 3600
f 3293 3255 3600
f 3255 3261 3338
f 3338 3261 3339
f 3599 3291 3293
f 3289 3291 3601
f 3601 3291 3599
f 3602 3286 3601
f 3601 3286 3289
f 3598 3283 3603
f 3603 3283 3285
f 3603 3285 3286
f 3603 3286 3602
f 3604 3605 3342
f 3340 3342 3605
f 3600 3255 3338
f 3600 3338 3606
f 3606 3338 3340
f 3606 3340 3605
f 3328 3280 3598
f 3328 3598 3323
f 3607 3322 3598
f 3598 3322 3323
f 3607 3608 3322
f 3322 3608 3609
f 3322 3609 3354
f 3604 3610 3611
f 3612 3613 3614
f 3615 3616 3617
f 3157 3640 3156
f 3624 3155 3640
f 3640 3155 2344
f 3640 2344 3156
f 3623 3154 3624
f 3624 3154 3155
f 3625 2349 3623
f 3623 2349 3153
f 3623 3153 3154
f 3622 3151 3152
f 3622 3152 3625
f 3625 3152 3151
f 3625 3151 2349
f 3149 3150 3626
f 3626 3150 3622
f 3622 3150 3151
f 3627 3148 3626
f 3626 3148 3149
f 3621 2336 3148
f 3621 3148 3627
f 3628 3146 3621
f 3621 3146 3147
f 3621 3147 2336
f 3620 3145 3628
f 3628 3145 3146
f 3620 3143 3144
f 3620 3144 3145
f 2322 3142 3629
f 3629 3142 3620
f 3620 3142 2322
f 3620 2322 3143
f 2313 3140 3629
f 3629 3140 2314
f 3629 2314 3141
f 3629 3141 2322
f 3619 3139 3629
f 3629 3139 2313
f 3630 3138 3619
f 3619 3138 3139
f 3631 3136 3630
f 3630 3136 3137
f 3137 2307 3630
f 3630 2307 3138
f 3631 3135 2305
f 3631 2305 3136
f 3618 3124 3631
f 3631 3124 3135
f 3618 3125 3124
f 2266 2267 3636
f 3134 2279 3133
f 3133 2279 2283
f 3635 3134 3133
f 3635 3133 3132
f 2291 3131 2287
f 2287 3131 3132
f 2287 3132 2283
f 2283 3132 3133
f 3131 2291 3130
f 3130 2291 2294
f 3130 2294 3129
f 3129 2294 2295
f 2296 3127 3128
f 2296 3128 3129
f 2296 3129 2295
f 2296 3126 3127
f 3126 2298 3127
f 3127 2298 3125
f 3125 2298 1973
f 3635 2274 2406
f 3635 2406 3134
f 3634 2271 3635
f 3635 2271 2274
f 3636 2269 3634
f 3634 2269 2271
f 3636 2267 2269
f 2263 2266 3633
f 3633 2266 3636
f 3637 2382 2262
f 3637 2262 3633
f 3633 2262 2263
f 3637 2259 2260
f 3637 2260 2382
f 3637 2256 2259
f 3637 2254 2256
f 3638 2254 3637
f 3639 2250 3638
f 3638 2250 2363
f 3638 2363 2254
f 3639 2248 2250
f 2248 3639 2245
f 2245 3639 3640
f 3632 3127 3618
f 3618 3127 3125
f 3129 3128 3632
f 3632 3128 3127
f 3131 3130 3641
f 3641 3130 3632
f 3632 3130 3129
f 3132 3131 3635
f 3635 3131 3641
f 3553 3642 3643
f 3643 3642 3644
f 3646 3645 3647
f 3648 3649 3646
f 3650 3654 3651
f 3644 3652 3653
f 3650 3298 3654
f 3258 3655 3646
f 3646 3655 3656
f 3646 3656 3645
f 3644 3653 3657
f 3644 3657 3658
f 3658 3659 3644
f 3650 3651 3646
f 3646 3651 3648
f 3649 3662 3646
f 3646 3662 3335
f 3644 3663 3664
f 3644 3664 3652
f 3654 3666 3667
f 3654 3667 3344
f 3344 3667 3668
f 3344 3668 3320
f 3647 3675 3646
f 3646 3675 3676
f 3646 3676 3644
f 3644 3676 3677
f 3644 3677 3663
f 3661 3312 3660
f 3672 3678 3650
f 3650 3678 3298
f 3646 3335 3258
f 3644 3659 3670
f 3670 3659 3669
f 3680 3681 3335
f 3335 3681 3682
f 3671 3683 3670
f 3670 3683 3306
f 3670 3306 3305
f 3335 3684 3685
f 3335 3685 3680
f 3668 3347 3345
f 3668 3345 3320
f 3661 3686 3687
f 3661 3687 3349
f 3305 3304 3670
f 3670 3304 3688
f 3670 3688 3650
f 3673 3674 3689
f 3665 3321 3658
f 3349 3679 3314
f 3349 3314 3661
f 3366 3364 3690
f 3690 3364 3363
f 3690 3363 3362
f 3362 3691 3690
f 3690 3691 3692
f 3690 3692 3693
f 3356 3695 3357
f 3695 3696 3697
f 3371 3698 3699
f 3699 3698 3700
f 3699 3700 3701
f 3701 3700 3370
f 3701 3370 3702
f 3690 3693 3695
f 3695 3693 3696
f 3697 3703 3695
f 3695 3703 3704
f 3695 3704 3357
f 3356 3705 3695
f 3695 3705 3699
f 3699 3705 3372
f 3699 3372 3371
f 3706 3707 3694
f 3694 3707 3708
f 3694 3708 3690
f 3694 3709 3706
f 3710 3711 3709
f 3712 3713 3714
f 3724 3380 3715
f 3715 3380 3717
f 3715 3717 3718
f 3718 3719 3715
f 3715 3719 3720
f 3716 3721 3722
f 3716 3722 3723
f 3716 3723 3724
f 3716 3724 3715
f 3715 3725 3726
f 3727 3726 3728
f 3727 3728 3729
f 3729 3728 3730
f 3729 3730 3731
f 3731 3730 3732
f 3715 3720 3725
f 3732 3733 3731
f 3731 3733 3734
f 3731 3734 3498
f 3498 3734 3735
f 3498 3735 3736
f 3736 3737 3498
f 3498 3737 3738
f 3739 3740 3741
f 3742 3714 3743
f 3738 3737 3714
f 3714 3737 3744
f 3714 3744 3745
f 3745 3746 3714
f 3714 3746 3747
f 3714 3747 3712
f 3739 3741 3748
f 3725 3748 3374
f 3742 3749 3714
f 3714 3749 3716
f 3713 3750 3714
f 3714 3750 3743
f 3743 3750 3751
f 3743 3751 3752
f 3752 3753 3743
f 3743 3753 3754
f 3743 3754 3755
f 3755 3754 3756
f 3754 3757 3756
f 3756 3757 3758
f 3756 3758 3759
f 3759 3758 3760
f 3759 3760 3740
f 3740 3760 3761
f 3740 3761 3741
f 3763 3764 3762
f 3766 3767 3768
f 3551 3783 3762
f 3762 3783 3765
f 3770 3771 3551
f 3551 3771 3772
f 3551 3772 3773
f 3776 3777 3762
f 3768 3769 3551
f 3551 3769 3778
f 3551 3778 3770
f 3774 3775 3765
f 3762 3765 3779
f 3762 3779 3776
f 3777 3780 3762
f 3762 3780 3781
f 3762 3781 3763
f 3773 3782 3551
f 3551 3782 3783
f 3764 3784 3762
f 3762 3784 3785
f 3768 3786 3787
f 3788 3789 3785
f 3785 3789 3790
f 3785 3790 3545
f 3545 3791 3785
f 3785 3791 3792
f 3785 3792 3793
f 3785 3793 3768
f 3768 3793 3786
f 3787 3794 3768
f 3768 3794 3795
f 3768 3795 3766
f 3797 3798 3767
f 3796 3768 3799
f 3799 3768 3767
f 3799 3767 3800
f 3768 3796 3801
f 3768 3801 3769
f 3802 3774 3803
f 3802 3803 3804
f 3804 3803 3805
f 3804 3805 3767
f 3767 3805 3806
f 3767 3806 3797
f 3798 3807 3767
f 3767 3807 3539
f 3767 3539 3800
f 3834 3631 3808
f 3810 3834 3808
f 3812 3813 3814
f 3814 3813 3815
f 3621 3627 3715
f 3816 3715 3623
f 3623 3715 3625
f 3809 3817 3810
f 3810 3817 3818
f 3810 3818 3715
f 3715 3818 3628
f 3715 3628 3621
f 3642 3822 3823
f 3627 3626 3715
f 3715 3626 3622
f 3715 3622 3625
f 3824 3825 3826
f 3826 3825 3638
f 3811 3606 3605
f 3811 3605 3604
f 3814 3829 3827
f 3814 3827 3828
f 3604 3829 3811
f 3811 3829 3825
f 3825 3829 3814
f 3825 3814 3638
f 3638 3814 3815
f 3824 3830 3825
f 3825 3830 3831
f 3825 3831 3832
f 3825 3832 3634
f 3820 3634 3833
f 3820 3833 3819
f 3820 3821 3834
f 3827 3835 3828
f 3828 3835 3836
f 3828 3836 3837
f 3837 3836 3838
f 3715 3816 3812
f 3812 3816 3813
f 3845 3839 3762
f 3762 3839 3840
f 3762 3840 3642
f 3823 3841 3642
f 3642 3841 3842
f 3843 3844 3762
f 3762 3844 3845
f 3837 3838 3847
f 3762 3851 3848
f 3762 3848 3843
f 3842 3846 3849
f 3847 3850 3837
f 3837 3850 3762
f 3762 3850 3851
f 3854 3855 3853
f 3853 3855 3869
f 3853 3869 3856
f 3857 3858 3852
f 3852 3858 3859
f 3852 3859 3860
f 3860 3861 3852
f 3852 3861 3862
f 3852 3862 3863
f 3868 3852 3865
f 3863 3866 3852
f 3852 3866 3867
f 3852 3867 3865
f 3868 3870 3871
f 3868 3871 3864
f 3873 3876 3872
f 3874 3877 3873
f 3873 3877 3878
f 3873 3878 3879
f 3880 3881 3873
f 3873 3881 3882
f 3882 3883 3873
f 3873 3883 3884
f 3873 3884 3885
f 3872 3886 3873
f 3879 3887 3873
f 3873 3887 3888
f 3873 3888 3889
f 3885 3890 3873
f 3873 3890 3891
f 3873 3891 3892
f 3892 3893 3894
f 3892 3894 3873
f 3872 3895 3896
f 3872 3896 3897
f 3897 3898 3872
f 3872 3898 3899
f 3872 3899 3900
f 3875 3901 3873
f 3873 3901 3902
f 3873 3902 3903
f 3903 3904 3873
f 3873 3904 3905
f 3889 3906 3873
f 3873 3906 3907
f 3873 3907 3880
f 3908 3909 3949
f 3949 3909 3948
f 3948 3909 3910
f 3910 3909 3911
f 3910 3911 3945
f 3945 3911 3944
f 3944 3911 3912
f 3912 3911 3913
f 3912 3913 3941
f 3941 3913 3940
f 3940 3913 3914
f 3914 3913 3915
f 3914 3915 3937
f 3937 3915 3936
f 3936 3915 3916
f 3916 3915 3917
f 3916 3917 3933
f 3933 3917 3932
f 3932 3917 3918
f 3918 3917 3919
f 3918 3919 3973
f 3973 3919 3972
f 3972 3919 3920
f 3920 3919 3921
f 3920 3921 3969
f 3969 3921 3968
f 3968 3921 3922
f 3922 3921 3923
f 3922 3923 3965
f 3965 3923 3964
f 3964 3923 3924
f 3924 3923 3925
f 3924 3925 3961
f 3961 3925 3960
f 3960 3925 3926
f 3926 3925 3927
f 3926 3927 3957
f 3957 3927 3956
f 3956 3927 3928
f 3928 3927 3929
f 3928 3929 3953
f 3953 3929 3952
f 3952 3929 3908
f 3908 3929 3909
f 3930 3931 3932
f 3932 3931 3933
f 3933 3931 3934
f 3934 3931 3935
f 3934 3935 3936
f 3936 3935 3937
f 3937 3935 3938
f 3938 3935 3939
f 3938 3939 3940
f 3940 3939 3941
f 3941 3939 3942
f 3942 3939 3943
f 3942 3943 3944
f 3944 3943 3945
f 3945 3943 3946
f 3946 3943 3947
f 3946 3947 3948
f 3948 3947 3949
f 3949 3947 3950
f 3950 3947 3951
f 3950 3951 3952
f 3952 3951 3953
f 3953 3951 3954
f 3954 3951 3955
f 3954 3955 3956
f 3956 3955 3957
f 3957 3955 3958
f 3958 3955 3959
f 3958 3959 3960
f 3960 3959 3961
f 3961 3959 3962
f 3962 3959 3963
f 3962 3963 3964
f 3964 3963 3965
f 3965 3963 3966
f 3966 3963 3967
f 3966 3967 3968
f 3968 3967 3969
f 3969 3967 3970
f 3970 3967 3971
f 3970 3971 3972
f 3972 3971 3973
f 3973 3971 3930
f 3930 3971 3931
f 3953 3954 3928
f 3928 3954 3956
f 3957 3958 3926
f 3926 3958 3960
f 3961 3962 3924
f 3924 3962 3964
f 3965 3966 3922
f 3922 3966 3968
f 3969 3970 3920
f 3920 3970 3972
f 3973 3930 3918
f 3918 3930 3932
f 3933 3934 3916
f 3916 3934 3936
f 3937 3938 3914
f 3914 3938 3940
f 3941 3942 3912
f 3912 3942 3944
f 3945 3946 3910
f 3910 3946 3948
f 3949 3950 3908
f 3908 3950 3952
f 3974 3975 3976
f 3976 3977 3974
f 3974 3977 3978
f 3974 3978 3979
f 3979 3980 3974
f 3974 3980 3981
f 3974 3981 3982
f 3974 3983 3984
f 3974 3984 3985
f 3985 3986 3974
f 3974 3986 3987
f 3974 3987 3988
f 3988 3989 3974
f 3974 3989 3990
f 3974 3990 3991
f 3996 3992 3974
f 3996 3974 3993
f 3991 3994 3974
f 3974 3994 3995
f 3974 3995 3993
f 3996 3997 3992
f 3999 4002 3998
f 4000 4003 3999
f 3999 4003 4004
f 3999 4004 4005
f 4006 4007 3999
f 3999 4007 4008
f 4008 4009 3999
f 3999 4009 4010
f 3999 4010 4011
f 3998 4012 3999
f 4005 4013 3999
f 3999 4013 4014
f 3999 4014 4015
f 4011 4016 3999
f 3999 4016 4017
f 3999 4017 4018
f 4018 4019 3999
f 3998 4020 4021
f 4021 4022 3998
f 3998 4022 4023
f 3998 4023 4024
f 4001 4025 3999
f 3999 4025 4026
f 3999 4026 4027
f 4027 4028 3999
f 3999 4028 4029
f 4015 4030 3999
f 3999 4030 4031
f 3999 4031 4006
f 4032 4033 4073
f 4073 4033 4072
f 4072 4033 4034
f 4034 4033 4035
f 4034 4035 4069
f 4069 4035 4068
f 4068 4035 4036
f 4036 4035 4037
f 4036 4037 4065
f 4065 4037 4064
f 4064 4037 4038
f 4038 4037 4039
f 4038 4039 4061
f 4061 4039 4060
f 4060 4039 4040
f 4040 4039 4041
f 4040 4041 4057
f 4057 4041 4056
f 4056 4041 4042
f 4042 4041 4043
f 4042 4043 4097
f 4097 4043 4096
f 4096 4043 4044
f 4044 4043 4045
f 4044 4045 4093
f 4093 4045 4092
f 4092 4045 4046
f 4046 4045 4047
f 4046 4047 4089
f 4089 4047 4088
f 4088 4047 4048
f 4048 4047 4049
f 4048 4049 4085
f 4085 4049 4084
f 4084 4049 4050
f 4050 4049 4051
f 4050 4051 4081
f 4081 4051 4080
f 4080 4051 4052
f 4052 4051 4053
f 4052 4053 4077
f 4077 4053 4076
f 4076 4053 4032
f 4032 4053 4033
f 4054 4055 4056
f 4056 4055 4057
f 4057 4055 4058
f 4058 4055 4059
f 4058 4059 4060
f 4060 4059 4061
f 4061 4059 4062
f 4062 4059 4063
f 4062 4063 4064
f 4064 4063 4065
f 4065 4063 4066
f 4066 4063 4067
f 4066 4067 4068
f 4068 4067 4069
f 4069 4067 4070
f 4070 4067 4071
f 4070 4071 4072
f 4072 4071 4073
f 4073 4071 4074
f 4074 4071 4075
f 4074 4075 4076
f 4076 4075 4077
f 4077 4075 4078
f 4078 4075 4079
f 4078 4079 4080
f 4080 4079 4081
f 4081 4079 4082
f 4082 4079 4083
f 4082 4083 4084
f 4084 4083 4085
f 4085 4083 4086
f 4086 4083 4087
f 4086 4087 4088
f 4088 4087 4089
f 4089 4087 4090
f 4090 4087 4091
f 4090 4091 4092
f 4092 4091 4093
f 4093 4091 4094
f 4094 4091 4095
f 4094 4095 4096
f 4096 4095 4097
f 4097 4095 4054
f 4054 4095 4055
f 4077 4078 4052
f 4052 4078 4080
f 4081 4082 4050
f 4050 4082 4084
f 4085 4086 4048
f 4048 4086 4088
f 4089 4090 4046
f 4046 4090 4092
f 4093 4094 4044
f 4044 4094 4096
f 4097 4054 4042
f 4042 4054 4056
f 4057 4058 4040
f 4040 4058 4060
f 4061 4062 4038
f 4038 4062 4064
f 4065 4066 4036
f 4036 4066 4068
f 4069 4070 4034
f 4034 4070 4072
f 4073 4074 4032
f 4032 4074 4076
f 4101 4103 4104
f 4102 4105 4098
f 4098 4105 4106
f 4098 4106 4099
f 4100 4107 4098
f 4098 4107 4108
f 4098 4108 4109
f 4109 4110 4098
f 4098 4110 4111
f 4098 4111 4112
f 4114 4113 4115
f 4116 4117 4119
f 4116 4119 4118
f 4118 4119 4120
f 4118 4120 4121
f 4120 4122 4121
f 4121 4122 4123
f 4121 4123 4124
f 4123 4125 4124
f 4124 4125 4126
f 4124 4126 4127
f 4126 4128 4127
f 4127 4128 4129
f 4127 4129 4130
f 4129 4131 4130
f 4130 4131 4132
f 4130 4132 4133
f 4132 4134 4133
f 4133 4134 4135
f 4133 4135 4136
f 4135 4137 4136
f 4136 4137 4138
f 4136 4138 4139
f 4138 4140 4139
f 4139 4140 4141
f 4139 4141 4204
f 4142 4144 4143
f 4144 4114 4143
f 4145 4146 4148
f 4145 4148 4147
f 4147 4148 4149
f 4147 4149 4150
f 4149 4151 4150
f 4150 4151 4152
f 4150 4152 4153
f 4152 4154 4153
f 4153 4154 4155
f 4153 4155 4156
f 4155 4157 4156
f 4156 4157 4158
f 4156 4158 4159
f 4158 4160 4159
f 4159 4160 4161
f 4159 4161 4162
f 4161 4163 4162
f 4162 4163 4164
f 4162 4164 4165
f 4164 4166 4165
f 4165 4166 4167
f 4165 4167 4168
f 4167 4169 4168
f 4168 4169 4170
f 4168 4170 4208
f 4175 4171 4172
f 4174 4173 4175
f 4176 4177 4178
f 4182 4181 4183
f 4179 4184 4181
f 4181 4184 4185
f 4181 4185 4186
f 4181 4187 4188
f 4181 4188 4189
f 4180 4190 4181
f 4181 4190 4191
f 4181 4191 4192
f 4192 4193 4181
f 4181 4193 4194
f 4181 4194 4195
f 4186 4198 4181
f 4181 4198 4199
f 4181 4199 4183
f 4189 4200 4181
f 4181 4200 4201
f 4196 4197 4181
f 4196 4181 4202
f 4202 4181 4195
f 4204 4141 4203
f 4205 4204 4206
f 4146 4145 4207
f 4208 4170 4197
f 4210 4209 4211
f 4117 4116 4212
f 4199 4198 4149
f 4149 4148 4199
f 4199 4148 4207
f 4207 4148 4146
f 4155 4154 4186
f 4186 4154 4152
f 4186 4152 4198
f 4198 4152 4151
f 4198 4151 4149
f 4186 4185 4155
f 4155 4185 4184
f 4155 4184 4157
f 4157 4184 4213
f 4179 4160 4213
f 4213 4160 4158
f 4213 4158 4157
f 4214 4163 4179
f 4179 4163 4161
f 4179 4161 4160
f 4215 4166 4214
f 4214 4166 4164
f 4214 4164 4163
f 4197 4170 4169
f 4197 4169 4215
f 4215 4169 4167
f 4215 4167 4166
f 4194 4193 4120
f 4120 4119 4194
f 4194 4119 4212
f 4212 4119 4117
f 4126 4125 4192
f 4192 4125 4123
f 4192 4123 4193
f 4193 4123 4122
f 4193 4122 4120
f 4192 4191 4126
f 4126 4191 4190
f 4126 4190 4128
f 4128 4190 4180
f 4216 4131 4180
f 4180 4131 4129
f 4180 4129 4128
f 4217 4134 4216
f 4216 4134 4132
f 4216 4132 4131
f 4218 4137 4217
f 4217 4137 4135
f 4217 4135 4134
f 4203 4141 4140
f 4203 4140 4218
f 4218 4140 4138
f 4218 4138 4137
f 4225 4226 4227
f 4225 4227 4228
f 4225 4228 4229
f 4223 4230 4220
f 4223 4220 4231
f 4231 4220 4221
f 4222 4232 4233
f 4223 4224 4234
f 4233 4235 4222
f 4222 4235 4236
f 4222 4236 4219
f 4219 4237 4222
f 4222 4237 4238
f 4222 4238 4239
f 4239 4240 4222
f 4222 4240 4241
f 4222 4241 4242
f 4228 4243 4229
f 4228 4244 4245
f 4228 4245 4246
f 4249 4247 4248
f 4248 4250 4249
f 4249 4250 4252
f 4252 4250 4251
f 4252 4251 4253
f 4252 4253 4254
f 4252 4254 4255
f 4255 4254 4256
f 4257 4256 4254
f 4256 4257 4236
f 4236 4257 4259
f 4257 4258 4259
f 4259 4258 4237
f 4237 4258 4261
f 4258 4260 4261
f 4262 4264 4261
f 4262 4261 4260
f 4262 4263 4264
f 4264 4263 4266
f 4263 4265 4266
f 4266 4265 4268
f 4267 4268 4265
f 4267 4269 4268
f 4268 4269 4270
f 4269 4271 4270
f 4270 4271 4272
f 4273 4275 4272
f 4273 4272 4271
f 4273 4274 4275
f 4275 4274 4277
f 4274 4276 4277
f 4277 4276 4278
f 4276 4279 4278
f 4278 4279 4249
f 4249 4279 4247
f 4279 4276 4280
f 4280 4276 4281
f 4281 4276 4282
f 4282 4276 4283
f 4276 4274 4283
f 4283 4274 4284
f 4284 4274 4285
f 4285 4274 4273
f 4285 4273 4286
f 4273 4271 4286
f 4286 4271 4287
f 4271 4269 4287
f 4287 4269 4288
f 4288 4269 4267
f 4267 4265 4288
f 4288 4265 4289
f 4265 4263 4289
f 4289 4263 4290
f 4290 4263 4291
f 4291 4263 4262
f 4291 4262 4292
f 4262 4260 4292
f 4260 4258 4292
f 4292 4258 4293
f 4293 4258 4294
f 4258 4257 4294
f 4294 4257 4295
f 4295 4257 4296
f 4296 4257 4254
f 4296 4254 4297
f 4297 4254 4298
f 4298 4254 4253
f 4298 4253 4251
f 4298 4251 4299
f 4251 4250 4299
f 4299 4250 4300
f 4300 4250 4301
f 4250 4248 4301
f 4301 4248 4247
f 4301 4247 4280
f 4280 4247 4279
f 4303 4304 4305
f 4281 4306 4307
f 4307 4306 4308
f 4307 4308 4309
f 4309 4308 4310
f 4309 4310 4311
f 4311 4310 4312
f 4311 4312 4313
f 4315 4314 4316
f 4315 4316 4317
f 4317 4316 4318
f 4302 4318 4319
f 4321 4320 4322
f 4321 4322 4290
f 4290 4322 4323
f 4290 4323 4324
f 4324 4323 4325
f 4326 4325 4327
f 4329 4328 4330
f 4329 4330 4293
f 4293 4330 4331
f 4331 4332 4333
f 4333 4332 4334
f 4333 4334 4335
f 4335 4334 4336
f 4335 4336 4320
f 4320 4336 4337
f 4340 4338 4339
f 4340 4339 4341
f 4340 4341 4342
f 4342 4341 4343
f 4342 4343 4344
f 4344 4343 4345
f 4344 4345 4346
f 4346 4345 4347
f 4346 4347 4328
f 4328 4347 4348
f 4350 4349 4351
f 4350 4351 4338
f 4338 4351 4352
f 4355 4354 4356
f 4358 4357 4339
f 4360 4359 4361
f 4362 4363 4353
f 4399 4366 4364
f 4364 4367 4399
f 4399 4367 4368
f 4399 4368 4369
f 4365 4370 4399
f 4399 4370 4371
f 4399 4371 4372
f 4372 4373 4399
f 4399 4373 4374
f 4399 4374 4375
f 4378 4379 4380
f 4377 4381 4376
f 4376 4381 4382
f 4376 4382 4383
f 4399 4375 4384
f 4399 4384 4385
f 4385 4386 4399
f 4399 4386 4387
f 4399 4387 4388
f 4383 4389 4376
f 4376 4389 4390
f 4376 4390 4391
f 4369 4392 4399
f 4399 4392 4376
f 4399 4376 4393
f 4393 4376 4391
f 4394 4399 4395
f 4395 4399 4396
f 4376 4397 4380
f 4380 4398 4378
f 4399 4400 4396
f 4394 4401 4399
f 4399 4401 4402
f 4399 4402 4403
f 4406 4407 4408
f 4409 4408 4410
f 4417 4415 4416
f 4417 4416 4418
f 4419 4420 4404
f 4404 4420 4421
f 4404 4421 4405
f 4423 4424 4425
f 4425 4424 4426
f 4425 4426 4427
f 4427 4426 4428
f 4427 4428 4429
f 4413 4430 4431
f 4413 4431 4414
f 4412 4411 4432
f 4433 4357 4434
f 4436 4435 4437
f 4436 4437 4438
f 4438 4437 4439
f 4438 4439 4440
f 4440 4439 4441
f 4441 4360 4422
f 4422 4360 4442
f 4374 4425 4375
f 4375 4425 4427
f 4444 4443 4400
f 4400 4443 4445
f 4445 4446 4394
f 4394 4446 4447
f 4394 4447 4449
f 4449 4447 4448
f 4449 4448 4450
f 4374 4451 4425
f 4452 4453 4454
f 4455 4456 4457
f 4457 4456 4452
f 4458 4459 4457
f 4460 4461 4458
f 4452 4454 4457
f 4458 4506 4460
f 4462 4463 4464
f 4465 4466 4462
f 4467 4466 4465
f 4469 4468 4462
f 4470 4464 4460
f 4470 4460 4471
f 4471 4460 4506
f 4474 4475 4476
f 4476 4475 4477
f 4476 4477 4478
f 4478 4479 4476
f 4476 4479 4480
f 4476 4480 4497
f 4481 4473 4476
f 4476 4473 4454
f 4473 4472 4506
f 4482 4483 4476
f 4476 4483 4484
f 4476 4484 4485
f 4480 4486 4497
f 4472 4473 4488
f 4488 4473 4481
f 4488 4481 4489
f 4454 4453 4476
f 4476 4453 4490
f 4476 4490 4482
f 4485 4491 4476
f 4476 4491 4492
f 4476 4492 4474
f 4499 4493 4494
f 4499 4487 4495
f 4486 4496 4497
f 4497 4496 4499
f 4497 4499 4498
f 4487 4499 4494
f 4500 4494 4501
f 4501 4494 4512
f 4515 4494 4502
f 4502 4494 4513
f 4495 4503 4499
f 4499 4503 4504
f 4499 4505 4498
f 4506 4470 4471
f 4494 4493 4507
f 4494 4507 4512
f 4500 4508 4494
f 4494 4508 4513
f 4509 4494 4510
f 4510 4494 4515
f 4499 4504 4505
f 4466 4472 4511
f 4496 4453 4452
f 4496 4486 4453
f 4453 4486 4480
f 4474 4453 4475
f 4453 4474 4492
f 4492 4491 4453
f 4453 4491 4485
f 4453 4485 4484
f 4484 4483 4453
f 4453 4483 4482
f 4477 4475 4478
f 4478 4475 4453
f 4478 4453 4479
f 4479 4453 4480
f 4493 4499 4456
f 4456 4499 4452
f 4452 4499 4496
f 4457 4512 4507
f 4507 4493 4457
f 4457 4493 4455
f 4500 4501 4458
f 4458 4501 4512
f 4458 4512 4459
f 4460 4513 4508
f 4460 4508 4500
f 4461 4500 4458
f 4515 4502 4463
f 4463 4502 4513
f 4463 4513 4464
f 4464 4513 4514
f 4466 4510 4515
f 4466 4515 4462
f 4462 4515 4463
f 4466 4465 4510
f 4510 4466 4509
f 4476 4497 4498
f 4466 4516 4488
f 4498 4505 4466
f 4498 4466 4476
f 4476 4466 4489
f 4476 4489 4481
f 4504 4503 4466
f 4504 4466 4505
f 4509 4466 4494
f 4494 4466 4467
f 4487 4494 4466
f 4487 4466 4495
f 4495 4466 4503
f 4517 4518 4519
f 4519 4518 4520
f 4519 4520 4521
f 4521 4520 4522
f 4521 4522 4523
f 4523 4522 4524
f 4523 4524 4525
f 4525 4524 4526
f 4525 4526 4527
f 4527 4526 4528
f 4527 4528 4529
f 4531 4530 4532
f 4533 4534 4535
f 4537 4536 4538
f 4537 4538 4539
f 4539 4538 4540
f 4539 4540 4541
f 4541 4540 4542
f 4541 4542 4543
f 4545 4544 4546
f 4545 4546 4517
f 4517 4546 4518
f 4547 4549 4548
f 4550 4562 4551
f 4550 4551 4552
f 4554 4555 4556
f 4547 4557 4549
f 4549 4557 4558
f 4549 4558 4559
f 4559 4560 4549
f 4549 4560 4561
f 4549 4561 4550
f 4550 4561 4562
f 4552 4542 4550
f 4550 4542 4563
f 4563 4538 4553
f 4563 4534 4564
f 4556 4565 4554
f 4566 4549 4554
f 4565 4524 4554
f 4564 4567 4563
f 4563 4567 4568
f 4563 4568 4554
f 4554 4568 4569
f 4554 4569 4555
f 4571 4570 4572
f 4570 4573 4574
f 4574 4575 4570
f 4570 4575 4576
f 4570 4576 4577
f 4579 4578 4580
f 4589 4581 4572
f 4572 4537 4539
f 4572 4539 4571
f 4577 4582 4570
f 4570 4582 4583
f 4570 4583 4579
f 4579 4583 4584
f 4579 4584 4578
f 4580 4585 4579
f 4579 4585 4545
f 4521 4586 4587
f 4587 4586 4579
f 4587 4579 4545
f 4586 4588 4589
f 4586 4589 4572
f 4581 4590 4572
f 4572 4590 4537
f 4586 4521 4525
f 4586 4525 4527
f 4527 4591 4586
f 4586 4591 4588
f 4594 4595 4592
f 4592 4595 4596
f 4593 4597 4598
f 4598 4599 4593
f 4593 4599 4600
f 4593 4600 4601
f 4601 4602 4593
f 4593 4602 4603
f 4593 4603 4604
f 4605 4606 4592
f 4607 4608 4593
f 4593 4608 4609
f 4593 4609 4610
f 4604 4611 4593
f 4593 4611 4612
f 4593 4612 4607
f 4617 4618 4614
f 4614 4618 4619
f 4614 4619 4620
f 4620 4621 4614
f 4614 4621 4622
f 4614 4622 4623
f 4625 4624 4614
f 4625 4614 4626
f 4626 4614 4623
f 4615 4627 4614
f 4614 4627 4628
f 4614 4628 4613
f 4616 4629 4614
f 4614 4629 4630
f 4614 4630 4631
f 4631 4632 4614
f 4614 4632 4633
f 4614 4633 4617
f 4638 4639 4635
f 4635 4639 4640
f 4635 4640 4641
f 4641 4642 4635
f 4635 4642 4643
f 4635 4643 4644
f 4654 4645 4635
f 4654 4635 4646
f 4646 4635 4644
f 4636 4647 4635
f 4635 4647 4648
f 4635 4648 4634
f 4637 4649 4635
f 4635 4649 4650
f 4635 4650 4651
f 4651 4652 4635
f 4635 4652 4653
f 4635 4653 4638
f 4655 4656 4654
f 4654 4656 4657
f 4654 4657 4645
f 4612 4658 4659
f 4660 4661 4594
f 4594 4661 4662
f 4594 4662 4595
f 4595 4662 4663
f 4595 4663 4596
f 4596 4663 4664
f 4596 4664 4665
f 4665 4664 4666
f 4665 4666 4667
f 4667 4666 4668
f 4667 4668 4669
f 4669 4668 4670
f 4669 4670 4671
f 4671 4670 4672
f 4671 4672 4673
f 4673 4672 4674
f 4673 4674 4675
f 4675 4674 4676
f 4678 4677 4679
f 4678 4679 4680
f 4680 4679 4681
f 4629 4682 4683
f 4631 4683 4684
f 4631 4684 4632
f 4632 4684 4685
f 4621 4686 4687
f 4621 4687 4622
f 4622 4687 4688
f 4689 4690 4691
f 4691 4690 4692
f 4616 4693 4694
f 4616 4694 4629
f 4629 4694 4682
f 4649 4695 4650
f 4650 4695 4696
f 4650 4696 4651
f 4651 4696 4697
f 4651 4697 4652
f 4652 4697 4698
f 4652 4698 4653
f 4653 4698 4699
f 4653 4699 4700
f 4642 4701 4702
f 4703 4704 4648
f 4648 4704 4705
f 4648 4705 4634
f 4634 4705 4706
f 4707 4708 4637
f 4637 4708 4709
f 4637 4709 4649
f 4649 4709 4695
f 4711 4712 4713
f 4711 4713 4710
f 4715 4714 4711
f 4711 4714 4712
f 4719 4718 4715
f 4715 4718 4714
f 4720 4721 4722
f 5110 4711 4813
f 4813 4711 4710
f 4717 4718 4716
f 4716 4718 4719
f 4724 4725 4726
f 4726 4725 4727
f 4726 4727 4728
f 4728 4727 4729
f 4728 4729 4730
f 4730 4729 4731
f 4730 4731 4732
f 4732 4731 4733
f 4732 4733 4734
f 4734 4733 4735
f 4734 4735 4736
f 4736 4735 4737
f 4736 4737 4738
f 4739 4738 4740
f 4739 4740 4741
f 4741 4740 4742
f 4741 4742 4743
f 4745 4744 4746
f 4748 4747 4749
f 4748 4749 4750
f 4750 4749 4751
f 4750 4751 4752
f 4754 4753 4755
f 4756 4757 4758
f 4758 4757 4759
f 4758 4759 4761
f 4761 4759 4760
f 4761 4760 4762
f 4761 4762 4763
f 4763 4762 4723
f 4763 4723 4764
f 4766 4767 4768
f 4770 4769 4765
f 4772 4773 4774
f 4772 4774 4775
f 4775 4774 4776
f 4776 4774 4771
f 4780 4779 4781
f 4777 4782 4778
f 4784 4783 4785
f 4787 4786 4788
f 4789 4788 4790
f 4792 4791 4793
f 4792 4793 4794
f 4795 4796 4797
f 4799 4798 4800
f 4800 4798 4802
f 4802 4801 4803
f 4805 4804 4806
f 4807 4808 4809
f 4807 4809 4810
f 4807 4810 4811
f 4717 4716 4812
f 4717 4812 4718
f 4718 4812 4714
f 4815 4814 4816
f 4815 4816 4817
f 4819 4818 4820
f 4822 4821 4823
f 4825 4826 4827
f 4825 4827 4824
f 4829 4828 4830
f 4832 4831 4833
f 4836 4835 4837
f 4839 4838 4840
f 4841 4842 4834
f 4834 4842 4843
f 4844 4845 4846
f 4846 4845 4847
f 4846 4847 4848
f 4849 4848 4847
f 4848 4850 4851
f 4853 4854 4855
f 4853 4855 4852
f 4852 4855 4856
f 4857 4858 4859
f 4859 4858 4860
f 4859 4860 4861
f 4861 4860 4862
f 4863 4864 4865
f 4866 4867 4868
f 4868 4869 4866
f 4866 4869 4870
f 4871 4872 4873
f 4875 4874 4876
f 4877 4878 4879
f 4882 4881 4883
f 4881 4884 4880
f 4880 4884 4885
f 4886 4887 4888
f 4889 4890 4891
f 4894 4892 4895
f 4895 4892 4893
f 4896 4897 4898
f 4898 4897 4899
f 4901 4900 4902
f 4904 4903 4905
f 4904 4905 4906
f 4909 4907 4908
f 4911 4910 4912
f 4913 4914 4910
f 4910 4914 4912
f 4916 4915 4917
f 4916 4917 4918
f 4919 4920 4921
f 4922 4923 4924
f 4745 4925 4926
f 4745 4926 4927
f 4927 4926 4928
f 4927 4928 4929
f 4929 4928 4930
f 4929 4930 4931
f 4931 4930 4932
f 4931 4932 4933
f 4934 4935 4728
f 4728 4935 4726
f 4936 4937 4754
f 4754 4937 4938
f 4754 4938 4939
f 4939 4938 4940
f 4939 4940 4941
f 4941 4940 4942
f 4941 4942 4943
f 4943 4942 4919
f 4945 4944 4946
f 4945 4946 4947
f 4947 4946 4948
f 4947 4948 4949
f 4949 4948 4950
f 4951 4952 4953
f 4955 4954 4956
f 4955 4956 4957
f 4959 4958 4960
f 4961 4962 4963
f 4965 4964 4966
f 4961 4966 4967
f 4968 4969 4970
f 4970 4969 4971
f 4970 4971 4972
f 4972 4971 4973
f 4972 4973 4974
f 4975 4974 4976
f 4978 4977 4979
f 4978 4979 4980
f 4980 4979 4981
f 4982 4983 4984
f 4986 4985 4987
f 4990 4989 4991
f 4992 4991 4993
f 4994 4995 4996
f 4988 4997 4810
f 4998 4999 5000
f 5002 5001 5003
f 5002 5003 5004
f 5007 5006 5005
f 5007 5005 5008
f 5010 5009 4817
f 5012 5011 5013
f 5012 5013 5014
f 5016 5015 5017
f 5016 5017 5018
f 5019 5020 5021
f 5022 5023 5024
f 5027 5026 5028
f 5030 5029 5031
f 5030 5031 5032
f 5032 5031 5033
f 5032 5033 5034
f 5034 5033 5035
f 5034 5035 5036
f 5036 5035 5037
f 5036 5037 5038
f 5040 5039 5025
f 5041 5042 5043
f 5043 5042 5044
f 5043 5044 5045
f 5045 5044 5046
f 5047 5048 5049
f 5049 5048 5050
f 5049 5050 5051
f 5051 5050 5052
f 5051 5052 5053
f 5053 5052 5054
f 5055 5056 5057
f 5059 5058 5060
f 5063 5062 5064
f 5064 5062 5070
f 5068 5067 5069
f 5069 5067 5079
f 5073 5071 5072
f 5073 5072 5074
f 5073 5074 5075
f 5075 5074 5076
f 5075 5076 5077
f 5066 5078 4816
f 5079 5080 5081
f 5081 5080 5082
f 5061 5065 5083
f 5084 5085 5086
f 5086 5085 4916
f 5086 4916 5087
f 4827 5088 5084
f 4827 5084 5089
f 5093 5092 5094
f 5096 5095 5097
f 5097 5095 5091
f 5098 5099 5100
f 4833 4851 5092
f 5092 4851 4850
f 5090 5101 4911
f 4812 4716 5105
f 5105 5106 4812
f 4812 5106 5107
f 4812 5107 5108
f 5108 4714 4812
f 5109 4712 5108
f 5108 4712 4714
f 5109 4713 4712
f 5111 4813 4710
f 4713 5109 4710
f 4710 5109 5111
f 5113 5114 5115
f 5115 5114 5116
f 5112 5103 5102
f 5102 5103 5104
f 5111 5117 5110
f 5111 5110 4813
f 5119 5118 5120
f 5119 5120 5121
f 5121 5120 5122
f 5121 5122 5123
f 5123 5122 5124
f 5123 5124 5125
f 5126 5127 4862
f 5131 4878 5132
f 5135 5136 5137
f 5139 5138 5141
f 5140 5128 5129
f 5143 5136 5144
f 5144 5136 5142
f 5133 5145 5134
f 5147 5130 5148
f 5148 5130 5146
f 5151 5152 5153
f 5154 5155 5156
f 5156 5155 5157
f 5158 5159 5161
f 5161 5159 5160
f 5161 5160 4942
f 5161 4942 4940
f 5162 5163 5164
f 5164 5163 5165
f 5164 5165 5166
f 5166 5165 5167
f 5166 5167 5168
f 5168 5167 5169
f 5169 5170 5171
f 5173 5172 5174
f 5175 5149 5150
f 5176 5177 5178
f 5179 5182 5218
f 5178 5181 5176
f 5176 5181 4964
f 5176 4964 5182
f 5217 5180 5185
f 5186 5187 5226
f 5196 5188 5183
f 5183 5188 5189
f 5189 5190 5183
f 5198 5191 5209
f 5209 5191 5192
f 5209 5192 5193
f 5180 4959 5194
f 5180 5194 5195
f 5183 5210 5196
f 5183 5201 5202
f 5202 5201 5203
f 5217 5185 5224
f 5224 5185 5199
f 5206 5205 5207
f 5206 5207 5208
f 5209 5193 5183
f 5183 5193 5210
f 5203 5211 5115
f 5203 5115 5202
f 5213 5212 5204
f 5177 5176 5214
f 5214 5176 5215
f 5214 5215 5205
f 5205 5215 5216
f 5199 5184 5219
f 5199 5219 5224
f 5221 5220 5222
f 5221 5222 5208
f 5208 5222 5223
f 5208 5223 5206
f 5224 5225 5217
f 5197 5200 5226
f 5226 5227 5186
f 5186 5227 4995
f 5186 4995 5228
f 5228 4995 5229
f 5228 5229 5230
f 5230 5229 5231
f 5220 5221 5229
f 5229 5221 5232
f 5229 5232 5231
f 5237 5236 5240
f 5242 5241 5243
f 5245 5235 5244
f 5272 5250 5235
f 5247 5245 5246
f 5247 5246 5251
f 5251 5246 5252
f 5251 5252 5253
f 5256 5254 5257
f 5257 5254 5255
f 5259 5236 5234
f 5234 5236 5237
f 5234 5237 5233
f 5233 5237 5239
f 5106 5105 5247
f 5247 5105 5260
f 5248 5249 4969
f 5248 4969 5261
f 5261 5262 5248
f 5248 5262 5263
f 5248 5263 5264
f 5264 5265 5248
f 5248 5265 5266
f 5248 5266 5267
f 5267 5266 5268
f 5268 4987 5256
f 5270 5271 5272
f 5274 5251 5253
f 5237 5275 5276
f 5276 5277 5237
f 5277 5278 5238
f 5074 5279 5269
f 5074 5269 5076
f 5280 5258 5281
f 5281 5258 5273
f 5281 5273 5249
f 5283 5282 5284
f 5283 5284 5285
f 5286 5270 5269
f 5269 5287 5076
f 5290 5289 5291
f 5292 5293 5294
f 5295 5296 5288
f 5298 5297 5299
f 5301 5300 5302
f 5303 5304 5305
f 5307 5306 5308
f 5307 5308 5309
f 5310 5311 5312
f 5314 5313 5315
f 5332 5317 5364
f 5319 5320 5318
f 5321 5334 5318
f 5321 5318 5320
f 5318 5326 5319
f 5329 5325 5317
f 5318 5316 5326
f 5318 5330 5331
f 5318 5334 5335
f 5318 5335 5330
f 5317 5325 5336
f 5318 5331 5340
f 5086 5087 5341
f 5325 5342 5337
f 5338 5339 5337
f 5343 5328 5332
f 5332 5328 5344
f 5332 5344 5317
f 5317 5344 5329
f 5345 5346 5347
f 5347 5346 5348
f 5347 5348 5349
f 5346 5345 5350
f 5323 5322 5125
f 5125 5322 5351
f 5324 5352 5353
f 5324 5353 5325
f 5325 5353 5342
f 5338 5354 5339
f 5355 5354 5356
f 5357 5358 5334
f 5334 5358 5333
f 5322 5323 5340
f 5359 5360 5336
f 5360 5086 5336
f 5336 5086 5341
f 5341 5144 5361
f 5341 5361 5362
f 5364 5365 5332
f 5325 5337 5339
f 5325 5339 5336
f 5336 5339 5366
f 5336 5366 5359
f 5341 5362 5364
f 5364 5362 5367
f 5364 5367 5363
f 5368 5369 5370
f 5327 5371 5319
f 5372 5373 5099
f 5374 5375 5348
f 5348 5375 5376
f 5348 5376 5349
f 5349 5376 5099
f 5349 5099 5377
f 5377 5099 5373
f 5372 5099 5378
f 5378 5099 5379
f 5378 5379 5370
f 5370 5379 5380
f 5370 5380 5368
f 5382 5381 5383
f 5385 5384 5386
f 5385 5386 5387
f 5387 5386 5388
f 5387 5388 5389
f 5389 5388 5390
f 5135 5391 5392
f 5392 5391 5393
f 5392 5393 5394
f 5394 5393 5395
f 5395 5393 5396
f 5397 5398 5399
f 5400 5401 5402
f 5402 5401 5403
f 5404 5405 5406
f 5406 5405 5407
f 5406 5407 5408
f 5408 5407 5409
f 5408 5409 5410
f 5410 5409 5411
f 5410 5411 5412
f 5412 5411 5413
f 5414 5415 5416
f 5417 5418 5419
f 5420 5421 5422
f 5423 5424 5425
f 5427 5426 5428
f 5427 5428 5429
f 5431 5432 5433
f 5430 5434 5435
f 5437 5438 5439
f 5439 5438 5440
f 5439 5440 5441
f 5443 5442 5444
f 5444 5445 5446
f 5436 5447 5448
f 5450 5451 5452
f 5452 5451 5453
f 5452 5453 5454
f 5454 5453 5455
f 5454 5455 5456
f 5456 5455 5457
f 5456 5457 5458
f 5458 5457 5459
f 5330 5460 5449
f 5461 5462 5463
f 5465 5464 5466
f 5465 5466 5467
f 5467 5466 5468
f 5467 5468 5469
f 5469 5468 5470
f 5469 5470 5471
f 5473 5472 5474
f 5475 5476 5477
f 5477 5476 5478
f 5477 5478 5479
f 5479 5478 5480
f 5479 5480 5481
f 5481 5480 5482
f 5481 5482 5483
f 5483 5482 5484
f 5483 5484 5485
f 5485 5484 5486
f 5485 5486 5487
f 5487 5486 5488
f 5487 5488 5489
f 5489 5488 5490
f 5489 5490 5491
f 5491 5490 5492
f 5491 5492 5493
f 5493 5492 5494
f 5493 5494 5495
f 5495 5494 5496
f 5495 5496 5464
f 5498 5497 5499
f 5498 5499 5500
f 5500 5499 5501
f 5500 5501 5502
f 5502 5501 5503
f 5502 5503 5504
f 5504 5503 5307
f 5504 5307 5505
f 5505 5307 5506
f 5507 5508 5509
f 5509 5508 5510
f 5509 5510 5511
f 5511 5510 5512
f 5511 5512 5513
f 5513 5512 5514
f 5513 5514 5515
f 5515 5514 5516
f 5515 5516 5517
f 5517 5516 5518
f 5517 5518 5519
f 5520 5521 5522
f 5522 5521 5523
f 5524 5525 5526
f 5526 5525 5527
f 5527 5528 5529
f 5532 5531 5533
f 5532 5533 5534
f 5536 5535 5537
f 5539 5538 5540
f 5539 5540 5541
f 5543 5542 5530
f 5544 5545 5546
f 5548 5547 5549
f 5548 5550 5551
f 5579 5556 5557
f 5558 5559 5560
f 5560 5559 5565
f 5561 5562 5563
f 5563 5562 5564
f 5563 5564 5559
f 5559 5564 5565
f 5563 5566 5567
f 5567 5566 5568
f 5567 5568 5569
f 5568 5571 5570
f 5568 5570 5569
f 5571 5572 5573
f 5574 5576 5575
f 5577 5578 5579
f 5579 5578 5580
f 5575 5581 5574
f 5581 5579 5582
f 5582 5579 5580
f 5577 5579 5557
f 5577 5557 5415
f 5415 5557 5583
f 5415 5583 5584
f 5584 5583 5585
f 5587 5588 5589
f 5589 5588 5590
f 5587 5591 5588
f 5588 5591 5477
f 5588 5477 5583
f 5583 5477 5481
f 5481 5483 5583
f 5583 5483 5592
f 5605 5586 5588
f 5588 5586 5593
f 5588 5593 5590
f 5594 5605 5595
f 5605 5594 5586
f 5592 5489 5583
f 5583 5489 5597
f 5598 5585 5467
f 5585 5598 5599
f 5599 5595 5585
f 5595 5473 5596
f 5583 5597 5600
f 5583 5600 5585
f 5585 5600 5467
f 5601 5602 5588
f 5588 5602 5603
f 5603 5604 5588
f 5588 5604 5605
f 5606 5607 5601
f 5601 5607 5602
f 5608 5609 5615
f 5615 5609 5610
f 5611 5613 5612
f 5612 5613 5614
f 5612 5614 5610
f 5610 5614 5615
f 5620 5618 5619
f 5620 5619 5609
f 5620 5609 5621
f 5621 5609 5608
f 5620 5622 5618
f 5618 5622 5623
f 5618 5623 5624
f 5624 5625 5618
f 5618 5625 5617
f 5617 5625 5626
f 5617 5626 5616
f 5628 5627 5629
f 5630 5631 5617
f 5631 5632 5617
f 5617 5632 5633
f 5617 5633 5618
f 5629 5643 5634
f 5627 5638 5639
f 5627 5639 5640
f 5641 5642 5629
f 5629 5642 5643
f 5646 5645 5644
f 5646 5644 5647
f 5647 5644 5635
f 5637 5645 5636
f 5636 5648 5637
f 5637 5648 5649
f 5637 5649 5650
f 5637 5650 5651
f 5627 5640 5652
f 5627 5652 5629
f 5629 5652 5641
f 5656 5653 5637
f 5637 5653 5654
f 5637 5654 5645
f 5656 5637 5655
f 5657 5661 5658
f 5657 5658 5659
f 5659 5658 5655
f 5655 5658 5660
f 5655 5660 5656
f 5661 5657 5662
f 5661 5662 5663
f 5664 5421 5662
f 5662 5421 5663
f 5667 5665 5666
f 5665 5667 5668
f 5665 5668 5664
f 5664 5668 5669
f 5664 5669 5421
f 5554 5670 5555
f 5555 5670 5671
f 5555 5671 5666
f 5666 5671 5672
f 5666 5672 5667
f 5601 5675 5676
f 5601 5676 5606
f 5617 5616 5677
f 5617 5677 5678
f 5678 5677 5601
f 5601 5677 5675
f 5679 5665 5681
f 5664 5680 5665
f 5665 5680 5682
f 5665 5682 5681
f 5683 5448 5662
f 5662 5448 5684
f 5662 5684 5664
f 5664 5684 5685
f 5664 5685 5680
f 5679 5686 5687
f 5687 5686 5688
f 5662 5689 5690
f 5662 5690 5683
f 5688 5691 5687
f 5687 5691 5692
f 5687 5692 5693
f 5694 5695 5657
f 5657 5695 5696
f 5657 5696 5662
f 5662 5696 5697
f 5662 5697 5689
f 5693 5445 5687
f 5687 5445 5698
f 5687 5698 5659
f 5659 5698 5699
f 5659 5699 5700
f 5700 5701 5659
f 5659 5701 5702
f 5659 5702 5703
f 5703 5704 5659
f 5659 5704 5705
f 5659 5705 5657
f 5657 5705 5706
f 5706 5707 5657
f 5657 5707 5708
f 5657 5708 5694
f 5709 5710 5568
f 5568 5710 5711
f 5568 5711 5571
f 5553 5552 5566
f 5566 5552 5568
f 5568 5552 5712
f 5568 5712 5709
f 5713 5714 5553
f 5553 5714 5715
f 5553 5715 5716
f 5716 5717 5553
f 5553 5717 5718
f 5553 5718 5552
f 5556 5719 5557
f 5557 5719 5720
f 5557 5720 5721
f 5713 5551 5722
f 5722 5551 5550
f 5719 5723 5720
f 5720 5723 5724
f 5720 5724 5550
f 5550 5724 5725
f 5550 5725 5722
f 5726 5727 5551
f 5551 5727 5728
f 5728 5727 5729
f 5563 5730 5566
f 5566 5730 5726
f 5566 5726 5553
f 5553 5726 5551
f 5553 5551 5713
f 5729 5727 5558
f 5729 5558 5673
f 5673 5558 5560
f 5673 5560 5674
f 5731 5732 5733
f 5734 5735 5739
f 5739 5735 5733
f 5678 5746 5736
f 5731 5733 5737
f 5732 5738 5733
f 5733 5738 5739
f 5583 5740 5741
f 5742 5743 5588
f 5588 5743 5744
f 5588 5744 5601
f 5601 5744 5745
f 5601 5745 5678
f 5678 5745 5746
f 5583 5741 5588
f 5588 5741 5747
f 5588 5747 5742
f 5721 5748 5557
f 5557 5748 5749
f 5557 5749 5583
f 5583 5749 5750
f 5583 5750 5740
f 5751 5752 5728
f 5753 5761 5754
f 5753 5754 5728
f 5728 5754 5755
f 5728 5755 5751
f 5752 5756 5728
f 5728 5756 5757
f 5728 5757 5551
f 5551 5757 5758
f 5758 5759 5551
f 5551 5759 5547
f 5551 5547 5548
f 5687 5760 5545
f 5679 5687 5665
f 5665 5687 5545
f 5665 5545 5761
f 5734 5762 5659
f 5659 5762 5763
f 5659 5763 5687
f 5687 5763 5546
f 5687 5546 5760
f 5736 5737 5678
f 5678 5737 5733
f 5678 5733 5617
f 5617 5733 5627
f 5617 5627 5630
f 5630 5627 5628
f 5735 5734 5659
f 5735 5659 5733
f 5733 5659 5655
f 5733 5655 5627
f 5627 5655 5637
f 5627 5637 5638
f 5638 5637 5651
f 5728 5765 5666
f 5728 5666 5753
f 5753 5666 5665
f 5753 5665 5761
f 5729 5502 5764
f 5775 5765 5728
f 5673 5674 5554
f 5673 5554 5729
f 5729 5554 5555
f 5729 5555 5502
f 5765 5522 5666
f 5666 5522 5766
f 5666 5766 5767
f 5767 5768 5666
f 5666 5768 5769
f 5666 5769 5770
f 5729 5764 5511
f 5770 5771 5666
f 5666 5771 5526
f 5666 5526 5555
f 5555 5526 5772
f 5772 5773 5555
f 5555 5773 5502
f 5517 5774 5728
f 5728 5774 5775
f 5729 5511 5515
f 5729 5515 5728
f 5728 5515 5517
f 5777 5779 5778
f 5777 5780 5779
f 5781 5782 5777
f 5777 5782 5780
f 5781 5783 5782
f 5784 5785 5786
f 5786 5785 5787
f 5786 5787 5788
f 5788 5787 5789
f 5788 5789 5790
f 5790 5789 5791
f 5790 5791 5792
f 5792 5791 5793
f 5792 5793 5794
f 5794 5793 5795
f 5794 5795 5796
f 5796 5795 5797
f 5796 5797 5800
f 5800 5797 5798
f 5800 5798 5799
f 5800 5799 5783
f 5800 5783 5781
f 5802 5801 5803
f 5802 5803 5804
f 5804 5803 5805
f 5804 5805 5806
f 5806 5805 5807
f 5806 5807 5808
f 5808 5807 5809
f 5808 5809 5810
f 5810 5809 5811
f 5810 5811 5812
f 5812 5811 5813
f 5812 5813 5814
f 5776 5801 5802
f 5815 5816 5776
f 5776 5816 5801
f 5815 5817 5816
f 5815 5818 5817
f 5819 5818 5815
f 5819 5820 5818
f 5777 5778 5820
f 5777 5820 5819
f 5821 5822 5823
f 5823 5822 5824
f 5825 5826 5828
f 5828 5826 5827
f 5828 5827 5829
f 5831 5830 5832
f 5831 5832 5833
f 5834 5835 5836
f 5838 5837 5839
f 5838 5839 5840
f 5842 5841 5843
f 5842 5843 5844
f 5846 5845 5847
f 5846 5847 5848
f 5849 5850 5851
f 5783 5851 5852
f 5783 5853 5851
f 5855 5854 5783
f 5783 5854 5853
f 5851 5850 5856
f 5856 5857 5851
f 5851 5857 5852
f 5861 5862 5858
f 5864 5863 5865
f 5859 5866 5867
f 5859 5867 5858
f 5858 5869 5870
f 5864 5871 5863
f 5872 5873 5863
f 5863 5873 5874
f 5863 5874 5875
f 5859 5876 5877
f 5875 5878 5863
f 5863 5878 5879
f 5863 5879 5865
f 5860 5861 5868
f 5870 5881 5858
f 5859 5858 5882
f 5859 5882 5876
f 5859 5877 5883
f 5880 5884 5868
f 5868 5884 5885
f 5890 5888 5827
f 5895 5896 5891
f 5891 5896 5897
f 5891 5897 5905
f 5899 5898 5900
f 5899 5900 5887
f 5887 5900 5901
f 5887 5901 5886
f 5889 5894 5902
f 5889 5902 5891
f 5893 5903 5892
f 5892 5903 5904
f 5906 5905 5897
f 5789 5787 5855
f 5908 5909 5787
f 5908 5787 5910
f 5910 5787 5785
f 5910 5785 5911
f 5912 5855 5787
f 5912 5787 5913
f 5913 5787 5909
f 5911 5785 5914
f 5914 5785 5915
f 5915 5785 6021
f 5785 5784 6021
f 6021 5814 5813
f 6021 5813 5916
f 5813 5917 5916
f 5811 5917 5813
f 5809 5918 5811
f 5811 5918 5917
f 5809 5807 5918
f 5918 5807 5805
f 5918 5805 5803
f 5918 5803 5801
f 5820 5778 5856
f 5907 5817 5818
f 5907 5818 5919
f 5919 5818 5820
f 5907 5816 5817
f 5918 5801 5920
f 5920 5801 5907
f 5907 5801 5816
f 5795 5793 5855
f 5855 5793 5791
f 5855 5791 5789
f 5795 5855 5797
f 5797 5855 5798
f 5783 5799 5855
f 5855 5799 5798
f 5782 5783 5852
f 5856 5778 5779
f 5856 5779 5857
f 5857 5779 5780
f 5857 5780 5852
f 5852 5780 5782
f 5850 5921 5856
f 5856 5921 5919
f 5856 5919 5820
f 5919 5921 5922
f 5922 5907 5919
f 5925 5924 5926
f 5925 5926 5927
f 5929 5930 5924
f 5924 5930 5931
f 5924 5931 5923
f 5927 5932 5925
f 5925 5932 5933
f 5925 5933 5934
f 5936 5937 5924
f 5924 5937 5938
f 5924 5938 5929
f 5939 5804 5940
f 5935 5940 5808
f 5941 5928 5942
f 5943 5794 5944
f 5944 5794 5945
f 5946 5947 5939
f 5939 5947 5804
f 5950 5951 5952
f 5952 5951 5953
f 5953 5951 5954
f 5953 5954 5946
f 5948 5955 5949
f 5949 5955 5956
f 5949 5956 5957
f 5957 5956 5958
f 5957 5958 5959
f 5959 5958 5960
f 5959 5960 5961
f 5961 5960 5962
f 5961 5962 5849
f 5849 5962 5963
f 5849 5963 5936
f 5936 5963 5964
f 5936 5964 5937
f 5967 5965 5966
f 5967 5966 5968
f 5967 5968 5969
f 5971 5970 5972
f 5971 5972 5973
f 5973 5972 5974
f 5973 5974 5975
f 5975 5974 5976
f 5975 5976 5977
f 5981 5979 5980
f 5981 5980 5982
f 5983 5984 5978
f 5915 6021 5985
f 5915 5985 5914
f 5914 5985 5911
f 5911 5985 5986
f 5911 5986 5910
f 5910 5986 5943
f 5910 5943 5908
f 5908 5943 5987
f 5908 5987 5909
f 5909 5987 5944
f 5909 5944 5913
f 5913 5944 5988
f 5913 5988 5912
f 5912 5988 5989
f 5855 5912 5989
f 5855 5989 5957
f 5855 5957 5854
f 5961 5853 5957
f 5957 5853 5854
f 5849 5851 5961
f 5961 5851 5853
f 5990 5991 5873
f 5873 5991 5874
f 5992 5993 5994
f 5994 5993 5995
f 5997 5996 5998
f 5999 6000 6001
f 5896 6002 5897
f 6003 6004 6005
f 6005 6004 6006
f 6007 6008 6009
f 6009 6008 6010
f 6011 6012 6013
f 6015 6014 6013
f 5907 5922 5920
f 5920 5922 5918
f 5918 5922 5952
f 5918 5952 5953
f 5918 5953 6016
f 5918 6016 6017
f 5918 6017 5917
f 5917 6017 5939
f 5917 5939 6018
f 5917 6018 6019
f 5917 6019 6020
f 5917 6020 6021
f 5917 6021 5916
f 6022 6023 6024
f 6026 6025 6027
f 6030 6029 6031
f 6032 6033 5979
f 5979 6033 6034
f 6035 6036 6037
f 6037 6036 6038
f 6037 6038 6039
f 6039 6038 6040
f 6039 6040 6041
f 6041 6040 6028
f 6042 5985 6043
f 6047 6046 6054
f 6051 5985 6065
f 6068 6052 6045
f 6054 5996 6047
f 6047 5996 6055
f 6047 6055 6056
f 6048 6049 6045
f 6045 6049 6053
f 6046 6045 6057
f 6046 6057 6054
f 6056 6058 6047
f 6047 6058 6059
f 6047 6059 6060
f 6044 6062 6063
f 6063 6045 6053
f 6047 6061 6067
f 6067 6061 6064
f 6065 5985 6067
f 6065 6066 6051
f 6067 5985 6047
f 6047 6060 6050
f 6045 6046 6048
f 6048 6046 6051
f 6048 6051 6066
f 6063 6068 6045
f 6069 6070 6071
f 6028 6040 6072
f 6072 6040 6038
f 6072 6038 6036
f 6107 6073 6072
f 6072 6073 6074
f 6072 6074 6075
f 6036 6076 6072
f 6072 6076 6077
f 6072 6077 6078
f 6079 6082 6080
f 6079 6081 6082
f 6084 6085 6071
f 6071 6085 6086
f 6086 6087 6071
f 6071 6087 6088
f 6078 6089 6072
f 6072 6089 6090
f 6072 6090 6082
f 6082 6090 6080
f 6092 6093 6070
f 6070 6093 6094
f 6070 6091 6071
f 6071 6091 6084
f 6088 6095 6071
f 6095 6096 6097
f 6082 6083 6071
f 6071 6083 6069
f 6070 6098 6092
f 6100 6101 6075
f 6075 6101 6102
f 6075 6102 6072
f 6072 6102 6103
f 6072 6103 6028
f 6104 6095 6105
f 6105 6095 6106
f 6104 6107 6095
f 6095 6107 6072
f 6097 6108 6095
f 6092 6099 6109
f 6075 6112 6100
f 6111 6110 6075
f 6075 6110 6113
f 6075 6113 6112
f 6114 6115 6116
f 6116 6117 6114
f 6114 6117 6118
f 6114 6118 6119
f 6123 6122 6172
f 6123 6172 6125
f 6123 6125 6120
f 6120 6124 6125
f 6120 6125 6121
f 6126 6127 6128
f 6123 6129 6122
f 6122 6129 6127
f 6135 6134 6153
f 6153 6134 6131
f 6133 6132 6134
f 6133 6134 6135
f 6134 6132 6136
f 6121 6130 6136
f 6136 6130 6134
f 6121 6136 6120
f 6136 6123 6120
f 6138 6123 6136
f 6138 6129 6123
f 6138 6127 6129
f 6140 6127 6139
f 6140 6139 6141
f 6141 6139 6137
f 6141 6137 6142
f 6142 6137 6206
f 6145 6206 6144
f 6143 6145 6144
f 6146 6147 6143
f 6143 6147 6145
f 6146 6148 6147
f 6149 6150 6146
f 6146 6150 6148
f 6114 6119 6149
f 6149 6119 6168
f 6149 6168 6150
f 6152 6151 6130
f 6152 6153 6151
f 6155 6154 6152
f 6152 6154 6153
f 6155 6156 6157
f 6155 6157 6154
f 6156 6155 6158
f 6158 6159 6156
f 6158 6160 6159
f 6162 6160 6161
f 6162 6161 6163
f 6164 6166 6161
f 6161 6166 6163
f 6166 6164 6165
f 6166 6165 6167
f 6150 6169 6170
f 6150 6170 6148
f 6148 6170 6147
f 6147 6170 6145
f 6145 6170 6171
f 6145 6171 6206
f 6142 6173 6141
f 6141 6173 6140
f 6127 6140 6173
f 6127 6173 6174
f 6174 6175 6127
f 6127 6175 6176
f 6127 6176 6122
f 6122 6176 6172
f 6168 6119 6167
f 6167 6119 6118
f 6118 6166 6167
f 6118 6163 6166
f 6160 6162 6117
f 6117 6162 6163
f 6117 6163 6118
f 6135 6156 6133
f 6116 6159 6117
f 6117 6159 6160
f 6117 6177 6160
f 6135 6154 6157
f 6135 6157 6156
f 6153 6154 6135
f 6130 6151 6134
f 6134 6151 6131
f 6131 6151 6153
f 6156 6159 6133
f 6133 6159 6116
f 6133 6116 6115
f 6133 6115 6132
f 6211 6152 6130
f 6211 6130 6121
f 6178 6114 6179
f 6179 6114 6180
f 6179 6180 6181
f 6182 6181 6146
f 6193 6183 6115
f 6186 6187 6115
f 6115 6187 6188
f 6115 6188 6184
f 6189 6184 6190
f 6190 6184 6185
f 6189 6191 6192
f 6114 6178 6115
f 6115 6178 6193
f 6115 6183 6186
f 6194 6182 6195
f 6197 6196 6198
f 6199 6200 6201
f 6167 6165 6168
f 6168 6165 6202
f 6168 6202 6203
f 6168 6203 6150
f 6203 6169 6150
f 6204 6170 6203
f 6203 6170 6169
f 6194 6170 6204
f 6170 6194 6205
f 6170 6205 6171
f 6171 6205 6206
f 6142 6207 6173
f 6173 6207 6208
f 6209 6173 6208
f 6209 6174 6173
f 6209 6176 6175
f 6209 6175 6174
f 6125 6172 6210
f 6210 6172 6209
f 6209 6172 6176
f 6125 6211 6121
f 6215 6216 6212
f 6212 6216 6217
f 6212 6217 6218
f 6218 6219 6212
f 6212 6219 6220
f 6213 6222 6214
f 6212 6223 6214
f 6212 6214 6224
f 6224 6214 6221
f 6226 6227 6228
f 6241 6229 6230
f 6230 6232 6241
f 6241 6232 6233
f 6241 6233 6225
f 6226 6234 6235
f 6226 6235 6236
f 6231 6237 6226
f 6226 6237 6238
f 6236 6239 6226
f 6226 6239 6240
f 6226 6240 6227
f 6241 6242 6243
f 6243 6244 6241
f 6241 6244 6245
f 6241 6245 6246
f 6246 6247 6241
f 6241 6247 6248
f 6241 6248 6249
f 6251 6250 6252
f 6251 6253 6250
f 6251 6254 6253
f 6256 6255 6251
f 6258 6257 6259
f 6257 6258 6309
f 6257 6309 6256
f 6256 6309 6255
f 6261 6266 6262
f 6261 6262 6263
f 6265 6264 6252
f 6264 6265 6260
f 6260 6265 6266
f 6266 6261 6260
f 6270 6296 6268
f 6270 6268 6269
f 6270 6269 6273
f 6273 6269 6271
f 6273 6271 6272
f 6273 6272 6276
f 6276 6272 6274
f 6276 6274 6275
f 6276 6275 6279
f 6279 6275 6277
f 6279 6277 6278
f 6280 6281 6278
f 6278 6281 6279
f 6282 6267 6280
f 6280 6267 6281
f 6267 6282 6283
f 6283 6282 6285
f 6285 6282 6284
f 6285 6284 6287
f 6287 6284 6286
f 6287 6286 6289
f 6289 6286 6288
f 6289 6288 6291
f 6291 6288 6290
f 6291 6290 6292
f 6292 6293 6291
f 6294 6295 6292
f 6292 6295 6293
f 6270 6295 6296
f 6296 6295 6294
f 6297 6298 6299
f 6299 6300 6301
f 6253 6302 6301
f 6253 6301 6303
f 6253 6303 6250
f 6250 6303 6304
f 6250 6304 6252
f 6252 6304 6265
f 6265 6304 6305
f 6306 6262 6266
f 6306 6266 6305
f 6305 6266 6265
f 6302 6253 6307
f 6307 6253 6254
f 6307 6254 6251
f 6307 6251 6255
f 6307 6255 6308
f 6308 6255 6309
f 6309 6258 6310
f 6314 6311 6312
f 6312 6311 6313
f 6312 6313 6252
f 6314 6256 6311
f 6252 6260 6312
f 6312 6260 6315
f 6259 6316 6258
f 6258 6316 6310
f 6309 6310 6317
f 6307 6318 6299
f 6307 6308 6318
f 6318 6308 6317
f 6317 6308 6309
f 6302 6299 6301
f 6299 6302 6307
f 6310 6316 6317
f 6295 6321 6320
f 6321 6295 6270
f 6319 6285 6324
f 6285 6287 6324
f 6287 6289 6324
f 6298 6291 6293
f 6298 6293 6320
f 6320 6293 6295
f 6319 6267 6283
f 6283 6285 6319
f 6321 6270 6322
f 6322 6270 6273
f 6322 6273 6276
f 6323 6276 6279
f 6323 6279 6281
f 6323 6281 6319
f 6319 6281 6267
f 6298 6324 6289
f 6298 6289 6291
f 6276 6323 6322
f 6325 6303 6301
f 6326 6304 6325
f 6325 6304 6303
f 6327 6306 6305
f 6327 6305 6326
f 6326 6305 6304
f 6306 6327 6328
f 6262 6306 6263
f 6263 6306 6328
f 6330 6329 6331
f 6333 6335 6329
f 6329 6335 6336
f 6337 6338 6332
f 6332 6338 6334
f 6344 6343 6345
f 6347 6346 6348
f 6347 6348 6349
f 6350 6351 6352
f 6354 6353 6355
f 6358 6357 6342
f 6358 6342 6359
f 6340 6356 6339
f 6360 6339 6361
f 6361 6339 6341
f 6361 6341 6362
f 6363 6364 6366
f 6366 6364 6365
f 6366 6365 6367
f 6368 6369 6370
f 6372 6371 6373
f 6373 6371 6374
f 6373 6374 6375
f 6377 6375 6376
f 6379 6378 6380
f 6379 6380 6381
f 6382 6383 6384
f 6346 6385 6386
f 6346 6386 6348
f 6348 6386 6387
f 6348 6387 6388
f 6348 6388 6389
f 6351 6390 6391
f 6393 6392 6394
f 6393 6394 6395
f 6396 6397 6398
f 6399 6400 6363
f 6363 6400 6401
f 6363 6401 6402
f 6404 6403 6405
f 6406 6407 6408
f 6409 6408 6407
f 6410 6411 6412
f 6412 6411 6413
f 6412 6413 6414
f 6414 6413 6415
f 6417 6416 6418
f 6417 6418 6419
f 6340 6420 6421
f 6421 6420 6422
f 6422 6420 6423
f 6422 6423 6424
f 6424 6423 6425
f 6428 6426 6427
f 6428 6427 6429
f 6428 6429 6430
f 6382 6433 6383
f 6434 6435 6436
f 6436 6435 6437
f 6436 6437 6438
f 6394 6439 6440
f 6431 6441 6432
f 6442 6443 6444
f 6446 6445 6411
f 6447 6448 6449
f 6449 6448 6450
f 6449 6450 6451
f 6454 6455 6456
f 6456 6455 6457
f 6456 6457 6458
f 6458 6457 6459
f 6458 6459 6460
f 6461 6462 6447
f 6447 6462 6463
f 6447 6463 6448
f 6464 6437 6465
f 6465 6437 6435
f 6465 6435 6466
f 6452 6468 6453
f 6453 6468 6470
f 6470 6469 6471
f 6472 6471 6473
f 6472 6473 6474
f 6475 6474 6476
f 6464 6477 6437
f 6479 6480 6454
f 6454 6480 6481
f 6454 6481 6455
f 6482 6467 6483
f 6485 6484 6486
f 6485 6486 6487
f 6487 6486 6478
f 6478 6486 6488
f 6491 6492 6493
f 6490 6537 6494
f 6496 6497 6491
f 6491 6497 6498
f 6494 6499 6500
f 6504 6503 6494
f 6504 6494 6489
f 6498 6505 6491
f 6491 6505 6506
f 6510 6507 6491
f 6507 6496 6491
f 6494 6500 6508
f 6494 6508 6495
f 6502 6501 6509
f 6511 6510 6491
f 6502 6512 6513
f 6515 6514 6516
f 6515 6516 6517
f 6517 6516 6518
f 6517 6518 6519
f 6502 6520 6512
f 6522 6521 6523
f 6518 6445 6519
f 6519 6445 6446
f 6519 6446 6525
f 6525 6446 6526
f 6526 6527 6528
f 6528 6527 6529
f 6529 6527 6530
f 6524 6531 6523
f 6533 6532 6534
f 6490 6535 6537
f 6537 6535 6536
f 6537 6536 6538
f 6537 6538 6539
f 6539 6538 6540
f 6539 6540 6541
f 6542 6543 6544
f 6545 6482 6546
f 6547 6548 6549
f 6551 6550 6456
f 6551 6456 6552
f 6554 6555 6556
f 6557 6558 6559
f 6560 6561 6562
f 6563 6564 6553
f 6565 6566 6568
f 6568 6566 6567
f 6568 6567 6569
f 6568 6569 6570
f 6570 6569 6571
f 6570 6571 6572
f 6573 6574 6575
f 6575 6574 6576
f 6575 6576 6577
f 6577 6576 6578
f 6577 6578 6579
f 6579 6578 6580
f 6579 6580 6581
f 6583 6582 6565
f 6585 6584 6586
f 6585 6586 6587
f 6589 6588 6590
f 6591 6592 6593
f 6593 6592 6594
f 6593 6594 6595
f 6595 6594 6596
f 6598 6597 6584
f 6601 6600 6602
f 6603 6604 6599
f 6607 6606 6608
f 6609 6587 6610
f 6609 6610 6611
f 6613 6612 6614
f 6613 6614 6605
f 6616 6615 6617
f 6619 6618 6620
f 6622 6621 6623
f 6625 6624 6626
f 6628 6627 6629
f 6632 6631 6633
f 6635 6634 6637
f 6637 6636 6638
f 6637 6638 6639
f 6640 6641 6630
f 6567 6643 6644
f 6646 6645 6642
f 6648 6647 6649
f 6649 6647 6650
f 6651 6650 6652
f 6653 6654 6655
f 6657 6656 6658
f 6660 6659 6661
f 6664 6663 6662
f 6666 6665 6667
f 6668 6669 6670
f 6672 6671 6673
f 6676 6675 6677
f 6679 6678 6680
f 6682 6681 6683
f 6683 6684 6685
f 6687 6686 6688
f 6687 6688 6689
f 6689 6688 6690
f 6689 6690 6674
f 6692 6693 6694
f 6694 6695 6697
f 6697 6695 6696
f 6697 6696 6698
f 6697 6698 6699
f 6699 6698 6691
f 6701 6700 6702
f 6701 6702 6703
f 6703 6702 6704
f 6704 6705 6706
f 6706 6705 6707
f 6707 6705 6708
f 6707 6708 6709
f 6709 6708 6710
f 6711 6712 6700
f 6700 6712 6713
f 6714 6715 6716
f 6719 6718 6720
f 6719 6720 6721
f 6722 6723 6724
f 6724 6723 6725
f 6726 6727 6728
f 6729 6730 6717
f 6717 6730 6731
f 6732 6733 6734
f 6735 6736 6737
f 6738 6739 6740
f 6741 6742 6743
f 6746 6745 6747
f 6749 6748 6750
f 6744 6751 6745
f 6753 6752 6754
f 6757 6755 6756
f 6757 6756 6758
f 6757 6758 6759
f 6760 6761 6762
f 6763 6764 6752
f 6752 6764 6765
f 6768 6767 6769
f 6770 6771 6772
f 6774 6773 6775
f 6776 6777 6766
f 6766 6777 6778
f 6780 6779 6781
f 6783 6782 6784
f 6787 6786 6788
f 6789 6790 6785
f 6792 6791 6793
f 6795 6794 6796
f 6795 6796 6797
f 6798 6799 6800
f 6808 6807 6806
f 6799 6813 6800
f 6808 6800 6807
f 6811 6810 6809
f 6809 6810 6705
f 6705 6812 6809
f 6809 6812 6813
f 6809 6813 6799
f 6816 6817 6811
f 6811 6817 6810
f 6816 6815 6817
f 6814 6988 6815
f 6802 6820 6821
f 6819 6818 6822
f 6822 6818 6821
f 6821 6820 6822
f 6801 6823 6824
f 6801 6824 6802
f 6802 6824 6820
f 6827 6831 6828
f 6830 6829 6831
f 6818 6819 6832
f 6818 6832 6833
f 6833 6832 6830
f 6830 6832 6829
f 6835 6834 6836
f 6835 6836 6837
f 6837 6836 6838
f 6839 6840 6841
f 6841 6840 6842
f 6841 6843 6839
f 6843 6841 6847
f 6847 6841 6846
f 6847 6846 6845
f 6847 6845 6844
f 6838 6836 6848
f 6848 6836 6849
f 6849 6850 6848
f 6979 6827 6825
f 6825 6827 6828
f 6825 6828 6826
f 6851 6853 6852
f 6827 6979 6851
f 6851 6979 6853
f 6854 6865 6855
f 6854 6855 6856
f 6855 6860 6856
f 6855 6859 6861
f 6855 6861 6862
f 6863 6864 6865
f 6857 6859 6858
f 6858 6859 6866
f 6867 6868 6869
f 6869 6868 6870
f 6869 6870 6871
f 6871 6873 6872
f 6872 6873 6875
f 6872 6875 6874
f 6874 6875 6877
f 6877 6875 6876
f 6877 6876 6878
f 6878 6876 6879
f 6878 6879 6867
f 6867 6879 6868
f 6880 6881 6882
f 6882 6881 6883
f 6883 6751 6882
f 6885 6892 6884
f 6892 6886 6884
f 6891 6887 6888
f 6888 6887 6885
f 6885 6887 6892
f 6893 6751 6894
f 6856 6860 6830
f 6830 6860 6895
f 6833 6896 6858
f 6858 6896 6777
f 6858 6777 6857
f 6833 6898 6896
f 6895 6897 6830
f 6830 6897 6833
f 6833 6897 6898
f 6804 6899 6805
f 6805 6899 6821
f 6877 6903 6901
f 6878 6904 6877
f 6877 6904 6903
f 6904 6878 6905
f 6905 6878 6867
f 6798 6940 6799
f 6799 6940 6809
f 6809 6940 6905
f 6907 6951 6908
f 6907 6908 6909
f 6909 6908 6910
f 6910 6908 6911
f 6910 6911 6912
f 6912 6911 6913
f 6912 6913 6914
f 6914 6913 6915
f 6914 6915 6916
f 6916 6915 6917
f 6916 6917 6918
f 6918 6917 6919
f 6918 6919 6920
f 6920 6919 6742
f 6920 6742 6921
f 6921 6742 6922
f 6921 6922 6923
f 6923 6922 6924
f 6923 6924 6925
f 6925 6924 6926
f 6925 6926 6927
f 6927 6926 6928
f 6927 6928 6929
f 6929 6928 6930
f 6929 6930 6931
f 6931 6930 6932
f 6931 6932 6933
f 6933 6932 6934
f 6933 6934 6935
f 6935 6934 6936
f 6935 6936 6937
f 6937 6936 6938
f 6937 6938 6939
f 6939 6938 6940
f 6939 6940 6941
f 6941 6940 6942
f 6942 6940 6798
f 6944 6943 6945
f 6944 6945 6946
f 6946 6945 6947
f 6947 6945 6948
f 6947 6948 6949
f 6949 6948 6950
f 6949 6950 6906
f 6906 6950 6951
f 6803 6952 6953
f 6803 6956 6952
f 6955 6954 6803
f 6803 6954 6956
f 6890 6958 6959
f 6889 6891 6890
f 6890 6891 6888
f 6890 6888 6958
f 6958 6888 6960
f 6962 6961 6963
f 6888 6964 6966
f 6888 6966 6960
f 6960 6966 6969
f 6960 6969 6970
f 6970 6971 6960
f 6960 6971 6972
f 6960 6972 6968
f 6968 6972 6967
f 6834 6973 6974
f 6834 6965 6975
f 6834 6975 6973
f 6846 6865 6845
f 6845 6865 6854
f 6845 6854 6844
f 6826 6979 6825
f 6979 6980 6981
f 6983 6982 6984
f 6983 6984 6985
f 6985 6986 6978
f 6852 6978 6977
f 6852 6977 6851
f 6899 6987 6821
f 6821 6987 6802
f 6802 6987 6801
f 6988 6814 6989
f 6989 6814 6953
f 6989 6953 6952
f 6865 6846 6863
f 6863 6846 6841
f 6863 6841 6976
f 6976 6841 6842
f 6976 6842 6834
f 6958 6990 6957
f 6958 6957 6959
f 6959 6957 6893
f 6959 6893 6890
f 6890 6893 6894
f 6890 6894 6889
f 6889 6894 6751
f 6974 6961 6834
f 6834 6961 6962
f 6834 6962 6976
f 6976 6962 6991
f 6976 6991 6863
f 6863 6991 6992
f 6863 6992 6864
f 6831 6827 6830
f 6830 6827 6851
f 6830 6851 6856
f 6856 6851 6977
f 6856 6977 6854
f 6854 6977 6978
f 6854 6978 6844
f 6815 6816 6814
f 6814 6816 6993
f 6814 6993 6953
f 6953 6993 6994
f 6953 6994 6803
f 6803 6994 6893
f 6803 6893 6955
f 6955 6893 6957
f 6955 6957 6954
f 6871 6872 6869
f 6869 6872 7004
f 6869 7004 6995
f 6995 7004 6996
f 6995 6996 6997
f 6997 6996 6884
f 6997 6884 6882
f 6882 6884 6886
f 6882 6886 6880
f 6905 6867 6809
f 6809 6867 6869
f 6809 6869 6811
f 6811 6869 6995
f 6811 6995 6816
f 6816 6995 6997
f 6816 6997 6993
f 6993 6997 6882
f 6993 6882 6994
f 6994 6882 6751
f 6994 6751 6893
f 6866 6998 6858
f 6858 6998 6999
f 6858 6999 6833
f 6833 6999 7000
f 6833 7000 6818
f 6818 7000 7001
f 6818 7001 6821
f 6821 7001 6900
f 6821 6900 6805
f 6805 6900 6901
f 6805 6901 6804
f 6901 6900 6902
f 6902 6900 7001
f 6902 7001 7002
f 7002 7001 7000
f 7002 7000 7003
f 7003 7000 6999
f 7003 6999 7004
f 7004 6999 6998
f 7004 6998 7005
f 7005 6998 6866
f 7005 6866 6992
f 6992 6866 6864
f 6864 6866 6865
f 6901 6902 6877
f 6877 6902 7002
f 6877 7002 6874
f 6874 7002 7003
f 6874 7003 6872
f 6872 7003 7004
f 7004 7005 6996
f 6996 7005 6992
f 6996 6992 6884
f 6884 6992 6991
f 6884 6991 6885
f 6885 6991 6962
f 6885 6962 6888
f 6888 6962 6963
f 6888 6963 6964
f 7007 7006 7008
f 6746 7009 7010
f 6746 7010 7012
f 7012 7010 7011
f 7012 7011 7013
f 7014 7015 7016
f 7017 7018 7019
f 7019 7018 7020
f 7020 7018 7021
f 7022 7023 7024
f 7026 7025 7006
f 7029 7028 7030
f 7030 7028 7031
f 7031 7032 6753
f 7034 7033 7035
f 7036 7037 7038
f 7040 7039 6760
f 7040 6760 7027
f 7041 7042 7043
f 7044 7045 7046
f 7048 7047 7041
f 7050 7049 7052
f 7052 7049 7051
f 7052 7051 7053
f 7053 7051 7054
f 7054 7051 7055
f 7055 7051 7056
f 7056 7051 7058
f 7058 7051 7057
f 7058 7057 7059
f 7059 7057 7060
f 7060 7057 7061
f 7061 7057 7064
f 7064 7057 7062
f 7064 7062 7063
f 7064 7063 7065
f 7065 7063 7066
f 7066 7063 7067
f 7067 7063 7068
f 7068 7063 7069
f 7068 7069 7070
f 7070 7069 7071
f 7071 7069 7050
f 7050 7069 7049
f 7073 7072 7075
f 7075 7072 7074
f 7075 7074 7076
f 7076 7074 7077
f 7077 7074 7078
f 7078 7074 7080
f 7080 7074 7079
f 7080 7079 7082
f 7082 7079 7081
f 7082 7081 7083
f 7083 7081 7084
f 7084 7081 7085
f 7085 7081 7087
f 7087 7081 7086
f 7087 7086 7088
f 7088 7086 7089
f 7089 7086 7090
f 7090 7086 7091
f 7091 7086 7092
f 7091 7092 7093
f 7093 7092 7094
f 7094 7092 7073
f 7073 7092 7072
f 7096 7095 7097
f 7097 7095 7098
f 7098 7095 7100
f 7100 7095 7099
f 7100 7099 7102
f 7102 7099 7101
f 7102 7101 7103
f 7103 7101 7104
f 7104 7101 7105
f 7105 7101 7108
f 7108 7101 7106
f 7108 7106 7107
f 7108 7107 7109
f 7109 7107 7110
f 7110 7107 7111
f 7111 7107 7114
f 7114 7107 7112
f 7114 7112 7113
f 7114 7113 7115
f 7115 7113 7116
f 7116 7113 7096
f 7096 7113 7095
f 7119 7120 6798
f 7118 7121 6942
f 7122 7123 6923
f 7124 7125 7126
f 6848 6850 7127
f 7128 7129 7130
f 7131 7132 7117
f 7117 7132 7133
f 7136 7135 7137
f 7137 7138 7139
f 7141 7140 7142
f 7144 7143 7145
f 7134 7146 7007
f 7148 7147 7149
f 7150 7151 7152
f 7153 7154 7036
f 7036 7154 7155
f 7156 7157 7147
f 7147 7157 7158
f 7160 7159 7161
f 7160 7161 7162
f 7162 7161 7163
f 7165 7164 7166
f 7168 7167 7169
f 7168 7169 7170
f 7170 7169 7171
f 7049 7172 7173
f 7049 7173 7051
f 7051 7173 7174
f 7051 7174 7175
f 7051 7175 7176
f 7051 7176 7177
f 7051 7177 7178
f 7051 7178 7179
f 7051 7179 7180
f 7051 7180 7181
f 7051 7181 7057
f 7057 7181 7182
f 7057 7182 7183
f 7057 7183 7184
f 7057 7184 7185
f 7057 7185 7186
f 7057 7186 7187
f 7057 7187 7062
f 7062 7187 7188
f 7062 7188 7063
f 7063 7188 7189
f 7063 7189 7190
f 7063 7190 7191
f 7063 7191 7192
f 7063 7192 7193
f 7063 7193 7194
f 7063 7194 7069
f 7069 7194 7195
f 7069 7195 7196
f 7069 7196 7197
f 7069 7197 7198
f 7069 7198 7049
f 7049 7198 7172
f 7072 7199 7200
f 7072 7200 7074
f 7074 7200 7201
f 7074 7201 7202
f 7074 7202 7203
f 7074 7203 7204
f 7074 7204 7205
f 7074 7205 7206
f 7074 7206 7079
f 7079 7206 7207
f 7079 7207 7208
f 7079 7208 7081
f 7081 7208 7209
f 7081 7209 7210
f 7081 7210 7211
f 7081 7211 7212
f 7081 7212 7213
f 7081 7213 7214
f 7081 7214 7086
f 7086 7214 7215
f 7086 7215 7216
f 7086 7216 7217
f 7086 7217 7218
f 7086 7218 7219
f 7086 7219 7220
f 7086 7220 7092
f 7092 7220 7221
f 7092 7221 7222
f 7092 7222 7223
f 7092 7223 7224
f 7092 7224 7072
f 7072 7224 7199
f 7095 7225 7226
f 7095 7226 7227
f 7095 7227 7228
f 7095 7228 7099
f 7099 7228 7229
f 7099 7229 7230
f 7099 7230 7101
f 7101 7230 7231
f 7101 7231 7232
f 7101 7232 7233
f 7101 7233 7234
f 7101 7234 7235
f 7101 7235 7236
f 7101 7236 7106
f 7106 7236 7237
f 7106 7237 7107
f 7107 7237 7238
f 7107 7238 7239
f 7107 7239 7240
f 7107 7240 7241
f 7107 7241 7242
f 7107 7242 7243
f 7107 7243 7112
f 7112 7243 7244
f 7112 7244 7113
f 7113 7244 7245
f 7113 7245 7246
f 7113 7246 7247
f 7113 7247 7248
f 7113 7248 7249
f 7113 7249 7095
f 7095 7249 7225
f 7254 7253 7255
f 7254 7255 7257
f 7253 7258 7259
f 7260 7259 7258
f 7260 7261 7259
f 7262 7263 7261
f 7267 7268 7266
f 7266 7268 7269
f 7264 7265 7270
f 7272 7271 7273
f 7272 7273 7262
f 7262 7273 7263
f 7263 7273 7274
f 7263 7274 7266
f 7118 7265 7264
f 7118 7264 7275
f 7275 7264 7276
f 7275 7276 7277
f 7252 7280 7278
f 7284 7282 7291
f 7291 7282 7285
f 7218 7217 7283
f 7283 7217 7288
f 7282 7284 7287
f 7282 7287 7283
f 7283 7287 7219
f 7283 7219 7218
f 7289 7288 7286
f 7285 7290 7291
f 7288 7211 7292
f 7285 7325 7290
f 7290 7325 7293
f 7290 7293 7294
f 7297 7295 7296
f 7251 7250 7296
f 7296 7250 7297
f 7298 7127 7250
f 7299 7301 7255
f 7255 7301 7256
f 7300 7176 7255
f 7255 7174 7299
f 7256 7301 7302
f 7298 7302 7303
f 7298 7303 7127
f 7257 7309 7254
f 7253 7254 7258
f 7258 7254 7309
f 7258 7309 7304
f 7304 7309 7305
f 7257 7306 7309
f 7255 7256 7257
f 7257 7256 7310
f 7257 7310 7306
f 7304 7305 7307
f 7307 7305 7308
f 7307 7308 7256
f 7256 7308 7311
f 7256 7311 7310
f 7314 7315 7312
f 7278 7316 7252
f 7314 7313 7315
f 7317 7318 7276
f 7276 7318 7277
f 7252 7316 7314
f 7314 7316 7313
f 7312 7315 7319
f 7295 7321 7296
f 7323 7322 7320
f 7320 7322 7324
f 7285 7324 7325
f 7324 7285 7320
f 7320 7285 7282
f 7320 7282 7279
f 7279 7282 7283
f 7279 7283 7281
f 7270 7271 7264
f 7264 7271 7272
f 7264 7272 7276
f 7276 7272 7312
f 7276 7312 7317
f 7317 7312 7319
f 7262 7261 7260
f 7262 7260 7272
f 7272 7260 7258
f 7272 7258 7312
f 7312 7258 7304
f 7312 7304 7314
f 7314 7304 7307
f 7250 7251 7298
f 7298 7251 7296
f 7298 7296 7323
f 7323 7296 7321
f 7323 7321 7322
f 7302 7298 7256
f 7256 7298 7323
f 7256 7323 7307
f 7307 7323 7320
f 7307 7320 7314
f 7314 7320 7279
f 7314 7279 7252
f 7252 7279 7281
f 7252 7281 7280
f 7330 7331 7328
f 7328 7331 7332
f 7333 7334 7328
f 7328 7334 7335
f 7328 7335 7336
f 7328 7337 7338
f 7328 7338 7326
f 7329 7339 7328
f 7328 7339 7340
f 7328 7340 7341
f 7341 7342 7328
f 7328 7342 7343
f 7328 7343 7330
f 7332 7344 7328
f 7328 7344 7345
f 7328 7345 7333
f 7336 7346 7328
f 7328 7346 7347
f 7328 7347 7348
f 7348 7349 7328
f 7328 7349 7350
f 7351 7352 7353
f 7328 7354 7355
f 7356 7357 7328
f 7328 7357 7358
f 7355 7359 7328
f 7328 7359 7360
f 7328 7360 7356
f 7354 7328 7353
f 7353 7328 7363
f 7353 7363 7351
f 7358 7364 7328
f 7328 7364 7365
f 7328 7365 7366
f 7366 7367 7328
f 7328 7367 7368
f 7328 7368 7327
f 7362 7369 7361
f 7361 7369 7370
f 7361 7370 7371
f 7371 7372 7361
f 7361 7372 7373
f 7377 7378 7375
f 7375 7378 7379
f 7375 7379 7380
f 7380 7381 7375
f 7375 7381 7382
f 7375 7382 7383
f 7383 7384 7375
f 7375 7384 7385
f 7375 7385 7386
f 7374 7387 7375
f 7375 7387 7388
f 7389 7390 7375
f 7375 7390 7391
f 7375 7391 7374
f 7392 7393 7394
f 7386 7395 7375
f 7375 7395 7396
f 7375 7396 7389
f 7376 7397 7375
f 7375 7397 7398
f 7375 7398 7399
f 7375 7400 7401
f 7375 7402 7377
f 7377 7402 7392
f 7377 7392 7403
f 7403 7392 7394
f 7399 7404 7375
f 7375 7404 7405
f 7375 7405 7406
f 7401 7407 7375
f 7375 7407 7408
f 7375 7408 7409
f 7410 7411 7412
f 7413 7414 7375
f 7375 7414 7415
f 7375 7415 7400
f 7409 7416 7375
f 7375 7416 7410
f 7375 7410 7412
f 7406 7417 7375
f 7375 7417 7418
f 7375 7418 7413
f 7420 7421 7372
f 7372 7421 7422
f 7372 7422 7423
f 7423 7422 7424
f 7359 7425 7407
f 7344 7426 7386
f 7344 7386 7345
f 7345 7386 7385
f 7345 7385 7419
f 7419 7385 7384
f 7427 7431 7434
f 7434 7431 7428
f 7431 7429 7430
f 7432 7431 7433
f 7434 7435 7436
f 7434 7436 7427
f 7430 7437 7431
f 7431 7437 7438
f 7431 7438 7433
f 7431 7442 7429
f 7429 7442 7439
f 7429 7439 7443
f 7443 7439 7441
f 7445 7446 7444
f 7444 7446 7447
f 7444 7447 7448
f 7440 7450 7439
f 7439 7450 7451
f 7439 7451 7452
f 7453 7454 7439
f 7439 7454 7455
f 7448 7456 7444
f 7452 7457 7439
f 7439 7457 7458
f 7439 7458 7453
f 7455 7459 7439
f 7439 7459 7460
f 7439 7460 7461
f 7461 7463 7439
f 7439 7463 7462
f 7439 7462 7464
f 7449 7465 7466
f 7466 7467 7449
f 7449 7467 7468
f 7449 7468 7469
f 7471 7472 7473
f 7486 7475 7473
f 7473 7475 7496
f 7473 7496 7476
f 7473 7477 7478
f 7473 7478 7479
f 7470 7480 7473
f 7473 7480 7481
f 7473 7481 7482
f 7482 7483 7473
f 7473 7483 7484
f 7473 7484 7471
f 7474 7485 7473
f 7473 7485 7486
f 7479 7490 7473
f 7473 7490 7489
f 7473 7489 7491
f 7492 7493 7494
f 7496 7492 7495
f 7496 7497 7498
f 7496 7498 7499
f 7499 7500 7496
f 7496 7500 7501
f 7496 7501 7502
f 7502 7503 7496
f 7496 7503 7504
f 7496 7504 7487
f 7488 7489 7505
f 7507 7509 7508
f 7508 7509 7510
f 7510 7509 7506
f 7512 7471 7513
f 7446 7445 7514
f 7446 7514 7447
f 7447 7514 7515
f 7447 7515 7516
f 7452 7451 7517
f 7518 7463 7494
f 7518 7494 7511
f 7521 7524 7525
f 7525 7526 7521
f 7521 7526 7527
f 7521 7527 7528
f 7528 7529 7521
f 7521 7529 7522
f 7521 7522 7530
f 7523 7531 7522
f 7522 7531 7532
f 7522 7532 7530
f 7533 7534 7535
f 7519 7520 7522
f 7522 7520 7538
f 7539 7536 7537
f 7536 7540 7542
f 7536 7542 7537
f 7543 7546 7533
f 7533 7546 7544
f 7533 7544 7547
f 7547 7544 7545
f 7541 7548 7540
f 7540 7548 7549
f 7544 7550 7551
f 7544 7551 7552
f 7552 7551 7553
f 7554 7555 7556
f 7558 7557 7559
f 7559 7560 7561
f 7561 7560 7562
f 7564 7563 7565
f 7564 7565 7566
f 7567 7566 7568
f 7568 7569 7570
f 7572 7571 7573
f 7572 7573 7574
f 7568 7572 7575
f 7568 7575 7567
f 7570 7578 7568
f 7568 7578 7582
f 7568 7582 7579
f 7579 7582 7577
f 7574 7583 7572
f 7572 7583 7584
f 7572 7584 7585
f 7580 7589 7586
f 7580 7586 7587
f 7587 7586 7572
f 7587 7572 7588
f 7588 7572 7585
f 7589 7580 7590
f 7589 7590 7591
f 7604 7582 7592
f 7604 7592 7581
f 7582 7593 7594
f 7582 7594 7576
f 7591 7595 7589
f 7589 7595 7596
f 7589 7596 7597
f 7597 7598 7589
f 7589 7598 7599
f 7589 7599 7600
f 7601 7602 7603
f 7603 7602 7604
f 7605 7604 7602
f 7600 7607 7589
f 7589 7607 7606
f 7589 7606 7608
f 7610 7611 7612
f 7612 7611 7613
f 7609 7618 7614
f 7617 7619 7609
f 7609 7619 7613
f 7612 7621 7610
f 7615 7628 7609
f 7609 7628 7622
f 7609 7622 7616
f 7620 7612 7623
f 7623 7624 7625
f 7620 7626 7612
f 7612 7626 7627
f 7628 7630 7631
f 7628 7631 7632
f 7614 7633 7609
f 7609 7633 7634
f 7609 7634 7635
f 7628 7636 7637
f 7628 7637 7629
f 7635 7638 7609
f 7632 7641 7628
f 7628 7641 7642
f 7628 7642 7643
f 7624 7644 7645
f 7645 7646 7624
f 7624 7646 7639
f 7624 7639 7647
f 7647 7639 7640
f 7649 7648 7650
f 7652 7651 7653
f 7654 7618 7655
f 7657 7659 7656
f 7656 7659 7660
f 7656 7660 7661
f 7661 7660 7662
f 7663 7664 7656
f 7656 7664 7665
f 7656 7665 7666
f 7666 7667 7656
f 7656 7667 7668
f 7656 7668 7669
f 7669 7670 7656
f 7656 7670 7671
f 7656 7671 7672
f 7662 7673 7661
f 7661 7673 7674
f 7661 7674 7675
f 7658 7676 7656
f 7656 7676 7677
f 7656 7677 7678
f 7678 7680 7656
f 7656 7680 7681
f 7656 7681 7663
f 7682 7683 7671
f 7671 7683 7684
f 7679 7685 7671
f 7671 7685 7686
f 7671 7686 7672
f 7661 7675 7687
f 7661 7687 7688
f 7689 7691 7693
f 7693 7690 7692
f 7693 7692 7689
f 7701 7694 7700
f 7701 7700 7699
f 7695 7701 7702
f 7703 7699 7704
f 7704 7699 7705
f 7699 7706 7701
f 7696 7707 7695
f 7695 7707 7708
f 7695 7708 7709
f 7709 7710 7695
f 7695 7710 7711
f 7695 7711 7712
f 7701 7713 7714
f 7701 7714 7715
f 7715 7716 7701
f 7701 7716 7717
f 7701 7717 7718
f 7718 7719 7701
f 7701 7719 7720
f 7699 7721 7722
f 7699 7722 7705
f 7703 7723 7699
f 7699 7723 7724
f 7699 7724 7725
f 7697 7726 7699
f 7699 7726 7727
f 7699 7727 7728
f 7729 7730 7699
f 7699 7730 7731
f 7728 7732 7699
f 7699 7732 7733
f 7699 7733 7698
f 7725 7734 7699
f 7699 7734 7735
f 7699 7735 7729
f 7736 7724 7737
f 7739 7738 7722
f 7741 7740 7718
f 7743 7742 7744
f 7747 7745 7746
f 7747 7746 7696
f 7747 7696 7748
f 7748 7696 7749
f 7750 7732 7751
f 7753 7752 7725
f 7753 7725 7736
f 7736 7725 7724
f 7759 7760 7761
f 7759 7761 7762
f 7748 7765 7754
f 7754 7765 7766
f 7754 7767 7768
f 7754 7768 7759
f 7755 7769 7756
f 7756 7769 7770
f 7756 7770 7771
f 7756 7772 7773
f 7774 7775 7756
f 7756 7775 7752
f 7764 7776 7756
f 7756 7776 7777
f 7756 7777 7758
f 7759 7741 7778
f 7743 7744 7754
f 7754 7744 7779
f 7754 7779 7745
f 7745 7780 7754
f 7754 7780 7781
f 7754 7781 7748
f 7766 7782 7754
f 7754 7782 7783
f 7754 7783 7757
f 7771 7784 7756
f 7756 7784 7785
f 7773 7786 7756
f 7756 7786 7787
f 7756 7787 7774
f 7752 7753 7756
f 7756 7753 7736
f 7756 7736 7788
f 7788 7789 7756
f 7756 7789 7790
f 7756 7790 7763
f 7778 7791 7759
f 7759 7791 7792
f 7759 7792 7793
f 7793 7794 7759
f 7759 7794 7795
f 7759 7795 7754
f 7797 7798 7800
f 7796 7802 7797
f 7797 7802 7803
f 7797 7803 7804
f 7805 7797 7806
f 7806 7797 7807
f 7799 7810 7798
f 7798 7810 7811
f 7804 7812 7797
f 7797 7812 7813
f 7797 7813 7807
f 7808 7814 7815
f 7808 7815 7816
f 7805 7817 7797
f 7797 7817 7808
f 7797 7808 7809
f 7819 7818 7798
f 7819 7798 7820
f 7801 7821 7797
f 7797 7821 7822
f 7797 7822 7796
f 7811 7824 7798
f 7798 7824 7825
f 7798 7825 7826
f 7826 7827 7798
f 7798 7827 7828
f 7798 7829 7830
f 7798 7830 7820
f 7818 7823 7831
f 7833 7838 7835
f 7835 7838 7839
f 7835 7839 7840
f 7837 7835 7832
f 7832 7835 7841
f 7832 7841 7842
f 7843 7832 7844
f 7843 7845 7832
f 7832 7845 7846
f 7832 7846 7847
f 7848 7849 7832
f 7832 7849 7850
f 7832 7850 7834
f 7835 7851 7852
f 7835 7852 7833
f 7840 7854 7835
f 7835 7854 7853
f 7835 7853 7855
f 7842 7856 7832
f 7832 7856 7857
f 7832 7857 7844
f 7847 7858 7832
f 7832 7858 7859
f 7836 7860 7832
f 7832 7860 7861
f 7832 7861 7862
f 7863 7864 7832
f 7832 7864 7865
f 7832 7865 7848
f 7866 7867 7836
f 7869 7868 7870
f 7869 7870 7871
f 7862 7872 7832
f 7832 7872 7873
f 7832 7873 7863
f 7866 7868 7867
f 7867 7868 7874
f 7809 7876 7877
f 7879 7878 7867
f 7879 7867 7880
f 7880 7867 7874
f 7880 7874 7881
f 7881 7874 7882
f 7881 7882 7883
f 7883 7882 7869
f 7883 7869 7884
f 7884 7869 7871
f 7884 7871 7885
f 7886 7846 7887
f 7888 7835 7889
f 7890 7891 7813
f 7813 7891 7854
f 7813 7854 7807
f 7807 7854 7875
f 7894 7895 7896
f 7892 7897 7898
f 7892 7898 7899
f 7899 7900 7892
f 7892 7900 7901
f 7892 7901 7902
f 7902 7904 7892
f 7892 7904 7905
f 7892 7905 7906
f 7903 7918 7892
f 7892 7918 7907
f 7892 7907 7893
f 7906 7911 7892
f 7892 7911 7912
f 7892 7912 7913
f 7913 7914 7892
f 7892 7914 7915
f 7908 7909 7916
f 7916 7909 7910
f 7918 7921 7917
f 7920 7922 7895
f 7895 7922 7923
f 7919 7924 7918
f 7918 7924 7925
f 7918 7925 7926
f 7927 7903 7928
f 7930 7929 7931
f 7932 7933 7934
f 7936 7935 7937
f 7939 7938 7940
f 7944 7942 7945
f 7944 7946 7943
f 7941 7948 7944
f 7944 7948 7949
f 7944 7949 7950
f 7950 7951 7944
f 7944 7951 7952
f 7944 7952 7953
f 7954 7955 7944
f 7944 7955 7929
f 7944 7929 7930
f 7930 7956 7944
f 7944 7956 7957
f 7944 7957 7942
f 7953 7961 7944
f 7944 7961 7962
f 7944 7962 7954
f 7973 7958 7964
f 7960 7963 7965
f 7966 7944 7967
f 7944 7968 7969
f 7944 7969 7970
f 7970 7971 7944
f 7944 7971 7972
f 7944 7972 7947
f 7975 7963 7976
f 7959 7977 7960
f 7960 7977 7973
f 7960 7973 7978
f 7978 7973 7974
f 7981 7980 7982
f 7983 7985 7980
f 7980 7985 7986
f 7980 7986 7979
f 7984 7987 7980
f 7980 7987 7988
f 7980 7988 7989
f 7989 7990 7980
f 7980 7990 7991
f 7980 7991 7982
f 7995 7980 7996
f 7996 7980 7997
f 8000 8001 8002
f 8003 8004 7980
f 7980 8004 8005
f 7980 8005 8006
f 8006 8007 7980
f 7980 8007 8008
f 7980 8008 8009
f 7999 7998 8010
f 7980 8000 7997
f 7997 8000 8011
f 7995 8012 7980
f 7980 8012 8013
f 7980 8013 8003
f 8009 8014 7980
f 7980 8014 8015
f 7980 8015 7983
f 7992 8016 7994
f 7994 8016 8017
f 7994 8017 7993
f 8019 8018 8020
f 8021 8022 8023
f 8025 8024 8029
f 8025 8030 8031
f 8025 8031 8024
f 8026 8032 8030
f 8030 8032 8033
f 8027 8034 8030
f 8030 8034 8035
f 8030 8035 8036
f 8060 8030 8037
f 8030 8038 8039
f 8030 8039 8040
f 8040 8041 8030
f 8030 8041 8042
f 8030 8042 8026
f 8036 8043 8030
f 8030 8043 8044
f 8030 8044 8045
f 8046 8024 8047
f 8047 8024 8048
f 8046 8049 8024
f 8024 8049 8050
f 8024 8050 8051
f 8051 8052 8024
f 8024 8052 8053
f 8024 8053 8054
f 8045 8055 8030
f 8030 8055 8019
f 8030 8019 8056
f 8028 8057 8030
f 8030 8057 8058
f 8030 8058 8059
f 8054 8062 8024
f 8024 8062 8063
f 8024 8063 8064
f 8056 8065 8030
f 8030 8065 8066
f 8030 8066 8028
f 8059 8067 8030
f 8030 8067 8068
f 8030 8068 8037
f 8060 8069 8061
f 8064 8070 8024
f 8024 8070 8071
f 8024 8071 8029
f 8094 8073 8074
f 8094 8074 8075
f 8094 8072 8077
f 8077 8078 8094
f 8094 8078 8079
f 8094 8079 8080
f 8075 8082 8094
f 8094 8082 8083
f 8094 8083 8084
f 8084 8085 8094
f 8094 8085 8086
f 8094 8086 8087
f 8089 8090 8087
f 8080 8093 8094
f 8094 8093 8091
f 8094 8091 8092
f 8088 8076 8087
f 8090 8096 8087
f 8087 8096 8097
f 8087 8097 8094
f 8081 8098 8099
f 8100 8101 8102
f 8102 8101 8103
f 8101 8104 8103
f 8103 8104 8105
f 8103 8105 8099
f 8099 8105 8106
f 8099 8106 8081
f 8107 8108 8095
f 8095 8108 8109
f 8095 8109 8110
f 8113 8114 8115
f 8113 8115 8116
f 8117 8118 8119
f 8119 8120 8117
f 8117 8120 8121
f 8117 8121 8122
f 8116 8125 8113
f 8113 8125 8126
f 8113 8126 8127
f 8127 8128 8113
f 8113 8128 8129
f 8113 8129 8130
f 8122 8131 8117
f 8117 8131 8113
f 8117 8113 8132
f 8132 8113 8130
f 8111 8113 8112
f 8124 8123 8112
f 8124 8112 8134
f 8134 8112 8133
f 8135 8136 8137
f 8137 8136 8138
f 8137 8138 8139
f 8135 8137 8124
f 8140 8141 8142
f 8142 8141 8143
f 8144 8145 8139
f 8139 8145 8137
f 8140 8142 8146
f 8140 8146 8147
f 8147 8148 8140
f 8140 8148 8149
f 8140 8149 8150
f 8117 8151 8118
f 8118 8151 8142
f 8118 8142 8152
f 8152 8142 8143
f 8082 8153 8154
f 8082 8154 8155
f 8156 8157 8158
f 8158 8157 8159
f 8158 8159 8160
f 8100 8102 8139
f 8162 8164 8165
f 8161 8166 8162
f 8162 8166 8167
f 8162 8167 8168
f 8162 8168 8170
f 8162 8170 8169
f 8163 8171 8162
f 8162 8171 8172
f 8172 8173 8162
f 8162 8173 8174
f 8162 8175 8176
f 8176 8180 8162
f 8162 8180 8181
f 8162 8181 8182
f 8182 8185 8162
f 8162 8185 8186
f 8162 8186 8187
f 8187 8188 8189
f 8187 8189 8162
f 8177 8190 8170
f 8183 8191 8192
f 8183 8192 8193
f 8178 8179 8177
f 8177 8179 8194
f 8177 8194 8184
f 8195 8225 8196
f 8197 8198 8199
f 8199 8198 8200
f 8201 8202 8209
f 8209 8202 8203
f 8209 8203 8204
f 8195 8196 8199
f 8199 8196 8205
f 8199 8205 8206
f 8206 8207 8199
f 8199 8207 8208
f 8199 8208 8197
f 8209 8199 8210
f 8210 8199 8200
f 8211 8212 8209
f 8212 8213 8209
f 8209 8213 8214
f 8225 8215 8216
f 8225 8216 8196
f 8218 8219 8220
f 8218 8220 8221
f 8217 8218 8209
f 8209 8218 8222
f 8209 8222 8211
f 8221 8223 8218
f 8218 8223 8224
f 8225 8226 8227
f 8228 8229 8225
f 8228 8225 8230
f 8230 8225 8227
f 8231 8232 8228
f 8233 8225 8234
f 8235 8173 8236
f 8235 8236 8237
f 8237 8236 8238
f 8239 8240 8242
f 8242 8240 8241
f 8242 8241 8243
f 8242 8243 8244
f 8245 8246 8247
f 8247 8246 8248
f 8248 8246 8249
f 8252 8250 8251
f 8254 8253 8255
f 8255 8253 8256
f 8256 8253 8252
f 8256 8252 8257
f 8257 8252 8251
f 8260 8258 8259
f 8260 8259 8262
f 8262 8259 8261
f 8261 8263 8262
f 8264 8261 8250
f 8250 8252 8265
f 8267 8266 8268
f 8269 8270 8271
f 8271 8270 8272
f 8271 8272 8273
f 8273 8272 8274
f 8273 8274 8275
f 8275 8274 8276
f 8275 8276 8277
f 8279 8278 8280
f 8279 8280 8281
f 8281 8280 8282
f 8281 8282 8283
f 8283 8282 8284
f 8285 8286 8287
f 8287 8286 8288
f 8287 8288 8289
f 8289 8288 8290
f 8289 8290 8291
f 8292 8293 8294
f 8294 8293 8295
f 8296 8295 8297
f 8296 8297 8298
f 8298 8297 8299
f 8298 8299 8300
f 8300 8299 8301
f 8300 8301 8302
f 8302 8301 8303
f 8302 8303 8304
f 8304 8303 8305
f 8308 8307 8309
f 8308 8309 8310
f 8312 8311 8313
f 8312 8313 8314
f 8314 8313 8315
f 8316 8317 8318
f 8318 8317 8319
f 8321 8320 8322
f 8321 8322 8323
f 8323 8322 8324
f 8323 8324 8325
f 8325 8324 8326
f 8325 8326 8327
f 8327 8326 8328
f 8327 8328 8329
f 8329 8328 8330
f 8331 8332 8333
f 8333 8332 8334
f 8333 8334 8335
f 8335 8334 8336
f 8306 8336 8337
f 8339 8338 8340
f 8339 8340 8342
f 8340 8341 8342
f 8342 8341 8343
f 8342 8343 8344
f 8342 8344 8345
f 8345 8344 8347
f 8347 8344 8346
f 8347 8346 8348
f 8347 8348 8350
f 8348 8349 8350
f 8350 8349 8351
f 8350 8351 8352
f 8350 8352 8355
f 8355 8352 8353
f 8355 8353 8354
f 8354 8356 8355
f 8355 8356 8359
f 8359 8356 8357
f 8359 8357 8358
f 8358 8360 8359
f 8359 8360 8363
f 8363 8360 8361
f 8363 8361 8362
f 8362 8364 8363
f 8363 8364 8367
f 8367 8364 8365
f 8367 8365 8366
f 8367 8366 8339
f 8339 8366 8338
f 8368 8369 8370
f 8370 8369 8371
f 8372 8373 8374
f 8376 8375 8377
f 8376 8377 8378
f 8378 8377 8379
f 8378 8379 8380
f 8380 8379 8381
f 8382 8383 8270
f 8270 8383 8384
f 8385 8386 8387
f 8387 8386 8388
f 8387 8388 8389
f 8368 8390 8369
f 8262 8263 8391
f 8262 8391 8392
f 8392 8391 8393
f 8392 8393 8395
f 8395 8393 8394
f 8395 8394 8397
f 8397 8394 8396
f 8397 8396 8398
f 8397 8398 8399
f 8399 8398 8400
f 8400 8398 8401
f 8400 8401 8402
f 8402 8401 8403
f 8402 8403 8404
f 8404 8403 8405
f 8404 8405 8406
f 8406 8405 8407
f 8406 8407 8410
f 8410 8407 8408
f 8410 8408 8409
f 8410 8409 8411
f 8411 8409 8412
f 8411 8412 8413
f 8413 8412 8414
f 8413 8414 8415
f 8415 8414 8417
f 8417 8414 8416
f 8417 8416 8418
f 8417 8418 8420
f 8420 8418 8419
f 8420 8419 8422
f 8422 8419 8421
f 8422 8421 8423
f 8422 8423 8425
f 8425 8423 8424
f 8425 8424 8265
f 8425 8265 8252
f 8431 8432 8426
f 8426 8432 8433
f 8426 8433 8434
f 8428 8435 8427
f 8427 8435 8436
f 8427 8436 8429
f 8430 8437 8427
f 8427 8437 8438
f 8427 8438 8439
f 8426 8440 8441
f 8426 8441 8431
f 8434 8442 8426
f 8426 8442 8443
f 8439 8444 8427
f 8427 8444 8445
f 8427 8445 8446
f 8449 8450 8447
f 8447 8450 8451
f 8447 8451 8452
f 8448 8453 8447
f 8447 8453 8454
f 8447 8454 8455
f 8455 8456 8447
f 8447 8456 8457
f 8449 8447 8458
f 8458 8459 8460
f 8452 8461 8447
f 8447 8461 8462
f 8447 8462 8463
f 8463 8464 8447
f 8447 8464 8465
f 8466 8467 8468
f 8468 8467 8469
f 8468 8469 8470
f 8470 8469 8472
f 8472 8469 8471
f 8472 8471 8473
f 8471 8474 8473
f 8473 8474 8475
f 8475 8474 8476
f 8475 8476 8477
f 8477 8476 8479
f 8479 8476 8478
f 8479 8478 8480
f 8479 8480 8481
f 8481 8480 8482
f 8481 8482 8483
f 8483 8482 8485
f 8485 8482 8484
f 8485 8484 8486
f 8484 8487 8486
f 8486 8487 8488
f 8488 8487 8489
f 8488 8489 8490
f 8490 8489 8491
f 8490 8491 8492
f 8492 8491 8493
f 8492 8493 8494
f 8494 8493 8495
f 8494 8495 8496
f 8496 8495 8497
f 8497 8495 8498
f 8497 8498 8499
f 8499 8498 8500
f 8499 8500 8501
f 8501 8500 8502
f 8501 8502 8504
f 8504 8502 8503
f 8504 8503 8505
f 8503 8506 8505
f 8505 8506 8466
f 8466 8506 8467
f 8507 8352 8351
f 8507 8351 8508
f 8508 8351 8349
f 8508 8349 8509
f 8349 8348 8509
f 8509 8348 8510
f 8510 8348 8346
f 8510 8346 8344
f 8510 8344 8511
f 8511 8344 8512
f 8512 8344 8343
f 8512 8343 8341
f 8512 8341 8513
f 8341 8340 8513
f 8513 8340 8514
f 8514 8340 8338
f 8514 8338 8366
f 8514 8366 8515
f 8515 8366 8365
f 8515 8365 8364
f 8515 8364 8516
f 8364 8362 8516
f 8516 8362 8361
f 8516 8361 8360
f 8516 8360 8517
f 8360 8358 8517
f 8517 8358 8357
f 8517 8357 8356
f 8517 8356 8518
f 8356 8354 8518
f 8518 8354 8353
f 8518 8353 8352
f 8518 8352 8507
f 9121 8521 8698
f 9121 8698 8689
f 8521 9121 8520
f 8520 8522 8521
f 8522 8520 8523
f 8701 8700 8520
f 8520 8700 8523
f 8526 8524 8525
f 8526 8525 8520
f 8520 8525 8701
f 8526 8527 8832
f 8526 8832 8524
f 8526 8519 8527
f 8519 8526 8528
f 8529 8530 8528
f 8529 8528 8526
f 8529 8531 8728
f 8529 8728 8530
f 8531 8529 8706
f 8532 8707 8533
f 8533 8707 8529
f 8529 8707 8706
f 8533 8535 8709
f 8533 8709 8532
f 8535 8533 8534
f 8534 8536 8535
f 8536 8534 8712
f 8537 8713 8534
f 8534 8713 8712
f 8538 8539 8714
f 8538 8714 8534
f 8534 8714 8537
f 8538 8540 8715
f 8538 8715 8539
f 8540 8538 8716
f 8541 8717 8542
f 8542 8717 8538
f 8538 8717 8716
f 8542 8544 8719
f 8542 8719 8541
f 8544 8542 8543
f 8543 8545 8544
f 8545 8543 8722
f 8547 8546 8543
f 8543 8546 8722
f 8547 8549 8724
f 8547 8724 8546
f 8549 8547 8548
f 8552 8551 8553
f 8552 8553 8554
f 8554 8553 8555
f 8555 8553 8556
f 8557 8558 8559
f 8559 8558 8560
f 8559 8560 8561
f 8561 8560 8562
f 8561 8562 8563
f 8565 8564 8566
f 8565 8566 8567
f 8568 8569 8570
f 8570 8569 8571
f 8571 8572 8573
f 8573 8572 8574
f 8573 8574 8575
f 8575 8574 8576
f 8576 8574 8577
f 8578 8579 8580
f 8582 8581 8583
f 8582 8583 8585
f 8585 8583 8584
f 8585 8584 8586
f 8585 8586 8587
f 8588 8587 8550
f 8252 8253 8425
f 8260 8392 8258
f 8590 8619 8591
f 8392 8260 8262
f 8616 8592 8399
f 8593 8399 8592
f 8593 8594 8399
f 8603 8595 8415
f 8425 8253 8254
f 8425 8254 8597
f 8425 8597 8422
f 8422 8597 8598
f 8422 8598 8599
f 8422 8599 8600
f 8422 8600 8420
f 8420 8600 8601
f 8420 8601 8417
f 8417 8601 8602
f 8417 8602 8603
f 8417 8603 8415
f 8413 8596 9200
f 8413 9200 8604
f 8413 8604 8411
f 8411 8604 8605
f 8411 8605 8410
f 8410 8605 8606
f 8410 8606 8607
f 8410 8607 8608
f 8410 8608 8609
f 8410 8609 8610
f 8410 8610 8406
f 8610 8611 8406
f 8406 8611 8612
f 8406 8612 8404
f 8404 8612 8613
f 8404 8613 8402
f 8402 8613 8614
f 8402 8614 8615
f 8402 8615 8400
f 8400 8615 8946
f 8400 8946 8616
f 8400 8616 8399
f 8399 8594 9187
f 8399 9187 8397
f 8397 9187 8617
f 8397 8617 8618
f 8397 8618 8395
f 8590 8258 8619
f 8619 8258 8392
f 8619 8392 8620
f 8620 8392 8621
f 8621 8392 8395
f 8621 8395 8622
f 8622 8395 8618
f 8258 8590 8623
f 8623 8590 8591
f 8624 8625 8626
f 8626 8625 8627
f 8627 8625 8630
f 8630 8625 8628
f 8630 8628 8629
f 8630 8629 8631
f 8632 8633 8451
f 8451 8633 8634
f 8461 8634 8635
f 8461 8635 8462
f 8462 8635 8636
f 8480 8658 8482
f 8482 8658 8637
f 8482 8637 8638
f 8482 8638 8484
f 8484 8638 8639
f 8484 8639 8487
f 8487 8639 8640
f 8487 8640 8489
f 8489 8640 8641
f 8489 8641 8642
f 8489 8642 8491
f 8491 8642 8643
f 8491 8643 8493
f 8493 8643 8644
f 8493 8644 8495
f 8495 8644 8645
f 8495 8645 8498
f 8498 8645 8646
f 8498 8646 8500
f 8500 8646 8647
f 8500 8647 8502
f 8502 8647 8503
f 8503 8647 8648
f 8503 8648 8649
f 8503 8649 8506
f 8506 8649 8467
f 8467 8649 8650
f 8467 8650 8651
f 8467 8651 8652
f 8467 8652 8469
f 8469 8652 8653
f 8469 8653 8654
f 8469 8654 8471
f 8471 8654 8474
f 8474 8654 8655
f 8474 8655 8476
f 8476 8655 8656
f 8476 8656 8657
f 8476 8657 8478
f 8478 8657 8480
f 8480 8657 8658
f 8659 8660 8661
f 8661 8660 8548
f 8662 8663 8664
f 8666 8665 8667
f 8668 8667 8669
f 8668 8669 8670
f 8671 8672 8673
f 8673 8672 8674
f 8676 8675 8520
f 8676 8520 8677
f 8677 8520 8678
f 8678 8520 8679
f 8680 8681 8682
f 8690 8689 8698
f 8699 8522 8523
f 8701 8525 8702
f 8525 8524 8703
f 8528 8530 8705
f 8708 8532 8709
f 8709 8535 8710
f 8710 8535 8536
f 8715 8540 8716
f 8718 8541 8719
f 8719 8544 8720
f 8720 8544 8545
f 8723 8546 8724
f 8549 8688 8685
f 8549 8685 8724
f 8700 8701 8699
f 8700 8699 8523
f 8521 8690 8698
f 8690 8691 8689
f 8689 8691 8692
f 8724 8685 8723
f 8723 8722 8546
f 8722 8721 8545
f 8719 8725 8718
f 8539 8749 8714
f 8712 8713 8711
f 8712 8711 8536
f 8709 8726 8708
f 8706 8707 8727
f 8706 8727 8531
f 8701 8702 8729
f 8701 8729 8699
f 8699 8755 8522
f 8522 8755 8730
f 8522 8730 8521
f 8521 8730 8756
f 8521 8756 8731
f 8521 8731 8690
f 8690 8731 8732
f 8690 8732 8691
f 8691 8732 8693
f 8723 8685 8757
f 8723 8757 8733
f 8723 8733 8722
f 8722 8733 8734
f 8722 8734 8721
f 8721 8734 8735
f 8721 8735 8545
f 8545 8735 8720
f 8720 8735 8719
f 8719 8735 8725
f 8718 8725 8736
f 8718 8736 8541
f 8541 8736 8717
f 8717 8737 8716
f 8716 8737 8738
f 8716 8738 8715
f 8715 8738 8539
f 8539 8738 8749
f 8714 8749 8739
f 8714 8739 8537
f 8537 8739 8713
f 8711 8740 8536
f 8536 8740 8710
f 8710 8740 8709
f 8709 8740 8726
f 8708 8726 8741
f 8708 8741 8532
f 8532 8741 8707
f 8531 8727 8754
f 8531 8754 8728
f 8728 8754 8530
f 8530 8754 8705
f 8729 8702 8743
f 8729 8743 8699
f 8699 8743 8755
f 8731 8756 8744
f 8731 8744 8732
f 8732 8744 8693
f 8688 8686 8685
f 8733 8745 8734
f 8734 8745 8735
f 8735 8745 8746
f 8717 8747 8737
f 8737 8747 8738
f 8738 8747 8748
f 8713 8750 8711
f 8711 8750 8751
f 8711 8751 8740
f 8727 8752 8753
f 8727 8753 8754
f 8705 8754 8742
f 8744 8694 8693
f 8685 8686 8687
f 8685 8687 8757
f 8733 8757 8758
f 8733 8758 8745
f 8746 8759 8735
f 8735 8759 8760
f 8735 8760 8725
f 8725 8760 8761
f 8725 8761 8736
f 8736 8761 8762
f 8736 8762 8778
f 8736 8778 8717
f 8717 8778 8747
f 8748 8763 8738
f 8738 8763 8764
f 8738 8764 8749
f 8749 8764 8765
f 8749 8765 8739
f 8739 8765 8766
f 8739 8766 8780
f 8739 8780 8713
f 8713 8780 8750
f 8751 8767 8740
f 8740 8767 8768
f 8740 8768 8726
f 8726 8768 8769
f 8726 8769 8741
f 8741 8769 8770
f 8741 8770 8783
f 8741 8783 8707
f 8707 8783 8727
f 8753 8771 8754
f 8754 8771 8772
f 8754 8772 8742
f 8742 8772 8773
f 8743 8786 8755
f 8730 8755 8801
f 8730 8801 8756
f 8744 8756 8774
f 8744 8774 8775
f 8744 8775 8694
f 8693 8694 8695
f 8745 8758 8804
f 8745 8804 8776
f 8745 8776 8746
f 8759 8806 8760
f 8760 8806 8777
f 8760 8777 8761
f 8747 8778 8815
f 8747 8815 8748
f 8763 8789 8764
f 8764 8789 8779
f 8764 8779 8765
f 8750 8780 8820
f 8750 8820 8751
f 8751 8820 8781
f 8767 8808 8768
f 8768 8808 8782
f 8768 8782 8769
f 8772 8784 8773
f 8755 8786 8801
f 8756 8801 8774
f 8758 8757 8804
f 8746 8776 8806
f 8746 8806 8759
f 8777 8787 8761
f 8761 8787 8788
f 8761 8788 8762
f 8762 8788 8813
f 8762 8813 8778
f 8778 8813 8815
f 8748 8789 8763
f 8779 8790 8765
f 8765 8790 8791
f 8765 8791 8766
f 8766 8791 8819
f 8766 8819 8780
f 8780 8819 8820
f 8751 8781 8808
f 8751 8808 8767
f 8782 8792 8769
f 8769 8792 8793
f 8769 8793 8770
f 8770 8793 8853
f 8770 8853 8783
f 8783 8853 8794
f 8783 8794 8795
f 8783 8795 8727
f 8727 8795 8752
f 8753 8752 8796
f 8753 8796 8771
f 8771 8796 8797
f 8771 8797 8772
f 8772 8797 8798
f 8772 8798 8784
f 8784 8798 8785
f 8784 8785 8773
f 8786 8743 8799
f 8786 8799 8800
f 8786 8800 8801
f 8775 8774 8802
f 8775 8802 8694
f 8757 8803 8804
f 8776 8805 8806
f 8777 8806 8787
f 8813 8814 8815
f 8748 8815 8789
f 8819 8850 8820
f 8781 8820 8807
f 8781 8807 8808
f 8782 8808 8792
f 8795 8809 8752
f 8752 8809 8796
f 8800 8824 8801
f 8801 8824 8774
f 8802 8695 8694
f 8695 8697 8696
f 8687 8803 8757
f 8805 8787 8806
f 8787 8811 8788
f 8788 8811 8812
f 8788 8812 8813
f 8789 8815 8816
f 8789 8816 8790
f 8789 8790 8779
f 8790 8817 8791
f 8791 8817 8818
f 8791 8818 8819
f 8850 8851 8820
f 8807 8792 8808
f 8792 8821 8793
f 8793 8821 8853
f 8794 8822 8795
f 8798 8845 8785
f 8785 8845 8810
f 8799 8823 8800
f 8774 8824 8920
f 8774 8920 8802
f 8802 8920 8825
f 8802 8825 8695
f 8695 8825 8697
f 8525 8703 8702
f 8702 8826 8743
f 8743 8827 8828
f 8743 8828 8799
f 8799 8828 8829
f 8799 8829 8683
f 8826 8827 8743
f 8828 8625 8829
f 8524 8832 8703
f 8827 8682 8828
f 8828 8682 8681
f 8828 8681 8625
f 8703 8832 8830
f 8703 8830 8702
f 8702 8830 8826
f 8826 8830 8834
f 8826 8834 8827
f 8827 8834 8831
f 8827 8831 8682
f 8527 8704 8832
f 8830 8833 8834
f 8831 8834 8835
f 8832 8704 8830
f 8834 8833 8836
f 8834 8836 8835
f 8527 8519 8704
f 8704 8519 8837
f 8704 8837 8830
f 8830 8837 8833
f 8836 8838 8835
f 8528 8684 8519
f 8837 8840 8833
f 8833 8840 8841
f 8833 8841 8836
f 8836 8841 8838
f 8838 8841 8839
f 8528 8705 8684
f 8684 8705 8742
f 8684 8742 8519
f 8519 8742 8837
f 8837 8742 8773
f 8837 8773 8840
f 8840 8773 8785
f 8840 8785 8841
f 8841 8785 8810
f 8841 8810 8839
f 8839 8848 9036
f 8822 9001 8795
f 8795 9001 8809
f 8809 9001 8842
f 8809 8842 8796
f 8797 8796 8843
f 8797 8843 8798
f 8845 8798 8844
f 8810 8845 8846
f 8810 8846 8847
f 8810 8847 8839
f 8839 8847 8848
f 8819 8818 8849
f 8819 8849 8850
f 8851 8990 8820
f 8820 8990 8807
f 8821 8852 8853
f 8794 8853 8854
f 8794 8854 8822
f 8822 8854 8855
f 8813 8812 8856
f 8813 8856 8814
f 8814 8857 8858
f 8814 8858 8815
f 8815 8858 8816
f 8861 8862 8859
f 8859 8862 8860
f 8861 8863 9155
f 8861 9155 8862
f 8864 8865 8861
f 8861 8865 8863
f 8864 8867 8865
f 8866 8867 8864
f 8866 8868 8867
f 8869 8870 8866
f 8866 8870 8868
f 8869 8871 8870
f 8869 8872 8871
f 8873 8874 8869
f 8869 8874 8872
f 8873 8876 8874
f 8875 8876 8873
f 8875 8877 8876
f 8875 8878 8877
f 8879 8880 8875
f 8875 8880 8878
f 8879 8881 8880
f 8882 8883 8879
f 8879 8883 8881
f 8882 8884 8883
f 8885 8886 8882
f 8882 8886 8884
f 8885 8887 9136
f 8885 9136 8886
f 8888 8889 8885
f 8885 8889 8887
f 8888 8891 8889
f 8890 8891 8888
f 8890 8892 8891
f 8893 8894 8890
f 8890 8894 8892
f 8893 8895 8894
f 8896 8897 8893
f 8893 8897 8895
f 8896 8898 8897
f 8896 8899 8898
f 8900 8901 8896
f 8896 8901 8899
f 8900 8902 8901
f 8900 8903 8902
f 8859 8860 8903
f 8859 8903 8900
f 8950 8904 8823
f 8823 8904 8800
f 8906 8908 8907
f 8907 8908 8909
f 8907 8909 8910
f 8912 8911 8913
f 8915 8916 8912
f 8912 8916 8917
f 8814 8918 8857
f 8857 8918 8919
f 8920 8824 8904
f 8904 8824 8800
f 8914 8905 8921
f 8921 8905 8922
f 8909 8923 8910
f 8910 8923 8924
f 8910 8924 8915
f 8915 8924 8925
f 8915 8925 8916
f 8787 8926 8811
f 8811 8926 8927
f 8811 8927 8812
f 8812 8927 8918
f 8812 8918 8856
f 8856 8918 8814
f 8913 8953 8946
f 8946 8953 8930
f 8611 8816 8858
f 8931 8932 8933
f 8933 8932 8934
f 8933 8934 8935
f 8937 8936 8938
f 8937 8938 8939
f 8939 8938 8940
f 8939 8940 8931
f 8931 8940 8941
f 8931 8941 8932
f 8921 8922 8942
f 8921 8942 8943
f 8943 8942 9179
f 8929 8928 8945
f 8805 8926 8787
f 8930 8944 8946
f 8912 8946 8947
f 8622 8945 8823
f 8823 8945 8950
f 9179 8951 8943
f 8943 8951 8952
f 8952 8951 8930
f 8930 8951 8944
f 8919 8933 8857
f 8857 8933 8611
f 8857 8611 8858
f 8905 8914 8954
f 8913 8956 8953
f 8697 8954 8696
f 8697 8825 8954
f 8954 8825 8905
f 8905 8825 8920
f 8949 8948 8955
f 8953 8956 8957
f 8803 8957 8804
f 8804 8957 8956
f 8804 8956 8776
f 8776 8956 8958
f 8776 8958 8805
f 8805 8958 8926
f 8844 8978 8959
f 8935 8611 8961
f 8962 8606 8963
f 8962 8963 8608
f 8608 8963 8964
f 8608 8964 8609
f 8609 8964 8965
f 8601 8848 8847
f 8611 8970 8961
f 8961 8970 8971
f 8961 8971 8965
f 8965 8971 8972
f 8965 8972 8609
f 9191 8601 8847
f 9191 8847 8974
f 8974 8847 8846
f 8974 8846 8959
f 8959 8846 8845
f 8959 8845 8844
f 8969 8975 8968
f 8968 8975 8976
f 8968 8976 8966
f 8966 8976 8977
f 8966 8977 8967
f 8817 8790 8611
f 8611 8790 8816
f 8844 8798 8978
f 8978 8798 8843
f 8822 8855 8979
f 8981 8980 8982
f 8981 8982 8983
f 8983 8982 8984
f 8985 8986 8606
f 8606 8986 8960
f 8987 8817 8611
f 8987 8935 8988
f 8988 8935 8961
f 8852 8821 8989
f 8989 8821 8792
f 8989 8792 8807
f 8989 8807 8990
f 8991 8990 8851
f 8852 8994 8992
f 8992 8993 8994
f 8992 8994 8995
f 8995 8994 8996
f 8995 8996 8997
f 8979 8855 8998
f 8998 8855 8854
f 8998 8854 8992
f 8992 8854 8853
f 8992 8853 8852
f 8980 8999 8606
f 8606 9000 8985
f 8851 8850 8991
f 8991 8850 8849
f 8991 8849 8987
f 8987 8849 8818
f 8987 8818 8817
f 8843 8796 8978
f 8978 8796 8842
f 8978 8842 9001
f 8979 9001 8822
f 9004 9005 9003
f 9003 9005 9006
f 9003 9006 8982
f 8982 9006 9007
f 8982 9007 8984
f 9008 9004 9009
f 9009 9004 9003
f 9009 9003 9002
f 9008 9009 8996
f 8996 9009 9010
f 8996 9010 8997
f 8848 8601 9013
f 8848 9013 9014
f 9011 9012 9015
f 9015 9012 8599
f 9015 8599 9016
f 9015 9016 9017
f 9017 9016 9018
f 9017 9018 9019
f 9021 9020 9022
f 9021 9022 9023
f 9024 9023 9022
f 9025 8680 8682
f 8680 9025 8589
f 9026 9025 9027
f 9026 9027 9028
f 9029 9030 9021
f 9021 9030 9031
f 8973 9023 9032
f 8973 9032 9033
f 9033 9034 8973
f 8973 9034 9035
f 8973 9035 9013
f 9014 9036 8848
f 8682 8831 9025
f 9025 8831 8835
f 9025 8835 9036
f 9036 8835 8838
f 9036 8838 8839
f 9011 9037 9012
f 9012 9037 9038
f 9012 9038 9029
f 9018 9039 9019
f 9019 9039 9040
f 9019 9040 9028
f 9028 9040 9041
f 9028 9041 9026
f 9042 9043 9026
f 9026 9043 8631
f 8589 8631 8680
f 8680 8631 8629
f 8823 8625 8624
f 8823 8624 8622
f 8929 8624 9044
f 8929 9044 9045
f 8680 8629 8628
f 8680 8628 8681
f 8681 8628 8625
f 8829 8625 8683
f 8683 8625 8799
f 8799 8625 8823
f 9045 9046 8929
f 9046 8620 8929
f 8929 8620 9047
f 8929 9047 8622
f 8622 9047 9048
f 9051 9050 9052
f 9052 9053 9054
f 9055 9056 9057
f 9057 9056 9058
f 9057 9058 9059
f 9059 9058 9060
f 9059 9060 9061
f 9061 9060 9062
f 9064 9063 9065
f 9066 9067 9068
f 9068 9067 9069
f 9068 9069 9070
f 9071 9072 9073
f 9074 9073 9049
f 9075 8638 9076
f 9076 8638 8637
f 8637 8658 9076
f 9076 8658 9077
f 9077 8658 9078
f 8658 8657 9078
f 9078 8657 9079
f 9079 8657 8656
f 9079 8656 9080
f 9080 8656 8655
f 9080 8655 9081
f 9081 8655 9082
f 8655 8654 9082
f 9082 8654 9083
f 9083 8654 9084
f 8654 8653 9084
f 9084 8653 9085
f 9085 8653 8652
f 9085 8652 9086
f 8652 8651 9086
f 8651 8650 9086
f 9086 8650 8649
f 9086 8649 9087
f 9087 8649 8648
f 8648 8647 9088
f 9088 8647 9089
f 9089 8647 8646
f 9089 8646 9090
f 9090 8646 8645
f 9090 8645 8644
f 9090 8644 9091
f 9091 8644 9092
f 9092 8644 8643
f 8643 8642 9092
f 9092 8642 9093
f 8642 8641 9093
f 8641 8640 9093
f 9093 8640 9094
f 9094 8640 9095
f 8640 8639 9095
f 9095 8639 9075
f 9075 8639 8638
f 9096 8689 9097
f 9099 8687 8686
f 8686 8688 9099
f 9099 8688 9098
f 8687 9099 9100
f 9100 8803 8687
f 9100 9101 8803
f 8803 9101 9102
f 8803 9102 8957
f 8957 9102 9103
f 8957 9103 8953
f 8953 9103 9104
f 8953 9104 9105
f 8953 9105 9106
f 8953 9106 9107
f 8953 9107 9108
f 8953 9108 8930
f 8930 9108 8952
f 8952 9108 9109
f 8952 9109 8943
f 8943 9109 8921
f 8921 9109 8914
f 8914 9109 9110
f 8914 9110 9111
f 8914 9111 9112
f 9112 9113 8914
f 8914 9113 9114
f 8914 9114 9115
f 8914 9115 9116
f 8914 9116 9117
f 8914 9117 9118
f 8914 9118 8954
f 8954 9118 8696
f 8696 9118 9119
f 9120 8695 8696
f 9120 8696 9119
f 8689 8692 9097
f 9097 8692 8691
f 8691 8693 9097
f 9097 8693 9120
f 9120 8693 8695
f 8689 9096 9121
f 8548 9122 9098
f 8548 9098 8688
f 8548 8688 8549
f 9123 8870 9124
f 9124 8870 9125
f 9125 8870 8871
f 8872 9125 8871
f 8872 8874 9125
f 9125 8874 9126
f 9126 8874 9127
f 9127 8874 8876
f 9127 8876 9128
f 9128 8876 9129
f 9129 8876 8877
f 9129 8877 8878
f 9129 8878 8880
f 9129 8880 9130
f 9130 8880 9131
f 8880 8881 9131
f 9131 8881 9132
f 9132 8881 8883
f 9132 8883 9133
f 9133 8883 8884
f 9133 8884 8886
f 9133 8886 9134
f 9134 8886 9135
f 9135 8886 9136
f 9135 9136 9137
f 9136 8887 9138
f 9138 8887 8889
f 9138 8889 9139
f 9139 8889 9140
f 9140 8889 8891
f 9140 8891 9141
f 9141 8891 9142
f 9142 8891 9143
f 9143 8891 8892
f 9143 8892 8894
f 9143 8894 9144
f 9144 8894 8895
f 9144 8895 9145
f 9145 8895 8897
f 9145 8897 9146
f 9146 8897 9147
f 8897 8898 9147
f 9147 8898 8899
f 9147 8899 8901
f 9147 8901 9148
f 9148 8901 9149
f 9149 8901 9150
f 9150 8901 8902
f 8902 8903 9150
f 9150 8903 9151
f 9151 8903 8860
f 9151 8860 9152
f 9152 8860 9153
f 8860 8862 9153
f 9153 8862 9155
f 9154 9155 9156
f 9155 8863 9157
f 9157 8863 8865
f 9157 8865 9158
f 9158 8865 9159
f 9159 8865 9160
f 9160 8865 8867
f 9160 8867 9161
f 9161 8867 9162
f 9162 8867 9163
f 9163 8867 8868
f 9163 8868 9164
f 9164 8868 9123
f 9123 8868 8870
f 9165 8592 8616
f 9165 8593 8592
f 9166 8594 9165
f 9165 8594 8593
f 9166 9187 8594
f 8616 9167 9165
f 9165 9167 9168
f 9169 9168 9170
f 9171 8946 8944
f 9171 8944 9172
f 9172 8944 9173
f 9173 8944 9174
f 9174 8944 9175
f 9175 8944 9176
f 9176 8944 8951
f 9176 8951 9177
f 9177 8951 9178
f 9178 8951 9179
f 9180 9179 8949
f 9181 9182 9183
f 9184 9183 9185
f 9184 9185 9186
f 9186 9185 9187
f 9186 9187 9188
f 9188 9187 9189
f 9189 9187 9166
f 9191 8974 9192
f 9192 8974 8959
f 9192 8959 8978
f 9192 8978 9001
f 9192 9001 9193
f 9193 9001 9194
f 9194 9001 9195
f 9195 9001 8979
f 9195 8979 9196
f 9196 8979 8998
f 9196 8998 8992
f 9198 9197 9199
f 9201 9200 9204
f 9202 8603 9190
f 9190 8603 9203
f 9202 8595 8603
f 9204 8415 9202
f 9202 8415 8595
f 9204 8413 8415
f 9200 8596 9204
f 9204 8596 8413
f 9205 9206 9207
f 8999 9207 9208
f 8999 9208 9209
f 9209 9208 9000
f 9000 9208 9210
f 9000 9210 8985
f 8985 9210 9211
f 8985 9211 9212
f 9212 9211 9213
f 8987 9214 9215
f 8987 9215 8991
f 8991 9215 8990
f 8990 9215 9216
f 8990 9216 8989
f 8989 9216 9217
f 8989 9217 8852
f 8852 9217 8994
f 9218 9219 9013
f 9013 9220 9014
f 9014 9220 9221
f 9014 9221 9222
f 9014 9222 9036
f 9036 9222 9223
f 9036 9223 9224
f 9036 9224 9027
f 9036 9027 9025
f 8956 8913 9226
f 8956 9226 9227
f 8956 9227 9228
f 8956 9228 9229
f 8956 9229 9230
f 8956 9230 8958
f 8958 9230 9231
f 8958 9231 8926
f 8926 9231 9232
f 8926 9232 8927
f 8927 9232 9233
f 8927 9233 8918
f 8918 9233 9234
f 8918 9234 8919
f 8919 9234 8933
f 9236 9235 9237
f 9225 8923 9238
f 8945 9240 8950
f 8950 9240 9241
f 8950 9241 9242
f 8950 9242 9243
f 8950 9243 9244
f 8950 9244 8904
f 8904 9244 9245
f 8904 9245 8920
f 8920 9245 9246
f 8920 9246 9247
f 8920 9247 9248
f 8920 9248 8905
f 8905 9248 8922
f 8922 9248 9249
f 8922 9249 9250
f 8922 9250 9251
f 8922 9251 9252
f 8922 9252 9253
f 8922 9253 8942
f 8942 9253 9254
f 8942 9254 9255
f 9257 9256 9258
f 9239 9259 9260
f 9262 9263 9261
f 9261 9263 9264
f 9269 9270 9271
f 9271 9270 9272
f 9271 9272 9273
f 9273 9272 9274
f 9275 9276 9277
f 9277 9276 9278
f 9277 9278 9279
f 9279 9280 9277
f 9277 9280 9281
f 9277 9281 9272
f 9272 9281 9094
f 9272 9094 9274
f 9282 9283 9091
f 9284 9285 9286
f 9286 9285 9287
f 9286 9293 9288
f 9286 9288 9284
f 9289 9290 9291
f 9291 9290 9292
f 9291 9292 9286
f 9286 9292 9293
f 9296 9294 9295
f 9296 9295 9297
f 9297 9295 9298
f 9297 9298 9299
f 9082 9302 9303
f 9303 9302 9083
f 9303 9083 9304
f 9304 9305 9303
f 9301 9306 9300
f 9300 9306 9307
f 9300 9307 9303
f 9303 9307 9081
f 9303 9081 9082
f 9309 9308 9310
f 9309 9310 9300
f 9300 9310 9311
f 9300 9311 9301
f 9308 9309 9312
f 9312 9309 9313
f 9312 9313 9314
f 9269 9315 9270
f 9270 9315 9316
f 9270 9316 9313
f 9313 9316 9317
f 9313 9317 9314
f 9116 9115 9318
f 9116 9318 9117
f 9117 9318 9298
f 9117 9298 9118
f 9115 9114 9318
f 9318 9114 9113
f 9318 9113 9319
f 9319 9113 9112
f 9319 9112 9320
f 9106 9321 9322
f 9295 9119 9118
f 9295 9118 9298
f 9319 9320 9323
f 9101 9100 9294
f 9319 9323 9324
f 9319 9324 9321
f 9321 9324 9322
f 9101 9294 9325
f 9100 9099 9294
f 9294 9099 9326
f 9294 9326 9327
f 9294 9327 9295
f 9295 9327 9119
f 9321 9106 9105
f 9321 9105 9328
f 9321 9328 9294
f 9294 9328 9329
f 9294 9329 9325
f 9330 9331 9332
f 9333 9161 9268
f 9268 9161 9334
f 9161 9162 9334
f 9334 9162 9335
f 9334 9335 9336
f 9336 9335 9164
f 9337 9159 9268
f 9268 9159 9160
f 9268 9160 9333
f 9337 9338 9339
f 9339 9338 9340
f 9340 9287 9341
f 9340 9341 9339
f 9343 9344 9345
f 9346 9347 9277
f 9277 9347 9348
f 9277 9348 9349
f 9351 9350 9342
f 9350 9211 9210
f 9350 9210 9352
f 9343 9353 9354
f 9343 9354 9355
f 9349 9356 9277
f 9277 9356 9357
f 9210 9358 9352
f 9352 9358 9359
f 9355 9361 9343
f 9343 9361 9362
f 9343 9362 9344
f 9357 9342 9277
f 9277 9342 9275
f 9275 9342 9363
f 9275 9363 9282
f 9360 9353 9359
f 9359 9353 9343
f 9359 9343 9146
f 9146 9343 9145
f 9364 9391 9365
f 9364 9365 9343
f 9343 9365 9366
f 9343 9366 9145
f 9367 9368 9364
f 9369 9370 9371
f 9371 9372 9369
f 9369 9372 9373
f 9369 9373 9193
f 9193 9374 9369
f 9369 9374 9364
f 9364 9374 9367
f 9375 9376 9377
f 9377 9376 9378
f 9368 9379 9364
f 9364 9379 9380
f 9375 9381 9376
f 9376 9381 9382
f 9376 9382 9383
f 9386 9384 9385
f 9386 9385 9387
f 9376 9384 9388
f 9376 9388 9378
f 9364 9380 9389
f 9364 9389 9391
f 9391 9389 9390
f 9391 9392 9198
f 9391 9198 9385
f 9385 9198 9393
f 9385 9393 9387
f 9383 9370 9376
f 9376 9370 9369
f 9376 9369 9394
f 9394 9369 9395
f 9395 9396 9397
f 9397 9398 9395
f 9395 9398 9142
f 9395 9142 9394
f 9399 9139 9400
f 9400 9139 9401
f 9400 9401 9395
f 9395 9401 9140
f 9395 9140 9396
f 9400 9402 9403
f 9403 9404 9400
f 9400 9404 9405
f 9400 9405 9399
f 9399 9408 9409
f 9407 9409 9406
f 9407 9410 9267
f 9424 9412 9411
f 9411 9412 9413
f 9411 9413 9266
f 9266 9413 9134
f 9266 9134 9267
f 9418 9430 9419
f 9419 9430 9416
f 9419 9416 9420
f 9420 9416 9417
f 9421 9422 9411
f 9411 9422 9423
f 9411 9423 9424
f 9132 9424 9425
f 9132 9425 9426
f 9426 9425 9427
f 9427 9425 9415
f 9415 9425 9428
f 9415 9428 9414
f 9418 9429 9430
f 9431 9430 9264
f 9431 9264 9263
f 9432 9433 9265
f 9434 9439 9435
f 9434 9435 9432
f 9432 9435 9128
f 9432 9128 9433
f 9436 9443 9437
f 9437 9443 9438
f 9437 9438 9439
f 9331 9440 9332
f 9332 9440 9124
f 9332 9124 9441
f 9441 9124 9442
f 9441 9442 9443
f 9444 9411 9266
f 9444 9266 9267
f 9411 9444 9445
f 9411 9445 9446
f 9447 9448 9300
f 9300 9448 9222
f 9222 9449 9300
f 9300 9449 9309
f 9309 9449 9219
f 9446 9450 9411
f 9411 9450 9451
f 9411 9451 9300
f 9300 9451 9452
f 9300 9452 9447
f 9453 9321 9454
f 9454 9321 9455
f 9294 9460 9457
f 9338 9456 9458
f 9338 9458 9459
f 9460 9294 9340
f 9321 9469 9455
f 9461 9462 9340
f 9340 9462 9233
f 9340 9233 9460
f 9457 9463 9294
f 9294 9463 9464
f 9294 9464 9465
f 9459 9466 9338
f 9338 9466 9467
f 9338 9467 9340
f 9340 9467 9468
f 9340 9468 9461
f 9465 9229 9294
f 9294 9229 9228
f 9294 9228 9321
f 9321 9228 9469
f 9338 9337 9268
f 9338 9268 9456
f 9456 9268 9470
f 9334 9470 9268
f 9318 9472 9473
f 9318 9473 9474
f 9475 9432 9298
f 9475 9298 9247
f 9476 9477 9298
f 9298 9477 9247
f 9318 9474 9298
f 9298 9474 9478
f 9298 9478 9476
f 9475 9479 9432
f 9432 9479 9480
f 9432 9480 9434
f 9434 9480 9481
f 9481 9482 9434
f 9434 9482 9483
f 9434 9483 9484
f 9434 9484 9471
f 9434 9471 9437
f 9434 9437 9439
f 9471 9436 9437
f 9303 9486 9485
f 9303 9485 9300
f 9300 9485 9487
f 9263 9488 9431
f 9431 9488 9489
f 9431 9489 9303
f 9303 9489 9490
f 9303 9490 9486
f 9487 9491 9300
f 9300 9491 9492
f 9300 9492 9411
f 9411 9492 9493
f 9411 9493 9421
f 9495 9496 9332
f 9332 9496 9497
f 9497 9186 9332
f 9332 9186 9188
f 9332 9188 9498
f 9332 9498 9499
f 9164 9330 9336
f 9336 9330 9332
f 9336 9332 9499
f 9336 9499 9500
f 9180 9501 9502
f 9500 9168 9336
f 9336 9168 9169
f 9336 9169 9503
f 9334 9494 9502
f 9502 9494 9504
f 9502 9504 9178
f 9178 9505 9502
f 9502 9505 9180
f 9501 9506 9502
f 9502 9506 9507
f 9502 9507 9508
f 9503 9509 9336
f 9336 9509 9334
f 9334 9509 9172
f 9334 9172 9494
f 9441 9443 9436
f 9441 9436 9332
f 9332 9436 9502
f 9332 9502 9495
f 9495 9502 9508
f 9471 9472 9436
f 9436 9472 9318
f 9436 9318 9502
f 9502 9318 9319
f 9502 9319 9334
f 9334 9319 9321
f 9334 9321 9470
f 9470 9321 9453
f 9296 9289 9294
f 9294 9289 9291
f 9294 9291 9340
f 9340 9291 9286
f 9340 9286 9287
f 9433 9430 9265
f 9265 9430 9431
f 9265 9431 9432
f 9432 9431 9303
f 9432 9303 9298
f 9298 9303 9305
f 9298 9305 9299
f 9299 9305 9304
f 9219 9402 9309
f 9309 9402 9400
f 9309 9400 9313
f 9313 9400 9395
f 9313 9395 9270
f 9270 9395 9369
f 9270 9369 9272
f 9272 9369 9364
f 9272 9364 9277
f 9277 9364 9343
f 9277 9343 9346
f 9346 9343 9345
f 9513 9511 9512
f 9513 9512 9514
f 9514 9512 9515
f 9515 9512 9516
f 9519 9510 9516
f 9516 9510 9515
f 9517 9521 9518
f 9517 9518 9519
f 9519 9518 9510
f 9517 9520 9521
f 9521 9520 9523
f 9523 9520 9524
f 9525 9524 9526
f 9523 9524 9527
f 9527 9524 9528
f 9527 9528 9529
f 9534 9533 9530
f 9534 9530 9531
f 9531 9530 9529
f 9531 9529 9532
f 9532 9529 9528
f 9534 9535 9533
f 9533 9535 9536
f 9536 9535 9537
f 9538 9539 9537
f 9537 9539 9540
f 9539 9542 9540
f 9542 9539 9541
f 9542 9541 9522
f 9522 9541 9511
f 9522 9511 9513
f 9545 9546 9543
f 9543 9546 9547
f 9544 9548 9543
f 9543 9548 9549
f 9543 9549 9550
f 9550 9552 9543
f 9543 9552 9553
f 9543 9553 9554
f 9556 9555 9557
f 9551 9558 9555
f 9554 9559 9543
f 9554 9560 9561
f 9561 9562 9554
f 9554 9562 9563
f 9554 9563 9564
f 9568 9567 9569
f 9566 9570 9567
f 9567 9570 9571
f 9567 9571 9569
f 9567 9574 9573
f 9567 9573 9575
f 9565 9567 9577
f 9577 9567 9576
f 9578 9577 9572
f 9544 9579 9548
f 9548 9579 9580
f 9543 9581 9582
f 9543 9582 9545
f 9545 9582 9583
f 9545 9583 9584
f 9587 9585 9586
f 9587 9586 9588
f 9589 9590 9591
f 9591 9590 9592
f 9593 9594 9595
f 9595 9594 9596
f 9595 9596 9544
f 9544 9596 9579
f 9598 9599 9600
f 9600 9599 9601
f 9600 9601 9602
f 9603 9604 9574
f 9574 9604 9605
f 9574 9605 9606
f 9608 9607 9609
f 9608 9609 9610
f 9612 9611 9613
f 9615 9614 9616
f 9615 9616 9577
f 9577 9616 9617
f 9577 9617 9618
f 9618 9617 9619
f 9572 9620 9621
f 9622 9623 9597
f 9597 9623 9598
f 9625 9624 9626
f 9627 9628 9629
f 9629 9628 9630
f 9631 9632 9633
f 9633 9632 9634
f 9641 9642 9640
f 9644 9583 9639
f 9641 9640 9648
f 9583 9582 9639
f 9639 9582 9643
f 9639 9643 9645
f 9636 9638 9646
f 9646 9638 9647
f 9638 9649 9586
f 9643 9642 9650
f 9637 9635 9648
f 9586 9651 9638
f 9638 9651 9639
f 9639 9651 9644
f 9653 9652 9654
f 9638 9655 9649
f 9636 9656 9657
f 9657 9656 9658
f 9659 9660 9661
f 9661 9660 9662
f 9664 9663 9665
f 9666 9628 9627
f 9669 9670 9668
f 9668 9670 9605
f 9671 9672 9659
f 9659 9672 9673
f 9659 9673 9660
f 9667 9686 9674
f 9605 9604 9668
f 9668 9604 9675
f 9668 9675 9676
f 9601 9659 9680
f 9601 9680 9681
f 9681 9680 9682
f 9627 9667 9666
f 9667 9674 9683
f 9667 9683 9684
f 9684 9685 9667
f 9667 9685 9678
f 9678 9685 9677
f 9686 9667 9687
f 9688 9687 9671
f 9689 9690 9668
f 9668 9690 9691
f 9668 9691 9692
f 9678 9679 9668
f 9678 9668 9693
f 9693 9668 9692
f 9696 9694 9695
f 9696 9695 9697
f 9698 9699 9700
f 9700 9699 9701
f 9700 9701 9702
f 9702 9701 9703
f 9702 9703 9704
f 9706 9705 9707
f 9707 9708 9709
f 9711 9710 9712
f 9711 9712 9713
f 9715 9713 9714
f 9715 9714 9716
f 9715 9716 9717
f 9720 9719 9721
f 9720 9721 9723
f 9723 9721 9722
f 9723 9722 9724
f 9723 9724 9725
f 9725 9724 9726
f 9728 9727 9729
f 9731 9730 9732
f 9731 9732 9733
f 9734 9733 9735
f 9734 9735 9737
f 9737 9735 9736
f 9737 9736 9738
f 9737 9738 9739
f 9740 9741 9742
f 9742 9741 9743
f 9742 9743 9744
f 9744 9743 9745
f 9744 9745 9747
f 9747 9745 9746
f 9747 9746 9748
f 9749 9748 9750
f 9749 9750 9751
f 9751 9750 9752
f 9754 9753 9755
f 9754 9755 9718
f 9757 9756 9758
f 9757 9758 9759
f 9759 9758 9760
f 9759 9760 9645
f 9645 9760 9761
f 9645 9761 9762
f 9635 9763 9764
f 9635 9764 9765
f 9765 9764 9766
f 9765 9766 9767
f 9767 9766 9768
f 9767 9768 9769
f 9770 9771 9772
f 9772 9771 9773
f 9772 9773 9774
f 9775 9776 9777
f 9775 9777 9778
f 9778 9777 9779
f 9778 9779 9780
f 9781 9782 9783
f 9785 9784 9786
f 9785 9786 9787
f 9787 9786 9788
f 9794 9789 9790
f 9716 9714 9791
f 9791 9792 9716
f 9716 9792 9793
f 9716 9793 9790
f 9790 9793 9794
f 9713 9712 9795
f 9795 9796 9713
f 9713 9796 9797
f 9713 9797 9714
f 9714 9797 9798
f 9714 9798 9791
f 9799 9800 9710
f 9710 9800 9801
f 9710 9801 9712
f 9712 9801 9802
f 9712 9802 9795
f 9803 9804 9799
f 9799 9804 9805
f 9799 9805 9800
f 9709 9806 9803
f 9803 9806 9807
f 9803 9807 9804
f 9808 9809 9810
f 9810 9809 9811
f 9810 9811 9812
f 9812 9811 9813
f 9812 9813 9708
f 9708 9813 9814
f 9708 9814 9709
f 9709 9814 9815
f 9709 9815 9806
f 9789 9816 9817
f 9817 9818 9819
f 9821 9820 9822
f 9821 9822 9823
f 9825 9824 9826
f 9827 9828 9704
f 9704 9828 9829
f 9704 9829 9830
f 9830 9829 9831
f 9830 9831 9832
f 9833 9832 9834
f 9808 9835 9836
f 9808 9836 9809
f 9837 9838 9839
f 9839 9838 9840
f 9839 9840 9841
f 9841 9840 9842
f 9843 9844 9845
f 9846 9847 9848
f 9849 9850 9851
f 9851 9850 9852
f 9851 9852 9853
f 9853 9852 9854
f 9853 9854 9855
f 9855 9854 9856
f 9858 9859 9857
f 9860 9861 9741
f 9863 10099 9862
f 9863 9862 9864
f 9862 9865 9864
f 9864 9865 9746
f 9864 9746 9867
f 9745 9866 9746
f 9746 9866 9867
f 9741 9861 9743
f 9861 9868 9743
f 9743 9868 9869
f 9743 9869 9745
f 9745 9869 9870
f 9745 9870 9866
f 9860 9741 9871
f 9871 9741 9872
f 9871 9872 9873
f 9873 9872 9874
f 9873 9874 9875
f 9875 9874 9876
f 9876 9874 9738
f 9876 9738 9877
f 9877 9738 9878
f 9878 9738 9736
f 9878 9736 9884
f 9730 9879 9732
f 9732 9879 9880
f 9732 9880 9881
f 9881 9880 9882
f 9881 9882 9735
f 9735 9882 9883
f 9735 9883 9736
f 9736 9883 9884
f 9886 9885 9887
f 9730 9887 9888
f 9730 9888 9879
f 9889 9890 9891
f 9890 9894 9891
f 9891 9894 9895
f 9891 9895 9896
f 9895 9897 9896
f 9898 9661 9662
f 9889 9891 9899
f 9899 9891 9900
f 9899 9900 9901
f 9901 9906 9899
f 9899 9906 9907
f 9899 9907 9908
f 9908 9907 9909
f 9910 9903 9911
f 9910 9911 9912
f 9916 9917 9891
f 9891 9917 9918
f 9891 9918 9900
f 9912 9909 9919
f 9912 9919 9910
f 9920 9921 9903
f 9903 9921 9922
f 9922 9923 9903
f 9903 9923 9924
f 9903 9924 9925
f 9903 9925 9902
f 9920 9926 9927
f 9920 9927 9921
f 9928 9929 9930
f 9930 9929 9914
f 9930 9914 9931
f 9931 9914 9662
f 9905 9932 9929
f 9630 9933 9955
f 9955 9933 9934
f 9955 9934 9935
f 9818 9936 9937
f 9936 9816 9938
f 9914 9939 9662
f 9662 9939 9896
f 9662 9896 9940
f 9940 9896 9897
f 9940 9897 9941
f 9634 9948 9949
f 9948 9634 9950
f 9950 9634 9951
f 9909 9912 9908
f 9908 9912 9976
f 9905 9929 9952
f 9952 9929 9928
f 9953 9954 9905
f 9905 9954 9904
f 9937 9936 9958
f 9960 9943 9959
f 9960 9959 9961
f 9961 9959 9942
f 9949 9962 9634
f 9634 9962 9963
f 9634 9963 9964
f 9630 9955 9905
f 9905 9955 9965
f 9905 9965 9953
f 9957 9892 9956
f 9966 9956 9936
f 9966 9936 9967
f 9915 9831 9945
f 9968 9969 9945
f 9945 9969 9960
f 9960 9969 9970
f 9960 9970 9944
f 9634 9971 9972
f 9946 9947 9893
f 9893 9634 9973
f 9973 9634 9972
f 9662 9940 9974
f 9662 9974 9898
f 9951 9975 9950
f 9950 9975 9912
f 9912 9975 9976
f 9958 9977 9913
f 9913 9977 9978
f 9982 9980 9981
f 9982 9983 9984
f 9984 9985 9982
f 9982 9985 9979
f 9986 9534 9531
f 9986 9531 9532
f 9532 9528 9986
f 9986 9528 9524
f 9986 9524 9520
f 9987 9517 9519
f 9986 9520 9517
f 9987 9519 9988
f 9988 9519 9992
f 9989 9535 9534
f 9989 9534 9986
f 9989 9538 9537
f 9989 9537 9535
f 9990 9539 9989
f 9989 9539 9538
f 9996 9511 9541
f 9991 9541 9539
f 9991 9539 9990
f 9996 9512 9511
f 9516 9512 9996
f 9992 9519 9516
f 9995 9993 9994
f 9995 9994 9986
f 9995 9986 9987
f 9987 9986 9517
f 9996 9541 9991
f 9996 9991 9998
f 9998 9991 9997
f 9998 9997 10000
f 10000 9997 9999
f 10000 9999 10002
f 10002 9999 10001
f 10002 10001 10004
f 10004 10001 10003
f 10004 10003 10006
f 10006 10003 10005
f 10006 10005 10008
f 10008 10005 10007
f 10008 10007 10009
f 10010 10011 10012
f 10012 10011 10013
f 10012 10013 10014
f 10014 10013 10015
f 10015 10013 9841
f 10015 9841 10017
f 10017 10016 10018
f 10019 10020 10021
f 10023 10022 10024
f 10023 10024 10025
f 10025 10024 10026
f 10028 10027 10029
f 10031 10029 10030
f 10031 10030 10032
f 10034 10033 10035
f 10036 10035 10037
f 10039 10038 10040
f 10039 10040 10041
f 10041 10040 10042
f 10041 10042 10044
f 10044 10042 10043
f 10044 10043 10045
f 10046 10047 10048
f 10048 10047 10049
f 10048 10049 10050
f 10050 10049 10051
f 10053 10052 10055
f 10055 10054 10056
f 10059 10057 10058
f 10059 10058 10060
f 10046 10061 10047
f 10063 10062 9859
f 10065 9878 10009
f 10009 9878 9884
f 9884 9883 10009
f 10009 9883 9882
f 10009 9882 10008
f 10008 9882 9880
f 10008 9880 9879
f 9863 9864 10066
f 10066 9864 9867
f 9870 9869 10066
f 10066 9869 9868
f 10066 9868 9861
f 10066 9867 9866
f 10066 9866 9870
f 9861 9860 10066
f 10066 9860 9871
f 10066 9871 10065
f 10065 9871 9873
f 10065 9873 9875
f 9875 9876 10065
f 10065 9876 9877
f 10065 9877 9878
f 9863 10066 10064
f 9863 10064 10098
f 9814 9813 9980
f 9980 9813 10083
f 10083 9813 9811
f 10083 9811 9809
f 10067 9794 9793
f 9798 9797 10067
f 10067 9797 9796
f 10067 9796 9795
f 9793 9792 10067
f 10067 9792 9791
f 10067 9791 9798
f 9795 9802 10067
f 10067 9802 9801
f 10067 9801 10068
f 9801 9800 10068
f 10068 9800 9805
f 10068 9805 9804
f 9804 9807 10068
f 10068 9807 9806
f 10068 9806 9980
f 9980 9806 9815
f 9980 9815 9814
f 9794 10067 9993
f 9794 9993 9995
f 9879 9888 10008
f 10008 9888 9887
f 10008 9887 10069
f 10008 10069 10070
f 10008 10070 10071
f 10008 10071 10006
f 10006 10071 10072
f 10006 10072 10073
f 10006 10073 10004
f 10004 10073 10074
f 10004 10074 10075
f 10004 10075 10002
f 10002 10075 9896
f 10002 9896 10076
f 10002 10076 10000
f 10000 10076 9929
f 10000 9929 10077
f 10000 10077 9998
f 9998 10077 10078
f 9998 10078 10079
f 9998 10079 9996
f 9996 10079 10080
f 9996 10080 10081
f 9996 10081 9516
f 9516 10081 9992
f 9992 10081 9988
f 9988 10081 9987
f 9987 10081 9995
f 9995 10081 9966
f 9995 9966 9967
f 9995 9967 9789
f 9995 9789 9794
f 9809 9836 10083
f 10083 9836 9835
f 10083 9835 10082
f 10083 10082 10084
f 10084 10082 10193
f 10193 10082 10085
f 10193 10085 10086
f 10086 10085 10088
f 10088 10085 10087
f 10088 10087 10089
f 10089 10087 10090
f 10090 10087 10093
f 10093 10087 10091
f 10093 10091 10092
f 10093 10092 10094
f 10094 10092 10096
f 10096 10092 10095
f 10096 10095 10097
f 10097 10095 10098
f 10098 10095 10099
f 10098 10099 9863
f 10100 9981 10101
f 9979 10103 10104
f 10105 10106 10107
f 10107 10106 10110
f 10110 10106 10111
f 10109 10112 10108
f 10108 10112 10113
f 10108 10113 10114
f 10105 10107 10115
f 10115 10107 10116
f 10115 10116 10117
f 10117 10116 10118
f 10118 10116 10119
f 10118 10119 9986
f 9986 10119 10120
f 9986 10120 10122
f 10122 10120 10121
f 10122 10121 10124
f 10124 10123 10125
f 10124 10125 10126
f 10127 10128 10129
f 10129 10128 10130
f 10129 10130 10131
f 10131 10130 10132
f 10131 10132 10133
f 10133 10132 10134
f 10133 10134 10135
f 10135 10134 10136
f 10135 10136 10137
f 10137 10136 10138
f 10137 10138 10139
f 10139 10138 10140
f 10139 10140 10141
f 10141 10140 10142
f 10141 10142 10143
f 10143 10142 10144
f 10114 10145 10108
f 10146 10163 10148
f 10146 10148 10147
f 10150 10151 10149
f 10149 10151 10152
f 10149 10152 10153
f 10153 10152 10154
f 10156 10155 10157
f 10156 10157 10158
f 10158 10157 10159
f 10158 10159 10160
f 10160 10159 10161
f 10160 10161 10162
f 10163 10164 10165
f 10167 10166 10168
f 10169 10170 10171
f 10173 10172 10034
f 10175 10174 10176
f 10178 10179 10180
f 10181 10182 10183
f 10184 10185 10177
f 10188 10200 10186
f 10186 10187 10188
f 10186 10189 10190
f 10186 10190 10187
f 10084 10191 10083
f 10192 10084 10193
f 10194 10193 10086
f 10086 10195 10194
f 10157 10196 10197
f 10088 10258 10198
f 10195 10086 10198
f 10198 10086 10088
f 10200 10199 10157
f 10157 10199 10196
f 10188 10201 10200
f 10200 10201 10199
f 10098 10064 10202
f 10098 10202 10203
f 10098 10203 10097
f 10097 10203 10204
f 10097 10204 10096
f 10096 10204 10205
f 10096 10205 10094
f 10094 10205 10093
f 10093 10205 10206
f 10093 10206 10207
f 10093 10207 10090
f 10090 10207 10089
f 10089 10207 10208
f 10089 10208 10088
f 10088 10208 10159
f 10088 10159 10157
f 10088 10157 10197
f 10088 10197 10258
f 10191 10189 10083
f 10083 10189 10186
f 10083 10186 9980
f 10211 10210 10212
f 10213 10062 10215
f 10221 10102 10209
f 10209 10102 10214
f 10216 10217 10218
f 10220 10219 10132
f 10222 10223 10225
f 10225 10223 10224
f 10225 10224 10226
f 10227 10228 10229
f 10229 10230 10231
f 10231 10230 10232
f 10231 10232 10233
f 10233 10232 10234
f 10235 10236 10237
f 10238 10239 10240
f 10240 10239 10241
f 10240 10241 10222
f 10222 10241 10223
f 10244 10243 10245
f 10246 10247 10248
f 10250 10249 10251
f 10250 10251 10252
f 10242 10252 10253
f 10242 10253 10244
f 10194 10254 10193
f 10193 10254 10263
f 10188 10262 10201
f 10201 10262 10199
f 10262 10255 10199
f 10199 10255 10196
f 10196 10255 10256
f 10196 10256 10257
f 10196 10257 10258
f 10196 10258 10197
f 10198 10259 10260
f 10260 10195 10198
f 10195 10260 10194
f 10260 10254 10194
f 10261 10262 10188
f 10193 10263 10192
f 10192 10263 10084
f 10084 10263 10264
f 10084 10264 10191
f 10191 10264 10189
f 10187 10261 10188
f 10267 10268 10269
f 10269 10268 10270
f 10271 10272 10273
f 10273 10272 10274
f 10273 10274 10213
f 10213 10274 10275
f 10213 10275 10276
f 10276 10275 10277
f 10276 10277 10211
f 10279 10278 10280
f 10279 10280 10281
f 10281 10280 10282
f 10281 10282 10283
f 10283 10282 10284
f 10283 10284 10285
f 10286 10287 10288
f 10288 10287 10289
f 10288 10289 10290
f 10290 10289 10291
f 10290 10291 10292
f 10292 10291 10293
f 10292 10293 10294
f 10293 10295 10294
f 10294 10295 10296
f 10297 10298 10299
f 10299 10298 10300
f 10299 10300 10301
f 10302 10303 10304
f 10306 10305 10307
f 10308 10309 10310
f 10310 10309 10311
f 10265 10312 10266
f 10313 10314 10315
f 10315 10314 10316
f 10315 10316 10317
f 10317 10316 10318
f 10317 10318 10238
f 10238 10318 10319
f 10238 10319 10320
f 10320 10319 10321
f 10320 10321 10239
f 10239 10321 10322
f 10239 10322 10241
f 10241 10322 10323
f 10241 10323 10223
f 10223 10323 10324
f 10223 10324 10224
f 10224 10324 10325
f 10224 10325 10226
f 10226 10325 10326
f 10226 10326 10327
f 10327 10326 10328
f 10327 10328 10329
f 10329 10328 10330
f 10329 10330 10331
f 10331 10330 10332
f 10331 10332 10333
f 10333 10332 10334
f 10333 10334 10335
f 10335 10334 10336
f 10335 10336 10337
f 10337 10336 10338
f 10337 10338 10339
f 10339 10338 10340
f 10339 10340 10228
f 10228 10340 10341
f 10228 10341 10342
f 10342 10341 10343
f 10342 10343 10230
f 10230 10343 10344
f 10230 10344 10232
f 10232 10344 10345
f 10232 10345 10346
f 10346 10345 10347
f 10346 10347 10348
f 10348 10347 10349
f 10348 10349 10350
f 10350 10349 10351
f 10350 10351 10235
f 10235 10351 10352
f 10235 10352 10236
f 10236 10352 10353
f 10236 10353 10354
f 10354 10353 10355
f 10354 10355 10356
f 10356 10355 10357
f 10356 10357 10358
f 10358 10357 10359
f 10358 10359 10360
f 10360 10359 10361
f 10360 10361 10362
f 10362 10361 10363
f 10362 10363 10364
f 10364 10363 10365
f 10364 10365 10366
f 10366 10365 10367
f 10366 10367 10368
f 10368 10367 10369
f 10368 10369 10370
f 10370 10369 10371
f 10370 10371 10372
f 10372 10371 10373
f 10372 10373 10313
f 10313 10373 10314
f 10252 10374 10253
f 10253 10374 10375
f 10253 10375 10376
f 10376 10375 10377
f 10376 10377 10378
f 10378 10377 10379
f 10378 10379 10243
f 10243 10379 10380
f 10243 10380 10381
f 10381 10380 10382
f 10381 10382 10383
f 10383 10382 10384
f 10383 10384 10385
f 10385 10384 10386
f 10385 10386 10387
f 10387 10386 10388
f 10387 10388 10389
f 10389 10388 10390
f 10389 10390 10391
f 10391 10390 10392
f 10391 10392 10393
f 10393 10392 10394
f 10393 10394 10395
f 10395 10394 10396
f 10395 10396 10397
f 10397 10396 10398
f 10397 10398 10399
f 10399 10398 10400
f 10399 10400 10401
f 10401 10400 10402
f 10401 10402 10403
f 10403 10402 10404
f 10403 10404 10405
f 10405 10404 10406
f 10405 10406 10407
f 10407 10406 10408
f 10407 10408 10409
f 10409 10408 10410
f 10409 10410 10411
f 10411 10410 10412
f 10411 10412 10413
f 10413 10412 10414
f 10413 10414 10415
f 10415 10414 10416
f 10415 10416 10417
f 10417 10416 10418
f 10417 10418 10419
f 10419 10418 10420
f 10419 10420 10421
f 10421 10420 10422
f 10421 10422 10423
f 10423 10422 10424
f 10423 10424 10425
f 10425 10424 10426
f 10425 10426 10427
f 10427 10426 10428
f 10427 10428 10429
f 10429 10428 10430
f 10429 10430 10431
f 10431 10430 10432
f 10431 10432 10247
f 10247 10432 10433
f 10247 10433 10434
f 10434 10433 10435
f 10434 10435 10436
f 10436 10435 10437
f 10436 10437 10438
f 10438 10437 10439
f 10438 10439 10251
f 10251 10439 10440
f 10251 10440 10252
f 10252 10440 10374
f 9536 9537 10441
f 10442 9540 10454
f 10454 9540 9542
f 9537 9540 10442
f 10441 9537 10442
f 10305 9536 10441
f 9523 9527 10443
f 9527 9529 10443
f 10443 9529 9530
f 10443 9530 9533
f 10443 9533 10305
f 10305 9533 9536
f 10450 9518 9521
f 10444 9521 10443
f 10443 9521 9523
f 9515 9510 10450
f 10450 9510 9518
f 9522 9513 10445
f 10445 9513 9514
f 10445 9514 9515
f 10262 10446 10447
f 10447 10255 10262
f 10258 10257 10447
f 10447 10257 10256
f 10447 10256 10255
f 10260 10259 10448
f 10448 10259 10473
f 10473 10259 10198
f 10448 10254 10260
f 10263 10254 10449
f 10449 10254 10448
f 10300 10190 10189
f 10189 10264 10450
f 10450 10264 10449
f 10449 10264 10263
f 10451 10187 10190
f 10451 10190 10300
f 10446 10262 10451
f 10451 10262 10261
f 10451 10261 10187
f 10300 10189 10450
f 10300 10450 10452
f 10452 10450 10444
f 10444 10450 9521
f 9542 9522 10454
f 10454 9522 10445
f 10454 10445 10453
f 10454 10453 10455
f 10455 10453 10458
f 10458 10453 10456
f 10458 10456 10457
f 10458 10457 10459
f 10459 10457 10462
f 10462 10457 10460
f 10462 10460 10461
f 10462 10461 10463
f 10463 10461 10466
f 10466 10461 10464
f 10466 10464 10465
f 10466 10465 10467
f 10467 10465 10470
f 10470 10465 10468
f 10470 10468 10469
f 10470 10469 10471
f 10471 10469 10472
f 10472 10469 10473
f 10472 10473 10447
f 10447 10473 10258
f 10258 10473 10198
f 10316 10474 10318
f 10318 10474 10319
f 10319 10474 10321
f 10321 10474 10322
f 10322 10474 10323
f 10323 10474 10324
f 10324 10474 10325
f 10325 10474 10326
f 10326 10474 10475
f 10326 10475 10328
f 10328 10475 10330
f 10330 10475 10332
f 10332 10475 10334
f 10334 10475 10336
f 10336 10475 10338
f 10338 10475 10340
f 10340 10475 10341
f 10341 10475 10476
f 10341 10476 10343
f 10343 10476 10344
f 10344 10476 10345
f 10345 10476 10347
f 10347 10476 10349
f 10349 10476 10351
f 10351 10476 10352
f 10352 10476 10353
f 10353 10476 10477
f 10353 10477 10355
f 10355 10477 10357
f 10357 10477 10359
f 10359 10477 10361
f 10361 10477 10363
f 10363 10477 10365
f 10365 10477 10367
f 10367 10477 10369
f 10369 10477 10478
f 10369 10478 10371
f 10371 10478 10373
f 10373 10478 10314
f 10314 10478 10316
f 10316 10478 10474
f 10375 10479 10377
f 10377 10479 10379
f 10379 10479 10380
f 10380 10479 10382
f 10382 10479 10384
f 10384 10479 10386
f 10386 10479 10388
f 10388 10479 10390
f 10390 10479 10480
f 10390 10480 10392
f 10392 10480 10394
f 10394 10480 10396
f 10396 10480 10398
f 10398 10480 10400
f 10400 10480 10402
f 10402 10480 10404
f 10404 10480 10406
f 10406 10480 10481
f 10406 10481 10408
f 10408 10481 10410
f 10410 10481 10412
f 10412 10481 10414
f 10414 10481 10416
f 10416 10481 10418
f 10418 10481 10420
f 10420 10481 10422
f 10422 10481 10482
f 10422 10482 10424
f 10424 10482 10426
f 10426 10482 10428
f 10428 10482 10430
f 10430 10482 10432
f 10432 10482 10433
f 10433 10482 10435
f 10435 10482 10437
f 10437 10482 10483
f 10437 10483 10439
f 10439 10483 10440
f 10440 10483 10374
f 10374 10483 10375
f 10375 10483 10479
f 10461 10516 10484
f 10461 10484 10485
f 10461 10485 10464
f 10464 10485 10486
f 10464 10486 10465
f 10465 10486 10487
f 10465 10487 10488
f 10465 10488 10489
f 10465 10489 10490
f 10465 10490 10468
f 10468 10490 10491
f 10468 10491 10469
f 10469 10491 10492
f 10469 10492 10493
f 10469 10493 10494
f 10469 10494 10495
f 10469 10495 10473
f 10473 10495 10448
f 10448 10495 10496
f 10448 10496 10449
f 10449 10496 10497
f 10449 10497 10450
f 10450 10497 10498
f 10450 10498 10499
f 10450 10499 10500
f 10450 10500 10501
f 10450 10501 9515
f 9515 10501 10502
f 9515 10502 10503
f 9515 10503 10445
f 10445 10503 10504
f 10445 10504 10453
f 10453 10504 10505
f 10453 10505 10506
f 10453 10506 10507
f 10453 10507 10508
f 10453 10508 10456
f 10456 10508 10509
f 10456 10509 10457
f 10457 10509 10510
f 10457 10510 10511
f 10457 10511 10512
f 10457 10512 10513
f 10457 10513 10460
f 10460 10513 10514
f 10460 10514 10461
f 10461 10514 10515
f 10461 10515 10516
f 10518 10519 10520
f 10520 10519 10521
f 10510 10527 10528
f 10510 10528 10529
f 10571 10530 10517
f 10517 10530 10512
f 10517 10512 10528
f 10528 10512 10531
f 10528 10531 10529
f 10535 10536 10537
f 10537 10536 10520
f 10537 10520 10538
f 10538 10520 10539
f 10522 10540 10523
f 10523 10540 10505
f 10523 10505 10526
f 10520 10521 10539
f 10518 10520 10541
f 10541 10520 10542
f 10541 10542 10517
f 10517 10542 10543
f 10487 10544 10545
f 10545 10544 10546
f 10545 10546 10547
f 10535 10548 10536
f 10534 10536 10549
f 10550 10525 10551
f 10552 10553 10532
f 10553 10554 10532
f 10517 10543 10571
f 10571 10543 10555
f 10571 10555 10556
f 10557 10558 10559
f 10559 10558 10560
f 10559 10560 10546
f 10546 10560 10489
f 10546 10489 10547
f 10557 10559 10561
f 10561 10559 10562
f 10561 10562 10563
f 10533 10564 10565
f 10533 10565 10562
f 10562 10565 10492
f 10562 10492 10563
f 10521 10566 10539
f 10539 10566 10567
f 10539 10567 10568
f 10539 10568 10552
f 10569 10570 10524
f 10571 10572 10573
f 10573 10572 10569

