# Terrain mesh: forest
# Size: 100x100 vertices, resolution: 0.2m
v 0.000000 0.000000 0.000000
v 0.200000 0.000000 0.000717
v 0.400000 0.000000 0.002503
v 0.600000 0.000000 0.004813
v 0.800000 0.000000 0.007424
v 1.000000 0.000000 0.010246
v 1.200000 0.000000 0.012739
v 1.400000 0.000000 0.016402
v 1.600000 0.000000 0.022977
v 1.800000 0.000000 0.028835
v 2.000000 0.000000 0.030819
v 2.200000 0.000000 0.029961
v 2.400000 0.000000 0.028938
v 2.600000 0.000000 0.032244
v 2.800000 0.000000 0.045443
v 3.000000 0.000000 0.063009
v 3.200000 0.000000 0.079537
v 3.400000 0.000000 0.094858
v 3.600000 0.000000 0.105800
v 3.800000 0.000000 0.108671
v 4.000000 0.000000 0.103482
v 4.200000 0.000000 0.093856
v 4.400000 0.000000 0.083661
v 4.600000 0.000000 0.076713
v 4.800000 0.000000 0.073314
v 5.000000 0.000000 0.073477
v 5.200000 0.000000 0.084443
v 5.400000 0.000000 0.105731
v 5.600000 0.000000 0.132832
v 5.800000 0.000000 0.157458
v 6.000000 0.000000 0.178229
v 6.200000 0.000000 0.197651
v 6.400000 0.000000 0.219630
v 6.600000 0.000000 0.243174
v 6.800000 0.000000 0.264253
v 7.000000 0.000000 0.280513
v 7.200000 0.000000 0.291750
v 7.400000 0.000000 0.296927
v 7.600000 0.000000 0.294735
v 7.800000 0.000000 0.285522
v 8.000000 0.000000 0.271344
v 8.200000 0.000000 0.254260
v 8.400000 0.000000 0.236184
v 8.600000 0.000000 0.218942
v 8.800000 0.000000 0.205655
v 9.000000 0.000000 0.199663
v 9.200000 0.000000 0.198083
v 9.400000 0.000000 0.198666
v 9.600000 0.000000 0.202203
v 9.800000 0.000000 0.205653
v 10.000000 0.000000 0.207117
v 10.200000 0.000000 0.213856
v 10.400000 0.000000 0.226811
v 10.600000 0.000000 0.245455
v 10.800000 0.000000 0.268683
v 11.000000 0.000000 0.293806
v 11.200000 0.000000 0.317038
v 11.400000 0.000000 0.325459
v 11.600000 0.000000 0.322515
v 11.800000 0.000000 0.316813
v 12.000000 0.000000 0.310929
v 12.200000 0.000000 0.307568
v 12.400000 0.000000 0.311360
v 12.600000 0.000000 0.323964
v 12.800000 0.000000 0.342089
v 13.000000 0.000000 0.362190
v 13.200000 0.000000 0.382113
v 13.400000 0.000000 0.400235
v 13.600000 0.000000 0.414020
v 13.800000 0.000000 0.424842
v 14.000000 0.000000 0.435197
v 14.200000 0.000000 0.442669
v 14.400000 0.000000 0.444552
v 14.600000 0.000000 0.441951
v 14.800000 0.000000 0.439494
v 15.000000 0.000000 0.440953
v 15.200000 0.000000 0.443784
v 15.400000 0.000000 0.442804
v 15.600000 0.000000 0.434356
v 15.800000 0.000000 0.422067
v 16.000000 0.000000 0.409033
v 16.200000 0.000000 0.398051
v 16.400000 0.000000 0.389649
v 16.600000 0.000000 0.381581
v 16.800000 0.000000 0.371591
v 17.000000 0.000000 0.360073
v 17.200000 0.000000 0.349771
v 17.400000 0.000000 0.343403
v 17.600000 0.000000 0.342153
v 17.800000 0.000000 0.346716
v 18.000000 0.000000 0.357943
v 18.200000 0.000000 0.375150
v 18.400000 0.000000 0.393243
v 18.600000 0.000000 0.406688
v 18.800000 0.000000 0.419553
v 19.000000 0.000000 0.434710
v 19.200000 0.000000 0.451112
v 19.400000 0.000000 0.464114
v 19.600000 0.000000 0.471398
v 19.800000 0.000000 0.473669
v 0.000000 0.200000 0.021306
v 0.200000 0.200000 0.020157
v 0.400000 0.200000 0.017909
v 0.600000 0.200000 0.016362
v 0.800000 0.200000 0.016824
v 1.000000 0.200000 0.018560
v 1.200000 0.200000 0.020342
v 1.400000 0.200000 0.023355
v 1.600000 0.200000 0.029749
v 1.800000 0.200000 0.035918
v 2.000000 0.200000 0.038521
v 2.200000 0.200000 0.038077
v 2.400000 0.200000 0.037209
v 2.600000 0.200000 0.040382
v 2.800000 0.200000 0.053234
v 3.000000 0.200000 0.070499
v 3.200000 0.200000 0.086775
v 3.400000 0.200000 0.101095
v 3.600000 0.200000 0.111152
v 3.800000 0.200000 0.114274
v 4.000000 0.200000 0.110246
v 4.200000 0.200000 0.101767
v 4.400000 0.200000 0.091889
v 4.600000 0.200000 0.084818
v 4.800000 0.200000 0.081236
v 5.000000 0.200000 0.081317
v 5.200000 0.200000 0.092118
v 5.400000 0.200000 0.113113
v 5.600000 0.200000 0.139887
v 5.800000 0.200000 0.164734
v 6.000000 0.200000 0.186070
v 6.200000 0.200000 0.205730
v 6.400000 0.200000 0.226493
v 6.600000 0.200000 0.247771
v 6.800000 0.200000 0.266906
v 7.000000 0.200000 0.282055
v 7.200000 0.200000 0.292568
v 7.400000 0.200000 0.297470
v 7.600000 0.200000 0.295403
v 7.800000 0.200000 0.286601
v 8.000000 0.200000 0.273175
v 8.200000 0.200000 0.257380
v 8.400000 0.200000 0.240961
v 8.600000 0.200000 0.224797
v 8.800000 0.200000 0.211578
v 9.000000 0.200000 0.205662
v 9.200000 0.200000 0.204081
v 9.400000 0.200000 0.204412
v 9.600000 0.200000 0.207480
v 9.800000 0.200000 0.210546
v 10.000000 0.200000 0.211971
v 10.200000 0.200000 0.218841
v 10.400000 0.200000 0.231902
v 10.600000 0.200000 0.250418
v 10.800000 0.200000 0.272931
v 11.000000 0.200000 0.297250
v 11.200000 0.200000 0.320288
v 11.400000 0.200000 0.329992
v 11.600000 0.200000 0.328916
v 11.800000 0.200000 0.324415
v 12.000000 0.200000 0.319445
v 12.200000 0.200000 0.316883
v 12.400000 0.200000 0.320943
v 12.600000 0.200000 0.332255
v 12.800000 0.200000 0.348012
v 13.000000 0.200000 0.365996
v 13.200000 0.200000 0.384136
v 13.400000 0.200000 0.400542
v 13.600000 0.200000 0.413283
v 13.800000 0.200000 0.423817
v 14.000000 0.200000 0.434103
v 14.200000 0.200000 0.441549
v 14.400000 0.200000 0.443531
v 14.600000 0.200000 0.441320
v 14.800000 0.200000 0.439171
v 15.000000 0.200000 0.440399
v 15.200000 0.200000 0.442448
v 15.400000 0.200000 0.440816
v 15.600000 0.200000 0.432124
v 15.800000 0.200000 0.419251
v 16.000000 0.200000 0.405836
v 16.200000 0.200000 0.395108
v 16.400000 0.200000 0.387042
v 16.600000 0.200000 0.379562
v 16.800000 0.200000 0.370708
v 17.000000 0.200000 0.360791
v 17.200000 0.200000 0.351783
v 17.400000 0.200000 0.345754
v 17.600000 0.200000 0.344987
v 17.800000 0.200000 0.350180
v 18.000000 0.200000 0.361778
v 18.200000 0.200000 0.379578
v 18.400000 0.200000 0.398318
v 18.600000 0.200000 0.411949
v 18.800000 0.200000 0.424627
v 19.000000 0.200000 0.439472
v 19.200000 0.200000 0.455519
v 19.400000 0.200000 0.468459
v 19.600000 0.200000 0.475945
v 19.800000 0.200000 0.478355
v 0.000000 0.400000 0.074420
v 0.200000 0.400000 0.069236
v 0.400000 0.400000 0.058065
v 0.600000 0.400000 0.047477
v 0.800000 0.400000 0.042000
v 1.000000 0.400000 0.039980
v 1.200000 0.400000 0.039199
v 1.400000 0.400000 0.040403
v 1.600000 0.400000 0.046303
v 1.800000 0.400000 0.053189
v 2.000000 0.400000 0.057239
v 2.200000 0.400000 0.057852
v 2.400000 0.400000 0.057415
v 2.600000 0.400000 0.060274
v 2.800000 0.400000 0.072412
v 3.000000 0.400000 0.089095
v 3.200000 0.400000 0.104945
v 3.400000 0.400000 0.117490
v 3.600000 0.400000 0.126087
v 3.800000 0.400000 0.129998
v 4.000000 0.400000 0.128434
v 4.200000 0.400000 0.122314
v 4.400000 0.400000 0.113153
v 4.600000 0.400000 0.105906
v 4.800000 0.400000 0.101996
v 5.000000 0.400000 0.101904
v 5.200000 0.400000 0.112288
v 5.400000 0.400000 0.132544
v 5.600000 0.400000 0.158475
v 5.800000 0.400000 0.183517
v 6.000000 0.400000 0.205740
v 6.200000 0.400000 0.225739
v 6.400000 0.400000 0.243877
v 6.600000 0.400000 0.260226
v 6.800000 0.400000 0.274889
v 7.000000 0.400000 0.287163
v 7.200000 0.400000 0.295712
v 7.400000 0.400000 0.299836
v 7.600000 0.400000 0.298172
v 7.800000 0.400000 0.290601
v 8.000000 0.400000 0.279200
v 8.200000 0.400000 0.266469
v 8.400000 0.400000 0.253694
v 8.600000 0.400000 0.239826
v 8.800000 0.400000 0.226690
v 9.000000 0.400000 0.220803
v 9.200000 0.400000 0.219082
v 9.400000 0.400000 0.218787
v 9.600000 0.400000 0.220846
v 9.800000 0.400000 0.223110
v 10.000000 0.400000 0.224447
v 10.200000 0.400000 0.231531
v 10.400000 0.400000 0.244737
v 10.600000 0.400000 0.262932
v 10.800000 0.400000 0.284002
v 11.000000 0.400000 0.306700
v 11.200000 0.400000 0.329300
v 11.400000 0.400000 0.341594
v 11.600000 0.400000 0.344414
v 11.800000 0.400000 0.342637
v 12.000000 0.400000 0.339838
v 12.200000 0.400000 0.339114
v 12.400000 0.400000 0.343783
v 12.600000 0.400000 0.352290
v 12.800000 0.400000 0.362774
v 13.000000 0.400000 0.375721
v 13.200000 0.400000 0.389408
v 13.400000 0.400000 0.401618
v 13.600000 0.400000 0.411749
v 13.800000 0.400000 0.421403
v 14.000000 0.400000 0.431310
v 14.200000 0.400000 0.438531
v 14.400000 0.400000 0.440591
v 14.600000 0.400000 0.439062
v 14.800000 0.400000 0.437484
v 15.000000 0.400000 0.438280
v 15.200000 0.400000 0.438847
v 15.400000 0.400000 0.436002
v 15.600000 0.400000 0.426913
v 15.800000 0.400000 0.413065
v 16.000000 0.400000 0.399151
v 16.200000 0.400000 0.389275
v 16.400000 0.400000 0.382465
v 16.600000 0.400000 0.376860
v 16.800000 0.400000 0.370939
v 17.000000 0.400000 0.364723
v 17.200000 0.400000 0.358597
v 17.400000 0.400000 0.353300
v 17.600000 0.400000 0.353514
v 17.800000 0.400000 0.360006
v 18.000000 0.400000 0.372426
v 18.200000 0.400000 0.391454
v 18.400000 0.400000 0.411475
v 18.600000 0.400000 0.425437
v 18.800000 0.400000 0.437633
v 19.000000 0.400000 0.451687
v 19.200000 0.400000 0.466825
v 19.400000 0.400000 0.479429
v 19.600000 0.400000 0.487136
v 19.800000 0.400000 0.489748
v 0.000000 0.600000 0.143131
v 0.200000 0.600000 0.134090
v 0.400000 0.600000 0.113878
v 0.600000 0.600000 0.092857
v 0.800000 0.600000 0.078411
v 1.000000 0.600000 0.069226
v 1.200000 0.600000 0.063380
v 1.400000 0.600000 0.061831
v 1.600000 0.600000 0.066993
v 1.800000 0.600000 0.074683
v 2.000000 0.600000 0.080387
v 2.200000 0.600000 0.082426
v 2.400000 0.600000 0.082648
v 2.600000 0.600000 0.085137
v 2.800000 0.600000 0.096684
v 3.000000 0.600000 0.112986
v 3.200000 0.600000 0.128728
v 3.400000 0.600000 0.140570
v 3.600000 0.600000 0.148926
v 3.800000 0.600000 0.154218
v 4.000000 0.600000 0.154892
v 4.200000 0.600000 0.150722
v 4.400000 0.600000 0.142323
v 4.600000 0.600000 0.135141
v 4.800000 0.600000 0.131080
v 5.000000 0.600000 0.130835
v 5.200000 0.600000 0.140671
v 5.400000 0.600000 0.159952
v 5.600000 0.600000 0.184729
v 5.800000 0.600000 0.209241
v 6.000000 0.600000 0.231458
v 6.200000 0.600000 0.251329
v 6.400000 0.600000 0.266975
v 6.600000 0.600000 0.278527
v 6.800000 0.600000 0.288238
v 7.000000 0.600000 0.296561
v 7.200000 0.600000 0.302214
v 7.400000 0.600000 0.305132
v 7.600000 0.600000 0.304189
v 7.800000 0.600000 0.298660
v 8.000000 0.600000 0.290215
v 8.200000 0.600000 0.281116
v 8.400000 0.600000 0.271987
v 8.600000 0.600000 0.260221
v 8.800000 0.600000 0.247003
v 9.000000 0.600000 0.240804
v 9.200000 0.600000 0.238591
v 9.400000 0.600000 0.237504
v 9.600000 0.600000 0.238603
v 9.800000 0.600000 0.240173
v 10.000000 0.600000 0.241414
v 10.200000 0.600000 0.248535
v 10.400000 0.600000 0.261659
v 10.600000 0.600000 0.279439
v 10.800000 0.600000 0.299381
v 11.000000 0.600000 0.320835
v 11.200000 0.600000 0.342968
v 11.400000 0.600000 0.357264
v 11.600000 0.600000 0.363453
v 11.800000 0.600000 0.364606
v 12.000000 0.600000 0.364374
v 12.200000 0.600000 0.365689
v 12.400000 0.600000 0.371019
v 12.600000 0.600000 0.376810
v 12.800000 0.600000 0.381860
v 13.000000 0.600000 0.388828
v 13.200000 0.600000 0.396732
v 13.400000 0.600000 0.403690
v 13.600000 0.600000 0.410439
v 13.800000 0.600000 0.418594
v 14.000000 0.600000 0.427550
v 14.200000 0.600000 0.434128
v 14.400000 0.600000 0.435912
v 14.600000 0.600000 0.434630
v 14.800000 0.600000 0.433357
v 15.000000 0.600000 0.433911
v 15.200000 0.600000 0.433593
v 15.400000 0.600000 0.430082
v 15.600000 0.600000 0.420951
v 15.800000 0.600000 0.406902
v 16.000000 0.600000 0.393338
v 16.200000 0.600000 0.385048
v 16.400000 0.600000 0.380782
v 16.600000 0.600000 0.378508
v 16.800000 0.600000 0.376602
v 17.000000 0.600000 0.374540
v 17.200000 0.600000 0.371375
v 17.400000 0.600000 0.366778
v 17.600000 0.600000 0.367764
v 17.800000 0.600000 0.375345
v 18.000000 0.600000 0.388602
v 18.200000 0.600000 0.408662
v 18.400000 0.600000 0.429615
v 18.600000 0.600000 0.443709
v 18.800000 0.600000 0.455248
v 19.000000 0.600000 0.468242
v 19.200000 0.600000 0.482161
v 19.400000 0.600000 0.493929
v 19.600000 0.600000 0.501299
v 19.800000 0.600000 0.503850
v 0.000000 0.800000 0.216741
v 0.200000 0.800000 0.205591
v 0.400000 0.800000 0.179515
v 0.600000 0.800000 0.149571
v 0.800000 0.800000 0.124062
v 1.000000 0.800000 0.103969
v 1.200000 0.800000 0.090186
v 1.400000 0.800000 0.085058
v 1.600000 0.800000 0.089029
v 1.800000 0.800000 0.097072
v 2.000000 0.800000 0.103794
v 2.200000 0.800000 0.106673
v 2.400000 0.800000 0.107154
v 2.600000 0.800000 0.108985
v 2.800000 0.800000 0.119333
v 3.000000 0.800000 0.134812
v 3.200000 0.800000 0.151259
v 3.400000 0.800000 0.166244
v 3.600000 0.800000 0.178312
v 3.800000 0.800000 0.185847
v 4.000000 0.800000 0.187140
v 4.200000 0.800000 0.183043
v 4.400000 0.800000 0.175133
v 4.600000 0.800000 0.168467
v 4.800000 0.800000 0.164660
v 5.000000 0.800000 0.164300
v 5.200000 0.800000 0.172478
v 5.400000 0.800000 0.189280
v 5.600000 0.800000 0.212231
v 5.800000 0.800000 0.235780
v 6.000000 0.800000 0.257389
v 6.200000 0.800000 0.276814
v 6.400000 0.800000 0.291832
v 6.600000 0.800000 0.301854
v 6.800000 0.800000 0.308361
v 7.000000 0.800000 0.311870
v 7.200000 0.800000 0.313051
v 7.400000 0.800000 0.313803
v 7.600000 0.800000 0.314382
v 7.800000 0.800000 0.312768
v 8.000000 0.800000 0.308627
v 8.200000 0.800000 0.302354
v 8.400000 0.800000 0.294312
v 8.600000 0.800000 0.282592
v 8.800000 0.800000 0.268887
v 9.000000 0.800000 0.261654
v 9.200000 0.800000 0.258311
v 9.400000 0.800000 0.256512
v 9.600000 0.800000 0.257523
v 9.800000 0.800000 0.259250
v 10.000000 0.800000 0.260392
v 10.200000 0.800000 0.266666
v 10.400000 0.800000 0.278761
v 10.600000 0.800000 0.295930
v 10.800000 0.800000 0.315336
v 11.000000 0.800000 0.336232
v 11.200000 0.800000 0.357980
v 11.400000 0.800000 0.373715
v 11.600000 0.800000 0.382611
v 11.800000 0.800000 0.386435
v 12.000000 0.800000 0.388414
v 12.200000 0.800000 0.391281
v 12.400000 0.800000 0.397091
v 12.600000 0.800000 0.401568
v 12.800000 0.800000 0.403306
v 13.000000 0.800000 0.405096
v 13.200000 0.800000 0.406365
v 13.400000 0.800000 0.406878
v 13.600000 0.800000 0.409356
v 13.800000 0.800000 0.415299
v 14.000000 0.800000 0.422338
v 14.200000 0.800000 0.427544
v 14.400000 0.800000 0.429005
v 14.600000 0.800000 0.428418
v 14.800000 0.800000 0.427846
v 15.000000 0.800000 0.428341
v 15.200000 0.800000 0.427621
v 15.400000 0.800000 0.423953
v 15.600000 0.800000 0.415396
v 15.800000 0.800000 0.402580
v 16.000000 0.800000 0.390726
v 16.200000 0.800000 0.384607
v 16.400000 0.800000 0.383481
v 16.600000 0.800000 0.385115
v 16.800000 0.800000 0.387572
v 17.000000 0.800000 0.389622
v 17.200000 0.800000 0.389233
v 17.400000 0.800000 0.385247
v 17.600000 0.800000 0.386663
v 17.800000 0.800000 0.394919
v 18.000000 0.800000 0.408752
v 18.200000 0.800000 0.428162
v 18.400000 0.800000 0.447846
v 18.600000 0.800000 0.461233
v 18.800000 0.800000 0.472808
v 19.000000 0.800000 0.485780
v 19.200000 0.800000 0.498908
v 19.400000 0.800000 0.510134
v 19.600000 0.800000 0.517712
v 19.800000 0.800000 0.520493
v 0.000000 1.000000 0.291656
v 0.200000 1.000000 0.279508
v 0.400000 1.000000 0.249844
v 0.600000 1.000000 0.212838
v 0.800000 1.000000 0.176422
v 1.000000 1.000000 0.144353
v 1.200000 1.000000 0.121452
v 1.400000 1.000000 0.111929
v 1.600000 1.000000 0.113569
v 1.800000 1.000000 0.120616
v 2.000000 1.000000 0.126829
v 2.200000 1.000000 0.128930
v 2.400000 1.000000 0.128580
v 2.600000 1.000000 0.129301
v 2.800000 1.000000 0.137427
v 3.000000 1.000000 0.151284
v 3.200000 1.000000 0.169141
v 3.400000 1.000000 0.190480
v 3.600000 1.000000 0.209491
v 3.800000 1.000000 0.219971
v 4.000000 1.000000 0.220988
v 4.200000 1.000000 0.215970
v 4.400000 1.000000 0.208555
v 4.600000 1.000000 0.202802
v 4.800000 1.000000 0.199557
v 5.000000 1.000000 0.199077
v 5.200000 1.000000 0.204299
v 5.400000 1.000000 0.216911
v 5.600000 1.000000 0.237444
v 5.800000 1.000000 0.260505
v 6.000000 1.000000 0.282129
v 6.200000 1.000000 0.301365
v 6.400000 1.000000 0.317364
v 6.600000 1.000000 0.328829
v 6.800000 1.000000 0.334211
v 7.000000 1.000000 0.332905
v 7.200000 1.000000 0.328688
v 7.400000 1.000000 0.326608
v 7.600000 1.000000 0.329337
v 7.800000 1.000000 0.332987
v 8.000000 1.000000 0.333785
v 8.200000 1.000000 0.328992
v 8.400000 1.000000 0.319427
v 8.600000 1.000000 0.305819
v 8.800000 1.000000 0.291325
v 9.000000 1.000000 0.282616
v 9.200000 1.000000 0.277795
v 9.400000 1.000000 0.275478
v 9.600000 1.000000 0.277207
v 9.800000 1.000000 0.279837
v 10.000000 1.000000 0.280865
v 10.200000 1.000000 0.285467
v 10.400000 1.000000 0.295657
v 10.600000 1.000000 0.311985
v 10.800000 1.000000 0.330803
v 11.000000 1.000000 0.351074
v 11.200000 1.000000 0.372414
v 11.400000 1.000000 0.390080
v 11.600000 1.000000 0.402187
v 11.800000 1.000000 0.408437
v 12.000000 1.000000 0.411904
v 12.200000 1.000000 0.415691
v 12.400000 1.000000 0.421771
v 12.600000 1.000000 0.425992
v 12.800000 1.000000 0.426210
v 13.000000 1.000000 0.424066
v 13.200000 1.000000 0.418485
v 13.400000 1.000000 0.411511
v 13.600000 1.000000 0.408879
v 13.800000 1.000000 0.412051
v 14.000000 1.000000 0.416339
v 14.200000 1.000000 0.419484
v 14.400000 1.000000 0.420802
v 14.600000 1.000000 0.422017
v 14.800000 1.000000 0.423039
v 15.000000 1.000000 0.423400
v 15.200000 1.000000 0.421915
v 15.400000 1.000000 0.417960
v 15.600000 1.000000 0.410471
v 15.800000 1.000000 0.399728
v 16.000000 1.000000 0.390333
v 16.200000 1.000000 0.386576
v 16.400000 1.000000 0.388030
v 16.600000 1.000000 0.392818
v 16.800000 1.000000 0.399270
v 17.000000 1.000000 0.405554
v 17.200000 1.000000 0.408204
v 17.400000 1.000000 0.404910
v 17.600000 1.000000 0.406786
v 17.800000 1.000000 0.415696
v 18.000000 1.000000 0.429858
v 18.200000 1.000000 0.446967
v 18.400000 1.000000 0.463319
v 18.600000 1.000000 0.475243
v 18.800000 1.000000 0.487829
v 19.000000 1.000000 0.502271
v 19.200000 1.000000 0.515392
v 19.400000 1.000000 0.527076
v 19.600000 1.000000 0.536361
v 19.800000 1.000000 0.540145
v 0.000000 1.200000 0.359586
v 0.200000 1.200000 0.346789
v 0.400000 1.200000 0.314678
v 0.600000 1.200000 0.272676
v 0.800000 1.200000 0.228324
v 1.000000 1.200000 0.187137
v 1.200000 1.200000 0.156492
v 1.400000 1.200000 0.141863
v 1.600000 1.200000 0.139520
v 1.800000 1.200000 0.143455
v 2.000000 1.200000 0.147086
v 2.200000 1.200000 0.146861
v 2.400000 1.200000 0.144831
v 2.600000 1.200000 0.144479
v 2.800000 1.200000 0.151200
v 3.000000 1.200000 0.164370
v 3.200000 1.200000 0.183845
v 3.400000 1.200000 0.210335
v 3.600000 1.200000 0.234953
v 3.800000 1.200000 0.248289
v 4.000000 1.200000 0.249991
v 4.200000 1.200000 0.245205
v 4.400000 1.200000 0.238901
v 4.600000 1.200000 0.234377
v 4.800000 1.200000 0.231864
v 5.000000 1.200000 0.231328
v 5.200000 1.200000 0.234471
v 5.400000 1.200000 0.244175
v 5.600000 1.200000 0.263017
v 5.800000 1.200000 0.285691
v 6.000000 1.200000 0.307235
v 6.200000 1.200000 0.326195
v 6.400000 1.200000 0.342907
v 6.600000 1.200000 0.355703
v 6.800000 1.200000 0.360829
v 7.000000 1.200000 0.356784
v 7.200000 1.200000 0.349356
v 7.400000 1.200000 0.345624
v 7.600000 1.200000 0.349789
v 7.800000 1.200000 0.356701
v 8.000000 1.200000 0.360347
v 8.200000 1.200000 0.355966
v 8.400000 1.200000 0.344816
v 8.600000 1.200000 0.329560
v 8.800000 1.200000 0.314406
v 9.000000 1.200000 0.304622
v 9.200000 1.200000 0.298756
v 9.400000 1.200000 0.296074
v 9.600000 1.200000 0.298300
v 9.800000 1.200000 0.301556
v 10.000000 1.200000 0.302500
v 10.200000 1.200000 0.305896
v 10.400000 1.200000 0.314670
v 10.600000 1.200000 0.330272
v 10.800000 1.200000 0.348504
v 11.000000 1.200000 0.368143
v 11.200000 1.200000 0.388970
v 11.400000 1.200000 0.407546
v 11.600000 1.200000 0.421293
v 11.800000 1.200000 0.428599
v 12.000000 1.200000 0.432536
v 12.200000 1.200000 0.436567
v 12.400000 1.200000 0.442710
v 12.600000 1.200000 0.446809
v 12.800000 1.200000 0.446052
v 13.000000 1.200000 0.441206
v 13.200000 1.200000 0.430761
v 13.400000 1.200000 0.418237
v 13.600000 1.200000 0.411349
v 13.800000 1.200000 0.411626
v 14.000000 1.200000 0.413026
v 14.200000 1.200000 0.413834
v 14.400000 1.200000 0.414286
v 14.600000 1.200000 0.416198
v 14.800000 1.200000 0.418084
v 15.000000 1.200000 0.418492
v 15.200000 1.200000 0.416941
v 15.400000 1.200000 0.413491
v 15.600000 1.200000 0.407597
v 15.800000 1.200000 0.399223
v 16.000000 1.200000 0.392464
v 16.200000 1.200000 0.391174
v 16.400000 1.200000 0.394999
v 16.600000 1.200000 0.402331
v 16.800000 1.200000 0.411736
v 17.000000 1.200000 0.421017
v 17.200000 1.200000 0.425778
v 17.400000 1.200000 0.422955
v 17.600000 1.200000 0.425053
v 17.800000 1.200000 0.434235
v 18.000000 1.200000 0.448397
v 18.200000 1.200000 0.463688
v 18.400000 1.200000 0.477538
v 18.600000 1.200000 0.488298
v 18.800000 1.200000 0.501507
v 19.000000 1.200000 0.516960
v 19.200000 1.200000 0.530126
v 19.400000 1.200000 0.542195
v 19.600000 1.200000 0.552712
v 19.800000 1.200000 0.557211
v 0.000000 1.400000 0.415883
v 0.200000 1.400000 0.403488
v 0.400000 1.400000 0.371582
v 0.600000 1.400000 0.328080
v 0.800000 1.400000 0.280057
v 1.000000 1.400000 0.234161
v 1.200000 1.400000 0.198184
v 1.400000 1.400000 0.177658
v 1.600000 1.400000 0.168825
v 1.800000 1.400000 0.166530
v 2.000000 1.400000 0.164965
v 2.200000 1.400000 0.160850
v 2.400000 1.400000 0.156442
v 2.600000 1.400000 0.155319
v 2.800000 1.400000 0.162392
v 3.000000 1.400000 0.176655
v 3.200000 1.400000 0.197448
v 3.400000 1.400000 0.224780
v 3.600000 1.400000 0.250502
v 3.800000 1.400000 0.265943
v 4.000000 1.400000 0.269983
v 4.200000 1.400000 0.267280
v 4.400000 1.400000 0.262528
v 4.600000 1.400000 0.258893
v 4.800000 1.400000 0.256708
v 5.000000 1.400000 0.256083
v 5.200000 1.400000 0.259234
v 5.400000 1.400000 0.268771
v 5.600000 1.400000 0.286720
v 5.800000 1.400000 0.308729
v 6.000000 1.400000 0.330101
v 6.200000 1.400000 0.348773
v 6.400000 1.400000 0.365103
v 6.600000 1.400000 0.378047
v 6.800000 1.400000 0.384283
v 7.000000 1.400000 0.382081
v 7.200000 1.400000 0.376310
v 7.400000 1.400000 0.373542
v 7.600000 1.400000 0.377455
v 7.800000 1.400000 0.383137
v 8.000000 1.400000 0.385398
v 8.200000 1.400000 0.380294
v 8.400000 1.400000 0.369128
v 8.600000 1.400000 0.353931
v 8.800000 1.400000 0.338601
v 9.000000 1.400000 0.328905
v 9.200000 1.400000 0.323121
v 9.400000 1.400000 0.320188
v 9.600000 1.400000 0.321861
v 9.800000 1.400000 0.324649
v 10.000000 1.400000 0.325426
v 10.200000 1.400000 0.328152
v 10.400000 1.400000 0.335716
v 10.600000 1.400000 0.349693
v 10.800000 1.400000 0.366059
v 11.000000 1.400000 0.384088
v 11.200000 1.400000 0.404054
v 11.400000 1.400000 0.422187
v 11.600000 1.400000 0.435681
v 11.800000 1.400000 0.442879
v 12.000000 1.400000 0.446724
v 12.200000 1.400000 0.450670
v 12.400000 1.400000 0.456778
v 12.600000 1.400000 0.460443
v 12.800000 1.400000 0.458876
v 13.000000 1.400000 0.453283
v 13.200000 1.400000 0.442695
v 13.400000 1.400000 0.429987
v 13.600000 1.400000 0.421594
v 13.800000 1.400000 0.419008
v 14.000000 1.400000 0.417377
v 14.200000 1.400000 0.415128
v 14.400000 1.400000 0.412697
v 14.600000 1.400000 0.412372
v 14.800000 1.400000 0.413192
v 15.000000 1.400000 0.413880
v 15.200000 1.400000 0.413451
v 15.400000 1.400000 0.412114
v 15.600000 1.400000 0.409480
v 15.800000 1.400000 0.405051
v 16.000000 1.400000 0.401936
v 16.200000 1.400000 0.403230
v 16.400000 1.400000 0.409054
v 16.600000 1.400000 0.417758
v 16.800000 1.400000 0.427709
v 17.000000 1.400000 0.436646
v 17.200000 1.400000 0.440828
v 17.400000 1.400000 0.437901
v 17.600000 1.400000 0.440352
v 17.800000 1.400000 0.449785
v 18.000000 1.400000 0.463563
v 18.200000 1.400000 0.477942
v 18.400000 1.400000 0.490834
v 18.600000 1.400000 0.500988
v 18.800000 1.400000 0.513333
v 19.000000 1.400000 0.527835
v 19.200000 1.400000 0.540734
v 19.400000 1.400000 0.552784
v 19.600000 1.400000 0.563094
v 19.800000 1.400000 0.567463
v 0.000000 1.600000 0.466645
v 0.200000 1.600000 0.456896
v 0.400000 1.600000 0.429903
v 0.600000 1.600000 0.389053
v 0.800000 1.600000 0.339635
v 1.000000 1.600000 0.290599
v 1.200000 1.600000 0.250053
v 1.400000 1.600000 0.223017
v 1.600000 1.600000 0.205410
v 1.800000 1.600000 0.194095
v 2.000000 1.600000 0.185076
v 2.200000 1.600000 0.175544
v 2.400000 1.600000 0.167985
v 2.600000 1.600000 0.166073
v 2.800000 1.600000 0.173923
v 3.000000 1.600000 0.189676
v 3.200000 1.600000 0.211402
v 3.400000 1.600000 0.237363
v 3.600000 1.600000 0.261891
v 3.800000 1.600000 0.278813
v 4.000000 1.600000 0.285070
v 4.200000 1.600000 0.284138
v 4.400000 1.600000 0.280138
v 4.600000 1.600000 0.276261
v 4.800000 1.600000 0.273453
v 5.000000 1.600000 0.272475
v 5.200000 1.600000 0.276075
v 5.400000 1.600000 0.285615
v 5.600000 1.600000 0.301541
v 5.800000 1.600000 0.322121
v 6.000000 1.600000 0.343519
v 6.200000 1.600000 0.362162
v 6.400000 1.600000 0.378669
v 6.600000 1.600000 0.393656
v 6.800000 1.600000 0.404805
v 7.000000 1.600000 0.409504
v 7.200000 1.600000 0.409628
v 7.400000 1.600000 0.409863
v 7.600000 1.600000 0.412490
v 7.800000 1.600000 0.414057
v 8.000000 1.600000 0.411867
v 8.200000 1.600000 0.404449
v 8.400000 1.600000 0.393272
v 8.600000 1.600000 0.378604
v 8.800000 1.600000 0.363410
v 9.000000 1.600000 0.354656
v 9.200000 1.600000 0.349772
v 9.400000 1.600000 0.346720
v 9.600000 1.600000 0.347270
v 9.800000 1.600000 0.348976
v 10.000000 1.600000 0.349319
v 10.200000 1.600000 0.350211
v 10.400000 1.600000 0.354485
v 10.600000 1.600000 0.364090
v 10.800000 1.600000 0.375646
v 11.000000 1.600000 0.389890
v 11.200000 1.600000 0.408504
v 11.400000 1.600000 0.426494
v 11.600000 1.600000 0.440320
v 11.800000 1.600000 0.448215
v 12.000000 1.600000 0.452659
v 12.200000 1.600000 0.456940
v 12.400000 1.600000 0.463143
v 12.600000 1.600000 0.466903
v 12.800000 1.600000 0.466150
v 13.000000 1.600000 0.462870
v 13.200000 1.600000 0.457124
v 13.400000 1.600000 0.449455
v 13.600000 1.600000 0.442229
v 13.800000 1.600000 0.436530
v 14.000000 1.600000 0.430776
v 14.200000 1.600000 0.423631
v 14.400000 1.600000 0.415895
v 14.600000 1.600000 0.411013
v 14.800000 1.600000 0.409462
v 15.000000 1.600000 0.410528
v 15.200000 1.600000 0.412031
v 15.400000 1.600000 0.414563
v 15.600000 1.600000 0.418134
v 15.800000 1.600000 0.421073
v 16.000000 1.600000 0.423926
v 16.200000 1.600000 0.427827
v 16.400000 1.600000 0.434350
v 16.600000 1.600000 0.442091
v 16.800000 1.600000 0.449277
v 17.000000 1.600000 0.453897
v 17.200000 1.600000 0.454459
v 17.400000 1.600000 0.450844
v 17.600000 1.600000 0.454262
v 17.800000 1.600000 0.464461
v 18.000000 1.600000 0.477432
v 18.200000 1.600000 0.489856
v 18.400000 1.600000 0.500857
v 18.600000 1.600000 0.510081
v 18.800000 1.600000 0.520819
v 19.000000 1.600000 0.533556
v 19.200000 1.600000 0.546602
v 19.400000 1.600000 0.559326
v 19.600000 1.600000 0.569501
v 19.800000 1.600000 0.573663
v 0.000000 1.800000 0.516708
v 0.200000 1.800000 0.509466
v 0.400000 1.800000 0.487420
v 0.600000 1.800000 0.450090
v 0.800000 1.800000 0.400997
v 1.000000 1.800000 0.350449
v 1.200000 1.800000 0.306393
v 1.400000 1.800000 0.273114
v 1.600000 1.800000 0.246487
v 1.800000 1.800000 0.225413
v 2.000000 1.800000 0.207782
v 2.200000 1.800000 0.191643
v 2.400000 1.800000 0.180157
v 2.600000 1.800000 0.177265
v 2.800000 1.800000 0.185602
v 3.000000 1.800000 0.202523
v 3.200000 1.800000 0.225079
v 3.400000 1.800000 0.250162
v 3.600000 1.800000 0.273954
v 3.800000 1.800000 0.292120
v 4.000000 1.800000 0.299872
v 4.200000 1.800000 0.299845
v 4.400000 1.800000 0.295852
v 4.600000 1.800000 0.291230
v 4.800000 1.800000 0.287520
v 5.000000 1.800000 0.286064
v 5.200000 1.800000 0.289210
v 5.400000 1.800000 0.297301
v 5.600000 1.800000 0.309931
v 5.800000 1.800000 0.327730
v 6.000000 1.800000 0.347880
v 6.200000 1.800000 0.366016
v 6.400000 1.800000 0.384065
v 6.600000 1.800000 0.403946
v 6.800000 1.800000 0.423171
v 7.000000 1.800000 0.437517
v 7.200000 1.800000 0.445634
v 7.400000 1.800000 0.449829
v 7.600000 1.800000 0.451123
v 7.800000 1.800000 0.448223
v 8.000000 1.800000 0.440778
v 8.200000 1.800000 0.429629
v 8.400000 1.800000 0.416801
v 8.600000 1.800000 0.401639
v 8.800000 1.800000 0.386515
v 9.000000 1.800000 0.378587
v 9.200000 1.800000 0.374547
v 9.400000 1.800000 0.371574
v 9.600000 1.800000 0.371415
v 9.800000 1.800000 0.372384
v 10.000000 1.800000 0.372209
v 10.200000 1.800000 0.370307
v 10.400000 1.800000 0.369797
v 10.600000 1.800000 0.373458
v 10.800000 1.800000 0.378941
v 11.000000 1.800000 0.388644
v 11.200000 1.800000 0.405805
v 11.400000 1.800000 0.423965
v 11.600000 1.800000 0.438629
v 11.800000 1.800000 0.447780
v 12.000000 1.800000 0.453386
v 12.200000 1.800000 0.458444
v 12.400000 1.800000 0.464911
v 12.600000 1.800000 0.469873
v 12.800000 1.800000 0.472160
v 13.000000 1.800000 0.473671
v 13.200000 1.800000 0.474570
v 13.400000 1.800000 0.472938
v 13.600000 1.800000 0.467345
v 13.800000 1.800000 0.458380
v 14.000000 1.800000 0.447633
v 14.200000 1.800000 0.434423
v 14.400000 1.800000 0.420299
v 14.600000 1.800000 0.410064
v 14.800000 1.800000 0.405763
v 15.000000 1.800000 0.407577
v 15.200000 1.800000 0.412347
v 15.400000 1.800000 0.420416
v 15.600000 1.800000 0.431547
v 15.800000 1.800000 0.442618
v 16.000000 1.800000 0.451668
v 16.200000 1.800000 0.457779
v 16.400000 1.800000 0.463542
v 16.600000 1.800000 0.468299
v 16.800000 1.800000 0.470753
v 17.000000 1.800000 0.469681
v 17.200000 1.800000 0.465892
v 17.400000 1.800000 0.461409
v 17.600000 1.800000 0.465226
v 17.800000 1.800000 0.475403
v 18.000000 1.800000 0.487032
v 18.200000 1.800000 0.497271
v 18.400000 1.800000 0.506318
v 18.600000 1.800000 0.514659
v 18.800000 1.800000 0.524554
v 19.000000 1.800000 0.536776
v 19.200000 1.800000 0.550986
v 19.400000 1.800000 0.565263
v 19.600000 1.800000 0.576128
v 19.800000 1.800000 0.580446
v 0.000000 2.000000 0.568288
v 0.200000 2.000000 0.561613
v 0.400000 2.000000 0.540965
v 0.600000 2.000000 0.505415
v 0.800000 2.000000 0.457860
v 1.000000 2.000000 0.407546
v 1.200000 2.000000 0.361373
v 1.400000 2.000000 0.322542
v 1.600000 2.000000 0.287471
v 1.800000 2.000000 0.257029
v 2.000000 2.000000 0.231008
v 2.200000 2.000000 0.208506
v 2.400000 2.000000 0.193234
v 2.600000 2.000000 0.189371
v 2.800000 2.000000 0.198297
v 3.000000 2.000000 0.216360
v 3.200000 2.000000 0.239836
v 3.400000 2.000000 0.265873
v 3.600000 2.000000 0.290759
v 3.800000 2.000000 0.310049
v 4.000000 2.000000 0.318115
v 4.200000 2.000000 0.317744
v 4.400000 2.000000 0.313129
v 4.600000 2.000000 0.307888
v 4.800000 2.000000 0.303659
v 5.000000 2.000000 0.301761
v 5.200000 2.000000 0.302747
v 5.400000 2.000000 0.307048
v 5.600000 2.000000 0.315300
v 5.800000 2.000000 0.328679
v 6.000000 2.000000 0.345249
v 6.200000 2.000000 0.361853
v 6.400000 2.000000 0.383160
v 6.600000 2.000000 0.410943
v 6.800000 2.000000 0.440283
v 7.000000 2.000000 0.465068
v 7.200000 2.000000 0.481942
v 7.400000 2.000000 0.490494
v 7.600000 2.000000 0.490548
v 7.800000 2.000000 0.483345
v 8.000000 2.000000 0.470666
v 8.200000 2.000000 0.454897
v 8.400000 2.000000 0.438281
v 8.600000 2.000000 0.421014
v 8.800000 2.000000 0.405723
v 9.000000 2.000000 0.398026
v 9.200000 2.000000 0.394326
v 9.400000 2.000000 0.391515
v 9.600000 2.000000 0.391004
v 9.800000 2.000000 0.391551
v 10.000000 2.000000 0.390963
v 10.200000 2.000000 0.386548
v 10.400000 2.000000 0.381460
v 10.600000 2.000000 0.379107
v 10.800000 2.000000 0.379179
v 11.000000 2.000000 0.385249
v 11.200000 2.000000 0.401254
v 11.400000 2.000000 0.419150
v 11.600000 2.000000 0.434102
v 11.800000 2.000000 0.444432
v 12.000000 2.000000 0.451187
v 12.200000 2.000000 0.456886
v 12.400000 2.000000 0.463583
v 12.600000 2.000000 0.471581
v 12.800000 2.000000 0.479960
v 13.000000 2.000000 0.488242
v 13.200000 2.000000 0.495032
v 13.400000 2.000000 0.497369
v 13.600000 2.000000 0.492349
v 13.800000 2.000000 0.480105
v 14.000000 2.000000 0.463811
v 14.200000 2.000000 0.444121
v 14.400000 2.000000 0.423451
v 14.600000 2.000000 0.407452
v 14.800000 2.000000 0.400101
v 15.000000 2.000000 0.403272
v 15.200000 2.000000 0.413192
v 15.400000 2.000000 0.428372
v 15.600000 2.000000 0.446938
v 15.800000 2.000000 0.464830
v 16.000000 2.000000 0.478748
v 16.200000 2.000000 0.486332
v 16.400000 2.000000 0.489767
v 16.600000 2.000000 0.489886
v 16.800000 2.000000 0.487046
v 17.000000 2.000000 0.481563
v 17.200000 2.000000 0.475062
v 17.400000 2.000000 0.469960
v 17.600000 2.000000 0.472569
v 17.800000 2.000000 0.480803
v 18.000000 2.000000 0.490535
v 18.200000 2.000000 0.499596
v 18.400000 2.000000 0.508051
v 18.600000 2.000000 0.516107
v 18.800000 2.000000 0.526600
v 19.000000 2.000000 0.540410
v 19.200000 2.000000 0.556847
v 19.400000 2.000000 0.573181
v 19.600000 2.000000 0.585399
v 19.800000 2.000000 0.590205
v 0.000000 2.200000 0.615071
v 0.200000 2.200000 0.607960
v 0.400000 2.200000 0.586802
v 0.600000 2.200000 0.551859
v 0.800000 2.200000 0.506193
v 1.000000 2.200000 0.457110
v 1.200000 2.200000 0.409951
v 1.400000 2.200000 0.366067
v 1.600000 2.200000 0.322350
v 1.800000 2.200000 0.282834
v 2.000000 2.200000 0.250285
v 2.200000 2.200000 0.224213
v 2.400000 2.200000 0.207155
v 2.600000 2.200000 0.202870
v 2.800000 2.200000 0.213861
v 3.000000 2.200000 0.234256
v 3.200000 2.200000 0.258376
v 3.400000 2.200000 0.284868
v 3.600000 2.200000 0.310314
v 3.800000 2.200000 0.330049
v 4.000000 2.200000 0.337488
v 4.200000 2.200000 0.335918
v 4.400000 2.200000 0.330327
v 4.600000 2.200000 0.324705
v 4.800000 2.200000 0.320364
v 5.000000 2.200000 0.318128
v 5.200000 2.200000 0.316515
v 5.400000 2.200000 0.316608
v 5.600000 2.200000 0.320752
v 5.800000 2.200000 0.329510
v 6.000000 2.200000 0.341717
v 6.200000 2.200000 0.356442
v 6.400000 2.200000 0.381277
v 6.600000 2.200000 0.417024
v 6.800000 2.200000 0.455678
v 7.000000 2.200000 0.490110
v 7.200000 2.200000 0.515915
v 7.400000 2.200000 0.529132
v 7.600000 2.200000 0.527067
v 7.800000 2.200000 0.513582
v 8.000000 2.200000 0.494623
v 8.200000 2.200000 0.474898
v 8.400000 2.200000 0.455019
v 8.600000 2.200000 0.435950
v 8.800000 2.200000 0.420635
v 9.000000 2.200000 0.413325
v 9.200000 2.200000 0.410079
v 9.400000 2.200000 0.407191
v 9.600000 2.200000 0.405137
v 9.800000 2.200000 0.404117
v 10.000000 2.200000 0.403294
v 10.200000 2.200000 0.398639
v 10.400000 2.200000 0.391663
v 10.600000 2.200000 0.384828
v 10.800000 2.200000 0.381431
v 11.000000 2.200000 0.385703
v 11.200000 2.200000 0.401010
v 11.400000 2.200000 0.417160
v 11.600000 2.200000 0.430413
v 11.800000 2.200000 0.441058
v 12.000000 2.200000 0.448053
v 12.200000 2.200000 0.453241
v 12.400000 2.200000 0.459718
v 12.600000 2.200000 0.472049
v 12.800000 2.200000 0.488401
v 13.000000 2.200000 0.503946
v 13.200000 2.200000 0.515545
v 13.400000 2.200000 0.520762
v 13.600000 2.200000 0.516071
v 13.800000 2.200000 0.501041
v 14.000000 2.200000 0.479715
v 14.200000 2.200000 0.454383
v 14.400000 2.200000 0.427550
v 14.600000 2.200000 0.404776
v 14.800000 2.200000 0.393425
v 15.000000 2.200000 0.398220
v 15.200000 2.200000 0.414083
v 15.400000 2.200000 0.436519
v 15.600000 2.200000 0.461329
v 15.800000 2.200000 0.484668
v 16.000000 2.200000 0.502374
v 16.200000 2.200000 0.510805
v 16.400000 2.200000 0.511182
v 16.600000 2.200000 0.506312
v 16.800000 2.200000 0.498931
v 17.000000 2.200000 0.491294
v 17.200000 2.200000 0.484264
v 17.400000 2.200000 0.478960
v 17.600000 2.200000 0.479381
v 17.800000 2.200000 0.484593
v 18.000000 2.200000 0.492418
v 18.200000 2.200000 0.501994
v 18.400000 2.200000 0.511916
v 18.600000 2.200000 0.520489
v 18.800000 2.200000 0.531499
v 19.000000 2.200000 0.546650
v 19.200000 2.200000 0.564982
v 19.400000 2.200000 0.582586
v 19.600000 2.200000 0.595146
v 19.800000 2.200000 0.599937
v 0.000000 2.400000 0.652898
v 0.200000 2.400000 0.645206
v 0.400000 2.400000 0.623106
v 0.600000 2.400000 0.588063
v 0.800000 2.400000 0.543471
v 1.000000 2.400000 0.495198
v 1.200000 2.400000 0.447462
v 1.400000 2.400000 0.400219
v 1.600000 2.400000 0.350627
v 1.800000 2.400000 0.305100
v 2.000000 2.400000 0.268626
v 2.200000 2.400000 0.240769
v 2.400000 2.400000 0.222785
v 2.600000 2.400000 0.217962
v 2.800000 2.400000 0.230271
v 3.000000 2.400000 0.252064
v 3.200000 2.400000 0.276057
v 3.400000 2.400000 0.302205
v 3.600000 2.400000 0.327379
v 3.800000 2.400000 0.346791
v 4.000000 2.400000 0.353198
v 4.200000 2.400000 0.350300
v 4.400000 2.400000 0.343704
v 4.600000 2.400000 0.337669
v 4.800000 2.400000 0.333179
v 5.000000 2.400000 0.330618
v 5.200000 2.400000 0.327162
v 5.400000 2.400000 0.324455
v 5.600000 2.400000 0.326081
v 5.800000 2.400000 0.331890
v 6.000000 2.400000 0.341164
v 6.200000 2.400000 0.354652
v 6.400000 2.400000 0.381808
v 6.600000 2.400000 0.422591
v 6.800000 2.400000 0.466891
v 7.000000 2.400000 0.507223
v 7.200000 2.400000 0.538798
v 7.400000 2.400000 0.555158
v 7.600000 2.400000 0.551599
v 7.800000 2.400000 0.533649
v 8.000000 2.400000 0.510531
v 8.200000 2.400000 0.488672
v 8.400000 2.400000 0.467078
v 8.600000 2.400000 0.447123
v 8.800000 2.400000 0.431950
v 9.000000 2.400000 0.425041
v 9.200000 2.400000 0.422210
v 9.400000 2.400000 0.419259
v 9.600000 2.400000 0.415890
v 9.800000 2.400000 0.413535
v 10.000000 2.400000 0.412622
v 10.200000 2.400000 0.408536
v 10.400000 2.400000 0.401224
v 10.600000 2.400000 0.392058
v 10.800000 2.400000 0.387084
v 11.000000 2.400000 0.390790
v 11.200000 2.400000 0.405800
v 11.400000 2.400000 0.420391
v 11.600000 2.400000 0.431958
v 11.800000 2.400000 0.442533
v 12.000000 2.400000 0.449399
v 12.200000 2.400000 0.453910
v 12.400000 2.400000 0.460121
v 12.600000 2.400000 0.475569
v 12.800000 2.400000 0.497495
v 13.000000 2.400000 0.517751
v 13.200000 2.400000 0.532083
v 13.400000 2.400000 0.538849
v 13.600000 2.400000 0.534354
v 13.800000 2.400000 0.517778
v 14.000000 2.400000 0.493515
v 14.200000 2.400000 0.464969
v 14.400000 2.400000 0.434448
v 14.600000 2.400000 0.407169
v 14.800000 2.400000 0.393081
v 15.000000 2.400000 0.399049
v 15.200000 2.400000 0.418937
v 15.400000 2.400000 0.446016
v 15.600000 2.400000 0.474437
v 15.800000 2.400000 0.500850
v 16.000000 2.400000 0.520674
v 16.200000 2.400000 0.529498
v 16.400000 2.400000 0.527789
v 16.600000 2.400000 0.519740
v 16.800000 2.400000 0.509783
v 17.000000 2.400000 0.501509
v 17.200000 2.400000 0.494829
v 17.400000 2.400000 0.489545
v 17.600000 2.400000 0.488332
v 17.800000 2.400000 0.491357
v 18.000000 2.400000 0.498003
v 18.200000 2.400000 0.508431
v 18.400000 2.400000 0.519912
v 18.600000 2.400000 0.529059
v 18.800000 2.400000 0.540342
v 19.000000 2.400000 0.556213
v 19.200000 2.400000 0.575610
v 19.400000 2.400000 0.593750
v 19.600000 2.400000 0.606187
v 19.800000 2.400000 0.610803
v 0.000000 2.600000 0.677064
v 0.200000 2.600000 0.669532
v 0.400000 2.600000 0.647884
v 0.600000 2.600000 0.613541
v 0.800000 2.600000 0.570035
v 1.000000 2.600000 0.522918
v 1.200000 2.600000 0.475491
v 1.400000 2.600000 0.427340
v 1.600000 2.600000 0.376424
v 1.800000 2.600000 0.329420
v 2.000000 2.600000 0.291468
v 2.200000 2.600000 0.262087
v 2.400000 2.600000 0.242683
v 2.600000 2.600000 0.236591
v 2.800000 2.600000 0.247484
v 3.000000 2.600000 0.267754
v 3.200000 2.600000 0.290163
v 3.400000 2.600000 0.314646
v 3.600000 2.600000 0.338273
v 3.800000 2.600000 0.356498
v 4.000000 2.600000 0.362202
v 4.200000 2.600000 0.358776
v 4.400000 2.600000 0.351463
v 4.600000 2.600000 0.344309
v 4.800000 2.600000 0.338724
v 5.000000 2.600000 0.335610
v 5.200000 2.600000 0.332344
v 5.400000 2.600000 0.330078
v 5.600000 2.600000 0.331823
v 5.800000 2.600000 0.337244
v 6.000000 2.600000 0.346033
v 6.200000 2.600000 0.359363
v 6.400000 2.600000 0.386224
v 6.600000 2.600000 0.426384
v 6.800000 2.600000 0.470282
v 7.000000 2.600000 0.510740
v 7.200000 2.600000 0.542729
v 7.400000 2.600000 0.559523
v 7.600000 2.600000 0.556449
v 7.800000 2.600000 0.539186
v 8.000000 2.600000 0.516612
v 8.200000 2.600000 0.494864
v 8.400000 2.600000 0.473101
v 8.600000 2.600000 0.453049
v 8.800000 2.600000 0.438092
v 9.000000 2.600000 0.431481
v 9.200000 2.600000 0.428858
v 9.400000 2.600000 0.425835
v 9.600000 2.600000 0.422051
v 9.800000 2.600000 0.419301
v 10.000000 2.600000 0.418378
v 10.200000 2.600000 0.414645
v 10.400000 2.600000 0.407755
v 10.600000 2.600000 0.398788
v 10.800000 2.600000 0.393702
v 11.000000 2.600000 0.397160
v 11.200000 2.600000 0.412007
v 11.400000 2.600000 0.427013
v 11.600000 2.600000 0.439320
v 11.800000 2.600000 0.450511
v 12.000000 2.600000 0.457887
v 12.200000 2.600000 0.462806
v 12.400000 2.600000 0.469185
v 12.600000 2.600000 0.484698
v 12.800000 2.600000 0.506710
v 13.000000 2.600000 0.527052
v 13.200000 2.600000 0.541675
v 13.400000 2.600000 0.548979
v 13.600000 2.600000 0.545044
v 13.800000 2.600000 0.528436
v 14.000000 2.600000 0.503540
v 14.200000 2.600000 0.474667
v 14.400000 2.600000 0.444605
v 14.600000 2.600000 0.418004
v 14.800000 2.600000 0.404456
v 15.000000 2.600000 0.410752
v 15.200000 2.600000 0.431087
v 15.400000 2.600000 0.458432
v 15.600000 2.600000 0.486812
v 15.800000 2.600000 0.513303
v 16.000000 2.600000 0.533226
v 16.200000 2.600000 0.541966
v 16.400000 2.600000 0.539856
v 16.600000 2.600000 0.531518
v 16.800000 2.600000 0.521725
v 17.000000 2.600000 0.513485
v 17.200000 2.600000 0.506740
v 17.400000 2.600000 0.501525
v 17.600000 2.600000 0.500830
v 17.800000 2.600000 0.504502
v 18.000000 2.600000 0.511501
v 18.200000 2.600000 0.522148
v 18.400000 2.600000 0.533804
v 18.600000 2.600000 0.543030
v 18.800000 2.600000 0.554581
v 19.000000 2.600000 0.570793
v 19.200000 2.600000 0.590239
v 19.400000 2.600000 0.607922
v 19.600000 2.600000 0.619739
v 19.800000 2.600000 0.624044
v 0.000000 2.800000 0.685680
v 0.200000 2.800000 0.679626
v 0.400000 2.800000 0.661763
v 0.600000 2.800000 0.632535
v 0.800000 2.800000 0.595619
v 1.000000 2.800000 0.555638
v 1.200000 2.800000 0.512376
v 1.400000 2.800000 0.464440
v 1.600000 2.800000 0.413204
v 1.800000 2.800000 0.365407
v 2.000000 2.800000 0.325857
v 2.200000 2.800000 0.293900
v 2.400000 2.800000 0.272130
v 2.600000 2.800000 0.264234
v 2.800000 2.800000 0.271771
v 3.000000 2.800000 0.288066
v 3.200000 2.800000 0.306806
v 3.400000 2.800000 0.327296
v 3.600000 2.800000 0.347315
v 3.800000 2.800000 0.363367
v 4.000000 2.800000 0.369062
v 4.200000 2.800000 0.366300
v 4.400000 2.800000 0.358501
v 4.600000 2.800000 0.348694
v 4.800000 2.800000 0.340109
v 5.000000 2.800000 0.335918
v 5.200000 2.800000 0.334984
v 5.400000 2.800000 0.336273
v 5.600000 2.800000 0.339919
v 5.800000 2.800000 0.345177
v 6.000000 2.800000 0.353211
v 6.200000 2.800000 0.366204
v 6.400000 2.800000 0.390338
v 6.600000 2.800000 0.424955
v 6.800000 2.800000 0.463742
v 7.000000 2.800000 0.501045
v 7.200000 2.800000 0.531109
v 7.400000 2.800000 0.547319
v 7.600000 2.800000 0.545982
v 7.800000 2.800000 0.532540
v 8.000000 2.800000 0.513043
v 8.200000 2.800000 0.491709
v 8.400000 2.800000 0.469052
v 8.600000 2.800000 0.448081
v 8.800000 2.800000 0.433075
v 9.000000 2.800000 0.426668
v 9.200000 2.800000 0.423949
v 9.400000 2.800000 0.420021
v 9.600000 2.800000 0.414655
v 9.800000 2.800000 0.410625
v 10.000000 2.800000 0.409684
v 10.200000 2.800000 0.407250
v 10.400000 2.800000 0.402389
v 10.600000 2.800000 0.395414
v 10.800000 2.800000 0.390665
v 11.000000 2.800000 0.393338
v 11.200000 2.800000 0.407483
v 11.400000 2.800000 0.424863
v 11.600000 2.800000 0.441133
v 11.800000 2.800000 0.455177
v 12.000000 2.800000 0.464990
v 12.200000 2.800000 0.472070
v 12.400000 2.800000 0.479246
v 12.600000 2.800000 0.493520
v 12.800000 2.800000 0.513276
v 13.000000 2.800000 0.531757
v 13.200000 2.800000 0.546277
v 13.400000 2.800000 0.555085
v 13.600000 2.800000 0.553460
v 13.800000 2.800000 0.537563
v 14.000000 2.800000 0.511445
v 14.200000 2.800000 0.482612
v 14.400000 2.800000 0.455876
v 14.600000 2.800000 0.433713
v 14.800000 2.800000 0.423110
v 15.000000 2.800000 0.429612
v 15.200000 2.800000 0.449267
v 15.400000 2.800000 0.474861
v 15.600000 2.800000 0.500673
v 15.800000 2.800000 0.525370
v 16.000000 2.800000 0.544102
v 16.200000 2.800000 0.551830
v 16.400000 2.800000 0.548713
v 16.600000 2.800000 0.540468
v 16.800000 2.800000 0.532447
v 17.000000 2.800000 0.524625
v 17.200000 2.800000 0.517431
v 17.400000 2.800000 0.512377
v 17.600000 2.800000 0.514474
v 17.800000 2.800000 0.521785
v 18.000000 2.800000 0.530833
v 18.200000 2.800000 0.542101
v 18.400000 2.800000 0.553857
v 18.600000 2.800000 0.563157
v 18.800000 2.800000 0.575603
v 19.000000 2.800000 0.592747
v 19.200000 2.800000 0.611757
v 19.400000 2.800000 0.627177
v 19.600000 2.800000 0.636400
v 19.800000 2.800000 0.639465
v 0.000000 3.000000 0.685797
v 0.200000 3.000000 0.682129
v 0.400000 3.000000 0.670361
v 0.600000 3.000000 0.649347
v 0.800000 3.000000 0.622207
v 1.000000 3.000000 0.592014
v 1.200000 3.000000 0.554606
v 1.400000 3.000000 0.507601
v 1.600000 3.000000 0.456472
v 1.800000 3.000000 0.408113
v 2.000000 3.000000 0.367089
v 2.200000 3.000000 0.332659
v 2.400000 3.000000 0.308584
v 2.600000 3.000000 0.298777
v 2.800000 3.000000 0.302341
v 3.000000 3.000000 0.313619
v 3.200000 3.000000 0.327375
v 3.400000 3.000000 0.342550
v 3.600000 3.000000 0.357803
v 3.800000 3.000000 0.370809
v 4.000000 3.000000 0.375811
v 4.200000 3.000000 0.373242
v 4.400000 3.000000 0.364768
v 4.600000 3.000000 0.352407
v 4.800000 3.000000 0.341009
v 5.000000 3.000000 0.335796
v 5.200000 3.000000 0.337194
v 5.400000 3.000000 0.342151
v 5.600000 3.000000 0.348032
v 5.800000 3.000000 0.353607
v 6.000000 3.000000 0.361301
v 6.200000 3.000000 0.374128
v 6.400000 3.000000 0.395002
v 6.600000 3.000000 0.422746
v 6.800000 3.000000 0.454546
v 7.000000 3.000000 0.486656
v 7.200000 3.000000 0.513137
v 7.400000 3.000000 0.527971
v 7.600000 3.000000 0.528311
v 7.800000 3.000000 0.518641
v 8.000000 3.000000 0.502295
v 8.200000 3.000000 0.481616
v 8.400000 3.000000 0.458290
v 8.600000 3.000000 0.436414
v 8.800000 3.000000 0.421039
v 9.000000 3.000000 0.414299
v 9.200000 3.000000 0.410875
v 9.400000 3.000000 0.405495
v 9.600000 3.000000 0.398157
v 9.800000 3.000000 0.392638
v 10.000000 3.000000 0.391741
v 10.200000 3.000000 0.391205
v 10.400000 3.000000 0.389310
v 10.600000 3.000000 0.385342
v 10.800000 3.000000 0.381826
v 11.000000 3.000000 0.384136
v 11.200000 3.000000 0.397222
v 11.400000 3.000000 0.416827
v 11.600000 3.000000 0.437432
v 11.800000 3.000000 0.455124
v 12.000000 3.000000 0.468250
v 12.200000 3.000000 0.478146
v 12.400000 3.000000 0.486341
v 12.600000 3.000000 0.499182
v 12.800000 3.000000 0.516300
v 13.000000 3.000000 0.532532
v 13.200000 3.000000 0.546740
v 13.400000 3.000000 0.557322
v 13.600000 3.000000 0.559100
v 13.800000 3.000000 0.545805
v 14.000000 3.000000 0.520561
v 14.200000 3.000000 0.493667
v 14.400000 3.000000 0.471643
v 14.600000 3.000000 0.454784
v 14.800000 3.000000 0.447494
v 15.000000 3.000000 0.453938
v 15.200000 3.000000 0.471822
v 15.400000 3.000000 0.494074
v 15.600000 3.000000 0.515539
v 15.800000 3.000000 0.536685
v 16.000000 3.000000 0.552833
v 16.200000 3.000000 0.558910
v 16.400000 3.000000 0.555116
v 16.600000 3.000000 0.547877
v 16.800000 3.000000 0.542734
v 17.000000 3.000000 0.536509
v 17.200000 3.000000 0.529734
v 17.400000 3.000000 0.525047
v 17.600000 3.000000 0.530113
v 17.800000 3.000000 0.541460
v 18.000000 3.000000 0.553194
v 18.200000 3.000000 0.565793
v 18.400000 3.000000 0.578205
v 18.600000 3.000000 0.587790
v 18.800000 3.000000 0.600820
v 19.000000 3.000000 0.618239
v 19.200000 3.000000 0.636088
v 19.400000 3.000000 0.648657
v 19.600000 3.000000 0.654896
v 19.800000 3.000000 0.656581
v 0.000000 3.200000 0.684642
v 0.200000 3.200000 0.683734
v 0.400000 3.200000 0.679009
v 0.600000 3.200000 0.667467
v 0.800000 3.200000 0.650440
v 1.000000 3.200000 0.629030
v 1.200000 3.200000 0.596876
v 1.400000 3.200000 0.551231
v 1.600000 3.200000 0.500367
v 1.800000 3.200000 0.451586
v 2.000000 3.200000 0.409862
v 2.200000 3.200000 0.374741
v 2.400000 3.200000 0.349797
v 2.600000 3.200000 0.338320
v 2.800000 3.200000 0.338133
v 3.000000 3.200000 0.344353
v 3.200000 3.200000 0.352620
v 3.400000 3.200000 0.362319
v 3.600000 3.200000 0.372672
v 3.800000 3.200000 0.381871
v 4.000000 3.200000 0.383907
v 4.200000 3.200000 0.379161
v 4.400000 3.200000 0.369331
v 4.600000 3.200000 0.356064
v 4.800000 3.200000 0.344029
v 5.000000 3.200000 0.338413
v 5.200000 3.200000 0.340339
v 5.400000 3.200000 0.346563
v 5.600000 3.200000 0.353832
v 5.800000 3.200000 0.360581
v 6.000000 3.200000 0.369137
v 6.200000 3.200000 0.382364
v 6.400000 3.200000 0.401264
v 6.600000 3.200000 0.424218
v 6.800000 3.200000 0.449817
v 7.000000 3.200000 0.475651
v 7.200000 3.200000 0.497161
v 7.400000 3.200000 0.509811
v 7.600000 3.200000 0.510903
v 7.800000 3.200000 0.502884
v 8.000000 3.200000 0.488163
v 8.200000 3.200000 0.468441
v 8.400000 3.200000 0.445530
v 8.600000 3.200000 0.423525
v 8.800000 3.200000 0.407370
v 9.000000 3.200000 0.399142
v 9.200000 3.200000 0.393957
v 9.400000 3.200000 0.386909
v 9.600000 3.200000 0.378046
v 9.800000 3.200000 0.371551
v 10.000000 3.200000 0.370844
v 10.200000 3.200000 0.372546
v 10.400000 3.200000 0.374002
v 10.600000 3.200000 0.373333
v 10.800000 3.200000 0.372099
v 11.000000 3.200000 0.375068
v 11.200000 3.200000 0.386875
v 11.400000 3.200000 0.406450
v 11.600000 3.200000 0.428810
v 11.800000 3.200000 0.449316
v 12.000000 3.200000 0.465676
v 12.200000 3.200000 0.478229
v 12.400000 3.200000 0.487389
v 12.600000 3.200000 0.499576
v 12.800000 3.200000 0.515377
v 13.000000 3.200000 0.530299
v 13.200000 3.200000 0.544010
v 13.400000 3.200000 0.555794
v 13.600000 3.200000 0.561294
v 13.800000 3.200000 0.553633
v 14.000000 3.200000 0.534174
v 14.200000 3.200000 0.512796
v 14.400000 3.200000 0.495745
v 14.600000 3.200000 0.482886
v 14.800000 3.200000 0.477761
v 15.000000 3.200000 0.483619
v 15.200000 3.200000 0.498202
v 15.400000 3.200000 0.515538
v 15.600000 3.200000 0.531441
v 15.800000 3.200000 0.547029
v 16.000000 3.200000 0.558792
v 16.200000 3.200000 0.562963
v 16.400000 3.200000 0.560350
v 16.600000 3.200000 0.556158
v 16.800000 3.200000 0.554625
v 17.000000 3.200000 0.551766
v 17.200000 3.200000 0.547288
v 17.400000 3.200000 0.543216
v 17.600000 3.200000 0.549242
v 17.800000 3.200000 0.562309
v 18.000000 3.200000 0.576215
v 18.200000 3.200000 0.590551
v 18.400000 3.200000 0.604026
v 18.600000 3.200000 0.614043
v 18.800000 3.200000 0.626786
v 19.000000 3.200000 0.643125
v 19.200000 3.200000 0.659092
v 19.400000 3.200000 0.669454
v 19.600000 3.200000 0.673932
v 19.800000 3.200000 0.674898
v 0.000000 3.400000 0.686759
v 0.200000 3.400000 0.688233
v 0.400000 3.400000 0.689723
v 0.600000 3.400000 0.686828
v 0.800000 3.400000 0.678959
v 1.000000 3.400000 0.665149
v 1.200000 3.400000 0.637754
v 1.400000 3.400000 0.593657
v 1.600000 3.400000 0.542867
v 1.800000 3.400000 0.493657
v 2.000000 3.400000 0.452585
v 2.200000 3.400000 0.420026
v 2.400000 3.400000 0.396850
v 2.600000 3.400000 0.383841
v 2.800000 3.400000 0.379232
v 3.000000 3.400000 0.379741
v 3.200000 3.400000 0.382471
v 3.400000 3.400000 0.387143
v 3.600000 3.400000 0.392928
v 3.800000 3.400000 0.397714
v 4.000000 3.400000 0.394041
v 4.200000 3.400000 0.384097
v 4.400000 3.400000 0.371847
v 4.600000 3.400000 0.358473
v 4.800000 3.400000 0.347026
v 5.000000 3.400000 0.341387
v 5.200000 3.400000 0.343184
v 5.400000 3.400000 0.349751
v 5.600000 3.400000 0.357942
v 5.800000 3.400000 0.365896
v 6.000000 3.400000 0.375474
v 6.200000 3.400000 0.389189
v 6.400000 3.400000 0.407532
v 6.600000 3.400000 0.428287
v 6.800000 3.400000 0.449521
v 7.000000 3.400000 0.469245
v 7.200000 3.400000 0.485246
v 7.400000 3.400000 0.495256
v 7.600000 3.400000 0.497342
v 7.800000 3.400000 0.491575
v 8.000000 3.400000 0.478778
v 8.200000 3.400000 0.459733
v 8.400000 3.400000 0.436953
v 8.600000 3.400000 0.414584
v 8.800000 3.400000 0.397091
v 9.000000 3.400000 0.385889
v 9.200000 3.400000 0.377693
v 9.400000 3.400000 0.368817
v 9.600000 3.400000 0.358381
v 9.800000 3.400000 0.350860
v 10.000000 3.400000 0.350480
v 10.200000 3.400000 0.355184
v 10.400000 3.400000 0.360547
v 10.600000 3.400000 0.362637
v 10.800000 3.400000 0.362706
v 11.000000 3.400000 0.365454
v 11.200000 3.400000 0.375329
v 11.400000 3.400000 0.392410
v 11.600000 3.400000 0.413399
v 11.800000 3.400000 0.435142
v 12.000000 3.400000 0.454734
v 12.200000 3.400000 0.470424
v 12.400000 3.400000 0.480829
v 12.600000 3.400000 0.493679
v 12.800000 3.400000 0.510501
v 13.000000 3.400000 0.526042
v 13.200000 3.400000 0.539941
v 13.400000 3.400000 0.553052
v 13.600000 3.400000 0.562709
v 13.800000 3.400000 0.562873
v 14.000000 3.400000 0.552716
v 14.200000 3.400000 0.539337
v 14.400000 3.400000 0.527816
v 14.600000 3.400000 0.519230
v 14.800000 3.400000 0.516368
v 15.000000 3.400000 0.521151
v 15.200000 3.400000 0.530935
v 15.400000 3.400000 0.542178
v 15.600000 3.400000 0.551975
v 15.800000 3.400000 0.559999
v 16.000000 3.400000 0.565392
v 16.200000 3.400000 0.567609
v 16.400000 3.400000 0.568559
v 16.600000 3.400000 0.569594
v 16.800000 3.400000 0.571507
v 17.000000 3.400000 0.572231
v 17.200000 3.400000 0.570628
v 17.400000 3.400000 0.567087
v 17.600000 3.400000 0.571671
v 17.800000 3.400000 0.583554
v 18.000000 3.400000 0.598510
v 18.200000 3.400000 0.613070
v 18.400000 3.400000 0.625747
v 18.600000 3.400000 0.635569
v 18.800000 3.400000 0.648859
v 19.000000 3.400000 0.665373
v 19.200000 3.400000 0.680205
v 19.400000 3.400000 0.689067
v 19.600000 3.400000 0.692695
v 19.800000 3.400000 0.693393
v 0.000000 3.600000 0.696940
v 0.200000 3.600000 0.700026
v 0.400000 3.600000 0.705803
v 0.600000 3.600000 0.709052
v 0.800000 3.600000 0.707833
v 1.000000 3.600000 0.699682
v 1.200000 3.600000 0.676250
v 1.400000 3.600000 0.634068
v 1.600000 3.600000 0.583962
v 1.800000 3.600000 0.535048
v 2.000000 3.600000 0.495371
v 2.200000 3.600000 0.466024
v 2.400000 3.600000 0.445013
v 2.600000 3.600000 0.430620
v 2.800000 3.600000 0.421968
v 3.000000 3.600000 0.417307
v 3.200000 3.600000 0.415075
v 3.400000 3.600000 0.415180
v 3.600000 3.600000 0.416591
v 3.800000 3.600000 0.416751
v 4.000000 3.600000 0.406830
v 4.200000 3.600000 0.390983
v 4.400000 3.600000 0.375604
v 4.600000 3.600000 0.361520
v 4.800000 3.600000 0.350260
v 5.000000 3.600000 0.344478
v 5.200000 3.600000 0.345943
v 5.400000 3.600000 0.352479
v 5.600000 3.600000 0.361142
v 5.800000 3.600000 0.369867
v 6.000000 3.600000 0.380138
v 6.200000 3.600000 0.394210
v 6.400000 3.600000 0.412687
v 6.600000 3.600000 0.432861
v 6.800000 3.600000 0.451799
v 7.000000 3.600000 0.467467
v 7.200000 3.600000 0.479561
v 7.400000 3.600000 0.487647
v 7.600000 3.600000 0.490588
v 7.800000 3.600000 0.486703
v 8.000000 3.600000 0.475314
v 8.200000 3.600000 0.456382
v 8.400000 3.600000 0.433230
v 8.600000 3.600000 0.410165
v 8.800000 3.600000 0.391246
v 9.000000 3.600000 0.377161
v 9.200000 3.600000 0.366170
v 9.400000 3.600000 0.355751
v 9.600000 3.600000 0.344001
v 9.800000 3.600000 0.335618
v 10.000000 3.600000 0.335466
v 10.200000 3.600000 0.342307
v 10.400000 3.600000 0.350148
v 10.600000 3.600000 0.353317
v 10.800000 3.600000 0.353100
v 11.000000 3.600000 0.354470
v 11.200000 3.600000 0.361937
v 11.400000 3.600000 0.375645
v 11.600000 3.600000 0.393854
v 11.800000 3.600000 0.415241
v 12.000000 3.600000 0.436604
v 12.200000 3.600000 0.454394
v 12.400000 3.600000 0.465726
v 12.600000 3.600000 0.479972
v 12.800000 3.600000 0.499399
v 13.000000 3.600000 0.517593
v 13.200000 3.600000 0.533773
v 13.400000 3.600000 0.549996
v 13.600000 3.600000 0.564922
v 13.800000 3.600000 0.573438
v 14.000000 3.600000 0.572963
v 14.200000 3.600000 0.567815
v 14.400000 3.600000 0.561934
v 14.600000 3.600000 0.557668
v 14.800000 3.600000 0.557082
v 15.000000 3.600000 0.560976
v 15.200000 3.600000 0.566640
v 15.400000 3.600000 0.572765
v 15.600000 3.600000 0.577485
v 15.800000 3.600000 0.578749
v 16.000000 3.600000 0.578130
v 16.200000 3.600000 0.578062
v 16.400000 3.600000 0.581434
v 16.600000 3.600000 0.586032
v 16.800000 3.600000 0.589530
v 17.000000 3.600000 0.592195
v 17.200000 3.600000 0.592408
v 17.400000 3.600000 0.589164
v 17.600000 3.600000 0.591968
v 17.800000 3.600000 0.602084
v 18.000000 3.600000 0.617441
v 18.200000 3.600000 0.631607
v 18.400000 3.600000 0.643041
v 18.600000 3.600000 0.652565
v 18.800000 3.600000 0.666748
v 19.000000 3.600000 0.684093
v 19.200000 3.600000 0.698578
v 19.400000 3.600000 0.706700
v 19.600000 3.600000 0.710060
v 19.800000 3.600000 0.710721
v 0.000000 3.800000 0.719571
v 0.200000 3.800000 0.723165
v 0.400000 3.800000 0.730381
v 0.600000 3.800000 0.735866
v 0.800000 3.800000 0.737319
v 1.000000 3.800000 0.731855
v 1.200000 3.800000 0.711059
v 1.400000 3.800000 0.671448
v 1.600000 3.800000 0.623765
v 1.800000 3.800000 0.576853
v 2.000000 3.800000 0.538558
v 2.200000 3.800000 0.509936
v 2.400000 3.800000 0.488796
v 2.600000 3.800000 0.473114
v 2.800000 3.800000 0.461758
v 3.000000 3.800000 0.453429
v 3.200000 3.800000 0.447035
v 3.400000 3.800000 0.442703
v 3.600000 3.800000 0.439591
v 3.800000 3.800000 0.435312
v 4.000000 3.800000 0.421088
v 4.200000 3.800000 0.401387
v 4.400000 3.800000 0.382960
v 4.600000 3.800000 0.366776
v 4.800000 3.800000 0.354239
v 5.000000 3.800000 0.347854
v 5.200000 3.800000 0.349095
v 5.400000 3.800000 0.355668
v 5.600000 3.800000 0.364600
v 5.800000 3.800000 0.373890
v 6.000000 3.800000 0.384788
v 6.200000 3.800000 0.399190
v 6.400000 3.800000 0.417686
v 6.600000 3.800000 0.437711
v 6.800000 3.800000 0.456291
v 7.000000 3.800000 0.471451
v 7.200000 3.800000 0.483115
v 7.400000 3.800000 0.491049
v 7.600000 3.800000 0.493904
v 7.800000 3.800000 0.489557
v 8.000000 3.800000 0.477549
v 8.200000 3.800000 0.458016
v 8.400000 3.800000 0.434231
v 8.600000 3.800000 0.410399
v 8.800000 3.800000 0.390399
v 9.000000 3.800000 0.374880
v 9.200000 3.800000 0.362589
v 9.400000 3.800000 0.351450
v 9.600000 3.800000 0.339477
v 9.800000 3.800000 0.331105
v 10.000000 3.800000 0.330888
v 10.200000 3.800000 0.337134
v 10.400000 3.800000 0.343843
v 10.600000 3.800000 0.345404
v 10.800000 3.800000 0.343161
v 11.000000 3.800000 0.342181
v 11.200000 3.800000 0.347076
v 11.400000 3.800000 0.358275
v 11.600000 3.800000 0.374242
v 11.800000 3.800000 0.393813
v 12.000000 3.800000 0.414062
v 12.200000 3.800000 0.431380
v 12.400000 3.800000 0.442707
v 12.600000 3.800000 0.458232
v 12.800000 3.800000 0.480638
v 13.000000 3.800000 0.503292
v 13.200000 3.800000 0.524971
v 13.400000 3.800000 0.547419
v 13.600000 3.800000 0.569230
v 13.800000 3.800000 0.585322
v 14.000000 3.800000 0.592581
v 14.200000 3.800000 0.594319
v 14.400000 3.800000 0.593832
v 14.600000 3.800000 0.593442
v 14.800000 3.800000 0.594818
v 15.000000 3.800000 0.598449
v 15.200000 3.800000 0.602107
v 15.400000 3.800000 0.605363
v 15.600000 3.800000 0.606998
v 15.800000 3.800000 0.604846
v 16.000000 3.800000 0.600848
v 16.200000 3.800000 0.597879
v 16.400000 3.800000 0.599031
v 16.600000 3.800000 0.601813
v 16.800000 3.800000 0.603704
v 17.000000 3.800000 0.605475
v 17.200000 3.800000 0.605410
v 17.400000 3.800000 0.602188
v 17.600000 3.800000 0.604668
v 17.800000 3.800000 0.614487
v 18.000000 3.800000 0.630141
v 18.200000 3.800000 0.644929
v 18.400000 3.800000 0.656968
v 18.600000 3.800000 0.666917
v 18.800000 3.800000 0.681220
v 19.000000 3.800000 0.698460
v 19.200000 3.800000 0.712741
v 19.400000 3.800000 0.720739
v 19.600000 3.800000 0.724076
v 19.800000 3.800000 0.724745
v 0.000000 4.000000 0.750934
v 0.200000 4.000000 0.753994
v 0.400000 4.000000 0.760175
v 0.600000 4.000000 0.764982
v 0.800000 4.000000 0.766091
v 1.000000 4.000000 0.760406
v 1.200000 4.000000 0.740661
v 1.400000 4.000000 0.704576
v 1.600000 4.000000 0.662169
v 1.800000 4.000000 0.619859
v 2.000000 4.000000 0.582606
v 2.200000 4.000000 0.550911
v 2.400000 4.000000 0.526241
v 2.600000 4.000000 0.508800
v 2.800000 4.000000 0.493950
v 3.000000 4.000000 0.480585
v 3.200000 4.000000 0.468254
v 3.400000 4.000000 0.457614
v 3.600000 4.000000 0.448704
v 3.800000 4.000000 0.440281
v 4.000000 4.000000 0.425046
v 4.200000 4.000000 0.405721
v 4.400000 4.000000 0.386966
v 4.600000 4.000000 0.370252
v 4.800000 4.000000 0.357314
v 5.000000 4.000000 0.350566
v 5.200000 4.000000 0.352589
v 5.400000 4.000000 0.361092
v 5.600000 4.000000 0.372529
v 5.800000 4.000000 0.385574
v 6.000000 4.000000 0.400317
v 6.200000 4.000000 0.416362
v 6.400000 4.000000 0.433914
v 6.600000 4.000000 0.452279
v 6.800000 4.000000 0.469967
v 7.000000 4.000000 0.485772
v 7.200000 4.000000 0.498675
v 7.400000 4.000000 0.507415
v 7.600000 4.000000 0.508443
v 7.800000 4.000000 0.499442
v 8.000000 4.000000 0.483501
v 8.200000 4.000000 0.463005
v 8.400000 4.000000 0.439353
v 8.600000 4.000000 0.415501
v 8.800000 4.000000 0.394386
v 9.000000 4.000000 0.377207
v 9.200000 4.000000 0.363686
v 9.400000 4.000000 0.353009
v 9.600000 4.000000 0.343860
v 9.800000 4.000000 0.338200
v 10.000000 4.000000 0.337897
v 10.200000 4.000000 0.340654
v 10.400000 4.000000 0.342760
v 10.600000 4.000000 0.340865
v 10.800000 4.000000 0.335921
v 11.000000 4.000000 0.332446
v 11.200000 4.000000 0.334984
v 11.400000 4.000000 0.345564
v 11.600000 4.000000 0.361172
v 11.800000 4.000000 0.378297
v 12.000000 4.000000 0.395697
v 12.200000 4.000000 0.411284
v 12.400000 4.000000 0.422182
v 12.600000 4.000000 0.437684
v 12.800000 4.000000 0.461338
v 13.000000 4.000000 0.488535
v 13.200000 4.000000 0.517364
v 13.400000 4.000000 0.547391
v 13.600000 4.000000 0.576615
v 13.800000 4.000000 0.600600
v 14.000000 4.000000 0.616692
v 14.200000 4.000000 0.626773
v 14.400000 4.000000 0.632853
v 14.600000 4.000000 0.636839
v 14.800000 4.000000 0.640290
v 15.000000 4.000000 0.642866
v 15.200000 4.000000 0.641734
v 15.400000 4.000000 0.638723
v 15.600000 4.000000 0.635183
v 15.800000 4.000000 0.630148
v 16.000000 4.000000 0.624014
v 16.200000 4.000000 0.617761
v 16.400000 4.000000 0.613540
v 16.600000 4.000000 0.611215
v 16.800000 4.000000 0.610564
v 17.000000 4.000000 0.611583
v 17.200000 4.000000 0.611577
v 17.400000 4.000000 0.608472
v 17.600000 4.000000 0.610537
v 17.800000 4.000000 0.619939
v 18.000000 4.000000 0.636054
v 18.200000 4.000000 0.654673
v 18.400000 4.000000 0.671529
v 18.600000 4.000000 0.683401
v 18.800000 4.000000 0.695391
v 19.000000 4.000000 0.708654
v 19.200000 4.000000 0.720091
v 19.400000 4.000000 0.726693
v 19.600000 4.000000 0.729148
v 19.800000 4.000000 0.729510
v 0.000000 4.200000 0.784241
v 0.200000 4.200000 0.786275
v 0.400000 4.200000 0.790206
v 0.600000 4.200000 0.792771
v 0.800000 4.200000 0.791908
v 1.000000 4.200000 0.784569
v 1.200000 4.200000 0.765051
v 1.400000 4.200000 0.732519
v 1.600000 4.200000 0.695912
v 1.800000 4.200000 0.658862
v 2.000000 4.200000 0.623038
v 2.200000 4.200000 0.588241
v 2.400000 4.200000 0.559930
v 2.600000 4.200000 0.540617
v 2.800000 4.200000 0.521486
v 3.000000 4.200000 0.501855
v 3.200000 4.200000 0.482236
v 3.400000 4.200000 0.464127
v 3.600000 4.200000 0.448799
v 3.800000 4.200000 0.436522
v 4.000000 4.200000 0.421662
v 4.200000 4.200000 0.404689
v 4.400000 4.200000 0.387598
v 4.600000 4.200000 0.372086
v 4.800000 4.200000 0.359919
v 5.000000 4.200000 0.353143
v 5.200000 4.200000 0.356702
v 5.400000 4.200000 0.368584
v 5.600000 4.200000 0.384290
v 5.800000 4.200000 0.402927
v 6.000000 4.200000 0.422976
v 6.200000 4.200000 0.441176
v 6.400000 4.200000 0.457593
v 6.600000 4.200000 0.474006
v 6.800000 4.200000 0.490588
v 7.000000 4.200000 0.506997
v 7.200000 4.200000 0.521173
v 7.400000 4.200000 0.530723
v 7.600000 4.200000 0.529587
v 7.800000 4.200000 0.515160
v 8.000000 4.200000 0.494549
v 8.200000 4.200000 0.472708
v 8.400000 4.200000 0.449018
v 8.600000 4.200000 0.425114
v 8.800000 4.200000 0.402944
v 9.000000 4.200000 0.384300
v 9.200000 4.200000 0.369895
v 9.400000 4.200000 0.360229
v 9.600000 4.200000 0.354643
v 9.800000 4.200000 0.352257
v 10.000000 4.200000 0.351864
v 10.200000 4.200000 0.350531
v 10.400000 4.200000 0.347212
v 10.600000 4.200000 0.341182
v 10.800000 4.200000 0.333070
v 11.000000 4.200000 0.326895
v 11.200000 4.200000 0.327186
v 11.400000 4.200000 0.337139
v 11.600000 4.200000 0.352021
v 11.800000 4.200000 0.365880
v 12.000000 4.200000 0.379523
v 12.200000 4.200000 0.392729
v 12.400000 4.200000 0.402995
v 12.600000 4.200000 0.418505
v 12.800000 4.200000 0.443557
v 13.000000 4.200000 0.475702
v 13.200000 4.200000 0.512164
v 13.400000 4.200000 0.549989
v 13.600000 4.200000 0.586414
v 13.800000 4.200000 0.618155
v 14.000000 4.200000 0.643596
v 14.200000 4.200000 0.662873
v 14.400000 4.200000 0.676406
v 14.600000 4.200000 0.685480
v 14.800000 4.200000 0.691375
v 15.000000 4.200000 0.692457
v 15.200000 4.200000 0.684841
v 15.400000 4.200000 0.673249
v 15.600000 4.200000 0.662300
v 15.800000 4.200000 0.652775
v 16.000000 4.200000 0.643758
v 16.200000 4.200000 0.634300
v 16.400000 4.200000 0.624647
v 16.600000 4.200000 0.617131
v 16.800000 4.200000 0.614065
v 17.000000 4.200000 0.614555
v 17.200000 4.200000 0.614791
v 17.400000 4.200000 0.611852
v 17.600000 4.200000 0.613494
v 17.800000 4.200000 0.622501
v 18.000000 4.200000 0.639203
v 18.200000 4.200000 0.662149
v 18.400000 4.200000 0.684392
v 18.600000 4.200000 0.698363
v 18.800000 4.200000 0.707306
v 19.000000 4.200000 0.715236
v 19.200000 4.200000 0.722397
v 19.400000 4.200000 0.726365
v 19.600000 4.200000 0.727022
v 19.800000 4.200000 0.726718
v 0.000000 4.400000 0.813493
v 0.200000 4.400000 0.814522
v 0.400000 4.400000 0.816086
v 0.600000 4.400000 0.815904
v 0.800000 4.400000 0.812552
v 1.000000 4.400000 0.803528
v 1.200000 4.400000 0.784185
v 1.400000 4.400000 0.754258
v 1.600000 4.400000 0.721512
v 1.800000 4.400000 0.688318
v 2.000000 4.400000 0.655078
v 2.200000 4.400000 0.621190
v 2.400000 4.400000 0.592652
v 2.600000 4.400000 0.571839
v 2.800000 4.400000 0.548148
v 3.000000 4.400000 0.521885
v 3.200000 4.400000 0.494768
v 3.400000 4.400000 0.469240
v 3.600000 4.400000 0.447782
v 3.800000 4.400000 0.431988
v 4.000000 4.400000 0.417001
v 4.200000 4.400000 0.401915
v 4.400000 4.400000 0.387149
v 4.600000 4.400000 0.373778
v 4.800000 4.400000 0.363019
v 5.000000 4.400000 0.356390
v 5.200000 4.400000 0.361777
v 5.400000 4.400000 0.377599
v 5.600000 4.400000 0.398214
v 5.800000 4.400000 0.421871
v 6.000000 4.400000 0.445849
v 6.200000 4.400000 0.465459
v 6.400000 4.400000 0.481637
v 6.600000 4.400000 0.497698
v 6.800000 4.400000 0.514011
v 7.000000 4.400000 0.530272
v 7.200000 4.400000 0.544313
v 7.400000 4.400000 0.553760
v 7.600000 4.400000 0.551871
v 7.800000 4.400000 0.535486
v 8.000000 4.400000 0.512623
v 8.200000 4.400000 0.488900
v 8.400000 4.400000 0.463607
v 8.600000 4.400000 0.438477
v 8.800000 4.400000 0.415588
v 9.000000 4.400000 0.396802
v 9.200000 4.400000 0.382743
v 9.400000 4.400000 0.373958
v 9.600000 4.400000 0.369911
v 9.800000 4.400000 0.368787
v 10.000000 4.400000 0.368203
v 10.200000 4.400000 0.364229
v 10.400000 4.400000 0.356984
v 10.600000 4.400000 0.347087
v 10.800000 4.400000 0.335542
v 11.000000 4.400000 0.326483
v 11.200000 4.400000 0.324533
v 11.400000 4.400000 0.331580
v 11.600000 4.400000 0.342622
v 11.800000 4.400000 0.351971
v 12.000000 4.400000 0.361477
v 12.200000 4.400000 0.371887
v 12.400000 4.400000 0.381396
v 12.600000 4.400000 0.398558
v 12.800000 4.400000 0.427534
v 13.000000 4.400000 0.465719
v 13.200000 4.400000 0.509527
v 13.400000 4.400000 0.554747
v 13.600000 4.400000 0.597704
v 13.800000 4.400000 0.636091
v 14.000000 4.400000 0.669639
v 14.200000 4.400000 0.697345
v 14.400000 4.400000 0.718491
v 14.600000 4.400000 0.733337
v 14.800000 4.400000 0.742207
v 15.000000 4.400000 0.742156
v 15.200000 4.400000 0.728968
v 15.400000 4.400000 0.709267
v 15.600000 4.400000 0.689710
v 15.800000 4.400000 0.672810
v 16.000000 4.400000 0.658649
v 16.200000 4.400000 0.646481
v 16.400000 4.400000 0.633907
v 16.600000 4.400000 0.623644
v 16.800000 4.400000 0.618738
v 17.000000 4.400000 0.618127
v 17.200000 4.400000 0.617876
v 17.400000 4.400000 0.615002
v 17.600000 4.400000 0.616930
v 17.800000 4.400000 0.626383
v 18.000000 4.400000 0.643770
v 18.200000 4.400000 0.668207
v 18.400000 4.400000 0.692100
v 18.600000 4.400000 0.706807
v 18.800000 4.400000 0.714191
v 19.000000 4.400000 0.718853
v 19.200000 4.400000 0.722324
v 19.400000 4.400000 0.722970
v 19.600000 4.400000 0.721152
v 19.800000 4.400000 0.719878
v 0.000000 4.600000 0.838625
v 0.200000 4.600000 0.838357
v 0.400000 4.600000 0.836989
v 0.600000 4.600000 0.833671
v 0.800000 4.600000 0.827536
v 1.000000 4.600000 0.816220
v 1.200000 4.600000 0.796415
v 1.400000 4.600000 0.768822
v 1.600000 4.600000 0.740081
v 1.800000 4.600000 0.710749
v 2.000000 4.600000 0.680610
v 2.200000 4.600000 0.650340
v 2.400000 4.600000 0.624015
v 2.600000 4.600000 0.601799
v 2.800000 4.600000 0.572629
v 3.000000 4.600000 0.539174
v 3.200000 4.600000 0.505165
v 3.400000 4.600000 0.472640
v 3.600000 4.600000 0.445401
v 3.800000 4.600000 0.426869
v 4.000000 4.600000 0.413506
v 4.200000 4.600000 0.402017
v 4.400000 4.600000 0.390028
v 4.600000 4.600000 0.377834
v 4.800000 4.600000 0.367224
v 5.000000 4.600000 0.360325
v 5.200000 4.600000 0.367634
v 5.400000 4.600000 0.387422
v 5.600000 4.600000 0.412623
v 5.800000 4.600000 0.439165
v 6.000000 4.600000 0.464140
v 6.200000 4.600000 0.483763
v 6.400000 4.600000 0.501549
v 6.600000 4.600000 0.520502
v 6.800000 4.600000 0.538304
v 7.000000 4.600000 0.552457
v 7.200000 4.600000 0.562522
v 7.400000 4.600000 0.569403
v 7.600000 4.600000 0.568951
v 7.800000 4.600000 0.556036
v 8.000000 4.600000 0.534876
v 8.200000 4.600000 0.508656
v 8.400000 4.600000 0.479227
v 8.600000 4.600000 0.450890
v 8.800000 4.600000 0.427859
v 9.000000 4.600000 0.411181
v 9.200000 4.600000 0.399400
v 9.400000 4.600000 0.391601
v 9.600000 4.600000 0.388472
v 9.800000 4.600000 0.388012
v 10.000000 4.600000 0.386913
v 10.200000 4.600000 0.379052
v 10.400000 4.600000 0.366739
v 10.600000 4.600000 0.353356
v 10.800000 4.600000 0.340651
v 11.000000 4.600000 0.331231
v 11.200000 4.600000 0.327839
v 11.400000 4.600000 0.329047
v 11.600000 4.600000 0.332443
v 11.800000 4.600000 0.336348
v 12.000000 4.600000 0.342247
v 12.200000 4.600000 0.350218
v 12.400000 4.600000 0.359108
v 12.600000 4.600000 0.378883
v 12.800000 4.600000 0.413050
v 13.000000 4.600000 0.457243
v 13.200000 4.600000 0.507693
v 13.400000 4.600000 0.559927
v 13.600000 4.600000 0.608654
v 13.800000 4.600000 0.651667
v 14.000000 4.600000 0.690449
v 14.200000 4.600000 0.724283
v 14.400000 4.600000 0.752351
v 14.600000 4.600000 0.773313
v 14.800000 4.600000 0.785624
v 15.000000 4.600000 0.785071
v 15.200000 4.600000 0.768261
v 15.400000 4.600000 0.742425
v 15.600000 4.600000 0.714856
v 15.800000 4.600000 0.689744
v 16.000000 4.600000 0.669647
v 16.200000 4.600000 0.655381
v 16.400000 4.600000 0.641527
v 16.600000 4.600000 0.630099
v 16.800000 4.600000 0.623838
v 17.000000 4.600000 0.621388
v 17.200000 4.600000 0.619690
v 17.400000 4.600000 0.616767
v 17.600000 4.600000 0.620116
v 17.800000 4.600000 0.631341
v 18.000000 4.600000 0.649614
v 18.200000 4.600000 0.673009
v 18.400000 4.600000 0.695255
v 18.600000 4.600000 0.709514
v 18.800000 4.600000 0.717491
v 19.000000 4.600000 0.722102
v 19.200000 4.600000 0.723474
v 19.400000 4.600000 0.721102
v 19.600000 4.600000 0.717108
v 19.800000 4.600000 0.714997
v 0.000000 4.800000 0.859872
v 0.200000 4.800000 0.858446
v 0.400000 4.800000 0.854523
v 0.600000 4.800000 0.848639
v 0.800000 4.800000 0.840243
v 1.000000 4.800000 0.826773
v 1.200000 4.800000 0.806186
v 1.400000 4.800000 0.780304
v 1.600000 4.800000 0.754952
v 1.800000 4.800000 0.728729
v 2.000000 4.800000 0.700906
v 2.200000 4.800000 0.673970
v 2.400000 4.800000 0.649887
v 2.600000 4.800000 0.626512
v 2.800000 4.800000 0.592680
v 3.000000 4.800000 0.553470
v 3.200000 4.800000 0.514533
v 3.400000 4.800000 0.476857
v 3.600000 4.800000 0.445314
v 3.800000 4.800000 0.425019
v 4.000000 4.800000 0.413889
v 4.200000 4.800000 0.406104
v 4.400000 4.800000 0.396299
v 4.600000 4.800000 0.384254
v 4.800000 4.800000 0.372892
v 5.000000 4.800000 0.365430
v 5.200000 4.800000 0.374087
v 5.400000 4.800000 0.396692
v 5.600000 4.800000 0.424987
v 5.800000 4.800000 0.452598
v 6.000000 4.800000 0.476934
v 6.200000 4.800000 0.495856
v 6.400000 4.800000 0.515557
v 6.600000 4.800000 0.538014
v 6.800000 4.800000 0.557609
v 7.000000 4.800000 0.569156
v 7.200000 4.800000 0.574326
v 7.400000 4.800000 0.578028
v 7.600000 4.800000 0.579470
v 7.800000 4.800000 0.571329
v 8.000000 4.800000 0.553026
v 8.200000 4.800000 0.524622
v 8.400000 4.800000 0.490948
v 8.600000 4.800000 0.459303
v 8.800000 4.800000 0.436373
v 9.000000 4.800000 0.422214
v 9.200000 4.800000 0.412938
v 9.400000 4.800000 0.405962
v 9.600000 4.800000 0.403583
v 9.800000 4.800000 0.403694
v 10.000000 4.800000 0.402052
v 10.200000 4.800000 0.390312
v 10.400000 4.800000 0.373287
v 10.600000 4.800000 0.357450
v 10.800000 4.800000 0.345181
v 11.000000 4.800000 0.336929
v 11.200000 4.800000 0.332943
v 11.400000 4.800000 0.328674
v 11.600000 4.800000 0.324907
v 11.800000 4.800000 0.324490
v 12.000000 4.800000 0.328067
v 12.200000 4.800000 0.334517
v 12.400000 4.800000 0.343092
v 12.600000 4.800000 0.365082
v 12.800000 4.800000 0.403392
v 13.000000 4.800000 0.451910
v 13.200000 4.800000 0.507055
v 13.400000 4.800000 0.564444
v 13.600000 4.800000 0.617220
v 13.800000 4.800000 0.662832
v 14.000000 4.800000 0.704261
v 14.200000 4.800000 0.741648
v 14.400000 4.800000 0.774575
v 14.600000 4.800000 0.800254
v 14.800000 4.800000 0.815375
v 15.000000 4.800000 0.814778
v 15.200000 4.800000 0.796151
v 15.400000 4.800000 0.766693
v 15.600000 4.800000 0.733671
v 15.800000 4.800000 0.702525
v 16.000000 4.800000 0.678043
v 16.200000 4.800000 0.662538
v 16.400000 4.800000 0.648226
v 16.600000 4.800000 0.636400
v 16.800000 4.800000 0.629363
v 17.000000 4.800000 0.625328
v 17.200000 4.800000 0.622236
v 17.400000 4.800000 0.619294
v 17.600000 4.800000 0.624243
v 17.800000 4.800000 0.637403
v 18.000000 4.800000 0.656482
v 18.200000 4.800000 0.678321
v 18.400000 4.800000 0.698316
v 18.600000 4.800000 0.711896
v 18.800000 4.800000 0.721200
v 19.000000 4.800000 0.727093
v 19.200000 4.800000 0.727604
v 19.400000 4.800000 0.723229
v 19.600000 4.800000 0.717864
v 19.800000 4.800000 0.715246
v 0.000000 5.000000 0.876172
v 0.200000 5.000000 0.874389
v 0.400000 5.000000 0.869686
v 0.600000 5.000000 0.863030
v 0.800000 5.000000 0.853937
v 1.000000 5.000000 0.839735
v 1.200000 5.000000 0.818786
v 1.400000 5.000000 0.793277
v 1.600000 5.000000 0.768807
v 1.800000 5.000000 0.743386
v 2.000000 5.000000 0.716169
v 2.200000 5.000000 0.690228
v 2.400000 5.000000 0.666755
v 2.600000 5.000000 0.642841
v 2.800000 5.000000 0.607485
v 3.000000 5.000000 0.566461
v 3.200000 5.000000 0.525938
v 3.400000 5.000000 0.486545
v 3.600000 5.000000 0.453496
v 3.800000 5.000000 0.432433
v 4.000000 5.000000 0.421677
v 4.200000 5.000000 0.414641
v 4.400000 5.000000 0.405059
v 4.600000 5.000000 0.392532
v 4.800000 5.000000 0.380423
v 5.000000 5.000000 0.372403
v 5.200000 5.000000 0.381093
v 5.400000 5.000000 0.404114
v 5.600000 5.000000 0.432848
v 5.800000 5.000000 0.460265
v 6.000000 5.000000 0.483928
v 6.200000 5.000000 0.502248
v 6.400000 5.000000 0.522166
v 6.600000 5.000000 0.545303
v 6.800000 5.000000 0.565084
v 7.000000 5.000000 0.575525
v 7.200000 5.000000 0.578923
v 7.400000 5.000000 0.581394
v 7.600000 5.000000 0.583235
v 7.800000 5.000000 0.576506
v 8.000000 5.000000 0.559051
v 8.200000 5.000000 0.529930
v 8.400000 5.000000 0.494942
v 8.600000 5.000000 0.462240
v 8.800000 5.000000 0.439173
v 9.000000 5.000000 0.425463
v 9.200000 5.000000 0.416627
v 9.400000 5.000000 0.409696
v 9.600000 5.000000 0.407403
v 9.800000 5.000000 0.407607
v 10.000000 5.000000 0.405815
v 10.200000 5.000000 0.393071
v 10.400000 5.000000 0.374882
v 10.600000 5.000000 0.358583
v 10.800000 5.000000 0.346711
v 11.000000 5.000000 0.339040
v 11.200000 5.000000 0.335052
v 11.400000 5.000000 0.329307
v 11.600000 5.000000 0.323573
v 11.800000 5.000000 0.322053
v 12.000000 5.000000 0.325082
v 12.200000 5.000000 0.331190
v 12.400000 5.000000 0.339807
v 12.600000 5.000000 0.362562
v 12.800000 5.000000 0.402123
v 13.000000 5.000000 0.451847
v 13.200000 5.000000 0.508250
v 13.400000 5.000000 0.567052
v 13.600000 5.000000 0.620983
v 13.800000 5.000000 0.667360
v 14.000000 5.000000 0.709552
v 14.200000 5.000000 0.747986
v 14.400000 5.000000 0.782373
v 14.600000 5.000000 0.809499
v 14.800000 5.000000 0.825576
v 15.000000 5.000000 0.825262
v 15.200000 5.000000 0.806628
v 15.400000 5.000000 0.776698
v 15.600000 5.000000 0.742584
v 15.800000 5.000000 0.710082
v 16.000000 5.000000 0.684647
v 16.200000 5.000000 0.669047
v 16.400000 5.000000 0.654848
v 16.600000 5.000000 0.643122
v 16.800000 5.000000 0.636035
v 17.000000 5.000000 0.631708
v 17.200000 5.000000 0.628376
v 17.400000 5.000000 0.625595
v 17.600000 5.000000 0.631238
v 17.800000 5.000000 0.645198
v 18.000000 5.000000 0.664677
v 18.200000 5.000000 0.686126
v 18.400000 5.000000 0.705489
v 18.600000 5.000000 0.718924
v 18.800000 5.000000 0.728598
v 19.000000 5.000000 0.734804
v 19.200000 5.000000 0.735075
v 19.400000 5.000000 0.730264
v 19.600000 5.000000 0.724684
v 19.800000 5.000000 0.722007
v 0.000000 5.200000 0.880278
v 0.200000 5.200000 0.878515
v 0.400000 5.200000 0.873987
v 0.600000 5.200000 0.867835
v 0.800000 5.200000 0.859398
v 1.000000 5.200000 0.845772
v 1.200000 5.200000 0.825646
v 1.400000 5.200000 0.801295
v 1.600000 5.200000 0.778251
v 1.800000 5.200000 0.754994
v 2.000000 5.200000 0.731191
v 2.200000 5.200000 0.709231
v 2.400000 5.200000 0.688312
v 2.600000 5.200000 0.664781
v 2.800000 5.200000 0.630702
v 3.000000 5.200000 0.590828
v 3.200000 5.200000 0.550094
v 3.400000 5.200000 0.509732
v 3.600000 5.200000 0.475609
v 3.800000 5.200000 0.453669
v 4.000000 5.200000 0.441072
v 4.200000 5.200000 0.431760
v 4.400000 5.200000 0.420253
v 4.600000 5.200000 0.405290
v 4.800000 5.200000 0.390878
v 5.000000 5.200000 0.381836
v 5.200000 5.200000 0.390007
v 5.400000 5.200000 0.412221
v 5.600000 5.200000 0.439615
v 5.800000 5.200000 0.466091
v 6.000000 5.200000 0.489321
v 6.200000 5.200000 0.507039
v 6.400000 5.200000 0.524471
v 6.600000 5.200000 0.543852
v 6.800000 5.200000 0.560923
v 7.000000 5.200000 0.571319
v 7.200000 5.200000 0.576093
v 7.400000 5.200000 0.579394
v 7.600000 5.200000 0.580995
v 7.800000 5.200000 0.574514
v 8.000000 5.200000 0.557936
v 8.200000 5.200000 0.530942
v 8.400000 5.200000 0.499294
v 8.600000 5.200000 0.468940
v 8.800000 5.200000 0.444678
v 9.000000 5.200000 0.425962
v 9.200000 5.200000 0.411950
v 9.400000 5.200000 0.402475
v 9.600000 5.200000 0.398408
v 9.800000 5.200000 0.397568
v 10.000000 5.200000 0.396181
v 10.200000 5.200000 0.386895
v 10.400000 5.200000 0.373195
v 10.600000 5.200000 0.359959
v 10.800000 5.200000 0.349134
v 11.000000 5.200000 0.341556
v 11.200000 5.200000 0.337859
v 11.400000 5.200000 0.333712
v 11.600000 5.200000 0.329619
v 11.800000 5.200000 0.328056
v 12.000000 5.200000 0.329351
v 12.200000 5.200000 0.333585
v 12.400000 5.200000 0.341596
v 12.600000 5.200000 0.363781
v 12.800000 5.200000 0.401684
v 13.000000 5.200000 0.448918
v 13.200000 5.200000 0.502064
v 13.400000 5.200000 0.557627
v 13.600000 5.200000 0.609600
v 13.800000 5.200000 0.655769
v 14.000000 5.200000 0.698506
v 14.200000 5.200000 0.737502
v 14.400000 5.200000 0.771637
v 14.600000 5.200000 0.797813
v 14.800000 5.200000 0.813282
v 15.000000 5.200000 0.814141
v 15.200000 5.200000 0.798968
v 15.400000 5.200000 0.772989
v 15.600000 5.200000 0.741818
v 15.800000 5.200000 0.711446
v 16.000000 5.200000 0.687320
v 16.200000 5.200000 0.672184
v 16.400000 5.200000 0.657844
v 16.600000 5.200000 0.645522
v 16.800000 5.200000 0.637691
v 17.000000 5.200000 0.633505
v 17.200000 5.200000 0.630739
v 17.400000 5.200000 0.628344
v 17.600000 5.200000 0.634862
v 17.800000 5.200000 0.649947
v 18.000000 5.200000 0.670253
v 18.200000 5.200000 0.692453
v 18.400000 5.200000 0.712420
v 18.600000 5.200000 0.725887
v 18.800000 5.200000 0.731982
v 19.000000 5.200000 0.732815
v 19.200000 5.200000 0.730149
v 19.400000 5.200000 0.725947
v 19.600000 5.200000 0.722124
v 19.800000 5.200000 0.720455
v 0.000000 5.400000 0.871809
v 0.200000 5.400000 0.870222
v 0.400000 5.400000 0.866351
v 0.600000 5.400000 0.861531
v 0.800000 5.400000 0.854822
v 1.000000 5.400000 0.842972
v 1.200000 5.400000 0.825069
v 1.400000 5.400000 0.803700
v 1.600000 5.400000 0.784580
v 1.800000 5.400000 0.766509
v 2.000000 5.400000 0.749518
v 2.200000 5.400000 0.734746
v 2.400000 5.400000 0.718361
v 2.600000 5.400000 0.695624
v 2.800000 5.400000 0.663477
v 3.000000 5.400000 0.625355
v 3.200000 5.400000 0.584512
v 3.400000 5.400000 0.542977
v 3.600000 5.400000 0.507490
v 3.800000 5.400000 0.484364
v 4.000000 5.400000 0.469000
v 4.200000 5.400000 0.456134
v 4.400000 5.400000 0.441486
v 4.600000 5.400000 0.422760
v 4.800000 5.400000 0.404965
v 5.000000 5.400000 0.394583
v 5.200000 5.400000 0.401947
v 5.400000 5.400000 0.422696
v 5.600000 5.400000 0.447749
v 5.800000 5.400000 0.472391
v 6.000000 5.400000 0.494551
v 6.200000 5.400000 0.511164
v 6.400000 5.400000 0.524951
v 6.600000 5.400000 0.538836
v 6.800000 5.400000 0.551783
v 7.000000 5.400000 0.561697
v 7.200000 5.400000 0.568031
v 7.400000 5.400000 0.572350
v 7.600000 5.400000 0.573903
v 7.800000 5.400000 0.568492
v 8.000000 5.400000 0.554101
v 8.200000 5.400000 0.531055
v 8.400000 5.400000 0.504869
v 8.600000 5.400000 0.478307
v 8.800000 5.400000 0.452477
v 9.000000 5.400000 0.426397
v 9.200000 5.400000 0.404397
v 9.400000 5.400000 0.390360
v 9.600000 5.400000 0.382893
v 9.800000 5.400000 0.380015
v 10.000000 5.400000 0.379205
v 10.200000 5.400000 0.375431
v 10.400000 5.400000 0.369157
v 10.600000 5.400000 0.361625
v 10.800000 5.400000 0.353663
v 11.000000 5.400000 0.347231
v 11.200000 5.400000 0.344238
v 11.400000 5.400000 0.342074
v 11.600000 5.400000 0.339766
v 11.800000 5.400000 0.337577
v 12.000000 5.400000 0.335950
v 12.200000 5.400000 0.337196
v 12.400000 5.400000 0.344180
v 12.600000 5.400000 0.364896
v 12.800000 5.400000 0.399107
v 13.000000 5.400000 0.441080
v 13.200000 5.400000 0.487806
v 13.400000 5.400000 0.537165
v 13.600000 5.400000 0.585178
v 13.800000 5.400000 0.630270
v 14.000000 5.400000 0.673160
v 14.200000 5.400000 0.712501
v 14.400000 5.400000 0.746016
v 14.600000 5.400000 0.770720
v 14.800000 5.400000 0.785238
v 15.000000 5.400000 0.787836
v 15.200000 5.400000 0.778223
v 15.400000 5.400000 0.758914
v 15.600000 5.400000 0.733178
v 15.800000 5.400000 0.706964
v 16.000000 5.400000 0.685395
v 16.200000 5.400000 0.670955
v 16.400000 5.400000 0.656051
v 16.600000 5.400000 0.642295
v 16.800000 5.400000 0.632722
v 17.000000 5.400000 0.628041
v 17.200000 5.400000 0.625549
v 17.400000 5.400000 0.623510
v 17.600000 5.400000 0.631251
v 17.800000 5.400000 0.647998
v 18.000000 5.400000 0.669593
v 18.200000 5.400000 0.692946
v 18.400000 5.400000 0.713763
v 18.600000 5.400000 0.727136
v 18.800000 5.400000 0.728008
v 19.000000 5.400000 0.721023
v 19.200000 5.400000 0.713772
v 19.400000 5.400000 0.709832
v 19.600000 5.400000 0.707976
v 19.800000 5.400000 0.707512
v 0.000000 5.600000 0.853856
v 0.200000 5.600000 0.852737
v 0.400000 5.600000 0.850236
v 0.600000 5.600000 0.847634
v 0.800000 5.600000 0.843743
v 1.000000 5.600000 0.835074
v 1.200000 5.600000 0.820816
v 1.400000 5.600000 0.804251
v 1.600000 5.600000 0.791877
v 1.800000 5.600000 0.781737
v 2.000000 5.600000 0.773089
v 2.200000 5.600000 0.765682
v 2.400000 5.600000 0.753568
v 2.600000 5.600000 0.731338
v 2.800000 5.600000 0.699901
v 3.000000 5.600000 0.662376
v 3.200000 5.600000 0.621339
v 3.400000 5.600000 0.579108
v 3.600000 5.600000 0.542694
v 3.800000 5.600000 0.518396
v 4.000000 5.600000 0.500403
v 4.200000 5.600000 0.484034
v 4.400000 5.600000 0.465907
v 4.600000 5.600000 0.443672
v 4.800000 5.600000 0.423079
v 5.000000 5.600000 0.411545
v 5.200000 5.600000 0.417544
v 5.400000 5.600000 0.435920
v 5.600000 5.600000 0.457838
v 5.800000 5.600000 0.479444
v 6.000000 5.600000 0.499097
v 6.200000 5.600000 0.513748
v 6.400000 5.600000 0.524653
v 6.600000 5.600000 0.534603
v 6.800000 5.600000 0.544020
v 7.000000 5.600000 0.551922
v 7.200000 5.600000 0.557387
v 7.400000 5.600000 0.561216
v 7.600000 5.600000 0.562963
v 7.800000 5.600000 0.559493
v 8.000000 5.600000 0.548262
v 8.200000 5.600000 0.529306
v 8.400000 5.600000 0.507487
v 8.600000 5.600000 0.483764
v 8.800000 5.600000 0.457157
v 9.000000 5.600000 0.426307
v 9.200000 5.600000 0.398234
v 9.400000 5.600000 0.379111
v 9.600000 5.600000 0.367383
v 9.800000 5.600000 0.361888
v 10.000000 5.600000 0.361377
v 10.200000 5.600000 0.362108
v 10.400000 5.600000 0.362589
v 10.600000 5.600000 0.361752
v 10.800000 5.600000 0.359104
v 11.000000 5.600000 0.356157
v 11.200000 5.600000 0.354506
v 11.400000 5.600000 0.352838
v 11.600000 5.600000 0.350248
v 11.800000 5.600000 0.346500
v 12.000000 5.600000 0.342470
v 12.200000 5.600000 0.341670
v 12.400000 5.600000 0.348035
v 12.600000 5.600000 0.366562
v 12.800000 5.600000 0.395593
v 13.000000 5.600000 0.430591
v 13.200000 5.600000 0.469581
v 13.400000 5.600000 0.511837
v 13.600000 5.600000 0.555063
v 13.800000 5.600000 0.597960
v 14.000000 5.600000 0.639750
v 14.200000 5.600000 0.678544
v 14.400000 5.600000 0.711476
v 14.600000 5.600000 0.735513
v 14.800000 5.600000 0.749747
v 15.000000 5.600000 0.753934
v 15.200000 5.600000 0.749467
v 15.400000 5.600000 0.736970
v 15.600000 5.600000 0.717877
v 15.800000 5.600000 0.697254
v 16.000000 5.600000 0.679279
v 16.200000 5.600000 0.665743
v 16.400000 5.600000 0.650036
v 16.600000 5.600000 0.634410
v 16.800000 5.600000 0.622515
v 17.000000 5.600000 0.616091
v 17.200000 5.600000 0.612683
v 17.400000 5.600000 0.610665
v 17.600000 5.600000 0.619323
v 17.800000 5.600000 0.637412
v 18.000000 5.600000 0.660278
v 18.200000 5.600000 0.684741
v 18.400000 5.600000 0.706242
v 18.600000 5.600000 0.719415
v 18.800000 5.600000 0.717411
v 19.000000 5.600000 0.706046
v 19.200000 5.600000 0.695450
v 19.400000 5.600000 0.690114
v 19.600000 5.600000 0.687899
v 19.800000 5.600000 0.687460
v 0.000000 5.800000 0.831581
v 0.200000 5.800000 0.831732
v 0.400000 5.800000 0.832251
v 0.600000 5.800000 0.833237
v 0.800000 5.800000 0.832072
v 1.000000 5.800000 0.825511
v 1.200000 5.800000 0.814496
v 1.400000 5.800000 0.804160
v 1.600000 5.800000 0.800814
v 1.800000 5.800000 0.800408
v 2.000000 5.800000 0.800510
v 2.200000 5.800000 0.800188
v 2.400000 5.800000 0.792011
v 2.600000 5.800000 0.769844
v 2.800000 5.800000 0.737242
v 3.000000 5.800000 0.698533
v 3.200000 5.800000 0.657368
v 3.400000 5.800000 0.616461
v 3.600000 5.800000 0.581158
v 3.800000 5.800000 0.555791
v 4.000000 5.800000 0.533317
v 4.200000 5.800000 0.511425
v 4.400000 5.800000 0.489401
v 4.600000 5.800000 0.464881
v 4.800000 5.800000 0.442988
v 5.000000 5.800000 0.430767
v 5.200000 5.800000 0.434799
v 5.400000 5.800000 0.449951
v 5.600000 5.800000 0.468282
v 5.800000 5.800000 0.485871
v 6.000000 5.800000 0.501568
v 6.200000 5.800000 0.513417
v 6.400000 5.800000 0.523305
v 6.600000 5.800000 0.532761
v 6.800000 5.800000 0.540470
v 7.000000 5.800000 0.544811
v 7.200000 5.800000 0.546526
v 7.400000 5.800000 0.548028
v 7.600000 5.800000 0.549791
v 7.800000 5.800000 0.548009
v 8.000000 5.800000 0.539735
v 8.200000 5.800000 0.524335
v 8.400000 5.800000 0.505540
v 8.600000 5.800000 0.483649
v 8.800000 5.800000 0.457429
v 9.000000 5.800000 0.425947
v 9.200000 5.800000 0.395478
v 9.400000 5.800000 0.371731
v 9.600000 5.800000 0.354997
v 9.800000 5.800000 0.346095
v 10.000000 5.800000 0.345437
v 10.200000 5.800000 0.348878
v 10.400000 5.800000 0.354205
v 10.600000 5.800000 0.359740
v 10.800000 5.800000 0.363834
v 11.000000 5.800000 0.366091
v 11.200000 5.800000 0.366236
v 11.400000 5.800000 0.363370
v 11.600000 5.800000 0.358330
v 11.800000 5.800000 0.352497
v 12.000000 5.800000 0.348639
v 12.200000 5.800000 0.349288
v 12.400000 5.800000 0.356468
v 12.600000 5.800000 0.371069
v 12.800000 5.800000 0.392115
v 13.000000 5.800000 0.418539
v 13.200000 5.800000 0.449634
v 13.400000 5.800000 0.484706
v 13.600000 5.800000 0.522769
v 13.800000 5.800000 0.563091
v 14.000000 5.800000 0.603767
v 14.200000 5.800000 0.641824
v 14.400000 5.800000 0.673457
v 14.600000 5.800000 0.695947
v 14.800000 5.800000 0.709345
v 15.000000 5.800000 0.715338
v 15.200000 5.800000 0.716765
v 15.400000 5.800000 0.711650
v 15.600000 5.800000 0.698635
v 15.800000 5.800000 0.681551
v 16.000000 5.800000 0.665397
v 16.200000 5.800000 0.652851
v 16.400000 5.800000 0.637532
v 16.600000 5.800000 0.621233
v 16.800000 5.800000 0.607158
v 17.000000 5.800000 0.597621
v 17.200000 5.800000 0.591740
v 17.400000 5.800000 0.589262
v 17.600000 5.800000 0.598102
v 17.800000 5.800000 0.616634
v 18.000000 5.800000 0.640402
v 18.200000 5.800000 0.666214
v 18.400000 5.800000 0.688768
v 18.600000 5.800000 0.701922
v 18.800000 5.800000 0.700858
v 19.000000 5.800000 0.690759
v 19.200000 5.800000 0.679309
v 19.400000 5.800000 0.670752
v 19.600000 5.800000 0.665206
v 19.800000 5.800000 0.663232
v 0.000000 6.000000 0.808115
v 0.200000 6.000000 0.809963
v 0.400000 6.000000 0.814415
v 0.600000 6.000000 0.819829
v 0.800000 6.000000 0.821470
v 1.000000 6.000000 0.816514
v 1.200000 6.000000 0.808615
v 1.400000 6.000000 0.805039
v 1.600000 6.000000 0.810920
v 1.800000 6.000000 0.819938
v 2.000000 6.000000 0.828032
v 2.200000 6.000000 0.834177
v 2.400000 6.000000 0.829626
v 2.600000 6.000000 0.807402
v 2.800000 6.000000 0.773046
v 3.000000 6.000000 0.732547
v 3.200000 6.000000 0.691233
v 3.400000 6.000000 0.652470
v 3.600000 6.000000 0.619137
v 3.800000 6.000000 0.592718
v 4.000000 6.000000 0.564877
v 4.200000 6.000000 0.536655
v 4.400000 6.000000 0.510987
v 4.600000 6.000000 0.485088
v 4.800000 6.000000 0.462732
v 5.000000 6.000000 0.450076
v 5.200000 6.000000 0.452121
v 5.400000 6.000000 0.464097
v 5.600000 6.000000 0.479085
v 5.800000 6.000000 0.492718
v 6.000000 6.000000 0.504257
v 6.200000 6.000000 0.513060
v 6.400000 6.000000 0.522548
v 6.600000 6.000000 0.532790
v 6.800000 6.000000 0.539603
v 7.000000 6.000000 0.540158
v 7.200000 6.000000 0.537486
v 7.400000 6.000000 0.536207
v 7.600000 6.000000 0.537622
v 7.800000 6.000000 0.536649
v 8.000000 6.000000 0.530311
v 8.200000 6.000000 0.517553
v 8.400000 6.000000 0.500982
v 8.600000 6.000000 0.480496
v 8.800000 6.000000 0.455165
v 9.000000 6.000000 0.424941
v 9.200000 6.000000 0.394210
v 9.400000 6.000000 0.367176
v 9.600000 6.000000 0.346128
v 9.800000 6.000000 0.334085
v 10.000000 6.000000 0.333134
v 10.200000 6.000000 0.338167
v 10.400000 6.000000 0.346730
v 10.600000 6.000000 0.357180
v 10.800000 6.000000 0.367082
v 11.000000 6.000000 0.374107
v 11.200000 6.000000 0.376022
v 11.400000 6.000000 0.371855
v 11.600000 6.000000 0.364373
v 11.800000 6.000000 0.357005
v 12.000000 6.000000 0.354987
v 12.200000 6.000000 0.358960
v 12.400000 6.000000 0.367692
v 12.600000 6.000000 0.377932
v 12.800000 6.000000 0.390506
v 13.000000 6.000000 0.408696
v 13.200000 6.000000 0.432793
v 13.400000 6.000000 0.461236
v 13.600000 6.000000 0.494106
v 13.800000 6.000000 0.531570
v 14.000000 6.000000 0.570991
v 14.200000 6.000000 0.607934
v 14.400000 6.000000 0.637328
v 14.600000 6.000000 0.657103
v 14.800000 6.000000 0.668929
v 15.000000 6.000000 0.676730
v 15.200000 6.000000 0.683994
v 15.400000 6.000000 0.685653
v 15.600000 6.000000 0.677068
v 15.800000 6.000000 0.661138
v 16.000000 6.000000 0.645060
v 16.200000 6.000000 0.633538
v 16.400000 6.000000 0.619688
v 16.600000 6.000000 0.604024
v 16.800000 6.000000 0.588608
v 17.000000 6.000000 0.576154
v 17.200000 6.000000 0.567696
v 17.400000 6.000000 0.564648
v 17.600000 6.000000 0.573230
v 17.800000 6.000000 0.591572
v 18.000000 6.000000 0.615741
v 18.200000 6.000000 0.642738
v 18.400000 6.000000 0.666355
v 18.600000 6.000000 0.679497
v 18.800000 6.000000 0.680628
v 19.000000 6.000000 0.673781
v 19.200000 6.000000 0.662616
v 19.400000 6.000000 0.650698
v 19.600000 6.000000 0.641242
v 19.800000 6.000000 0.637392
v 0.000000 6.200000 0.785018
v 0.200000 6.200000 0.788177
v 0.400000 6.200000 0.795896
v 0.600000 6.200000 0.805536
v 0.800000 6.200000 0.811186
v 1.000000 6.200000 0.810051
v 1.200000 6.200000 0.806884
v 1.400000 6.200000 0.809703
v 1.600000 6.200000 0.822818
v 1.800000 6.200000 0.838747
v 2.000000 6.200000 0.852579
v 2.200000 6.200000 0.863163
v 2.400000 6.200000 0.861052
v 2.600000 6.200000 0.838907
v 2.800000 6.200000 0.803599
v 3.000000 6.200000 0.761971
v 3.200000 6.200000 0.720175
v 3.400000 6.200000 0.681917
v 3.600000 6.200000 0.648952
v 3.800000 6.200000 0.621465
v 4.000000 6.200000 0.590599
v 4.200000 6.200000 0.558982
v 4.400000 6.200000 0.531252
v 4.600000 6.200000 0.504419
v 4.800000 6.200000 0.481599
v 5.000000 6.200000 0.468498
v 5.200000 6.200000 0.469208
v 5.400000 6.200000 0.479087
v 5.600000 6.200000 0.491717
v 5.800000 6.200000 0.502544
v 6.000000 6.200000 0.511031
v 6.200000 6.200000 0.517172
v 6.400000 6.200000 0.525224
v 6.600000 6.200000 0.534665
v 6.800000 6.200000 0.539993
v 7.000000 6.200000 0.537839
v 7.200000 6.200000 0.532338
v 7.400000 6.200000 0.529170
v 7.600000 6.200000 0.529967
v 7.800000 6.200000 0.528946
v 8.000000 6.200000 0.523168
v 8.200000 6.200000 0.511419
v 8.400000 6.200000 0.495809
v 8.600000 6.200000 0.476077
v 8.800000 6.200000 0.451482
v 9.000000 6.200000 0.422396
v 9.200000 6.200000 0.392202
v 9.400000 6.200000 0.364277
v 9.600000 6.200000 0.341745
v 9.800000 6.200000 0.328549
v 10.000000 6.200000 0.327490
v 10.200000 6.200000 0.333180
v 10.400000 6.200000 0.343151
v 10.600000 6.200000 0.355853
v 10.800000 6.200000 0.368549
v 11.000000 6.200000 0.378075
v 11.200000 6.200000 0.381336
v 11.400000 6.200000 0.377224
v 11.600000 6.200000 0.369312
v 11.800000 6.200000 0.361923
v 12.000000 6.200000 0.361378
v 12.200000 6.200000 0.367363
v 12.400000 6.200000 0.377046
v 12.600000 6.200000 0.385047
v 12.800000 6.200000 0.392978
v 13.000000 6.200000 0.406201
v 13.200000 6.200000 0.425513
v 13.400000 6.200000 0.448989
v 13.600000 6.200000 0.477254
v 13.800000 6.200000 0.511042
v 14.000000 6.200000 0.547609
v 14.200000 6.200000 0.581982
v 14.400000 6.200000 0.608648
v 14.600000 6.200000 0.625999
v 14.800000 6.200000 0.636622
v 15.000000 6.200000 0.645355
v 15.200000 6.200000 0.655386
v 15.400000 6.200000 0.660235
v 15.600000 6.200000 0.653790
v 15.800000 6.200000 0.638581
v 16.000000 6.200000 0.622902
v 16.200000 6.200000 0.612456
v 16.400000 6.200000 0.600005
v 16.600000 6.200000 0.585375
v 16.800000 6.200000 0.570007
v 17.000000 6.200000 0.556726
v 17.200000 6.200000 0.547393
v 17.400000 6.200000 0.544144
v 17.600000 6.200000 0.552457
v 17.800000 6.200000 0.570408
v 18.000000 6.200000 0.594352
v 18.200000 6.200000 0.621434
v 18.400000 6.200000 0.645066
v 18.600000 6.200000 0.657755
v 18.800000 6.200000 0.659552
v 19.000000 6.200000 0.653954
v 19.200000 6.200000 0.642720
v 19.400000 6.200000 0.629083
v 19.600000 6.200000 0.617711
v 19.800000 6.200000 0.612955
v 0.000000 6.400000 0.760856
v 0.200000 6.400000 0.765024
v 0.400000 6.400000 0.775404
v 0.600000 6.400000 0.788810
v 0.800000 6.400000 0.799447
v 1.000000 6.400000 0.804579
v 1.200000 6.400000 0.807859
v 1.400000 6.400000 0.816581
v 1.600000 6.400000 0.835176
v 1.800000 6.400000 0.855941
v 2.000000 6.400000 0.873522
v 2.200000 6.400000 0.886276
v 2.400000 6.400000 0.885107
v 2.600000 6.400000 0.863300
v 2.800000 6.400000 0.828472
v 3.000000 6.400000 0.786796
v 3.200000 6.400000 0.743677
v 3.400000 6.400000 0.703009
v 3.600000 6.400000 0.667686
v 3.800000 6.400000 0.639038
v 4.000000 6.400000 0.608442
v 4.200000 6.400000 0.577928
v 4.400000 6.400000 0.551679
v 4.600000 6.400000 0.527691
v 4.800000 6.400000 0.507602
v 5.000000 6.400000 0.494937
v 5.200000 6.400000 0.493326
v 5.400000 6.400000 0.499711
v 5.600000 6.400000 0.509301
v 5.800000 6.400000 0.518137
v 6.000000 6.400000 0.524973
v 6.200000 6.400000 0.529110
v 6.400000 6.400000 0.534248
v 6.600000 6.400000 0.540518
v 6.800000 6.400000 0.543479
v 7.000000 6.400000 0.540940
v 7.200000 6.400000 0.536347
v 7.400000 6.400000 0.533535
v 7.600000 6.400000 0.531967
v 7.800000 6.400000 0.526299
v 8.000000 6.400000 0.516487
v 8.200000 6.400000 0.503238
v 8.400000 6.400000 0.487476
v 8.600000 6.400000 0.468189
v 8.800000 6.400000 0.444369
v 9.000000 6.400000 0.416947
v 9.200000 6.400000 0.388617
v 9.400000 6.400000 0.362162
v 9.600000 6.400000 0.340904
v 9.800000 6.400000 0.328514
v 10.000000 6.400000 0.327594
v 10.200000 6.400000 0.333449
v 10.400000 6.400000 0.343737
v 10.600000 6.400000 0.356914
v 10.800000 6.400000 0.370380
v 11.000000 6.400000 0.380882
v 11.200000 6.400000 0.385214
v 11.400000 6.400000 0.382469
v 11.600000 6.400000 0.375982
v 11.800000 6.400000 0.369593
v 12.000000 6.400000 0.367596
v 12.200000 6.400000 0.371003
v 12.400000 6.400000 0.379712
v 12.600000 6.400000 0.389336
v 12.800000 6.400000 0.399288
v 13.000000 6.400000 0.412478
v 13.200000 6.400000 0.429008
v 13.400000 6.400000 0.448409
v 13.600000 6.400000 0.472288
v 13.800000 6.400000 0.501828
v 14.000000 6.400000 0.534119
v 14.200000 6.400000 0.564406
v 14.400000 6.400000 0.587629
v 14.600000 6.400000 0.602759
v 14.800000 6.400000 0.612535
v 15.000000 6.400000 0.621100
v 15.200000 6.400000 0.630416
v 15.400000 6.400000 0.635391
v 15.600000 6.400000 0.631342
v 15.800000 6.400000 0.620309
v 16.000000 6.400000 0.608271
v 16.200000 6.400000 0.599210
v 16.400000 6.400000 0.587591
v 16.600000 6.400000 0.573643
v 16.800000 6.400000 0.558786
v 17.000000 6.400000 0.545374
v 17.200000 6.400000 0.535680
v 17.400000 6.400000 0.532409
v 17.600000 6.400000 0.541118
v 17.800000 6.400000 0.559063
v 18.000000 6.400000 0.581745
v 18.200000 6.400000 0.606776
v 18.400000 6.400000 0.628467
v 18.600000 6.400000 0.639947
v 18.800000 6.400000 0.639583
v 19.000000 6.400000 0.631189
v 19.200000 6.400000 0.618288
v 19.400000 6.400000 0.604369
v 19.600000 6.400000 0.593182
v 19.800000 6.400000 0.588594
v 0.000000 6.600000 0.737413
v 0.200000 6.600000 0.742570
v 0.400000 6.600000 0.755470
v 0.600000 6.600000 0.772255
v 0.800000 6.600000 0.787603
v 1.000000 6.600000 0.799156
v 1.200000 6.600000 0.808944
v 1.400000 6.600000 0.823202
v 1.600000 6.600000 0.846692
v 1.800000 6.600000 0.871613
v 2.000000 6.600000 0.892129
v 2.200000 6.600000 0.906033
v 2.400000 6.600000 0.905122
v 2.600000 6.600000 0.883721
v 2.800000 6.600000 0.849712
v 3.000000 6.600000 0.808041
v 3.200000 6.600000 0.762865
v 3.400000 6.600000 0.718436
v 3.600000 6.600000 0.679653
v 3.800000 6.600000 0.649906
v 4.000000 6.600000 0.621336
v 4.200000 6.600000 0.594730
v 4.400000 6.600000 0.573165
v 4.600000 6.600000 0.556018
v 4.800000 6.600000 0.542051
v 5.000000 6.600000 0.530749
v 5.200000 6.600000 0.525590
v 5.400000 6.600000 0.526594
v 5.600000 6.600000 0.531796
v 5.800000 6.600000 0.538287
v 6.000000 6.600000 0.543623
v 6.200000 6.600000 0.545936
v 6.400000 6.600000 0.547903
v 6.600000 6.600000 0.550627
v 6.800000 6.600000 0.551370
v 7.000000 6.600000 0.549838
v 7.200000 6.600000 0.548165
v 7.400000 6.600000 0.546879
v 7.600000 6.600000 0.541465
v 7.800000 6.600000 0.527246
v 8.000000 6.600000 0.509445
v 8.200000 6.600000 0.492352
v 8.400000 6.600000 0.475121
v 8.600000 6.600000 0.455731
v 8.800000 6.600000 0.432876
v 9.000000 6.600000 0.408234
v 9.200000 6.600000 0.383208
v 9.400000 6.600000 0.359481
v 9.600000 6.600000 0.340632
v 9.800000 6.600000 0.329775
v 10.000000 6.600000 0.329073
v 10.200000 6.600000 0.334893
v 10.400000 6.600000 0.345160
v 10.600000 6.600000 0.358417
v 10.800000 6.600000 0.372369
v 11.000000 6.600000 0.383685
v 11.200000 6.600000 0.389036
v 11.400000 6.600000 0.387859
v 11.600000 6.600000 0.383090
v 11.800000 6.600000 0.377764
v 12.000000 6.600000 0.372717
v 12.200000 6.600000 0.371274
v 12.400000 6.600000 0.378077
v 12.600000 6.600000 0.391261
v 12.800000 6.600000 0.406695
v 13.000000 6.600000 0.422719
v 13.200000 6.600000 0.437890
v 13.400000 6.600000 0.453905
v 13.600000 6.600000 0.473711
v 13.800000 6.600000 0.499047
v 14.000000 6.600000 0.526700
v 14.200000 6.600000 0.552216
v 14.400000 6.600000 0.571226
v 14.600000 6.600000 0.583617
v 14.800000 6.600000 0.592313
v 15.000000 6.600000 0.600450
v 15.200000 6.600000 0.608473
v 15.400000 6.600000 0.613619
v 15.600000 6.600000 0.613580
v 15.800000 6.600000 0.609457
v 16.000000 6.600000 0.603153
v 16.200000 6.600000 0.595653
v 16.400000 6.600000 0.584592
v 16.600000 6.600000 0.570980
v 16.800000 6.600000 0.556263
v 17.000000 6.600000 0.542044
v 17.200000 6.600000 0.531364
v 17.400000 6.600000 0.527933
v 17.600000 6.600000 0.537121
v 17.800000 6.600000 0.554771
v 18.000000 6.600000 0.575019
v 18.200000 6.600000 0.596388
v 18.400000 6.600000 0.614851
v 18.600000 6.600000 0.624702
v 18.800000 6.600000 0.621154
v 19.000000 6.600000 0.608408
v 19.200000 6.600000 0.593011
v 19.400000 6.600000 0.578888
v 19.600000 6.600000 0.568195
v 19.800000 6.600000 0.563958
v 0.000000 6.800000 0.719920
v 0.200000 6.800000 0.725780
v 0.400000 6.800000 0.740543
v 0.600000 6.800000 0.759979
v 0.800000 6.800000 0.779031
v 1.000000 6.800000 0.795546
v 1.200000 6.800000 0.810660
v 1.400000 6.800000 0.829790
v 1.600000 6.800000 0.857443
v 1.800000 6.800000 0.885784
v 2.000000 6.800000 0.908746
v 2.200000 6.800000 0.923842
v 2.400000 6.800000 0.923395
v 2.600000 6.800000 0.902233
v 2.800000 6.800000 0.868101
v 3.000000 6.800000 0.825451
v 3.200000 6.800000 0.777982
v 3.400000 6.800000 0.730369
v 3.600000 6.800000 0.688851
v 3.800000 6.800000 0.658352
v 4.000000 6.800000 0.632578
v 4.200000 6.800000 0.611153
v 4.400000 6.800000 0.595740
v 4.600000 6.800000 0.585678
v 4.800000 6.800000 0.577339
v 5.000000 6.800000 0.567220
v 5.200000 6.800000 0.559250
v 5.400000 6.800000 0.555772
v 5.600000 6.800000 0.556683
v 5.800000 6.800000 0.559949
v 6.000000 6.800000 0.562755
v 6.200000 6.800000 0.562881
v 6.400000 6.800000 0.562482
v 6.600000 6.800000 0.562988
v 6.800000 6.800000 0.562461
v 7.000000 6.800000 0.561521
v 7.200000 6.800000 0.561437
v 7.400000 6.800000 0.560764
v 7.600000 6.800000 0.552105
v 7.800000 6.800000 0.530629
v 8.000000 6.800000 0.505132
v 8.200000 6.800000 0.482562
v 8.400000 6.800000 0.461770
v 8.600000 6.800000 0.440846
v 8.800000 6.800000 0.418690
v 9.000000 6.800000 0.396646
v 9.200000 6.800000 0.375002
v 9.400000 6.800000 0.354477
v 9.600000 6.800000 0.338438
v 9.800000 6.800000 0.329339
v 10.000000 6.800000 0.328862
v 10.200000 6.800000 0.334496
v 10.400000 6.800000 0.344502
v 10.600000 6.800000 0.357557
v 10.800000 6.800000 0.371621
v 11.000000 6.800000 0.383410
v 11.200000 6.800000 0.389600
v 11.400000 6.800000 0.389683
v 11.600000 6.800000 0.386284
v 11.800000 6.800000 0.381958
v 12.000000 6.800000 0.375586
v 12.200000 6.800000 0.371736
v 12.400000 6.800000 0.377646
v 12.600000 6.800000 0.393447
v 12.800000 6.800000 0.413134
v 13.000000 6.800000 0.432115
v 13.200000 6.800000 0.447689
v 13.400000 6.800000 0.462346
v 13.600000 6.800000 0.479368
v 13.800000 6.800000 0.500772
v 14.000000 6.800000 0.523712
v 14.200000 6.800000 0.544256
v 14.400000 6.800000 0.558771
v 14.600000 6.800000 0.568006
v 14.800000 6.800000 0.575341
v 15.000000 6.800000 0.583625
v 15.200000 6.800000 0.592247
v 15.400000 6.800000 0.599349
v 15.600000 6.800000 0.603555
v 15.800000 6.800000 0.605070
v 16.000000 6.800000 0.603159
v 16.200000 6.800000 0.596927
v 16.400000 6.800000 0.586318
v 16.600000 6.800000 0.572906
v 16.800000 6.800000 0.558198
v 17.000000 6.800000 0.543431
v 17.200000 6.800000 0.532123
v 17.400000 6.800000 0.528489
v 17.600000 6.800000 0.536957
v 17.800000 6.800000 0.552709
v 18.000000 6.800000 0.569538
v 18.200000 6.800000 0.586885
v 18.400000 6.800000 0.602051
v 18.600000 6.800000 0.610367
v 18.800000 6.800000 0.604682
v 19.000000 6.800000 0.589044
v 19.200000 6.800000 0.571755
v 19.400000 6.800000 0.557058
v 19.600000 6.800000 0.546304
v 19.800000 6.800000 0.542133
v 0.000000 7.000000 0.709281
v 0.200000 7.000000 0.716086
v 0.400000 7.000000 0.733047
v 0.600000 7.000000 0.754983
v 0.800000 7.000000 0.776683
v 1.000000 7.000000 0.796613
v 1.200000 7.000000 0.815671
v 1.400000 7.000000 0.838574
v 1.600000 7.000000 0.869050
v 1.800000 7.000000 0.899672
v 2.000000 7.000000 0.924173
v 2.200000 7.000000 0.939219
v 2.400000 7.000000 0.938357
v 2.600000 7.000000 0.917036
v 2.800000 7.000000 0.881443
v 3.000000 7.000000 0.836616
v 3.200000 7.000000 0.787342
v 3.400000 7.000000 0.739604
v 3.600000 7.000000 0.698468
v 3.800000 7.000000 0.668064
v 4.000000 7.000000 0.645596
v 4.200000 7.000000 0.629897
v 4.400000 7.000000 0.620684
v 4.600000 7.000000 0.615322
v 4.800000 7.000000 0.609602
v 5.000000 7.000000 0.599776
v 5.200000 7.000000 0.590801
v 5.400000 7.000000 0.585323
v 5.600000 7.000000 0.583025
v 5.800000 7.000000 0.582519
v 6.000000 7.000000 0.581892
v 6.200000 7.000000 0.579539
v 6.400000 7.000000 0.576855
v 6.600000 7.000000 0.575096
v 6.800000 7.000000 0.573350
v 7.000000 7.000000 0.572182
v 7.200000 7.000000 0.571822
v 7.400000 7.000000 0.570551
v 7.600000 7.000000 0.560609
v 7.800000 7.000000 0.536574
v 8.000000 7.000000 0.506648
v 8.200000 7.000000 0.477894
v 8.400000 7.000000 0.451431
v 8.600000 7.000000 0.427269
v 8.800000 7.000000 0.405239
v 9.000000 7.000000 0.384671
v 9.200000 7.000000 0.365435
v 9.400000 7.000000 0.347869
v 9.600000 7.000000 0.334431
v 9.800000 7.000000 0.326923
v 10.000000 7.000000 0.326705
v 10.200000 7.000000 0.332492
v 10.400000 7.000000 0.342554
v 10.600000 7.000000 0.355225
v 10.800000 7.000000 0.367982
v 11.000000 7.000000 0.378620
v 11.200000 7.000000 0.385106
v 11.400000 7.000000 0.386682
v 11.600000 7.000000 0.384997
v 11.800000 7.000000 0.381854
v 12.000000 7.000000 0.377136
v 12.200000 7.000000 0.375131
v 12.400000 7.000000 0.381899
v 12.600000 7.000000 0.397518
v 12.800000 7.000000 0.417163
v 13.000000 7.000000 0.437291
v 13.200000 7.000000 0.455391
v 13.400000 7.000000 0.472102
v 13.600000 7.000000 0.488639
v 13.800000 7.000000 0.506027
v 14.000000 7.000000 0.523237
v 14.200000 7.000000 0.538285
v 14.400000 7.000000 0.549167
v 14.600000 7.000000 0.556621
v 14.800000 7.000000 0.563514
v 15.000000 7.000000 0.572402
v 15.200000 7.000000 0.582862
v 15.400000 7.000000 0.592893
v 15.600000 7.000000 0.600916
v 15.800000 7.000000 0.606359
v 16.000000 7.000000 0.607272
v 16.200000 7.000000 0.601789
v 16.400000 7.000000 0.590705
v 16.600000 7.000000 0.576588
v 16.800000 7.000000 0.561706
v 17.000000 7.000000 0.546892
v 17.200000 7.000000 0.535540
v 17.400000 7.000000 0.531790
v 17.600000 7.000000 0.539073
v 17.800000 7.000000 0.552400
v 18.000000 7.000000 0.565661
v 18.200000 7.000000 0.578603
v 18.400000 7.000000 0.589970
v 18.600000 7.000000 0.596707
v 18.800000 7.000000 0.591114
v 19.000000 7.000000 0.575778
v 19.200000 7.000000 0.558065
v 19.400000 7.000000 0.542742
v 19.600000 7.000000 0.531771
v 19.800000 7.000000 0.527575
v 0.000000 7.200000 0.704409
v 0.200000 7.200000 0.712579
v 0.400000 7.200000 0.732406
v 0.600000 7.200000 0.756862
v 0.800000 7.200000 0.780498
v 1.000000 7.200000 0.803084
v 1.200000 7.200000 0.825110
v 1.400000 7.200000 0.850446
v 1.600000 7.200000 0.882267
v 1.800000 7.200000 0.913984
v 2.000000 7.200000 0.938925
v 2.200000 7.200000 0.952056
v 2.400000 7.200000 0.949370
v 2.600000 7.200000 0.927718
v 2.800000 7.200000 0.890534
v 3.000000 7.200000 0.843602
v 3.200000 7.200000 0.793393
v 3.400000 7.200000 0.748002
v 3.600000 7.200000 0.709648
v 3.800000 7.200000 0.680004
v 4.000000 7.200000 0.660835
v 4.200000 7.200000 0.650392
v 4.400000 7.200000 0.646197
v 4.600000 7.200000 0.643356
v 4.800000 7.200000 0.638198
v 5.000000 7.200000 0.628100
v 5.200000 7.200000 0.619045
v 5.400000 7.200000 0.612981
v 5.600000 7.200000 0.608512
v 5.800000 7.200000 0.604893
v 6.000000 7.200000 0.601377
v 6.200000 7.200000 0.596941
v 6.400000 7.200000 0.591357
v 6.600000 7.200000 0.585957
v 6.800000 7.200000 0.582169
v 7.000000 7.200000 0.580721
v 7.200000 7.200000 0.580046
v 7.400000 7.200000 0.578153
v 7.600000 7.200000 0.568029
v 7.800000 7.200000 0.544211
v 8.000000 7.200000 0.512304
v 8.200000 7.200000 0.478162
v 8.400000 7.200000 0.446025
v 8.600000 7.200000 0.418319
v 8.800000 7.200000 0.395973
v 9.000000 7.200000 0.375887
v 9.200000 7.200000 0.357958
v 9.400000 7.200000 0.342538
v 9.600000 7.200000 0.331031
v 9.800000 7.200000 0.324701
v 10.000000 7.200000 0.324759
v 10.200000 7.200000 0.331149
v 10.400000 7.200000 0.341750
v 10.600000 7.200000 0.354028
v 10.800000 7.200000 0.364312
v 11.000000 7.200000 0.372393
v 11.200000 7.200000 0.378678
v 11.400000 7.200000 0.382198
v 11.600000 7.200000 0.382852
v 11.800000 7.200000 0.381027
v 12.000000 7.200000 0.378714
v 12.200000 7.200000 0.379728
v 12.400000 7.200000 0.387835
v 12.600000 7.200000 0.401872
v 12.800000 7.200000 0.419244
v 13.000000 7.200000 0.439329
v 13.200000 7.200000 0.460817
v 13.400000 7.200000 0.481446
v 13.600000 7.200000 0.499096
v 13.800000 7.200000 0.512831
v 14.000000 7.200000 0.524057
v 14.200000 7.200000 0.533888
v 14.400000 7.200000 0.542774
v 14.600000 7.200000 0.550623
v 14.800000 7.200000 0.558466
v 15.000000 7.200000 0.567709
v 15.200000 7.200000 0.578948
v 15.400000 7.200000 0.590722
v 15.600000 7.200000 0.601866
v 15.800000 7.200000 0.611084
v 16.000000 7.200000 0.614815
v 16.200000 7.200000 0.609731
v 16.400000 7.200000 0.597163
v 16.600000 7.200000 0.581398
v 16.800000 7.200000 0.566136
v 17.000000 7.200000 0.551303
v 17.200000 7.200000 0.539955
v 17.400000 7.200000 0.536188
v 17.600000 7.200000 0.543232
v 17.800000 7.200000 0.555479
v 18.000000 7.200000 0.566129
v 18.200000 7.200000 0.574649
v 18.400000 7.200000 0.581779
v 18.600000 7.200000 0.586868
v 18.800000 7.200000 0.582428
v 19.000000 7.200000 0.568882
v 19.200000 7.200000 0.551547
v 19.400000 7.200000 0.536060
v 19.600000 7.200000 0.525436
v 19.800000 7.200000 0.521491
v 0.000000 7.400000 0.708317
v 0.200000 7.400000 0.717310
v 0.400000 7.400000 0.738829
v 0.600000 7.400000 0.764682
v 0.800000 7.400000 0.789272
v 1.000000 7.400000 0.813198
v 1.200000 7.400000 0.836696
v 1.400000 7.400000 0.863160
v 1.600000 7.400000 0.895521
v 1.800000 7.400000 0.927720
v 2.000000 7.400000 0.952826
v 2.200000 7.400000 0.964722
v 2.400000 7.400000 0.960949
v 2.600000 7.400000 0.939259
v 2.800000 7.400000 0.901381
v 3.000000 7.400000 0.853520
v 3.200000 7.400000 0.803153
v 3.400000 7.400000 0.759656
v 3.600000 7.400000 0.723384
v 3.800000 7.400000 0.694356
v 4.000000 7.400000 0.676946
v 4.200000 7.400000 0.669148
v 4.400000 7.400000 0.667279
v 4.600000 7.400000 0.665200
v 4.800000 7.400000 0.659767
v 5.000000 7.400000 0.649246
v 5.200000 7.400000 0.640149
v 5.400000 7.400000 0.633843
v 5.600000 7.400000 0.628181
v 5.800000 7.400000 0.622757
v 6.000000 7.400000 0.617496
v 6.200000 7.400000 0.611676
v 6.400000 7.400000 0.604034
v 6.600000 7.400000 0.596004
v 6.800000 7.400000 0.590528
v 7.000000 7.400000 0.588478
v 7.200000 7.400000 0.587182
v 7.400000 7.400000 0.584514
v 7.600000 7.400000 0.574100
v 7.800000 7.400000 0.550585
v 8.000000 7.400000 0.517776
v 8.200000 7.400000 0.480607
v 8.400000 7.400000 0.445139
v 8.600000 7.400000 0.415178
v 8.800000 7.400000 0.392264
v 9.000000 7.400000 0.371942
v 9.200000 7.400000 0.354229
v 9.400000 7.400000 0.339574
v 9.600000 7.400000 0.328805
v 9.800000 7.400000 0.322936
v 10.000000 7.400000 0.323135
v 10.200000 7.400000 0.329951
v 10.400000 7.400000 0.340960
v 10.600000 7.400000 0.353062
v 10.800000 7.400000 0.361837
v 11.000000 7.400000 0.368320
v 11.200000 7.400000 0.374445
v 11.400000 7.400000 0.379145
v 11.600000 7.400000 0.381230
v 11.800000 7.400000 0.380203
v 12.000000 7.400000 0.379395
v 12.200000 7.400000 0.382335
v 12.400000 7.400000 0.391342
v 12.600000 7.400000 0.404339
v 12.800000 7.400000 0.420129
v 13.000000 7.400000 0.440032
v 13.200000 7.400000 0.463588
v 13.400000 7.400000 0.486786
v 13.600000 7.400000 0.505484
v 13.800000 7.400000 0.517505
v 14.000000 7.400000 0.525665
v 14.200000 7.400000 0.532947
v 14.400000 7.400000 0.541267
v 14.600000 7.400000 0.549918
v 14.800000 7.400000 0.558676
v 15.000000 7.400000 0.568149
v 15.200000 7.400000 0.579644
v 15.400000 7.400000 0.592134
v 15.600000 7.400000 0.604812
v 15.800000 7.400000 0.616011
v 16.000000 7.400000 0.621246
v 16.200000 7.400000 0.616318
v 16.400000 7.400000 0.602765
v 16.600000 7.400000 0.585935
v 16.800000 7.400000 0.570425
v 17.000000 7.400000 0.555580
v 17.200000 7.400000 0.544230
v 17.400000 7.400000 0.540457
v 17.600000 7.400000 0.547563
v 17.800000 7.400000 0.559521
v 18.000000 7.400000 0.568993
v 18.200000 7.400000 0.575173
v 18.400000 7.400000 0.579965
v 18.600000 7.400000 0.584149
v 18.800000 7.400000 0.580519
v 19.000000 7.400000 0.568215
v 19.200000 7.400000 0.551235
v 19.400000 7.400000 0.535750
v 19.600000 7.400000 0.525424
v 19.800000 7.400000 0.521667
v 0.000000 7.600000 0.726368
v 0.200000 7.600000 0.734470
v 0.400000 7.600000 0.754230
v 0.600000 7.600000 0.778828
v 0.800000 7.600000 0.803428
v 1.000000 7.600000 0.827908
v 1.200000 7.600000 0.851844
v 1.400000 7.600000 0.878025
v 1.600000 7.600000 0.909531
v 1.800000 7.600000 0.940926
v 2.000000 7.600000 0.965732
v 2.200000 7.600000 0.977631
v 2.400000 7.600000 0.974083
v 2.600000 7.600000 0.952974
v 2.800000 7.600000 0.916490
v 3.000000 7.600000 0.870365
v 3.200000 7.600000 0.821321
v 3.400000 7.600000 0.777776
v 3.600000 7.600000 0.741025
v 3.800000 7.600000 0.712112
v 4.000000 7.600000 0.694872
v 4.200000 7.600000 0.686496
v 4.400000 7.600000 0.682777
v 4.600000 7.600000 0.678936
v 4.800000 7.600000 0.672351
v 5.000000 7.600000 0.661256
v 5.200000 7.600000 0.650991
v 5.400000 7.600000 0.643089
v 5.600000 7.600000 0.636207
v 5.800000 7.600000 0.629995
v 6.000000 7.600000 0.623958
v 6.200000 7.600000 0.617120
v 6.400000 7.600000 0.608288
v 6.600000 7.600000 0.599045
v 6.800000 7.600000 0.592293
v 7.000000 7.600000 0.589286
v 7.200000 7.600000 0.587472
v 7.400000 7.600000 0.584193
v 7.600000 7.600000 0.572553
v 7.800000 7.600000 0.547598
v 8.000000 7.600000 0.514144
v 8.200000 7.600000 0.477721
v 8.400000 7.600000 0.443464
v 8.600000 7.600000 0.414253
v 8.800000 7.600000 0.391090
v 9.000000 7.600000 0.370283
v 9.200000 7.600000 0.352148
v 9.400000 7.600000 0.337273
v 9.600000 7.600000 0.326250
v 9.800000 7.600000 0.320187
v 10.000000 7.600000 0.320414
v 10.200000 7.600000 0.327603
v 10.400000 7.600000 0.339125
v 10.600000 7.600000 0.351647
v 10.800000 7.600000 0.360766
v 11.000000 7.600000 0.367627
v 11.200000 7.600000 0.374271
v 11.400000 7.600000 0.379843
v 11.600000 7.600000 0.383119
v 11.800000 7.600000 0.383494
v 12.000000 7.600000 0.384221
v 12.200000 7.600000 0.388447
v 12.400000 7.600000 0.398032
v 12.600000 7.600000 0.411276
v 12.800000 7.600000 0.427175
v 13.000000 7.600000 0.446760
v 13.200000 7.600000 0.469481
v 13.400000 7.600000 0.491813
v 13.600000 7.600000 0.510186
v 13.800000 7.600000 0.522888
v 14.000000 7.600000 0.532352
v 14.200000 7.600000 0.540838
v 14.400000 7.600000 0.549672
v 14.600000 7.600000 0.558331
v 14.800000 7.600000 0.567054
v 15.000000 7.600000 0.576323
v 15.200000 7.600000 0.586540
v 15.400000 7.600000 0.597210
v 15.600000 7.600000 0.608158
v 15.800000 7.600000 0.618167
v 16.000000 7.600000 0.622791
v 16.200000 7.600000 0.617847
v 16.400000 7.600000 0.604766
v 16.600000 7.600000 0.588640
v 16.800000 7.600000 0.573832
v 17.000000 7.600000 0.559630
v 17.200000 7.600000 0.548703
v 17.400000 7.600000 0.544840
v 17.600000 7.600000 0.550551
v 17.800000 7.600000 0.560718
v 18.000000 7.600000 0.569248
v 18.200000 7.600000 0.575430
v 18.400000 7.600000 0.580563
v 18.600000 7.600000 0.584950
v 18.800000 7.600000 0.581950
v 19.000000 7.600000 0.570870
v 19.200000 7.600000 0.555366
v 19.400000 7.600000 0.540833
v 19.600000 7.600000 0.530801
v 19.800000 7.600000 0.527059
v 0.000000 7.800000 0.758246
v 0.200000 7.800000 0.764045
v 0.400000 7.800000 0.779144
v 0.600000 7.800000 0.800090
v 0.800000 7.800000 0.823935
v 1.000000 7.800000 0.848877
v 1.200000 7.800000 0.873013
v 1.400000 7.800000 0.897669
v 1.600000 7.800000 0.926145
v 1.800000 7.800000 0.954555
v 2.000000 7.800000 0.977592
v 2.200000 7.800000 0.988605
v 2.400000 7.800000 0.984897
v 2.600000 7.800000 0.964761
v 2.800000 7.800000 0.931661
v 3.000000 7.800000 0.890049
v 3.200000 7.800000 0.844653
v 3.400000 7.800000 0.801409
v 3.600000 7.800000 0.763753
v 3.800000 7.800000 0.735022
v 4.000000 7.800000 0.717357
v 4.200000 7.800000 0.706289
v 4.400000 7.800000 0.696745
v 4.600000 7.800000 0.687546
v 4.800000 7.800000 0.677615
v 5.000000 7.800000 0.665371
v 5.200000 7.800000 0.652839
v 5.400000 7.800000 0.641694
v 5.600000 7.800000 0.632539
v 5.800000 7.800000 0.625148
v 6.000000 7.800000 0.618008
v 6.200000 7.800000 0.609542
v 6.400000 7.800000 0.598733
v 6.600000 7.800000 0.587513
v 6.800000 7.800000 0.578649
v 7.000000 7.800000 0.574326
v 7.200000 7.800000 0.572343
v 7.400000 7.800000 0.568801
v 7.600000 7.800000 0.555710
v 7.800000 7.800000 0.529172
v 8.000000 7.800000 0.496293
v 8.200000 7.800000 0.463866
v 8.400000 7.800000 0.434577
v 8.600000 7.800000 0.408873
v 8.800000 7.800000 0.386385
v 9.000000 7.800000 0.365504
v 9.200000 7.800000 0.347252
v 9.400000 7.800000 0.332524
v 9.600000 7.800000 0.321355
v 9.800000 7.800000 0.315066
v 10.000000 7.800000 0.315398
v 10.200000 7.800000 0.323550
v 10.400000 7.800000 0.336434
v 10.600000 7.800000 0.350177
v 10.800000 7.800000 0.360413
v 11.000000 7.800000 0.368482
v 11.200000 7.800000 0.376623
v 11.400000 7.800000 0.384720
v 11.600000 7.800000 0.391459
v 11.800000 7.800000 0.395865
v 12.000000 7.800000 0.400792
v 12.200000 7.800000 0.408342
v 12.400000 7.800000 0.419186
v 12.600000 7.800000 0.432577
v 12.800000 7.800000 0.448078
v 13.000000 7.800000 0.466071
v 13.200000 7.800000 0.485885
v 13.400000 7.800000 0.505325
v 13.600000 7.800000 0.522382
v 13.800000 7.800000 0.536528
v 14.000000 7.800000 0.549142
v 14.200000 7.800000 0.560613
v 14.400000 7.800000 0.570734
v 14.600000 7.800000 0.579369
v 14.800000 7.800000 0.587824
v 15.000000 7.800000 0.596098
v 15.200000 7.800000 0.602180
v 15.400000 7.800000 0.607071
v 15.600000 7.800000 0.612351
v 15.800000 7.800000 0.618154
v 16.000000 7.800000 0.620433
v 16.200000 7.800000 0.615257
v 16.400000 7.800000 0.603483
v 16.600000 7.800000 0.589418
v 16.800000 7.800000 0.576726
v 17.000000 7.800000 0.564478
v 17.200000 7.800000 0.554864
v 17.400000 7.800000 0.550878
v 17.600000 7.800000 0.553177
v 17.800000 7.800000 0.558892
v 18.000000 7.800000 0.564985
v 18.200000 7.800000 0.571056
v 18.400000 7.800000 0.576998
v 18.600000 7.800000 0.582013
v 18.800000 7.800000 0.581032
v 19.000000 7.800000 0.573741
v 19.200000 7.800000 0.562828
v 19.400000 7.800000 0.551604
v 19.600000 7.800000 0.543045
v 19.800000 7.800000 0.539640
v 0.000000 8.000000 0.794970
v 0.200000 8.000000 0.798811
v 0.400000 8.000000 0.809751
v 0.600000 8.000000 0.826923
v 0.800000 8.000000 0.848900
v 1.000000 8.000000 0.872868
v 1.200000 8.000000 0.896050
v 1.400000 8.000000 0.918574
v 1.600000 8.000000 0.943442
v 1.800000 8.000000 0.968108
v 2.000000 8.000000 0.988353
v 2.200000 8.000000 0.997542
v 2.400000 8.000000 0.993114
v 2.600000 8.000000 0.974022
v 2.800000 8.000000 0.944956
v 3.000000 8.000000 0.909001
v 3.200000 8.000000 0.868945
v 3.400000 8.000000 0.828441
v 3.600000 8.000000 0.791934
v 3.800000 8.000000 0.763748
v 4.000000 8.000000 0.743851
v 4.200000 8.000000 0.727268
v 4.400000 8.000000 0.709262
v 4.600000 8.000000 0.692174
v 4.800000 8.000000 0.676987
v 5.000000 8.000000 0.663101
v 5.200000 8.000000 0.648622
v 5.400000 8.000000 0.634536
v 5.600000 8.000000 0.622887
v 5.800000 8.000000 0.613600
v 6.000000 8.000000 0.604496
v 6.200000 8.000000 0.593622
v 6.400000 8.000000 0.580063
v 6.600000 8.000000 0.566026
v 6.800000 8.000000 0.554299
v 7.000000 8.000000 0.547841
v 7.200000 8.000000 0.544818
v 7.400000 8.000000 0.540565
v 7.600000 8.000000 0.526830
v 7.800000 8.000000 0.500866
v 8.000000 8.000000 0.470910
v 8.200000 8.000000 0.444144
v 8.400000 8.000000 0.421002
v 8.600000 8.000000 0.399686
v 8.800000 8.000000 0.378668
v 9.000000 8.000000 0.358541
v 9.200000 8.000000 0.340875
v 9.400000 8.000000 0.326772
v 9.600000 8.000000 0.315858
v 9.800000 8.000000 0.309593
v 10.000000 8.000000 0.310073
v 10.200000 8.000000 0.319286
v 10.400000 8.000000 0.333824
v 10.600000 8.000000 0.349358
v 10.800000 8.000000 0.361482
v 11.000000 8.000000 0.371602
v 11.200000 8.000000 0.382088
v 11.400000 8.000000 0.394050
v 11.600000 8.000000 0.405966
v 11.800000 8.000000 0.416130
v 12.000000 8.000000 0.426642
v 12.200000 8.000000 0.438392
v 12.400000 8.000000 0.450741
v 12.600000 8.000000 0.463683
v 12.800000 8.000000 0.477652
v 13.000000 8.000000 0.492920
v 13.200000 8.000000 0.509080
v 13.400000 8.000000 0.525238
v 13.600000 8.000000 0.540842
v 13.800000 8.000000 0.556334
v 14.000000 8.000000 0.572029
v 14.200000 8.000000 0.586746
v 14.400000 8.000000 0.598944
v 14.600000 8.000000 0.608524
v 14.800000 8.000000 0.617309
v 15.000000 8.000000 0.624274
v 15.200000 8.000000 0.624906
v 15.400000 8.000000 0.622025
v 15.600000 8.000000 0.619280
v 15.800000 8.000000 0.618580
v 16.000000 8.000000 0.616978
v 16.200000 8.000000 0.611273
v 16.400000 8.000000 0.601013
v 16.600000 8.000000 0.589508
v 16.800000 8.000000 0.579623
v 17.000000 8.000000 0.569967
v 17.200000 8.000000 0.562080
v 17.400000 8.000000 0.558106
v 17.600000 8.000000 0.557468
v 17.800000 8.000000 0.559156
v 18.000000 8.000000 0.562538
v 18.200000 8.000000 0.567670
v 18.400000 8.000000 0.573672
v 18.600000 8.000000 0.579217
v 18.800000 8.000000 0.581094
v 19.000000 8.000000 0.579085
v 19.200000 8.000000 0.574554
v 19.400000 8.000000 0.568692
v 19.600000 8.000000 0.563453
v 19.800000 8.000000 0.561185
v 0.000000 8.200000 0.828780
v 0.200000 8.200000 0.831773
v 0.400000 8.200000 0.840592
v 0.600000 8.200000 0.855002
v 0.800000 8.200000 0.874402
v 1.000000 8.200000 0.896304
v 1.200000 8.200000 0.917620
v 1.400000 8.200000 0.937854
v 1.600000 8.200000 0.959559
v 1.800000 8.200000 0.980713
v 2.000000 8.200000 0.997631
v 2.200000 8.200000 1.004216
v 2.400000 8.200000 0.998518
v 2.600000 8.200000 0.980309
v 2.800000 8.200000 0.954918
v 3.000000 8.200000 0.924426
v 3.200000 8.200000 0.890610
v 3.400000 8.200000 0.856343
v 3.600000 8.200000 0.824470
v 3.800000 8.200000 0.797273
v 4.000000 8.200000 0.772093
v 4.200000 8.200000 0.746426
v 4.400000 8.200000 0.718724
v 4.600000 8.200000 0.692963
v 4.800000 8.200000 0.671712
v 5.000000 8.200000 0.656049
v 5.200000 8.200000 0.641476
v 5.400000 8.200000 0.626855
v 5.600000 8.200000 0.613386
v 5.800000 8.200000 0.600334
v 6.000000 8.200000 0.586596
v 6.200000 8.200000 0.571785
v 6.400000 8.200000 0.555900
v 6.600000 8.200000 0.540161
v 6.800000 8.200000 0.526022
v 7.000000 8.200000 0.515605
v 7.200000 8.200000 0.508350
v 7.400000 8.200000 0.501435
v 7.600000 8.200000 0.488772
v 7.800000 8.200000 0.467568
v 8.000000 8.200000 0.443818
v 8.200000 8.200000 0.422905
v 8.400000 8.200000 0.404845
v 8.600000 8.200000 0.387185
v 8.800000 8.200000 0.368158
v 9.000000 8.200000 0.349462
v 9.200000 8.200000 0.332984
v 9.400000 8.200000 0.320103
v 9.600000 8.200000 0.310511
v 9.800000 8.200000 0.305165
v 10.000000 8.200000 0.305746
v 10.200000 8.200000 0.314926
v 10.400000 8.200000 0.330116
v 10.600000 8.200000 0.347690
v 10.800000 8.200000 0.363081
v 11.000000 8.200000 0.376810
v 11.200000 8.200000 0.390582
v 11.400000 8.200000 0.407765
v 11.600000 8.200000 0.426424
v 11.800000 8.200000 0.443267
v 12.000000 8.200000 0.458879
v 12.200000 8.200000 0.473739
v 12.400000 8.200000 0.487076
v 12.600000 8.200000 0.498942
v 12.800000 8.200000 0.510362
v 13.000000 8.200000 0.522287
v 13.200000 8.200000 0.534995
v 13.400000 8.200000 0.548420
v 13.600000 8.200000 0.562898
v 13.800000 8.200000 0.579017
v 14.000000 8.200000 0.596319
v 14.200000 8.200000 0.613356
v 14.400000 8.200000 0.628575
v 14.600000 8.200000 0.641383
v 14.800000 8.200000 0.652162
v 15.000000 8.200000 0.658041
v 15.200000 8.200000 0.653588
v 15.400000 8.200000 0.643036
v 15.600000 8.200000 0.631450
v 15.800000 8.200000 0.622428
v 16.000000 8.200000 0.615388
v 16.200000 8.200000 0.608701
v 16.400000 8.200000 0.599302
v 16.600000 8.200000 0.589778
v 16.800000 8.200000 0.582727
v 17.000000 8.200000 0.576351
v 17.200000 8.200000 0.570919
v 17.400000 8.200000 0.567366
v 17.600000 8.200000 0.565950
v 17.800000 8.200000 0.566171
v 18.000000 8.200000 0.567512
v 18.200000 8.200000 0.570024
v 18.400000 8.200000 0.573929
v 18.600000 8.200000 0.579329
v 18.800000 8.200000 0.585078
v 19.000000 8.200000 0.589812
v 19.200000 8.200000 0.592569
v 19.400000 8.200000 0.592926
v 19.600000 8.200000 0.592062
v 19.800000 8.200000 0.591448
v 0.000000 8.400000 0.857515
v 0.200000 8.400000 0.859577
v 0.400000 8.400000 0.866114
v 0.600000 8.400000 0.877650
v 0.800000 8.400000 0.895015
v 1.000000 8.400000 0.916055
v 1.200000 8.400000 0.936171
v 1.400000 8.400000 0.953920
v 1.600000 8.400000 0.972501
v 1.800000 8.400000 0.990277
v 2.000000 8.400000 1.003920
v 2.200000 8.400000 1.007850
v 2.400000 8.400000 1.000813
v 2.600000 8.400000 0.983354
v 2.800000 8.400000 0.961075
v 3.000000 8.400000 0.935265
v 3.200000 8.400000 0.907193
v 3.400000 8.400000 0.879928
v 3.600000 8.400000 0.853764
v 3.800000 8.400000 0.827680
v 4.000000 8.400000 0.795812
v 4.200000 8.400000 0.759962
v 4.400000 8.400000 0.723682
v 4.600000 8.400000 0.691204
v 4.800000 8.400000 0.665406
v 5.000000 8.400000 0.648493
v 5.200000 8.400000 0.635426
v 5.400000 8.400000 0.622365
v 5.600000 8.400000 0.607695
v 5.800000 8.400000 0.588557
v 6.000000 8.400000 0.566780
v 6.200000 8.400000 0.546248
v 6.400000 8.400000 0.529706
v 6.600000 8.400000 0.515418
v 6.800000 8.400000 0.500574
v 7.000000 8.400000 0.484345
v 7.200000 8.400000 0.469306
v 7.400000 8.400000 0.457519
v 7.600000 8.400000 0.446960
v 7.800000 8.400000 0.432903
v 8.000000 8.400000 0.416850
v 8.200000 8.400000 0.401087
v 8.400000 8.400000 0.386809
v 8.600000 8.400000 0.372041
v 8.800000 8.400000 0.355214
v 9.000000 8.400000 0.337908
v 9.200000 8.400000 0.322625
v 9.400000 8.400000 0.311528
v 9.600000 8.400000 0.304567
v 9.800000 8.400000 0.301277
v 10.000000 8.400000 0.301865
v 10.200000 8.400000 0.309391
v 10.400000 8.400000 0.323629
v 10.600000 8.400000 0.343288
v 10.800000 8.400000 0.363607
v 11.000000 8.400000 0.382839
v 11.200000 8.400000 0.400790
v 11.400000 8.400000 0.424206
v 11.600000 8.400000 0.450571
v 11.800000 8.400000 0.474075
v 12.000000 8.400000 0.492992
v 12.200000 8.400000 0.508686
v 12.400000 8.400000 0.522071
v 12.600000 8.400000 0.533100
v 12.800000 8.400000 0.542476
v 13.000000 8.400000 0.551653
v 13.200000 8.400000 0.561382
v 13.400000 8.400000 0.572344
v 13.600000 8.400000 0.585773
v 13.800000 8.400000 0.602055
v 14.000000 8.400000 0.619938
v 14.200000 8.400000 0.638412
v 14.400000 8.400000 0.657042
v 14.600000 8.400000 0.674817
v 14.800000 8.400000 0.688945
v 15.000000 8.400000 0.694235
v 15.200000 8.400000 0.686181
v 15.400000 8.400000 0.669688
v 15.600000 8.400000 0.650242
v 15.800000 8.400000 0.632651
v 16.000000 8.400000 0.619574
v 16.200000 8.400000 0.611511
v 16.400000 8.400000 0.601840
v 16.600000 8.400000 0.593005
v 16.800000 8.400000 0.588222
v 17.000000 8.400000 0.585859
v 17.200000 8.400000 0.583913
v 17.400000 8.400000 0.581160
v 17.600000 8.400000 0.580047
v 17.800000 8.400000 0.580218
v 18.000000 8.400000 0.580222
v 18.200000 8.400000 0.579077
v 18.400000 8.400000 0.579272
v 18.600000 8.400000 0.584008
v 18.800000 8.400000 0.594704
v 19.000000 8.400000 0.607461
v 19.200000 8.400000 0.617445
v 19.400000 8.400000 0.622518
v 19.600000 8.400000 0.624392
v 19.800000 8.400000 0.624662
v 0.000000 8.600000 0.879805
v 0.200000 8.600000 0.881108
v 0.400000 8.600000 0.885753
v 0.600000 8.600000 0.894845
v 0.800000 8.600000 0.910320
v 1.000000 8.600000 0.930267
v 1.200000 8.600000 0.948870
v 1.400000 8.600000 0.964066
v 1.600000 8.600000 0.979823
v 1.800000 8.600000 0.994761
v 2.000000 8.600000 1.005785
v 2.200000 8.600000 1.007664
v 2.400000 8.600000 0.999644
v 2.600000 8.600000 0.982729
v 2.800000 8.600000 0.962453
v 3.000000 8.600000 0.939636
v 3.200000 8.600000 0.915348
v 3.400000 8.600000 0.893017
v 3.600000 8.600000 0.871120
v 3.800000 8.600000 0.846283
v 4.000000 8.600000 0.810513
v 4.200000 8.600000 0.768687
v 4.400000 8.600000 0.727938
v 4.600000 8.600000 0.692244
v 4.800000 8.600000 0.664279
v 5.000000 8.600000 0.646722
v 5.200000 8.600000 0.634625
v 5.400000 8.600000 0.622357
v 5.600000 8.600000 0.606118
v 5.800000 8.600000 0.581416
v 6.000000 8.600000 0.552438
v 6.200000 8.600000 0.526494
v 6.400000 8.600000 0.508578
v 6.600000 8.600000 0.494673
v 6.800000 8.600000 0.478619
v 7.000000 8.600000 0.457272
v 7.200000 8.600000 0.435700
v 7.400000 8.600000 0.419851
v 7.600000 8.600000 0.410739
v 7.800000 8.600000 0.401911
v 8.000000 8.600000 0.391473
v 8.200000 8.600000 0.379419
v 8.400000 8.600000 0.368033
v 8.600000 8.600000 0.355879
v 8.800000 8.600000 0.341557
v 9.000000 8.600000 0.326166
v 9.200000 8.600000 0.312606
v 9.400000 8.600000 0.303597
v 9.600000 8.600000 0.299230
v 9.800000 8.600000 0.297851
v 10.000000 8.600000 0.298519
v 10.200000 8.600000 0.305002
v 10.400000 8.600000 0.318971
v 10.600000 8.600000 0.340940
v 10.800000 8.600000 0.365947
v 11.000000 8.600000 0.390408
v 11.200000 8.600000 0.412558
v 11.400000 8.600000 0.441424
v 11.600000 8.600000 0.474022
v 11.800000 8.600000 0.502683
v 12.000000 8.600000 0.523985
v 12.200000 8.600000 0.540124
v 12.400000 8.600000 0.553482
v 12.600000 8.600000 0.564126
v 12.800000 8.600000 0.572466
v 13.000000 8.600000 0.580196
v 13.200000 8.600000 0.588287
v 13.400000 8.600000 0.597858
v 13.600000 8.600000 0.610699
v 13.800000 8.600000 0.626979
v 14.000000 8.600000 0.644961
v 14.200000 8.600000 0.664087
v 14.400000 8.600000 0.684918
v 14.600000 8.600000 0.706218
v 14.800000 8.600000 0.722792
v 15.000000 8.600000 0.727887
v 15.200000 8.600000 0.718002
v 15.400000 8.600000 0.698250
v 15.600000 8.600000 0.674108
v 15.800000 8.600000 0.650995
v 16.000000 8.600000 0.633791
v 16.200000 8.600000 0.624451
v 16.400000 8.600000 0.613962
v 16.600000 8.600000 0.604867
v 16.800000 8.600000 0.601021
v 17.000000 8.600000 0.601083
v 17.200000 8.600000 0.601407
v 17.400000 8.600000 0.599209
v 17.600000 8.600000 0.598634
v 17.800000 8.600000 0.599311
v 18.000000 8.600000 0.598928
v 18.200000 8.600000 0.595564
v 18.400000 8.600000 0.593382
v 18.600000 8.600000 0.597899
v 18.800000 8.600000 0.612217
v 19.000000 8.600000 0.630489
v 19.200000 8.600000 0.645086
v 19.400000 8.600000 0.652775
v 19.600000 8.600000 0.655953
v 19.800000 8.600000 0.656577
v 0.000000 8.800000 0.896443
v 0.200000 8.800000 0.897061
v 0.400000 8.800000 0.900003
v 0.600000 8.800000 0.906903
v 0.800000 8.800000 0.919889
v 1.000000 8.800000 0.937011
v 1.200000 8.800000 0.952839
v 1.400000 8.800000 0.965462
v 1.600000 8.800000 0.978660
v 1.800000 8.800000 0.991234
v 2.000000 8.800000 1.000304
v 2.200000 8.800000 1.000881
v 2.400000 8.800000 0.992359
v 2.600000 8.800000 0.975987
v 2.800000 8.800000 0.957407
v 3.000000 8.800000 0.936720
v 3.200000 8.800000 0.914241
v 3.400000 8.800000 0.893186
v 3.600000 8.800000 0.872408
v 3.800000 8.800000 0.848867
v 4.000000 8.800000 0.814378
v 4.200000 8.800000 0.773781
v 4.400000 8.800000 0.734265
v 4.600000 8.800000 0.699827
v 4.800000 8.800000 0.672752
v 5.000000 8.800000 0.655234
v 5.200000 8.800000 0.641667
v 5.400000 8.800000 0.626738
v 5.600000 8.800000 0.607269
v 5.800000 8.800000 0.579489
v 6.000000 8.800000 0.547480
v 6.200000 8.800000 0.518130
v 6.400000 8.800000 0.496097
v 6.600000 8.800000 0.477848
v 6.800000 8.800000 0.457988
v 7.000000 8.800000 0.433669
v 7.200000 8.800000 0.409842
v 7.400000 8.800000 0.392672
v 7.600000 8.800000 0.383454
v 7.800000 8.800000 0.375790
v 8.000000 8.800000 0.367549
v 8.200000 8.800000 0.358241
v 8.400000 8.800000 0.349554
v 8.600000 8.800000 0.340131
v 8.800000 8.800000 0.328825
v 9.000000 8.800000 0.316811
v 9.200000 8.800000 0.306131
v 9.400000 8.800000 0.298705
v 9.600000 8.800000 0.294796
v 9.800000 8.800000 0.293358
v 10.000000 8.800000 0.294337
v 10.200000 8.800000 0.303090
v 10.400000 8.800000 0.320303
v 10.600000 8.800000 0.345223
v 10.800000 8.800000 0.372879
v 11.000000 8.800000 0.400179
v 11.200000 8.800000 0.425715
v 11.400000 8.800000 0.457886
v 11.600000 8.800000 0.493345
v 11.800000 8.800000 0.524333
v 12.000000 8.800000 0.547634
v 12.200000 8.800000 0.565249
v 12.400000 8.800000 0.579167
v 12.600000 8.800000 0.589784
v 12.800000 8.800000 0.598190
v 13.000000 8.800000 0.606521
v 13.200000 8.800000 0.615906
v 13.400000 8.800000 0.626851
v 13.600000 8.800000 0.640413
v 13.800000 8.800000 0.656489
v 14.000000 8.800000 0.673777
v 14.200000 8.800000 0.691919
v 14.400000 8.800000 0.711599
v 14.600000 8.800000 0.731801
v 14.800000 8.800000 0.747809
v 15.000000 8.800000 0.753203
v 15.200000 8.800000 0.744151
v 15.400000 8.800000 0.725332
v 15.600000 8.800000 0.701663
v 15.800000 8.800000 0.678119
v 16.000000 8.800000 0.660040
v 16.200000 8.800000 0.650001
v 16.400000 8.800000 0.639420
v 16.600000 8.800000 0.630036
v 16.800000 8.800000 0.624984
v 17.000000 8.800000 0.623762
v 17.200000 8.800000 0.623216
v 17.400000 8.800000 0.620806
v 17.600000 8.800000 0.620360
v 17.800000 8.800000 0.621547
v 18.000000 8.800000 0.622251
v 18.200000 8.800000 0.620622
v 18.400000 8.800000 0.620240
v 18.600000 8.800000 0.625916
v 18.800000 8.800000 0.640702
v 19.000000 8.800000 0.659294
v 19.200000 8.800000 0.674537
v 19.400000 8.800000 0.682699
v 19.600000 8.800000 0.685888
v 19.800000 8.800000 0.686433
v 0.000000 9.000000 0.912006
v 0.200000 9.000000 0.911265
v 0.400000 9.000000 0.911079
v 0.600000 9.000000 0.914511
v 0.800000 9.000000 0.923778
v 1.000000 9.000000 0.936466
v 1.200000 9.000000 0.948569
v 1.400000 9.000000 0.958515
v 1.600000 9.000000 0.968736
v 1.800000 9.000000 0.978320
v 2.000000 9.000000 0.984819
v 2.200000 9.000000 0.983709
v 2.400000 9.000000 0.974505
v 2.600000 9.000000 0.959187
v 2.800000 9.000000 0.944699
v 3.000000 9.000000 0.928894
v 3.200000 9.000000 0.909542
v 3.400000 9.000000 0.889075
v 3.600000 9.000000 0.868198
v 3.800000 9.000000 0.845816
v 4.000000 9.000000 0.814128
v 4.200000 9.000000 0.777160
v 4.400000 9.000000 0.741386
v 4.600000 9.000000 0.711032
v 4.800000 9.000000 0.687161
v 5.000000 9.000000 0.670261
v 5.200000 9.000000 0.653279
v 5.400000 9.000000 0.632630
v 5.600000 9.000000 0.607625
v 5.800000 9.000000 0.577191
v 6.000000 9.000000 0.544086
v 6.200000 9.000000 0.512481
v 6.400000 9.000000 0.484689
v 6.600000 9.000000 0.458977
v 6.800000 9.000000 0.433217
v 7.000000 9.000000 0.405904
v 7.200000 9.000000 0.380541
v 7.400000 9.000000 0.362627
v 7.600000 9.000000 0.353408
v 7.800000 9.000000 0.347373
v 8.000000 9.000000 0.342734
v 8.200000 9.000000 0.338165
v 8.400000 9.000000 0.333181
v 8.600000 9.000000 0.326775
v 8.800000 9.000000 0.318914
v 9.000000 9.000000 0.311693
v 9.200000 9.000000 0.304506
v 9.400000 9.000000 0.296773
v 9.600000 9.000000 0.289779
v 9.800000 9.000000 0.285400
v 10.000000 9.000000 0.286843
v 10.200000 9.000000 0.301515
v 10.400000 9.000000 0.325903
v 10.600000 9.000000 0.354711
v 10.800000 9.000000 0.383377
v 11.000000 9.000000 0.411442
v 11.200000 9.000000 0.439563
v 11.400000 9.000000 0.473561
v 11.600000 9.000000 0.509413
v 11.800000 9.000000 0.540078
v 12.000000 9.000000 0.564063
v 12.200000 9.000000 0.582983
v 12.400000 9.000000 0.597544
v 12.600000 9.000000 0.608193
v 12.800000 9.000000 0.617494
v 13.000000 9.000000 0.628886
v 13.200000 9.000000 0.643828
v 13.400000 9.000000 0.660388
v 13.600000 9.000000 0.676736
v 13.800000 9.000000 0.691698
v 14.000000 9.000000 0.705681
v 14.200000 9.000000 0.719101
v 14.400000 9.000000 0.732992
v 14.600000 9.000000 0.747368
v 14.800000 9.000000 0.760044
v 15.000000 9.000000 0.766601
v 15.200000 9.000000 0.762152
v 15.400000 9.000000 0.749493
v 15.600000 9.000000 0.731247
v 15.800000 9.000000 0.710327
v 16.000000 9.000000 0.692726
v 16.200000 9.000000 0.682509
v 16.400000 9.000000 0.673363
v 16.600000 9.000000 0.664237
v 16.800000 9.000000 0.655598
v 17.000000 9.000000 0.649829
v 17.200000 9.000000 0.645982
v 17.400000 9.000000 0.642828
v 17.600000 9.000000 0.642555
v 17.800000 9.000000 0.644948
v 18.000000 9.000000 0.648803
v 18.200000 9.000000 0.652786
v 18.400000 9.000000 0.657945
v 18.600000 9.000000 0.665984
v 18.800000 9.000000 0.679616
v 19.000000 9.000000 0.696187
v 19.200000 9.000000 0.711050
v 19.400000 9.000000 0.719088
v 19.600000 9.000000 0.721278
v 19.800000 9.000000 0.721210
v 0.000000 9.200000 0.924152
v 0.200000 9.200000 0.922003
v 0.400000 9.200000 0.918529
v 0.600000 9.200000 0.918188
v 0.800000 9.200000 0.923434
v 1.000000 9.200000 0.931600
v 1.200000 9.200000 0.940079
v 1.400000 9.200000 0.947456
v 1.600000 9.200000 0.954566
v 1.800000 9.200000 0.960868
v 2.000000 9.200000 0.964426
v 2.200000 9.200000 0.961262
v 2.400000 9.200000 0.951130
v 2.600000 9.200000 0.936858
v 2.800000 9.200000 0.926738
v 3.000000 9.200000 0.916416
v 3.200000 9.200000 0.901161
v 3.400000 9.200000 0.882432
v 3.600000 9.200000 0.862269
v 3.800000 9.200000 0.841168
v 4.000000 9.200000 0.812797
v 4.200000 9.200000 0.780439
v 4.400000 9.200000 0.749597
v 4.600000 9.200000 0.724346
v 4.800000 9.200000 0.704340
v 5.000000 9.200000 0.688237
v 5.200000 9.200000 0.667650
v 5.400000 9.200000 0.640791
v 5.600000 9.200000 0.609456
v 5.800000 9.200000 0.575233
v 6.000000 9.200000 0.540044
v 6.200000 9.200000 0.506004
v 6.400000 9.200000 0.472895
v 6.600000 9.200000 0.440112
v 6.800000 9.200000 0.408518
v 7.000000 9.200000 0.377915
v 7.200000 9.200000 0.350685
v 7.400000 9.200000 0.331894
v 7.600000 9.200000 0.323160
v 7.800000 9.200000 0.320000
v 8.000000 9.200000 0.320498
v 8.200000 9.200000 0.322170
v 8.400000 9.200000 0.322204
v 8.600000 9.200000 0.319468
v 8.800000 9.200000 0.314615
v 9.000000 9.200000 0.310888
v 9.200000 9.200000 0.305662
v 9.400000 9.200000 0.296450
v 9.600000 9.200000 0.285696
v 9.800000 9.200000 0.278089
v 10.000000 9.200000 0.279872
v 10.200000 9.200000 0.299933
v 10.400000 9.200000 0.330956
v 10.600000 9.200000 0.363604
v 10.800000 9.200000 0.393591
v 11.000000 9.200000 0.422667
v 11.200000 9.200000 0.453156
v 11.400000 9.200000 0.488011
v 11.600000 9.200000 0.522753
v 11.800000 9.200000 0.551356
v 12.000000 9.200000 0.574223
v 12.200000 9.200000 0.593021
v 12.400000 9.200000 0.607738
v 12.600000 9.200000 0.619363
v 12.800000 9.200000 0.631496
v 13.000000 9.200000 0.648153
v 13.200000 9.200000 0.670514
v 13.400000 9.200000 0.693962
v 13.600000 9.200000 0.713593
v 13.800000 9.200000 0.726752
v 14.000000 9.200000 0.735559
v 14.200000 9.200000 0.741788
v 14.400000 9.200000 0.747450
v 14.600000 9.200000 0.754139
v 14.800000 9.200000 0.762552
v 15.000000 9.200000 0.770727
v 15.200000 9.200000 0.772855
v 15.400000 9.200000 0.769263
v 15.600000 9.200000 0.759730
v 15.800000 9.200000 0.744522
v 16.000000 9.200000 0.729357
v 16.200000 9.200000 0.718979
v 16.400000 9.200000 0.709806
v 16.600000 9.200000 0.698921
v 16.800000 9.200000 0.684931
v 17.000000 9.200000 0.673199
v 17.200000 9.200000 0.665163
v 17.400000 9.200000 0.661178
v 17.600000 9.200000 0.661943
v 17.800000 9.200000 0.666944
v 18.000000 9.200000 0.675385
v 18.200000 9.200000 0.685992
v 18.400000 9.200000 0.697224
v 18.600000 9.200000 0.707715
v 18.800000 9.200000 0.720451
v 19.000000 9.200000 0.735452
v 19.200000 9.200000 0.750207
v 19.400000 9.200000 0.758353
v 19.600000 9.200000 0.759833
v 19.800000 9.200000 0.759293
v 0.000000 9.400000 0.930218
v 0.200000 9.400000 0.927563
v 0.400000 9.400000 0.922533
v 0.600000 9.400000 0.919526
v 0.800000 9.400000 0.921149
v 1.000000 9.400000 0.925571
v 1.200000 9.400000 0.931108
v 1.400000 9.400000 0.936279
v 1.600000 9.400000 0.940591
v 1.800000 9.400000 0.943829
v 2.000000 9.400000 0.944587
v 2.200000 9.400000 0.939555
v 2.400000 9.400000 0.928614
v 2.600000 9.400000 0.914872
v 2.800000 9.400000 0.907125
v 3.000000 9.400000 0.900498
v 3.200000 9.400000 0.889616
v 3.400000 9.400000 0.875017
v 3.600000 9.400000 0.857886
v 3.800000 9.400000 0.838358
v 4.000000 9.400000 0.812966
v 4.200000 9.400000 0.784991
v 4.400000 9.400000 0.759140
v 4.600000 9.400000 0.738408
v 4.800000 9.400000 0.721439
v 5.000000 9.400000 0.705951
v 5.200000 9.400000 0.683181
v 5.400000 9.400000 0.652035
v 5.600000 9.400000 0.615125
v 5.800000 9.400000 0.575272
v 6.000000 9.400000 0.535279
v 6.200000 9.400000 0.497838
v 6.400000 9.400000 0.460909
v 6.600000 9.400000 0.423205
v 6.800000 9.400000 0.387067
v 7.000000 9.400000 0.353108
v 7.200000 9.400000 0.323562
v 7.400000 9.400000 0.303621
v 7.600000 9.400000 0.296046
v 7.800000 9.400000 0.297252
v 8.000000 9.400000 0.304026
v 8.200000 9.400000 0.312689
v 8.400000 9.400000 0.319296
v 8.600000 9.400000 0.321258
v 8.800000 9.400000 0.318234
v 9.000000 9.400000 0.314438
v 9.200000 9.400000 0.307940
v 9.400000 9.400000 0.296911
v 9.600000 9.400000 0.284476
v 9.800000 9.400000 0.275806
v 10.000000 9.400000 0.277500
v 10.200000 9.400000 0.298201
v 10.400000 9.400000 0.330800
v 10.600000 9.400000 0.366268
v 10.800000 9.400000 0.400177
v 11.000000 9.400000 0.433235
v 11.200000 9.400000 0.466495
v 11.400000 9.400000 0.500729
v 11.600000 9.400000 0.532543
v 11.800000 9.400000 0.557868
v 12.000000 9.400000 0.578125
v 12.200000 9.400000 0.595223
v 12.400000 9.400000 0.609495
v 12.600000 9.400000 0.623651
v 12.800000 9.400000 0.641209
v 13.000000 9.400000 0.664773
v 13.200000 9.400000 0.694359
v 13.400000 9.400000 0.723748
v 13.600000 9.400000 0.746041
v 13.800000 9.400000 0.756834
v 14.000000 9.400000 0.759178
v 14.200000 9.400000 0.757002
v 14.400000 9.400000 0.754216
v 14.600000 9.400000 0.753945
v 14.800000 9.400000 0.758755
v 15.000000 9.400000 0.768479
v 15.200000 9.400000 0.777022
v 15.400000 9.400000 0.782768
v 15.600000 9.400000 0.783409
v 15.800000 9.400000 0.776779
v 16.000000 9.400000 0.766408
v 16.200000 9.400000 0.755546
v 16.400000 9.400000 0.742841
v 16.600000 9.400000 0.726573
v 16.800000 9.400000 0.706245
v 17.000000 9.400000 0.688439
v 17.200000 9.400000 0.676252
v 17.400000 9.400000 0.671586
v 17.600000 9.400000 0.674545
v 17.800000 9.400000 0.683612
v 18.000000 9.400000 0.697228
v 18.200000 9.400000 0.713216
v 18.400000 9.400000 0.728680
v 18.600000 9.400000 0.740890
v 18.800000 9.400000 0.754144
v 19.000000 9.400000 0.769705
v 19.200000 9.400000 0.785300
v 19.400000 9.400000 0.795064
v 19.600000 9.400000 0.798360
v 19.800000 9.400000 0.798681
v 0.000000 9.600000 0.930773
v 0.200000 9.600000 0.929223
v 0.400000 9.600000 0.925807
v 0.600000 9.600000 0.922376
v 0.800000 9.600000 0.920553
v 1.000000 9.600000 0.920808
v 1.200000 9.600000 0.923248
v 1.400000 9.600000 0.926836
v 1.600000 9.600000 0.929259
v 1.800000 9.600000 0.930271
v 2.000000 9.600000 0.929155
v 2.200000 9.600000 0.923879
v 2.400000 9.600000 0.913345
v 2.600000 9.600000 0.899718
v 2.800000 9.600000 0.892213
v 3.000000 9.600000 0.887087
v 3.200000 9.600000 0.879911
v 3.400000 9.600000 0.870131
v 3.600000 9.600000 0.856870
v 3.800000 9.600000 0.838760
v 4.000000 9.600000 0.815093
v 4.200000 9.600000 0.790002
v 4.400000 9.600000 0.768153
v 4.600000 9.600000 0.750796
v 4.800000 9.600000 0.735826
v 5.000000 9.600000 0.720742
v 5.200000 9.600000 0.697276
v 5.400000 9.600000 0.664075
v 5.600000 9.600000 0.623140
v 5.800000 9.600000 0.578421
v 6.000000 9.600000 0.534189
v 6.200000 9.600000 0.493955
v 6.400000 9.600000 0.452606
v 6.600000 9.600000 0.408455
v 6.800000 9.600000 0.367284
v 7.000000 9.600000 0.331109
v 7.200000 9.600000 0.300638
v 7.400000 9.600000 0.280382
v 7.600000 9.600000 0.274242
v 7.800000 9.600000 0.280111
v 8.000000 9.600000 0.292882
v 8.200000 9.600000 0.308027
v 8.400000 9.600000 0.321688
v 8.600000 9.600000 0.328709
v 8.800000 9.600000 0.326615
v 9.000000 9.600000 0.320792
v 9.200000 9.600000 0.311455
v 9.400000 9.600000 0.298858
v 9.600000 9.600000 0.286640
v 9.800000 9.600000 0.278719
v 10.000000 9.600000 0.279845
v 10.200000 9.600000 0.296526
v 10.400000 9.600000 0.325625
v 10.600000 9.600000 0.362713
v 10.800000 9.600000 0.403620
v 11.000000 9.600000 0.444269
v 11.200000 9.600000 0.480609
v 11.400000 9.600000 0.510721
v 11.600000 9.600000 0.535567
v 11.800000 9.600000 0.556350
v 12.000000 9.600000 0.575147
v 12.200000 9.600000 0.592087
v 12.400000 9.600000 0.606549
v 12.600000 9.600000 0.623468
v 12.800000 9.600000 0.646645
v 13.000000 9.600000 0.676685
v 13.200000 9.600000 0.713139
v 13.400000 9.600000 0.748727
v 13.600000 9.600000 0.773925
v 13.800000 9.600000 0.781871
v 14.000000 9.600000 0.776913
v 14.200000 9.600000 0.766296
v 14.400000 9.600000 0.756277
v 14.600000 9.600000 0.750388
v 14.800000 9.600000 0.752388
v 15.000000 9.600000 0.763073
v 15.200000 9.600000 0.776003
v 15.400000 9.600000 0.788942
v 15.600000 9.600000 0.798681
v 15.800000 9.600000 0.800503
v 16.000000 9.600000 0.795194
v 16.200000 9.600000 0.783971
v 16.400000 9.600000 0.767626
v 16.600000 9.600000 0.746102
v 16.800000 9.600000 0.720009
v 17.000000 9.600000 0.695838
v 17.200000 9.600000 0.678862
v 17.400000 9.600000 0.673285
v 17.600000 9.600000 0.677865
v 17.800000 9.600000 0.690117
v 18.000000 9.600000 0.708108
v 18.200000 9.600000 0.728864
v 18.400000 9.600000 0.748122
v 18.600000 9.600000 0.761813
v 18.800000 9.600000 0.775358
v 19.000000 9.600000 0.791213
v 19.200000 9.600000 0.807451
v 19.400000 9.600000 0.821532
v 19.600000 9.600000 0.831246
v 19.800000 9.600000 0.834867
v 0.000000 9.800000 0.929322
v 0.200000 9.800000 0.929080
v 0.400000 9.800000 0.927865
v 0.600000 9.800000 0.924943
v 0.800000 9.800000 0.920848
v 1.000000 9.800000 0.918099
v 1.200000 9.800000 0.918365
v 1.400000 9.800000 0.921112
v 1.600000 9.800000 0.922596
v 1.800000 9.800000 0.922418
v 2.000000 9.800000 0.920388
v 2.200000 9.800000 0.915553
v 2.400000 9.800000 0.905752
v 2.600000 9.800000 0.892070
v 2.800000 9.800000 0.884026
v 3.000000 9.800000 0.879175
v 3.200000 9.800000 0.874229
v 3.400000 9.800000 0.867828
v 3.600000 9.800000 0.857370
v 3.800000 9.800000 0.840134
v 4.000000 9.800000 0.817172
v 4.200000 9.800000 0.793469
v 4.400000 9.800000 0.773939
v 4.600000 9.800000 0.758455
v 4.800000 9.800000 0.744486
v 5.000000 9.800000 0.729604
v 5.200000 9.800000 0.706158
v 5.400000 9.800000 0.672321
v 5.600000 9.800000 0.629226
v 5.800000 9.800000 0.581620
v 6.000000 9.800000 0.534900
v 6.200000 9.800000 0.493076
v 6.400000 9.800000 0.448452
v 6.600000 9.800000 0.399274
v 6.800000 9.800000 0.354466
v 7.000000 9.800000 0.317241
v 7.200000 9.800000 0.286704
v 7.400000 9.800000 0.266570
v 7.600000 9.800000 0.261467
v 7.800000 9.800000 0.270516
v 8.000000 9.800000 0.287162
v 8.200000 9.800000 0.306442
v 8.400000 9.800000 0.324953
v 8.600000 9.800000 0.335461
v 8.800000 9.800000 0.333705
v 9.000000 9.800000 0.325951
v 9.200000 9.800000 0.314265
v 9.400000 9.800000 0.300713
v 9.600000 9.800000 0.289245
v 9.800000 9.800000 0.282396
v 10.000000 9.800000 0.282979
v 10.200000 9.800000 0.295432
v 10.400000 9.800000 0.320510
v 10.600000 9.800000 0.358281
v 10.800000 9.800000 0.404924
v 11.000000 9.800000 0.451891
v 11.200000 9.800000 0.490389
v 11.400000 9.800000 0.516460
v 11.600000 9.800000 0.535159
v 11.800000 9.800000 0.552452
v 12.000000 9.800000 0.570768
v 12.200000 9.800000 0.588261
v 12.400000 9.800000 0.603121
v 12.600000 9.800000 0.621910
v 12.800000 9.800000 0.648815
v 13.000000 9.800000 0.682975
v 13.200000 9.800000 0.723941
v 13.400000 9.800000 0.763857
v 13.600000 9.800000 0.791141
v 13.800000 9.800000 0.797013
v 14.000000 9.800000 0.786880
v 14.200000 9.800000 0.770615
v 14.400000 9.800000 0.756184
v 14.600000 9.800000 0.746972
v 14.800000 9.800000 0.747342
v 15.000000 9.800000 0.758456
v 15.200000 9.800000 0.773589
v 15.400000 9.800000 0.790560
v 15.600000 9.800000 0.805958
v 15.800000 9.800000 0.813288
v 16.000000 9.800000 0.811374
v 16.200000 9.800000 0.799975
v 16.400000 9.800000 0.781321
v 16.600000 9.800000 0.756493
v 16.800000 9.800000 0.726780
v 17.000000 9.800000 0.698212
v 17.200000 9.800000 0.677761
v 17.400000 9.800000 0.671475
v 17.600000 9.800000 0.676872
v 17.800000 9.800000 0.690860
v 18.000000 9.800000 0.711469
v 18.200000 9.800000 0.735273
v 18.400000 9.800000 0.757021
v 18.600000 9.800000 0.771657
v 18.800000 9.800000 0.785234
v 19.000000 9.800000 0.801073
v 19.200000 9.800000 0.817616
v 19.400000 9.800000 0.835548
v 19.600000 9.800000 0.851199
v 19.800000 9.800000 0.857898
v 0.000000 10.000000 0.929203
v 0.200000 10.000000 0.928826
v 0.400000 10.000000 0.927307
v 0.600000 10.000000 0.924063
v 0.800000 10.000000 0.919732
v 1.000000 10.000000 0.916819
v 1.200000 10.000000 0.916969
v 1.400000 10.000000 0.919554
v 1.600000 10.000000 0.920739
v 1.800000 10.000000 0.920237
v 2.000000 10.000000 0.918019
v 2.200000 10.000000 0.913227
v 2.400000 10.000000 0.903536
v 2.600000 10.000000 0.889887
v 2.800000 10.000000 0.881848
v 3.000000 10.000000 0.877070
v 3.200000 10.000000 0.872308
v 3.400000 10.000000 0.866026
v 3.600000 10.000000 0.855681
v 3.800000 10.000000 0.838678
v 4.000000 10.000000 0.816256
v 4.200000 10.000000 0.793307
v 4.400000 10.000000 0.774603
v 4.600000 10.000000 0.759900
v 4.800000 10.000000 0.746484
v 5.000000 10.000000 0.731739
v 5.200000 10.000000 0.708094
v 5.400000 10.000000 0.673970
v 5.600000 10.000000 0.630713
v 5.800000 10.000000 0.583052
v 6.000000 10.000000 0.536278
v 6.200000 10.000000 0.494357
v 6.400000 10.000000 0.449491
v 6.600000 10.000000 0.399941
v 6.800000 10.000000 0.354743
v 7.000000 10.000000 0.317413
v 7.200000 10.000000 0.287088
v 7.400000 10.000000 0.267126
v 7.600000 10.000000 0.262112
v 7.800000 10.000000 0.271435
v 8.000000 10.000000 0.288410
v 8.200000 10.000000 0.307944
v 8.400000 10.000000 0.326597
v 8.600000 10.000000 0.337180
v 8.800000 10.000000 0.335404
v 9.000000 10.000000 0.327390
v 9.200000 10.000000 0.315300
v 9.400000 10.000000 0.301250
v 9.600000 10.000000 0.289165
v 9.800000 10.000000 0.281858
v 10.000000 10.000000 0.282360
v 10.200000 10.000000 0.294776
v 10.400000 10.000000 0.319891
v 10.600000 10.000000 0.357899
v 10.800000 10.000000 0.405070
v 11.000000 10.000000 0.452563
v 11.200000 10.000000 0.491234
v 11.400000 10.000000 0.516984
v 11.600000 10.000000 0.535198
v 11.800000 10.000000 0.552217
v 12.000000 10.000000 0.570354
v 12.200000 10.000000 0.587682
v 12.400000 10.000000 0.602485
v 12.600000 10.000000 0.621783
v 12.800000 10.000000 0.649503
v 13.000000 10.000000 0.684090
v 13.200000 10.000000 0.724785
v 13.400000 10.000000 0.764166
v 13.600000 10.000000 0.791113
v 13.800000 10.000000 0.797021
v 14.000000 10.000000 0.786984
v 14.200000 10.000000 0.770678
v 14.400000 10.000000 0.755967
v 14.600000 10.000000 0.746424
v 14.800000 10.000000 0.746590
v 15.000000 10.000000 0.757659
v 15.200000 10.000000 0.772785
v 15.400000 10.000000 0.790061
v 15.600000 10.000000 0.806345
v 15.800000 10.000000 0.814922
v 16.000000 10.000000 0.813951
v 16.200000 10.000000 0.802714
v 16.400000 10.000000 0.784037
v 16.600000 10.000000 0.759173
v 16.800000 10.000000 0.729407
v 17.000000 10.000000 0.700468
v 17.200000 10.000000 0.679611
v 17.400000 10.000000 0.673239
v 17.600000 10.000000 0.678730
v 17.800000 10.000000 0.692712
v 18.000000 10.000000 0.712993
v 18.200000 10.000000 0.736297
v 18.400000 10.000000 0.757608
v 18.600000 10.000000 0.772034
v 18.800000 10.000000 0.785565
v 19.000000 10.000000 0.801406
v 19.200000 10.000000 0.817954
v 19.400000 10.000000 0.836030
v 19.600000 10.000000 0.851927
v 19.800000 10.000000 0.858756
v 0.000000 10.200000 0.929474
v 0.200000 10.200000 0.926913
v 0.400000 10.200000 0.921189
v 0.600000 10.200000 0.915240
v 0.800000 10.200000 0.911467
v 1.000000 10.200000 0.910276
v 1.200000 10.200000 0.911688
v 1.400000 10.200000 0.913976
v 1.600000 10.200000 0.914066
v 1.800000 10.200000 0.912526
v 2.000000 10.200000 0.909805
v 2.200000 10.200000 0.904582
v 2.400000 10.200000 0.894701
v 2.600000 10.200000 0.881370
v 2.800000 10.200000 0.874103
v 3.000000 10.200000 0.869778
v 3.200000 10.200000 0.864216
v 3.400000 10.200000 0.855631
v 3.600000 10.200000 0.843539
v 3.800000 10.200000 0.827432
v 4.000000 10.200000 0.808199
v 4.200000 10.200000 0.789231
v 4.400000 10.200000 0.774046
v 4.600000 10.200000 0.762932
v 4.800000 10.200000 0.752362
v 5.000000 10.200000 0.738361
v 5.200000 10.200000 0.713496
v 5.400000 10.200000 0.678253
v 5.600000 10.200000 0.636078
v 5.800000 10.200000 0.590829
v 6.000000 10.200000 0.546042
v 6.200000 10.200000 0.504943
v 6.400000 10.200000 0.461626
v 6.600000 10.200000 0.414506
v 6.800000 10.200000 0.370197
v 7.000000 10.200000 0.332869
v 7.200000 10.200000 0.303497
v 7.400000 10.200000 0.284240
v 7.600000 10.200000 0.278746
v 7.800000 10.200000 0.286696
v 8.000000 10.200000 0.302031
v 8.200000 10.200000 0.319252
v 8.400000 10.200000 0.334199
v 8.600000 10.200000 0.341943
v 8.800000 10.200000 0.339720
v 9.000000 10.200000 0.331867
v 9.200000 10.200000 0.319328
v 9.400000 10.200000 0.302845
v 9.600000 10.200000 0.285974
v 9.800000 10.200000 0.274655
v 10.000000 10.200000 0.275205
v 10.200000 10.200000 0.291789
v 10.400000 10.200000 0.321387
v 10.600000 10.200000 0.360396
v 10.800000 10.200000 0.405218
v 11.000000 10.200000 0.449719
v 11.200000 10.200000 0.487392
v 11.400000 10.200000 0.515339
v 11.600000 10.200000 0.536811
v 11.800000 10.200000 0.555605
v 12.000000 10.200000 0.573036
v 12.200000 10.200000 0.588737
v 12.400000 10.200000 0.602771
v 12.600000 10.200000 0.623170
v 12.800000 10.200000 0.651931
v 13.000000 10.200000 0.684915
v 13.200000 10.200000 0.719530
v 13.400000 10.200000 0.751457
v 13.600000 10.200000 0.774308
v 13.800000 10.200000 0.782372
v 14.000000 10.200000 0.777844
v 14.200000 10.200000 0.766665
v 14.400000 10.200000 0.754461
v 14.600000 10.200000 0.746093
v 14.800000 10.200000 0.746588
v 15.000000 10.200000 0.757108
v 15.200000 10.200000 0.770566
v 15.400000 10.200000 0.786419
v 15.600000 10.200000 0.803122
v 15.800000 10.200000 0.814277
v 16.000000 10.200000 0.815931
v 16.200000 10.200000 0.805965
v 16.400000 10.200000 0.789553
v 16.600000 10.200000 0.767845
v 16.800000 10.200000 0.741437
v 17.000000 10.200000 0.714769
v 17.200000 10.200000 0.695034
v 17.400000 10.200000 0.688844
v 17.600000 10.200000 0.693829
v 17.800000 10.200000 0.705600
v 18.000000 10.200000 0.720815
v 18.200000 10.200000 0.737620
v 18.400000 10.200000 0.753455
v 18.600000 10.200000 0.765456
v 18.800000 10.200000 0.778543
v 19.000000 10.200000 0.794315
v 19.200000 10.200000 0.810517
v 19.400000 10.200000 0.825550
v 19.600000 10.200000 0.836927
v 19.800000 10.200000 0.841433
v 0.000000 10.400000 0.925972
v 0.200000 10.400000 0.921075
v 0.400000 10.400000 0.910828
v 0.600000 10.400000 0.901894
v 0.800000 10.400000 0.898558
v 1.000000 10.400000 0.899072
v 1.200000 10.400000 0.901794
v 1.400000 10.400000 0.903783
v 1.600000 10.400000 0.902599
v 1.800000 10.400000 0.899774
v 2.000000 10.400000 0.896323
v 2.200000 10.400000 0.890510
v 2.400000 10.400000 0.880426
v 2.600000 10.400000 0.867524
v 2.800000 10.400000 0.860970
v 3.000000 10.400000 0.856942
v 3.200000 10.400000 0.850426
v 3.400000 10.400000 0.839525
v 3.600000 10.400000 0.826050
v 3.800000 10.400000 0.811843
v 4.000000 10.400000 0.797560
v 4.200000 10.400000 0.784749
v 4.400000 10.400000 0.775297
v 4.600000 10.400000 0.769726
v 4.800000 10.400000 0.763332
v 5.000000 10.400000 0.750459
v 5.200000 10.400000 0.724890
v 5.400000 10.400000 0.689560
v 5.600000 10.400000 0.649841
v 5.800000 10.400000 0.608402
v 6.000000 10.400000 0.566676
v 6.200000 10.400000 0.526837
v 6.400000 10.400000 0.485048
v 6.600000 10.400000 0.440158
v 6.800000 10.400000 0.396349
v 7.000000 10.400000 0.358574
v 7.200000 10.400000 0.329837
v 7.400000 10.400000 0.311142
v 7.600000 10.400000 0.304947
v 7.800000 10.400000 0.310869
v 8.000000 10.400000 0.323646
v 8.200000 10.400000 0.337509
v 8.400000 10.400000 0.347699
v 8.600000 10.400000 0.351802
v 8.800000 10.400000 0.348574
v 9.000000 10.400000 0.339970
v 9.200000 10.400000 0.325820
v 9.400000 10.400000 0.305628
v 9.600000 10.400000 0.282770
v 9.800000 10.400000 0.266665
v 10.000000 10.400000 0.267203
v 10.200000 10.400000 0.288270
v 10.400000 10.400000 0.322739
v 10.600000 10.400000 0.362960
v 10.800000 10.400000 0.405399
v 11.000000 10.400000 0.446688
v 11.200000 10.400000 0.483050
v 11.400000 10.400000 0.513292
v 11.600000 10.400000 0.538475
v 11.800000 10.400000 0.559589
v 12.000000 10.400000 0.576760
v 12.200000 10.400000 0.591107
v 12.400000 10.400000 0.604405
v 12.600000 10.400000 0.625170
v 12.800000 10.400000 0.653381
v 13.000000 10.400000 0.682612
v 13.200000 10.400000 0.708766
v 13.400000 10.400000 0.731194
v 13.600000 10.400000 0.748872
v 13.800000 10.400000 0.759412
v 14.000000 10.400000 0.761728
v 14.200000 10.400000 0.757474
v 14.400000 10.400000 0.749549
v 14.600000 10.400000 0.743783
v 14.800000 10.400000 0.745331
v 15.000000 10.400000 0.755270
v 15.200000 10.400000 0.766914
v 15.400000 10.400000 0.781234
v 15.600000 10.400000 0.798409
v 15.800000 10.400000 0.812429
v 16.000000 10.400000 0.817186
v 16.200000 10.400000 0.809268
v 16.400000 10.400000 0.796749
v 16.600000 10.400000 0.780372
v 16.800000 10.400000 0.759618
v 17.000000 10.400000 0.737193
v 17.200000 10.400000 0.719836
v 17.400000 10.400000 0.713934
v 17.600000 10.400000 0.716764
v 17.800000 10.400000 0.723322
v 18.000000 10.400000 0.729722
v 18.200000 10.400000 0.736268
v 18.400000 10.400000 0.743634
v 18.600000 10.400000 0.751709
v 18.800000 10.400000 0.763574
v 19.000000 10.400000 0.778610
v 19.200000 10.400000 0.793902
v 19.400000 10.400000 0.805333
v 19.600000 10.400000 0.811717
v 19.800000 10.400000 0.813701
v 0.000000 10.600000 0.914504
v 0.200000 10.600000 0.909158
v 0.400000 10.600000 0.897967
v 0.600000 10.600000 0.888201
v 0.800000 10.600000 0.884536
v 1.000000 10.600000 0.885059
v 1.200000 10.600000 0.887968
v 1.400000 10.600000 0.890007
v 1.600000 10.600000 0.888454
v 1.800000 10.600000 0.885013
v 2.000000 10.600000 0.880897
v 2.200000 10.600000 0.874610
v 2.400000 10.600000 0.864488
v 2.600000 10.600000 0.851837
v 2.800000 10.600000 0.844787
v 3.000000 10.600000 0.839997
v 3.200000 10.600000 0.833045
v 3.400000 10.600000 0.822384
v 3.600000 10.600000 0.810283
v 3.800000 10.600000 0.799140
v 4.000000 10.600000 0.790105
v 4.200000 10.600000 0.783783
v 4.400000 10.600000 0.780919
v 4.600000 10.600000 0.781061
v 4.800000 10.600000 0.778505
v 5.000000 10.600000 0.766729
v 5.200000 10.600000 0.742560
v 5.400000 10.600000 0.710113
v 5.600000 10.600000 0.674407
v 5.800000 10.600000 0.637240
v 6.000000 10.600000 0.598870
v 6.200000 10.600000 0.560416
v 6.400000 10.600000 0.518614
v 6.600000 10.600000 0.473214
v 6.800000 10.600000 0.428290
v 7.000000 10.600000 0.389236
v 7.200000 10.600000 0.359660
v 7.400000 10.600000 0.340612
v 7.600000 10.600000 0.333657
v 7.800000 10.600000 0.337384
v 8.000000 10.600000 0.347259
v 8.200000 10.600000 0.358027
v 8.400000 10.600000 0.365146
v 8.600000 10.600000 0.366907
v 8.800000 10.600000 0.362013
v 9.000000 10.600000 0.350673
v 9.200000 10.600000 0.333039
v 9.400000 10.600000 0.309008
v 9.600000 10.600000 0.282409
v 9.800000 10.600000 0.263840
v 10.000000 10.600000 0.264245
v 10.200000 10.600000 0.286719
v 10.400000 10.600000 0.322824
v 10.600000 10.600000 0.363727
v 10.800000 10.600000 0.405685
v 11.000000 10.600000 0.445883
v 11.200000 10.600000 0.481208
v 11.400000 10.600000 0.512112
v 11.600000 10.600000 0.539113
v 11.800000 10.600000 0.562000
v 12.000000 10.600000 0.580300
v 12.200000 10.600000 0.595189
v 12.400000 10.600000 0.608470
v 12.600000 10.600000 0.627070
v 12.800000 10.600000 0.650580
v 13.000000 10.600000 0.673427
v 13.200000 10.600000 0.692400
v 13.400000 10.600000 0.708555
v 13.600000 10.600000 0.722924
v 13.800000 10.600000 0.734404
v 14.000000 10.600000 0.740680
v 14.200000 10.600000 0.741759
v 14.400000 10.600000 0.739122
v 14.600000 10.600000 0.737651
v 14.800000 10.600000 0.741388
v 15.000000 10.600000 0.751308
v 15.200000 10.600000 0.762738
v 15.400000 10.600000 0.776912
v 15.600000 10.600000 0.794279
v 15.800000 10.600000 0.809194
v 16.000000 10.600000 0.815410
v 16.200000 10.600000 0.809745
v 16.400000 10.600000 0.801721
v 16.600000 10.600000 0.791464
v 16.800000 10.600000 0.777498
v 17.000000 10.600000 0.761051
v 17.200000 10.600000 0.747546
v 17.400000 10.600000 0.742024
v 17.600000 10.600000 0.740279
v 17.800000 10.600000 0.738288
v 18.000000 10.600000 0.733649
v 18.200000 10.600000 0.728913
v 18.400000 10.600000 0.727247
v 18.600000 10.600000 0.730798
v 18.800000 10.600000 0.740237
v 19.000000 10.600000 0.753141
v 19.200000 10.600000 0.766679
v 19.400000 10.600000 0.776274
v 19.600000 10.600000 0.780961
v 19.800000 10.600000 0.782199
v 0.000000 10.800000 0.894278
v 0.200000 10.800000 0.890469
v 0.400000 10.800000 0.882129
v 0.600000 10.800000 0.873882
v 0.800000 10.800000 0.869391
v 1.000000 10.800000 0.868651
v 1.200000 10.800000 0.870896
v 1.400000 10.800000 0.873753
v 1.600000 10.800000 0.873859
v 1.800000 10.800000 0.871426
v 2.000000 10.800000 0.866962
v 2.200000 10.800000 0.860467
v 2.400000 10.800000 0.850539
v 2.600000 10.800000 0.837505
v 2.800000 10.800000 0.826954
v 3.000000 10.800000 0.818851
v 3.200000 10.800000 0.812463
v 3.400000 10.800000 0.806674
v 3.600000 10.800000 0.800589
v 3.800000 10.800000 0.793832
v 4.000000 10.800000 0.789651
v 4.200000 10.800000 0.789152
v 4.400000 10.800000 0.792613
v 4.600000 10.800000 0.797048
v 4.800000 10.800000 0.796546
v 5.000000 10.800000 0.785346
v 5.200000 10.800000 0.763526
v 5.400000 10.800000 0.735163
v 5.600000 10.800000 0.703752
v 5.800000 10.800000 0.671146
v 6.000000 10.800000 0.636805
v 6.200000 10.800000 0.600099
v 6.400000 10.800000 0.557087
v 6.600000 10.800000 0.509102
v 6.800000 10.800000 0.462004
v 7.000000 10.800000 0.421465
v 7.200000 10.800000 0.390443
v 7.400000 10.800000 0.370631
v 7.600000 10.800000 0.362363
v 7.800000 10.800000 0.362604
v 8.000000 10.800000 0.368654
v 8.200000 10.800000 0.377196
v 8.400000 10.800000 0.383826
v 8.600000 10.800000 0.385189
v 8.800000 10.800000 0.378132
v 9.000000 10.800000 0.362353
v 9.200000 10.800000 0.339832
v 9.400000 10.800000 0.312258
v 9.600000 10.800000 0.283791
v 9.800000 10.800000 0.264529
v 10.000000 10.800000 0.265031
v 10.200000 10.800000 0.288458
v 10.400000 10.800000 0.325638
v 10.600000 10.800000 0.366841
v 10.800000 10.800000 0.407769
v 11.000000 10.800000 0.446301
v 11.200000 10.800000 0.480321
v 11.400000 10.800000 0.512348
v 11.600000 10.800000 0.541764
v 11.800000 10.800000 0.566374
v 12.000000 10.800000 0.585622
v 12.200000 10.800000 0.601044
v 12.400000 10.800000 0.614265
v 12.600000 10.800000 0.628712
v 12.800000 10.800000 0.644506
v 13.000000 10.800000 0.659698
v 13.200000 10.800000 0.673532
v 13.400000 10.800000 0.686688
v 13.600000 10.800000 0.699511
v 13.800000 10.800000 0.710052
v 14.000000 10.800000 0.716404
v 14.200000 10.800000 0.719965
v 14.400000 10.800000 0.722554
v 14.600000 10.800000 0.726433
v 14.800000 10.800000 0.733244
v 15.000000 10.800000 0.744188
v 15.200000 10.800000 0.758521
v 15.400000 10.800000 0.775247
v 15.600000 10.800000 0.792834
v 15.800000 10.800000 0.806912
v 16.000000 10.800000 0.813062
v 16.200000 10.800000 0.809184
v 16.400000 10.800000 0.803275
v 16.600000 10.800000 0.796615
v 16.800000 10.800000 0.789016
v 17.000000 10.800000 0.779847
v 17.200000 10.800000 0.771677
v 17.400000 10.800000 0.766965
v 17.600000 10.800000 0.761199
v 17.800000 10.800000 0.751437
v 18.000000 10.800000 0.736333
v 18.200000 10.800000 0.720811
v 18.400000 10.800000 0.710392
v 18.600000 10.800000 0.709125
v 18.800000 10.800000 0.714493
v 19.000000 10.800000 0.723112
v 19.200000 10.800000 0.733731
v 19.400000 10.800000 0.742318
v 19.600000 10.800000 0.747016
v 19.800000 10.800000 0.748444
v 0.000000 11.000000 0.870234
v 0.200000 11.000000 0.868270
v 0.400000 11.000000 0.863402
v 0.600000 11.000000 0.857165
v 0.800000 11.000000 0.852005
v 1.000000 11.000000 0.850044
v 1.200000 11.000000 0.851658
v 1.400000 11.000000 0.855579
v 1.600000 11.000000 0.857924
v 1.800000 11.000000 0.857104
v 2.000000 11.000000 0.852725
v 2.200000 11.000000 0.846405
v 2.400000 11.000000 0.836950
v 2.600000 11.000000 0.823668
v 2.800000 11.000000 0.809827
v 3.000000 11.000000 0.799002
v 3.200000 11.000000 0.794442
v 3.400000 11.000000 0.795263
v 3.600000 11.000000 0.796682
v 3.800000 11.000000 0.794850
v 4.000000 11.000000 0.795188
v 4.200000 11.000000 0.799696
v 4.400000 11.000000 0.808503
v 4.600000 11.000000 0.816105
v 4.800000 11.000000 0.816750
v 5.000000 11.000000 0.805863
v 5.200000 11.000000 0.785997
v 5.400000 11.000000 0.760885
v 5.600000 11.000000 0.732650
v 5.800000 11.000000 0.703580
v 6.000000 11.000000 0.672595
v 6.200000 11.000000 0.637432
v 6.400000 11.000000 0.593245
v 6.600000 11.000000 0.542807
v 6.800000 11.000000 0.493879
v 7.000000 11.000000 0.452308
v 7.200000 11.000000 0.420158
v 7.400000 11.000000 0.399715
v 7.600000 11.000000 0.390148
v 7.800000 11.000000 0.387014
v 8.000000 11.000000 0.389538
v 8.200000 11.000000 0.396444
v 8.400000 11.000000 0.403294
v 8.600000 11.000000 0.404660
v 8.800000 11.000000 0.395388
v 9.000000 11.000000 0.375327
v 9.200000 11.000000 0.348366
v 9.400000 11.000000 0.317991
v 9.600000 11.000000 0.288478
v 9.800000 11.000000 0.269094
v 10.000000 11.000000 0.269761
v 10.200000 11.000000 0.293988
v 10.400000 11.000000 0.331926
v 10.600000 11.000000 0.372934
v 10.800000 11.000000 0.412196
v 11.000000 11.000000 0.448507
v 11.200000 11.000000 0.480961
v 11.400000 11.000000 0.513842
v 11.600000 11.000000 0.545191
v 11.800000 11.000000 0.570756
v 12.000000 11.000000 0.590110
v 12.200000 11.000000 0.605419
v 12.400000 11.000000 0.618339
v 12.600000 11.000000 0.628968
v 12.800000 11.000000 0.637970
v 13.000000 11.000000 0.646995
v 13.200000 11.000000 0.657538
v 13.400000 11.000000 0.669284
v 13.600000 11.000000 0.681225
v 13.800000 11.000000 0.690050
v 14.000000 11.000000 0.694674
v 14.200000 11.000000 0.698637
v 14.400000 11.000000 0.704689
v 14.600000 11.000000 0.712627
v 14.800000 11.000000 0.721877
v 15.000000 11.000000 0.734025
v 15.200000 11.000000 0.752009
v 15.400000 11.000000 0.772116
v 15.600000 11.000000 0.790433
v 15.800000 11.000000 0.803935
v 16.000000 11.000000 0.810190
v 16.200000 11.000000 0.808063
v 16.400000 11.000000 0.803146
v 16.600000 11.000000 0.798429
v 16.800000 11.000000 0.795699
v 17.000000 11.000000 0.792701
v 17.200000 11.000000 0.789225
v 17.400000 11.000000 0.785339
v 17.600000 11.000000 0.776965
v 17.800000 11.000000 0.761813
v 18.000000 11.000000 0.738875
v 18.200000 11.000000 0.714930
v 18.400000 11.000000 0.697329
v 18.600000 11.000000 0.691479
v 18.800000 11.000000 0.692256
v 19.000000 11.000000 0.695966
v 19.200000 11.000000 0.703198
v 19.400000 11.000000 0.710572
v 19.600000 11.000000 0.715229
v 19.800000 11.000000 0.716852
v 0.000000 11.200000 0.847707
v 0.200000 11.200000 0.846353
v 0.400000 11.200000 0.842686
v 0.600000 11.200000 0.837298
v 0.800000 11.200000 0.832182
v 1.000000 11.200000 0.830054
v 1.200000 11.200000 0.831727
v 1.400000 11.200000 0.836331
v 1.600000 11.200000 0.839766
v 1.800000 11.200000 0.839838
v 2.000000 11.200000 0.835848
v 2.200000 11.200000 0.829971
v 2.400000 11.200000 0.821165
v 2.600000 11.200000 0.808702
v 2.800000 11.200000 0.795715
v 3.000000 11.200000 0.786567
v 3.200000 11.200000 0.785343
v 3.400000 11.200000 0.791077
v 3.600000 11.200000 0.797786
v 3.800000 11.200000 0.800528
v 4.000000 11.200000 0.805137
v 4.200000 11.200000 0.813752
v 4.400000 11.200000 0.826368
v 4.600000 11.200000 0.836647
v 4.800000 11.200000 0.838739
v 5.000000 11.200000 0.828289
v 5.200000 11.200000 0.809097
v 5.400000 11.200000 0.785005
v 5.600000 11.200000 0.757690
v 5.800000 11.200000 0.729512
v 6.000000 11.200000 0.699375
v 6.200000 11.200000 0.664744
v 6.400000 11.200000 0.620552
v 6.600000 11.200000 0.569842
v 6.800000 11.200000 0.520813
v 7.000000 11.200000 0.479281
v 7.200000 11.200000 0.447025
v 7.400000 11.200000 0.426474
v 7.600000 11.200000 0.416399
v 7.800000 11.200000 0.411855
v 8.000000 11.200000 0.412568
v 8.200000 11.200000 0.417836
v 8.400000 11.200000 0.423392
v 8.600000 11.200000 0.423399
v 8.800000 11.200000 0.412277
v 9.000000 11.200000 0.389917
v 9.200000 11.200000 0.360774
v 9.400000 11.200000 0.328869
v 9.600000 11.200000 0.298537
v 9.800000 11.200000 0.278842
v 10.000000 11.200000 0.279460
v 10.200000 11.200000 0.303485
v 10.400000 11.200000 0.340907
v 10.600000 11.200000 0.380964
v 10.800000 11.200000 0.418812
v 11.000000 11.200000 0.453483
v 11.200000 11.200000 0.484357
v 11.400000 11.200000 0.516094
v 11.600000 11.200000 0.546557
v 11.800000 11.200000 0.571192
v 12.000000 11.200000 0.589735
v 12.200000 11.200000 0.604469
v 12.400000 11.200000 0.616987
v 12.600000 11.200000 0.626365
v 12.800000 11.200000 0.633301
v 13.000000 11.200000 0.640334
v 13.200000 11.200000 0.649431
v 13.400000 11.200000 0.660020
v 13.600000 11.200000 0.670844
v 13.800000 11.200000 0.678333
v 14.000000 11.200000 0.681632
v 14.200000 11.200000 0.684807
v 14.400000 11.200000 0.690874
v 14.600000 11.200000 0.699146
v 14.800000 11.200000 0.708611
v 15.000000 11.200000 0.721167
v 15.200000 11.200000 0.740839
v 15.400000 11.200000 0.762984
v 15.600000 11.200000 0.782833
v 15.800000 11.200000 0.797635
v 16.000000 11.200000 0.805545
v 16.200000 11.200000 0.805720
v 16.400000 11.200000 0.802931
v 16.600000 11.200000 0.800407
v 16.800000 11.200000 0.800265
v 17.000000 11.200000 0.799754
v 17.200000 11.200000 0.797968
v 17.400000 11.200000 0.794351
v 17.600000 11.200000 0.784754
v 17.800000 11.200000 0.767105
v 18.000000 11.200000 0.740601
v 18.200000 11.200000 0.712547
v 18.400000 11.200000 0.690813
v 18.600000 11.200000 0.681229
v 18.800000 11.200000 0.678235
v 19.000000 11.200000 0.678240
v 19.200000 11.200000 0.682405
v 19.400000 11.200000 0.687773
v 19.600000 11.200000 0.691380
v 19.800000 11.200000 0.692700
v 0.000000 11.400000 0.828685
v 0.200000 11.400000 0.828050
v 0.400000 11.400000 0.826047
v 0.600000 11.400000 0.822533
v 0.800000 11.400000 0.818189
v 1.000000 11.400000 0.815519
v 1.200000 11.400000 0.816811
v 1.400000 11.400000 0.822021
v 1.600000 11.400000 0.825924
v 1.800000 11.400000 0.825401
v 2.000000 11.400000 0.819292
v 2.200000 11.400000 0.811156
v 2.400000 11.400000 0.801298
v 2.600000 11.400000 0.790434
v 2.800000 11.400000 0.782038
v 3.000000 11.400000 0.778527
v 3.200000 11.400000 0.782090
v 3.400000 11.400000 0.791714
v 3.600000 11.400000 0.802181
v 3.800000 11.400000 0.809135
v 4.000000 11.400000 0.817792
v 4.200000 11.400000 0.830163
v 4.400000 11.400000 0.846312
v 4.600000 11.400000 0.859733
v 4.800000 11.400000 0.864005
v 5.000000 11.400000 0.854260
v 5.200000 11.400000 0.835623
v 5.400000 11.400000 0.811917
v 5.600000 11.400000 0.783946
v 5.800000 11.400000 0.753215
v 6.000000 11.400000 0.720120
v 6.200000 11.400000 0.684380
v 6.400000 11.400000 0.641729
v 6.600000 11.400000 0.593912
v 6.800000 11.400000 0.547971
v 7.000000 11.400000 0.508883
v 7.200000 11.400000 0.478263
v 7.400000 11.400000 0.458364
v 7.600000 11.400000 0.448218
v 7.800000 11.400000 0.442865
v 8.000000 11.400000 0.440957
v 8.200000 11.400000 0.441306
v 8.400000 11.400000 0.441421
v 8.600000 11.400000 0.437350
v 8.800000 11.400000 0.424551
v 9.000000 11.400000 0.401329
v 9.200000 11.400000 0.371815
v 9.400000 11.400000 0.339829
v 9.600000 11.400000 0.309511
v 9.800000 11.400000 0.289852
v 10.000000 11.400000 0.290237
v 10.200000 11.400000 0.312711
v 10.400000 11.400000 0.347966
v 10.600000 11.400000 0.386284
v 10.800000 11.400000 0.423655
v 11.000000 11.400000 0.458092
v 11.200000 11.400000 0.487571
v 11.400000 11.400000 0.515060
v 11.600000 11.400000 0.540412
v 11.800000 11.400000 0.561872
v 12.000000 11.400000 0.579982
v 12.200000 11.400000 0.595415
v 12.400000 11.400000 0.608161
v 12.600000 11.400000 0.618869
v 12.800000 11.400000 0.628588
v 13.000000 11.400000 0.638178
v 13.200000 11.400000 0.647542
v 13.400000 11.400000 0.656460
v 13.600000 11.400000 0.665452
v 13.800000 11.400000 0.672563
v 14.000000 11.400000 0.676181
v 14.200000 11.400000 0.678419
v 14.400000 11.400000 0.681397
v 14.600000 11.400000 0.686322
v 14.800000 11.400000 0.693726
v 15.000000 11.400000 0.706450
v 15.200000 11.400000 0.727428
v 15.400000 11.400000 0.751148
v 15.600000 11.400000 0.771882
v 15.800000 11.400000 0.786673
v 16.000000 11.400000 0.795141
v 16.200000 11.400000 0.798015
v 16.400000 11.400000 0.800040
v 16.600000 11.400000 0.802036
v 16.800000 11.400000 0.803747
v 17.000000 11.400000 0.802655
v 17.200000 11.400000 0.799633
v 17.400000 11.400000 0.795632
v 17.600000 11.400000 0.785433
v 17.800000 11.400000 0.767071
v 18.000000 11.400000 0.740382
v 18.200000 11.400000 0.711876
v 18.400000 11.400000 0.688663
v 18.600000 11.400000 0.676208
v 18.800000 11.400000 0.670368
v 19.000000 11.400000 0.667717
v 19.200000 11.400000 0.668564
v 19.400000 11.400000 0.671383
v 19.600000 11.400000 0.674027
v 19.800000 11.400000 0.675196
v 0.000000 11.600000 0.812447
v 0.200000 11.600000 0.812948
v 0.400000 11.600000 0.813621
v 0.600000 11.600000 0.813222
v 0.800000 11.600000 0.810605
v 1.000000 11.600000 0.807837
v 1.200000 11.600000 0.808903
v 1.400000 11.600000 0.814511
v 1.600000 11.600000 0.817875
v 1.800000 11.600000 0.815028
v 2.000000 11.600000 0.804553
v 2.200000 11.600000 0.792092
v 2.400000 11.600000 0.779983
v 2.600000 11.600000 0.770889
v 2.800000 11.600000 0.768089
v 3.000000 11.600000 0.771410
v 3.200000 11.600000 0.780573
v 3.400000 11.600000 0.794440
v 3.600000 11.600000 0.808696
v 3.800000 11.600000 0.819709
v 4.000000 11.600000 0.832270
v 4.200000 11.600000 0.848336
v 4.400000 11.600000 0.868094
v 4.600000 11.600000 0.884851
v 4.800000 11.600000 0.891498
v 5.000000 11.600000 0.882520
v 5.200000 11.600000 0.864197
v 5.400000 11.600000 0.840252
v 5.600000 11.600000 0.810562
v 5.800000 11.600000 0.775725
v 6.000000 11.600000 0.738208
v 6.200000 11.600000 0.700758
v 6.400000 11.600000 0.660428
v 6.600000 11.600000 0.617266
v 6.800000 11.600000 0.576555
v 7.000000 11.600000 0.541910
v 7.200000 11.600000 0.514438
v 7.400000 11.600000 0.495874
v 7.600000 11.600000 0.485306
v 7.800000 11.600000 0.477892
v 8.000000 11.600000 0.471285
v 8.200000 11.600000 0.464033
v 8.400000 11.600000 0.456260
v 8.600000 11.600000 0.446748
v 8.800000 11.600000 0.432422
v 9.000000 11.600000 0.409052
v 9.200000 11.600000 0.380157
v 9.400000 11.600000 0.349136
v 9.600000 11.600000 0.319712
v 9.800000 11.600000 0.300617
v 10.000000 11.600000 0.300773
v 10.200000 11.600000 0.321236
v 10.400000 11.600000 0.353698
v 10.600000 11.600000 0.389814
v 10.800000 11.600000 0.426678
v 11.000000 11.600000 0.461066
v 11.200000 11.600000 0.489199
v 11.400000 11.600000 0.511576
v 11.600000 11.600000 0.530511
v 11.800000 11.600000 0.547875
v 12.000000 11.600000 0.565305
v 12.200000 11.600000 0.581519
v 12.400000 11.600000 0.594565
v 12.600000 11.600000 0.607671
v 12.800000 11.600000 0.622399
v 13.000000 11.600000 0.637114
v 13.200000 11.600000 0.648742
v 13.400000 11.600000 0.657141
v 13.600000 11.600000 0.664708
v 13.800000 11.600000 0.671431
v 14.000000 11.600000 0.675057
v 14.200000 11.600000 0.675433
v 14.400000 11.600000 0.673743
v 14.600000 11.600000 0.673789
v 14.800000 11.600000 0.678253
v 15.000000 11.600000 0.691070
v 15.200000 11.600000 0.713215
v 15.400000 11.600000 0.738161
v 15.600000 11.600000 0.759070
v 15.800000 11.600000 0.772836
v 16.000000 11.600000 0.781047
v 16.200000 11.600000 0.786481
v 16.400000 11.600000 0.793724
v 16.600000 11.600000 0.800592
v 16.800000 11.600000 0.803897
v 17.000000 11.600000 0.801485
v 17.200000 11.600000 0.796544
v 17.400000 11.600000 0.792072
v 17.600000 11.600000 0.782118
v 17.800000 11.600000 0.764695
v 18.000000 11.600000 0.740067
v 18.200000 11.600000 0.713368
v 18.400000 11.600000 0.690375
v 18.600000 11.600000 0.675724
v 18.800000 11.600000 0.667156
v 19.000000 11.600000 0.661667
v 19.200000 11.600000 0.658573
v 19.400000 11.600000 0.658245
v 19.600000 11.600000 0.659653
v 19.800000 11.600000 0.660609
v 0.000000 11.800000 0.798500
v 0.200000 11.800000 0.800057
v 0.400000 11.800000 0.803352
v 0.600000 11.800000 0.806324
v 0.800000 11.800000 0.806735
v 1.000000 11.800000 0.806016
v 1.200000 11.800000 0.808278
v 1.400000 11.800000 0.813669
v 1.600000 11.800000 0.814464
v 1.800000 11.800000 0.807328
v 2.000000 11.800000 0.791705
v 2.200000 11.800000 0.774843
v 2.400000 11.800000 0.760659
v 2.600000 11.800000 0.753073
v 2.800000 11.800000 0.754519
v 3.000000 11.800000 0.763449
v 3.200000 11.800000 0.778323
v 3.400000 11.800000 0.797473
v 3.600000 11.800000 0.816404
v 3.800000 11.800000 0.831400
v 4.000000 11.800000 0.847885
v 4.200000 11.800000 0.867767
v 4.400000 11.800000 0.891017
v 4.600000 11.800000 0.910728
v 4.800000 11.800000 0.919376
v 5.000000 11.800000 0.911007
v 5.200000 11.800000 0.891967
v 5.400000 11.800000 0.866247
v 5.600000 11.800000 0.833895
v 5.800000 11.800000 0.795655
v 6.000000 11.800000 0.755175
v 6.200000 11.800000 0.716728
v 6.400000 11.800000 0.678695
v 6.600000 11.800000 0.640349
v 6.800000 11.800000 0.605460
v 7.000000 11.800000 0.576288
v 7.200000 11.800000 0.552959
v 7.400000 11.800000 0.536239
v 7.600000 11.800000 0.524285
v 7.800000 11.800000 0.512344
v 8.000000 11.800000 0.498809
v 8.200000 11.800000 0.483209
v 8.400000 11.800000 0.467655
v 8.600000 11.800000 0.453080
v 8.800000 11.800000 0.437522
v 9.000000 11.800000 0.414504
v 9.200000 11.800000 0.386833
v 9.400000 11.800000 0.357368
v 9.600000 11.800000 0.329376
v 9.800000 11.800000 0.311190
v 10.000000 11.800000 0.311267
v 10.200000 11.800000 0.330294
v 10.400000 11.800000 0.360531
v 10.600000 11.800000 0.394331
v 10.800000 11.800000 0.429395
v 11.000000 11.800000 0.462339
v 11.200000 11.800000 0.488986
v 11.400000 11.800000 0.508225
v 11.600000 11.800000 0.523107
v 11.800000 11.800000 0.536984
v 12.000000 11.800000 0.552190
v 12.200000 11.800000 0.567149
v 12.400000 11.800000 0.579628
v 12.600000 11.800000 0.594777
v 12.800000 11.800000 0.614209
v 13.000000 11.800000 0.634568
v 13.200000 11.800000 0.650870
v 13.400000 11.800000 0.661997
v 13.600000 11.800000 0.669940
v 13.800000 11.800000 0.675095
v 14.000000 11.800000 0.676012
v 14.200000 11.800000 0.672430
v 14.400000 11.800000 0.665843
v 14.600000 11.800000 0.661523
v 14.800000 11.800000 0.663526
v 15.000000 11.800000 0.676140
v 15.200000 11.800000 0.698448
v 15.400000 11.800000 0.723625
v 15.600000 11.800000 0.744579
v 15.800000 11.800000 0.758288
v 16.000000 11.800000 0.767112
v 16.200000 11.800000 0.774517
v 16.400000 11.800000 0.784544
v 16.600000 11.800000 0.793881
v 16.800000 11.800000 0.798318
v 17.000000 11.800000 0.795881
v 17.200000 11.800000 0.790537
v 17.400000 11.800000 0.786106
v 17.600000 11.800000 0.777733
v 17.800000 11.800000 0.763181
v 18.000000 11.800000 0.742142
v 18.200000 11.800000 0.718430
v 18.400000 11.800000 0.696593
v 18.600000 11.800000 0.680290
v 18.800000 11.800000 0.668456
v 19.000000 11.800000 0.659023
v 19.200000 11.800000 0.651379
v 19.400000 11.800000 0.647046
v 19.600000 11.800000 0.645913
v 19.800000 11.800000 0.645980
v 0.000000 12.000000 0.789010
v 0.200000 12.000000 0.791048
v 0.400000 12.000000 0.795859
v 0.600000 12.000000 0.801483
v 0.800000 12.000000 0.805287
v 1.000000 12.000000 0.807587
v 1.200000 12.000000 0.811762
v 1.400000 12.000000 0.816290
v 1.600000 12.000000 0.812639
v 1.800000 12.000000 0.799921
v 2.000000 12.000000 0.779789
v 2.200000 12.000000 0.760110
v 2.400000 12.000000 0.745124
v 2.600000 12.000000 0.738587
v 2.800000 12.000000 0.741649
v 3.000000 12.000000 0.753553
v 3.200000 12.000000 0.773502
v 3.400000 12.000000 0.798618
v 3.600000 12.000000 0.822910
v 3.800000 12.000000 0.841817
v 4.000000 12.000000 0.863449
v 4.200000 12.000000 0.888609
v 4.400000 12.000000 0.915404
v 4.600000 12.000000 0.937695
v 4.800000 12.000000 0.948118
v 5.000000 12.000000 0.940263
v 5.200000 12.000000 0.919614
v 5.400000 12.000000 0.890929
v 5.600000 12.000000 0.855539
v 5.800000 12.000000 0.814745
v 6.000000 12.000000 0.772490
v 6.200000 12.000000 0.733575
v 6.400000 12.000000 0.698356
v 6.600000 12.000000 0.665700
v 6.800000 12.000000 0.636959
v 7.000000 12.000000 0.612366
v 7.200000 12.000000 0.591731
v 7.400000 12.000000 0.575980
v 7.600000 12.000000 0.562364
v 7.800000 12.000000 0.545350
v 8.000000 12.000000 0.524748
v 8.200000 12.000000 0.500762
v 8.400000 12.000000 0.476350
v 8.600000 12.000000 0.455868
v 8.800000 12.000000 0.439701
v 9.000000 12.000000 0.418798
v 9.200000 12.000000 0.393851
v 9.400000 12.000000 0.366080
v 9.600000 12.000000 0.339048
v 9.800000 12.000000 0.321290
v 10.000000 12.000000 0.321338
v 10.200000 12.000000 0.339727
v 10.400000 12.000000 0.368645
v 10.600000 12.000000 0.400323
v 10.800000 12.000000 0.432214
v 11.000000 12.000000 0.462100
v 11.200000 12.000000 0.487219
v 11.400000 12.000000 0.506824
v 11.600000 12.000000 0.522037
v 11.800000 12.000000 0.534043
v 12.000000 12.000000 0.545402
v 12.200000 12.000000 0.556670
v 12.400000 12.000000 0.567492
v 12.600000 12.000000 0.582740
v 12.800000 12.000000 0.603785
v 13.000000 12.000000 0.628127
v 13.200000 12.000000 0.651276
v 13.400000 12.000000 0.669285
v 13.600000 12.000000 0.680112
v 13.800000 12.000000 0.682474
v 14.000000 12.000000 0.677944
v 14.200000 12.000000 0.668714
v 14.400000 12.000000 0.657630
v 14.600000 12.000000 0.649600
v 14.800000 12.000000 0.649568
v 15.000000 12.000000 0.661782
v 15.200000 12.000000 0.683575
v 15.400000 12.000000 0.708322
v 15.600000 12.000000 0.729423
v 15.800000 12.000000 0.744360
v 16.000000 12.000000 0.754866
v 16.200000 12.000000 0.763834
v 16.400000 12.000000 0.775384
v 16.600000 12.000000 0.785985
v 16.800000 12.000000 0.791401
v 17.000000 12.000000 0.790751
v 17.200000 12.000000 0.787077
v 17.400000 12.000000 0.783124
v 17.600000 12.000000 0.775645
v 17.800000 12.000000 0.763203
v 18.000000 12.000000 0.745588
v 18.200000 12.000000 0.724016
v 18.400000 12.000000 0.702273
v 18.600000 12.000000 0.684355
v 18.800000 12.000000 0.670681
v 19.000000 12.000000 0.659097
v 19.200000 12.000000 0.648020
v 19.400000 12.000000 0.639634
v 19.600000 12.000000 0.635386
v 19.800000 12.000000 0.634208
v 0.000000 12.200000 0.780966
v 0.200000 12.200000 0.783087
v 0.400000 12.200000 0.788519
v 0.600000 12.200000 0.795868
v 0.800000 12.200000 0.802358
v 1.000000 12.200000 0.807164
v 1.200000 12.200000 0.813049
v 1.400000 12.200000 0.816873
v 1.600000 12.200000 0.809312
v 1.800000 12.200000 0.792111
v 2.000000 12.200000 0.769198
v 2.200000 12.200000 0.748483
v 2.400000 12.200000 0.733832
v 2.600000 12.200000 0.728195
v 2.800000 12.200000 0.731586
v 3.000000 12.200000 0.744836
v 3.200000 12.200000 0.768620
v 3.400000 12.200000 0.798782
v 3.600000 12.200000 0.827652
v 3.800000 12.200000 0.849782
v 4.000000 12.200000 0.876416
v 4.200000 12.200000 0.906791
v 4.400000 12.200000 0.936577
v 4.600000 12.200000 0.960895
v 4.800000 12.200000 0.972784
v 5.000000 12.200000 0.965388
v 5.200000 12.200000 0.943251
v 5.400000 12.200000 0.911944
v 5.600000 12.200000 0.874176
v 5.800000 12.200000 0.831603
v 6.000000 12.200000 0.788157
v 6.200000 12.200000 0.748953
v 6.400000 12.200000 0.716369
v 6.600000 12.200000 0.688859
v 6.800000 12.200000 0.665147
v 7.000000 12.200000 0.643383
v 7.200000 12.200000 0.623701
v 7.400000 12.200000 0.608014
v 7.600000 12.200000 0.593198
v 7.800000 12.200000 0.572553
v 8.000000 12.200000 0.546878
v 8.200000 12.200000 0.516317
v 8.400000 12.200000 0.484006
v 8.600000 12.200000 0.458099
v 8.800000 12.200000 0.441793
v 9.000000 12.200000 0.423620
v 9.200000 12.200000 0.401696
v 9.400000 12.200000 0.375248
v 9.600000 12.200000 0.348558
v 9.800000 12.200000 0.330752
v 10.000000 12.200000 0.330760
v 10.200000 12.200000 0.348939
v 10.400000 12.200000 0.377163
v 10.600000 12.200000 0.407272
v 10.800000 12.200000 0.436152
v 11.000000 12.200000 0.463000
v 11.200000 12.200000 0.486885
v 11.400000 12.200000 0.508311
v 11.600000 12.200000 0.525724
v 11.800000 12.200000 0.536975
v 12.000000 12.200000 0.544642
v 12.200000 12.200000 0.551981
v 12.400000 12.200000 0.560971
v 12.600000 12.200000 0.575112
v 12.800000 12.200000 0.595560
v 13.000000 12.200000 0.621870
v 13.200000 12.200000 0.651102
v 13.400000 12.200000 0.676195
v 13.600000 12.200000 0.690292
v 13.800000 12.200000 0.689953
v 14.000000 12.200000 0.680124
v 14.200000 12.200000 0.665879
v 14.400000 12.200000 0.651402
v 14.600000 12.200000 0.640530
v 14.800000 12.200000 0.638893
v 15.000000 12.200000 0.650695
v 15.200000 12.200000 0.671899
v 15.400000 12.200000 0.696111
v 15.600000 12.200000 0.717321
v 15.800000 12.200000 0.733616
v 16.000000 12.200000 0.745742
v 16.200000 12.200000 0.755799
v 16.400000 12.200000 0.768506
v 16.600000 12.200000 0.780090
v 16.800000 12.200000 0.786274
v 17.000000 12.200000 0.787716
v 17.200000 12.200000 0.786157
v 17.400000 12.200000 0.782694
v 17.600000 12.200000 0.775105
v 17.800000 12.200000 0.763342
v 18.000000 12.200000 0.748025
v 18.200000 12.200000 0.727416
v 18.400000 12.200000 0.704925
v 18.600000 12.200000 0.685692
v 18.800000 12.200000 0.671757
v 19.000000 12.200000 0.660068
v 19.200000 12.200000 0.647228
v 19.400000 12.200000 0.635897
v 19.600000 12.200000 0.629253
v 19.800000 12.200000 0.627086
v 0.000000 12.400000 0.769017
v 0.200000 12.400000 0.771180
v 0.400000 12.400000 0.776910
v 0.600000 12.400000 0.785074
v 0.800000 12.400000 0.792871
v 1.000000 12.400000 0.799031
v 1.200000 12.400000 0.806081
v 1.400000 12.400000 0.810264
v 1.600000 12.400000 0.801958
v 1.800000 12.400000 0.783924
v 2.000000 12.400000 0.760952
v 2.200000 12.400000 0.740869
v 2.400000 12.400000 0.727298
v 2.600000 12.400000 0.722797
v 2.800000 12.400000 0.726985
v 3.000000 12.400000 0.741358
v 3.200000 12.400000 0.767199
v 3.400000 12.400000 0.799847
v 3.600000 12.400000 0.831006
v 3.800000 12.400000 0.854915
v 4.000000 12.400000 0.884042
v 4.200000 12.400000 0.916935
v 4.400000 12.400000 0.948233
v 4.600000 12.400000 0.973603
v 4.800000 12.400000 0.986273
v 5.000000 12.400000 0.979216
v 5.200000 12.400000 0.956648
v 5.400000 12.400000 0.924489
v 5.600000 12.400000 0.886009
v 5.800000 12.400000 0.842991
v 6.000000 12.400000 0.799291
v 6.200000 12.400000 0.760074
v 6.400000 12.400000 0.728481
v 6.600000 12.400000 0.702835
v 6.800000 12.400000 0.680860
v 7.000000 12.400000 0.659923
v 7.200000 12.400000 0.640358
v 7.400000 12.400000 0.624562
v 7.600000 12.400000 0.609339
v 7.800000 12.400000 0.587494
v 8.000000 12.400000 0.560149
v 8.200000 12.400000 0.527339
v 8.400000 12.400000 0.492178
v 8.600000 12.400000 0.464287
v 8.800000 12.400000 0.447975
v 9.000000 12.400000 0.430893
v 9.200000 12.400000 0.410142
v 9.400000 12.400000 0.384172
v 9.600000 12.400000 0.357579
v 9.800000 12.400000 0.339732
v 10.000000 12.400000 0.339718
v 10.200000 12.400000 0.357791
v 10.400000 12.400000 0.385704
v 10.600000 12.400000 0.415149
v 10.800000 12.400000 0.442759
v 11.000000 12.400000 0.468288
v 11.200000 12.400000 0.491542
v 11.400000 12.400000 0.513613
v 11.600000 12.400000 0.531851
v 11.800000 12.400000 0.542707
v 12.000000 12.400000 0.548733
v 12.200000 12.400000 0.554272
v 12.400000 12.400000 0.562250
v 12.600000 12.400000 0.575529
v 12.800000 12.400000 0.595179
v 13.000000 12.400000 0.621663
v 13.200000 12.400000 0.652759
v 13.400000 12.400000 0.680223
v 13.600000 12.400000 0.695300
v 13.800000 12.400000 0.693690
v 14.000000 12.400000 0.681650
v 14.200000 12.400000 0.665388
v 14.400000 12.400000 0.649589
v 14.600000 12.400000 0.637600
v 14.800000 12.400000 0.635264
v 15.000000 12.400000 0.646739
v 15.200000 12.400000 0.667508
v 15.400000 12.400000 0.691310
v 15.600000 12.400000 0.712414
v 15.800000 12.400000 0.729148
v 16.000000 12.400000 0.741813
v 16.200000 12.400000 0.752154
v 16.400000 12.400000 0.765177
v 16.600000 12.400000 0.777040
v 16.800000 12.400000 0.783475
v 17.000000 12.400000 0.785762
v 17.200000 12.400000 0.785080
v 17.400000 12.400000 0.781816
v 17.600000 12.400000 0.774082
v 17.800000 12.400000 0.762426
v 18.000000 12.400000 0.747867
v 18.200000 12.400000 0.727488
v 18.400000 12.400000 0.704622
v 18.600000 12.400000 0.684960
v 18.800000 12.400000 0.671183
v 19.000000 12.400000 0.659780
v 19.200000 12.400000 0.646532
v 19.400000 12.400000 0.634245
v 19.600000 12.400000 0.626786
v 19.800000 12.400000 0.624274
v 0.000000 12.600000 0.745223
v 0.200000 12.600000 0.747893
v 0.400000 12.600000 0.754740
v 0.600000 12.600000 0.764015
v 0.800000 12.600000 0.772970
v 1.000000 12.600000 0.780667
v 1.200000 12.600000 0.789032
v 1.400000 12.600000 0.794320
v 1.600000 12.600000 0.787721
v 1.800000 12.600000 0.771770
v 2.000000 12.600000 0.750833
v 2.200000 12.600000 0.732288
v 2.400000 12.600000 0.720008
v 2.600000 12.600000 0.717589
v 2.800000 12.600000 0.726287
v 3.000000 12.600000 0.744885
v 3.200000 12.600000 0.771771
v 3.400000 12.600000 0.802481
v 3.600000 12.600000 0.831580
v 3.800000 12.600000 0.855851
v 4.000000 12.600000 0.886277
v 4.200000 12.600000 0.920194
v 4.400000 12.600000 0.951575
v 4.600000 12.600000 0.976530
v 4.800000 12.600000 0.988843
v 5.000000 12.600000 0.981802
v 5.200000 12.600000 0.958670
v 5.400000 12.600000 0.925888
v 5.600000 12.600000 0.887982
v 5.800000 12.600000 0.847798
v 6.000000 12.600000 0.807482
v 6.200000 12.600000 0.769670
v 6.400000 12.600000 0.736399
v 6.600000 12.600000 0.707725
v 6.800000 12.600000 0.683298
v 7.000000 12.600000 0.661442
v 7.200000 12.600000 0.641736
v 7.400000 12.600000 0.626033
v 7.600000 12.600000 0.610730
v 7.800000 12.600000 0.588844
v 8.000000 12.600000 0.561873
v 8.200000 12.600000 0.530782
v 8.400000 12.600000 0.498937
v 8.600000 12.600000 0.473841
v 8.800000 12.600000 0.458111
v 9.000000 12.600000 0.440635
v 9.200000 12.600000 0.420426
v 9.400000 12.600000 0.397534
v 9.600000 12.600000 0.375446
v 9.800000 12.600000 0.361042
v 10.000000 12.600000 0.361090
v 10.200000 12.600000 0.376145
v 10.400000 12.600000 0.400225
v 10.600000 12.600000 0.427250
v 10.800000 12.600000 0.454364
v 11.000000 12.600000 0.480087
v 11.200000 12.600000 0.502871
v 11.400000 12.600000 0.522743
v 11.600000 12.600000 0.538662
v 11.800000 12.600000 0.549131
v 12.000000 12.600000 0.556037
v 12.200000 12.600000 0.562355
v 12.400000 12.600000 0.570345
v 12.600000 12.600000 0.585107
v 12.800000 12.600000 0.607123
v 13.000000 12.600000 0.633811
v 13.200000 12.600000 0.661642
v 13.400000 12.600000 0.684873
v 13.600000 12.600000 0.697539
v 13.800000 12.600000 0.696939
v 14.000000 12.600000 0.687762
v 14.200000 12.600000 0.674442
v 14.400000 12.600000 0.661136
v 14.600000 12.600000 0.651821
v 14.800000 12.600000 0.650978
v 15.000000 12.600000 0.660918
v 15.200000 12.600000 0.676793
v 15.400000 12.600000 0.695058
v 15.600000 12.600000 0.712526
v 15.800000 12.600000 0.727638
v 16.000000 12.600000 0.739581
v 16.200000 12.600000 0.748805
v 16.400000 12.600000 0.759585
v 16.600000 12.600000 0.769751
v 16.800000 12.600000 0.776522
v 17.000000 12.600000 0.779629
v 17.200000 12.600000 0.779549
v 17.400000 12.600000 0.776584
v 17.600000 12.600000 0.770466
v 17.800000 12.600000 0.760992
v 18.000000 12.600000 0.747806
v 18.200000 12.600000 0.728037
v 18.400000 12.600000 0.705517
v 18.600000 12.600000 0.686225
v 18.800000 12.600000 0.673279
v 19.000000 12.600000 0.662904
v 19.200000 12.600000 0.650356
v 19.400000 12.600000 0.637803
v 19.600000 12.600000 0.629533
v 19.800000 12.600000 0.626552
v 0.000000 12.800000 0.713448
v 0.200000 12.800000 0.716913
v 0.400000 12.800000 0.725479
v 0.600000 12.800000 0.736400
v 0.800000 12.800000 0.746973
v 1.000000 12.800000 0.756753
v 1.200000 12.800000 0.766685
v 1.400000 12.800000 0.773185
v 1.600000 12.800000 0.768993
v 1.800000 12.800000 0.756179
v 2.000000 12.800000 0.738317
v 2.200000 12.800000 0.721956
v 2.400000 12.800000 0.711247
v 2.600000 12.800000 0.711373
v 2.800000 12.800000 0.726396
v 3.000000 12.800000 0.750849
v 3.200000 12.800000 0.778571
v 3.400000 12.800000 0.805419
v 3.600000 12.800000 0.830491
v 3.800000 12.800000 0.854571
v 4.000000 12.800000 0.886132
v 4.200000 12.800000 0.920662
v 4.400000 12.800000 0.951196
v 4.600000 12.800000 0.974654
v 4.800000 12.800000 0.985809
v 5.000000 12.800000 0.978561
v 5.200000 12.800000 0.954677
v 5.400000 12.800000 0.921294
v 5.600000 12.800000 0.884775
v 5.800000 12.800000 0.849510
v 6.000000 12.800000 0.814802
v 6.200000 12.800000 0.779157
v 6.400000 12.800000 0.742776
v 6.600000 12.800000 0.708565
v 6.800000 12.800000 0.679377
v 7.000000 12.800000 0.655217
v 7.200000 12.800000 0.634631
v 7.400000 12.800000 0.618788
v 7.600000 12.800000 0.603495
v 7.800000 12.800000 0.581956
v 8.000000 12.800000 0.556189
v 8.200000 12.800000 0.528565
v 8.400000 12.800000 0.502770
v 8.600000 12.800000 0.482896
v 8.800000 12.800000 0.469037
v 9.000000 12.800000 0.452484
v 9.200000 12.800000 0.434995
v 9.400000 12.800000 0.418835
v 9.600000 12.800000 0.405420
v 9.800000 12.800000 0.397381
v 10.000000 12.800000 0.397574
v 10.200000 12.800000 0.407282
v 10.400000 12.800000 0.424358
v 10.600000 12.800000 0.446468
v 10.800000 12.800000 0.471788
v 11.000000 12.800000 0.497117
v 11.200000 12.800000 0.518982
v 11.400000 12.800000 0.535672
v 11.600000 12.800000 0.548515
v 11.800000 12.800000 0.559116
v 12.000000 12.800000 0.568177
v 12.200000 12.800000 0.576376
v 12.400000 12.800000 0.584785
v 12.600000 12.800000 0.601913
v 12.800000 12.800000 0.627404
v 13.000000 12.800000 0.654024
v 13.200000 12.800000 0.676339
v 13.400000 12.800000 0.692709
v 13.600000 12.800000 0.701727
v 13.800000 12.800000 0.703477
v 14.000000 12.800000 0.700165
v 14.200000 12.800000 0.693137
v 14.400000 12.800000 0.685413
v 14.600000 12.800000 0.681673
v 14.800000 12.800000 0.683948
v 15.000000 12.800000 0.691254
v 15.200000 12.800000 0.698081
v 15.400000 12.800000 0.705591
v 15.600000 12.800000 0.715039
v 15.800000 12.800000 0.725475
v 16.000000 12.800000 0.734764
v 16.200000 12.800000 0.741615
v 16.400000 12.800000 0.748726
v 16.600000 12.800000 0.756377
v 16.800000 12.800000 0.764004
v 17.000000 12.800000 0.768757
v 17.200000 12.800000 0.769878
v 17.400000 12.800000 0.767449
v 17.600000 12.800000 0.764131
v 17.800000 12.800000 0.758569
v 18.000000 12.800000 0.748136
v 18.200000 12.800000 0.729931
v 18.400000 12.800000 0.708483
v 18.600000 12.800000 0.690131
v 18.800000 12.800000 0.678800
v 19.000000 12.800000 0.670368
v 19.200000 12.800000 0.659228
v 19.400000 12.800000 0.646511
v 19.600000 12.800000 0.637135
v 19.800000 12.800000 0.633481
v 0.000000 13.000000 0.683027
v 0.200000 13.000000 0.687079
v 0.400000 13.000000 0.696989
v 0.600000 13.000000 0.709387
v 0.800000 13.000000 0.721468
v 1.000000 13.000000 0.732905
v 1.200000 13.000000 0.744028
v 1.400000 13.000000 0.751711
v 1.600000 13.000000 0.750189
v 1.800000 13.000000 0.740955
v 2.000000 13.000000 0.726816
v 2.200000 13.000000 0.713534
v 2.400000 13.000000 0.705024
v 2.600000 13.000000 0.707097
v 2.800000 13.000000 0.725794
v 3.000000 13.000000 0.753605
v 3.200000 13.000000 0.782107
v 3.400000 13.000000 0.807328
v 3.600000 13.000000 0.830633
v 3.800000 13.000000 0.854729
v 4.000000 13.000000 0.886344
v 4.200000 13.000000 0.920186
v 4.400000 13.000000 0.949108
v 4.600000 13.000000 0.970721
v 4.800000 13.000000 0.980576
v 5.000000 13.000000 0.973171
v 5.200000 13.000000 0.949763
v 5.400000 13.000000 0.917556
v 5.600000 13.000000 0.883437
v 5.800000 13.000000 0.852166
v 6.000000 13.000000 0.821242
v 6.200000 13.000000 0.786713
v 6.400000 13.000000 0.747603
v 6.600000 13.000000 0.708569
v 6.800000 13.000000 0.674533
v 7.000000 13.000000 0.646817
v 7.200000 13.000000 0.623929
v 7.400000 13.000000 0.607169
v 7.600000 13.000000 0.592218
v 7.800000 13.000000 0.571954
v 8.000000 13.000000 0.548461
v 8.200000 13.000000 0.524612
v 8.400000 13.000000 0.504061
v 8.600000 13.000000 0.489004
v 8.800000 13.000000 0.478687
v 9.000000 13.000000 0.466895
v 9.200000 13.000000 0.455992
v 9.400000 13.000000 0.448449
v 9.600000 13.000000 0.443749
v 9.800000 13.000000 0.441512
v 10.000000 13.000000 0.441891
v 10.200000 13.000000 0.447128
v 10.400000 13.000000 0.457727
v 10.600000 13.000000 0.473878
v 10.800000 13.000000 0.494925
v 11.000000 13.000000 0.517462
v 11.200000 13.000000 0.537675
v 11.400000 13.000000 0.552821
v 11.600000 13.000000 0.564941
v 11.800000 13.000000 0.576807
v 12.000000 13.000000 0.588158
v 12.200000 13.000000 0.598146
v 12.400000 13.000000 0.606874
v 12.600000 13.000000 0.624206
v 12.800000 13.000000 0.649628
v 13.000000 13.000000 0.674046
v 13.200000 13.000000 0.691529
v 13.400000 13.000000 0.702937
v 13.600000 13.000000 0.709588
v 13.800000 13.000000 0.713691
v 14.000000 13.000000 0.716226
v 14.200000 13.000000 0.716167
v 14.400000 13.000000 0.715134
v 14.600000 13.000000 0.717322
v 14.800000 13.000000 0.722709
v 15.000000 13.000000 0.727582
v 15.200000 13.000000 0.725692
v 15.400000 13.000000 0.721717
v 15.600000 13.000000 0.720351
v 15.800000 13.000000 0.722174
v 16.000000 13.000000 0.725612
v 16.200000 13.000000 0.729362
v 16.400000 13.000000 0.734147
v 16.600000 13.000000 0.740915
v 16.800000 13.000000 0.749829
v 17.000000 13.000000 0.756378
v 17.200000 13.000000 0.758811
v 17.400000 13.000000 0.756856
v 17.600000 13.000000 0.755692
v 17.800000 13.000000 0.753466
v 18.000000 13.000000 0.746140
v 18.200000 13.000000 0.730517
v 18.400000 13.000000 0.711185
v 18.600000 13.000000 0.694398
v 18.800000 13.000000 0.684821
v 19.000000 13.000000 0.678340
v 19.200000 13.000000 0.668828
v 19.400000 13.000000 0.656808
v 19.600000 13.000000 0.647417
v 19.800000 13.000000 0.643627
v 0.000000 13.200000 0.658837
v 0.200000 13.200000 0.663159
v 0.400000 13.200000 0.673792
v 0.600000 13.200000 0.687244
v 0.800000 13.200000 0.700386
v 1.000000 13.200000 0.712599
v 1.200000 13.200000 0.724268
v 1.400000 13.200000 0.732955
v 1.600000 13.200000 0.733876
v 1.800000 13.200000 0.728019
v 2.000000 13.200000 0.717434
v 2.200000 13.200000 0.706988
v 2.400000 13.200000 0.700486
v 2.600000 13.200000 0.703584
v 2.800000 13.200000 0.722361
v 3.000000 13.200000 0.750166
v 3.200000 13.200000 0.779503
v 3.400000 13.200000 0.806572
v 3.600000 13.200000 0.831633
v 3.800000 13.200000 0.856278
v 4.000000 13.200000 0.887204
v 4.200000 13.200000 0.919566
v 4.400000 13.200000 0.946639
v 4.600000 13.200000 0.966684
v 4.800000 13.200000 0.975626
v 5.000000 13.200000 0.968283
v 5.200000 13.200000 0.946868
v 5.400000 13.200000 0.917847
v 5.600000 13.200000 0.886766
v 5.800000 13.200000 0.857110
v 6.000000 13.200000 0.826437
v 6.200000 13.200000 0.791259
v 6.400000 13.200000 0.749887
v 6.600000 13.200000 0.706976
v 6.800000 13.200000 0.668576
v 7.000000 13.200000 0.637211
v 7.200000 13.200000 0.611967
v 7.400000 13.200000 0.594278
v 7.600000 13.200000 0.579573
v 7.800000 13.200000 0.560427
v 8.000000 13.200000 0.539350
v 8.200000 13.200000 0.519074
v 8.400000 13.200000 0.502201
v 8.600000 13.200000 0.490920
v 8.800000 13.200000 0.485720
v 9.000000 13.200000 0.482760
v 9.200000 13.200000 0.482001
v 9.400000 13.200000 0.483714
v 9.600000 13.200000 0.487061
v 9.800000 13.200000 0.489827
v 10.000000 13.200000 0.490513
v 10.200000 13.200000 0.492804
v 10.400000 13.200000 0.498479
v 10.600000 13.200000 0.508760
v 10.800000 13.200000 0.524211
v 11.000000 13.200000 0.542433
v 11.200000 13.200000 0.560496
v 11.400000 13.200000 0.575258
v 11.600000 13.200000 0.588196
v 11.800000 13.200000 0.601764
v 12.000000 13.200000 0.615756
v 12.200000 13.200000 0.628156
v 12.400000 13.200000 0.637415
v 12.600000 13.200000 0.650856
v 12.800000 13.200000 0.669774
v 13.000000 13.200000 0.688867
v 13.200000 13.200000 0.703975
v 13.400000 13.200000 0.714744
v 13.600000 13.200000 0.721603
v 13.800000 13.200000 0.727829
v 14.000000 13.200000 0.735514
v 14.200000 13.200000 0.741975
v 14.400000 13.200000 0.746825
v 14.600000 13.200000 0.752826
v 14.800000 13.200000 0.759748
v 15.000000 13.200000 0.763178
v 15.200000 13.200000 0.755816
v 15.400000 13.200000 0.742840
v 15.600000 13.200000 0.729497
v 15.800000 13.200000 0.718471
v 16.000000 13.200000 0.712130
v 16.200000 13.200000 0.712172
v 16.400000 13.200000 0.716409
v 16.600000 13.200000 0.724078
v 16.800000 13.200000 0.734226
v 17.000000 13.200000 0.742273
v 17.200000 13.200000 0.745886
v 17.400000 13.200000 0.744304
v 17.600000 13.200000 0.744625
v 17.800000 13.200000 0.745010
v 18.000000 13.200000 0.740828
v 18.200000 13.200000 0.729562
v 18.400000 13.200000 0.714631
v 18.600000 13.200000 0.700382
v 18.800000 13.200000 0.690577
v 19.000000 13.200000 0.683002
v 19.200000 13.200000 0.673893
v 19.400000 13.200000 0.664280
v 19.600000 13.200000 0.657496
v 19.800000 13.200000 0.654927
v 0.000000 13.400000 0.640373
v 0.200000 13.400000 0.644843
v 0.400000 13.400000 0.655919
v 0.600000 13.400000 0.670097
v 0.800000 13.400000 0.683890
v 1.000000 13.400000 0.696366
v 1.200000 13.400000 0.708226
v 1.400000 13.400000 0.717651
v 1.600000 13.400000 0.720408
v 1.800000 13.400000 0.717158
v 2.000000 13.400000 0.709222
v 2.200000 13.400000 0.700492
v 2.400000 13.400000 0.695205
v 2.600000 13.400000 0.699004
v 2.800000 13.400000 0.717011
v 3.000000 13.400000 0.743996
v 3.200000 13.400000 0.774132
v 3.400000 13.400000 0.803926
v 3.600000 13.400000 0.831634
v 3.800000 13.400000 0.856953
v 4.000000 13.400000 0.887383
v 4.200000 13.400000 0.918644
v 4.400000 13.400000 0.944295
v 4.600000 13.400000 0.963302
v 4.800000 13.400000 0.971783
v 5.000000 13.400000 0.964650
v 5.200000 13.400000 0.945365
v 5.400000 13.400000 0.919516
v 5.600000 13.400000 0.890901
v 5.800000 13.400000 0.861378
v 6.000000 13.400000 0.829292
v 6.200000 13.400000 0.792672
v 6.400000 13.400000 0.748991
v 6.600000 13.400000 0.702368
v 6.800000 13.400000 0.660092
v 7.000000 13.400000 0.626069
v 7.200000 13.400000 0.599634
v 7.400000 13.400000 0.581672
v 7.600000 13.400000 0.566962
v 7.800000 13.400000 0.548325
v 8.000000 13.400000 0.529340
v 8.200000 13.400000 0.512760
v 8.400000 13.400000 0.499572
v 8.600000 13.400000 0.492238
v 8.800000 13.400000 0.492750
v 9.000000 13.400000 0.499327
v 9.200000 13.400000 0.508825
v 9.400000 13.400000 0.519014
v 9.600000 13.400000 0.529947
v 9.800000 13.400000 0.537574
v 10.000000 13.400000 0.538643
v 10.200000 13.400000 0.538580
v 10.400000 13.400000 0.540246
v 10.600000 13.400000 0.545641
v 10.800000 13.400000 0.556440
v 11.000000 13.400000 0.570975
v 11.200000 13.400000 0.586881
v 11.400000 13.400000 0.600590
v 11.600000 13.400000 0.613367
v 11.800000 13.400000 0.627744
v 12.000000 13.400000 0.644268
v 12.200000 13.400000 0.659462
v 12.400000 13.400000 0.669448
v 12.600000 13.400000 0.677524
v 12.800000 13.400000 0.687796
v 13.000000 13.400000 0.701037
v 13.200000 13.400000 0.715506
v 13.400000 13.400000 0.727878
v 13.600000 13.400000 0.736203
v 13.800000 13.400000 0.744429
v 14.000000 13.400000 0.756628
v 14.200000 13.400000 0.768524
v 14.400000 13.400000 0.777503
v 14.600000 13.400000 0.785133
v 14.800000 13.400000 0.792211
v 15.000000 13.400000 0.794845
v 15.200000 13.400000 0.784425
v 15.400000 13.400000 0.765080
v 15.600000 13.400000 0.741027
v 15.800000 13.400000 0.716719
v 16.000000 13.400000 0.699621
v 16.200000 13.400000 0.695450
v 16.400000 13.400000 0.698805
v 16.600000 13.400000 0.706806
v 16.800000 13.400000 0.717156
v 17.000000 13.400000 0.725824
v 17.200000 13.400000 0.730105
v 17.400000 13.400000 0.728789
v 17.600000 13.400000 0.730596
v 17.800000 13.400000 0.733527
v 18.000000 13.400000 0.732338
v 18.200000 13.400000 0.726206
v 18.400000 13.400000 0.716888
v 18.600000 13.400000 0.705728
v 18.800000 13.400000 0.694255
v 19.000000 13.400000 0.683366
v 19.200000 13.400000 0.673709
v 19.400000 13.400000 0.667359
v 19.600000 13.400000 0.664533
v 19.800000 13.400000 0.663889
v 0.000000 13.600000 0.628385
v 0.200000 13.600000 0.632900
v 0.400000 13.600000 0.644128
v 0.600000 13.600000 0.658593
v 0.800000 13.600000 0.672633
v 1.000000 13.600000 0.685170
v 1.200000 13.600000 0.697121
v 1.400000 13.600000 0.706966
v 1.600000 13.600000 0.710660
v 1.800000 13.600000 0.708754
v 2.000000 13.600000 0.702224
v 2.200000 13.600000 0.694475
v 2.400000 13.600000 0.690081
v 2.600000 13.600000 0.694669
v 2.800000 13.600000 0.712542
v 3.000000 13.600000 0.739281
v 3.200000 13.600000 0.770038
v 3.400000 13.600000 0.801517
v 3.600000 13.600000 0.830818
v 3.800000 13.600000 0.856572
v 4.000000 13.600000 0.886849
v 4.200000 13.600000 0.917689
v 4.400000 13.600000 0.942774
v 4.600000 13.600000 0.961442
v 4.800000 13.600000 0.969881
v 5.000000 13.600000 0.963010
v 5.200000 13.600000 0.944795
v 5.400000 13.600000 0.920319
v 5.600000 13.600000 0.892476
v 5.800000 13.600000 0.862288
v 6.000000 13.600000 0.828670
v 6.200000 13.600000 0.790640
v 6.400000 13.600000 0.745268
v 6.600000 13.600000 0.696336
v 6.800000 13.600000 0.651797
v 7.000000 13.600000 0.616305
v 7.200000 13.600000 0.589281
v 7.400000 13.600000 0.571238
v 7.600000 13.600000 0.556794
v 7.800000 13.600000 0.539258
v 8.000000 13.600000 0.522743
v 8.200000 13.600000 0.509924
v 8.400000 13.600000 0.500752
v 8.600000 13.600000 0.497758
v 8.800000 13.600000 0.503598
v 9.000000 13.600000 0.517308
v 9.200000 13.600000 0.533957
v 9.400000 13.600000 0.549904
v 9.600000 13.600000 0.565761
v 9.800000 13.600000 0.576450
v 10.000000 13.600000 0.577783
v 10.200000 13.600000 0.576425
v 10.400000 13.600000 0.575832
v 10.600000 13.600000 0.578375
v 10.800000 13.600000 0.586296
v 11.000000 13.600000 0.598269
v 11.200000 13.600000 0.612184
v 11.400000 13.600000 0.624304
v 11.600000 13.600000 0.635905
v 11.800000 13.600000 0.649678
v 12.000000 13.600000 0.666724
v 12.200000 13.600000 0.682835
v 12.400000 13.600000 0.692895
v 12.600000 13.600000 0.697903
v 12.800000 13.600000 0.703491
v 13.000000 13.600000 0.713848
v 13.200000 13.600000 0.728525
v 13.400000 13.600000 0.742363
v 13.600000 13.600000 0.751918
v 13.800000 13.600000 0.761363
v 14.000000 13.600000 0.775893
v 14.200000 13.600000 0.790438
v 14.400000 13.600000 0.801226
v 14.600000 13.600000 0.809265
v 14.800000 13.600000 0.816081
v 15.000000 13.600000 0.818128
v 15.200000 13.600000 0.805822
v 15.400000 13.600000 0.782557
v 15.600000 13.600000 0.751825
v 15.800000 13.600000 0.718988
v 16.000000 13.600000 0.694342
v 16.200000 13.600000 0.685890
v 16.400000 13.600000 0.686699
v 16.600000 13.600000 0.692874
v 16.800000 13.600000 0.701521
v 17.000000 13.600000 0.709108
v 17.200000 13.600000 0.712895
v 17.400000 13.600000 0.711544
v 17.600000 13.600000 0.714305
v 17.800000 13.600000 0.718955
v 18.000000 13.600000 0.719894
v 18.200000 13.600000 0.717279
v 18.400000 13.600000 0.711903
v 18.600000 13.600000 0.703359
v 18.800000 13.600000 0.691762
v 19.000000 13.600000 0.679725
v 19.200000 13.600000 0.670418
v 19.400000 13.600000 0.666488
v 19.600000 13.600000 0.666302
v 19.800000 13.600000 0.666898
v 0.000000 13.800000 0.620662
v 0.200000 13.800000 0.624739
v 0.400000 13.800000 0.635309
v 0.600000 13.800000 0.649879
v 0.800000 13.800000 0.665620
v 1.000000 13.800000 0.680636
v 1.200000 13.800000 0.694214
v 1.400000 13.800000 0.704122
v 1.600000 13.800000 0.707662
v 1.800000 13.800000 0.705917
v 2.000000 13.800000 0.700349
v 2.200000 13.800000 0.694235
v 2.400000 13.800000 0.691445
v 2.600000 13.800000 0.696955
v 2.800000 13.800000 0.715069
v 3.000000 13.800000 0.741746
v 3.200000 13.800000 0.772536
v 3.400000 13.800000 0.804342
v 3.600000 13.800000 0.834019
v 3.800000 13.800000 0.859603
v 4.000000 13.800000 0.887371
v 4.200000 13.800000 0.914981
v 4.400000 13.800000 0.938150
v 4.600000 13.800000 0.955226
v 4.800000 13.800000 0.962445
v 5.000000 13.800000 0.955499
v 5.200000 13.800000 0.938530
v 5.400000 13.800000 0.915293
v 5.600000 13.800000 0.887141
v 5.800000 13.800000 0.854747
v 6.000000 13.800000 0.818396
v 6.200000 13.800000 0.778525
v 6.400000 13.800000 0.733336
v 6.600000 13.800000 0.685924
v 6.800000 13.800000 0.642991
v 7.000000 13.800000 0.609140
v 7.200000 13.800000 0.584013
v 7.400000 13.800000 0.567057
v 7.600000 13.800000 0.553549
v 7.800000 13.800000 0.538689
v 8.000000 13.800000 0.525912
v 8.200000 13.800000 0.517304
v 8.400000 13.800000 0.512660
v 8.600000 13.800000 0.514356
v 8.800000 13.800000 0.524670
v 9.000000 13.800000 0.541987
v 9.200000 13.800000 0.561501
v 9.400000 13.800000 0.579397
v 9.600000 13.800000 0.595445
v 9.800000 13.800000 0.605628
v 10.000000 13.800000 0.606845
v 10.200000 13.800000 0.605481
v 10.400000 13.800000 0.604728
v 10.600000 13.800000 0.606837
v 10.800000 13.800000 0.614148
v 11.000000 13.800000 0.625126
v 11.200000 13.800000 0.637421
v 11.400000 13.800000 0.647848
v 11.600000 13.800000 0.657838
v 11.800000 13.800000 0.669956
v 12.000000 13.800000 0.684380
v 12.200000 13.800000 0.697738
v 12.400000 13.800000 0.706465
v 12.600000 13.800000 0.711765
v 12.800000 13.800000 0.717938
v 13.000000 13.800000 0.727980
v 13.200000 13.800000 0.741251
v 13.400000 13.800000 0.753735
v 13.600000 13.800000 0.762903
v 13.800000 13.800000 0.772586
v 14.000000 13.800000 0.787027
v 14.200000 13.800000 0.801623
v 14.400000 13.800000 0.813180
v 14.600000 13.800000 0.822502
v 14.800000 13.800000 0.830062
v 15.000000 13.800000 0.831943
v 15.200000 13.800000 0.819477
v 15.400000 13.800000 0.795630
v 15.600000 13.800000 0.763582
v 15.800000 13.800000 0.728849
v 16.000000 13.800000 0.701344
v 16.200000 13.800000 0.688987
v 16.400000 13.800000 0.686106
v 16.600000 13.800000 0.688680
v 16.800000 13.800000 0.693628
v 17.000000 13.800000 0.698301
v 17.200000 13.800000 0.700370
v 17.400000 13.800000 0.698390
v 17.600000 13.800000 0.698962
v 17.800000 13.800000 0.701336
v 18.000000 13.800000 0.702376
v 18.200000 13.800000 0.701594
v 18.400000 13.800000 0.698527
v 18.600000 13.800000 0.692140
v 18.800000 13.800000 0.683516
v 19.000000 13.800000 0.674815
v 19.200000 13.800000 0.667751
v 19.400000 13.800000 0.664364
v 19.600000 13.800000 0.663858
v 19.800000 13.800000 0.664152
v 0.000000 14.000000 0.612820
v 0.200000 14.000000 0.616161
v 0.400000 14.000000 0.625810
v 0.600000 14.000000 0.641203
v 0.800000 14.000000 0.661123
v 1.000000 14.000000 0.681794
v 1.200000 14.000000 0.698898
v 1.400000 14.000000 0.708708
v 1.600000 14.000000 0.711630
v 1.800000 14.000000 0.709834
v 2.000000 14.000000 0.705763
v 2.200000 14.000000 0.702376
v 2.400000 14.000000 0.702003
v 2.600000 14.000000 0.708265
v 2.800000 14.000000 0.725774
v 3.000000 14.000000 0.751337
v 3.200000 14.000000 0.781358
v 3.400000 14.000000 0.813200
v 3.600000 14.000000 0.843227
v 3.800000 14.000000 0.868188
v 4.000000 14.000000 0.890065
v 4.200000 14.000000 0.909977
v 4.400000 14.000000 0.928101
v 4.600000 14.000000 0.940848
v 4.800000 14.000000 0.944710
v 5.000000 14.000000 0.937166
v 5.200000 14.000000 0.922725
v 5.400000 14.000000 0.902282
v 5.600000 14.000000 0.873920
v 5.800000 14.000000 0.837567
v 6.000000 14.000000 0.796386
v 6.200000 14.000000 0.753797
v 6.400000 14.000000 0.710684
v 6.600000 14.000000 0.668667
v 6.800000 14.000000 0.631455
v 7.000000 14.000000 0.603184
v 7.200000 14.000000 0.583622
v 7.400000 14.000000 0.569616
v 7.600000 14.000000 0.557471
v 7.800000 14.000000 0.546316
v 8.000000 14.000000 0.538358
v 8.200000 14.000000 0.534643
v 8.400000 14.000000 0.534860
v 8.600000 14.000000 0.541264
v 8.800000 14.000000 0.555490
v 9.000000 14.000000 0.574696
v 9.200000 14.000000 0.594785
v 9.400000 14.000000 0.612026
v 9.600000 14.000000 0.624847
v 9.800000 14.000000 0.631927
v 10.000000 14.000000 0.632743
v 10.200000 14.000000 0.632244
v 10.400000 14.000000 0.632709
v 10.600000 14.000000 0.635924
v 10.800000 14.000000 0.644229
v 11.000000 14.000000 0.655429
v 11.200000 14.000000 0.666484
v 11.400000 14.000000 0.675420
v 11.600000 14.000000 0.683986
v 11.800000 14.000000 0.694386
v 12.000000 14.000000 0.704763
v 12.200000 14.000000 0.713427
v 12.400000 14.000000 0.720033
v 12.600000 14.000000 0.725986
v 12.800000 14.000000 0.732801
v 13.000000 14.000000 0.741147
v 13.200000 14.000000 0.750210
v 13.400000 14.000000 0.758649
v 13.600000 14.000000 0.766115
v 13.800000 14.000000 0.775693
v 14.000000 14.000000 0.789376
v 14.200000 14.000000 0.803602
v 14.400000 14.000000 0.816467
v 14.600000 14.000000 0.828392
v 14.800000 14.000000 0.837662
v 15.000000 14.000000 0.840125
v 15.200000 14.000000 0.830074
v 15.400000 14.000000 0.809147
v 15.600000 14.000000 0.779375
v 15.800000 14.000000 0.746095
v 16.000000 14.000000 0.717892
v 16.200000 14.000000 0.702083
v 16.400000 14.000000 0.695736
v 16.600000 14.000000 0.694478
v 16.800000 14.000000 0.694703
v 17.000000 14.000000 0.695491
v 17.200000 14.000000 0.695240
v 17.400000 14.000000 0.692173
v 17.600000 14.000000 0.687453
v 17.800000 14.000000 0.683671
v 18.000000 14.000000 0.683078
v 18.200000 14.000000 0.683992
v 18.400000 14.000000 0.683468
v 18.600000 14.000000 0.679331
v 18.800000 14.000000 0.674767
v 19.000000 14.000000 0.671037
v 19.200000 14.000000 0.666866
v 19.400000 14.000000 0.663132
v 19.600000 14.000000 0.660945
v 19.800000 14.000000 0.660233
v 0.000000 14.200000 0.603416
v 0.200000 14.200000 0.606801
v 0.400000 14.200000 0.617176
v 0.600000 14.200000 0.634869
v 0.800000 14.200000 0.659340
v 1.000000 14.200000 0.685190
v 1.200000 14.200000 0.705338
v 1.400000 14.200000 0.715201
v 1.600000 14.200000 0.718027
v 1.800000 14.200000 0.716645
v 2.000000 14.200000 0.714062
v 2.200000 14.200000 0.712948
v 2.400000 14.200000 0.714529
v 2.600000 14.200000 0.721392
v 2.800000 14.200000 0.738156
v 3.000000 14.200000 0.762340
v 3.200000 14.200000 0.791098
v 3.400000 14.200000 0.822275
v 3.600000 14.200000 0.852096
v 3.800000 14.200000 0.876430
v 4.000000 14.200000 0.893093
v 4.200000 14.200000 0.905680
v 4.400000 14.200000 0.917875
v 4.600000 14.200000 0.925373
v 4.800000 14.200000 0.925397
v 5.000000 14.200000 0.917092
v 5.200000 14.200000 0.904003
v 5.400000 14.200000 0.884684
v 5.600000 14.200000 0.855253
v 5.800000 14.200000 0.815337
v 6.000000 14.200000 0.770196
v 6.200000 14.200000 0.725414
v 6.400000 14.200000 0.684698
v 6.600000 14.200000 0.648887
v 6.800000 14.200000 0.618934
v 7.000000 14.200000 0.597896
v 7.200000 14.200000 0.584844
v 7.400000 14.200000 0.574137
v 7.600000 14.200000 0.563313
v 7.800000 14.200000 0.555746
v 8.000000 14.200000 0.552592
v 8.200000 14.200000 0.553951
v 8.400000 14.200000 0.559179
v 8.600000 14.200000 0.570189
v 8.800000 14.200000 0.587773
v 9.000000 14.200000 0.607873
v 9.200000 14.200000 0.627233
v 9.400000 14.200000 0.642592
v 9.600000 14.200000 0.651907
v 9.800000 14.200000 0.656052
v 10.000000 14.200000 0.656577
v 10.200000 14.200000 0.657356
v 10.400000 14.200000 0.659750
v 10.600000 14.200000 0.664935
v 10.800000 14.200000 0.674945
v 11.000000 14.200000 0.686851
v 11.200000 14.200000 0.696891
v 11.400000 14.200000 0.704353
v 11.600000 14.200000 0.711436
v 11.800000 14.200000 0.720164
v 12.000000 14.200000 0.727391
v 12.200000 14.200000 0.732595
v 12.400000 14.200000 0.737594
v 12.600000 14.200000 0.742994
v 12.800000 14.200000 0.748251
v 13.000000 14.200000 0.753021
v 13.200000 14.200000 0.756901
v 13.400000 14.200000 0.760835
v 13.600000 14.200000 0.766439
v 13.800000 14.200000 0.776049
v 14.000000 14.200000 0.789363
v 14.200000 14.200000 0.803475
v 14.400000 14.200000 0.817305
v 14.600000 14.200000 0.830996
v 14.800000 14.200000 0.841360
v 15.000000 14.200000 0.844625
v 15.200000 14.200000 0.838041
v 15.400000 14.200000 0.821728
v 15.600000 14.200000 0.796251
v 15.800000 14.200000 0.766121
v 16.000000 14.200000 0.738337
v 16.200000 14.200000 0.719363
v 16.400000 14.200000 0.709002
v 16.600000 14.200000 0.703110
v 16.800000 14.200000 0.698075
v 17.000000 14.200000 0.694463
v 17.200000 14.200000 0.691493
v 17.400000 14.200000 0.687400
v 17.600000 14.200000 0.678883
v 17.800000 14.200000 0.670574
v 18.000000 14.200000 0.668421
v 18.200000 14.200000 0.670083
v 18.400000 14.200000 0.671115
v 18.600000 14.200000 0.668713
v 18.800000 14.200000 0.667208
v 19.000000 14.200000 0.667097
v 19.200000 14.200000 0.665121
v 19.400000 14.200000 0.661377
v 19.600000 14.200000 0.658223
v 19.800000 14.200000 0.656896
v 0.000000 14.400000 0.591771
v 0.200000 14.400000 0.596834
v 0.400000 14.400000 0.611064
v 0.600000 14.400000 0.633023
v 0.800000 14.400000 0.660932
v 1.000000 14.400000 0.689241
v 1.200000 14.400000 0.710540
v 1.400000 14.400000 0.720705
v 1.600000 14.400000 0.724284
v 1.800000 14.400000 0.723954
v 2.000000 14.400000 0.722311
v 2.200000 14.400000 0.721587
v 2.400000 14.400000 0.723492
v 2.600000 14.400000 0.730597
v 2.800000 14.400000 0.746220
v 3.000000 14.400000 0.768662
v 3.200000 14.400000 0.796053
v 3.400000 14.400000 0.826639
v 3.600000 14.400000 0.856365
v 3.800000 14.400000 0.880603
v 4.000000 14.400000 0.895588
v 4.200000 14.400000 0.904734
v 4.400000 14.400000 0.911943
v 4.600000 14.400000 0.914344
v 4.800000 14.400000 0.910789
v 5.000000 14.400000 0.901641
v 5.200000 14.400000 0.886676
v 5.400000 14.400000 0.864129
v 5.600000 14.400000 0.832016
v 5.800000 14.400000 0.790787
v 6.000000 14.400000 0.745069
v 6.200000 14.400000 0.699808
v 6.400000 14.400000 0.660934
v 6.600000 14.400000 0.630258
v 6.800000 14.400000 0.607183
v 7.000000 14.400000 0.592997
v 7.200000 14.400000 0.585197
v 7.400000 14.400000 0.576949
v 7.600000 14.400000 0.567405
v 7.800000 14.400000 0.563254
v 8.000000 14.400000 0.564576
v 8.200000 14.400000 0.570406
v 8.400000 14.400000 0.579715
v 8.600000 14.400000 0.594396
v 8.800000 14.400000 0.614669
v 9.000000 14.400000 0.635153
v 9.200000 14.400000 0.653255
v 9.400000 14.400000 0.666548
v 9.600000 14.400000 0.673869
v 9.800000 14.400000 0.676724
v 10.000000 14.400000 0.677242
v 10.200000 14.400000 0.679281
v 10.400000 14.400000 0.683676
v 10.600000 14.400000 0.691062
v 10.800000 14.400000 0.702909
v 11.000000 14.400000 0.715614
v 11.200000 14.400000 0.724875
v 11.400000 14.400000 0.731409
v 11.600000 14.400000 0.737615
v 11.800000 14.400000 0.745083
v 12.000000 14.400000 0.751115
v 12.200000 14.400000 0.755485
v 12.400000 14.400000 0.759969
v 12.600000 14.400000 0.763290
v 12.800000 14.400000 0.764501
v 13.000000 14.400000 0.764305
v 13.200000 14.400000 0.763705
v 13.400000 14.400000 0.764638
v 13.600000 14.400000 0.769215
v 13.800000 14.400000 0.778832
v 14.000000 14.400000 0.791862
v 14.200000 14.400000 0.805890
v 14.400000 14.400000 0.819503
v 14.600000 14.400000 0.832135
v 14.800000 14.400000 0.841521
v 15.000000 14.400000 0.845369
v 15.200000 14.400000 0.842018
v 15.400000 14.400000 0.830403
v 15.600000 14.400000 0.809919
v 15.800000 14.400000 0.783850
v 16.000000 14.400000 0.757335
v 16.200000 14.400000 0.735478
v 16.400000 14.400000 0.720012
v 16.600000 14.400000 0.708338
v 16.800000 14.400000 0.698046
v 17.000000 14.400000 0.690021
v 17.200000 14.400000 0.684184
v 17.400000 14.400000 0.679571
v 17.600000 14.400000 0.672514
v 17.800000 14.400000 0.665841
v 18.000000 14.400000 0.663661
v 18.200000 14.400000 0.663731
v 18.400000 14.400000 0.663346
v 18.600000 14.400000 0.661327
v 18.800000 14.400000 0.661409
v 19.000000 14.400000 0.662937
v 19.200000 14.400000 0.662151
v 19.400000 14.400000 0.659034
v 19.600000 14.400000 0.656166
v 19.800000 14.400000 0.654908
v 0.000000 14.600000 0.580781
v 0.200000 14.600000 0.588302
v 0.400000 14.600000 0.607754
v 0.600000 14.600000 0.634474
v 0.800000 14.600000 0.664784
v 1.000000 14.600000 0.694125
v 1.200000 14.600000 0.715700
v 1.400000 14.600000 0.726148
v 1.600000 14.600000 0.730466
v 1.800000 14.600000 0.731091
v 2.000000 14.600000 0.729813
v 2.200000 14.600000 0.728050
v 2.400000 14.600000 0.729063
v 2.600000 14.600000 0.735959
v 2.800000 14.600000 0.749564
v 3.000000 14.600000 0.769595
v 3.200000 14.600000 0.795963
v 3.400000 14.600000 0.827280
v 3.600000 14.600000 0.858173
v 3.800000 14.600000 0.882894
v 4.000000 14.600000 0.898387
v 4.200000 14.600000 0.906805
v 4.400000 14.600000 0.910495
v 4.600000 14.600000 0.908349
v 4.800000 14.600000 0.901389
v 5.000000 14.600000 0.891311
v 5.200000 14.600000 0.872640
v 5.400000 14.600000 0.844507
v 5.600000 14.600000 0.809151
v 5.800000 14.600000 0.768435
v 6.000000 14.600000 0.724584
v 6.200000 14.600000 0.680126
v 6.400000 14.600000 0.642861
v 6.600000 14.600000 0.616439
v 6.800000 14.600000 0.599088
v 7.000000 14.600000 0.590255
v 7.200000 14.600000 0.586080
v 7.400000 14.600000 0.579425
v 7.600000 14.600000 0.571359
v 7.800000 14.600000 0.570923
v 8.000000 14.600000 0.576446
v 8.200000 14.600000 0.585335
v 8.400000 14.600000 0.596599
v 8.600000 14.600000 0.613096
v 8.800000 14.600000 0.635156
v 9.000000 14.600000 0.655616
v 9.200000 14.600000 0.672378
v 9.400000 14.600000 0.683810
v 9.600000 14.600000 0.689725
v 9.800000 14.600000 0.691822
v 10.000000 14.600000 0.692377
v 10.200000 14.600000 0.695385
v 10.400000 14.600000 0.701379
v 10.600000 14.600000 0.710647
v 10.800000 14.600000 0.724223
v 11.000000 14.600000 0.737836
v 11.200000 14.600000 0.746680
v 11.400000 14.600000 0.753440
v 11.600000 14.600000 0.760134
v 11.800000 14.600000 0.767053
v 12.000000 14.600000 0.772469
v 12.200000 14.600000 0.776614
v 12.400000 14.600000 0.780845
v 12.600000 14.600000 0.782339
v 12.800000 14.600000 0.780041
v 13.000000 14.600000 0.775623
v 13.200000 14.600000 0.771891
v 13.400000 14.600000 0.771410
v 13.600000 14.600000 0.775697
v 13.800000 14.600000 0.784705
v 14.000000 14.600000 0.796333
v 14.200000 14.600000 0.809482
v 14.400000 14.600000 0.821973
v 14.600000 14.600000 0.831574
v 14.800000 14.600000 0.838557
v 15.000000 14.600000 0.842678
v 15.200000 14.600000 0.841769
v 15.400000 14.600000 0.833920
v 15.600000 14.600000 0.817933
v 15.800000 14.600000 0.796320
v 16.000000 14.600000 0.771905
v 16.200000 14.600000 0.747830
v 16.400000 14.600000 0.727349
v 16.600000 14.600000 0.710094
v 16.800000 14.600000 0.695446
v 17.000000 14.600000 0.683769
v 17.200000 14.600000 0.675458
v 17.400000 14.600000 0.670721
v 17.600000 14.600000 0.668351
v 17.800000 14.600000 0.667134
v 18.000000 14.600000 0.665928
v 18.200000 14.600000 0.662379
v 18.400000 14.600000 0.657853
v 18.600000 14.600000 0.654925
v 18.800000 14.600000 0.656628
v 19.000000 14.600000 0.660068
v 19.200000 14.600000 0.660437
v 19.400000 14.600000 0.657567
v 19.600000 14.600000 0.654613
v 19.800000 14.600000 0.653254
v 0.000000 14.800000 0.574291
v 0.200000 14.800000 0.583439
v 0.400000 14.800000 0.606278
v 0.600000 14.800000 0.635900
v 0.800000 14.800000 0.667364
v 1.000000 14.800000 0.696982
v 1.200000 14.800000 0.718547
v 1.400000 14.800000 0.729213
v 1.600000 14.800000 0.734018
v 1.800000 14.800000 0.735240
v 2.000000 14.800000 0.734105
v 2.200000 14.800000 0.731458
v 2.400000 14.800000 0.731734
v 2.600000 14.800000 0.738490
v 2.800000 14.800000 0.750799
v 3.000000 14.800000 0.769365
v 3.200000 14.800000 0.795349
v 3.400000 14.800000 0.827561
v 3.600000 14.800000 0.859588
v 3.800000 14.800000 0.884864
v 4.000000 14.800000 0.901342
v 4.200000 14.800000 0.910169
v 4.400000 14.800000 0.912338
v 4.600000 14.800000 0.907836
v 4.800000 14.800000 0.899082
v 5.000000 14.800000 0.888575
v 5.200000 14.800000 0.867419
v 5.400000 14.800000 0.835579
v 5.600000 14.800000 0.798336
v 5.800000 14.800000 0.758522
v 6.000000 14.800000 0.716515
v 6.200000 14.800000 0.672980
v 6.400000 14.800000 0.636710
v 6.600000 14.800000 0.612644
v 6.800000 14.800000 0.598417
v 7.000000 14.800000 0.592397
v 7.200000 14.800000 0.590001
v 7.400000 14.800000 0.584146
v 7.600000 14.800000 0.577087
v 7.800000 14.800000 0.578973
v 8.000000 14.800000 0.586942
v 8.200000 14.800000 0.597306
v 8.400000 14.800000 0.609209
v 8.600000 14.800000 0.626329
v 8.800000 14.800000 0.649242
v 9.000000 14.800000 0.669630
v 9.200000 14.800000 0.685635
v 9.400000 14.800000 0.696074
v 9.600000 14.800000 0.701342
v 9.800000 14.800000 0.703142
v 10.000000 14.800000 0.703728
v 10.200000 14.800000 0.707208
v 10.400000 14.800000 0.714000
v 10.600000 14.800000 0.724239
v 10.800000 14.800000 0.738746
v 11.000000 14.800000 0.752862
v 11.200000 14.800000 0.761502
v 11.400000 14.800000 0.768632
v 11.600000 14.800000 0.775896
v 11.800000 14.800000 0.782602
v 12.000000 14.800000 0.787714
v 12.200000 14.800000 0.791779
v 12.400000 14.800000 0.795824
v 12.600000 14.800000 0.796229
v 12.800000 14.800000 0.791946
v 13.000000 14.800000 0.785175
v 13.200000 14.800000 0.779863
v 13.400000 14.800000 0.778852
v 13.600000 14.800000 0.783034
v 13.800000 14.800000 0.791392
v 14.000000 14.800000 0.801773
v 14.200000 14.800000 0.814065
v 14.400000 14.800000 0.825531
v 14.600000 14.800000 0.832729
v 14.800000 14.800000 0.837812
v 15.000000 14.800000 0.841871
v 15.200000 14.800000 0.842027
v 15.400000 14.800000 0.835969
v 15.600000 14.800000 0.822314
v 15.800000 14.800000 0.803247
v 16.000000 14.800000 0.780135
v 16.200000 14.800000 0.754822
v 16.400000 14.800000 0.731340
v 16.600000 14.800000 0.710792
v 16.800000 14.800000 0.693745
v 17.000000 14.800000 0.680041
v 17.200000 14.800000 0.670295
v 17.400000 14.800000 0.665483
v 17.600000 14.800000 0.666558
v 17.800000 14.800000 0.669391
v 18.000000 14.800000 0.668921
v 18.200000 14.800000 0.662669
v 18.400000 14.800000 0.654959
v 18.600000 14.800000 0.651105
v 18.800000 14.800000 0.653709
v 19.000000 14.800000 0.658297
v 19.200000 14.800000 0.659295
v 19.400000 14.800000 0.656434
v 19.600000 14.800000 0.653304
v 19.800000 14.800000 0.651832
v 0.000000 15.000000 0.580077
v 0.200000 15.000000 0.588276
v 0.400000 15.000000 0.609129
v 0.600000 15.000000 0.637015
v 0.800000 15.000000 0.667394
v 1.000000 15.000000 0.696040
v 1.200000 15.000000 0.717113
v 1.400000 15.000000 0.727962
v 1.600000 15.000000 0.733334
v 1.800000 15.000000 0.735297
v 2.000000 15.000000 0.735298
v 2.200000 15.000000 0.734615
v 2.400000 15.000000 0.736462
v 2.600000 15.000000 0.743366
v 2.800000 15.000000 0.754974
v 3.000000 15.000000 0.772722
v 3.200000 15.000000 0.798342
v 3.400000 15.000000 0.830453
v 3.600000 15.000000 0.862528
v 3.800000 15.000000 0.887924
v 4.000000 15.000000 0.904440
v 4.200000 15.000000 0.913325
v 4.400000 15.000000 0.915693
v 4.600000 15.000000 0.911307
v 4.800000 15.000000 0.902649
v 5.000000 15.000000 0.892401
v 5.200000 15.000000 0.871842
v 5.400000 15.000000 0.840802
v 5.600000 15.000000 0.804368
v 5.800000 15.000000 0.765753
v 6.000000 15.000000 0.725141
v 6.200000 15.000000 0.682562
v 6.400000 15.000000 0.646293
v 6.600000 15.000000 0.621575
v 6.800000 15.000000 0.606611
v 7.000000 15.000000 0.599819
v 7.200000 15.000000 0.596594
v 7.400000 15.000000 0.590411
v 7.600000 15.000000 0.583897
v 7.800000 15.000000 0.586841
v 8.000000 15.000000 0.595872
v 8.200000 15.000000 0.606869
v 8.400000 15.000000 0.618946
v 8.600000 15.000000 0.635880
v 8.800000 15.000000 0.658494
v 9.000000 15.000000 0.678860
v 9.200000 15.000000 0.694930
v 9.400000 15.000000 0.705358
v 9.600000 15.000000 0.710670
v 9.800000 15.000000 0.712526
v 10.000000 15.000000 0.713237
v 10.200000 15.000000 0.717324
v 10.400000 15.000000 0.724533
v 10.600000 15.000000 0.734218
v 10.800000 15.000000 0.747386
v 11.000000 15.000000 0.760220
v 11.200000 15.000000 0.768384
v 11.400000 15.000000 0.775365
v 11.600000 15.000000 0.782534
v 11.800000 15.000000 0.789212
v 12.000000 15.000000 0.794333
v 12.200000 15.000000 0.798349
v 12.400000 15.000000 0.802197
v 12.600000 15.000000 0.802331
v 12.800000 15.000000 0.797771
v 13.000000 15.000000 0.790691
v 13.200000 15.000000 0.784582
v 13.400000 15.000000 0.782393
v 13.600000 15.000000 0.785737
v 13.800000 15.000000 0.794138
v 14.000000 15.000000 0.805095
v 14.200000 15.000000 0.817886
v 14.400000 15.000000 0.829782
v 14.600000 15.000000 0.837751
v 14.800000 15.000000 0.843233
v 15.000000 15.000000 0.846714
v 15.200000 15.000000 0.845577
v 15.400000 15.000000 0.838111
v 15.600000 15.000000 0.823272
v 15.800000 15.000000 0.802944
v 16.000000 15.000000 0.778958
v 16.200000 15.000000 0.753533
v 16.400000 15.000000 0.730245
v 16.600000 15.000000 0.710049
v 16.800000 15.000000 0.693489
v 17.000000 15.000000 0.680491
v 17.200000 15.000000 0.671273
v 17.400000 15.000000 0.666312
v 17.600000 15.000000 0.666270
v 17.800000 15.000000 0.667769
v 18.000000 15.000000 0.666658
v 18.200000 15.000000 0.660799
v 18.400000 15.000000 0.653793
v 18.600000 15.000000 0.650124
v 18.800000 15.000000 0.652280
v 19.000000 15.000000 0.656262
v 19.200000 15.000000 0.656883
v 19.400000 15.000000 0.653583
v 19.600000 15.000000 0.649883
v 19.800000 15.000000 0.648129
v 0.000000 15.200000 0.605048
v 0.200000 15.200000 0.609815
v 0.400000 15.200000 0.623354
v 0.600000 15.200000 0.644520
v 0.800000 15.200000 0.670374
v 1.000000 15.200000 0.695089
v 1.200000 15.200000 0.714008
v 1.400000 15.200000 0.725078
v 1.600000 15.200000 0.731996
v 1.800000 15.200000 0.736113
v 2.000000 15.200000 0.739562
v 2.200000 15.200000 0.744932
v 2.400000 15.200000 0.751443
v 2.600000 15.200000 0.758318
v 2.800000 15.200000 0.767264
v 3.000000 15.200000 0.781862
v 3.200000 15.200000 0.805459
v 3.400000 15.200000 0.836136
v 3.600000 15.200000 0.867274
v 3.800000 15.200000 0.892197
v 4.000000 15.200000 0.907980
v 4.200000 15.200000 0.916324
v 4.400000 15.200000 0.918923
v 4.600000 15.200000 0.914673
v 4.800000 15.200000 0.906008
v 5.000000 15.200000 0.896035
v 5.200000 15.200000 0.877261
v 5.400000 15.200000 0.848988
v 5.600000 15.200000 0.815147
v 5.800000 15.200000 0.779903
v 6.000000 15.200000 0.743099
v 6.200000 15.200000 0.703094
v 6.400000 15.200000 0.666164
v 6.600000 15.200000 0.638206
v 6.800000 15.200000 0.619411
v 7.000000 15.200000 0.608696
v 7.200000 15.200000 0.601671
v 7.400000 15.200000 0.593666
v 7.600000 15.200000 0.588312
v 7.800000 15.200000 0.593953
v 8.000000 15.200000 0.605752
v 8.200000 15.200000 0.618323
v 8.400000 15.200000 0.630552
v 8.600000 15.200000 0.646258
v 8.800000 15.200000 0.667010
v 9.000000 15.200000 0.686669
v 9.200000 15.200000 0.702569
v 9.400000 15.200000 0.712789
v 9.600000 15.200000 0.718130
v 9.800000 15.200000 0.720107
v 10.000000 15.200000 0.721151
v 10.200000 15.200000 0.726793
v 10.400000 15.200000 0.734800
v 10.600000 15.200000 0.742277
v 10.800000 15.200000 0.750939
v 11.000000 15.200000 0.759683
v 11.200000 15.200000 0.766595
v 11.400000 15.200000 0.773405
v 11.600000 15.200000 0.780634
v 11.800000 15.200000 0.787772
v 12.000000 15.200000 0.793499
v 12.200000 15.200000 0.797897
v 12.400000 15.200000 0.801636
v 12.600000 15.200000 0.801582
v 12.800000 15.200000 0.796985
v 13.000000 15.200000 0.789857
v 13.200000 15.200000 0.782098
v 13.400000 15.200000 0.776933
v 13.600000 15.200000 0.778274
v 13.800000 15.200000 0.787544
v 14.000000 15.200000 0.801279
v 14.200000 15.200000 0.816658
v 14.400000 15.200000 0.830982
v 14.600000 15.200000 0.842599
v 14.800000 15.200000 0.850383
v 15.000000 15.200000 0.852645
v 15.200000 15.200000 0.847646
v 15.400000 15.200000 0.835700
v 15.600000 15.200000 0.816970
v 15.800000 15.200000 0.792615
v 16.000000 15.200000 0.766260
v 16.200000 15.200000 0.741582
v 16.400000 15.200000 0.720481
v 16.600000 15.200000 0.703104
v 16.800000 15.200000 0.689617
v 17.000000 15.200000 0.680186
v 17.200000 15.200000 0.673677
v 17.400000 15.200000 0.668840
v 17.600000 15.200000 0.665222
v 17.800000 15.200000 0.662299
v 18.000000 15.200000 0.659363
v 18.200000 15.200000 0.655376
v 18.400000 15.200000 0.651276
v 18.600000 15.200000 0.648589
v 18.800000 15.200000 0.649453
v 19.000000 15.200000 0.651548
v 19.200000 15.200000 0.651000
v 19.400000 15.200000 0.646402
v 19.600000 15.200000 0.641012
v 19.800000 15.200000 0.638417
v 0.000000 15.400000 0.640767
v 0.200000 15.400000 0.641924
v 0.400000 15.400000 0.647446
v 0.600000 15.400000 0.660410
v 0.800000 15.400000 0.679748
v 1.000000 15.400000 0.698892
v 1.200000 15.400000 0.714718
v 1.400000 15.400000 0.725896
v 1.600000 15.400000 0.734721
v 1.800000 15.400000 0.741655
v 2.000000 15.400000 0.749105
v 2.200000 15.400000 0.760442
v 2.400000 15.400000 0.771331
v 2.600000 15.400000 0.778043
v 2.800000 15.400000 0.784028
v 3.000000 15.400000 0.794856
v 3.200000 15.400000 0.815429
v 3.400000 15.400000 0.843625
v 3.600000 15.400000 0.872984
v 3.800000 15.400000 0.896999
v 4.000000 15.400000 0.911960
v 4.200000 15.400000 0.919821
v 4.400000 15.400000 0.922691
v 4.600000 15.400000 0.918693
v 4.800000 15.400000 0.910164
v 5.000000 15.400000 0.900519
v 5.200000 15.400000 0.883754
v 5.400000 15.400000 0.858798
v 5.600000 15.400000 0.828459
v 5.800000 15.400000 0.797496
v 6.000000 15.400000 0.765289
v 6.200000 15.400000 0.728649
v 6.400000 15.400000 0.691351
v 6.600000 15.400000 0.659621
v 6.800000 15.400000 0.635834
v 7.000000 15.400000 0.619866
v 7.200000 15.400000 0.608058
v 7.400000 15.400000 0.597811
v 7.600000 15.400000 0.593736
v 7.800000 15.400000 0.602391
v 8.000000 15.400000 0.617368
v 8.200000 15.400000 0.631886
v 8.400000 15.400000 0.644277
v 8.600000 15.400000 0.658033
v 8.800000 15.400000 0.675465
v 9.000000 15.400000 0.693174
v 9.200000 15.400000 0.708005
v 9.400000 15.400000 0.717480
v 9.600000 15.400000 0.722546
v 9.800000 15.400000 0.724511
v 10.000000 15.400000 0.725693
v 10.200000 15.400000 0.731732
v 10.400000 15.400000 0.738967
v 10.600000 15.400000 0.743000
v 10.800000 15.400000 0.746457
v 11.000000 15.400000 0.750793
v 11.200000 15.400000 0.756371
v 11.400000 15.400000 0.763185
v 11.600000 15.400000 0.770811
v 11.800000 15.400000 0.778758
v 12.000000 15.400000 0.785382
v 12.200000 15.400000 0.790341
v 12.400000 15.400000 0.793974
v 12.600000 15.400000 0.793681
v 12.800000 15.400000 0.789041
v 13.000000 15.400000 0.781883
v 13.200000 15.400000 0.772771
v 13.400000 15.400000 0.765105
v 13.600000 15.400000 0.764633
v 13.800000 15.400000 0.774667
v 14.000000 15.400000 0.791270
v 14.200000 15.400000 0.809670
v 14.400000 15.400000 0.826954
v 14.600000 15.400000 0.842356
v 14.800000 15.400000 0.852418
v 15.000000 15.400000 0.853305
v 15.200000 15.400000 0.843826
v 15.400000 15.400000 0.826411
v 15.600000 15.400000 0.802695
v 15.800000 15.400000 0.773728
v 16.000000 15.400000 0.745088
v 16.200000 15.400000 0.721981
v 16.400000 15.400000 0.704404
v 16.600000 15.400000 0.691442
v 16.800000 15.400000 0.682608
v 17.000000 15.400000 0.677929
v 17.200000 15.400000 0.674822
v 17.400000 15.400000 0.670351
v 17.600000 15.400000 0.663638
v 17.800000 15.400000 0.656744
v 18.000000 15.400000 0.651872
v 18.200000 15.400000 0.648983
v 18.400000 15.400000 0.646933
v 18.600000 15.400000 0.644926
v 18.800000 15.400000 0.644596
v 19.000000 15.400000 0.644903
v 19.200000 15.400000 0.643109
v 19.400000 15.400000 0.637170
v 19.600000 15.400000 0.630187
v 19.800000 15.400000 0.626823
v 0.000000 15.600000 0.678025
v 0.200000 15.600000 0.677450
v 0.400000 15.600000 0.678413
v 0.600000 15.600000 0.684951
v 0.800000 15.600000 0.697585
v 1.000000 15.600000 0.711536
v 1.200000 15.600000 0.724519
v 1.400000 15.600000 0.735276
v 1.600000 15.600000 0.744960
v 1.800000 15.600000 0.753981
v 2.000000 15.600000 0.764367
v 2.200000 15.600000 0.778193
v 2.400000 15.600000 0.790483
v 2.600000 15.600000 0.797040
v 2.800000 15.600000 0.801553
v 3.000000 15.600000 0.809853
v 3.200000 15.600000 0.827206
v 3.400000 15.600000 0.852440
v 3.600000 15.600000 0.879582
v 3.800000 15.600000 0.902408
v 4.000000 15.600000 0.916652
v 4.200000 15.600000 0.924230
v 4.400000 15.600000 0.927395
v 4.600000 15.600000 0.924368
v 4.800000 15.600000 0.916926
v 5.000000 15.600000 0.907881
v 5.200000 15.600000 0.892309
v 5.400000 15.600000 0.869711
v 5.600000 15.600000 0.842856
v 5.800000 15.600000 0.815725
v 6.000000 15.600000 0.787147
v 6.200000 15.600000 0.753762
v 6.400000 15.600000 0.717529
v 6.600000 15.600000 0.683903
v 6.800000 15.600000 0.656076
v 7.000000 15.600000 0.635321
v 7.200000 15.600000 0.619706
v 7.400000 15.600000 0.607853
v 7.600000 15.600000 0.604572
v 7.800000 15.600000 0.614946
v 8.000000 15.600000 0.631950
v 8.200000 15.600000 0.648189
v 8.400000 15.600000 0.661006
v 8.600000 15.600000 0.672620
v 8.800000 15.600000 0.685292
v 9.000000 15.600000 0.698839
v 9.200000 15.600000 0.710693
v 9.400000 15.600000 0.718678
v 9.600000 15.600000 0.723430
v 9.800000 15.600000 0.725571
v 10.000000 15.600000 0.726423
v 10.200000 15.600000 0.729854
v 10.400000 15.600000 0.733073
v 10.600000 15.600000 0.732866
v 10.800000 15.600000 0.732396
v 11.000000 15.600000 0.733913
v 11.200000 15.600000 0.738574
v 11.400000 15.600000 0.745243
v 11.600000 15.600000 0.753115
v 11.800000 15.600000 0.761867
v 12.000000 15.600000 0.769933
v 12.200000 15.600000 0.776179
v 12.400000 15.600000 0.779959
v 12.600000 15.600000 0.779067
v 12.800000 15.600000 0.773856
v 13.000000 15.600000 0.766370
v 13.200000 15.600000 0.757275
v 13.400000 15.600000 0.749639
v 13.600000 15.600000 0.748766
v 13.800000 15.600000 0.758521
v 14.000000 15.600000 0.775953
v 14.200000 15.600000 0.796107
v 14.400000 15.600000 0.815836
v 14.600000 15.600000 0.833598
v 14.800000 15.600000 0.844862
v 15.000000 15.600000 0.844382
v 15.200000 15.600000 0.830616
v 15.400000 15.600000 0.807892
v 15.600000 15.600000 0.779795
v 15.800000 15.600000 0.748507
v 16.000000 15.600000 0.719868
v 16.200000 15.600000 0.699177
v 16.400000 15.600000 0.685637
v 16.600000 15.600000 0.677644
v 16.800000 15.600000 0.673937
v 17.000000 15.600000 0.673087
v 17.200000 15.600000 0.672127
v 17.400000 15.600000 0.668038
v 17.600000 15.600000 0.660909
v 17.800000 15.600000 0.653169
v 18.000000 15.600000 0.647157
v 18.200000 15.600000 0.643427
v 18.400000 15.600000 0.640920
v 18.600000 15.600000 0.638665
v 18.800000 15.600000 0.637219
v 19.000000 15.600000 0.635841
v 19.200000 15.600000 0.632823
v 19.400000 15.600000 0.626590
v 19.600000 15.600000 0.619783
v 19.800000 15.600000 0.616585
v 0.000000 15.800000 0.711492
v 0.200000 15.800000 0.710804
v 0.400000 15.800000 0.710430
v 0.600000 15.800000 0.712901
v 0.800000 15.800000 0.720460
v 1.000000 15.800000 0.731701
v 1.200000 15.800000 0.743349
v 1.400000 15.800000 0.752624
v 1.600000 15.800000 0.760395
v 1.800000 15.800000 0.769142
v 2.000000 15.800000 0.781223
v 2.200000 15.800000 0.795410
v 2.400000 15.800000 0.807431
v 2.600000 15.800000 0.814006
v 2.800000 15.800000 0.818653
v 3.000000 15.800000 0.825987
v 3.200000 15.800000 0.840576
v 3.400000 15.800000 0.863408
v 3.600000 15.800000 0.888777
v 3.800000 15.800000 0.910234
v 4.000000 15.800000 0.922938
v 4.200000 15.800000 0.929319
v 4.400000 15.800000 0.932447
v 4.600000 15.800000 0.931576
v 4.800000 15.800000 0.926821
v 5.000000 15.800000 0.918844
v 5.200000 15.800000 0.903237
v 5.400000 15.800000 0.881362
v 5.600000 15.800000 0.857405
v 5.800000 15.800000 0.833360
v 6.000000 15.800000 0.807279
v 6.200000 15.800000 0.776890
v 6.400000 15.800000 0.743743
v 6.600000 15.800000 0.711543
v 6.800000 15.800000 0.682215
v 7.000000 15.800000 0.658368
v 7.200000 15.800000 0.640749
v 7.400000 15.800000 0.628265
v 7.600000 15.800000 0.625028
v 7.800000 15.800000 0.635063
v 8.000000 15.800000 0.651986
v 8.200000 15.800000 0.668959
v 8.400000 15.800000 0.682178
v 8.600000 15.800000 0.691560
v 8.800000 15.800000 0.698101
v 9.000000 15.800000 0.704601
v 9.200000 15.800000 0.710814
v 9.400000 15.800000 0.716487
v 9.600000 15.800000 0.721616
v 9.800000 15.800000 0.724876
v 10.000000 15.800000 0.725270
v 10.200000 15.800000 0.724369
v 10.400000 15.800000 0.721928
v 10.600000 15.800000 0.717569
v 10.800000 15.800000 0.714006
v 11.000000 15.800000 0.713423
v 11.200000 15.800000 0.717228
v 11.400000 15.800000 0.722586
v 11.600000 15.800000 0.729186
v 11.800000 15.800000 0.738102
v 12.000000 15.800000 0.748930
v 12.200000 15.800000 0.758467
v 12.400000 15.800000 0.763202
v 12.600000 15.800000 0.760938
v 12.800000 15.800000 0.753951
v 13.000000 15.800000 0.745432
v 13.200000 15.800000 0.737203
v 13.400000 15.800000 0.731294
v 13.600000 15.800000 0.730973
v 13.800000 15.800000 0.739374
v 14.000000 15.800000 0.755398
v 14.200000 15.800000 0.775617
v 14.400000 15.800000 0.797611
v 14.600000 15.800000 0.818141
v 14.800000 15.800000 0.830992
v 15.000000 15.800000 0.828715
v 15.200000 15.800000 0.809430
v 15.400000 15.800000 0.780875
v 15.600000 15.800000 0.750344
v 15.800000 15.800000 0.721171
v 16.000000 15.800000 0.696368
v 16.200000 15.800000 0.678835
v 16.400000 15.800000 0.668876
v 16.600000 15.800000 0.665224
v 16.800000 15.800000 0.666091
v 17.000000 15.800000 0.666798
v 17.200000 15.800000 0.665592
v 17.400000 15.800000 0.661498
v 17.600000 15.800000 0.655339
v 17.800000 15.800000 0.648413
v 18.000000 15.800000 0.641920
v 18.200000 15.800000 0.637672
v 18.400000 15.800000 0.635024
v 18.600000 15.800000 0.632585
v 18.800000 15.800000 0.628417
v 19.000000 15.800000 0.623017
v 19.200000 15.800000 0.617803
v 19.400000 15.800000 0.612814
v 19.600000 15.800000 0.608639
v 19.800000 15.800000 0.606889
v 0.000000 16.000000 0.741483
v 0.200000 16.000000 0.741160
v 0.400000 16.000000 0.740747
v 0.600000 16.000000 0.741079
v 0.800000 16.000000 0.745591
v 1.000000 16.000000 0.755560
v 1.200000 16.000000 0.766470
v 1.400000 16.000000 0.774038
v 1.600000 16.000000 0.779255
v 1.800000 16.000000 0.786676
v 2.000000 16.000000 0.799165
v 2.200000 16.000000 0.812737
v 2.400000 16.000000 0.823956
v 2.600000 16.000000 0.830501
v 2.800000 16.000000 0.835517
v 3.000000 16.000000 0.842379
v 3.200000 16.000000 0.854907
v 3.400000 16.000000 0.875903
v 3.600000 16.000000 0.899772
v 3.800000 16.000000 0.919767
v 4.000000 16.000000 0.930687
v 4.200000 16.000000 0.935528
v 4.400000 16.000000 0.938160
v 4.600000 16.000000 0.938838
v 4.800000 16.000000 0.936252
v 5.000000 16.000000 0.929188
v 5.200000 16.000000 0.913544
v 5.400000 16.000000 0.892314
v 5.600000 16.000000 0.871011
v 5.800000 16.000000 0.849891
v 6.000000 16.000000 0.826368
v 6.200000 16.000000 0.799196
v 6.400000 16.000000 0.770061
v 6.600000 16.000000 0.741161
v 6.800000 16.000000 0.712852
v 7.000000 16.000000 0.688517
v 7.200000 16.000000 0.670877
v 7.400000 16.000000 0.658669
v 7.600000 16.000000 0.655073
v 7.800000 16.000000 0.663398
v 8.000000 16.000000 0.678209
v 8.200000 16.000000 0.693532
v 8.400000 16.000000 0.704902
v 8.600000 16.000000 0.710536
v 8.800000 16.000000 0.710331
v 9.000000 16.000000 0.709064
v 9.200000 16.000000 0.708694
v 9.400000 16.000000 0.710880
v 9.600000 16.000000 0.715227
v 9.800000 16.000000 0.718844
v 10.000000 16.000000 0.718814
v 10.200000 16.000000 0.714561
v 10.400000 16.000000 0.707907
v 10.600000 16.000000 0.700805
v 10.800000 16.000000 0.695349
v 11.000000 16.000000 0.693447
v 11.200000 16.000000 0.696539
v 11.400000 16.000000 0.700458
v 11.600000 16.000000 0.705511
v 11.800000 16.000000 0.714100
v 12.000000 16.000000 0.726947
v 12.200000 16.000000 0.739072
v 12.400000 16.000000 0.744466
v 12.600000 16.000000 0.740784
v 12.800000 16.000000 0.731931
v 13.000000 16.000000 0.722171
v 13.200000 16.000000 0.714398
v 13.400000 16.000000 0.709751
v 13.600000 16.000000 0.709708
v 13.800000 16.000000 0.716535
v 14.000000 16.000000 0.730601
v 14.200000 16.000000 0.750015
v 14.400000 16.000000 0.773178
v 14.600000 16.000000 0.795490
v 14.800000 16.000000 0.809392
v 15.000000 16.000000 0.805787
v 15.200000 16.000000 0.782794
v 15.400000 16.000000 0.750858
v 15.600000 16.000000 0.720226
v 15.800000 16.000000 0.694890
v 16.000000 16.000000 0.674941
v 16.200000 16.000000 0.660838
v 16.400000 16.000000 0.654161
v 16.600000 16.000000 0.654145
v 16.800000 16.000000 0.658695
v 17.000000 16.000000 0.660365
v 17.200000 16.000000 0.658656
v 17.400000 16.000000 0.654574
v 17.600000 16.000000 0.649493
v 17.800000 16.000000 0.643599
v 18.000000 16.000000 0.637005
v 18.200000 16.000000 0.632594
v 18.400000 16.000000 0.630037
v 18.600000 16.000000 0.627505
v 18.800000 16.000000 0.620963
v 19.000000 16.000000 0.612087
v 19.200000 16.000000 0.605067
v 19.400000 16.000000 0.601358
v 19.600000 16.000000 0.599669
v 19.800000 16.000000 0.599268
v 0.000000 16.200000 0.769139
v 0.200000 16.200000 0.768588
v 0.400000 16.200000 0.767512
v 0.600000 16.200000 0.766781
v 0.800000 16.200000 0.769640
v 1.000000 16.200000 0.777523
v 1.200000 16.200000 0.786678
v 1.400000 16.200000 0.793532
v 1.600000 16.200000 0.798875
v 1.800000 16.200000 0.806477
v 2.000000 16.200000 0.818461
v 2.200000 16.200000 0.830954
v 2.400000 16.200000 0.841260
v 2.600000 16.200000 0.847600
v 2.800000 16.200000 0.852536
v 3.000000 16.200000 0.858908
v 3.200000 16.200000 0.870049
v 3.400000 16.200000 0.888794
v 3.600000 16.200000 0.910355
v 3.800000 16.200000 0.928811
v 4.000000 16.200000 0.939078
v 4.200000 16.200000 0.943508
v 4.400000 16.200000 0.945353
v 4.600000 16.200000 0.945215
v 4.800000 16.200000 0.942171
v 5.000000 16.200000 0.935252
v 5.200000 16.200000 0.920867
v 5.400000 16.200000 0.901891
v 5.600000 16.200000 0.883473
v 5.800000 16.200000 0.865415
v 6.000000 16.200000 0.845147
v 6.200000 16.200000 0.821626
v 6.400000 16.200000 0.796743
v 6.600000 16.200000 0.772192
v 6.800000 16.200000 0.747536
v 7.000000 16.200000 0.725563
v 7.200000 16.200000 0.709210
v 7.400000 16.200000 0.697623
v 7.600000 16.200000 0.693353
v 7.800000 16.200000 0.698677
v 8.000000 16.200000 0.708915
v 8.200000 16.200000 0.719011
v 8.400000 16.200000 0.724975
v 8.600000 16.200000 0.724673
v 8.800000 16.200000 0.717888
v 9.000000 16.200000 0.710203
v 9.200000 16.200000 0.704082
v 9.400000 16.200000 0.701632
v 9.600000 16.200000 0.702733
v 9.800000 16.200000 0.704651
v 10.000000 16.200000 0.704293
v 10.200000 16.200000 0.699416
v 10.400000 16.200000 0.692140
v 10.600000 16.200000 0.685031
v 10.800000 16.200000 0.680048
v 11.000000 16.200000 0.678510
v 11.200000 16.200000 0.681306
v 11.400000 16.200000 0.684194
v 11.600000 16.200000 0.687839
v 11.800000 16.200000 0.694984
v 12.000000 16.200000 0.706293
v 12.200000 16.200000 0.716978
v 12.400000 16.200000 0.721416
v 12.600000 16.200000 0.717256
v 12.800000 16.200000 0.708181
v 13.000000 16.200000 0.698361
v 13.200000 16.200000 0.690563
v 13.400000 16.200000 0.685696
v 13.600000 16.200000 0.684979
v 13.800000 16.200000 0.690592
v 14.000000 16.200000 0.703143
v 14.200000 16.200000 0.720938
v 14.400000 16.200000 0.742504
v 14.600000 16.200000 0.763396
v 14.800000 16.200000 0.776393
v 15.000000 16.200000 0.772935
v 15.200000 16.200000 0.751488
v 15.400000 16.200000 0.721934
v 15.600000 16.200000 0.694102
v 15.800000 16.200000 0.672075
v 16.000000 16.200000 0.655590
v 16.200000 16.200000 0.644812
v 16.400000 16.200000 0.641476
v 16.600000 16.200000 0.644548
v 16.800000 16.200000 0.651615
v 17.000000 16.200000 0.655123
v 17.200000 16.200000 0.654528
v 17.400000 16.200000 0.650856
v 17.600000 16.200000 0.646109
v 17.800000 16.200000 0.640448
v 18.000000 16.200000 0.633736
v 18.200000 16.200000 0.628525
v 18.400000 16.200000 0.625007
v 18.600000 16.200000 0.622084
v 18.800000 16.200000 0.615967
v 19.000000 16.200000 0.607808
v 19.200000 16.200000 0.601219
v 19.400000 16.200000 0.597498
v 19.600000 16.200000 0.595644
v 19.800000 16.200000 0.595141
v 0.000000 16.400000 0.795470
v 0.200000 16.400000 0.793968
v 0.400000 16.400000 0.790857
v 0.600000 16.400000 0.788231
v 0.800000 16.400000 0.787536
v 1.000000 16.400000 0.789092
v 1.200000 16.400000 0.793579
v 1.400000 16.400000 0.801787
v 1.600000 16.400000 0.813291
v 1.800000 16.400000 0.826390
v 2.000000 16.400000 0.839008
v 2.200000 16.400000 0.849353
v 2.400000 16.400000 0.857448
v 2.600000 16.400000 0.863739
v 2.800000 16.400000 0.870007
v 3.000000 16.400000 0.877306
v 3.200000 16.400000 0.886885
v 3.400000 16.400000 0.900297
v 3.600000 16.400000 0.916329
v 3.800000 16.400000 0.933017
v 4.000000 16.400000 0.945788
v 4.200000 16.400000 0.953245
v 4.400000 16.400000 0.954863
v 4.600000 16.400000 0.952002
v 4.800000 16.400000 0.946287
v 5.000000 16.400000 0.938866
v 5.200000 16.400000 0.927109
v 5.400000 16.400000 0.912178
v 5.600000 16.400000 0.897165
v 5.800000 16.400000 0.881428
v 6.000000 16.400000 0.863466
v 6.200000 16.400000 0.843117
v 6.400000 16.400000 0.823775
v 6.600000 16.400000 0.806328
v 6.800000 16.400000 0.788124
v 7.000000 16.400000 0.769171
v 7.200000 16.400000 0.752712
v 7.400000 16.400000 0.740567
v 7.600000 16.400000 0.734514
v 7.800000 16.400000 0.733654
v 8.000000 16.400000 0.735297
v 8.200000 16.400000 0.737191
v 8.400000 16.400000 0.737045
v 8.600000 16.400000 0.731117
v 8.800000 16.400000 0.718287
v 9.000000 16.400000 0.705470
v 9.200000 16.400000 0.694881
v 9.400000 16.400000 0.688329
v 9.600000 16.400000 0.686092
v 9.800000 16.400000 0.686053
v 10.000000 16.400000 0.685328
v 10.200000 16.400000 0.680190
v 10.400000 16.400000 0.673657
v 10.600000 16.400000 0.669582
v 10.800000 16.400000 0.669580
v 11.000000 16.400000 0.672211
v 11.200000 16.400000 0.675557
v 11.400000 16.400000 0.675717
v 11.600000 16.400000 0.674742
v 11.800000 16.400000 0.676274
v 12.000000 16.400000 0.680082
v 12.200000 16.400000 0.683641
v 12.400000 16.400000 0.685000
v 12.600000 16.400000 0.682243
v 12.800000 16.400000 0.676873
v 13.000000 16.400000 0.671578
v 13.200000 16.400000 0.667516
v 13.400000 16.400000 0.664778
v 13.600000 16.400000 0.664245
v 13.800000 16.400000 0.668057
v 14.000000 16.400000 0.677076
v 14.200000 16.400000 0.689602
v 14.400000 16.400000 0.704303
v 14.600000 16.400000 0.718475
v 14.800000 16.400000 0.727502
v 15.000000 16.400000 0.725735
v 15.200000 16.400000 0.711477
v 15.400000 16.400000 0.690454
v 15.600000 16.400000 0.668979
v 15.800000 16.400000 0.651608
v 16.000000 16.400000 0.638769
v 16.200000 16.400000 0.631357
v 16.400000 16.400000 0.631656
v 16.600000 16.400000 0.637592
v 16.800000 16.400000 0.646006
v 17.000000 16.400000 0.651218
v 17.200000 16.400000 0.652221
v 17.400000 16.400000 0.649152
v 17.600000 16.400000 0.644672
v 17.800000 16.400000 0.638977
v 18.000000 16.400000 0.631446
v 18.200000 16.400000 0.622345
v 18.400000 16.400000 0.614173
v 18.600000 16.400000 0.609661
v 18.800000 16.400000 0.607608
v 19.000000 16.400000 0.605780
v 19.200000 16.400000 0.603073
v 19.400000 16.400000 0.598982
v 19.600000 16.400000 0.595064
v 19.800000 16.400000 0.593314
v 0.000000 16.600000 0.815893
v 0.200000 16.600000 0.813381
v 0.400000 16.600000 0.808083
v 0.600000 16.600000 0.803351
v 0.800000 16.600000 0.798917
v 1.000000 16.600000 0.794057
v 1.200000 16.600000 0.793874
v 1.400000 16.600000 0.803706
v 1.600000 16.600000 0.822188
v 1.800000 16.600000 0.841964
v 2.000000 16.600000 0.856536
v 2.200000 16.600000 0.865882
v 2.400000 16.600000 0.872414
v 2.600000 16.600000 0.878693
v 2.800000 16.600000 0.886318
v 3.000000 16.600000 0.894631
v 3.200000 16.600000 0.902801
v 3.400000 16.600000 0.911091
v 3.600000 16.600000 0.921789
v 3.800000 16.600000 0.936801
v 4.000000 16.600000 0.952031
v 4.200000 16.600000 0.962408
v 4.400000 16.600000 0.963714
v 4.600000 16.600000 0.958080
v 4.800000 16.600000 0.949667
v 5.000000 16.600000 0.941727
v 5.200000 16.600000 0.932473
v 5.400000 16.600000 0.921354
v 5.600000 16.600000 0.909463
v 5.800000 16.600000 0.895749
v 6.000000 16.600000 0.879794
v 6.200000 16.600000 0.862330
v 6.400000 16.600000 0.848667
v 6.600000 16.600000 0.839035
v 6.800000 16.600000 0.828328
v 7.000000 16.600000 0.813539
v 7.200000 16.600000 0.797935
v 7.400000 16.600000 0.785698
v 7.600000 16.600000 0.777375
v 7.800000 16.600000 0.768827
v 8.000000 16.600000 0.759842
v 8.200000 16.600000 0.751452
v 8.400000 16.600000 0.743570
v 8.600000 16.600000 0.731390
v 8.800000 16.600000 0.713054
v 9.000000 16.600000 0.695879
v 9.200000 16.600000 0.681663
v 9.400000 16.600000 0.671807
v 9.600000 16.600000 0.666881
v 9.800000 16.600000 0.665264
v 10.000000 16.600000 0.664387
v 10.200000 16.600000 0.660107
v 10.400000 16.600000 0.656112
v 10.600000 16.600000 0.657088
v 10.800000 16.600000 0.663871
v 11.000000 16.600000 0.671865
v 11.200000 16.600000 0.675932
v 11.400000 16.600000 0.672061
v 11.600000 16.600000 0.664104
v 11.800000 16.600000 0.657195
v 12.000000 16.600000 0.650835
v 12.200000 16.600000 0.645340
v 12.400000 16.600000 0.642986
v 12.600000 16.600000 0.642715
v 12.800000 16.600000 0.643427
v 13.000000 16.600000 0.645682
v 13.200000 16.600000 0.648375
v 13.400000 16.600000 0.650123
v 13.600000 16.600000 0.650802
v 13.800000 16.600000 0.652005
v 14.000000 16.600000 0.655232
v 14.200000 16.600000 0.659463
v 14.400000 16.600000 0.664191
v 14.600000 16.600000 0.669111
v 14.800000 16.600000 0.672861
v 15.000000 16.600000 0.673101
v 15.200000 16.600000 0.667452
v 15.400000 16.600000 0.657018
v 15.600000 16.600000 0.644140
v 15.800000 16.600000 0.633324
v 16.000000 16.600000 0.625167
v 16.200000 16.600000 0.620947
v 16.400000 16.600000 0.624109
v 16.600000 16.600000 0.631854
v 16.800000 16.600000 0.640505
v 17.000000 16.600000 0.646445
v 17.200000 16.600000 0.648422
v 17.400000 16.600000 0.645846
v 17.600000 16.600000 0.641435
v 17.800000 16.600000 0.635329
v 18.000000 16.600000 0.626541
v 18.200000 16.600000 0.613188
v 18.400000 16.600000 0.600151
v 18.600000 16.600000 0.594041
v 18.800000 16.600000 0.596449
v 19.000000 16.600000 0.601724
v 19.200000 16.600000 0.603901
v 19.400000 16.600000 0.600474
v 19.600000 16.600000 0.595301
v 19.800000 16.600000 0.592632
v 0.000000 16.800000 0.825546
v 0.200000 16.800000 0.822709
v 0.400000 16.800000 0.816521
v 0.600000 16.800000 0.810465
v 0.800000 16.800000 0.804146
v 1.000000 16.800000 0.797041
v 1.200000 16.800000 0.795098
v 1.400000 16.800000 0.805028
v 1.600000 16.800000 0.826041
v 1.800000 16.800000 0.849293
v 2.000000 16.800000 0.866996
v 2.200000 16.800000 0.878735
v 2.400000 16.800000 0.886437
v 2.600000 16.800000 0.892604
v 2.800000 16.800000 0.900106
v 3.000000 16.800000 0.908118
v 3.200000 16.800000 0.915440
v 3.400000 16.800000 0.922138
v 3.600000 16.800000 0.931088
v 3.800000 16.800000 0.944768
v 4.000000 16.800000 0.958780
v 4.200000 16.800000 0.967939
v 4.400000 16.800000 0.968068
v 4.600000 16.800000 0.961654
v 4.800000 16.800000 0.952941
v 5.000000 16.800000 0.945184
v 5.200000 16.800000 0.936981
v 5.400000 16.800000 0.927626
v 5.600000 16.800000 0.917811
v 5.800000 16.800000 0.906384
v 6.000000 16.800000 0.893014
v 6.200000 16.800000 0.878450
v 6.400000 16.800000 0.869139
v 6.600000 16.800000 0.865481
v 6.800000 16.800000 0.861365
v 7.000000 16.800000 0.852515
v 7.200000 16.800000 0.841188
v 7.400000 16.800000 0.831012
v 7.600000 16.800000 0.820796
v 7.800000 16.800000 0.805336
v 8.000000 16.800000 0.786191
v 8.200000 16.800000 0.766218
v 8.400000 16.800000 0.747315
v 8.600000 16.800000 0.726704
v 8.800000 16.800000 0.703477
v 9.000000 16.800000 0.682612
v 9.200000 16.800000 0.665433
v 9.400000 16.800000 0.653129
v 9.600000 16.800000 0.646455
v 9.800000 16.800000 0.643918
v 10.000000 16.800000 0.643343
v 10.200000 16.800000 0.642052
v 10.400000 16.800000 0.643043
v 10.600000 16.800000 0.649981
v 10.800000 16.800000 0.662570
v 11.000000 16.800000 0.674498
v 11.200000 16.800000 0.678808
v 11.400000 16.800000 0.670420
v 11.600000 16.800000 0.654618
v 11.800000 16.800000 0.638333
v 12.000000 16.800000 0.622453
v 12.200000 16.800000 0.609446
v 12.400000 16.800000 0.604087
v 12.600000 16.800000 0.606747
v 12.800000 16.800000 0.614488
v 13.000000 16.800000 0.625416
v 13.200000 16.800000 0.636294
v 13.400000 16.800000 0.644018
v 13.600000 16.800000 0.646671
v 13.800000 16.800000 0.644539
v 14.000000 16.800000 0.640201
v 14.200000 16.800000 0.634443
v 14.400000 16.800000 0.628479
v 14.600000 16.800000 0.624166
v 14.800000 16.800000 0.622843
v 15.000000 16.800000 0.624321
v 15.200000 16.800000 0.624944
v 15.400000 16.800000 0.623406
v 15.600000 16.800000 0.619733
v 15.800000 16.800000 0.616917
v 16.000000 16.800000 0.614455
v 16.200000 16.800000 0.613012
v 16.400000 16.800000 0.617646
v 16.600000 16.800000 0.625750
v 16.800000 16.800000 0.633713
v 17.000000 16.800000 0.638879
v 17.200000 16.800000 0.640453
v 17.400000 16.800000 0.638012
v 17.600000 16.800000 0.633100
v 17.800000 16.800000 0.625862
v 18.000000 16.800000 0.615712
v 18.200000 16.800000 0.601014
v 18.400000 16.800000 0.586991
v 18.600000 16.800000 0.580682
v 18.800000 16.800000 0.584568
v 19.000000 16.800000 0.592644
v 19.200000 16.800000 0.598044
v 19.400000 16.800000 0.597570
v 19.600000 16.800000 0.594573
v 19.800000 16.800000 0.592752
v 0.000000 17.000000 0.825535
v 0.200000 17.000000 0.823496
v 0.400000 17.000000 0.818591
v 0.600000 17.000000 0.812635
v 0.800000 17.000000 0.805545
v 1.000000 17.000000 0.798401
v 1.200000 17.000000 0.796256
v 1.400000 17.000000 0.805487
v 1.600000 17.000000 0.826449
v 1.800000 17.000000 0.851052
v 2.000000 17.000000 0.872159
v 2.200000 17.000000 0.888287
v 2.400000 17.000000 0.898899
v 2.600000 17.000000 0.905035
v 2.800000 17.000000 0.912050
v 3.000000 17.000000 0.919486
v 3.200000 17.000000 0.926284
v 3.400000 17.000000 0.932808
v 3.600000 17.000000 0.941482
v 3.800000 17.000000 0.953769
v 4.000000 17.000000 0.962741
v 4.200000 17.000000 0.966398
v 4.400000 17.000000 0.964662
v 4.600000 17.000000 0.960697
v 4.800000 17.000000 0.955525
v 5.000000 17.000000 0.949159
v 5.200000 17.000000 0.941343
v 5.400000 17.000000 0.932743
v 5.600000 17.000000 0.924304
v 5.800000 17.000000 0.915126
v 6.000000 17.000000 0.904484
v 6.200000 17.000000 0.892524
v 6.400000 17.000000 0.885544
v 6.600000 17.000000 0.884808
v 6.800000 17.000000 0.885167
v 7.000000 17.000000 0.882314
v 7.200000 17.000000 0.876440
v 7.400000 17.000000 0.869189
v 7.600000 17.000000 0.858201
v 7.800000 17.000000 0.838715
v 8.000000 17.000000 0.812252
v 8.200000 17.000000 0.780908
v 8.400000 17.000000 0.748138
v 8.600000 17.000000 0.717025
v 8.800000 17.000000 0.690200
v 9.000000 17.000000 0.667845
v 9.200000 17.000000 0.649621
v 9.400000 17.000000 0.635811
v 9.600000 17.000000 0.628014
v 9.800000 17.000000 0.624901
v 10.000000 17.000000 0.624792
v 10.200000 17.000000 0.627111
v 10.400000 17.000000 0.633543
v 10.600000 17.000000 0.646038
v 10.800000 17.000000 0.663823
v 11.000000 17.000000 0.679253
v 11.200000 17.000000 0.683731
v 11.400000 17.000000 0.671293
v 11.600000 17.000000 0.648458
v 11.800000 17.000000 0.623670
v 12.000000 17.000000 0.598800
v 12.200000 17.000000 0.578479
v 12.400000 17.000000 0.570155
v 12.600000 17.000000 0.576892
v 12.800000 17.000000 0.593292
v 13.000000 17.000000 0.613173
v 13.200000 17.000000 0.631237
v 13.400000 17.000000 0.644052
v 13.600000 17.000000 0.648304
v 13.800000 17.000000 0.643222
v 14.000000 17.000000 0.632218
v 14.200000 17.000000 0.617556
v 14.400000 17.000000 0.601170
v 14.600000 17.000000 0.586573
v 14.800000 17.000000 0.579226
v 15.000000 17.000000 0.581688
v 15.200000 17.000000 0.587814
v 15.400000 17.000000 0.594076
v 15.600000 17.000000 0.598028
v 15.800000 17.000000 0.600583
v 16.000000 17.000000 0.601555
v 16.200000 17.000000 0.602416
v 16.400000 17.000000 0.609558
v 16.600000 17.000000 0.619181
v 16.800000 17.000000 0.626520
v 17.000000 17.000000 0.630385
v 17.200000 17.000000 0.631048
v 17.400000 17.000000 0.628546
v 17.600000 17.000000 0.622282
v 17.800000 17.000000 0.612950
v 18.000000 17.000000 0.601534
v 18.200000 17.000000 0.589110
v 18.400000 17.000000 0.578732
v 18.600000 17.000000 0.573891
v 18.800000 17.000000 0.576129
v 19.000000 17.000000 0.582337
v 19.200000 17.000000 0.588732
v 19.400000 17.000000 0.592990
v 19.600000 17.000000 0.595318
v 19.800000 17.000000 0.596024
v 0.000000 17.200000 0.823014
v 0.200000 17.200000 0.821970
v 0.400000 17.200000 0.818797
v 0.600000 17.200000 0.813430
v 0.800000 17.200000 0.806040
v 1.000000 17.200000 0.799359
v 1.200000 17.200000 0.797390
v 1.400000 17.200000 0.805844
v 1.600000 17.200000 0.825995
v 1.800000 17.200000 0.850861
v 2.000000 17.200000 0.874319
v 2.200000 17.200000 0.894036
v 2.400000 17.200000 0.907129
v 2.600000 17.200000 0.913187
v 2.800000 17.200000 0.919752
v 3.000000 17.200000 0.926702
v 3.200000 17.200000 0.933134
v 3.400000 17.200000 0.939736
v 3.600000 17.200000 0.948442
v 3.800000 17.200000 0.959628
v 4.000000 17.200000 0.963634
v 4.200000 17.200000 0.961847
v 4.400000 17.200000 0.958561
v 4.600000 17.200000 0.957612
v 4.800000 17.200000 0.956488
v 5.000000 17.200000 0.951649
v 5.200000 17.200000 0.944030
v 5.400000 17.200000 0.935804
v 5.600000 17.200000 0.928218
v 5.800000 17.200000 0.920679
v 6.000000 17.200000 0.912073
v 6.200000 17.200000 0.901926
v 6.400000 17.200000 0.895940
v 6.600000 17.200000 0.896216
v 6.800000 17.200000 0.899030
v 7.000000 17.200000 0.900423
v 7.200000 17.200000 0.898737
v 7.400000 17.200000 0.893858
v 7.600000 17.200000 0.882896
v 7.800000 17.200000 0.861862
v 8.000000 17.200000 0.831510
v 8.200000 17.200000 0.792380
v 8.400000 17.200000 0.748878
v 8.600000 17.200000 0.709674
v 8.800000 17.200000 0.680920
v 9.000000 17.200000 0.658536
v 9.200000 17.200000 0.640462
v 9.400000 17.200000 0.625992
v 9.600000 17.200000 0.617634
v 9.800000 17.200000 0.614230
v 10.000000 17.200000 0.614480
v 10.200000 17.200000 0.619416
v 10.400000 17.200000 0.629642
v 10.600000 17.200000 0.645766
v 10.800000 17.200000 0.667001
v 11.000000 17.200000 0.684767
v 11.200000 17.200000 0.689226
v 11.400000 17.200000 0.673965
v 11.600000 17.200000 0.646346
v 11.800000 17.200000 0.615738
v 12.000000 17.200000 0.584371
v 12.200000 17.200000 0.558509
v 12.400000 17.200000 0.547778
v 12.600000 17.200000 0.557685
v 12.800000 17.200000 0.580711
v 13.000000 17.200000 0.606810
v 13.200000 17.200000 0.629229
v 13.400000 17.200000 0.644946
v 13.600000 17.200000 0.649903
v 13.800000 17.200000 0.642767
v 14.000000 17.200000 0.627392
v 14.200000 17.200000 0.606841
v 14.400000 17.200000 0.583032
v 14.600000 17.200000 0.560466
v 14.800000 17.200000 0.548257
v 15.000000 17.200000 0.551331
v 15.200000 17.200000 0.561263
v 15.400000 17.200000 0.572784
v 15.600000 17.200000 0.581438
v 15.800000 17.200000 0.586534
v 16.000000 17.200000 0.588879
v 16.200000 17.200000 0.591268
v 16.400000 17.200000 0.600873
v 16.600000 17.200000 0.612325
v 16.800000 17.200000 0.619422
v 17.000000 17.200000 0.622375
v 17.200000 17.200000 0.622410
v 17.400000 17.200000 0.619939
v 17.600000 17.200000 0.612512
v 17.800000 17.200000 0.601452
v 18.000000 17.200000 0.589307
v 18.200000 17.200000 0.579953
v 18.400000 17.200000 0.573974
v 18.600000 17.200000 0.570892
v 18.800000 17.200000 0.570962
v 19.000000 17.200000 0.574282
v 19.200000 17.200000 0.580639
v 19.400000 17.200000 0.588905
v 19.600000 17.200000 0.596138
v 19.800000 17.200000 0.599238
v 0.000000 17.400000 0.825567
v 0.200000 17.400000 0.824551
v 0.400000 17.400000 0.821352
v 0.600000 17.400000 0.815743
v 0.800000 17.400000 0.808077
v 1.000000 17.400000 0.801333
v 1.200000 17.400000 0.799210
v 1.400000 17.400000 0.807161
v 1.600000 17.400000 0.826633
v 1.800000 17.400000 0.851035
v 2.000000 17.400000 0.874589
v 2.200000 17.400000 0.894762
v 2.400000 17.400000 0.908113
v 2.600000 17.400000 0.913900
v 2.800000 17.400000 0.920200
v 3.000000 17.400000 0.926881
v 3.200000 17.400000 0.933031
v 3.400000 17.400000 0.939569
v 3.600000 17.400000 0.948232
v 3.800000 17.400000 0.959021
v 4.000000 17.400000 0.961608
v 4.200000 17.400000 0.958325
v 4.400000 17.400000 0.954638
v 4.600000 17.400000 0.954382
v 4.800000 17.400000 0.954222
v 5.000000 17.400000 0.949877
v 5.200000 17.400000 0.942562
v 5.400000 17.400000 0.934773
v 5.600000 17.400000 0.927816
v 5.800000 17.400000 0.921216
v 6.000000 17.400000 0.913660
v 6.200000 17.400000 0.904355
v 6.400000 17.400000 0.898688
v 6.600000 17.400000 0.899073
v 6.800000 17.400000 0.902356
v 7.000000 17.400000 0.904787
v 7.200000 17.400000 0.904235
v 7.400000 17.400000 0.900165
v 7.600000 17.400000 0.889610
v 7.800000 17.400000 0.868776
v 8.000000 17.400000 0.838127
v 8.200000 17.400000 0.797794
v 8.400000 17.400000 0.752437
v 8.600000 17.400000 0.711900
v 8.800000 17.400000 0.683062
v 9.000000 17.400000 0.660940
v 9.200000 17.400000 0.643162
v 9.400000 17.400000 0.628881
v 9.600000 17.400000 0.620792
v 9.800000 17.400000 0.617607
v 10.000000 17.400000 0.617975
v 10.200000 17.400000 0.623411
v 10.400000 17.400000 0.634227
v 10.600000 17.400000 0.650620
v 10.800000 17.400000 0.671726
v 11.000000 17.400000 0.689078
v 11.200000 17.400000 0.692937
v 11.400000 17.400000 0.676847
v 11.600000 17.400000 0.648122
v 11.800000 17.400000 0.616117
v 12.000000 17.400000 0.583120
v 12.200000 17.400000 0.555724
v 12.400000 17.400000 0.543946
v 12.600000 17.400000 0.553731
v 12.800000 17.400000 0.577195
v 13.000000 17.400000 0.603614
v 13.200000 17.400000 0.625926
v 13.400000 17.400000 0.641257
v 13.600000 17.400000 0.645594
v 13.800000 17.400000 0.637597
v 14.000000 17.400000 0.621074
v 14.200000 17.400000 0.599088
v 14.400000 17.400000 0.573552
v 14.600000 17.400000 0.549290
v 14.800000 17.400000 0.536005
v 15.000000 17.400000 0.538902
v 15.200000 17.400000 0.549093
v 15.400000 17.400000 0.561284
v 15.600000 17.400000 0.570910
v 15.800000 17.400000 0.576888
v 16.000000 17.400000 0.579945
v 16.200000 17.400000 0.582894
v 16.400000 17.400000 0.593095
v 16.600000 17.400000 0.605006
v 16.800000 17.400000 0.612232
v 17.000000 17.400000 0.615092
v 17.200000 17.400000 0.615118
v 17.400000 17.400000 0.612970
v 17.600000 17.400000 0.605836
v 17.800000 17.400000 0.595056
v 18.000000 17.400000 0.583396
v 18.200000 17.400000 0.575272
v 18.400000 17.400000 0.570697
v 18.600000 17.400000 0.568291
v 18.800000 17.400000 0.568030
v 19.000000 17.400000 0.570735
v 19.200000 17.400000 0.576977
v 19.400000 17.400000 0.585908
v 19.600000 17.400000 0.593995
v 19.800000 17.400000 0.597517
v 0.000000 17.600000 0.837760
v 0.200000 17.600000 0.834789
v 0.400000 17.600000 0.827600
v 0.600000 17.600000 0.818778
v 0.800000 17.600000 0.809869
v 1.000000 17.600000 0.802424
v 1.200000 17.600000 0.799758
v 1.400000 17.600000 0.806571
v 1.600000 17.600000 0.823891
v 1.800000 17.600000 0.846033
v 2.000000 17.600000 0.867935
v 2.200000 17.600000 0.886934
v 2.400000 17.600000 0.899551
v 2.600000 17.600000 0.905177
v 2.800000 17.600000 0.912041
v 3.000000 17.600000 0.919167
v 3.200000 17.600000 0.925163
v 3.400000 17.600000 0.932305
v 3.600000 17.600000 0.941600
v 3.800000 17.600000 0.952004
v 4.000000 17.600000 0.953168
v 4.200000 17.600000 0.948507
v 4.400000 17.600000 0.944392
v 4.600000 17.600000 0.943107
v 4.800000 17.600000 0.941730
v 5.000000 17.600000 0.937183
v 5.200000 17.600000 0.930947
v 5.400000 17.600000 0.925179
v 5.600000 17.600000 0.920963
v 5.800000 17.600000 0.918131
v 6.000000 17.600000 0.914373
v 6.200000 17.600000 0.907240
v 6.400000 17.600000 0.900806
v 6.600000 17.600000 0.898592
v 6.800000 17.600000 0.899330
v 7.000000 17.600000 0.900295
v 7.200000 17.600000 0.899024
v 7.400000 17.600000 0.894936
v 7.600000 17.600000 0.885110
v 7.800000 17.600000 0.865581
v 8.000000 17.600000 0.836306
v 8.200000 17.600000 0.797660
v 8.400000 17.600000 0.754975
v 8.600000 17.600000 0.716750
v 8.800000 17.600000 0.688816
v 9.000000 17.600000 0.667000
v 9.200000 17.600000 0.649915
v 9.400000 17.600000 0.637625
v 9.600000 17.600000 0.632490
v 9.800000 17.600000 0.631590
v 10.000000 17.600000 0.632364
v 10.200000 17.600000 0.637798
v 10.400000 17.600000 0.647769
v 10.600000 17.600000 0.661424
v 10.800000 17.600000 0.676882
v 11.000000 17.600000 0.688573
v 11.200000 17.600000 0.690181
v 11.400000 17.600000 0.675596
v 11.600000 17.600000 0.650018
v 11.800000 17.600000 0.620836
v 12.000000 17.600000 0.590335
v 12.200000 17.600000 0.564765
v 12.400000 17.600000 0.553077
v 12.600000 17.600000 0.559917
v 12.800000 17.600000 0.578507
v 13.000000 17.600000 0.600190
v 13.200000 17.600000 0.617924
v 13.400000 17.600000 0.628814
v 13.600000 17.600000 0.630508
v 13.800000 17.600000 0.622476
v 14.000000 17.600000 0.607200
v 14.200000 17.600000 0.586362
v 14.400000 17.600000 0.562293
v 14.600000 17.600000 0.540994
v 14.800000 17.600000 0.529724
v 15.000000 17.600000 0.531223
v 15.200000 17.600000 0.537239
v 15.400000 17.600000 0.545868
v 15.600000 17.600000 0.555790
v 15.800000 17.600000 0.565568
v 16.000000 17.600000 0.572603
v 16.200000 17.600000 0.576593
v 16.400000 17.600000 0.585164
v 16.600000 17.600000 0.595002
v 16.800000 17.600000 0.601363
v 17.000000 17.600000 0.602601
v 17.200000 17.600000 0.601118
v 17.400000 17.600000 0.599173
v 17.600000 17.600000 0.594704
v 17.800000 17.600000 0.587771
v 18.000000 17.600000 0.579601
v 18.200000 17.600000 0.573294
v 18.400000 17.600000 0.569207
v 18.600000 17.600000 0.566651
v 18.800000 17.600000 0.566194
v 19.000000 17.600000 0.568110
v 19.200000 17.600000 0.572122
v 19.400000 17.600000 0.577222
v 19.600000 17.600000 0.581558
v 19.800000 17.600000 0.583391
v 0.000000 17.800000 0.853897
v 0.200000 17.800000 0.848395
v 0.400000 17.800000 0.835930
v 0.600000 17.800000 0.822563
v 0.800000 17.800000 0.811395
v 1.000000 17.800000 0.802432
v 1.200000 17.800000 0.798677
v 1.400000 17.800000 0.803809
v 1.600000 17.800000 0.817973
v 1.800000 17.800000 0.836689
v 2.000000 17.800000 0.855887
v 2.200000 17.800000 0.872897
v 2.400000 17.800000 0.884341
v 2.600000 17.800000 0.889795
v 2.800000 17.800000 0.897321
v 3.000000 17.800000 0.904910
v 3.200000 17.800000 0.910610
v 3.400000 17.800000 0.918320
v 3.600000 17.800000 0.928184
v 3.800000 17.800000 0.937942
v 4.000000 17.800000 0.937293
v 4.200000 17.800000 0.930927
v 4.400000 17.800000 0.926273
v 4.600000 17.800000 0.923751
v 4.800000 17.800000 0.920910
v 5.000000 17.800000 0.916105
v 5.200000 17.800000 0.911701
v 5.400000 17.800000 0.909467
v 5.600000 17.800000 0.909944
v 5.800000 17.800000 0.913055
v 6.000000 17.800000 0.915029
v 6.200000 17.800000 0.911179
v 6.400000 17.800000 0.903737
v 6.600000 17.800000 0.897663
v 6.800000 17.800000 0.894218
v 7.000000 17.800000 0.892191
v 7.200000 17.800000 0.889020
v 7.400000 17.800000 0.884369
v 7.600000 17.800000 0.875409
v 7.800000 17.800000 0.857656
v 8.000000 17.800000 0.830404
v 8.200000 17.800000 0.794266
v 8.400000 17.800000 0.755315
v 8.600000 17.800000 0.720404
v 8.800000 17.800000 0.694171
v 9.000000 17.800000 0.673623
v 9.200000 17.800000 0.658404
v 9.400000 17.800000 0.649496
v 9.600000 17.800000 0.648702
v 9.800000 17.800000 0.651007
v 10.000000 17.800000 0.652230
v 10.200000 17.800000 0.656951
v 10.400000 17.800000 0.664743
v 10.600000 17.800000 0.673757
v 10.800000 17.800000 0.681162
v 11.000000 17.800000 0.685070
v 11.200000 17.800000 0.683502
v 11.400000 17.800000 0.671215
v 11.600000 17.800000 0.650685
v 11.800000 17.800000 0.626575
v 12.000000 17.800000 0.600765
v 12.200000 17.800000 0.578701
v 12.400000 17.800000 0.567667
v 12.600000 17.800000 0.570525
v 12.800000 17.800000 0.582070
v 13.000000 17.800000 0.596470
v 13.200000 17.800000 0.607079
v 13.400000 17.800000 0.611348
v 13.600000 17.800000 0.609269
v 13.800000 17.800000 0.601263
v 14.000000 17.800000 0.587819
v 14.200000 17.800000 0.568860
v 14.400000 17.800000 0.547091
v 14.600000 17.800000 0.529784
v 14.800000 17.800000 0.521185
v 15.000000 17.800000 0.521037
v 15.200000 17.800000 0.521951
v 15.400000 17.800000 0.526155
v 15.600000 17.800000 0.536291
v 15.800000 17.800000 0.550611
v 16.000000 17.800000 0.562688
v 16.200000 17.800000 0.568490
v 16.400000 17.800000 0.575353
v 16.600000 17.800000 0.582639
v 16.800000 17.800000 0.587686
v 17.000000 17.800000 0.586647
v 17.200000 17.800000 0.583081
v 17.400000 17.800000 0.581319
v 17.600000 17.800000 0.580697
v 17.800000 17.800000 0.579570
v 18.000000 17.800000 0.576971
v 18.200000 17.800000 0.574074
v 18.400000 17.800000 0.571277
v 18.600000 17.800000 0.568346
v 18.800000 17.800000 0.566510
v 19.000000 17.800000 0.565754
v 19.200000 17.800000 0.565152
v 19.400000 17.800000 0.563862
v 19.600000 17.800000 0.562383
v 19.800000 17.800000 0.561676
v 0.000000 18.000000 0.867090
v 0.200000 18.000000 0.860210
v 0.400000 18.000000 0.844567
v 0.600000 18.000000 0.827655
v 0.800000 18.000000 0.813466
v 1.000000 18.000000 0.801954
v 1.200000 18.000000 0.796370
v 1.400000 18.000000 0.799712
v 1.600000 18.000000 0.810853
v 1.800000 18.000000 0.826062
v 2.000000 18.000000 0.842021
v 2.200000 18.000000 0.856484
v 2.400000 18.000000 0.866408
v 2.600000 18.000000 0.871422
v 2.800000 18.000000 0.878616
v 3.000000 18.000000 0.885689
v 3.200000 18.000000 0.890594
v 3.400000 18.000000 0.897592
v 3.600000 18.000000 0.906708
v 3.800000 18.000000 0.915532
v 4.000000 18.000000 0.914055
v 4.200000 18.000000 0.907143
v 4.400000 18.000000 0.902269
v 4.600000 18.000000 0.899232
v 4.800000 18.000000 0.895853
v 5.000000 18.000000 0.891121
v 5.200000 18.000000 0.889205
v 5.400000 18.000000 0.891643
v 5.600000 18.000000 0.897916
v 5.800000 18.000000 0.907178
v 6.000000 18.000000 0.914560
v 6.200000 18.000000 0.914043
v 6.400000 18.000000 0.906592
v 6.600000 18.000000 0.897857
v 6.800000 18.000000 0.890566
v 7.000000 18.000000 0.884739
v 7.200000 18.000000 0.878645
v 7.400000 18.000000 0.872838
v 7.600000 18.000000 0.864620
v 7.800000 18.000000 0.848467
v 8.000000 18.000000 0.823338
v 8.200000 18.000000 0.789779
v 8.400000 18.000000 0.753920
v 8.600000 18.000000 0.721950
v 8.800000 18.000000 0.698279
v 9.000000 18.000000 0.680854
v 9.200000 18.000000 0.669267
v 9.400000 18.000000 0.664301
v 9.600000 18.000000 0.667037
v 9.800000 18.000000 0.671542
v 10.000000 18.000000 0.672797
v 10.200000 18.000000 0.675360
v 10.400000 18.000000 0.679158
v 10.600000 18.000000 0.682622
v 10.800000 18.000000 0.683323
v 11.000000 18.000000 0.681277
v 11.200000 18.000000 0.676679
v 11.400000 18.000000 0.665874
v 11.600000 18.000000 0.649816
v 11.800000 18.000000 0.631124
v 12.000000 18.000000 0.610597
v 12.200000 18.000000 0.592391
v 12.400000 18.000000 0.582138
v 12.600000 18.000000 0.581359
v 12.800000 18.000000 0.586153
v 13.000000 18.000000 0.592767
v 13.200000 18.000000 0.595820
v 13.400000 18.000000 0.593743
v 13.600000 18.000000 0.588067
v 13.800000 18.000000 0.579352
v 14.000000 18.000000 0.566469
v 14.200000 18.000000 0.548674
v 14.400000 18.000000 0.528561
v 14.600000 18.000000 0.513347
v 14.800000 18.000000 0.505988
v 15.000000 18.000000 0.505162
v 15.200000 18.000000 0.504157
v 15.400000 18.000000 0.506594
v 15.600000 18.000000 0.516442
v 15.800000 18.000000 0.532167
v 16.000000 18.000000 0.546689
v 16.200000 18.000000 0.554878
v 16.400000 18.000000 0.562171
v 16.600000 18.000000 0.568818
v 16.800000 18.000000 0.573177
v 17.000000 18.000000 0.571189
v 17.200000 18.000000 0.566930
v 17.400000 18.000000 0.565642
v 17.600000 18.000000 0.568524
v 17.800000 18.000000 0.572985
v 18.000000 18.000000 0.576452
v 18.200000 18.000000 0.578494
v 18.400000 18.000000 0.578493
v 18.600000 18.000000 0.575348
v 18.800000 18.000000 0.570314
v 19.000000 18.000000 0.564286
v 19.200000 18.000000 0.557182
v 19.400000 18.000000 0.549180
v 19.600000 18.000000 0.542395
v 19.800000 18.000000 0.539532
v 0.000000 18.200000 0.875672
v 0.200000 18.200000 0.868241
v 0.400000 18.200000 0.850990
v 0.600000 18.200000 0.831487
v 0.800000 18.200000 0.814546
v 1.000000 18.200000 0.801038
v 1.200000 18.200000 0.793919
v 1.400000 18.200000 0.795314
v 1.600000 18.200000 0.803289
v 1.800000 18.200000 0.814920
v 2.000000 18.200000 0.828094
v 2.200000 18.200000 0.841481
v 2.400000 18.200000 0.851127
v 2.600000 18.200000 0.855390
v 2.800000 18.200000 0.860394
v 3.000000 18.200000 0.865184
v 3.200000 18.200000 0.868413
v 3.400000 18.200000 0.871894
v 3.600000 18.200000 0.877404
v 3.800000 18.200000 0.885084
v 4.000000 18.200000 0.886326
v 4.200000 18.200000 0.882835
v 4.400000 18.200000 0.878516
v 4.600000 18.200000 0.873126
v 4.800000 18.200000 0.867031
v 5.000000 18.200000 0.861746
v 5.200000 18.200000 0.864001
v 5.400000 18.200000 0.873396
v 5.600000 18.200000 0.886330
v 5.800000 18.200000 0.900305
v 6.000000 18.200000 0.910999
v 6.200000 18.200000 0.913034
v 6.400000 18.200000 0.907323
v 6.600000 18.200000 0.898749
v 6.800000 18.200000 0.889455
v 7.000000 18.200000 0.880063
v 7.200000 18.200000 0.870833
v 7.400000 18.200000 0.863650
v 7.600000 18.200000 0.855928
v 7.800000 18.200000 0.840880
v 8.000000 18.200000 0.817651
v 8.200000 18.200000 0.786778
v 8.400000 18.200000 0.753877
v 8.600000 18.200000 0.724859
v 8.800000 18.200000 0.704235
v 9.000000 18.200000 0.690672
v 9.200000 18.200000 0.683328
v 9.400000 18.200000 0.681765
v 9.600000 18.200000 0.684787
v 9.800000 18.200000 0.688341
v 10.000000 18.200000 0.689274
v 10.200000 18.200000 0.690777
v 10.400000 18.200000 0.691720
v 10.600000 18.200000 0.689852
v 10.800000 18.200000 0.683733
v 11.000000 18.200000 0.675513
v 11.200000 18.200000 0.667655
v 11.400000 18.200000 0.659204
v 11.600000 18.200000 0.648728
v 11.800000 18.200000 0.635410
v 12.000000 18.200000 0.620311
v 12.200000 18.200000 0.606617
v 12.400000 18.200000 0.597464
v 12.600000 18.200000 0.591543
v 12.800000 18.200000 0.587239
v 13.000000 18.200000 0.585065
v 13.200000 18.200000 0.582821
v 13.400000 18.200000 0.578173
v 13.600000 18.200000 0.570988
v 13.800000 18.200000 0.559718
v 14.000000 18.200000 0.543602
v 14.200000 18.200000 0.524373
v 14.400000 18.200000 0.505553
v 14.600000 18.200000 0.492058
v 14.800000 18.200000 0.485711
v 15.000000 18.200000 0.485654
v 15.200000 18.200000 0.487201
v 15.400000 18.200000 0.491744
v 15.600000 18.200000 0.500875
v 15.800000 18.200000 0.513657
v 16.000000 18.200000 0.526762
v 16.200000 18.200000 0.537360
v 16.400000 18.200000 0.546102
v 16.600000 18.200000 0.553131
v 16.800000 18.200000 0.557971
v 17.000000 18.200000 0.558920
v 17.200000 18.200000 0.557947
v 17.400000 18.200000 0.557931
v 17.600000 18.200000 0.562842
v 17.800000 18.200000 0.570964
v 18.000000 18.200000 0.579448
v 18.200000 18.200000 0.586368
v 18.400000 18.200000 0.589373
v 18.600000 18.200000 0.585842
v 18.800000 18.200000 0.575962
v 19.000000 18.200000 0.562517
v 19.200000 18.200000 0.548034
v 19.400000 18.200000 0.534153
v 19.600000 18.200000 0.523372
v 19.800000 18.200000 0.519035
v 0.000000 18.400000 0.879772
v 0.200000 18.400000 0.872033
v 0.400000 18.400000 0.853736
v 0.600000 18.400000 0.832260
v 0.800000 18.400000 0.813215
v 1.000000 18.400000 0.798385
v 1.200000 18.400000 0.790064
v 1.400000 18.400000 0.789502
v 1.600000 18.400000 0.794514
v 1.800000 18.400000 0.802980
v 2.000000 18.400000 0.814072
v 2.200000 18.400000 0.827378
v 2.400000 18.400000 0.837467
v 2.600000 18.400000 0.840941
v 2.800000 18.400000 0.843253
v 3.000000 18.400000 0.845266
v 3.200000 18.400000 0.846534
v 3.400000 18.400000 0.845665
v 3.600000 18.400000 0.846715
v 3.800000 18.400000 0.853137
v 4.000000 18.400000 0.858019
v 4.200000 18.400000 0.858946
v 4.400000 18.400000 0.855208
v 4.600000 18.400000 0.846557
v 4.800000 18.400000 0.836746
v 5.000000 18.400000 0.830584
v 5.200000 18.400000 0.837094
v 5.400000 18.400000 0.853320
v 5.600000 18.400000 0.872167
v 5.800000 18.400000 0.889517
v 6.000000 18.400000 0.902300
v 6.200000 18.400000 0.906516
v 6.400000 18.400000 0.903560
v 6.600000 18.400000 0.897028
v 6.800000 18.400000 0.887666
v 7.000000 18.400000 0.876247
v 7.200000 18.400000 0.865002
v 7.400000 18.400000 0.856922
v 7.600000 18.400000 0.849622
v 7.800000 18.400000 0.835538
v 8.000000 18.400000 0.814145
v 8.200000 18.400000 0.786048
v 8.400000 18.400000 0.756261
v 8.600000 18.400000 0.730412
v 8.800000 18.400000 0.713000
v 9.000000 18.400000 0.703156
v 9.200000 18.400000 0.699708
v 9.400000 18.400000 0.700922
v 9.600000 18.400000 0.702913
v 9.800000 18.400000 0.704378
v 10.000000 18.400000 0.704961
v 10.200000 18.400000 0.706424
v 10.400000 18.400000 0.705854
v 10.600000 18.400000 0.699626
v 10.800000 18.400000 0.687101
v 11.000000 18.400000 0.672741
v 11.200000 18.400000 0.661429
v 11.400000 18.400000 0.654831
v 11.600000 18.400000 0.648869
v 11.800000 18.400000 0.639075
v 12.000000 18.400000 0.627692
v 12.200000 18.400000 0.617486
v 12.400000 18.400000 0.609167
v 12.600000 18.400000 0.598072
v 12.800000 18.400000 0.584928
v 13.000000 18.400000 0.575078
v 13.200000 18.400000 0.569726
v 13.400000 18.400000 0.564785
v 13.600000 18.400000 0.557191
v 13.800000 18.400000 0.542665
v 14.000000 18.400000 0.521794
v 14.200000 18.400000 0.499813
v 14.400000 18.400000 0.481714
v 14.600000 18.400000 0.469657
v 14.800000 18.400000 0.464241
v 15.000000 18.400000 0.465423
v 15.200000 18.400000 0.471054
v 15.400000 18.400000 0.479333
v 15.600000 18.400000 0.488475
v 15.800000 18.400000 0.498050
v 16.000000 18.400000 0.509371
v 16.200000 18.400000 0.522659
v 16.400000 18.400000 0.533490
v 16.600000 18.400000 0.541760
v 16.800000 18.400000 0.548218
v 17.000000 18.400000 0.553948
v 17.200000 18.400000 0.557861
v 17.400000 18.400000 0.559347
v 17.600000 18.400000 0.565025
v 17.800000 18.400000 0.574767
v 18.000000 18.400000 0.586147
v 18.200000 18.400000 0.596073
v 18.400000 18.400000 0.600712
v 18.600000 18.400000 0.596230
v 18.800000 18.400000 0.581535
v 19.000000 18.400000 0.561192
v 19.200000 18.400000 0.540441
v 19.400000 18.400000 0.522147
v 19.600000 18.400000 0.508612
v 19.800000 18.400000 0.503325
v 0.000000 18.600000 0.878687
v 0.200000 18.600000 0.870780
v 0.400000 18.600000 0.851903
v 0.600000 18.600000 0.829316
v 0.800000 18.600000 0.808886
v 1.000000 18.600000 0.792772
v 1.200000 18.600000 0.783086
v 1.400000 18.600000 0.780842
v 1.600000 18.600000 0.783855
v 1.800000 18.600000 0.790337
v 2.000000 18.600000 0.799965
v 2.200000 18.600000 0.812675
v 2.400000 18.600000 0.822542
v 2.600000 18.600000 0.825471
v 2.800000 18.600000 0.826334
v 3.000000 18.600000 0.826708
v 3.200000 18.600000 0.826571
v 3.400000 18.600000 0.823430
v 3.600000 18.600000 0.822125
v 3.800000 18.600000 0.827268
v 4.000000 18.600000 0.832631
v 4.200000 18.600000 0.834404
v 4.400000 18.600000 0.830287
v 4.600000 18.600000 0.820098
v 4.800000 18.600000 0.808800
v 5.000000 18.600000 0.802368
v 5.200000 18.600000 0.810742
v 5.400000 18.600000 0.830085
v 5.600000 18.600000 0.852029
v 5.800000 18.600000 0.871831
v 6.000000 18.600000 0.886827
v 6.200000 18.600000 0.893488
v 6.400000 18.600000 0.893328
v 6.600000 18.600000 0.889366
v 6.800000 18.600000 0.881714
v 7.000000 18.600000 0.871092
v 7.200000 18.600000 0.860291
v 7.400000 18.600000 0.852501
v 7.600000 18.600000 0.845692
v 7.800000 18.600000 0.832716
v 8.000000 18.600000 0.813199
v 8.200000 18.600000 0.787757
v 8.400000 18.600000 0.761033
v 8.600000 18.600000 0.738383
v 8.800000 18.600000 0.724154
v 9.000000 18.600000 0.717549
v 9.200000 18.600000 0.717183
v 9.400000 18.600000 0.720752
v 9.600000 18.600000 0.723319
v 9.800000 18.600000 0.724527
v 10.000000 18.600000 0.724991
v 10.200000 18.600000 0.725999
v 10.400000 18.600000 0.724048
v 10.600000 18.600000 0.715056
v 10.800000 18.600000 0.698707
v 11.000000 18.600000 0.680366
v 11.200000 18.600000 0.665863
v 11.400000 18.600000 0.657809
v 11.600000 18.600000 0.651317
v 11.800000 18.600000 0.640792
v 12.000000 18.600000 0.629055
v 12.200000 18.600000 0.618870
v 12.400000 18.600000 0.610230
v 12.600000 18.600000 0.596893
v 12.800000 18.600000 0.580097
v 13.000000 18.600000 0.566862
v 13.200000 18.600000 0.559649
v 13.400000 18.600000 0.553771
v 13.600000 18.600000 0.545069
v 13.800000 18.600000 0.528315
v 14.000000 18.600000 0.504703
v 14.200000 18.600000 0.480791
v 14.400000 18.600000 0.462130
v 14.600000 18.600000 0.449924
v 14.800000 18.600000 0.444461
v 15.000000 18.600000 0.446257
v 15.200000 18.600000 0.454351
v 15.400000 18.600000 0.465582
v 15.600000 18.600000 0.476713
v 15.800000 18.600000 0.487347
v 16.000000 18.600000 0.500411
v 16.200000 18.600000 0.517180
v 16.400000 18.600000 0.531319
v 16.600000 18.600000 0.542469
v 16.800000 18.600000 0.551666
v 17.000000 18.600000 0.560878
v 17.200000 18.600000 0.567712
v 17.400000 18.600000 0.570096
v 17.600000 18.600000 0.575703
v 17.800000 18.600000 0.585171
v 18.000000 18.600000 0.596388
v 18.200000 18.600000 0.605959
v 18.400000 18.600000 0.609675
v 18.600000 18.600000 0.603440
v 18.800000 18.600000 0.585827
v 19.000000 18.600000 0.562025
v 19.200000 18.600000 0.538214
v 19.400000 18.600000 0.517739
v 19.600000 18.600000 0.502867
v 19.800000 18.600000 0.497125
v 0.000000 18.800000 0.871358
v 0.200000 18.800000 0.864943
v 0.400000 18.800000 0.849179
v 0.600000 18.800000 0.829288
v 0.800000 18.800000 0.809303
v 1.000000 18.800000 0.791736
v 1.200000 18.800000 0.780126
v 1.400000 18.800000 0.776046
v 1.600000 18.800000 0.776553
v 1.800000 18.800000 0.780374
v 2.000000 18.800000 0.787288
v 2.200000 18.800000 0.796944
v 2.400000 18.800000 0.804682
v 2.600000 18.800000 0.806871
v 2.800000 18.800000 0.806261
v 3.000000 18.800000 0.805081
v 3.200000 18.800000 0.804770
v 3.400000 18.800000 0.804592
v 3.600000 18.800000 0.806143
v 3.800000 18.800000 0.810542
v 4.000000 18.800000 0.812465
v 4.200000 18.800000 0.811045
v 4.400000 18.800000 0.806738
v 4.600000 18.800000 0.800016
v 4.800000 18.800000 0.792781
v 5.000000 18.800000 0.787660
v 5.200000 18.800000 0.794466
v 5.400000 18.800000 0.811694
v 5.600000 18.800000 0.833042
v 5.800000 18.800000 0.854019
v 6.000000 18.800000 0.871097
v 6.200000 18.800000 0.880295
v 6.400000 18.800000 0.882294
v 6.600000 18.800000 0.880274
v 6.800000 18.800000 0.875201
v 7.000000 18.800000 0.868649
v 7.200000 18.800000 0.862258
v 7.400000 18.800000 0.856966
v 7.600000 18.800000 0.849039
v 7.800000 18.800000 0.833178
v 8.000000 18.800000 0.812273
v 8.200000 18.800000 0.789260
v 8.400000 18.800000 0.767119
v 8.600000 18.800000 0.749040
v 8.800000 18.800000 0.738129
v 9.000000 18.800000 0.734846
v 9.200000 18.800000 0.737280
v 9.400000 18.800000 0.742751
v 9.600000 18.800000 0.747016
v 9.800000 18.800000 0.749328
v 10.000000 18.800000 0.749817
v 10.200000 18.800000 0.749949
v 10.400000 18.800000 0.746813
v 10.600000 18.800000 0.736788
v 10.800000 18.800000 0.718820
v 11.000000 18.800000 0.698163
v 11.200000 18.800000 0.680670
v 11.400000 18.800000 0.667894
v 11.600000 18.800000 0.656346
v 11.800000 18.800000 0.642480
v 12.000000 18.800000 0.628150
v 12.200000 18.800000 0.615748
v 12.400000 18.800000 0.606023
v 12.600000 18.800000 0.593525
v 12.800000 18.800000 0.577620
v 13.000000 18.800000 0.562495
v 13.200000 18.800000 0.551054
v 13.400000 18.800000 0.541264
v 13.600000 18.800000 0.529908
v 13.800000 18.800000 0.512585
v 14.000000 18.800000 0.489759
v 14.200000 18.800000 0.466493
v 14.400000 18.800000 0.446586
v 14.600000 18.800000 0.431499
v 14.800000 18.800000 0.423886
v 15.000000 18.800000 0.426209
v 15.200000 18.800000 0.436971
v 15.400000 18.800000 0.451803
v 15.600000 18.800000 0.466231
v 15.800000 18.800000 0.479491
v 16.000000 18.800000 0.495369
v 16.200000 18.800000 0.516016
v 16.400000 18.800000 0.535096
v 16.600000 18.800000 0.551367
v 16.800000 18.800000 0.565046
v 17.000000 18.800000 0.577995
v 17.200000 18.800000 0.587310
v 17.400000 18.800000 0.590344
v 17.600000 18.800000 0.595073
v 17.800000 18.800000 0.602587
v 18.000000 18.800000 0.611077
v 18.200000 18.800000 0.616869
v 18.400000 18.800000 0.616690
v 18.600000 18.800000 0.607836
v 18.800000 18.800000 0.590656
v 19.000000 18.800000 0.568898
v 19.200000 18.800000 0.546210
v 19.400000 18.800000 0.526312
v 19.600000 18.800000 0.512304
v 19.800000 18.800000 0.507008
v 0.000000 19.000000 0.859022
v 0.200000 19.000000 0.855333
v 0.400000 19.000000 0.845528
v 0.600000 19.000000 0.831499
v 0.800000 19.000000 0.814255
v 1.000000 19.000000 0.796471
v 1.200000 19.000000 0.783408
v 1.400000 19.000000 0.777324
v 1.600000 19.000000 0.774492
v 1.800000 19.000000 0.774510
v 2.000000 19.000000 0.777414
v 2.200000 19.000000 0.782542
v 2.400000 19.000000 0.787181
v 2.600000 19.000000 0.788494
v 2.800000 19.000000 0.786189
v 3.000000 19.000000 0.783383
v 3.200000 19.000000 0.783572
v 3.400000 19.000000 0.788509
v 3.600000 19.000000 0.794995
v 3.800000 19.000000 0.799041
v 4.000000 19.000000 0.796964
v 4.200000 19.000000 0.792101
v 4.400000 19.000000 0.788731
v 4.600000 19.000000 0.788090
v 4.800000 19.000000 0.787427
v 5.000000 19.000000 0.784296
v 5.200000 19.000000 0.788059
v 5.400000 19.000000 0.800757
v 5.600000 19.000000 0.819354
v 5.800000 19.000000 0.839993
v 6.000000 19.000000 0.858148
v 6.200000 19.000000 0.869437
v 6.400000 19.000000 0.873425
v 6.600000 19.000000 0.873436
v 6.800000 19.000000 0.871597
v 7.000000 19.000000 0.870655
v 7.200000 19.000000 0.870494
v 7.400000 19.000000 0.868694
v 7.600000 19.000000 0.858699
v 7.800000 19.000000 0.837565
v 8.000000 19.000000 0.813112
v 8.200000 19.000000 0.791839
v 8.400000 19.000000 0.774479
v 8.600000 19.000000 0.761250
v 8.800000 19.000000 0.753510
v 9.000000 19.000000 0.753346
v 9.200000 19.000000 0.758199
v 9.400000 19.000000 0.764985
v 9.600000 19.000000 0.770612
v 9.800000 19.000000 0.773908
v 10.000000 19.000000 0.774465
v 10.200000 19.000000 0.774156
v 10.400000 19.000000 0.770747
v 10.600000 19.000000 0.761062
v 10.800000 19.000000 0.742738
v 11.000000 19.000000 0.720641
v 11.200000 19.000000 0.700457
v 11.400000 19.000000 0.682355
v 11.600000 19.000000 0.664920
v 11.800000 19.000000 0.647518
v 12.000000 19.000000 0.630520
v 12.200000 19.000000 0.615709
v 12.400000 19.000000 0.604860
v 12.600000 19.000000 0.593459
v 12.800000 19.000000 0.578243
v 13.000000 19.000000 0.559565
v 13.200000 19.000000 0.541259
v 13.400000 19.000000 0.525452
v 13.600000 19.000000 0.510587
v 13.800000 19.000000 0.493416
v 14.000000 19.000000 0.472918
v 14.200000 19.000000 0.451823
v 14.400000 19.000000 0.431228
v 14.600000 19.000000 0.412819
v 14.800000 19.000000 0.402548
v 15.000000 19.000000 0.405636
v 15.200000 19.000000 0.419925
v 15.400000 19.000000 0.439299
v 15.600000 19.000000 0.457489
v 15.800000 19.000000 0.473205
v 16.000000 19.000000 0.491495
v 16.200000 19.000000 0.515920
v 16.400000 19.000000 0.540709
v 16.600000 19.000000 0.563341
v 16.800000 19.000000 0.582774
v 17.000000 19.000000 0.600649
v 17.200000 19.000000 0.613247
v 17.400000 19.000000 0.617004
v 17.600000 19.000000 0.620186
v 17.800000 19.000000 0.624604
v 18.000000 19.000000 0.628995
v 18.200000 19.000000 0.629386
v 18.400000 19.000000 0.623975
v 18.600000 19.000000 0.612193
v 18.800000 19.000000 0.597058
v 19.000000 19.000000 0.580020
v 19.200000 19.000000 0.560776
v 19.400000 19.000000 0.543331
v 19.600000 19.000000 0.531743
v 19.800000 19.000000 0.527541
v 0.000000 19.200000 0.843717
v 0.200000 19.200000 0.842398
v 0.400000 19.200000 0.838129
v 0.600000 19.200000 0.830439
v 0.800000 19.200000 0.818124
v 1.000000 19.200000 0.803080
v 1.200000 19.200000 0.790460
v 1.400000 19.200000 0.782565
v 1.600000 19.200000 0.776381
v 1.800000 19.200000 0.772366
v 2.000000 19.200000 0.771109
v 2.200000 19.200000 0.772232
v 2.400000 19.200000 0.774333
v 2.600000 19.200000 0.775107
v 2.800000 19.200000 0.772134
v 3.000000 19.200000 0.768741
v 3.200000 19.200000 0.769242
v 3.400000 19.200000 0.776426
v 3.600000 19.200000 0.784886
v 3.800000 19.200000 0.788445
v 4.000000 19.200000 0.785172
v 4.200000 19.200000 0.780139
v 4.400000 19.200000 0.778914
v 4.600000 19.200000 0.782652
v 4.800000 19.200000 0.786113
v 5.000000 19.200000 0.784171
v 5.200000 19.200000 0.785749
v 5.400000 19.200000 0.794843
v 5.600000 19.200000 0.810367
v 5.800000 19.200000 0.829243
v 6.000000 19.200000 0.847002
v 6.200000 19.200000 0.859579
v 6.400000 19.200000 0.866088
v 6.600000 19.200000 0.869395
v 6.800000 19.200000 0.871707
v 7.000000 19.200000 0.875840
v 7.200000 19.200000 0.880439
v 7.400000 19.200000 0.881138
v 7.600000 19.200000 0.870147
v 7.800000 19.200000 0.846282
v 8.000000 19.200000 0.819781
v 8.200000 19.200000 0.798951
v 8.400000 19.200000 0.783744
v 8.600000 19.200000 0.773277
v 8.800000 19.200000 0.768013
v 9.000000 19.200000 0.769911
v 9.200000 19.200000 0.776154
v 9.400000 19.200000 0.783588
v 9.600000 19.200000 0.789749
v 9.800000 19.200000 0.793391
v 10.000000 19.200000 0.794074
v 10.200000 19.200000 0.794334
v 10.400000 19.200000 0.791984
v 10.600000 19.200000 0.783681
v 10.800000 19.200000 0.766108
v 11.000000 19.200000 0.743563
v 11.200000 19.200000 0.721323
v 11.400000 19.200000 0.699669
v 11.600000 19.200000 0.678476
v 11.800000 19.200000 0.658485
v 12.000000 19.200000 0.639475
v 12.200000 19.200000 0.623009
v 12.400000 19.200000 0.611350
v 12.600000 19.200000 0.598648
v 12.800000 19.200000 0.580039
v 13.000000 19.200000 0.555095
v 13.200000 19.200000 0.528988
v 13.400000 19.200000 0.506640
v 13.600000 19.200000 0.488198
v 13.800000 19.200000 0.470899
v 14.000000 19.200000 0.451982
v 14.200000 19.200000 0.432836
v 14.400000 19.200000 0.413062
v 14.600000 19.200000 0.394142
v 14.800000 19.200000 0.383190
v 15.000000 19.200000 0.386947
v 15.200000 19.200000 0.404106
v 15.400000 19.200000 0.427500
v 15.600000 19.200000 0.449728
v 15.800000 19.200000 0.468931
v 16.000000 19.200000 0.490385
v 16.200000 19.200000 0.518292
v 16.400000 19.200000 0.548366
v 16.600000 19.200000 0.577190
v 16.800000 19.200000 0.602614
v 17.000000 19.200000 0.625633
v 17.200000 19.200000 0.641608
v 17.400000 19.200000 0.646034
v 17.600000 19.200000 0.647313
v 17.800000 19.200000 0.648094
v 18.000000 19.200000 0.647879
v 18.200000 19.200000 0.643084
v 18.400000 19.200000 0.633071
v 18.600000 19.200000 0.618739
v 18.800000 19.200000 0.604711
v 19.000000 19.200000 0.591095
v 19.200000 19.200000 0.575319
v 19.400000 19.200000 0.560998
v 19.600000 19.200000 0.552091
v 19.800000 19.200000 0.549027
v 0.000000 19.400000 0.825548
v 0.200000 19.400000 0.826825
v 0.400000 19.400000 0.828528
v 0.600000 19.400000 0.827467
v 0.800000 19.400000 0.821392
v 1.000000 19.400000 0.811990
v 1.200000 19.400000 0.801915
v 1.400000 19.400000 0.792032
v 1.600000 19.400000 0.781438
v 1.800000 19.400000 0.772645
v 2.000000 19.400000 0.767449
v 2.200000 19.400000 0.764873
v 2.400000 19.400000 0.764650
v 2.600000 19.400000 0.765772
v 2.800000 19.400000 0.765542
v 3.000000 19.400000 0.764769
v 3.200000 19.400000 0.765428
v 3.400000 19.400000 0.770840
v 3.600000 19.400000 0.777209
v 3.800000 19.400000 0.779871
v 4.000000 19.400000 0.777501
v 4.200000 19.400000 0.774570
v 4.400000 19.400000 0.775904
v 4.600000 19.400000 0.781463
v 4.800000 19.400000 0.785872
v 5.000000 19.400000 0.784162
v 5.200000 19.400000 0.785428
v 5.400000 19.400000 0.793413
v 5.600000 19.400000 0.806679
v 5.800000 19.400000 0.823193
v 6.000000 19.400000 0.839738
v 6.200000 19.400000 0.852968
v 6.400000 19.400000 0.861431
v 6.600000 19.400000 0.867386
v 6.800000 19.400000 0.873311
v 7.000000 19.400000 0.881323
v 7.200000 19.400000 0.888757
v 7.400000 19.400000 0.890764
v 7.600000 19.400000 0.880072
v 7.800000 19.400000 0.856599
v 8.000000 19.400000 0.830119
v 8.200000 19.400000 0.808633
v 8.400000 19.400000 0.792808
v 8.600000 19.400000 0.782770
v 8.800000 19.400000 0.779427
v 9.000000 19.400000 0.783269
v 9.200000 19.400000 0.790795
v 9.400000 19.400000 0.798385
v 9.600000 19.400000 0.804027
v 9.800000 19.400000 0.807116
v 10.000000 19.400000 0.807652
v 10.200000 19.400000 0.807780
v 10.400000 19.400000 0.805849
v 10.600000 19.400000 0.799314
v 10.800000 19.400000 0.785187
v 11.000000 19.400000 0.765297
v 11.200000 19.400000 0.742269
v 11.400000 19.400000 0.717741
v 11.600000 19.400000 0.693492
v 11.800000 19.400000 0.671474
v 12.000000 19.400000 0.652004
v 12.200000 19.400000 0.635823
v 12.400000 19.400000 0.624181
v 12.600000 19.400000 0.608898
v 12.800000 19.400000 0.584879
v 13.000000 19.400000 0.552871
v 13.200000 19.400000 0.517932
v 13.400000 19.400000 0.486866
v 13.600000 19.400000 0.463684
v 13.800000 19.400000 0.445721
v 14.000000 19.400000 0.426941
v 14.200000 19.400000 0.408827
v 14.400000 19.400000 0.391371
v 14.600000 19.400000 0.375530
v 14.800000 19.400000 0.366530
v 15.000000 19.400000 0.370955
v 15.200000 19.400000 0.390436
v 15.400000 19.400000 0.417200
v 15.600000 19.400000 0.443255
v 15.800000 19.400000 0.466592
v 16.000000 19.400000 0.491690
v 16.200000 19.400000 0.522439
v 16.400000 19.400000 0.556427
v 16.600000 19.400000 0.590103
v 16.800000 19.400000 0.620892
v 17.000000 19.400000 0.649129
v 17.200000 19.400000 0.668761
v 17.400000 19.400000 0.673824
v 17.600000 19.400000 0.672539
v 17.800000 19.400000 0.669008
v 18.000000 19.400000 0.664292
v 18.200000 19.400000 0.655881
v 18.400000 19.400000 0.643236
v 18.600000 19.400000 0.627224
v 18.800000 19.400000 0.612136
v 19.000000 19.400000 0.598588
v 19.200000 19.400000 0.584872
v 19.400000 19.400000 0.573854
v 19.600000 19.400000 0.567768
v 19.800000 19.400000 0.565898
v 0.000000 19.600000 0.809144
v 0.200000 19.600000 0.813162
v 0.400000 19.600000 0.820880
v 0.600000 19.600000 0.825791
v 0.800000 19.600000 0.825090
v 1.000000 19.600000 0.821283
v 1.200000 19.600000 0.814073
v 1.400000 19.600000 0.802297
v 1.600000 19.600000 0.787086
v 1.800000 19.600000 0.773712
v 2.000000 19.600000 0.765353
v 2.200000 19.600000 0.759459
v 2.400000 19.600000 0.757030
v 2.600000 19.600000 0.758971
v 2.800000 19.600000 0.763236
v 3.000000 19.600000 0.766708
v 3.200000 19.600000 0.767613
v 3.400000 19.600000 0.770256
v 3.600000 19.600000 0.773593
v 3.800000 19.600000 0.775347
v 4.000000 19.600000 0.773783
v 4.200000 19.600000 0.772567
v 4.400000 19.600000 0.775858
v 4.600000 19.600000 0.782213
v 4.800000 19.600000 0.786593
v 5.000000 19.600000 0.784848
v 5.200000 19.600000 0.786669
v 5.400000 19.600000 0.794856
v 5.600000 19.600000 0.806734
v 5.800000 19.600000 0.821328
v 6.000000 19.600000 0.836821
v 6.200000 19.600000 0.850389
v 6.400000 19.600000 0.859593
v 6.600000 19.600000 0.866409
v 6.800000 19.600000 0.874388
v 7.000000 19.600000 0.885118
v 7.200000 19.600000 0.894401
v 7.400000 19.600000 0.897216
v 7.600000 19.600000 0.887056
v 7.800000 19.600000 0.864617
v 8.000000 19.600000 0.838606
v 8.200000 19.600000 0.816245
v 8.400000 19.600000 0.799088
v 8.600000 19.600000 0.788644
v 8.800000 19.600000 0.786727
v 9.000000 19.600000 0.792586
v 9.200000 19.600000 0.801552
v 9.400000 19.600000 0.809097
v 9.600000 19.600000 0.813821
v 9.800000 19.600000 0.816032
v 10.000000 19.600000 0.816190
v 10.200000 19.600000 0.815129
v 10.400000 19.600000 0.812420
v 10.600000 19.600000 0.807335
v 10.800000 19.600000 0.797923
v 11.000000 19.600000 0.782454
v 11.200000 19.600000 0.759583
v 11.400000 19.600000 0.732193
v 11.600000 19.600000 0.704703
v 11.800000 19.600000 0.680957
v 12.000000 19.600000 0.662063
v 12.200000 19.600000 0.647304
v 12.400000 19.600000 0.636199
v 12.600000 19.600000 0.619170
v 12.800000 19.600000 0.591371
v 13.000000 19.600000 0.554206
v 13.200000 19.600000 0.511271
v 13.400000 19.600000 0.471191
v 13.600000 19.600000 0.443066
v 13.800000 19.600000 0.424425
v 14.000000 19.600000 0.405273
v 14.200000 19.600000 0.387652
v 14.400000 19.600000 0.372601
v 14.600000 19.600000 0.360611
v 14.800000 19.600000 0.354201
v 15.000000 19.600000 0.359269
v 15.200000 19.600000 0.380700
v 15.400000 19.600000 0.410104
v 15.600000 19.600000 0.438987
v 15.800000 19.600000 0.465570
v 16.000000 19.600000 0.493485
v 16.200000 19.600000 0.526111
v 16.400000 19.600000 0.562464
v 16.600000 19.600000 0.599241
v 16.800000 19.600000 0.633932
v 17.000000 19.600000 0.666545
v 17.200000 19.600000 0.689467
v 17.400000 19.600000 0.695062
v 17.600000 19.600000 0.691213
v 17.800000 19.600000 0.683710
v 18.000000 19.600000 0.675467
v 18.200000 19.600000 0.665035
v 18.400000 19.600000 0.651325
v 18.600000 19.600000 0.634433
v 18.800000 19.600000 0.617515
v 19.000000 19.600000 0.602460
v 19.200000 19.600000 0.589672
v 19.400000 19.600000 0.581474
v 19.600000 19.600000 0.577956
v 19.800000 19.600000 0.577208
v 0.000000 19.800000 0.802009
v 0.200000 19.800000 0.807299
v 0.400000 19.800000 0.817758
v 0.600000 19.800000 0.825265
v 0.800000 19.800000 0.826850
v 1.000000 19.800000 0.825577
v 1.200000 19.800000 0.819727
v 1.400000 19.800000 0.807108
v 1.600000 19.800000 0.789762
v 1.800000 19.800000 0.774340
v 2.000000 19.800000 0.764685
v 2.200000 19.800000 0.757352
v 2.400000 19.800000 0.753941
v 2.600000 19.800000 0.756340
v 2.800000 19.800000 0.762967
v 3.000000 19.800000 0.768663
v 3.200000 19.800000 0.769697
v 3.400000 19.800000 0.770900
v 3.600000 19.800000 0.772688
v 3.800000 19.800000 0.774026
v 4.000000 19.800000 0.772811
v 4.200000 19.800000 0.772304
v 4.400000 19.800000 0.776376
v 4.600000 19.800000 0.782907
v 4.800000 19.800000 0.787096
v 5.000000 19.800000 0.785286
v 5.200000 19.800000 0.787517
v 5.400000 19.800000 0.796034
v 5.600000 19.800000 0.807439
v 5.800000 19.800000 0.821241
v 6.000000 19.800000 0.836286
v 6.200000 19.800000 0.849950
v 6.400000 19.800000 0.859269
v 6.600000 19.800000 0.866153
v 6.800000 19.800000 0.874781
v 7.000000 19.800000 0.886536
v 7.200000 19.800000 0.896480
v 7.400000 19.800000 0.899572
v 7.600000 19.800000 0.889697
v 7.800000 19.800000 0.867844
v 8.000000 19.800000 0.842128
v 8.200000 19.800000 0.819329
v 8.400000 19.800000 0.801436
v 8.600000 19.800000 0.790656
v 8.800000 19.800000 0.789296
v 9.000000 19.800000 0.796086
v 9.200000 19.800000 0.805735
v 9.400000 19.800000 0.813224
v 9.600000 19.800000 0.817457
v 9.800000 19.800000 0.819211
v 10.000000 19.800000 0.819155
v 10.200000 19.800000 0.817361
v 10.400000 19.800000 0.814080
v 10.600000 19.800000 0.809597
v 10.800000 19.800000 0.802559
v 11.000000 19.800000 0.789419
v 11.200000 19.800000 0.766794
v 11.400000 19.800000 0.738104
v 11.600000 19.800000 0.709107
v 11.800000 19.800000 0.684630
v 12.000000 19.800000 0.666186
v 12.200000 19.800000 0.652280
v 12.400000 19.800000 0.641514
v 12.600000 19.800000 0.623844
v 12.800000 19.800000 0.594622
v 13.000000 19.800000 0.555460
v 13.200000 19.800000 0.509042
v 13.400000 19.800000 0.464811
v 13.600000 19.800000 0.434403
v 13.800000 19.800000 0.415451
v 14.000000 19.800000 0.396038
v 14.200000 19.800000 0.378543
v 14.400000 19.800000 0.364600
v 14.600000 19.800000 0.354501
v 14.800000 19.800000 0.349385
v 15.000000 19.800000 0.354740
v 15.200000 19.800000 0.376990
v 15.400000 19.800000 0.407461
v 15.600000 19.800000 0.437449
v 15.800000 19.800000 0.465344
v 16.000000 19.800000 0.494391
v 16.200000 19.800000 0.527694
v 16.400000 19.800000 0.564840
v 16.600000 19.800000 0.602708
v 16.800000 19.800000 0.638906
v 17.000000 19.800000 0.673356
v 17.200000 19.800000 0.697707
v 17.400000 19.800000 0.703525
v 17.600000 19.800000 0.698509
v 17.800000 19.800000 0.689263
v 18.000000 19.800000 0.679595
v 18.200000 19.800000 0.668534
v 18.400000 19.800000 0.654624
v 18.600000 19.800000 0.637477
v 18.800000 19.800000 0.619588
v 19.000000 19.800000 0.603562
v 19.200000 19.800000 0.590989
v 19.400000 19.800000 0.583986
v 19.600000 19.800000 0.581589
v 19.800000 19.800000 0.581337
f 1 2 101
f 2 102 101
f 2 3 102
f 3 103 102
f 3 4 103
f 4 104 103
f 4 5 104
f 5 105 104
f 5 6 105
f 6 106 105
f 6 7 106
f 7 107 106
f 7 8 107
f 8 108 107
f 8 9 108
f 9 109 108
f 9 10 109
f 10 110 109
f 10 11 110
f 11 111 110
f 11 12 111
f 12 112 111
f 12 13 112
f 13 113 112
f 13 14 113
f 14 114 113
f 14 15 114
f 15 115 114
f 15 16 115
f 16 116 115
f 16 17 116
f 17 117 116
f 17 18 117
f 18 118 117
f 18 19 118
f 19 119 118
f 19 20 119
f 20 120 119
f 20 21 120
f 21 121 120
f 21 22 121
f 22 122 121
f 22 23 122
f 23 123 122
f 23 24 123
f 24 124 123
f 24 25 124
f 25 125 124
f 25 26 125
f 26 126 125
f 26 27 126
f 27 127 126
f 27 28 127
f 28 128 127
f 28 29 128
f 29 129 128
f 29 30 129
f 30 130 129
f 30 31 130
f 31 131 130
f 31 32 131
f 32 132 131
f 32 33 132
f 33 133 132
f 33 34 133
f 34 134 133
f 34 35 134
f 35 135 134
f 35 36 135
f 36 136 135
f 36 37 136
f 37 137 136
f 37 38 137
f 38 138 137
f 38 39 138
f 39 139 138
f 39 40 139
f 40 140 139
f 40 41 140
f 41 141 140
f 41 42 141
f 42 142 141
f 42 43 142
f 43 143 142
f 43 44 143
f 44 144 143
f 44 45 144
f 45 145 144
f 45 46 145
f 46 146 145
f 46 47 146
f 47 147 146
f 47 48 147
f 48 148 147
f 48 49 148
f 49 149 148
f 49 50 149
f 50 150 149
f 50 51 150
f 51 151 150
f 51 52 151
f 52 152 151
f 52 53 152
f 53 153 152
f 53 54 153
f 54 154 153
f 54 55 154
f 55 155 154
f 55 56 155
f 56 156 155
f 56 57 156
f 57 157 156
f 57 58 157
f 58 158 157
f 58 59 158
f 59 159 158
f 59 60 159
f 60 160 159
f 60 61 160
f 61 161 160
f 61 62 161
f 62 162 161
f 62 63 162
f 63 163 162
f 63 64 163
f 64 164 163
f 64 65 164
f 65 165 164
f 65 66 165
f 66 166 165
f 66 67 166
f 67 167 166
f 67 68 167
f 68 168 167
f 68 69 168
f 69 169 168
f 69 70 169
f 70 170 169
f 70 71 170
f 71 171 170
f 71 72 171
f 72 172 171
f 72 73 172
f 73 173 172
f 73 74 173
f 74 174 173
f 74 75 174
f 75 175 174
f 75 76 175
f 76 176 175
f 76 77 176
f 77 177 176
f 77 78 177
f 78 178 177
f 78 79 178
f 79 179 178
f 79 80 179
f 80 180 179
f 80 81 180
f 81 181 180
f 81 82 181
f 82 182 181
f 82 83 182
f 83 183 182
f 83 84 183
f 84 184 183
f 84 85 184
f 85 185 184
f 85 86 185
f 86 186 185
f 86 87 186
f 87 187 186
f 87 88 187
f 88 188 187
f 88 89 188
f 89 189 188
f 89 90 189
f 90 190 189
f 90 91 190
f 91 191 190
f 91 92 191
f 92 192 191
f 92 93 192
f 93 193 192
f 93 94 193
f 94 194 193
f 94 95 194
f 95 195 194
f 95 96 195
f 96 196 195
f 96 97 196
f 97 197 196
f 97 98 197
f 98 198 197
f 98 99 198
f 99 199 198
f 99 100 199
f 100 200 199
f 101 102 201
f 102 202 201
f 102 103 202
f 103 203 202
f 103 104 203
f 104 204 203
f 104 105 204
f 105 205 204
f 105 106 205
f 106 206 205
f 106 107 206
f 107 207 206
f 107 108 207
f 108 208 207
f 108 109 208
f 109 209 208
f 109 110 209
f 110 210 209
f 110 111 210
f 111 211 210
f 111 112 211
f 112 212 211
f 112 113 212
f 113 213 212
f 113 114 213
f 114 214 213
f 114 115 214
f 115 215 214
f 115 116 215
f 116 216 215
f 116 117 216
f 117 217 216
f 117 118 217
f 118 218 217
f 118 119 218
f 119 219 218
f 119 120 219
f 120 220 219
f 120 121 220
f 121 221 220
f 121 122 221
f 122 222 221
f 122 123 222
f 123 223 222
f 123 124 223
f 124 224 223
f 124 125 224
f 125 225 224
f 125 126 225
f 126 226 225
f 126 127 226
f 127 227 226
f 127 128 227
f 128 228 227
f 128 129 228
f 129 229 228
f 129 130 229
f 130 230 229
f 130 131 230
f 131 231 230
f 131 132 231
f 132 232 231
f 132 133 232
f 133 233 232
f 133 134 233
f 134 234 233
f 134 135 234
f 135 235 234
f 135 136 235
f 136 236 235
f 136 137 236
f 137 237 236
f 137 138 237
f 138 238 237
f 138 139 238
f 139 239 238
f 139 140 239
f 140 240 239
f 140 141 240
f 141 241 240
f 141 142 241
f 142 242 241
f 142 143 242
f 143 243 242
f 143 144 243
f 144 244 243
f 144 145 244
f 145 245 244
f 145 146 245
f 146 246 245
f 146 147 246
f 147 247 246
f 147 148 247
f 148 248 247
f 148 149 248
f 149 249 248
f 149 150 249
f 150 250 249
f 150 151 250
f 151 251 250
f 151 152 251
f 152 252 251
f 152 153 252
f 153 253 252
f 153 154 253
f 154 254 253
f 154 155 254
f 155 255 254
f 155 156 255
f 156 256 255
f 156 157 256
f 157 257 256
f 157 158 257
f 158 258 257
f 158 159 258
f 159 259 258
f 159 160 259
f 160 260 259
f 160 161 260
f 161 261 260
f 161 162 261
f 162 262 261
f 162 163 262
f 163 263 262
f 163 164 263
f 164 264 263
f 164 165 264
f 165 265 264
f 165 166 265
f 166 266 265
f 166 167 266
f 167 267 266
f 167 168 267
f 168 268 267
f 168 169 268
f 169 269 268
f 169 170 269
f 170 270 269
f 170 171 270
f 171 271 270
f 171 172 271
f 172 272 271
f 172 173 272
f 173 273 272
f 173 174 273
f 174 274 273
f 174 175 274
f 175 275 274
f 175 176 275
f 176 276 275
f 176 177 276
f 177 277 276
f 177 178 277
f 178 278 277
f 178 179 278
f 179 279 278
f 179 180 279
f 180 280 279
f 180 181 280
f 181 281 280
f 181 182 281
f 182 282 281
f 182 183 282
f 183 283 282
f 183 184 283
f 184 284 283
f 184 185 284
f 185 285 284
f 185 186 285
f 186 286 285
f 186 187 286
f 187 287 286
f 187 188 287
f 188 288 287
f 188 189 288
f 189 289 288
f 189 190 289
f 190 290 289
f 190 191 290
f 191 291 290
f 191 192 291
f 192 292 291
f 192 193 292
f 193 293 292
f 193 194 293
f 194 294 293
f 194 195 294
f 195 295 294
f 195 196 295
f 196 296 295
f 196 197 296
f 197 297 296
f 197 198 297
f 198 298 297
f 198 199 298
f 199 299 298
f 199 200 299
f 200 300 299
f 201 202 301
f 202 302 301
f 202 203 302
f 203 303 302
f 203 204 303
f 204 304 303
f 204 205 304
f 205 305 304
f 205 206 305
f 206 306 305
f 206 207 306
f 207 307 306
f 207 208 307
f 208 308 307
f 208 209 308
f 209 309 308
f 209 210 309
f 210 310 309
f 210 211 310
f 211 311 310
f 211 212 311
f 212 312 311
f 212 213 312
f 213 313 312
f 213 214 313
f 214 314 313
f 214 215 314
f 215 315 314
f 215 216 315
f 216 316 315
f 216 217 316
f 217 317 316
f 217 218 317
f 218 318 317
f 218 219 318
f 219 319 318
f 219 220 319
f 220 320 319
f 220 221 320
f 221 321 320
f 221 222 321
f 222 322 321
f 222 223 322
f 223 323 322
f 223 224 323
f 224 324 323
f 224 225 324
f 225 325 324
f 225 226 325
f 226 326 325
f 226 227 326
f 227 327 326
f 227 228 327
f 228 328 327
f 228 229 328
f 229 329 328
f 229 230 329
f 230 330 329
f 230 231 330
f 231 331 330
f 231 232 331
f 232 332 331
f 232 233 332
f 233 333 332
f 233 234 333
f 234 334 333
f 234 235 334
f 235 335 334
f 235 236 335
f 236 336 335
f 236 237 336
f 237 337 336
f 237 238 337
f 238 338 337
f 238 239 338
f 239 339 338
f 239 240 339
f 240 340 339
f 240 241 340
f 241 341 340
f 241 242 341
f 242 342 341
f 242 243 342
f 243 343 342
f 243 244 343
f 244 344 343
f 244 245 344
f 245 345 344
f 245 246 345
f 246 346 345
f 246 247 346
f 247 347 346
f 247 248 347
f 248 348 347
f 248 249 348
f 249 349 348
f 249 250 349
f 250 350 349
f 250 251 350
f 251 351 350
f 251 252 351
f 252 352 351
f 252 253 352
f 253 353 352
f 253 254 353
f 254 354 353
f 254 255 354
f 255 355 354
f 255 256 355
f 256 356 355
f 256 257 356
f 257 357 356
f 257 258 357
f 258 358 357
f 258 259 358
f 259 359 358
f 259 260 359
f 260 360 359
f 260 261 360
f 261 361 360
f 261 262 361
f 262 362 361
f 262 263 362
f 263 363 362
f 263 264 363
f 264 364 363
f 264 265 364
f 265 365 364
f 265 266 365
f 266 366 365
f 266 267 366
f 267 367 366
f 267 268 367
f 268 368 367
f 268 269 368
f 269 369 368
f 269 270 369
f 270 370 369
f 270 271 370
f 271 371 370
f 271 272 371
f 272 372 371
f 272 273 372
f 273 373 372
f 273 274 373
f 274 374 373
f 274 275 374
f 275 375 374
f 275 276 375
f 276 376 375
f 276 277 376
f 277 377 376
f 277 278 377
f 278 378 377
f 278 279 378
f 279 379 378
f 279 280 379
f 280 380 379
f 280 281 380
f 281 381 380
f 281 282 381
f 282 382 381
f 282 283 382
f 283 383 382
f 283 284 383
f 284 384 383
f 284 285 384
f 285 385 384
f 285 286 385
f 286 386 385
f 286 287 386
f 287 387 386
f 287 288 387
f 288 388 387
f 288 289 388
f 289 389 388
f 289 290 389
f 290 390 389
f 290 291 390
f 291 391 390
f 291 292 391
f 292 392 391
f 292 293 392
f 293 393 392
f 293 294 393
f 294 394 393
f 294 295 394
f 295 395 394
f 295 296 395
f 296 396 395
f 296 297 396
f 297 397 396
f 297 298 397
f 298 398 397
f 298 299 398
f 299 399 398
f 299 300 399
f 300 400 399
f 301 302 401
f 302 402 401
f 302 303 402
f 303 403 402
f 303 304 403
f 304 404 403
f 304 305 404
f 305 405 404
f 305 306 405
f 306 406 405
f 306 307 406
f 307 407 406
f 307 308 407
f 308 408 407
f 308 309 408
f 309 409 408
f 309 310 409
f 310 410 409
f 310 311 410
f 311 411 410
f 311 312 411
f 312 412 411
f 312 313 412
f 313 413 412
f 313 314 413
f 314 414 413
f 314 315 414
f 315 415 414
f 315 316 415
f 316 416 415
f 316 317 416
f 317 417 416
f 317 318 417
f 318 418 417
f 318 319 418
f 319 419 418
f 319 320 419
f 320 420 419
f 320 321 420
f 321 421 420
f 321 322 421
f 322 422 421
f 322 323 422
f 323 423 422
f 323 324 423
f 324 424 423
f 324 325 424
f 325 425 424
f 325 326 425
f 326 426 425
f 326 327 426
f 327 427 426
f 327 328 427
f 328 428 427
f 328 329 428
f 329 429 428
f 329 330 429
f 330 430 429
f 330 331 430
f 331 431 430
f 331 332 431
f 332 432 431
f 332 333 432
f 333 433 432
f 333 334 433
f 334 434 433
f 334 335 434
f 335 435 434
f 335 336 435
f 336 436 435
f 336 337 436
f 337 437 436
f 337 338 437
f 338 438 437
f 338 339 438
f 339 439 438
f 339 340 439
f 340 440 439
f 340 341 440
f 341 441 440
f 341 342 441
f 342 442 441
f 342 343 442
f 343 443 442
f 343 344 443
f 344 444 443
f 344 345 444
f 345 445 444
f 345 346 445
f 346 446 445
f 346 347 446
f 347 447 446
f 347 348 447
f 348 448 447
f 348 349 448
f 349 449 448
f 349 350 449
f 350 450 449
f 350 351 450
f 351 451 450
f 351 352 451
f 352 452 451
f 352 353 452
f 353 453 452
f 353 354 453
f 354 454 453
f 354 355 454
f 355 455 454
f 355 356 455
f 356 456 455
f 356 357 456
f 357 457 456
f 357 358 457
f 358 458 457
f 358 359 458
f 359 459 458
f 359 360 459
f 360 460 459
f 360 361 460
f 361 461 460
f 361 362 461
f 362 462 461
f 362 363 462
f 363 463 462
f 363 364 463
f 364 464 463
f 364 365 464
f 365 465 464
f 365 366 465
f 366 466 465
f 366 367 466
f 367 467 466
f 367 368 467
f 368 468 467
f 368 369 468
f 369 469 468
f 369 370 469
f 370 470 469
f 370 371 470
f 371 471 470
f 371 372 471
f 372 472 471
f 372 373 472
f 373 473 472
f 373 374 473
f 374 474 473
f 374 375 474
f 375 475 474
f 375 376 475
f 376 476 475
f 376 377 476
f 377 477 476
f 377 378 477
f 378 478 477
f 378 379 478
f 379 479 478
f 379 380 479
f 380 480 479
f 380 381 480
f 381 481 480
f 381 382 481
f 382 482 481
f 382 383 482
f 383 483 482
f 383 384 483
f 384 484 483
f 384 385 484
f 385 485 484
f 385 386 485
f 386 486 485
f 386 387 486
f 387 487 486
f 387 388 487
f 388 488 487
f 388 389 488
f 389 489 488
f 389 390 489
f 390 490 489
f 390 391 490
f 391 491 490
f 391 392 491
f 392 492 491
f 392 393 492
f 393 493 492
f 393 394 493
f 394 494 493
f 394 395 494
f 395 495 494
f 395 396 495
f 396 496 495
f 396 397 496
f 397 497 496
f 397 398 497
f 398 498 497
f 398 399 498
f 399 499 498
f 399 400 499
f 400 500 499
f 401 402 501
f 402 502 501
f 402 403 502
f 403 503 502
f 403 404 503
f 404 504 503
f 404 405 504
f 405 505 504
f 405 406 505
f 406 506 505
f 406 407 506
f 407 507 506
f 407 408 507
f 408 508 507
f 408 409 508
f 409 509 508
f 409 410 509
f 410 510 509
f 410 411 510
f 411 511 510
f 411 412 511
f 412 512 511
f 412 413 512
f 413 513 512
f 413 414 513
f 414 514 513
f 414 415 514
f 415 515 514
f 415 416 515
f 416 516 515
f 416 417 516
f 417 517 516
f 417 418 517
f 418 518 517
f 418 419 518
f 419 519 518
f 419 420 519
f 420 520 519
f 420 421 520
f 421 521 520
f 421 422 521
f 422 522 521
f 422 423 522
f 423 523 522
f 423 424 523
f 424 524 523
f 424 425 524
f 425 525 524
f 425 426 525
f 426 526 525
f 426 427 526
f 427 527 526
f 427 428 527
f 428 528 527
f 428 429 528
f 429 529 528
f 429 430 529
f 430 530 529
f 430 431 530
f 431 531 530
f 431 432 531
f 432 532 531
f 432 433 532
f 433 533 532
f 433 434 533
f 434 534 533
f 434 435 534
f 435 535 534
f 435 436 535
f 436 536 535
f 436 437 536
f 437 537 536
f 437 438 537
f 438 538 537
f 438 439 538
f 439 539 538
f 439 440 539
f 440 540 539
f 440 441 540
f 441 541 540
f 441 442 541
f 442 542 541
f 442 443 542
f 443 543 542
f 443 444 543
f 444 544 543
f 444 445 544
f 445 545 544
f 445 446 545
f 446 546 545
f 446 447 546
f 447 547 546
f 447 448 547
f 448 548 547
f 448 449 548
f 449 549 548
f 449 450 549
f 450 550 549
f 450 451 550
f 451 551 550
f 451 452 551
f 452 552 551
f 452 453 552
f 453 553 552
f 453 454 553
f 454 554 553
f 454 455 554
f 455 555 554
f 455 456 555
f 456 556 555
f 456 457 556
f 457 557 556
f 457 458 557
f 458 558 557
f 458 459 558
f 459 559 558
f 459 460 559
f 460 560 559
f 460 461 560
f 461 561 560
f 461 462 561
f 462 562 561
f 462 463 562
f 463 563 562
f 463 464 563
f 464 564 563
f 464 465 564
f 465 565 564
f 465 466 565
f 466 566 565
f 466 467 566
f 467 567 566
f 467 468 567
f 468 568 567
f 468 469 568
f 469 569 568
f 469 470 569
f 470 570 569
f 470 471 570
f 471 571 570
f 471 472 571
f 472 572 571
f 472 473 572
f 473 573 572
f 473 474 573
f 474 574 573
f 474 475 574
f 475 575 574
f 475 476 575
f 476 576 575
f 476 477 576
f 477 577 576
f 477 478 577
f 478 578 577
f 478 479 578
f 479 579 578
f 479 480 579
f 480 580 579
f 480 481 580
f 481 581 580
f 481 482 581
f 482 582 581
f 482 483 582
f 483 583 582
f 483 484 583
f 484 584 583
f 484 485 584
f 485 585 584
f 485 486 585
f 486 586 585
f 486 487 586
f 487 587 586
f 487 488 587
f 488 588 587
f 488 489 588
f 489 589 588
f 489 490 589
f 490 590 589
f 490 491 590
f 491 591 590
f 491 492 591
f 492 592 591
f 492 493 592
f 493 593 592
f 493 494 593
f 494 594 593
f 494 495 594
f 495 595 594
f 495 496 595
f 496 596 595
f 496 497 596
f 497 597 596
f 497 498 597
f 498 598 597
f 498 499 598
f 499 599 598
f 499 500 599
f 500 600 599
f 501 502 601
f 502 602 601
f 502 503 602
f 503 603 602
f 503 504 603
f 504 604 603
f 504 505 604
f 505 605 604
f 505 506 605
f 506 606 605
f 506 507 606
f 507 607 606
f 507 508 607
f 508 608 607
f 508 509 608
f 509 609 608
f 509 510 609
f 510 610 609
f 510 511 610
f 511 611 610
f 511 512 611
f 512 612 611
f 512 513 612
f 513 613 612
f 513 514 613
f 514 614 613
f 514 515 614
f 515 615 614
f 515 516 615
f 516 616 615
f 516 517 616
f 517 617 616
f 517 518 617
f 518 618 617
f 518 519 618
f 519 619 618
f 519 520 619
f 520 620 619
f 520 521 620
f 521 621 620
f 521 522 621
f 522 622 621
f 522 523 622
f 523 623 622
f 523 524 623
f 524 624 623
f 524 525 624
f 525 625 624
f 525 526 625
f 526 626 625
f 526 527 626
f 527 627 626
f 527 528 627
f 528 628 627
f 528 529 628
f 529 629 628
f 529 530 629
f 530 630 629
f 530 531 630
f 531 631 630
f 531 532 631
f 532 632 631
f 532 533 632
f 533 633 632
f 533 534 633
f 534 634 633
f 534 535 634
f 535 635 634
f 535 536 635
f 536 636 635
f 536 537 636
f 537 637 636
f 537 538 637
f 538 638 637
f 538 539 638
f 539 639 638
f 539 540 639
f 540 640 639
f 540 541 640
f 541 641 640
f 541 542 641
f 542 642 641
f 542 543 642
f 543 643 642
f 543 544 643
f 544 644 643
f 544 545 644
f 545 645 644
f 545 546 645
f 546 646 645
f 546 547 646
f 547 647 646
f 547 548 647
f 548 648 647
f 548 549 648
f 549 649 648
f 549 550 649
f 550 650 649
f 550 551 650
f 551 651 650
f 551 552 651
f 552 652 651
f 552 553 652
f 553 653 652
f 553 554 653
f 554 654 653
f 554 555 654
f 555 655 654
f 555 556 655
f 556 656 655
f 556 557 656
f 557 657 656
f 557 558 657
f 558 658 657
f 558 559 658
f 559 659 658
f 559 560 659
f 560 660 659
f 560 561 660
f 561 661 660
f 561 562 661
f 562 662 661
f 562 563 662
f 563 663 662
f 563 564 663
f 564 664 663
f 564 565 664
f 565 665 664
f 565 566 665
f 566 666 665
f 566 567 666
f 567 667 666
f 567 568 667
f 568 668 667
f 568 569 668
f 569 669 668
f 569 570 669
f 570 670 669
f 570 571 670
f 571 671 670
f 571 572 671
f 572 672 671
f 572 573 672
f 573 673 672
f 573 574 673
f 574 674 673
f 574 575 674
f 575 675 674
f 575 576 675
f 576 676 675
f 576 577 676
f 577 677 676
f 577 578 677
f 578 678 677
f 578 579 678
f 579 679 678
f 579 580 679
f 580 680 679
f 580 581 680
f 581 681 680
f 581 582 681
f 582 682 681
f 582 583 682
f 583 683 682
f 583 584 683
f 584 684 683
f 584 585 684
f 585 685 684
f 585 586 685
f 586 686 685
f 586 587 686
f 587 687 686
f 587 588 687
f 588 688 687
f 588 589 688
f 589 689 688
f 589 590 689
f 590 690 689
f 590 591 690
f 591 691 690
f 591 592 691
f 592 692 691
f 592 593 692
f 593 693 692
f 593 594 693
f 594 694 693
f 594 595 694
f 595 695 694
f 595 596 695
f 596 696 695
f 596 597 696
f 597 697 696
f 597 598 697
f 598 698 697
f 598 599 698
f 599 699 698
f 599 600 699
f 600 700 699
f 601 602 701
f 602 702 701
f 602 603 702
f 603 703 702
f 603 604 703
f 604 704 703
f 604 605 704
f 605 705 704
f 605 606 705
f 606 706 705
f 606 607 706
f 607 707 706
f 607 608 707
f 608 708 707
f 608 609 708
f 609 709 708
f 609 610 709
f 610 710 709
f 610 611 710
f 611 711 710
f 611 612 711
f 612 712 711
f 612 613 712
f 613 713 712
f 613 614 713
f 614 714 713
f 614 615 714
f 615 715 714
f 615 616 715
f 616 716 715
f 616 617 716
f 617 717 716
f 617 618 717
f 618 718 717
f 618 619 718
f 619 719 718
f 619 620 719
f 620 720 719
f 620 621 720
f 621 721 720
f 621 622 721
f 622 722 721
f 622 623 722
f 623 723 722
f 623 624 723
f 624 724 723
f 624 625 724
f 625 725 724
f 625 626 725
f 626 726 725
f 626 627 726
f 627 727 726
f 627 628 727
f 628 728 727
f 628 629 728
f 629 729 728
f 629 630 729
f 630 730 729
f 630 631 730
f 631 731 730
f 631 632 731
f 632 732 731
f 632 633 732
f 633 733 732
f 633 634 733
f 634 734 733
f 634 635 734
f 635 735 734
f 635 636 735
f 636 736 735
f 636 637 736
f 637 737 736
f 637 638 737
f 638 738 737
f 638 639 738
f 639 739 738
f 639 640 739
f 640 740 739
f 640 641 740
f 641 741 740
f 641 642 741
f 642 742 741
f 642 643 742
f 643 743 742
f 643 644 743
f 644 744 743
f 644 645 744
f 645 745 744
f 645 646 745
f 646 746 745
f 646 647 746
f 647 747 746
f 647 648 747
f 648 748 747
f 648 649 748
f 649 749 748
f 649 650 749
f 650 750 749
f 650 651 750
f 651 751 750
f 651 652 751
f 652 752 751
f 652 653 752
f 653 753 752
f 653 654 753
f 654 754 753
f 654 655 754
f 655 755 754
f 655 656 755
f 656 756 755
f 656 657 756
f 657 757 756
f 657 658 757
f 658 758 757
f 658 659 758
f 659 759 758
f 659 660 759
f 660 760 759
f 660 661 760
f 661 761 760
f 661 662 761
f 662 762 761
f 662 663 762
f 663 763 762
f 663 664 763
f 664 764 763
f 664 665 764
f 665 765 764
f 665 666 765
f 666 766 765
f 666 667 766
f 667 767 766
f 667 668 767
f 668 768 767
f 668 669 768
f 669 769 768
f 669 670 769
f 670 770 769
f 670 671 770
f 671 771 770
f 671 672 771
f 672 772 771
f 672 673 772
f 673 773 772
f 673 674 773
f 674 774 773
f 674 675 774
f 675 775 774
f 675 676 775
f 676 776 775
f 676 677 776
f 677 777 776
f 677 678 777
f 678 778 777
f 678 679 778
f 679 779 778
f 679 680 779
f 680 780 779
f 680 681 780
f 681 781 780
f 681 682 781
f 682 782 781
f 682 683 782
f 683 783 782
f 683 684 783
f 684 784 783
f 684 685 784
f 685 785 784
f 685 686 785
f 686 786 785
f 686 687 786
f 687 787 786
f 687 688 787
f 688 788 787
f 688 689 788
f 689 789 788
f 689 690 789
f 690 790 789
f 690 691 790
f 691 791 790
f 691 692 791
f 692 792 791
f 692 693 792
f 693 793 792
f 693 694 793
f 694 794 793
f 694 695 794
f 695 795 794
f 695 696 795
f 696 796 795
f 696 697 796
f 697 797 796
f 697 698 797
f 698 798 797
f 698 699 798
f 699 799 798
f 699 700 799
f 700 800 799
f 701 702 801
f 702 802 801
f 702 703 802
f 703 803 802
f 703 704 803
f 704 804 803
f 704 705 804
f 705 805 804
f 705 706 805
f 706 806 805
f 706 707 806
f 707 807 806
f 707 708 807
f 708 808 807
f 708 709 808
f 709 809 808
f 709 710 809
f 710 810 809
f 710 711 810
f 711 811 810
f 711 712 811
f 712 812 811
f 712 713 812
f 713 813 812
f 713 714 813
f 714 814 813
f 714 715 814
f 715 815 814
f 715 716 815
f 716 816 815
f 716 717 816
f 717 817 816
f 717 718 817
f 718 818 817
f 718 719 818
f 719 819 818
f 719 720 819
f 720 820 819
f 720 721 820
f 721 821 820
f 721 722 821
f 722 822 821
f 722 723 822
f 723 823 822
f 723 724 823
f 724 824 823
f 724 725 824
f 725 825 824
f 725 726 825
f 726 826 825
f 726 727 826
f 727 827 826
f 727 728 827
f 728 828 827
f 728 729 828
f 729 829 828
f 729 730 829
f 730 830 829
f 730 731 830
f 731 831 830
f 731 732 831
f 732 832 831
f 732 733 832
f 733 833 832
f 733 734 833
f 734 834 833
f 734 735 834
f 735 835 834
f 735 736 835
f 736 836 835
f 736 737 836
f 737 837 836
f 737 738 837
f 738 838 837
f 738 739 838
f 739 839 838
f 739 740 839
f 740 840 839
f 740 741 840
f 741 841 840
f 741 742 841
f 742 842 841
f 742 743 842
f 743 843 842
f 743 744 843
f 744 844 843
f 744 745 844
f 745 845 844
f 745 746 845
f 746 846 845
f 746 747 846
f 747 847 846
f 747 748 847
f 748 848 847
f 748 749 848
f 749 849 848
f 749 750 849
f 750 850 849
f 750 751 850
f 751 851 850
f 751 752 851
f 752 852 851
f 752 753 852
f 753 853 852
f 753 754 853
f 754 854 853
f 754 755 854
f 755 855 854
f 755 756 855
f 756 856 855
f 756 757 856
f 757 857 856
f 757 758 857
f 758 858 857
f 758 759 858
f 759 859 858
f 759 760 859
f 760 860 859
f 760 761 860
f 761 861 860
f 761 762 861
f 762 862 861
f 762 763 862
f 763 863 862
f 763 764 863
f 764 864 863
f 764 765 864
f 765 865 864
f 765 766 865
f 766 866 865
f 766 767 866
f 767 867 866
f 767 768 867
f 768 868 867
f 768 769 868
f 769 869 868
f 769 770 869
f 770 870 869
f 770 771 870
f 771 871 870
f 771 772 871
f 772 872 871
f 772 773 872
f 773 873 872
f 773 774 873
f 774 874 873
f 774 775 874
f 775 875 874
f 775 776 875
f 776 876 875
f 776 777 876
f 777 877 876
f 777 778 877
f 778 878 877
f 778 779 878
f 779 879 878
f 779 780 879
f 780 880 879
f 780 781 880
f 781 881 880
f 781 782 881
f 782 882 881
f 782 783 882
f 783 883 882
f 783 784 883
f 784 884 883
f 784 785 884
f 785 885 884
f 785 786 885
f 786 886 885
f 786 787 886
f 787 887 886
f 787 788 887
f 788 888 887
f 788 789 888
f 789 889 888
f 789 790 889
f 790 890 889
f 790 791 890
f 791 891 890
f 791 792 891
f 792 892 891
f 792 793 892
f 793 893 892
f 793 794 893
f 794 894 893
f 794 795 894
f 795 895 894
f 795 796 895
f 796 896 895
f 796 797 896
f 797 897 896
f 797 798 897
f 798 898 897
f 798 799 898
f 799 899 898
f 799 800 899
f 800 900 899
f 801 802 901
f 802 902 901
f 802 803 902
f 803 903 902
f 803 804 903
f 804 904 903
f 804 805 904
f 805 905 904
f 805 806 905
f 806 906 905
f 806 807 906
f 807 907 906
f 807 808 907
f 808 908 907
f 808 809 908
f 809 909 908
f 809 810 909
f 810 910 909
f 810 811 910
f 811 911 910
f 811 812 911
f 812 912 911
f 812 813 912
f 813 913 912
f 813 814 913
f 814 914 913
f 814 815 914
f 815 915 914
f 815 816 915
f 816 916 915
f 816 817 916
f 817 917 916
f 817 818 917
f 818 918 917
f 818 819 918
f 819 919 918
f 819 820 919
f 820 920 919
f 820 821 920
f 821 921 920
f 821 822 921
f 822 922 921
f 822 823 922
f 823 923 922
f 823 824 923
f 824 924 923
f 824 825 924
f 825 925 924
f 825 826 925
f 826 926 925
f 826 827 926
f 827 927 926
f 827 828 927
f 828 928 927
f 828 829 928
f 829 929 928
f 829 830 929
f 830 930 929
f 830 831 930
f 831 931 930
f 831 832 931
f 832 932 931
f 832 833 932
f 833 933 932
f 833 834 933
f 834 934 933
f 834 835 934
f 835 935 934
f 835 836 935
f 836 936 935
f 836 837 936
f 837 937 936
f 837 838 937
f 838 938 937
f 838 839 938
f 839 939 938
f 839 840 939
f 840 940 939
f 840 841 940
f 841 941 940
f 841 842 941
f 842 942 941
f 842 843 942
f 843 943 942
f 843 844 943
f 844 944 943
f 844 845 944
f 845 945 944
f 845 846 945
f 846 946 945
f 846 847 946
f 847 947 946
f 847 848 947
f 848 948 947
f 848 849 948
f 849 949 948
f 849 850 949
f 850 950 949
f 850 851 950
f 851 951 950
f 851 852 951
f 852 952 951
f 852 853 952
f 853 953 952
f 853 854 953
f 854 954 953
f 854 855 954
f 855 955 954
f 855 856 955
f 856 956 955
f 856 857 956
f 857 957 956
f 857 858 957
f 858 958 957
f 858 859 958
f 859 959 958
f 859 860 959
f 860 960 959
f 860 861 960
f 861 961 960
f 861 862 961
f 862 962 961
f 862 863 962
f 863 963 962
f 863 864 963
f 864 964 963
f 864 865 964
f 865 965 964
f 865 866 965
f 866 966 965
f 866 867 966
f 867 967 966
f 867 868 967
f 868 968 967
f 868 869 968
f 869 969 968
f 869 870 969
f 870 970 969
f 870 871 970
f 871 971 970
f 871 872 971
f 872 972 971
f 872 873 972
f 873 973 972
f 873 874 973
f 874 974 973
f 874 875 974
f 875 975 974
f 875 876 975
f 876 976 975
f 876 877 976
f 877 977 976
f 877 878 977
f 878 978 977
f 878 879 978
f 879 979 978
f 879 880 979
f 880 980 979
f 880 881 980
f 881 981 980
f 881 882 981
f 882 982 981
f 882 883 982
f 883 983 982
f 883 884 983
f 884 984 983
f 884 885 984
f 885 985 984
f 885 886 985
f 886 986 985
f 886 887 986
f 887 987 986
f 887 888 987
f 888 988 987
f 888 889 988
f 889 989 988
f 889 890 989
f 890 990 989
f 890 891 990
f 891 991 990
f 891 892 991
f 892 992 991
f 892 893 992
f 893 993 992
f 893 894 993
f 894 994 993
f 894 895 994
f 895 995 994
f 895 896 995
f 896 996 995
f 896 897 996
f 897 997 996
f 897 898 997
f 898 998 997
f 898 899 998
f 899 999 998
f 899 900 999
f 900 1000 999
f 901 902 1001
f 902 1002 1001
f 902 903 1002
f 903 1003 1002
f 903 904 1003
f 904 1004 1003
f 904 905 1004
f 905 1005 1004
f 905 906 1005
f 906 1006 1005
f 906 907 1006
f 907 1007 1006
f 907 908 1007
f 908 1008 1007
f 908 909 1008
f 909 1009 1008
f 909 910 1009
f 910 1010 1009
f 910 911 1010
f 911 1011 1010
f 911 912 1011
f 912 1012 1011
f 912 913 1012
f 913 1013 1012
f 913 914 1013
f 914 1014 1013
f 914 915 1014
f 915 1015 1014
f 915 916 1015
f 916 1016 1015
f 916 917 1016
f 917 1017 1016
f 917 918 1017
f 918 1018 1017
f 918 919 1018
f 919 1019 1018
f 919 920 1019
f 920 1020 1019
f 920 921 1020
f 921 1021 1020
f 921 922 1021
f 922 1022 1021
f 922 923 1022
f 923 1023 1022
f 923 924 1023
f 924 1024 1023
f 924 925 1024
f 925 1025 1024
f 925 926 1025
f 926 1026 1025
f 926 927 1026
f 927 1027 1026
f 927 928 1027
f 928 1028 1027
f 928 929 1028
f 929 1029 1028
f 929 930 1029
f 930 1030 1029
f 930 931 1030
f 931 1031 1030
f 931 932 1031
f 932 1032 1031
f 932 933 1032
f 933 1033 1032
f 933 934 1033
f 934 1034 1033
f 934 935 1034
f 935 1035 1034
f 935 936 1035
f 936 1036 1035
f 936 937 1036
f 937 1037 1036
f 937 938 1037
f 938 1038 1037
f 938 939 1038
f 939 1039 1038
f 939 940 1039
f 940 1040 1039
f 940 941 1040
f 941 1041 1040
f 941 942 1041
f 942 1042 1041
f 942 943 1042
f 943 1043 1042
f 943 944 1043
f 944 1044 1043
f 944 945 1044
f 945 1045 1044
f 945 946 1045
f 946 1046 1045
f 946 947 1046
f 947 1047 1046
f 947 948 1047
f 948 1048 1047
f 948 949 1048
f 949 1049 1048
f 949 950 1049
f 950 1050 1049
f 950 951 1050
f 951 1051 1050
f 951 952 1051
f 952 1052 1051
f 952 953 1052
f 953 1053 1052
f 953 954 1053
f 954 1054 1053
f 954 955 1054
f 955 1055 1054
f 955 956 1055
f 956 1056 1055
f 956 957 1056
f 957 1057 1056
f 957 958 1057
f 958 1058 1057
f 958 959 1058
f 959 1059 1058
f 959 960 1059
f 960 1060 1059
f 960 961 1060
f 961 1061 1060
f 961 962 1061
f 962 1062 1061
f 962 963 1062
f 963 1063 1062
f 963 964 1063
f 964 1064 1063
f 964 965 1064
f 965 1065 1064
f 965 966 1065
f 966 1066 1065
f 966 967 1066
f 967 1067 1066
f 967 968 1067
f 968 1068 1067
f 968 969 1068
f 969 1069 1068
f 969 970 1069
f 970 1070 1069
f 970 971 1070
f 971 1071 1070
f 971 972 1071
f 972 1072 1071
f 972 973 1072
f 973 1073 1072
f 973 974 1073
f 974 1074 1073
f 974 975 1074
f 975 1075 1074
f 975 976 1075
f 976 1076 1075
f 976 977 1076
f 977 1077 1076
f 977 978 1077
f 978 1078 1077
f 978 979 1078
f 979 1079 1078
f 979 980 1079
f 980 1080 1079
f 980 981 1080
f 981 1081 1080
f 981 982 1081
f 982 1082 1081
f 982 983 1082
f 983 1083 1082
f 983 984 1083
f 984 1084 1083
f 984 985 1084
f 985 1085 1084
f 985 986 1085
f 986 1086 1085
f 986 987 1086
f 987 1087 1086
f 987 988 1087
f 988 1088 1087
f 988 989 1088
f 989 1089 1088
f 989 990 1089
f 990 1090 1089
f 990 991 1090
f 991 1091 1090
f 991 992 1091
f 992 1092 1091
f 992 993 1092
f 993 1093 1092
f 993 994 1093
f 994 1094 1093
f 994 995 1094
f 995 1095 1094
f 995 996 1095
f 996 1096 1095
f 996 997 1096
f 997 1097 1096
f 997 998 1097
f 998 1098 1097
f 998 999 1098
f 999 1099 1098
f 999 1000 1099
f 1000 1100 1099
f 1001 1002 1101
f 1002 1102 1101
f 1002 1003 1102
f 1003 1103 1102
f 1003 1004 1103
f 1004 1104 1103
f 1004 1005 1104
f 1005 1105 1104
f 1005 1006 1105
f 1006 1106 1105
f 1006 1007 1106
f 1007 1107 1106
f 1007 1008 1107
f 1008 1108 1107
f 1008 1009 1108
f 1009 1109 1108
f 1009 1010 1109
f 1010 1110 1109
f 1010 1011 1110
f 1011 1111 1110
f 1011 1012 1111
f 1012 1112 1111
f 1012 1013 1112
f 1013 1113 1112
f 1013 1014 1113
f 1014 1114 1113
f 1014 1015 1114
f 1015 1115 1114
f 1015 1016 1115
f 1016 1116 1115
f 1016 1017 1116
f 1017 1117 1116
f 1017 1018 1117
f 1018 1118 1117
f 1018 1019 1118
f 1019 1119 1118
f 1019 1020 1119
f 1020 1120 1119
f 1020 1021 1120
f 1021 1121 1120
f 1021 1022 1121
f 1022 1122 1121
f 1022 1023 1122
f 1023 1123 1122
f 1023 1024 1123
f 1024 1124 1123
f 1024 1025 1124
f 1025 1125 1124
f 1025 1026 1125
f 1026 1126 1125
f 1026 1027 1126
f 1027 1127 1126
f 1027 1028 1127
f 1028 1128 1127
f 1028 1029 1128
f 1029 1129 1128
f 1029 1030 1129
f 1030 1130 1129
f 1030 1031 1130
f 1031 1131 1130
f 1031 1032 1131
f 1032 1132 1131
f 1032 1033 1132
f 1033 1133 1132
f 1033 1034 1133
f 1034 1134 1133
f 1034 1035 1134
f 1035 1135 1134
f 1035 1036 1135
f 1036 1136 1135
f 1036 1037 1136
f 1037 1137 1136
f 1037 1038 1137
f 1038 1138 1137
f 1038 1039 1138
f 1039 1139 1138
f 1039 1040 1139
f 1040 1140 1139
f 1040 1041 1140
f 1041 1141 1140
f 1041 1042 1141
f 1042 1142 1141
f 1042 1043 1142
f 1043 1143 1142
f 1043 1044 1143
f 1044 1144 1143
f 1044 1045 1144
f 1045 1145 1144
f 1045 1046 1145
f 1046 1146 1145
f 1046 1047 1146
f 1047 1147 1146
f 1047 1048 1147
f 1048 1148 1147
f 1048 1049 1148
f 1049 1149 1148
f 1049 1050 1149
f 1050 1150 1149
f 1050 1051 1150
f 1051 1151 1150
f 1051 1052 1151
f 1052 1152 1151
f 1052 1053 1152
f 1053 1153 1152
f 1053 1054 1153
f 1054 1154 1153
f 1054 1055 1154
f 1055 1155 1154
f 1055 1056 1155
f 1056 1156 1155
f 1056 1057 1156
f 1057 1157 1156
f 1057 1058 1157
f 1058 1158 1157
f 1058 1059 1158
f 1059 1159 1158
f 1059 1060 1159
f 1060 1160 1159
f 1060 1061 1160
f 1061 1161 1160
f 1061 1062 1161
f 1062 1162 1161
f 1062 1063 1162
f 1063 1163 1162
f 1063 1064 1163
f 1064 1164 1163
f 1064 1065 1164
f 1065 1165 1164
f 1065 1066 1165
f 1066 1166 1165
f 1066 1067 1166
f 1067 1167 1166
f 1067 1068 1167
f 1068 1168 1167
f 1068 1069 1168
f 1069 1169 1168
f 1069 1070 1169
f 1070 1170 1169
f 1070 1071 1170
f 1071 1171 1170
f 1071 1072 1171
f 1072 1172 1171
f 1072 1073 1172
f 1073 1173 1172
f 1073 1074 1173
f 1074 1174 1173
f 1074 1075 1174
f 1075 1175 1174
f 1075 1076 1175
f 1076 1176 1175
f 1076 1077 1176
f 1077 1177 1176
f 1077 1078 1177
f 1078 1178 1177
f 1078 1079 1178
f 1079 1179 1178
f 1079 1080 1179
f 1080 1180 1179
f 1080 1081 1180
f 1081 1181 1180
f 1081 1082 1181
f 1082 1182 1181
f 1082 1083 1182
f 1083 1183 1182
f 1083 1084 1183
f 1084 1184 1183
f 1084 1085 1184
f 1085 1185 1184
f 1085 1086 1185
f 1086 1186 1185
f 1086 1087 1186
f 1087 1187 1186
f 1087 1088 1187
f 1088 1188 1187
f 1088 1089 1188
f 1089 1189 1188
f 1089 1090 1189
f 1090 1190 1189
f 1090 1091 1190
f 1091 1191 1190
f 1091 1092 1191
f 1092 1192 1191
f 1092 1093 1192
f 1093 1193 1192
f 1093 1094 1193
f 1094 1194 1193
f 1094 1095 1194
f 1095 1195 1194
f 1095 1096 1195
f 1096 1196 1195
f 1096 1097 1196
f 1097 1197 1196
f 1097 1098 1197
f 1098 1198 1197
f 1098 1099 1198
f 1099 1199 1198
f 1099 1100 1199
f 1100 1200 1199
f 1101 1102 1201
f 1102 1202 1201
f 1102 1103 1202
f 1103 1203 1202
f 1103 1104 1203
f 1104 1204 1203
f 1104 1105 1204
f 1105 1205 1204
f 1105 1106 1205
f 1106 1206 1205
f 1106 1107 1206
f 1107 1207 1206
f 1107 1108 1207
f 1108 1208 1207
f 1108 1109 1208
f 1109 1209 1208
f 1109 1110 1209
f 1110 1210 1209
f 1110 1111 1210
f 1111 1211 1210
f 1111 1112 1211
f 1112 1212 1211
f 1112 1113 1212
f 1113 1213 1212
f 1113 1114 1213
f 1114 1214 1213
f 1114 1115 1214
f 1115 1215 1214
f 1115 1116 1215
f 1116 1216 1215
f 1116 1117 1216
f 1117 1217 1216
f 1117 1118 1217
f 1118 1218 1217
f 1118 1119 1218
f 1119 1219 1218
f 1119 1120 1219
f 1120 1220 1219
f 1120 1121 1220
f 1121 1221 1220
f 1121 1122 1221
f 1122 1222 1221
f 1122 1123 1222
f 1123 1223 1222
f 1123 1124 1223
f 1124 1224 1223
f 1124 1125 1224
f 1125 1225 1224
f 1125 1126 1225
f 1126 1226 1225
f 1126 1127 1226
f 1127 1227 1226
f 1127 1128 1227
f 1128 1228 1227
f 1128 1129 1228
f 1129 1229 1228
f 1129 1130 1229
f 1130 1230 1229
f 1130 1131 1230
f 1131 1231 1230
f 1131 1132 1231
f 1132 1232 1231
f 1132 1133 1232
f 1133 1233 1232
f 1133 1134 1233
f 1134 1234 1233
f 1134 1135 1234
f 1135 1235 1234
f 1135 1136 1235
f 1136 1236 1235
f 1136 1137 1236
f 1137 1237 1236
f 1137 1138 1237
f 1138 1238 1237
f 1138 1139 1238
f 1139 1239 1238
f 1139 1140 1239
f 1140 1240 1239
f 1140 1141 1240
f 1141 1241 1240
f 1141 1142 1241
f 1142 1242 1241
f 1142 1143 1242
f 1143 1243 1242
f 1143 1144 1243
f 1144 1244 1243
f 1144 1145 1244
f 1145 1245 1244
f 1145 1146 1245
f 1146 1246 1245
f 1146 1147 1246
f 1147 1247 1246
f 1147 1148 1247
f 1148 1248 1247
f 1148 1149 1248
f 1149 1249 1248
f 1149 1150 1249
f 1150 1250 1249
f 1150 1151 1250
f 1151 1251 1250
f 1151 1152 1251
f 1152 1252 1251
f 1152 1153 1252
f 1153 1253 1252
f 1153 1154 1253
f 1154 1254 1253
f 1154 1155 1254
f 1155 1255 1254
f 1155 1156 1255
f 1156 1256 1255
f 1156 1157 1256
f 1157 1257 1256
f 1157 1158 1257
f 1158 1258 1257
f 1158 1159 1258
f 1159 1259 1258
f 1159 1160 1259
f 1160 1260 1259
f 1160 1161 1260
f 1161 1261 1260
f 1161 1162 1261
f 1162 1262 1261
f 1162 1163 1262
f 1163 1263 1262
f 1163 1164 1263
f 1164 1264 1263
f 1164 1165 1264
f 1165 1265 1264
f 1165 1166 1265
f 1166 1266 1265
f 1166 1167 1266
f 1167 1267 1266
f 1167 1168 1267
f 1168 1268 1267
f 1168 1169 1268
f 1169 1269 1268
f 1169 1170 1269
f 1170 1270 1269
f 1170 1171 1270
f 1171 1271 1270
f 1171 1172 1271
f 1172 1272 1271
f 1172 1173 1272
f 1173 1273 1272
f 1173 1174 1273
f 1174 1274 1273
f 1174 1175 1274
f 1175 1275 1274
f 1175 1176 1275
f 1176 1276 1275
f 1176 1177 1276
f 1177 1277 1276
f 1177 1178 1277
f 1178 1278 1277
f 1178 1179 1278
f 1179 1279 1278
f 1179 1180 1279
f 1180 1280 1279
f 1180 1181 1280
f 1181 1281 1280
f 1181 1182 1281
f 1182 1282 1281
f 1182 1183 1282
f 1183 1283 1282
f 1183 1184 1283
f 1184 1284 1283
f 1184 1185 1284
f 1185 1285 1284
f 1185 1186 1285
f 1186 1286 1285
f 1186 1187 1286
f 1187 1287 1286
f 1187 1188 1287
f 1188 1288 1287
f 1188 1189 1288
f 1189 1289 1288
f 1189 1190 1289
f 1190 1290 1289
f 1190 1191 1290
f 1191 1291 1290
f 1191 1192 1291
f 1192 1292 1291
f 1192 1193 1292
f 1193 1293 1292
f 1193 1194 1293
f 1194 1294 1293
f 1194 1195 1294
f 1195 1295 1294
f 1195 1196 1295
f 1196 1296 1295
f 1196 1197 1296
f 1197 1297 1296
f 1197 1198 1297
f 1198 1298 1297
f 1198 1199 1298
f 1199 1299 1298
f 1199 1200 1299
f 1200 1300 1299
f 1201 1202 1301
f 1202 1302 1301
f 1202 1203 1302
f 1203 1303 1302
f 1203 1204 1303
f 1204 1304 1303
f 1204 1205 1304
f 1205 1305 1304
f 1205 1206 1305
f 1206 1306 1305
f 1206 1207 1306
f 1207 1307 1306
f 1207 1208 1307
f 1208 1308 1307
f 1208 1209 1308
f 1209 1309 1308
f 1209 1210 1309
f 1210 1310 1309
f 1210 1211 1310
f 1211 1311 1310
f 1211 1212 1311
f 1212 1312 1311
f 1212 1213 1312
f 1213 1313 1312
f 1213 1214 1313
f 1214 1314 1313
f 1214 1215 1314
f 1215 1315 1314
f 1215 1216 1315
f 1216 1316 1315
f 1216 1217 1316
f 1217 1317 1316
f 1217 1218 1317
f 1218 1318 1317
f 1218 1219 1318
f 1219 1319 1318
f 1219 1220 1319
f 1220 1320 1319
f 1220 1221 1320
f 1221 1321 1320
f 1221 1222 1321
f 1222 1322 1321
f 1222 1223 1322
f 1223 1323 1322
f 1223 1224 1323
f 1224 1324 1323
f 1224 1225 1324
f 1225 1325 1324
f 1225 1226 1325
f 1226 1326 1325
f 1226 1227 1326
f 1227 1327 1326
f 1227 1228 1327
f 1228 1328 1327
f 1228 1229 1328
f 1229 1329 1328
f 1229 1230 1329
f 1230 1330 1329
f 1230 1231 1330
f 1231 1331 1330
f 1231 1232 1331
f 1232 1332 1331
f 1232 1233 1332
f 1233 1333 1332
f 1233 1234 1333
f 1234 1334 1333
f 1234 1235 1334
f 1235 1335 1334
f 1235 1236 1335
f 1236 1336 1335
f 1236 1237 1336
f 1237 1337 1336
f 1237 1238 1337
f 1238 1338 1337
f 1238 1239 1338
f 1239 1339 1338
f 1239 1240 1339
f 1240 1340 1339
f 1240 1241 1340
f 1241 1341 1340
f 1241 1242 1341
f 1242 1342 1341
f 1242 1243 1342
f 1243 1343 1342
f 1243 1244 1343
f 1244 1344 1343
f 1244 1245 1344
f 1245 1345 1344
f 1245 1246 1345
f 1246 1346 1345
f 1246 1247 1346
f 1247 1347 1346
f 1247 1248 1347
f 1248 1348 1347
f 1248 1249 1348
f 1249 1349 1348
f 1249 1250 1349
f 1250 1350 1349
f 1250 1251 1350
f 1251 1351 1350
f 1251 1252 1351
f 1252 1352 1351
f 1252 1253 1352
f 1253 1353 1352
f 1253 1254 1353
f 1254 1354 1353
f 1254 1255 1354
f 1255 1355 1354
f 1255 1256 1355
f 1256 1356 1355
f 1256 1257 1356
f 1257 1357 1356
f 1257 1258 1357
f 1258 1358 1357
f 1258 1259 1358
f 1259 1359 1358
f 1259 1260 1359
f 1260 1360 1359
f 1260 1261 1360
f 1261 1361 1360
f 1261 1262 1361
f 1262 1362 1361
f 1262 1263 1362
f 1263 1363 1362
f 1263 1264 1363
f 1264 1364 1363
f 1264 1265 1364
f 1265 1365 1364
f 1265 1266 1365
f 1266 1366 1365
f 1266 1267 1366
f 1267 1367 1366
f 1267 1268 1367
f 1268 1368 1367
f 1268 1269 1368
f 1269 1369 1368
f 1269 1270 1369
f 1270 1370 1369
f 1270 1271 1370
f 1271 1371 1370
f 1271 1272 1371
f 1272 1372 1371
f 1272 1273 1372
f 1273 1373 1372
f 1273 1274 1373
f 1274 1374 1373
f 1274 1275 1374
f 1275 1375 1374
f 1275 1276 1375
f 1276 1376 1375
f 1276 1277 1376
f 1277 1377 1376
f 1277 1278 1377
f 1278 1378 1377
f 1278 1279 1378
f 1279 1379 1378
f 1279 1280 1379
f 1280 1380 1379
f 1280 1281 1380
f 1281 1381 1380
f 1281 1282 1381
f 1282 1382 1381
f 1282 1283 1382
f 1283 1383 1382
f 1283 1284 1383
f 1284 1384 1383
f 1284 1285 1384
f 1285 1385 1384
f 1285 1286 1385
f 1286 1386 1385
f 1286 1287 1386
f 1287 1387 1386
f 1287 1288 1387
f 1288 1388 1387
f 1288 1289 1388
f 1289 1389 1388
f 1289 1290 1389
f 1290 1390 1389
f 1290 1291 1390
f 1291 1391 1390
f 1291 1292 1391
f 1292 1392 1391
f 1292 1293 1392
f 1293 1393 1392
f 1293 1294 1393
f 1294 1394 1393
f 1294 1295 1394
f 1295 1395 1394
f 1295 1296 1395
f 1296 1396 1395
f 1296 1297 1396
f 1297 1397 1396
f 1297 1298 1397
f 1298 1398 1397
f 1298 1299 1398
f 1299 1399 1398
f 1299 1300 1399
f 1300 1400 1399
f 1301 1302 1401
f 1302 1402 1401
f 1302 1303 1402
f 1303 1403 1402
f 1303 1304 1403
f 1304 1404 1403
f 1304 1305 1404
f 1305 1405 1404
f 1305 1306 1405
f 1306 1406 1405
f 1306 1307 1406
f 1307 1407 1406
f 1307 1308 1407
f 1308 1408 1407
f 1308 1309 1408
f 1309 1409 1408
f 1309 1310 1409
f 1310 1410 1409
f 1310 1311 1410
f 1311 1411 1410
f 1311 1312 1411
f 1312 1412 1411
f 1312 1313 1412
f 1313 1413 1412
f 1313 1314 1413
f 1314 1414 1413
f 1314 1315 1414
f 1315 1415 1414
f 1315 1316 1415
f 1316 1416 1415
f 1316 1317 1416
f 1317 1417 1416
f 1317 1318 1417
f 1318 1418 1417
f 1318 1319 1418
f 1319 1419 1418
f 1319 1320 1419
f 1320 1420 1419
f 1320 1321 1420
f 1321 1421 1420
f 1321 1322 1421
f 1322 1422 1421
f 1322 1323 1422
f 1323 1423 1422
f 1323 1324 1423
f 1324 1424 1423
f 1324 1325 1424
f 1325 1425 1424
f 1325 1326 1425
f 1326 1426 1425
f 1326 1327 1426
f 1327 1427 1426
f 1327 1328 1427
f 1328 1428 1427
f 1328 1329 1428
f 1329 1429 1428
f 1329 1330 1429
f 1330 1430 1429
f 1330 1331 1430
f 1331 1431 1430
f 1331 1332 1431
f 1332 1432 1431
f 1332 1333 1432
f 1333 1433 1432
f 1333 1334 1433
f 1334 1434 1433
f 1334 1335 1434
f 1335 1435 1434
f 1335 1336 1435
f 1336 1436 1435
f 1336 1337 1436
f 1337 1437 1436
f 1337 1338 1437
f 1338 1438 1437
f 1338 1339 1438
f 1339 1439 1438
f 1339 1340 1439
f 1340 1440 1439
f 1340 1341 1440
f 1341 1441 1440
f 1341 1342 1441
f 1342 1442 1441
f 1342 1343 1442
f 1343 1443 1442
f 1343 1344 1443
f 1344 1444 1443
f 1344 1345 1444
f 1345 1445 1444
f 1345 1346 1445
f 1346 1446 1445
f 1346 1347 1446
f 1347 1447 1446
f 1347 1348 1447
f 1348 1448 1447
f 1348 1349 1448
f 1349 1449 1448
f 1349 1350 1449
f 1350 1450 1449
f 1350 1351 1450
f 1351 1451 1450
f 1351 1352 1451
f 1352 1452 1451
f 1352 1353 1452
f 1353 1453 1452
f 1353 1354 1453
f 1354 1454 1453
f 1354 1355 1454
f 1355 1455 1454
f 1355 1356 1455
f 1356 1456 1455
f 1356 1357 1456
f 1357 1457 1456
f 1357 1358 1457
f 1358 1458 1457
f 1358 1359 1458
f 1359 1459 1458
f 1359 1360 1459
f 1360 1460 1459
f 1360 1361 1460
f 1361 1461 1460
f 1361 1362 1461
f 1362 1462 1461
f 1362 1363 1462
f 1363 1463 1462
f 1363 1364 1463
f 1364 1464 1463
f 1364 1365 1464
f 1365 1465 1464
f 1365 1366 1465
f 1366 1466 1465
f 1366 1367 1466
f 1367 1467 1466
f 1367 1368 1467
f 1368 1468 1467
f 1368 1369 1468
f 1369 1469 1468
f 1369 1370 1469
f 1370 1470 1469
f 1370 1371 1470
f 1371 1471 1470
f 1371 1372 1471
f 1372 1472 1471
f 1372 1373 1472
f 1373 1473 1472
f 1373 1374 1473
f 1374 1474 1473
f 1374 1375 1474
f 1375 1475 1474
f 1375 1376 1475
f 1376 1476 1475
f 1376 1377 1476
f 1377 1477 1476
f 1377 1378 1477
f 1378 1478 1477
f 1378 1379 1478
f 1379 1479 1478
f 1379 1380 1479
f 1380 1480 1479
f 1380 1381 1480
f 1381 1481 1480
f 1381 1382 1481
f 1382 1482 1481
f 1382 1383 1482
f 1383 1483 1482
f 1383 1384 1483
f 1384 1484 1483
f 1384 1385 1484
f 1385 1485 1484
f 1385 1386 1485
f 1386 1486 1485
f 1386 1387 1486
f 1387 1487 1486
f 1387 1388 1487
f 1388 1488 1487
f 1388 1389 1488
f 1389 1489 1488
f 1389 1390 1489
f 1390 1490 1489
f 1390 1391 1490
f 1391 1491 1490
f 1391 1392 1491
f 1392 1492 1491
f 1392 1393 1492
f 1393 1493 1492
f 1393 1394 1493
f 1394 1494 1493
f 1394 1395 1494
f 1395 1495 1494
f 1395 1396 1495
f 1396 1496 1495
f 1396 1397 1496
f 1397 1497 1496
f 1397 1398 1497
f 1398 1498 1497
f 1398 1399 1498
f 1399 1499 1498
f 1399 1400 1499
f 1400 1500 1499
f 1401 1402 1501
f 1402 1502 1501
f 1402 1403 1502
f 1403 1503 1502
f 1403 1404 1503
f 1404 1504 1503
f 1404 1405 1504
f 1405 1505 1504
f 1405 1406 1505
f 1406 1506 1505
f 1406 1407 1506
f 1407 1507 1506
f 1407 1408 1507
f 1408 1508 1507
f 1408 1409 1508
f 1409 1509 1508
f 1409 1410 1509
f 1410 1510 1509
f 1410 1411 1510
f 1411 1511 1510
f 1411 1412 1511
f 1412 1512 1511
f 1412 1413 1512
f 1413 1513 1512
f 1413 1414 1513
f 1414 1514 1513
f 1414 1415 1514
f 1415 1515 1514
f 1415 1416 1515
f 1416 1516 1515
f 1416 1417 1516
f 1417 1517 1516
f 1417 1418 1517
f 1418 1518 1517
f 1418 1419 1518
f 1419 1519 1518
f 1419 1420 1519
f 1420 1520 1519
f 1420 1421 1520
f 1421 1521 1520
f 1421 1422 1521
f 1422 1522 1521
f 1422 1423 1522
f 1423 1523 1522
f 1423 1424 1523
f 1424 1524 1523
f 1424 1425 1524
f 1425 1525 1524
f 1425 1426 1525
f 1426 1526 1525
f 1426 1427 1526
f 1427 1527 1526
f 1427 1428 1527
f 1428 1528 1527
f 1428 1429 1528
f 1429 1529 1528
f 1429 1430 1529
f 1430 1530 1529
f 1430 1431 1530
f 1431 1531 1530
f 1431 1432 1531
f 1432 1532 1531
f 1432 1433 1532
f 1433 1533 1532
f 1433 1434 1533
f 1434 1534 1533
f 1434 1435 1534
f 1435 1535 1534
f 1435 1436 1535
f 1436 1536 1535
f 1436 1437 1536
f 1437 1537 1536
f 1437 1438 1537
f 1438 1538 1537
f 1438 1439 1538
f 1439 1539 1538
f 1439 1440 1539
f 1440 1540 1539
f 1440 1441 1540
f 1441 1541 1540
f 1441 1442 1541
f 1442 1542 1541
f 1442 1443 1542
f 1443 1543 1542
f 1443 1444 1543
f 1444 1544 1543
f 1444 1445 1544
f 1445 1545 1544
f 1445 1446 1545
f 1446 1546 1545
f 1446 1447 1546
f 1447 1547 1546
f 1447 1448 1547
f 1448 1548 1547
f 1448 1449 1548
f 1449 1549 1548
f 1449 1450 1549
f 1450 1550 1549
f 1450 1451 1550
f 1451 1551 1550
f 1451 1452 1551
f 1452 1552 1551
f 1452 1453 1552
f 1453 1553 1552
f 1453 1454 1553
f 1454 1554 1553
f 1454 1455 1554
f 1455 1555 1554
f 1455 1456 1555
f 1456 1556 1555
f 1456 1457 1556
f 1457 1557 1556
f 1457 1458 1557
f 1458 1558 1557
f 1458 1459 1558
f 1459 1559 1558
f 1459 1460 1559
f 1460 1560 1559
f 1460 1461 1560
f 1461 1561 1560
f 1461 1462 1561
f 1462 1562 1561
f 1462 1463 1562
f 1463 1563 1562
f 1463 1464 1563
f 1464 1564 1563
f 1464 1465 1564
f 1465 1565 1564
f 1465 1466 1565
f 1466 1566 1565
f 1466 1467 1566
f 1467 1567 1566
f 1467 1468 1567
f 1468 1568 1567
f 1468 1469 1568
f 1469 1569 1568
f 1469 1470 1569
f 1470 1570 1569
f 1470 1471 1570
f 1471 1571 1570
f 1471 1472 1571
f 1472 1572 1571
f 1472 1473 1572
f 1473 1573 1572
f 1473 1474 1573
f 1474 1574 1573
f 1474 1475 1574
f 1475 1575 1574
f 1475 1476 1575
f 1476 1576 1575
f 1476 1477 1576
f 1477 1577 1576
f 1477 1478 1577
f 1478 1578 1577
f 1478 1479 1578
f 1479 1579 1578
f 1479 1480 1579
f 1480 1580 1579
f 1480 1481 1580
f 1481 1581 1580
f 1481 1482 1581
f 1482 1582 1581
f 1482 1483 1582
f 1483 1583 1582
f 1483 1484 1583
f 1484 1584 1583
f 1484 1485 1584
f 1485 1585 1584
f 1485 1486 1585
f 1486 1586 1585
f 1486 1487 1586
f 1487 1587 1586
f 1487 1488 1587
f 1488 1588 1587
f 1488 1489 1588
f 1489 1589 1588
f 1489 1490 1589
f 1490 1590 1589
f 1490 1491 1590
f 1491 1591 1590
f 1491 1492 1591
f 1492 1592 1591
f 1492 1493 1592
f 1493 1593 1592
f 1493 1494 1593
f 1494 1594 1593
f 1494 1495 1594
f 1495 1595 1594
f 1495 1496 1595
f 1496 1596 1595
f 1496 1497 1596
f 1497 1597 1596
f 1497 1498 1597
f 1498 1598 1597
f 1498 1499 1598
f 1499 1599 1598
f 1499 1500 1599
f 1500 1600 1599
f 1501 1502 1601
f 1502 1602 1601
f 1502 1503 1602
f 1503 1603 1602
f 1503 1504 1603
f 1504 1604 1603
f 1504 1505 1604
f 1505 1605 1604
f 1505 1506 1605
f 1506 1606 1605
f 1506 1507 1606
f 1507 1607 1606
f 1507 1508 1607
f 1508 1608 1607
f 1508 1509 1608
f 1509 1609 1608
f 1509 1510 1609
f 1510 1610 1609
f 1510 1511 1610
f 1511 1611 1610
f 1511 1512 1611
f 1512 1612 1611
f 1512 1513 1612
f 1513 1613 1612
f 1513 1514 1613
f 1514 1614 1613
f 1514 1515 1614
f 1515 1615 1614
f 1515 1516 1615
f 1516 1616 1615
f 1516 1517 1616
f 1517 1617 1616
f 1517 1518 1617
f 1518 1618 1617
f 1518 1519 1618
f 1519 1619 1618
f 1519 1520 1619
f 1520 1620 1619
f 1520 1521 1620
f 1521 1621 1620
f 1521 1522 1621
f 1522 1622 1621
f 1522 1523 1622
f 1523 1623 1622
f 1523 1524 1623
f 1524 1624 1623
f 1524 1525 1624
f 1525 1625 1624
f 1525 1526 1625
f 1526 1626 1625
f 1526 1527 1626
f 1527 1627 1626
f 1527 1528 1627
f 1528 1628 1627
f 1528 1529 1628
f 1529 1629 1628
f 1529 1530 1629
f 1530 1630 1629
f 1530 1531 1630
f 1531 1631 1630
f 1531 1532 1631
f 1532 1632 1631
f 1532 1533 1632
f 1533 1633 1632
f 1533 1534 1633
f 1534 1634 1633
f 1534 1535 1634
f 1535 1635 1634
f 1535 1536 1635
f 1536 1636 1635
f 1536 1537 1636
f 1537 1637 1636
f 1537 1538 1637
f 1538 1638 1637
f 1538 1539 1638
f 1539 1639 1638
f 1539 1540 1639
f 1540 1640 1639
f 1540 1541 1640
f 1541 1641 1640
f 1541 1542 1641
f 1542 1642 1641
f 1542 1543 1642
f 1543 1643 1642
f 1543 1544 1643
f 1544 1644 1643
f 1544 1545 1644
f 1545 1645 1644
f 1545 1546 1645
f 1546 1646 1645
f 1546 1547 1646
f 1547 1647 1646
f 1547 1548 1647
f 1548 1648 1647
f 1548 1549 1648
f 1549 1649 1648
f 1549 1550 1649
f 1550 1650 1649
f 1550 1551 1650
f 1551 1651 1650
f 1551 1552 1651
f 1552 1652 1651
f 1552 1553 1652
f 1553 1653 1652
f 1553 1554 1653
f 1554 1654 1653
f 1554 1555 1654
f 1555 1655 1654
f 1555 1556 1655
f 1556 1656 1655
f 1556 1557 1656
f 1557 1657 1656
f 1557 1558 1657
f 1558 1658 1657
f 1558 1559 1658
f 1559 1659 1658
f 1559 1560 1659
f 1560 1660 1659
f 1560 1561 1660
f 1561 1661 1660
f 1561 1562 1661
f 1562 1662 1661
f 1562 1563 1662
f 1563 1663 1662
f 1563 1564 1663
f 1564 1664 1663
f 1564 1565 1664
f 1565 1665 1664
f 1565 1566 1665
f 1566 1666 1665
f 1566 1567 1666
f 1567 1667 1666
f 1567 1568 1667
f 1568 1668 1667
f 1568 1569 1668
f 1569 1669 1668
f 1569 1570 1669
f 1570 1670 1669
f 1570 1571 1670
f 1571 1671 1670
f 1571 1572 1671
f 1572 1672 1671
f 1572 1573 1672
f 1573 1673 1672
f 1573 1574 1673
f 1574 1674 1673
f 1574 1575 1674
f 1575 1675 1674
f 1575 1576 1675
f 1576 1676 1675
f 1576 1577 1676
f 1577 1677 1676
f 1577 1578 1677
f 1578 1678 1677
f 1578 1579 1678
f 1579 1679 1678
f 1579 1580 1679
f 1580 1680 1679
f 1580 1581 1680
f 1581 1681 1680
f 1581 1582 1681
f 1582 1682 1681
f 1582 1583 1682
f 1583 1683 1682
f 1583 1584 1683
f 1584 1684 1683
f 1584 1585 1684
f 1585 1685 1684
f 1585 1586 1685
f 1586 1686 1685
f 1586 1587 1686
f 1587 1687 1686
f 1587 1588 1687
f 1588 1688 1687
f 1588 1589 1688
f 1589 1689 1688
f 1589 1590 1689
f 1590 1690 1689
f 1590 1591 1690
f 1591 1691 1690
f 1591 1592 1691
f 1592 1692 1691
f 1592 1593 1692
f 1593 1693 1692
f 1593 1594 1693
f 1594 1694 1693
f 1594 1595 1694
f 1595 1695 1694
f 1595 1596 1695
f 1596 1696 1695
f 1596 1597 1696
f 1597 1697 1696
f 1597 1598 1697
f 1598 1698 1697
f 1598 1599 1698
f 1599 1699 1698
f 1599 1600 1699
f 1600 1700 1699
f 1601 1602 1701
f 1602 1702 1701
f 1602 1603 1702
f 1603 1703 1702
f 1603 1604 1703
f 1604 1704 1703
f 1604 1605 1704
f 1605 1705 1704
f 1605 1606 1705
f 1606 1706 1705
f 1606 1607 1706
f 1607 1707 1706
f 1607 1608 1707
f 1608 1708 1707
f 1608 1609 1708
f 1609 1709 1708
f 1609 1610 1709
f 1610 1710 1709
f 1610 1611 1710
f 1611 1711 1710
f 1611 1612 1711
f 1612 1712 1711
f 1612 1613 1712
f 1613 1713 1712
f 1613 1614 1713
f 1614 1714 1713
f 1614 1615 1714
f 1615 1715 1714
f 1615 1616 1715
f 1616 1716 1715
f 1616 1617 1716
f 1617 1717 1716
f 1617 1618 1717
f 1618 1718 1717
f 1618 1619 1718
f 1619 1719 1718
f 1619 1620 1719
f 1620 1720 1719
f 1620 1621 1720
f 1621 1721 1720
f 1621 1622 1721
f 1622 1722 1721
f 1622 1623 1722
f 1623 1723 1722
f 1623 1624 1723
f 1624 1724 1723
f 1624 1625 1724
f 1625 1725 1724
f 1625 1626 1725
f 1626 1726 1725
f 1626 1627 1726
f 1627 1727 1726
f 1627 1628 1727
f 1628 1728 1727
f 1628 1629 1728
f 1629 1729 1728
f 1629 1630 1729
f 1630 1730 1729
f 1630 1631 1730
f 1631 1731 1730
f 1631 1632 1731
f 1632 1732 1731
f 1632 1633 1732
f 1633 1733 1732
f 1633 1634 1733
f 1634 1734 1733
f 1634 1635 1734
f 1635 1735 1734
f 1635 1636 1735
f 1636 1736 1735
f 1636 1637 1736
f 1637 1737 1736
f 1637 1638 1737
f 1638 1738 1737
f 1638 1639 1738
f 1639 1739 1738
f 1639 1640 1739
f 1640 1740 1739
f 1640 1641 1740
f 1641 1741 1740
f 1641 1642 1741
f 1642 1742 1741
f 1642 1643 1742
f 1643 1743 1742
f 1643 1644 1743
f 1644 1744 1743
f 1644 1645 1744
f 1645 1745 1744
f 1645 1646 1745
f 1646 1746 1745
f 1646 1647 1746
f 1647 1747 1746
f 1647 1648 1747
f 1648 1748 1747
f 1648 1649 1748
f 1649 1749 1748
f 1649 1650 1749
f 1650 1750 1749
f 1650 1651 1750
f 1651 1751 1750
f 1651 1652 1751
f 1652 1752 1751
f 1652 1653 1752
f 1653 1753 1752
f 1653 1654 1753
f 1654 1754 1753
f 1654 1655 1754
f 1655 1755 1754
f 1655 1656 1755
f 1656 1756 1755
f 1656 1657 1756
f 1657 1757 1756
f 1657 1658 1757
f 1658 1758 1757
f 1658 1659 1758
f 1659 1759 1758
f 1659 1660 1759
f 1660 1760 1759
f 1660 1661 1760
f 1661 1761 1760
f 1661 1662 1761
f 1662 1762 1761
f 1662 1663 1762
f 1663 1763 1762
f 1663 1664 1763
f 1664 1764 1763
f 1664 1665 1764
f 1665 1765 1764
f 1665 1666 1765
f 1666 1766 1765
f 1666 1667 1766
f 1667 1767 1766
f 1667 1668 1767
f 1668 1768 1767
f 1668 1669 1768
f 1669 1769 1768
f 1669 1670 1769
f 1670 1770 1769
f 1670 1671 1770
f 1671 1771 1770
f 1671 1672 1771
f 1672 1772 1771
f 1672 1673 1772
f 1673 1773 1772
f 1673 1674 1773
f 1674 1774 1773
f 1674 1675 1774
f 1675 1775 1774
f 1675 1676 1775
f 1676 1776 1775
f 1676 1677 1776
f 1677 1777 1776
f 1677 1678 1777
f 1678 1778 1777
f 1678 1679 1778
f 1679 1779 1778
f 1679 1680 1779
f 1680 1780 1779
f 1680 1681 1780
f 1681 1781 1780
f 1681 1682 1781
f 1682 1782 1781
f 1682 1683 1782
f 1683 1783 1782
f 1683 1684 1783
f 1684 1784 1783
f 1684 1685 1784
f 1685 1785 1784
f 1685 1686 1785
f 1686 1786 1785
f 1686 1687 1786
f 1687 1787 1786
f 1687 1688 1787
f 1688 1788 1787
f 1688 1689 1788
f 1689 1789 1788
f 1689 1690 1789
f 1690 1790 1789
f 1690 1691 1790
f 1691 1791 1790
f 1691 1692 1791
f 1692 1792 1791
f 1692 1693 1792
f 1693 1793 1792
f 1693 1694 1793
f 1694 1794 1793
f 1694 1695 1794
f 1695 1795 1794
f 1695 1696 1795
f 1696 1796 1795
f 1696 1697 1796
f 1697 1797 1796
f 1697 1698 1797
f 1698 1798 1797
f 1698 1699 1798
f 1699 1799 1798
f 1699 1700 1799
f 1700 1800 1799
f 1701 1702 1801
f 1702 1802 1801
f 1702 1703 1802
f 1703 1803 1802
f 1703 1704 1803
f 1704 1804 1803
f 1704 1705 1804
f 1705 1805 1804
f 1705 1706 1805
f 1706 1806 1805
f 1706 1707 1806
f 1707 1807 1806
f 1707 1708 1807
f 1708 1808 1807
f 1708 1709 1808
f 1709 1809 1808
f 1709 1710 1809
f 1710 1810 1809
f 1710 1711 1810
f 1711 1811 1810
f 1711 1712 1811
f 1712 1812 1811
f 1712 1713 1812
f 1713 1813 1812
f 1713 1714 1813
f 1714 1814 1813
f 1714 1715 1814
f 1715 1815 1814
f 1715 1716 1815
f 1716 1816 1815
f 1716 1717 1816
f 1717 1817 1816
f 1717 1718 1817
f 1718 1818 1817
f 1718 1719 1818
f 1719 1819 1818
f 1719 1720 1819
f 1720 1820 1819
f 1720 1721 1820
f 1721 1821 1820
f 1721 1722 1821
f 1722 1822 1821
f 1722 1723 1822
f 1723 1823 1822
f 1723 1724 1823
f 1724 1824 1823
f 1724 1725 1824
f 1725 1825 1824
f 1725 1726 1825
f 1726 1826 1825
f 1726 1727 1826
f 1727 1827 1826
f 1727 1728 1827
f 1728 1828 1827
f 1728 1729 1828
f 1729 1829 1828
f 1729 1730 1829
f 1730 1830 1829
f 1730 1731 1830
f 1731 1831 1830
f 1731 1732 1831
f 1732 1832 1831
f 1732 1733 1832
f 1733 1833 1832
f 1733 1734 1833
f 1734 1834 1833
f 1734 1735 1834
f 1735 1835 1834
f 1735 1736 1835
f 1736 1836 1835
f 1736 1737 1836
f 1737 1837 1836
f 1737 1738 1837
f 1738 1838 1837
f 1738 1739 1838
f 1739 1839 1838
f 1739 1740 1839
f 1740 1840 1839
f 1740 1741 1840
f 1741 1841 1840
f 1741 1742 1841
f 1742 1842 1841
f 1742 1743 1842
f 1743 1843 1842
f 1743 1744 1843
f 1744 1844 1843
f 1744 1745 1844
f 1745 1845 1844
f 1745 1746 1845
f 1746 1846 1845
f 1746 1747 1846
f 1747 1847 1846
f 1747 1748 1847
f 1748 1848 1847
f 1748 1749 1848
f 1749 1849 1848
f 1749 1750 1849
f 1750 1850 1849
f 1750 1751 1850
f 1751 1851 1850
f 1751 1752 1851
f 1752 1852 1851
f 1752 1753 1852
f 1753 1853 1852
f 1753 1754 1853
f 1754 1854 1853
f 1754 1755 1854
f 1755 1855 1854
f 1755 1756 1855
f 1756 1856 1855
f 1756 1757 1856
f 1757 1857 1856
f 1757 1758 1857
f 1758 1858 1857
f 1758 1759 1858
f 1759 1859 1858
f 1759 1760 1859
f 1760 1860 1859
f 1760 1761 1860
f 1761 1861 1860
f 1761 1762 1861
f 1762 1862 1861
f 1762 1763 1862
f 1763 1863 1862
f 1763 1764 1863
f 1764 1864 1863
f 1764 1765 1864
f 1765 1865 1864
f 1765 1766 1865
f 1766 1866 1865
f 1766 1767 1866
f 1767 1867 1866
f 1767 1768 1867
f 1768 1868 1867
f 1768 1769 1868
f 1769 1869 1868
f 1769 1770 1869
f 1770 1870 1869
f 1770 1771 1870
f 1771 1871 1870
f 1771 1772 1871
f 1772 1872 1871
f 1772 1773 1872
f 1773 1873 1872
f 1773 1774 1873
f 1774 1874 1873
f 1774 1775 1874
f 1775 1875 1874
f 1775 1776 1875
f 1776 1876 1875
f 1776 1777 1876
f 1777 1877 1876
f 1777 1778 1877
f 1778 1878 1877
f 1778 1779 1878
f 1779 1879 1878
f 1779 1780 1879
f 1780 1880 1879
f 1780 1781 1880
f 1781 1881 1880
f 1781 1782 1881
f 1782 1882 1881
f 1782 1783 1882
f 1783 1883 1882
f 1783 1784 1883
f 1784 1884 1883
f 1784 1785 1884
f 1785 1885 1884
f 1785 1786 1885
f 1786 1886 1885
f 1786 1787 1886
f 1787 1887 1886
f 1787 1788 1887
f 1788 1888 1887
f 1788 1789 1888
f 1789 1889 1888
f 1789 1790 1889
f 1790 1890 1889
f 1790 1791 1890
f 1791 1891 1890
f 1791 1792 1891
f 1792 1892 1891
f 1792 1793 1892
f 1793 1893 1892
f 1793 1794 1893
f 1794 1894 1893
f 1794 1795 1894
f 1795 1895 1894
f 1795 1796 1895
f 1796 1896 1895
f 1796 1797 1896
f 1797 1897 1896
f 1797 1798 1897
f 1798 1898 1897
f 1798 1799 1898
f 1799 1899 1898
f 1799 1800 1899
f 1800 1900 1899
f 1801 1802 1901
f 1802 1902 1901
f 1802 1803 1902
f 1803 1903 1902
f 1803 1804 1903
f 1804 1904 1903
f 1804 1805 1904
f 1805 1905 1904
f 1805 1806 1905
f 1806 1906 1905
f 1806 1807 1906
f 1807 1907 1906
f 1807 1808 1907
f 1808 1908 1907
f 1808 1809 1908
f 1809 1909 1908
f 1809 1810 1909
f 1810 1910 1909
f 1810 1811 1910
f 1811 1911 1910
f 1811 1812 1911
f 1812 1912 1911
f 1812 1813 1912
f 1813 1913 1912
f 1813 1814 1913
f 1814 1914 1913
f 1814 1815 1914
f 1815 1915 1914
f 1815 1816 1915
f 1816 1916 1915
f 1816 1817 1916
f 1817 1917 1916
f 1817 1818 1917
f 1818 1918 1917
f 1818 1819 1918
f 1819 1919 1918
f 1819 1820 1919
f 1820 1920 1919
f 1820 1821 1920
f 1821 1921 1920
f 1821 1822 1921
f 1822 1922 1921
f 1822 1823 1922
f 1823 1923 1922
f 1823 1824 1923
f 1824 1924 1923
f 1824 1825 1924
f 1825 1925 1924
f 1825 1826 1925
f 1826 1926 1925
f 1826 1827 1926
f 1827 1927 1926
f 1827 1828 1927
f 1828 1928 1927
f 1828 1829 1928
f 1829 1929 1928
f 1829 1830 1929
f 1830 1930 1929
f 1830 1831 1930
f 1831 1931 1930
f 1831 1832 1931
f 1832 1932 1931
f 1832 1833 1932
f 1833 1933 1932
f 1833 1834 1933
f 1834 1934 1933
f 1834 1835 1934
f 1835 1935 1934
f 1835 1836 1935
f 1836 1936 1935
f 1836 1837 1936
f 1837 1937 1936
f 1837 1838 1937
f 1838 1938 1937
f 1838 1839 1938
f 1839 1939 1938
f 1839 1840 1939
f 1840 1940 1939
f 1840 1841 1940
f 1841 1941 1940
f 1841 1842 1941
f 1842 1942 1941
f 1842 1843 1942
f 1843 1943 1942
f 1843 1844 1943
f 1844 1944 1943
f 1844 1845 1944
f 1845 1945 1944
f 1845 1846 1945
f 1846 1946 1945
f 1846 1847 1946
f 1847 1947 1946
f 1847 1848 1947
f 1848 1948 1947
f 1848 1849 1948
f 1849 1949 1948
f 1849 1850 1949
f 1850 1950 1949
f 1850 1851 1950
f 1851 1951 1950
f 1851 1852 1951
f 1852 1952 1951
f 1852 1853 1952
f 1853 1953 1952
f 1853 1854 1953
f 1854 1954 1953
f 1854 1855 1954
f 1855 1955 1954
f 1855 1856 1955
f 1856 1956 1955
f 1856 1857 1956
f 1857 1957 1956
f 1857 1858 1957
f 1858 1958 1957
f 1858 1859 1958
f 1859 1959 1958
f 1859 1860 1959
f 1860 1960 1959
f 1860 1861 1960
f 1861 1961 1960
f 1861 1862 1961
f 1862 1962 1961
f 1862 1863 1962
f 1863 1963 1962
f 1863 1864 1963
f 1864 1964 1963
f 1864 1865 1964
f 1865 1965 1964
f 1865 1866 1965
f 1866 1966 1965
f 1866 1867 1966
f 1867 1967 1966
f 1867 1868 1967
f 1868 1968 1967
f 1868 1869 1968
f 1869 1969 1968
f 1869 1870 1969
f 1870 1970 1969
f 1870 1871 1970
f 1871 1971 1970
f 1871 1872 1971
f 1872 1972 1971
f 1872 1873 1972
f 1873 1973 1972
f 1873 1874 1973
f 1874 1974 1973
f 1874 1875 1974
f 1875 1975 1974
f 1875 1876 1975
f 1876 1976 1975
f 1876 1877 1976
f 1877 1977 1976
f 1877 1878 1977
f 1878 1978 1977
f 1878 1879 1978
f 1879 1979 1978
f 1879 1880 1979
f 1880 1980 1979
f 1880 1881 1980
f 1881 1981 1980
f 1881 1882 1981
f 1882 1982 1981
f 1882 1883 1982
f 1883 1983 1982
f 1883 1884 1983
f 1884 1984 1983
f 1884 1885 1984
f 1885 1985 1984
f 1885 1886 1985
f 1886 1986 1985
f 1886 1887 1986
f 1887 1987 1986
f 1887 1888 1987
f 1888 1988 1987
f 1888 1889 1988
f 1889 1989 1988
f 1889 1890 1989
f 1890 1990 1989
f 1890 1891 1990
f 1891 1991 1990
f 1891 1892 1991
f 1892 1992 1991
f 1892 1893 1992
f 1893 1993 1992
f 1893 1894 1993
f 1894 1994 1993
f 1894 1895 1994
f 1895 1995 1994
f 1895 1896 1995
f 1896 1996 1995
f 1896 1897 1996
f 1897 1997 1996
f 1897 1898 1997
f 1898 1998 1997
f 1898 1899 1998
f 1899 1999 1998
f 1899 1900 1999
f 1900 2000 1999
f 1901 1902 2001
f 1902 2002 2001
f 1902 1903 2002
f 1903 2003 2002
f 1903 1904 2003
f 1904 2004 2003
f 1904 1905 2004
f 1905 2005 2004
f 1905 1906 2005
f 1906 2006 2005
f 1906 1907 2006
f 1907 2007 2006
f 1907 1908 2007
f 1908 2008 2007
f 1908 1909 2008
f 1909 2009 2008
f 1909 1910 2009
f 1910 2010 2009
f 1910 1911 2010
f 1911 2011 2010
f 1911 1912 2011
f 1912 2012 2011
f 1912 1913 2012
f 1913 2013 2012
f 1913 1914 2013
f 1914 2014 2013
f 1914 1915 2014
f 1915 2015 2014
f 1915 1916 2015
f 1916 2016 2015
f 1916 1917 2016
f 1917 2017 2016
f 1917 1918 2017
f 1918 2018 2017
f 1918 1919 2018
f 1919 2019 2018
f 1919 1920 2019
f 1920 2020 2019
f 1920 1921 2020
f 1921 2021 2020
f 1921 1922 2021
f 1922 2022 2021
f 1922 1923 2022
f 1923 2023 2022
f 1923 1924 2023
f 1924 2024 2023
f 1924 1925 2024
f 1925 2025 2024
f 1925 1926 2025
f 1926 2026 2025
f 1926 1927 2026
f 1927 2027 2026
f 1927 1928 2027
f 1928 2028 2027
f 1928 1929 2028
f 1929 2029 2028
f 1929 1930 2029
f 1930 2030 2029
f 1930 1931 2030
f 1931 2031 2030
f 1931 1932 2031
f 1932 2032 2031
f 1932 1933 2032
f 1933 2033 2032
f 1933 1934 2033
f 1934 2034 2033
f 1934 1935 2034
f 1935 2035 2034
f 1935 1936 2035
f 1936 2036 2035
f 1936 1937 2036
f 1937 2037 2036
f 1937 1938 2037
f 1938 2038 2037
f 1938 1939 2038
f 1939 2039 2038
f 1939 1940 2039
f 1940 2040 2039
f 1940 1941 2040
f 1941 2041 2040
f 1941 1942 2041
f 1942 2042 2041
f 1942 1943 2042
f 1943 2043 2042
f 1943 1944 2043
f 1944 2044 2043
f 1944 1945 2044
f 1945 2045 2044
f 1945 1946 2045
f 1946 2046 2045
f 1946 1947 2046
f 1947 2047 2046
f 1947 1948 2047
f 1948 2048 2047
f 1948 1949 2048
f 1949 2049 2048
f 1949 1950 2049
f 1950 2050 2049
f 1950 1951 2050
f 1951 2051 2050
f 1951 1952 2051
f 1952 2052 2051
f 1952 1953 2052
f 1953 2053 2052
f 1953 1954 2053
f 1954 2054 2053
f 1954 1955 2054
f 1955 2055 2054
f 1955 1956 2055
f 1956 2056 2055
f 1956 1957 2056
f 1957 2057 2056
f 1957 1958 2057
f 1958 2058 2057
f 1958 1959 2058
f 1959 2059 2058
f 1959 1960 2059
f 1960 2060 2059
f 1960 1961 2060
f 1961 2061 2060
f 1961 1962 2061
f 1962 2062 2061
f 1962 1963 2062
f 1963 2063 2062
f 1963 1964 2063
f 1964 2064 2063
f 1964 1965 2064
f 1965 2065 2064
f 1965 1966 2065
f 1966 2066 2065
f 1966 1967 2066
f 1967 2067 2066
f 1967 1968 2067
f 1968 2068 2067
f 1968 1969 2068
f 1969 2069 2068
f 1969 1970 2069
f 1970 2070 2069
f 1970 1971 2070
f 1971 2071 2070
f 1971 1972 2071
f 1972 2072 2071
f 1972 1973 2072
f 1973 2073 2072
f 1973 1974 2073
f 1974 2074 2073
f 1974 1975 2074
f 1975 2075 2074
f 1975 1976 2075
f 1976 2076 2075
f 1976 1977 2076
f 1977 2077 2076
f 1977 1978 2077
f 1978 2078 2077
f 1978 1979 2078
f 1979 2079 2078
f 1979 1980 2079
f 1980 2080 2079
f 1980 1981 2080
f 1981 2081 2080
f 1981 1982 2081
f 1982 2082 2081
f 1982 1983 2082
f 1983 2083 2082
f 1983 1984 2083
f 1984 2084 2083
f 1984 1985 2084
f 1985 2085 2084
f 1985 1986 2085
f 1986 2086 2085
f 1986 1987 2086
f 1987 2087 2086
f 1987 1988 2087
f 1988 2088 2087
f 1988 1989 2088
f 1989 2089 2088
f 1989 1990 2089
f 1990 2090 2089
f 1990 1991 2090
f 1991 2091 2090
f 1991 1992 2091
f 1992 2092 2091
f 1992 1993 2092
f 1993 2093 2092
f 1993 1994 2093
f 1994 2094 2093
f 1994 1995 2094
f 1995 2095 2094
f 1995 1996 2095
f 1996 2096 2095
f 1996 1997 2096
f 1997 2097 2096
f 1997 1998 2097
f 1998 2098 2097
f 1998 1999 2098
f 1999 2099 2098
f 1999 2000 2099
f 2000 2100 2099
f 2001 2002 2101
f 2002 2102 2101
f 2002 2003 2102
f 2003 2103 2102
f 2003 2004 2103
f 2004 2104 2103
f 2004 2005 2104
f 2005 2105 2104
f 2005 2006 2105
f 2006 2106 2105
f 2006 2007 2106
f 2007 2107 2106
f 2007 2008 2107
f 2008 2108 2107
f 2008 2009 2108
f 2009 2109 2108
f 2009 2010 2109
f 2010 2110 2109
f 2010 2011 2110
f 2011 2111 2110
f 2011 2012 2111
f 2012 2112 2111
f 2012 2013 2112
f 2013 2113 2112
f 2013 2014 2113
f 2014 2114 2113
f 2014 2015 2114
f 2015 2115 2114
f 2015 2016 2115
f 2016 2116 2115
f 2016 2017 2116
f 2017 2117 2116
f 2017 2018 2117
f 2018 2118 2117
f 2018 2019 2118
f 2019 2119 2118
f 2019 2020 2119
f 2020 2120 2119
f 2020 2021 2120
f 2021 2121 2120
f 2021 2022 2121
f 2022 2122 2121
f 2022 2023 2122
f 2023 2123 2122
f 2023 2024 2123
f 2024 2124 2123
f 2024 2025 2124
f 2025 2125 2124
f 2025 2026 2125
f 2026 2126 2125
f 2026 2027 2126
f 2027 2127 2126
f 2027 2028 2127
f 2028 2128 2127
f 2028 2029 2128
f 2029 2129 2128
f 2029 2030 2129
f 2030 2130 2129
f 2030 2031 2130
f 2031 2131 2130
f 2031 2032 2131
f 2032 2132 2131
f 2032 2033 2132
f 2033 2133 2132
f 2033 2034 2133
f 2034 2134 2133
f 2034 2035 2134
f 2035 2135 2134
f 2035 2036 2135
f 2036 2136 2135
f 2036 2037 2136
f 2037 2137 2136
f 2037 2038 2137
f 2038 2138 2137
f 2038 2039 2138
f 2039 2139 2138
f 2039 2040 2139
f 2040 2140 2139
f 2040 2041 2140
f 2041 2141 2140
f 2041 2042 2141
f 2042 2142 2141
f 2042 2043 2142
f 2043 2143 2142
f 2043 2044 2143
f 2044 2144 2143
f 2044 2045 2144
f 2045 2145 2144
f 2045 2046 2145
f 2046 2146 2145
f 2046 2047 2146
f 2047 2147 2146
f 2047 2048 2147
f 2048 2148 2147
f 2048 2049 2148
f 2049 2149 2148
f 2049 2050 2149
f 2050 2150 2149
f 2050 2051 2150
f 2051 2151 2150
f 2051 2052 2151
f 2052 2152 2151
f 2052 2053 2152
f 2053 2153 2152
f 2053 2054 2153
f 2054 2154 2153
f 2054 2055 2154
f 2055 2155 2154
f 2055 2056 2155
f 2056 2156 2155
f 2056 2057 2156
f 2057 2157 2156
f 2057 2058 2157
f 2058 2158 2157
f 2058 2059 2158
f 2059 2159 2158
f 2059 2060 2159
f 2060 2160 2159
f 2060 2061 2160
f 2061 2161 2160
f 2061 2062 2161
f 2062 2162 2161
f 2062 2063 2162
f 2063 2163 2162
f 2063 2064 2163
f 2064 2164 2163
f 2064 2065 2164
f 2065 2165 2164
f 2065 2066 2165
f 2066 2166 2165
f 2066 2067 2166
f 2067 2167 2166
f 2067 2068 2167
f 2068 2168 2167
f 2068 2069 2168
f 2069 2169 2168
f 2069 2070 2169
f 2070 2170 2169
f 2070 2071 2170
f 2071 2171 2170
f 2071 2072 2171
f 2072 2172 2171
f 2072 2073 2172
f 2073 2173 2172
f 2073 2074 2173
f 2074 2174 2173
f 2074 2075 2174
f 2075 2175 2174
f 2075 2076 2175
f 2076 2176 2175
f 2076 2077 2176
f 2077 2177 2176
f 2077 2078 2177
f 2078 2178 2177
f 2078 2079 2178
f 2079 2179 2178
f 2079 2080 2179
f 2080 2180 2179
f 2080 2081 2180
f 2081 2181 2180
f 2081 2082 2181
f 2082 2182 2181
f 2082 2083 2182
f 2083 2183 2182
f 2083 2084 2183
f 2084 2184 2183
f 2084 2085 2184
f 2085 2185 2184
f 2085 2086 2185
f 2086 2186 2185
f 2086 2087 2186
f 2087 2187 2186
f 2087 2088 2187
f 2088 2188 2187
f 2088 2089 2188
f 2089 2189 2188
f 2089 2090 2189
f 2090 2190 2189
f 2090 2091 2190
f 2091 2191 2190
f 2091 2092 2191
f 2092 2192 2191
f 2092 2093 2192
f 2093 2193 2192
f 2093 2094 2193
f 2094 2194 2193
f 2094 2095 2194
f 2095 2195 2194
f 2095 2096 2195
f 2096 2196 2195
f 2096 2097 2196
f 2097 2197 2196
f 2097 2098 2197
f 2098 2198 2197
f 2098 2099 2198
f 2099 2199 2198
f 2099 2100 2199
f 2100 2200 2199
f 2101 2102 2201
f 2102 2202 2201
f 2102 2103 2202
f 2103 2203 2202
f 2103 2104 2203
f 2104 2204 2203
f 2104 2105 2204
f 2105 2205 2204
f 2105 2106 2205
f 2106 2206 2205
f 2106 2107 2206
f 2107 2207 2206
f 2107 2108 2207
f 2108 2208 2207
f 2108 2109 2208
f 2109 2209 2208
f 2109 2110 2209
f 2110 2210 2209
f 2110 2111 2210
f 2111 2211 2210
f 2111 2112 2211
f 2112 2212 2211
f 2112 2113 2212
f 2113 2213 2212
f 2113 2114 2213
f 2114 2214 2213
f 2114 2115 2214
f 2115 2215 2214
f 2115 2116 2215
f 2116 2216 2215
f 2116 2117 2216
f 2117 2217 2216
f 2117 2118 2217
f 2118 2218 2217
f 2118 2119 2218
f 2119 2219 2218
f 2119 2120 2219
f 2120 2220 2219
f 2120 2121 2220
f 2121 2221 2220
f 2121 2122 2221
f 2122 2222 2221
f 2122 2123 2222
f 2123 2223 2222
f 2123 2124 2223
f 2124 2224 2223
f 2124 2125 2224
f 2125 2225 2224
f 2125 2126 2225
f 2126 2226 2225
f 2126 2127 2226
f 2127 2227 2226
f 2127 2128 2227
f 2128 2228 2227
f 2128 2129 2228
f 2129 2229 2228
f 2129 2130 2229
f 2130 2230 2229
f 2130 2131 2230
f 2131 2231 2230
f 2131 2132 2231
f 2132 2232 2231
f 2132 2133 2232
f 2133 2233 2232
f 2133 2134 2233
f 2134 2234 2233
f 2134 2135 2234
f 2135 2235 2234
f 2135 2136 2235
f 2136 2236 2235
f 2136 2137 2236
f 2137 2237 2236
f 2137 2138 2237
f 2138 2238 2237
f 2138 2139 2238
f 2139 2239 2238
f 2139 2140 2239
f 2140 2240 2239
f 2140 2141 2240
f 2141 2241 2240
f 2141 2142 2241
f 2142 2242 2241
f 2142 2143 2242
f 2143 2243 2242
f 2143 2144 2243
f 2144 2244 2243
f 2144 2145 2244
f 2145 2245 2244
f 2145 2146 2245
f 2146 2246 2245
f 2146 2147 2246
f 2147 2247 2246
f 2147 2148 2247
f 2148 2248 2247
f 2148 2149 2248
f 2149 2249 2248
f 2149 2150 2249
f 2150 2250 2249
f 2150 2151 2250
f 2151 2251 2250
f 2151 2152 2251
f 2152 2252 2251
f 2152 2153 2252
f 2153 2253 2252
f 2153 2154 2253
f 2154 2254 2253
f 2154 2155 2254
f 2155 2255 2254
f 2155 2156 2255
f 2156 2256 2255
f 2156 2157 2256
f 2157 2257 2256
f 2157 2158 2257
f 2158 2258 2257
f 2158 2159 2258
f 2159 2259 2258
f 2159 2160 2259
f 2160 2260 2259
f 2160 2161 2260
f 2161 2261 2260
f 2161 2162 2261
f 2162 2262 2261
f 2162 2163 2262
f 2163 2263 2262
f 2163 2164 2263
f 2164 2264 2263
f 2164 2165 2264
f 2165 2265 2264
f 2165 2166 2265
f 2166 2266 2265
f 2166 2167 2266
f 2167 2267 2266
f 2167 2168 2267
f 2168 2268 2267
f 2168 2169 2268
f 2169 2269 2268
f 2169 2170 2269
f 2170 2270 2269
f 2170 2171 2270
f 2171 2271 2270
f 2171 2172 2271
f 2172 2272 2271
f 2172 2173 2272
f 2173 2273 2272
f 2173 2174 2273
f 2174 2274 2273
f 2174 2175 2274
f 2175 2275 2274
f 2175 2176 2275
f 2176 2276 2275
f 2176 2177 2276
f 2177 2277 2276
f 2177 2178 2277
f 2178 2278 2277
f 2178 2179 2278
f 2179 2279 2278
f 2179 2180 2279
f 2180 2280 2279
f 2180 2181 2280
f 2181 2281 2280
f 2181 2182 2281
f 2182 2282 2281
f 2182 2183 2282
f 2183 2283 2282
f 2183 2184 2283
f 2184 2284 2283
f 2184 2185 2284
f 2185 2285 2284
f 2185 2186 2285
f 2186 2286 2285
f 2186 2187 2286
f 2187 2287 2286
f 2187 2188 2287
f 2188 2288 2287
f 2188 2189 2288
f 2189 2289 2288
f 2189 2190 2289
f 2190 2290 2289
f 2190 2191 2290
f 2191 2291 2290
f 2191 2192 2291
f 2192 2292 2291
f 2192 2193 2292
f 2193 2293 2292
f 2193 2194 2293
f 2194 2294 2293
f 2194 2195 2294
f 2195 2295 2294
f 2195 2196 2295
f 2196 2296 2295
f 2196 2197 2296
f 2197 2297 2296
f 2197 2198 2297
f 2198 2298 2297
f 2198 2199 2298
f 2199 2299 2298
f 2199 2200 2299
f 2200 2300 2299
f 2201 2202 2301
f 2202 2302 2301
f 2202 2203 2302
f 2203 2303 2302
f 2203 2204 2303
f 2204 2304 2303
f 2204 2205 2304
f 2205 2305 2304
f 2205 2206 2305
f 2206 2306 2305
f 2206 2207 2306
f 2207 2307 2306
f 2207 2208 2307
f 2208 2308 2307
f 2208 2209 2308
f 2209 2309 2308
f 2209 2210 2309
f 2210 2310 2309
f 2210 2211 2310
f 2211 2311 2310
f 2211 2212 2311
f 2212 2312 2311
f 2212 2213 2312
f 2213 2313 2312
f 2213 2214 2313
f 2214 2314 2313
f 2214 2215 2314
f 2215 2315 2314
f 2215 2216 2315
f 2216 2316 2315
f 2216 2217 2316
f 2217 2317 2316
f 2217 2218 2317
f 2218 2318 2317
f 2218 2219 2318
f 2219 2319 2318
f 2219 2220 2319
f 2220 2320 2319
f 2220 2221 2320
f 2221 2321 2320
f 2221 2222 2321
f 2222 2322 2321
f 2222 2223 2322
f 2223 2323 2322
f 2223 2224 2323
f 2224 2324 2323
f 2224 2225 2324
f 2225 2325 2324
f 2225 2226 2325
f 2226 2326 2325
f 2226 2227 2326
f 2227 2327 2326
f 2227 2228 2327
f 2228 2328 2327
f 2228 2229 2328
f 2229 2329 2328
f 2229 2230 2329
f 2230 2330 2329
f 2230 2231 2330
f 2231 2331 2330
f 2231 2232 2331
f 2232 2332 2331
f 2232 2233 2332
f 2233 2333 2332
f 2233 2234 2333
f 2234 2334 2333
f 2234 2235 2334
f 2235 2335 2334
f 2235 2236 2335
f 2236 2336 2335
f 2236 2237 2336
f 2237 2337 2336
f 2237 2238 2337
f 2238 2338 2337
f 2238 2239 2338
f 2239 2339 2338
f 2239 2240 2339
f 2240 2340 2339
f 2240 2241 2340
f 2241 2341 2340
f 2241 2242 2341
f 2242 2342 2341
f 2242 2243 2342
f 2243 2343 2342
f 2243 2244 2343
f 2244 2344 2343
f 2244 2245 2344
f 2245 2345 2344
f 2245 2246 2345
f 2246 2346 2345
f 2246 2247 2346
f 2247 2347 2346
f 2247 2248 2347
f 2248 2348 2347
f 2248 2249 2348
f 2249 2349 2348
f 2249 2250 2349
f 2250 2350 2349
f 2250 2251 2350
f 2251 2351 2350
f 2251 2252 2351
f 2252 2352 2351
f 2252 2253 2352
f 2253 2353 2352
f 2253 2254 2353
f 2254 2354 2353
f 2254 2255 2354
f 2255 2355 2354
f 2255 2256 2355
f 2256 2356 2355
f 2256 2257 2356
f 2257 2357 2356
f 2257 2258 2357
f 2258 2358 2357
f 2258 2259 2358
f 2259 2359 2358
f 2259 2260 2359
f 2260 2360 2359
f 2260 2261 2360
f 2261 2361 2360
f 2261 2262 2361
f 2262 2362 2361
f 2262 2263 2362
f 2263 2363 2362
f 2263 2264 2363
f 2264 2364 2363
f 2264 2265 2364
f 2265 2365 2364
f 2265 2266 2365
f 2266 2366 2365
f 2266 2267 2366
f 2267 2367 2366
f 2267 2268 2367
f 2268 2368 2367
f 2268 2269 2368
f 2269 2369 2368
f 2269 2270 2369
f 2270 2370 2369
f 2270 2271 2370
f 2271 2371 2370
f 2271 2272 2371
f 2272 2372 2371
f 2272 2273 2372
f 2273 2373 2372
f 2273 2274 2373
f 2274 2374 2373
f 2274 2275 2374
f 2275 2375 2374
f 2275 2276 2375
f 2276 2376 2375
f 2276 2277 2376
f 2277 2377 2376
f 2277 2278 2377
f 2278 2378 2377
f 2278 2279 2378
f 2279 2379 2378
f 2279 2280 2379
f 2280 2380 2379
f 2280 2281 2380
f 2281 2381 2380
f 2281 2282 2381
f 2282 2382 2381
f 2282 2283 2382
f 2283 2383 2382
f 2283 2284 2383
f 2284 2384 2383
f 2284 2285 2384
f 2285 2385 2384
f 2285 2286 2385
f 2286 2386 2385
f 2286 2287 2386
f 2287 2387 2386
f 2287 2288 2387
f 2288 2388 2387
f 2288 2289 2388
f 2289 2389 2388
f 2289 2290 2389
f 2290 2390 2389
f 2290 2291 2390
f 2291 2391 2390
f 2291 2292 2391
f 2292 2392 2391
f 2292 2293 2392
f 2293 2393 2392
f 2293 2294 2393
f 2294 2394 2393
f 2294 2295 2394
f 2295 2395 2394
f 2295 2296 2395
f 2296 2396 2395
f 2296 2297 2396
f 2297 2397 2396
f 2297 2298 2397
f 2298 2398 2397
f 2298 2299 2398
f 2299 2399 2398
f 2299 2300 2399
f 2300 2400 2399
f 2301 2302 2401
f 2302 2402 2401
f 2302 2303 2402
f 2303 2403 2402
f 2303 2304 2403
f 2304 2404 2403
f 2304 2305 2404
f 2305 2405 2404
f 2305 2306 2405
f 2306 2406 2405
f 2306 2307 2406
f 2307 2407 2406
f 2307 2308 2407
f 2308 2408 2407
f 2308 2309 2408
f 2309 2409 2408
f 2309 2310 2409
f 2310 2410 2409
f 2310 2311 2410
f 2311 2411 2410
f 2311 2312 2411
f 2312 2412 2411
f 2312 2313 2412
f 2313 2413 2412
f 2313 2314 2413
f 2314 2414 2413
f 2314 2315 2414
f 2315 2415 2414
f 2315 2316 2415
f 2316 2416 2415
f 2316 2317 2416
f 2317 2417 2416
f 2317 2318 2417
f 2318 2418 2417
f 2318 2319 2418
f 2319 2419 2418
f 2319 2320 2419
f 2320 2420 2419
f 2320 2321 2420
f 2321 2421 2420
f 2321 2322 2421
f 2322 2422 2421
f 2322 2323 2422
f 2323 2423 2422
f 2323 2324 2423
f 2324 2424 2423
f 2324 2325 2424
f 2325 2425 2424
f 2325 2326 2425
f 2326 2426 2425
f 2326 2327 2426
f 2327 2427 2426
f 2327 2328 2427
f 2328 2428 2427
f 2328 2329 2428
f 2329 2429 2428
f 2329 2330 2429
f 2330 2430 2429
f 2330 2331 2430
f 2331 2431 2430
f 2331 2332 2431
f 2332 2432 2431
f 2332 2333 2432
f 2333 2433 2432
f 2333 2334 2433
f 2334 2434 2433
f 2334 2335 2434
f 2335 2435 2434
f 2335 2336 2435
f 2336 2436 2435
f 2336 2337 2436
f 2337 2437 2436
f 2337 2338 2437
f 2338 2438 2437
f 2338 2339 2438
f 2339 2439 2438
f 2339 2340 2439
f 2340 2440 2439
f 2340 2341 2440
f 2341 2441 2440
f 2341 2342 2441
f 2342 2442 2441
f 2342 2343 2442
f 2343 2443 2442
f 2343 2344 2443
f 2344 2444 2443
f 2344 2345 2444
f 2345 2445 2444
f 2345 2346 2445
f 2346 2446 2445
f 2346 2347 2446
f 2347 2447 2446
f 2347 2348 2447
f 2348 2448 2447
f 2348 2349 2448
f 2349 2449 2448
f 2349 2350 2449
f 2350 2450 2449
f 2350 2351 2450
f 2351 2451 2450
f 2351 2352 2451
f 2352 2452 2451
f 2352 2353 2452
f 2353 2453 2452
f 2353 2354 2453
f 2354 2454 2453
f 2354 2355 2454
f 2355 2455 2454
f 2355 2356 2455
f 2356 2456 2455
f 2356 2357 2456
f 2357 2457 2456
f 2357 2358 2457
f 2358 2458 2457
f 2358 2359 2458
f 2359 2459 2458
f 2359 2360 2459
f 2360 2460 2459
f 2360 2361 2460
f 2361 2461 2460
f 2361 2362 2461
f 2362 2462 2461
f 2362 2363 2462
f 2363 2463 2462
f 2363 2364 2463
f 2364 2464 2463
f 2364 2365 2464
f 2365 2465 2464
f 2365 2366 2465
f 2366 2466 2465
f 2366 2367 2466
f 2367 2467 2466
f 2367 2368 2467
f 2368 2468 2467
f 2368 2369 2468
f 2369 2469 2468
f 2369 2370 2469
f 2370 2470 2469
f 2370 2371 2470
f 2371 2471 2470
f 2371 2372 2471
f 2372 2472 2471
f 2372 2373 2472
f 2373 2473 2472
f 2373 2374 2473
f 2374 2474 2473
f 2374 2375 2474
f 2375 2475 2474
f 2375 2376 2475
f 2376 2476 2475
f 2376 2377 2476
f 2377 2477 2476
f 2377 2378 2477
f 2378 2478 2477
f 2378 2379 2478
f 2379 2479 2478
f 2379 2380 2479
f 2380 2480 2479
f 2380 2381 2480
f 2381 2481 2480
f 2381 2382 2481
f 2382 2482 2481
f 2382 2383 2482
f 2383 2483 2482
f 2383 2384 2483
f 2384 2484 2483
f 2384 2385 2484
f 2385 2485 2484
f 2385 2386 2485
f 2386 2486 2485
f 2386 2387 2486
f 2387 2487 2486
f 2387 2388 2487
f 2388 2488 2487
f 2388 2389 2488
f 2389 2489 2488
f 2389 2390 2489
f 2390 2490 2489
f 2390 2391 2490
f 2391 2491 2490
f 2391 2392 2491
f 2392 2492 2491
f 2392 2393 2492
f 2393 2493 2492
f 2393 2394 2493
f 2394 2494 2493
f 2394 2395 2494
f 2395 2495 2494
f 2395 2396 2495
f 2396 2496 2495
f 2396 2397 2496
f 2397 2497 2496
f 2397 2398 2497
f 2398 2498 2497
f 2398 2399 2498
f 2399 2499 2498
f 2399 2400 2499
f 2400 2500 2499
f 2401 2402 2501
f 2402 2502 2501
f 2402 2403 2502
f 2403 2503 2502
f 2403 2404 2503
f 2404 2504 2503
f 2404 2405 2504
f 2405 2505 2504
f 2405 2406 2505
f 2406 2506 2505
f 2406 2407 2506
f 2407 2507 2506
f 2407 2408 2507
f 2408 2508 2507
f 2408 2409 2508
f 2409 2509 2508
f 2409 2410 2509
f 2410 2510 2509
f 2410 2411 2510
f 2411 2511 2510
f 2411 2412 2511
f 2412 2512 2511
f 2412 2413 2512
f 2413 2513 2512
f 2413 2414 2513
f 2414 2514 2513
f 2414 2415 2514
f 2415 2515 2514
f 2415 2416 2515
f 2416 2516 2515
f 2416 2417 2516
f 2417 2517 2516
f 2417 2418 2517
f 2418 2518 2517
f 2418 2419 2518
f 2419 2519 2518
f 2419 2420 2519
f 2420 2520 2519
f 2420 2421 2520
f 2421 2521 2520
f 2421 2422 2521
f 2422 2522 2521
f 2422 2423 2522
f 2423 2523 2522
f 2423 2424 2523
f 2424 2524 2523
f 2424 2425 2524
f 2425 2525 2524
f 2425 2426 2525
f 2426 2526 2525
f 2426 2427 2526
f 2427 2527 2526
f 2427 2428 2527
f 2428 2528 2527
f 2428 2429 2528
f 2429 2529 2528
f 2429 2430 2529
f 2430 2530 2529
f 2430 2431 2530
f 2431 2531 2530
f 2431 2432 2531
f 2432 2532 2531
f 2432 2433 2532
f 2433 2533 2532
f 2433 2434 2533
f 2434 2534 2533
f 2434 2435 2534
f 2435 2535 2534
f 2435 2436 2535
f 2436 2536 2535
f 2436 2437 2536
f 2437 2537 2536
f 2437 2438 2537
f 2438 2538 2537
f 2438 2439 2538
f 2439 2539 2538
f 2439 2440 2539
f 2440 2540 2539
f 2440 2441 2540
f 2441 2541 2540
f 2441 2442 2541
f 2442 2542 2541
f 2442 2443 2542
f 2443 2543 2542
f 2443 2444 2543
f 2444 2544 2543
f 2444 2445 2544
f 2445 2545 2544
f 2445 2446 2545
f 2446 2546 2545
f 2446 2447 2546
f 2447 2547 2546
f 2447 2448 2547
f 2448 2548 2547
f 2448 2449 2548
f 2449 2549 2548
f 2449 2450 2549
f 2450 2550 2549
f 2450 2451 2550
f 2451 2551 2550
f 2451 2452 2551
f 2452 2552 2551
f 2452 2453 2552
f 2453 2553 2552
f 2453 2454 2553
f 2454 2554 2553
f 2454 2455 2554
f 2455 2555 2554
f 2455 2456 2555
f 2456 2556 2555
f 2456 2457 2556
f 2457 2557 2556
f 2457 2458 2557
f 2458 2558 2557
f 2458 2459 2558
f 2459 2559 2558
f 2459 2460 2559
f 2460 2560 2559
f 2460 2461 2560
f 2461 2561 2560
f 2461 2462 2561
f 2462 2562 2561
f 2462 2463 2562
f 2463 2563 2562
f 2463 2464 2563
f 2464 2564 2563
f 2464 2465 2564
f 2465 2565 2564
f 2465 2466 2565
f 2466 2566 2565
f 2466 2467 2566
f 2467 2567 2566
f 2467 2468 2567
f 2468 2568 2567
f 2468 2469 2568
f 2469 2569 2568
f 2469 2470 2569
f 2470 2570 2569
f 2470 2471 2570
f 2471 2571 2570
f 2471 2472 2571
f 2472 2572 2571
f 2472 2473 2572
f 2473 2573 2572
f 2473 2474 2573
f 2474 2574 2573
f 2474 2475 2574
f 2475 2575 2574
f 2475 2476 2575
f 2476 2576 2575
f 2476 2477 2576
f 2477 2577 2576
f 2477 2478 2577
f 2478 2578 2577
f 2478 2479 2578
f 2479 2579 2578
f 2479 2480 2579
f 2480 2580 2579
f 2480 2481 2580
f 2481 2581 2580
f 2481 2482 2581
f 2482 2582 2581
f 2482 2483 2582
f 2483 2583 2582
f 2483 2484 2583
f 2484 2584 2583
f 2484 2485 2584
f 2485 2585 2584
f 2485 2486 2585
f 2486 2586 2585
f 2486 2487 2586
f 2487 2587 2586
f 2487 2488 2587
f 2488 2588 2587
f 2488 2489 2588
f 2489 2589 2588
f 2489 2490 2589
f 2490 2590 2589
f 2490 2491 2590
f 2491 2591 2590
f 2491 2492 2591
f 2492 2592 2591
f 2492 2493 2592
f 2493 2593 2592
f 2493 2494 2593
f 2494 2594 2593
f 2494 2495 2594
f 2495 2595 2594
f 2495 2496 2595
f 2496 2596 2595
f 2496 2497 2596
f 2497 2597 2596
f 2497 2498 2597
f 2498 2598 2597
f 2498 2499 2598
f 2499 2599 2598
f 2499 2500 2599
f 2500 2600 2599
f 2501 2502 2601
f 2502 2602 2601
f 2502 2503 2602
f 2503 2603 2602
f 2503 2504 2603
f 2504 2604 2603
f 2504 2505 2604
f 2505 2605 2604
f 2505 2506 2605
f 2506 2606 2605
f 2506 2507 2606
f 2507 2607 2606
f 2507 2508 2607
f 2508 2608 2607
f 2508 2509 2608
f 2509 2609 2608
f 2509 2510 2609
f 2510 2610 2609
f 2510 2511 2610
f 2511 2611 2610
f 2511 2512 2611
f 2512 2612 2611
f 2512 2513 2612
f 2513 2613 2612
f 2513 2514 2613
f 2514 2614 2613
f 2514 2515 2614
f 2515 2615 2614
f 2515 2516 2615
f 2516 2616 2615
f 2516 2517 2616
f 2517 2617 2616
f 2517 2518 2617
f 2518 2618 2617
f 2518 2519 2618
f 2519 2619 2618
f 2519 2520 2619
f 2520 2620 2619
f 2520 2521 2620
f 2521 2621 2620
f 2521 2522 2621
f 2522 2622 2621
f 2522 2523 2622
f 2523 2623 2622
f 2523 2524 2623
f 2524 2624 2623
f 2524 2525 2624
f 2525 2625 2624
f 2525 2526 2625
f 2526 2626 2625
f 2526 2527 2626
f 2527 2627 2626
f 2527 2528 2627
f 2528 2628 2627
f 2528 2529 2628
f 2529 2629 2628
f 2529 2530 2629
f 2530 2630 2629
f 2530 2531 2630
f 2531 2631 2630
f 2531 2532 2631
f 2532 2632 2631
f 2532 2533 2632
f 2533 2633 2632
f 2533 2534 2633
f 2534 2634 2633
f 2534 2535 2634
f 2535 2635 2634
f 2535 2536 2635
f 2536 2636 2635
f 2536 2537 2636
f 2537 2637 2636
f 2537 2538 2637
f 2538 2638 2637
f 2538 2539 2638
f 2539 2639 2638
f 2539 2540 2639
f 2540 2640 2639
f 2540 2541 2640
f 2541 2641 2640
f 2541 2542 2641
f 2542 2642 2641
f 2542 2543 2642
f 2543 2643 2642
f 2543 2544 2643
f 2544 2644 2643
f 2544 2545 2644
f 2545 2645 2644
f 2545 2546 2645
f 2546 2646 2645
f 2546 2547 2646
f 2547 2647 2646
f 2547 2548 2647
f 2548 2648 2647
f 2548 2549 2648
f 2549 2649 2648
f 2549 2550 2649
f 2550 2650 2649
f 2550 2551 2650
f 2551 2651 2650
f 2551 2552 2651
f 2552 2652 2651
f 2552 2553 2652
f 2553 2653 2652
f 2553 2554 2653
f 2554 2654 2653
f 2554 2555 2654
f 2555 2655 2654
f 2555 2556 2655
f 2556 2656 2655
f 2556 2557 2656
f 2557 2657 2656
f 2557 2558 2657
f 2558 2658 2657
f 2558 2559 2658
f 2559 2659 2658
f 2559 2560 2659
f 2560 2660 2659
f 2560 2561 2660
f 2561 2661 2660
f 2561 2562 2661
f 2562 2662 2661
f 2562 2563 2662
f 2563 2663 2662
f 2563 2564 2663
f 2564 2664 2663
f 2564 2565 2664
f 2565 2665 2664
f 2565 2566 2665
f 2566 2666 2665
f 2566 2567 2666
f 2567 2667 2666
f 2567 2568 2667
f 2568 2668 2667
f 2568 2569 2668
f 2569 2669 2668
f 2569 2570 2669
f 2570 2670 2669
f 2570 2571 2670
f 2571 2671 2670
f 2571 2572 2671
f 2572 2672 2671
f 2572 2573 2672
f 2573 2673 2672
f 2573 2574 2673
f 2574 2674 2673
f 2574 2575 2674
f 2575 2675 2674
f 2575 2576 2675
f 2576 2676 2675
f 2576 2577 2676
f 2577 2677 2676
f 2577 2578 2677
f 2578 2678 2677
f 2578 2579 2678
f 2579 2679 2678
f 2579 2580 2679
f 2580 2680 2679
f 2580 2581 2680
f 2581 2681 2680
f 2581 2582 2681
f 2582 2682 2681
f 2582 2583 2682
f 2583 2683 2682
f 2583 2584 2683
f 2584 2684 2683
f 2584 2585 2684
f 2585 2685 2684
f 2585 2586 2685
f 2586 2686 2685
f 2586 2587 2686
f 2587 2687 2686
f 2587 2588 2687
f 2588 2688 2687
f 2588 2589 2688
f 2589 2689 2688
f 2589 2590 2689
f 2590 2690 2689
f 2590 2591 2690
f 2591 2691 2690
f 2591 2592 2691
f 2592 2692 2691
f 2592 2593 2692
f 2593 2693 2692
f 2593 2594 2693
f 2594 2694 2693
f 2594 2595 2694
f 2595 2695 2694
f 2595 2596 2695
f 2596 2696 2695
f 2596 2597 2696
f 2597 2697 2696
f 2597 2598 2697
f 2598 2698 2697
f 2598 2599 2698
f 2599 2699 2698
f 2599 2600 2699
f 2600 2700 2699
f 2601 2602 2701
f 2602 2702 2701
f 2602 2603 2702
f 2603 2703 2702
f 2603 2604 2703
f 2604 2704 2703
f 2604 2605 2704
f 2605 2705 2704
f 2605 2606 2705
f 2606 2706 2705
f 2606 2607 2706
f 2607 2707 2706
f 2607 2608 2707
f 2608 2708 2707
f 2608 2609 2708
f 2609 2709 2708
f 2609 2610 2709
f 2610 2710 2709
f 2610 2611 2710
f 2611 2711 2710
f 2611 2612 2711
f 2612 2712 2711
f 2612 2613 2712
f 2613 2713 2712
f 2613 2614 2713
f 2614 2714 2713
f 2614 2615 2714
f 2615 2715 2714
f 2615 2616 2715
f 2616 2716 2715
f 2616 2617 2716
f 2617 2717 2716
f 2617 2618 2717
f 2618 2718 2717
f 2618 2619 2718
f 2619 2719 2718
f 2619 2620 2719
f 2620 2720 2719
f 2620 2621 2720
f 2621 2721 2720
f 2621 2622 2721
f 2622 2722 2721
f 2622 2623 2722
f 2623 2723 2722
f 2623 2624 2723
f 2624 2724 2723
f 2624 2625 2724
f 2625 2725 2724
f 2625 2626 2725
f 2626 2726 2725
f 2626 2627 2726
f 2627 2727 2726
f 2627 2628 2727
f 2628 2728 2727
f 2628 2629 2728
f 2629 2729 2728
f 2629 2630 2729
f 2630 2730 2729
f 2630 2631 2730
f 2631 2731 2730
f 2631 2632 2731
f 2632 2732 2731
f 2632 2633 2732
f 2633 2733 2732
f 2633 2634 2733
f 2634 2734 2733
f 2634 2635 2734
f 2635 2735 2734
f 2635 2636 2735
f 2636 2736 2735
f 2636 2637 2736
f 2637 2737 2736
f 2637 2638 2737
f 2638 2738 2737
f 2638 2639 2738
f 2639 2739 2738
f 2639 2640 2739
f 2640 2740 2739
f 2640 2641 2740
f 2641 2741 2740
f 2641 2642 2741
f 2642 2742 2741
f 2642 2643 2742
f 2643 2743 2742
f 2643 2644 2743
f 2644 2744 2743
f 2644 2645 2744
f 2645 2745 2744
f 2645 2646 2745
f 2646 2746 2745
f 2646 2647 2746
f 2647 2747 2746
f 2647 2648 2747
f 2648 2748 2747
f 2648 2649 2748
f 2649 2749 2748
f 2649 2650 2749
f 2650 2750 2749
f 2650 2651 2750
f 2651 2751 2750
f 2651 2652 2751
f 2652 2752 2751
f 2652 2653 2752
f 2653 2753 2752
f 2653 2654 2753
f 2654 2754 2753
f 2654 2655 2754
f 2655 2755 2754
f 2655 2656 2755
f 2656 2756 2755
f 2656 2657 2756
f 2657 2757 2756
f 2657 2658 2757
f 2658 2758 2757
f 2658 2659 2758
f 2659 2759 2758
f 2659 2660 2759
f 2660 2760 2759
f 2660 2661 2760
f 2661 2761 2760
f 2661 2662 2761
f 2662 2762 2761
f 2662 2663 2762
f 2663 2763 2762
f 2663 2664 2763
f 2664 2764 2763
f 2664 2665 2764
f 2665 2765 2764
f 2665 2666 2765
f 2666 2766 2765
f 2666 2667 2766
f 2667 2767 2766
f 2667 2668 2767
f 2668 2768 2767
f 2668 2669 2768
f 2669 2769 2768
f 2669 2670 2769
f 2670 2770 2769
f 2670 2671 2770
f 2671 2771 2770
f 2671 2672 2771
f 2672 2772 2771
f 2672 2673 2772
f 2673 2773 2772
f 2673 2674 2773
f 2674 2774 2773
f 2674 2675 2774
f 2675 2775 2774
f 2675 2676 2775
f 2676 2776 2775
f 2676 2677 2776
f 2677 2777 2776
f 2677 2678 2777
f 2678 2778 2777
f 2678 2679 2778
f 2679 2779 2778
f 2679 2680 2779
f 2680 2780 2779
f 2680 2681 2780
f 2681 2781 2780
f 2681 2682 2781
f 2682 2782 2781
f 2682 2683 2782
f 2683 2783 2782
f 2683 2684 2783
f 2684 2784 2783
f 2684 2685 2784
f 2685 2785 2784
f 2685 2686 2785
f 2686 2786 2785
f 2686 2687 2786
f 2687 2787 2786
f 2687 2688 2787
f 2688 2788 2787
f 2688 2689 2788
f 2689 2789 2788
f 2689 2690 2789
f 2690 2790 2789
f 2690 2691 2790
f 2691 2791 2790
f 2691 2692 2791
f 2692 2792 2791
f 2692 2693 2792
f 2693 2793 2792
f 2693 2694 2793
f 2694 2794 2793
f 2694 2695 2794
f 2695 2795 2794
f 2695 2696 2795
f 2696 2796 2795
f 2696 2697 2796
f 2697 2797 2796
f 2697 2698 2797
f 2698 2798 2797
f 2698 2699 2798
f 2699 2799 2798
f 2699 2700 2799
f 2700 2800 2799
f 2701 2702 2801
f 2702 2802 2801
f 2702 2703 2802
f 2703 2803 2802
f 2703 2704 2803
f 2704 2804 2803
f 2704 2705 2804
f 2705 2805 2804
f 2705 2706 2805
f 2706 2806 2805
f 2706 2707 2806
f 2707 2807 2806
f 2707 2708 2807
f 2708 2808 2807
f 2708 2709 2808
f 2709 2809 2808
f 2709 2710 2809
f 2710 2810 2809
f 2710 2711 2810
f 2711 2811 2810
f 2711 2712 2811
f 2712 2812 2811
f 2712 2713 2812
f 2713 2813 2812
f 2713 2714 2813
f 2714 2814 2813
f 2714 2715 2814
f 2715 2815 2814
f 2715 2716 2815
f 2716 2816 2815
f 2716 2717 2816
f 2717 2817 2816
f 2717 2718 2817
f 2718 2818 2817
f 2718 2719 2818
f 2719 2819 2818
f 2719 2720 2819
f 2720 2820 2819
f 2720 2721 2820
f 2721 2821 2820
f 2721 2722 2821
f 2722 2822 2821
f 2722 2723 2822
f 2723 2823 2822
f 2723 2724 2823
f 2724 2824 2823
f 2724 2725 2824
f 2725 2825 2824
f 2725 2726 2825
f 2726 2826 2825
f 2726 2727 2826
f 2727 2827 2826
f 2727 2728 2827
f 2728 2828 2827
f 2728 2729 2828
f 2729 2829 2828
f 2729 2730 2829
f 2730 2830 2829
f 2730 2731 2830
f 2731 2831 2830
f 2731 2732 2831
f 2732 2832 2831
f 2732 2733 2832
f 2733 2833 2832
f 2733 2734 2833
f 2734 2834 2833
f 2734 2735 2834
f 2735 2835 2834
f 2735 2736 2835
f 2736 2836 2835
f 2736 2737 2836
f 2737 2837 2836
f 2737 2738 2837
f 2738 2838 2837
f 2738 2739 2838
f 2739 2839 2838
f 2739 2740 2839
f 2740 2840 2839
f 2740 2741 2840
f 2741 2841 2840
f 2741 2742 2841
f 2742 2842 2841
f 2742 2743 2842
f 2743 2843 2842
f 2743 2744 2843
f 2744 2844 2843
f 2744 2745 2844
f 2745 2845 2844
f 2745 2746 2845
f 2746 2846 2845
f 2746 2747 2846
f 2747 2847 2846
f 2747 2748 2847
f 2748 2848 2847
f 2748 2749 2848
f 2749 2849 2848
f 2749 2750 2849
f 2750 2850 2849
f 2750 2751 2850
f 2751 2851 2850
f 2751 2752 2851
f 2752 2852 2851
f 2752 2753 2852
f 2753 2853 2852
f 2753 2754 2853
f 2754 2854 2853
f 2754 2755 2854
f 2755 2855 2854
f 2755 2756 2855
f 2756 2856 2855
f 2756 2757 2856
f 2757 2857 2856
f 2757 2758 2857
f 2758 2858 2857
f 2758 2759 2858
f 2759 2859 2858
f 2759 2760 2859
f 2760 2860 2859
f 2760 2761 2860
f 2761 2861 2860
f 2761 2762 2861
f 2762 2862 2861
f 2762 2763 2862
f 2763 2863 2862
f 2763 2764 2863
f 2764 2864 2863
f 2764 2765 2864
f 2765 2865 2864
f 2765 2766 2865
f 2766 2866 2865
f 2766 2767 2866
f 2767 2867 2866
f 2767 2768 2867
f 2768 2868 2867
f 2768 2769 2868
f 2769 2869 2868
f 2769 2770 2869
f 2770 2870 2869
f 2770 2771 2870
f 2771 2871 2870
f 2771 2772 2871
f 2772 2872 2871
f 2772 2773 2872
f 2773 2873 2872
f 2773 2774 2873
f 2774 2874 2873
f 2774 2775 2874
f 2775 2875 2874
f 2775 2776 2875
f 2776 2876 2875
f 2776 2777 2876
f 2777 2877 2876
f 2777 2778 2877
f 2778 2878 2877
f 2778 2779 2878
f 2779 2879 2878
f 2779 2780 2879
f 2780 2880 2879
f 2780 2781 2880
f 2781 2881 2880
f 2781 2782 2881
f 2782 2882 2881
f 2782 2783 2882
f 2783 2883 2882
f 2783 2784 2883
f 2784 2884 2883
f 2784 2785 2884
f 2785 2885 2884
f 2785 2786 2885
f 2786 2886 2885
f 2786 2787 2886
f 2787 2887 2886
f 2787 2788 2887
f 2788 2888 2887
f 2788 2789 2888
f 2789 2889 2888
f 2789 2790 2889
f 2790 2890 2889
f 2790 2791 2890
f 2791 2891 2890
f 2791 2792 2891
f 2792 2892 2891
f 2792 2793 2892
f 2793 2893 2892
f 2793 2794 2893
f 2794 2894 2893
f 2794 2795 2894
f 2795 2895 2894
f 2795 2796 2895
f 2796 2896 2895
f 2796 2797 2896
f 2797 2897 2896
f 2797 2798 2897
f 2798 2898 2897
f 2798 2799 2898
f 2799 2899 2898
f 2799 2800 2899
f 2800 2900 2899
f 2801 2802 2901
f 2802 2902 2901
f 2802 2803 2902
f 2803 2903 2902
f 2803 2804 2903
f 2804 2904 2903
f 2804 2805 2904
f 2805 2905 2904
f 2805 2806 2905
f 2806 2906 2905
f 2806 2807 2906
f 2807 2907 2906
f 2807 2808 2907
f 2808 2908 2907
f 2808 2809 2908
f 2809 2909 2908
f 2809 2810 2909
f 2810 2910 2909
f 2810 2811 2910
f 2811 2911 2910
f 2811 2812 2911
f 2812 2912 2911
f 2812 2813 2912
f 2813 2913 2912
f 2813 2814 2913
f 2814 2914 2913
f 2814 2815 2914
f 2815 2915 2914
f 2815 2816 2915
f 2816 2916 2915
f 2816 2817 2916
f 2817 2917 2916
f 2817 2818 2917
f 2818 2918 2917
f 2818 2819 2918
f 2819 2919 2918
f 2819 2820 2919
f 2820 2920 2919
f 2820 2821 2920
f 2821 2921 2920
f 2821 2822 2921
f 2822 2922 2921
f 2822 2823 2922
f 2823 2923 2922
f 2823 2824 2923
f 2824 2924 2923
f 2824 2825 2924
f 2825 2925 2924
f 2825 2826 2925
f 2826 2926 2925
f 2826 2827 2926
f 2827 2927 2926
f 2827 2828 2927
f 2828 2928 2927
f 2828 2829 2928
f 2829 2929 2928
f 2829 2830 2929
f 2830 2930 2929
f 2830 2831 2930
f 2831 2931 2930
f 2831 2832 2931
f 2832 2932 2931
f 2832 2833 2932
f 2833 2933 2932
f 2833 2834 2933
f 2834 2934 2933
f 2834 2835 2934
f 2835 2935 2934
f 2835 2836 2935
f 2836 2936 2935
f 2836 2837 2936
f 2837 2937 2936
f 2837 2838 2937
f 2838 2938 2937
f 2838 2839 2938
f 2839 2939 2938
f 2839 2840 2939
f 2840 2940 2939
f 2840 2841 2940
f 2841 2941 2940
f 2841 2842 2941
f 2842 2942 2941
f 2842 2843 2942
f 2843 2943 2942
f 2843 2844 2943
f 2844 2944 2943
f 2844 2845 2944
f 2845 2945 2944
f 2845 2846 2945
f 2846 2946 2945
f 2846 2847 2946
f 2847 2947 2946
f 2847 2848 2947
f 2848 2948 2947
f 2848 2849 2948
f 2849 2949 2948
f 2849 2850 2949
f 2850 2950 2949
f 2850 2851 2950
f 2851 2951 2950
f 2851 2852 2951
f 2852 2952 2951
f 2852 2853 2952
f 2853 2953 2952
f 2853 2854 2953
f 2854 2954 2953
f 2854 2855 2954
f 2855 2955 2954
f 2855 2856 2955
f 2856 2956 2955
f 2856 2857 2956
f 2857 2957 2956
f 2857 2858 2957
f 2858 2958 2957
f 2858 2859 2958
f 2859 2959 2958
f 2859 2860 2959
f 2860 2960 2959
f 2860 2861 2960
f 2861 2961 2960
f 2861 2862 2961
f 2862 2962 2961
f 2862 2863 2962
f 2863 2963 2962
f 2863 2864 2963
f 2864 2964 2963
f 2864 2865 2964
f 2865 2965 2964
f 2865 2866 2965
f 2866 2966 2965
f 2866 2867 2966
f 2867 2967 2966
f 2867 2868 2967
f 2868 2968 2967
f 2868 2869 2968
f 2869 2969 2968
f 2869 2870 2969
f 2870 2970 2969
f 2870 2871 2970
f 2871 2971 2970
f 2871 2872 2971
f 2872 2972 2971
f 2872 2873 2972
f 2873 2973 2972
f 2873 2874 2973
f 2874 2974 2973
f 2874 2875 2974
f 2875 2975 2974
f 2875 2876 2975
f 2876 2976 2975
f 2876 2877 2976
f 2877 2977 2976
f 2877 2878 2977
f 2878 2978 2977
f 2878 2879 2978
f 2879 2979 2978
f 2879 2880 2979
f 2880 2980 2979
f 2880 2881 2980
f 2881 2981 2980
f 2881 2882 2981
f 2882 2982 2981
f 2882 2883 2982
f 2883 2983 2982
f 2883 2884 2983
f 2884 2984 2983
f 2884 2885 2984
f 2885 2985 2984
f 2885 2886 2985
f 2886 2986 2985
f 2886 2887 2986
f 2887 2987 2986
f 2887 2888 2987
f 2888 2988 2987
f 2888 2889 2988
f 2889 2989 2988
f 2889 2890 2989
f 2890 2990 2989
f 2890 2891 2990
f 2891 2991 2990
f 2891 2892 2991
f 2892 2992 2991
f 2892 2893 2992
f 2893 2993 2992
f 2893 2894 2993
f 2894 2994 2993
f 2894 2895 2994
f 2895 2995 2994
f 2895 2896 2995
f 2896 2996 2995
f 2896 2897 2996
f 2897 2997 2996
f 2897 2898 2997
f 2898 2998 2997
f 2898 2899 2998
f 2899 2999 2998
f 2899 2900 2999
f 2900 3000 2999
f 2901 2902 3001
f 2902 3002 3001
f 2902 2903 3002
f 2903 3003 3002
f 2903 2904 3003
f 2904 3004 3003
f 2904 2905 3004
f 2905 3005 3004
f 2905 2906 3005
f 2906 3006 3005
f 2906 2907 3006
f 2907 3007 3006
f 2907 2908 3007
f 2908 3008 3007
f 2908 2909 3008
f 2909 3009 3008
f 2909 2910 3009
f 2910 3010 3009
f 2910 2911 3010
f 2911 3011 3010
f 2911 2912 3011
f 2912 3012 3011
f 2912 2913 3012
f 2913 3013 3012
f 2913 2914 3013
f 2914 3014 3013
f 2914 2915 3014
f 2915 3015 3014
f 2915 2916 3015
f 2916 3016 3015
f 2916 2917 3016
f 2917 3017 3016
f 2917 2918 3017
f 2918 3018 3017
f 2918 2919 3018
f 2919 3019 3018
f 2919 2920 3019
f 2920 3020 3019
f 2920 2921 3020
f 2921 3021 3020
f 2921 2922 3021
f 2922 3022 3021
f 2922 2923 3022
f 2923 3023 3022
f 2923 2924 3023
f 2924 3024 3023
f 2924 2925 3024
f 2925 3025 3024
f 2925 2926 3025
f 2926 3026 3025
f 2926 2927 3026
f 2927 3027 3026
f 2927 2928 3027
f 2928 3028 3027
f 2928 2929 3028
f 2929 3029 3028
f 2929 2930 3029
f 2930 3030 3029
f 2930 2931 3030
f 2931 3031 3030
f 2931 2932 3031
f 2932 3032 3031
f 2932 2933 3032
f 2933 3033 3032
f 2933 2934 3033
f 2934 3034 3033
f 2934 2935 3034
f 2935 3035 3034
f 2935 2936 3035
f 2936 3036 3035
f 2936 2937 3036
f 2937 3037 3036
f 2937 2938 3037
f 2938 3038 3037
f 2938 2939 3038
f 2939 3039 3038
f 2939 2940 3039
f 2940 3040 3039
f 2940 2941 3040
f 2941 3041 3040
f 2941 2942 3041
f 2942 3042 3041
f 2942 2943 3042
f 2943 3043 3042
f 2943 2944 3043
f 2944 3044 3043
f 2944 2945 3044
f 2945 3045 3044
f 2945 2946 3045
f 2946 3046 3045
f 2946 2947 3046
f 2947 3047 3046
f 2947 2948 3047
f 2948 3048 3047
f 2948 2949 3048
f 2949 3049 3048
f 2949 2950 3049
f 2950 3050 3049
f 2950 2951 3050
f 2951 3051 3050
f 2951 2952 3051
f 2952 3052 3051
f 2952 2953 3052
f 2953 3053 3052
f 2953 2954 3053
f 2954 3054 3053
f 2954 2955 3054
f 2955 3055 3054
f 2955 2956 3055
f 2956 3056 3055
f 2956 2957 3056
f 2957 3057 3056
f 2957 2958 3057
f 2958 3058 3057
f 2958 2959 3058
f 2959 3059 3058
f 2959 2960 3059
f 2960 3060 3059
f 2960 2961 3060
f 2961 3061 3060
f 2961 2962 3061
f 2962 3062 3061
f 2962 2963 3062
f 2963 3063 3062
f 2963 2964 3063
f 2964 3064 3063
f 2964 2965 3064
f 2965 3065 3064
f 2965 2966 3065
f 2966 3066 3065
f 2966 2967 3066
f 2967 3067 3066
f 2967 2968 3067
f 2968 3068 3067
f 2968 2969 3068
f 2969 3069 3068
f 2969 2970 3069
f 2970 3070 3069
f 2970 2971 3070
f 2971 3071 3070
f 2971 2972 3071
f 2972 3072 3071
f 2972 2973 3072
f 2973 3073 3072
f 2973 2974 3073
f 2974 3074 3073
f 2974 2975 3074
f 2975 3075 3074
f 2975 2976 3075
f 2976 3076 3075
f 2976 2977 3076
f 2977 3077 3076
f 2977 2978 3077
f 2978 3078 3077
f 2978 2979 3078
f 2979 3079 3078
f 2979 2980 3079
f 2980 3080 3079
f 2980 2981 3080
f 2981 3081 3080
f 2981 2982 3081
f 2982 3082 3081
f 2982 2983 3082
f 2983 3083 3082
f 2983 2984 3083
f 2984 3084 3083
f 2984 2985 3084
f 2985 3085 3084
f 2985 2986 3085
f 2986 3086 3085
f 2986 2987 3086
f 2987 3087 3086
f 2987 2988 3087
f 2988 3088 3087
f 2988 2989 3088
f 2989 3089 3088
f 2989 2990 3089
f 2990 3090 3089
f 2990 2991 3090
f 2991 3091 3090
f 2991 2992 3091
f 2992 3092 3091
f 2992 2993 3092
f 2993 3093 3092
f 2993 2994 3093
f 2994 3094 3093
f 2994 2995 3094
f 2995 3095 3094
f 2995 2996 3095
f 2996 3096 3095
f 2996 2997 3096
f 2997 3097 3096
f 2997 2998 3097
f 2998 3098 3097
f 2998 2999 3098
f 2999 3099 3098
f 2999 3000 3099
f 3000 3100 3099
f 3001 3002 3101
f 3002 3102 3101
f 3002 3003 3102
f 3003 3103 3102
f 3003 3004 3103
f 3004 3104 3103
f 3004 3005 3104
f 3005 3105 3104
f 3005 3006 3105
f 3006 3106 3105
f 3006 3007 3106
f 3007 3107 3106
f 3007 3008 3107
f 3008 3108 3107
f 3008 3009 3108
f 3009 3109 3108
f 3009 3010 3109
f 3010 3110 3109
f 3010 3011 3110
f 3011 3111 3110
f 3011 3012 3111
f 3012 3112 3111
f 3012 3013 3112
f 3013 3113 3112
f 3013 3014 3113
f 3014 3114 3113
f 3014 3015 3114
f 3015 3115 3114
f 3015 3016 3115
f 3016 3116 3115
f 3016 3017 3116
f 3017 3117 3116
f 3017 3018 3117
f 3018 3118 3117
f 3018 3019 3118
f 3019 3119 3118
f 3019 3020 3119
f 3020 3120 3119
f 3020 3021 3120
f 3021 3121 3120
f 3021 3022 3121
f 3022 3122 3121
f 3022 3023 3122
f 3023 3123 3122
f 3023 3024 3123
f 3024 3124 3123
f 3024 3025 3124
f 3025 3125 3124
f 3025 3026 3125
f 3026 3126 3125
f 3026 3027 3126
f 3027 3127 3126
f 3027 3028 3127
f 3028 3128 3127
f 3028 3029 3128
f 3029 3129 3128
f 3029 3030 3129
f 3030 3130 3129
f 3030 3031 3130
f 3031 3131 3130
f 3031 3032 3131
f 3032 3132 3131
f 3032 3033 3132
f 3033 3133 3132
f 3033 3034 3133
f 3034 3134 3133
f 3034 3035 3134
f 3035 3135 3134
f 3035 3036 3135
f 3036 3136 3135
f 3036 3037 3136
f 3037 3137 3136
f 3037 3038 3137
f 3038 3138 3137
f 3038 3039 3138
f 3039 3139 3138
f 3039 3040 3139
f 3040 3140 3139
f 3040 3041 3140
f 3041 3141 3140
f 3041 3042 3141
f 3042 3142 3141
f 3042 3043 3142
f 3043 3143 3142
f 3043 3044 3143
f 3044 3144 3143
f 3044 3045 3144
f 3045 3145 3144
f 3045 3046 3145
f 3046 3146 3145
f 3046 3047 3146
f 3047 3147 3146
f 3047 3048 3147
f 3048 3148 3147
f 3048 3049 3148
f 3049 3149 3148
f 3049 3050 3149
f 3050 3150 3149
f 3050 3051 3150
f 3051 3151 3150
f 3051 3052 3151
f 3052 3152 3151
f 3052 3053 3152
f 3053 3153 3152
f 3053 3054 3153
f 3054 3154 3153
f 3054 3055 3154
f 3055 3155 3154
f 3055 3056 3155
f 3056 3156 3155
f 3056 3057 3156
f 3057 3157 3156
f 3057 3058 3157
f 3058 3158 3157
f 3058 3059 3158
f 3059 3159 3158
f 3059 3060 3159
f 3060 3160 3159
f 3060 3061 3160
f 3061 3161 3160
f 3061 3062 3161
f 3062 3162 3161
f 3062 3063 3162
f 3063 3163 3162
f 3063 3064 3163
f 3064 3164 3163
f 3064 3065 3164
f 3065 3165 3164
f 3065 3066 3165
f 3066 3166 3165
f 3066 3067 3166
f 3067 3167 3166
f 3067 3068 3167
f 3068 3168 3167
f 3068 3069 3168
f 3069 3169 3168
f 3069 3070 3169
f 3070 3170 3169
f 3070 3071 3170
f 3071 3171 3170
f 3071 3072 3171
f 3072 3172 3171
f 3072 3073 3172
f 3073 3173 3172
f 3073 3074 3173
f 3074 3174 3173
f 3074 3075 3174
f 3075 3175 3174
f 3075 3076 3175
f 3076 3176 3175
f 3076 3077 3176
f 3077 3177 3176
f 3077 3078 3177
f 3078 3178 3177
f 3078 3079 3178
f 3079 3179 3178
f 3079 3080 3179
f 3080 3180 3179
f 3080 3081 3180
f 3081 3181 3180
f 3081 3082 3181
f 3082 3182 3181
f 3082 3083 3182
f 3083 3183 3182
f 3083 3084 3183
f 3084 3184 3183
f 3084 3085 3184
f 3085 3185 3184
f 3085 3086 3185
f 3086 3186 3185
f 3086 3087 3186
f 3087 3187 3186
f 3087 3088 3187
f 3088 3188 3187
f 3088 3089 3188
f 3089 3189 3188
f 3089 3090 3189
f 3090 3190 3189
f 3090 3091 3190
f 3091 3191 3190
f 3091 3092 3191
f 3092 3192 3191
f 3092 3093 3192
f 3093 3193 3192
f 3093 3094 3193
f 3094 3194 3193
f 3094 3095 3194
f 3095 3195 3194
f 3095 3096 3195
f 3096 3196 3195
f 3096 3097 3196
f 3097 3197 3196
f 3097 3098 3197
f 3098 3198 3197
f 3098 3099 3198
f 3099 3199 3198
f 3099 3100 3199
f 3100 3200 3199
f 3101 3102 3201
f 3102 3202 3201
f 3102 3103 3202
f 3103 3203 3202
f 3103 3104 3203
f 3104 3204 3203
f 3104 3105 3204
f 3105 3205 3204
f 3105 3106 3205
f 3106 3206 3205
f 3106 3107 3206
f 3107 3207 3206
f 3107 3108 3207
f 3108 3208 3207
f 3108 3109 3208
f 3109 3209 3208
f 3109 3110 3209
f 3110 3210 3209
f 3110 3111 3210
f 3111 3211 3210
f 3111 3112 3211
f 3112 3212 3211
f 3112 3113 3212
f 3113 3213 3212
f 3113 3114 3213
f 3114 3214 3213
f 3114 3115 3214
f 3115 3215 3214
f 3115 3116 3215
f 3116 3216 3215
f 3116 3117 3216
f 3117 3217 3216
f 3117 3118 3217
f 3118 3218 3217
f 3118 3119 3218
f 3119 3219 3218
f 3119 3120 3219
f 3120 3220 3219
f 3120 3121 3220
f 3121 3221 3220
f 3121 3122 3221
f 3122 3222 3221
f 3122 3123 3222
f 3123 3223 3222
f 3123 3124 3223
f 3124 3224 3223
f 3124 3125 3224
f 3125 3225 3224
f 3125 3126 3225
f 3126 3226 3225
f 3126 3127 3226
f 3127 3227 3226
f 3127 3128 3227
f 3128 3228 3227
f 3128 3129 3228
f 3129 3229 3228
f 3129 3130 3229
f 3130 3230 3229
f 3130 3131 3230
f 3131 3231 3230
f 3131 3132 3231
f 3132 3232 3231
f 3132 3133 3232
f 3133 3233 3232
f 3133 3134 3233
f 3134 3234 3233
f 3134 3135 3234
f 3135 3235 3234
f 3135 3136 3235
f 3136 3236 3235
f 3136 3137 3236
f 3137 3237 3236
f 3137 3138 3237
f 3138 3238 3237
f 3138 3139 3238
f 3139 3239 3238
f 3139 3140 3239
f 3140 3240 3239
f 3140 3141 3240
f 3141 3241 3240
f 3141 3142 3241
f 3142 3242 3241
f 3142 3143 3242
f 3143 3243 3242
f 3143 3144 3243
f 3144 3244 3243
f 3144 3145 3244
f 3145 3245 3244
f 3145 3146 3245
f 3146 3246 3245
f 3146 3147 3246
f 3147 3247 3246
f 3147 3148 3247
f 3148 3248 3247
f 3148 3149 3248
f 3149 3249 3248
f 3149 3150 3249
f 3150 3250 3249
f 3150 3151 3250
f 3151 3251 3250
f 3151 3152 3251
f 3152 3252 3251
f 3152 3153 3252
f 3153 3253 3252
f 3153 3154 3253
f 3154 3254 3253
f 3154 3155 3254
f 3155 3255 3254
f 3155 3156 3255
f 3156 3256 3255
f 3156 3157 3256
f 3157 3257 3256
f 3157 3158 3257
f 3158 3258 3257
f 3158 3159 3258
f 3159 3259 3258
f 3159 3160 3259
f 3160 3260 3259
f 3160 3161 3260
f 3161 3261 3260
f 3161 3162 3261
f 3162 3262 3261
f 3162 3163 3262
f 3163 3263 3262
f 3163 3164 3263
f 3164 3264 3263
f 3164 3165 3264
f 3165 3265 3264
f 3165 3166 3265
f 3166 3266 3265
f 3166 3167 3266
f 3167 3267 3266
f 3167 3168 3267
f 3168 3268 3267
f 3168 3169 3268
f 3169 3269 3268
f 3169 3170 3269
f 3170 3270 3269
f 3170 3171 3270
f 3171 3271 3270
f 3171 3172 3271
f 3172 3272 3271
f 3172 3173 3272
f 3173 3273 3272
f 3173 3174 3273
f 3174 3274 3273
f 3174 3175 3274
f 3175 3275 3274
f 3175 3176 3275
f 3176 3276 3275
f 3176 3177 3276
f 3177 3277 3276
f 3177 3178 3277
f 3178 3278 3277
f 3178 3179 3278
f 3179 3279 3278
f 3179 3180 3279
f 3180 3280 3279
f 3180 3181 3280
f 3181 3281 3280
f 3181 3182 3281
f 3182 3282 3281
f 3182 3183 3282
f 3183 3283 3282
f 3183 3184 3283
f 3184 3284 3283
f 3184 3185 3284
f 3185 3285 3284
f 3185 3186 3285
f 3186 3286 3285
f 3186 3187 3286
f 3187 3287 3286
f 3187 3188 3287
f 3188 3288 3287
f 3188 3189 3288
f 3189 3289 3288
f 3189 3190 3289
f 3190 3290 3289
f 3190 3191 3290
f 3191 3291 3290
f 3191 3192 3291
f 3192 3292 3291
f 3192 3193 3292
f 3193 3293 3292
f 3193 3194 3293
f 3194 3294 3293
f 3194 3195 3294
f 3195 3295 3294
f 3195 3196 3295
f 3196 3296 3295
f 3196 3197 3296
f 3197 3297 3296
f 3197 3198 3297
f 3198 3298 3297
f 3198 3199 3298
f 3199 3299 3298
f 3199 3200 3299
f 3200 3300 3299
f 3201 3202 3301
f 3202 3302 3301
f 3202 3203 3302
f 3203 3303 3302
f 3203 3204 3303
f 3204 3304 3303
f 3204 3205 3304
f 3205 3305 3304
f 3205 3206 3305
f 3206 3306 3305
f 3206 3207 3306
f 3207 3307 3306
f 3207 3208 3307
f 3208 3308 3307
f 3208 3209 3308
f 3209 3309 3308
f 3209 3210 3309
f 3210 3310 3309
f 3210 3211 3310
f 3211 3311 3310
f 3211 3212 3311
f 3212 3312 3311
f 3212 3213 3312
f 3213 3313 3312
f 3213 3214 3313
f 3214 3314 3313
f 3214 3215 3314
f 3215 3315 3314
f 3215 3216 3315
f 3216 3316 3315
f 3216 3217 3316
f 3217 3317 3316
f 3217 3218 3317
f 3218 3318 3317
f 3218 3219 3318
f 3219 3319 3318
f 3219 3220 3319
f 3220 3320 3319
f 3220 3221 3320
f 3221 3321 3320
f 3221 3222 3321
f 3222 3322 3321
f 3222 3223 3322
f 3223 3323 3322
f 3223 3224 3323
f 3224 3324 3323
f 3224 3225 3324
f 3225 3325 3324
f 3225 3226 3325
f 3226 3326 3325
f 3226 3227 3326
f 3227 3327 3326
f 3227 3228 3327
f 3228 3328 3327
f 3228 3229 3328
f 3229 3329 3328
f 3229 3230 3329
f 3230 3330 3329
f 3230 3231 3330
f 3231 3331 3330
f 3231 3232 3331
f 3232 3332 3331
f 3232 3233 3332
f 3233 3333 3332
f 3233 3234 3333
f 3234 3334 3333
f 3234 3235 3334
f 3235 3335 3334
f 3235 3236 3335
f 3236 3336 3335
f 3236 3237 3336
f 3237 3337 3336
f 3237 3238 3337
f 3238 3338 3337
f 3238 3239 3338
f 3239 3339 3338
f 3239 3240 3339
f 3240 3340 3339
f 3240 3241 3340
f 3241 3341 3340
f 3241 3242 3341
f 3242 3342 3341
f 3242 3243 3342
f 3243 3343 3342
f 3243 3244 3343
f 3244 3344 3343
f 3244 3245 3344
f 3245 3345 3344
f 3245 3246 3345
f 3246 3346 3345
f 3246 3247 3346
f 3247 3347 3346
f 3247 3248 3347
f 3248 3348 3347
f 3248 3249 3348
f 3249 3349 3348
f 3249 3250 3349
f 3250 3350 3349
f 3250 3251 3350
f 3251 3351 3350
f 3251 3252 3351
f 3252 3352 3351
f 3252 3253 3352
f 3253 3353 3352
f 3253 3254 3353
f 3254 3354 3353
f 3254 3255 3354
f 3255 3355 3354
f 3255 3256 3355
f 3256 3356 3355
f 3256 3257 3356
f 3257 3357 3356
f 3257 3258 3357
f 3258 3358 3357
f 3258 3259 3358
f 3259 3359 3358
f 3259 3260 3359
f 3260 3360 3359
f 3260 3261 3360
f 3261 3361 3360
f 3261 3262 3361
f 3262 3362 3361
f 3262 3263 3362
f 3263 3363 3362
f 3263 3264 3363
f 3264 3364 3363
f 3264 3265 3364
f 3265 3365 3364
f 3265 3266 3365
f 3266 3366 3365
f 3266 3267 3366
f 3267 3367 3366
f 3267 3268 3367
f 3268 3368 3367
f 3268 3269 3368
f 3269 3369 3368
f 3269 3270 3369
f 3270 3370 3369
f 3270 3271 3370
f 3271 3371 3370
f 3271 3272 3371
f 3272 3372 3371
f 3272 3273 3372
f 3273 3373 3372
f 3273 3274 3373
f 3274 3374 3373
f 3274 3275 3374
f 3275 3375 3374
f 3275 3276 3375
f 3276 3376 3375
f 3276 3277 3376
f 3277 3377 3376
f 3277 3278 3377
f 3278 3378 3377
f 3278 3279 3378
f 3279 3379 3378
f 3279 3280 3379
f 3280 3380 3379
f 3280 3281 3380
f 3281 3381 3380
f 3281 3282 3381
f 3282 3382 3381
f 3282 3283 3382
f 3283 3383 3382
f 3283 3284 3383
f 3284 3384 3383
f 3284 3285 3384
f 3285 3385 3384
f 3285 3286 3385
f 3286 3386 3385
f 3286 3287 3386
f 3287 3387 3386
f 3287 3288 3387
f 3288 3388 3387
f 3288 3289 3388
f 3289 3389 3388
f 3289 3290 3389
f 3290 3390 3389
f 3290 3291 3390
f 3291 3391 3390
f 3291 3292 3391
f 3292 3392 3391
f 3292 3293 3392
f 3293 3393 3392
f 3293 3294 3393
f 3294 3394 3393
f 3294 3295 3394
f 3295 3395 3394
f 3295 3296 3395
f 3296 3396 3395
f 3296 3297 3396
f 3297 3397 3396
f 3297 3298 3397
f 3298 3398 3397
f 3298 3299 3398
f 3299 3399 3398
f 3299 3300 3399
f 3300 3400 3399
f 3301 3302 3401
f 3302 3402 3401
f 3302 3303 3402
f 3303 3403 3402
f 3303 3304 3403
f 3304 3404 3403
f 3304 3305 3404
f 3305 3405 3404
f 3305 3306 3405
f 3306 3406 3405
f 3306 3307 3406
f 3307 3407 3406
f 3307 3308 3407
f 3308 3408 3407
f 3308 3309 3408
f 3309 3409 3408
f 3309 3310 3409
f 3310 3410 3409
f 3310 3311 3410
f 3311 3411 3410
f 3311 3312 3411
f 3312 3412 3411
f 3312 3313 3412
f 3313 3413 3412
f 3313 3314 3413
f 3314 3414 3413
f 3314 3315 3414
f 3315 3415 3414
f 3315 3316 3415
f 3316 3416 3415
f 3316 3317 3416
f 3317 3417 3416
f 3317 3318 3417
f 3318 3418 3417
f 3318 3319 3418
f 3319 3419 3418
f 3319 3320 3419
f 3320 3420 3419
f 3320 3321 3420
f 3321 3421 3420
f 3321 3322 3421
f 3322 3422 3421
f 3322 3323 3422
f 3323 3423 3422
f 3323 3324 3423
f 3324 3424 3423
f 3324 3325 3424
f 3325 3425 3424
f 3325 3326 3425
f 3326 3426 3425
f 3326 3327 3426
f 3327 3427 3426
f 3327 3328 3427
f 3328 3428 3427
f 3328 3329 3428
f 3329 3429 3428
f 3329 3330 3429
f 3330 3430 3429
f 3330 3331 3430
f 3331 3431 3430
f 3331 3332 3431
f 3332 3432 3431
f 3332 3333 3432
f 3333 3433 3432
f 3333 3334 3433
f 3334 3434 3433
f 3334 3335 3434
f 3335 3435 3434
f 3335 3336 3435
f 3336 3436 3435
f 3336 3337 3436
f 3337 3437 3436
f 3337 3338 3437
f 3338 3438 3437
f 3338 3339 3438
f 3339 3439 3438
f 3339 3340 3439
f 3340 3440 3439
f 3340 3341 3440
f 3341 3441 3440
f 3341 3342 3441
f 3342 3442 3441
f 3342 3343 3442
f 3343 3443 3442
f 3343 3344 3443
f 3344 3444 3443
f 3344 3345 3444
f 3345 3445 3444
f 3345 3346 3445
f 3346 3446 3445
f 3346 3347 3446
f 3347 3447 3446
f 3347 3348 3447
f 3348 3448 3447
f 3348 3349 3448
f 3349 3449 3448
f 3349 3350 3449
f 3350 3450 3449
f 3350 3351 3450
f 3351 3451 3450
f 3351 3352 3451
f 3352 3452 3451
f 3352 3353 3452
f 3353 3453 3452
f 3353 3354 3453
f 3354 3454 3453
f 3354 3355 3454
f 3355 3455 3454
f 3355 3356 3455
f 3356 3456 3455
f 3356 3357 3456
f 3357 3457 3456
f 3357 3358 3457
f 3358 3458 3457
f 3358 3359 3458
f 3359 3459 3458
f 3359 3360 3459
f 3360 3460 3459
f 3360 3361 3460
f 3361 3461 3460
f 3361 3362 3461
f 3362 3462 3461
f 3362 3363 3462
f 3363 3463 3462
f 3363 3364 3463
f 3364 3464 3463
f 3364 3365 3464
f 3365 3465 3464
f 3365 3366 3465
f 3366 3466 3465
f 3366 3367 3466
f 3367 3467 3466
f 3367 3368 3467
f 3368 3468 3467
f 3368 3369 3468
f 3369 3469 3468
f 3369 3370 3469
f 3370 3470 3469
f 3370 3371 3470
f 3371 3471 3470
f 3371 3372 3471
f 3372 3472 3471
f 3372 3373 3472
f 3373 3473 3472
f 3373 3374 3473
f 3374 3474 3473
f 3374 3375 3474
f 3375 3475 3474
f 3375 3376 3475
f 3376 3476 3475
f 3376 3377 3476
f 3377 3477 3476
f 3377 3378 3477
f 3378 3478 3477
f 3378 3379 3478
f 3379 3479 3478
f 3379 3380 3479
f 3380 3480 3479
f 3380 3381 3480
f 3381 3481 3480
f 3381 3382 3481
f 3382 3482 3481
f 3382 3383 3482
f 3383 3483 3482
f 3383 3384 3483
f 3384 3484 3483
f 3384 3385 3484
f 3385 3485 3484
f 3385 3386 3485
f 3386 3486 3485
f 3386 3387 3486
f 3387 3487 3486
f 3387 3388 3487
f 3388 3488 3487
f 3388 3389 3488
f 3389 3489 3488
f 3389 3390 3489
f 3390 3490 3489
f 3390 3391 3490
f 3391 3491 3490
f 3391 3392 3491
f 3392 3492 3491
f 3392 3393 3492
f 3393 3493 3492
f 3393 3394 3493
f 3394 3494 3493
f 3394 3395 3494
f 3395 3495 3494
f 3395 3396 3495
f 3396 3496 3495
f 3396 3397 3496
f 3397 3497 3496
f 3397 3398 3497
f 3398 3498 3497
f 3398 3399 3498
f 3399 3499 3498
f 3399 3400 3499
f 3400 3500 3499
f 3401 3402 3501
f 3402 3502 3501
f 3402 3403 3502
f 3403 3503 3502
f 3403 3404 3503
f 3404 3504 3503
f 3404 3405 3504
f 3405 3505 3504
f 3405 3406 3505
f 3406 3506 3505
f 3406 3407 3506
f 3407 3507 3506
f 3407 3408 3507
f 3408 3508 3507
f 3408 3409 3508
f 3409 3509 3508
f 3409 3410 3509
f 3410 3510 3509
f 3410 3411 3510
f 3411 3511 3510
f 3411 3412 3511
f 3412 3512 3511
f 3412 3413 3512
f 3413 3513 3512
f 3413 3414 3513
f 3414 3514 3513
f 3414 3415 3514
f 3415 3515 3514
f 3415 3416 3515
f 3416 3516 3515
f 3416 3417 3516
f 3417 3517 3516
f 3417 3418 3517
f 3418 3518 3517
f 3418 3419 3518
f 3419 3519 3518
f 3419 3420 3519
f 3420 3520 3519
f 3420 3421 3520
f 3421 3521 3520
f 3421 3422 3521
f 3422 3522 3521
f 3422 3423 3522
f 3423 3523 3522
f 3423 3424 3523
f 3424 3524 3523
f 3424 3425 3524
f 3425 3525 3524
f 3425 3426 3525
f 3426 3526 3525
f 3426 3427 3526
f 3427 3527 3526
f 3427 3428 3527
f 3428 3528 3527
f 3428 3429 3528
f 3429 3529 3528
f 3429 3430 3529
f 3430 3530 3529
f 3430 3431 3530
f 3431 3531 3530
f 3431 3432 3531
f 3432 3532 3531
f 3432 3433 3532
f 3433 3533 3532
f 3433 3434 3533
f 3434 3534 3533
f 3434 3435 3534
f 3435 3535 3534
f 3435 3436 3535
f 3436 3536 3535
f 3436 3437 3536
f 3437 3537 3536
f 3437 3438 3537
f 3438 3538 3537
f 3438 3439 3538
f 3439 3539 3538
f 3439 3440 3539
f 3440 3540 3539
f 3440 3441 3540
f 3441 3541 3540
f 3441 3442 3541
f 3442 3542 3541
f 3442 3443 3542
f 3443 3543 3542
f 3443 3444 3543
f 3444 3544 3543
f 3444 3445 3544
f 3445 3545 3544
f 3445 3446 3545
f 3446 3546 3545
f 3446 3447 3546
f 3447 3547 3546
f 3447 3448 3547
f 3448 3548 3547
f 3448 3449 3548
f 3449 3549 3548
f 3449 3450 3549
f 3450 3550 3549
f 3450 3451 3550
f 3451 3551 3550
f 3451 3452 3551
f 3452 3552 3551
f 3452 3453 3552
f 3453 3553 3552
f 3453 3454 3553
f 3454 3554 3553
f 3454 3455 3554
f 3455 3555 3554
f 3455 3456 3555
f 3456 3556 3555
f 3456 3457 3556
f 3457 3557 3556
f 3457 3458 3557
f 3458 3558 3557
f 3458 3459 3558
f 3459 3559 3558
f 3459 3460 3559
f 3460 3560 3559
f 3460 3461 3560
f 3461 3561 3560
f 3461 3462 3561
f 3462 3562 3561
f 3462 3463 3562
f 3463 3563 3562
f 3463 3464 3563
f 3464 3564 3563
f 3464 3465 3564
f 3465 3565 3564
f 3465 3466 3565
f 3466 3566 3565
f 3466 3467 3566
f 3467 3567 3566
f 3467 3468 3567
f 3468 3568 3567
f 3468 3469 3568
f 3469 3569 3568
f 3469 3470 3569
f 3470 3570 3569
f 3470 3471 3570
f 3471 3571 3570
f 3471 3472 3571
f 3472 3572 3571
f 3472 3473 3572
f 3473 3573 3572
f 3473 3474 3573
f 3474 3574 3573
f 3474 3475 3574
f 3475 3575 3574
f 3475 3476 3575
f 3476 3576 3575
f 3476 3477 3576
f 3477 3577 3576
f 3477 3478 3577
f 3478 3578 3577
f 3478 3479 3578
f 3479 3579 3578
f 3479 3480 3579
f 3480 3580 3579
f 3480 3481 3580
f 3481 3581 3580
f 3481 3482 3581
f 3482 3582 3581
f 3482 3483 3582
f 3483 3583 3582
f 3483 3484 3583
f 3484 3584 3583
f 3484 3485 3584
f 3485 3585 3584
f 3485 3486 3585
f 3486 3586 3585
f 3486 3487 3586
f 3487 3587 3586
f 3487 3488 3587
f 3488 3588 3587
f 3488 3489 3588
f 3489 3589 3588
f 3489 3490 3589
f 3490 3590 3589
f 3490 3491 3590
f 3491 3591 3590
f 3491 3492 3591
f 3492 3592 3591
f 3492 3493 3592
f 3493 3593 3592
f 3493 3494 3593
f 3494 3594 3593
f 3494 3495 3594
f 3495 3595 3594
f 3495 3496 3595
f 3496 3596 3595
f 3496 3497 3596
f 3497 3597 3596
f 3497 3498 3597
f 3498 3598 3597
f 3498 3499 3598
f 3499 3599 3598
f 3499 3500 3599
f 3500 3600 3599
f 3501 3502 3601
f 3502 3602 3601
f 3502 3503 3602
f 3503 3603 3602
f 3503 3504 3603
f 3504 3604 3603
f 3504 3505 3604
f 3505 3605 3604
f 3505 3506 3605
f 3506 3606 3605
f 3506 3507 3606
f 3507 3607 3606
f 3507 3508 3607
f 3508 3608 3607
f 3508 3509 3608
f 3509 3609 3608
f 3509 3510 3609
f 3510 3610 3609
f 3510 3511 3610
f 3511 3611 3610
f 3511 3512 3611
f 3512 3612 3611
f 3512 3513 3612
f 3513 3613 3612
f 3513 3514 3613
f 3514 3614 3613
f 3514 3515 3614
f 3515 3615 3614
f 3515 3516 3615
f 3516 3616 3615
f 3516 3517 3616
f 3517 3617 3616
f 3517 3518 3617
f 3518 3618 3617
f 3518 3519 3618
f 3519 3619 3618
f 3519 3520 3619
f 3520 3620 3619
f 3520 3521 3620
f 3521 3621 3620
f 3521 3522 3621
f 3522 3622 3621
f 3522 3523 3622
f 3523 3623 3622
f 3523 3524 3623
f 3524 3624 3623
f 3524 3525 3624
f 3525 3625 3624
f 3525 3526 3625
f 3526 3626 3625
f 3526 3527 3626
f 3527 3627 3626
f 3527 3528 3627
f 3528 3628 3627
f 3528 3529 3628
f 3529 3629 3628
f 3529 3530 3629
f 3530 3630 3629
f 3530 3531 3630
f 3531 3631 3630
f 3531 3532 3631
f 3532 3632 3631
f 3532 3533 3632
f 3533 3633 3632
f 3533 3534 3633
f 3534 3634 3633
f 3534 3535 3634
f 3535 3635 3634
f 3535 3536 3635
f 3536 3636 3635
f 3536 3537 3636
f 3537 3637 3636
f 3537 3538 3637
f 3538 3638 3637
f 3538 3539 3638
f 3539 3639 3638
f 3539 3540 3639
f 3540 3640 3639
f 3540 3541 3640
f 3541 3641 3640
f 3541 3542 3641
f 3542 3642 3641
f 3542 3543 3642
f 3543 3643 3642
f 3543 3544 3643
f 3544 3644 3643
f 3544 3545 3644
f 3545 3645 3644
f 3545 3546 3645
f 3546 3646 3645
f 3546 3547 3646
f 3547 3647 3646
f 3547 3548 3647
f 3548 3648 3647
f 3548 3549 3648
f 3549 3649 3648
f 3549 3550 3649
f 3550 3650 3649
f 3550 3551 3650
f 3551 3651 3650
f 3551 3552 3651
f 3552 3652 3651
f 3552 3553 3652
f 3553 3653 3652
f 3553 3554 3653
f 3554 3654 3653
f 3554 3555 3654
f 3555 3655 3654
f 3555 3556 3655
f 3556 3656 3655
f 3556 3557 3656
f 3557 3657 3656
f 3557 3558 3657
f 3558 3658 3657
f 3558 3559 3658
f 3559 3659 3658
f 3559 3560 3659
f 3560 3660 3659
f 3560 3561 3660
f 3561 3661 3660
f 3561 3562 3661
f 3562 3662 3661
f 3562 3563 3662
f 3563 3663 3662
f 3563 3564 3663
f 3564 3664 3663
f 3564 3565 3664
f 3565 3665 3664
f 3565 3566 3665
f 3566 3666 3665
f 3566 3567 3666
f 3567 3667 3666
f 3567 3568 3667
f 3568 3668 3667
f 3568 3569 3668
f 3569 3669 3668
f 3569 3570 3669
f 3570 3670 3669
f 3570 3571 3670
f 3571 3671 3670
f 3571 3572 3671
f 3572 3672 3671
f 3572 3573 3672
f 3573 3673 3672
f 3573 3574 3673
f 3574 3674 3673
f 3574 3575 3674
f 3575 3675 3674
f 3575 3576 3675
f 3576 3676 3675
f 3576 3577 3676
f 3577 3677 3676
f 3577 3578 3677
f 3578 3678 3677
f 3578 3579 3678
f 3579 3679 3678
f 3579 3580 3679
f 3580 3680 3679
f 3580 3581 3680
f 3581 3681 3680
f 3581 3582 3681
f 3582 3682 3681
f 3582 3583 3682
f 3583 3683 3682
f 3583 3584 3683
f 3584 3684 3683
f 3584 3585 3684
f 3585 3685 3684
f 3585 3586 3685
f 3586 3686 3685
f 3586 3587 3686
f 3587 3687 3686
f 3587 3588 3687
f 3588 3688 3687
f 3588 3589 3688
f 3589 3689 3688
f 3589 3590 3689
f 3590 3690 3689
f 3590 3591 3690
f 3591 3691 3690
f 3591 3592 3691
f 3592 3692 3691
f 3592 3593 3692
f 3593 3693 3692
f 3593 3594 3693
f 3594 3694 3693
f 3594 3595 3694
f 3595 3695 3694
f 3595 3596 3695
f 3596 3696 3695
f 3596 3597 3696
f 3597 3697 3696
f 3597 3598 3697
f 3598 3698 3697
f 3598 3599 3698
f 3599 3699 3698
f 3599 3600 3699
f 3600 3700 3699
f 3601 3602 3701
f 3602 3702 3701
f 3602 3603 3702
f 3603 3703 3702
f 3603 3604 3703
f 3604 3704 3703
f 3604 3605 3704
f 3605 3705 3704
f 3605 3606 3705
f 3606 3706 3705
f 3606 3607 3706
f 3607 3707 3706
f 3607 3608 3707
f 3608 3708 3707
f 3608 3609 3708
f 3609 3709 3708
f 3609 3610 3709
f 3610 3710 3709
f 3610 3611 3710
f 3611 3711 3710
f 3611 3612 3711
f 3612 3712 3711
f 3612 3613 3712
f 3613 3713 3712
f 3613 3614 3713
f 3614 3714 3713
f 3614 3615 3714
f 3615 3715 3714
f 3615 3616 3715
f 3616 3716 3715
f 3616 3617 3716
f 3617 3717 3716
f 3617 3618 3717
f 3618 3718 3717
f 3618 3619 3718
f 3619 3719 3718
f 3619 3620 3719
f 3620 3720 3719
f 3620 3621 3720
f 3621 3721 3720
f 3621 3622 3721
f 3622 3722 3721
f 3622 3623 3722
f 3623 3723 3722
f 3623 3624 3723
f 3624 3724 3723
f 3624 3625 3724
f 3625 3725 3724
f 3625 3626 3725
f 3626 3726 3725
f 3626 3627 3726
f 3627 3727 3726
f 3627 3628 3727
f 3628 3728 3727
f 3628 3629 3728
f 3629 3729 3728
f 3629 3630 3729
f 3630 3730 3729
f 3630 3631 3730
f 3631 3731 3730
f 3631 3632 3731
f 3632 3732 3731
f 3632 3633 3732
f 3633 3733 3732
f 3633 3634 3733
f 3634 3734 3733
f 3634 3635 3734
f 3635 3735 3734
f 3635 3636 3735
f 3636 3736 3735
f 3636 3637 3736
f 3637 3737 3736
f 3637 3638 3737
f 3638 3738 3737
f 3638 3639 3738
f 3639 3739 3738
f 3639 3640 3739
f 3640 3740 3739
f 3640 3641 3740
f 3641 3741 3740
f 3641 3642 3741
f 3642 3742 3741
f 3642 3643 3742
f 3643 3743 3742
f 3643 3644 3743
f 3644 3744 3743
f 3644 3645 3744
f 3645 3745 3744
f 3645 3646 3745
f 3646 3746 3745
f 3646 3647 3746
f 3647 3747 3746
f 3647 3648 3747
f 3648 3748 3747
f 3648 3649 3748
f 3649 3749 3748
f 3649 3650 3749
f 3650 3750 3749
f 3650 3651 3750
f 3651 3751 3750
f 3651 3652 3751
f 3652 3752 3751
f 3652 3653 3752
f 3653 3753 3752
f 3653 3654 3753
f 3654 3754 3753
f 3654 3655 3754
f 3655 3755 3754
f 3655 3656 3755
f 3656 3756 3755
f 3656 3657 3756
f 3657 3757 3756
f 3657 3658 3757
f 3658 3758 3757
f 3658 3659 3758
f 3659 3759 3758
f 3659 3660 3759
f 3660 3760 3759
f 3660 3661 3760
f 3661 3761 3760
f 3661 3662 3761
f 3662 3762 3761
f 3662 3663 3762
f 3663 3763 3762
f 3663 3664 3763
f 3664 3764 3763
f 3664 3665 3764
f 3665 3765 3764
f 3665 3666 3765
f 3666 3766 3765
f 3666 3667 3766
f 3667 3767 3766
f 3667 3668 3767
f 3668 3768 3767
f 3668 3669 3768
f 3669 3769 3768
f 3669 3670 3769
f 3670 3770 3769
f 3670 3671 3770
f 3671 3771 3770
f 3671 3672 3771
f 3672 3772 3771
f 3672 3673 3772
f 3673 3773 3772
f 3673 3674 3773
f 3674 3774 3773
f 3674 3675 3774
f 3675 3775 3774
f 3675 3676 3775
f 3676 3776 3775
f 3676 3677 3776
f 3677 3777 3776
f 3677 3678 3777
f 3678 3778 3777
f 3678 3679 3778
f 3679 3779 3778
f 3679 3680 3779
f 3680 3780 3779
f 3680 3681 3780
f 3681 3781 3780
f 3681 3682 3781
f 3682 3782 3781
f 3682 3683 3782
f 3683 3783 3782
f 3683 3684 3783
f 3684 3784 3783
f 3684 3685 3784
f 3685 3785 3784
f 3685 3686 3785
f 3686 3786 3785
f 3686 3687 3786
f 3687 3787 3786
f 3687 3688 3787
f 3688 3788 3787
f 3688 3689 3788
f 3689 3789 3788
f 3689 3690 3789
f 3690 3790 3789
f 3690 3691 3790
f 3691 3791 3790
f 3691 3692 3791
f 3692 3792 3791
f 3692 3693 3792
f 3693 3793 3792
f 3693 3694 3793
f 3694 3794 3793
f 3694 3695 3794
f 3695 3795 3794
f 3695 3696 3795
f 3696 3796 3795
f 3696 3697 3796
f 3697 3797 3796
f 3697 3698 3797
f 3698 3798 3797
f 3698 3699 3798
f 3699 3799 3798
f 3699 3700 3799
f 3700 3800 3799
f 3701 3702 3801
f 3702 3802 3801
f 3702 3703 3802
f 3703 3803 3802
f 3703 3704 3803
f 3704 3804 3803
f 3704 3705 3804
f 3705 3805 3804
f 3705 3706 3805
f 3706 3806 3805
f 3706 3707 3806
f 3707 3807 3806
f 3707 3708 3807
f 3708 3808 3807
f 3708 3709 3808
f 3709 3809 3808
f 3709 3710 3809
f 3710 3810 3809
f 3710 3711 3810
f 3711 3811 3810
f 3711 3712 3811
f 3712 3812 3811
f 3712 3713 3812
f 3713 3813 3812
f 3713 3714 3813
f 3714 3814 3813
f 3714 3715 3814
f 3715 3815 3814
f 3715 3716 3815
f 3716 3816 3815
f 3716 3717 3816
f 3717 3817 3816
f 3717 3718 3817
f 3718 3818 3817
f 3718 3719 3818
f 3719 3819 3818
f 3719 3720 3819
f 3720 3820 3819
f 3720 3721 3820
f 3721 3821 3820
f 3721 3722 3821
f 3722 3822 3821
f 3722 3723 3822
f 3723 3823 3822
f 3723 3724 3823
f 3724 3824 3823
f 3724 3725 3824
f 3725 3825 3824
f 3725 3726 3825
f 3726 3826 3825
f 3726 3727 3826
f 3727 3827 3826
f 3727 3728 3827
f 3728 3828 3827
f 3728 3729 3828
f 3729 3829 3828
f 3729 3730 3829
f 3730 3830 3829
f 3730 3731 3830
f 3731 3831 3830
f 3731 3732 3831
f 3732 3832 3831
f 3732 3733 3832
f 3733 3833 3832
f 3733 3734 3833
f 3734 3834 3833
f 3734 3735 3834
f 3735 3835 3834
f 3735 3736 3835
f 3736 3836 3835
f 3736 3737 3836
f 3737 3837 3836
f 3737 3738 3837
f 3738 3838 3837
f 3738 3739 3838
f 3739 3839 3838
f 3739 3740 3839
f 3740 3840 3839
f 3740 3741 3840
f 3741 3841 3840
f 3741 3742 3841
f 3742 3842 3841
f 3742 3743 3842
f 3743 3843 3842
f 3743 3744 3843
f 3744 3844 3843
f 3744 3745 3844
f 3745 3845 3844
f 3745 3746 3845
f 3746 3846 3845
f 3746 3747 3846
f 3747 3847 3846
f 3747 3748 3847
f 3748 3848 3847
f 3748 3749 3848
f 3749 3849 3848
f 3749 3750 3849
f 3750 3850 3849
f 3750 3751 3850
f 3751 3851 3850
f 3751 3752 3851
f 3752 3852 3851
f 3752 3753 3852
f 3753 3853 3852
f 3753 3754 3853
f 3754 3854 3853
f 3754 3755 3854
f 3755 3855 3854
f 3755 3756 3855
f 3756 3856 3855
f 3756 3757 3856
f 3757 3857 3856
f 3757 3758 3857
f 3758 3858 3857
f 3758 3759 3858
f 3759 3859 3858
f 3759 3760 3859
f 3760 3860 3859
f 3760 3761 3860
f 3761 3861 3860
f 3761 3762 3861
f 3762 3862 3861
f 3762 3763 3862
f 3763 3863 3862
f 3763 3764 3863
f 3764 3864 3863
f 3764 3765 3864
f 3765 3865 3864
f 3765 3766 3865
f 3766 3866 3865
f 3766 3767 3866
f 3767 3867 3866
f 3767 3768 3867
f 3768 3868 3867
f 3768 3769 3868
f 3769 3869 3868
f 3769 3770 3869
f 3770 3870 3869
f 3770 3771 3870
f 3771 3871 3870
f 3771 3772 3871
f 3772 3872 3871
f 3772 3773 3872
f 3773 3873 3872
f 3773 3774 3873
f 3774 3874 3873
f 3774 3775 3874
f 3775 3875 3874
f 3775 3776 3875
f 3776 3876 3875
f 3776 3777 3876
f 3777 3877 3876
f 3777 3778 3877
f 3778 3878 3877
f 3778 3779 3878
f 3779 3879 3878
f 3779 3780 3879
f 3780 3880 3879
f 3780 3781 3880
f 3781 3881 3880
f 3781 3782 3881
f 3782 3882 3881
f 3782 3783 3882
f 3783 3883 3882
f 3783 3784 3883
f 3784 3884 3883
f 3784 3785 3884
f 3785 3885 3884
f 3785 3786 3885
f 3786 3886 3885
f 3786 3787 3886
f 3787 3887 3886
f 3787 3788 3887
f 3788 3888 3887
f 3788 3789 3888
f 3789 3889 3888
f 3789 3790 3889
f 3790 3890 3889
f 3790 3791 3890
f 3791 3891 3890
f 3791 3792 3891
f 3792 3892 3891
f 3792 3793 3892
f 3793 3893 3892
f 3793 3794 3893
f 3794 3894 3893
f 3794 3795 3894
f 3795 3895 3894
f 3795 3796 3895
f 3796 3896 3895
f 3796 3797 3896
f 3797 3897 3896
f 3797 3798 3897
f 3798 3898 3897
f 3798 3799 3898
f 3799 3899 3898
f 3799 3800 3899
f 3800 3900 3899
f 3801 3802 3901
f 3802 3902 3901
f 3802 3803 3902
f 3803 3903 3902
f 3803 3804 3903
f 3804 3904 3903
f 3804 3805 3904
f 3805 3905 3904
f 3805 3806 3905
f 3806 3906 3905
f 3806 3807 3906
f 3807 3907 3906
f 3807 3808 3907
f 3808 3908 3907
f 3808 3809 3908
f 3809 3909 3908
f 3809 3810 3909
f 3810 3910 3909
f 3810 3811 3910
f 3811 3911 3910
f 3811 3812 3911
f 3812 3912 3911
f 3812 3813 3912
f 3813 3913 3912
f 3813 3814 3913
f 3814 3914 3913
f 3814 3815 3914
f 3815 3915 3914
f 3815 3816 3915
f 3816 3916 3915
f 3816 3817 3916
f 3817 3917 3916
f 3817 3818 3917
f 3818 3918 3917
f 3818 3819 3918
f 3819 3919 3918
f 3819 3820 3919
f 3820 3920 3919
f 3820 3821 3920
f 3821 3921 3920
f 3821 3822 3921
f 3822 3922 3921
f 3822 3823 3922
f 3823 3923 3922
f 3823 3824 3923
f 3824 3924 3923
f 3824 3825 3924
f 3825 3925 3924
f 3825 3826 3925
f 3826 3926 3925
f 3826 3827 3926
f 3827 3927 3926
f 3827 3828 3927
f 3828 3928 3927
f 3828 3829 3928
f 3829 3929 3928
f 3829 3830 3929
f 3830 3930 3929
f 3830 3831 3930
f 3831 3931 3930
f 3831 3832 3931
f 3832 3932 3931
f 3832 3833 3932
f 3833 3933 3932
f 3833 3834 3933
f 3834 3934 3933
f 3834 3835 3934
f 3835 3935 3934
f 3835 3836 3935
f 3836 3936 3935
f 3836 3837 3936
f 3837 3937 3936
f 3837 3838 3937
f 3838 3938 3937
f 3838 3839 3938
f 3839 3939 3938
f 3839 3840 3939
f 3840 3940 3939
f 3840 3841 3940
f 3841 3941 3940
f 3841 3842 3941
f 3842 3942 3941
f 3842 3843 3942
f 3843 3943 3942
f 3843 3844 3943
f 3844 3944 3943
f 3844 3845 3944
f 3845 3945 3944
f 3845 3846 3945
f 3846 3946 3945
f 3846 3847 3946
f 3847 3947 3946
f 3847 3848 3947
f 3848 3948 3947
f 3848 3849 3948
f 3849 3949 3948
f 3849 3850 3949
f 3850 3950 3949
f 3850 3851 3950
f 3851 3951 3950
f 3851 3852 3951
f 3852 3952 3951
f 3852 3853 3952
f 3853 3953 3952
f 3853 3854 3953
f 3854 3954 3953
f 3854 3855 3954
f 3855 3955 3954
f 3855 3856 3955
f 3856 3956 3955
f 3856 3857 3956
f 3857 3957 3956
f 3857 3858 3957
f 3858 3958 3957
f 3858 3859 3958
f 3859 3959 3958
f 3859 3860 3959
f 3860 3960 3959
f 3860 3861 3960
f 3861 3961 3960
f 3861 3862 3961
f 3862 3962 3961
f 3862 3863 3962
f 3863 3963 3962
f 3863 3864 3963
f 3864 3964 3963
f 3864 3865 3964
f 3865 3965 3964
f 3865 3866 3965
f 3866 3966 3965
f 3866 3867 3966
f 3867 3967 3966
f 3867 3868 3967
f 3868 3968 3967
f 3868 3869 3968
f 3869 3969 3968
f 3869 3870 3969
f 3870 3970 3969
f 3870 3871 3970
f 3871 3971 3970
f 3871 3872 3971
f 3872 3972 3971
f 3872 3873 3972
f 3873 3973 3972
f 3873 3874 3973
f 3874 3974 3973
f 3874 3875 3974
f 3875 3975 3974
f 3875 3876 3975
f 3876 3976 3975
f 3876 3877 3976
f 3877 3977 3976
f 3877 3878 3977
f 3878 3978 3977
f 3878 3879 3978
f 3879 3979 3978
f 3879 3880 3979
f 3880 3980 3979
f 3880 3881 3980
f 3881 3981 3980
f 3881 3882 3981
f 3882 3982 3981
f 3882 3883 3982
f 3883 3983 3982
f 3883 3884 3983
f 3884 3984 3983
f 3884 3885 3984
f 3885 3985 3984
f 3885 3886 3985
f 3886 3986 3985
f 3886 3887 3986
f 3887 3987 3986
f 3887 3888 3987
f 3888 3988 3987
f 3888 3889 3988
f 3889 3989 3988
f 3889 3890 3989
f 3890 3990 3989
f 3890 3891 3990
f 3891 3991 3990
f 3891 3892 3991
f 3892 3992 3991
f 3892 3893 3992
f 3893 3993 3992
f 3893 3894 3993
f 3894 3994 3993
f 3894 3895 3994
f 3895 3995 3994
f 3895 3896 3995
f 3896 3996 3995
f 3896 3897 3996
f 3897 3997 3996
f 3897 3898 3997
f 3898 3998 3997
f 3898 3899 3998
f 3899 3999 3998
f 3899 3900 3999
f 3900 4000 3999
f 3901 3902 4001
f 3902 4002 4001
f 3902 3903 4002
f 3903 4003 4002
f 3903 3904 4003
f 3904 4004 4003
f 3904 3905 4004
f 3905 4005 4004
f 3905 3906 4005
f 3906 4006 4005
f 3906 3907 4006
f 3907 4007 4006
f 3907 3908 4007
f 3908 4008 4007
f 3908 3909 4008
f 3909 4009 4008
f 3909 3910 4009
f 3910 4010 4009
f 3910 3911 4010
f 3911 4011 4010
f 3911 3912 4011
f 3912 4012 4011
f 3912 3913 4012
f 3913 4013 4012
f 3913 3914 4013
f 3914 4014 4013
f 3914 3915 4014
f 3915 4015 4014
f 3915 3916 4015
f 3916 4016 4015
f 3916 3917 4016
f 3917 4017 4016
f 3917 3918 4017
f 3918 4018 4017
f 3918 3919 4018
f 3919 4019 4018
f 3919 3920 4019
f 3920 4020 4019
f 3920 3921 4020
f 3921 4021 4020
f 3921 3922 4021
f 3922 4022 4021
f 3922 3923 4022
f 3923 4023 4022
f 3923 3924 4023
f 3924 4024 4023
f 3924 3925 4024
f 3925 4025 4024
f 3925 3926 4025
f 3926 4026 4025
f 3926 3927 4026
f 3927 4027 4026
f 3927 3928 4027
f 3928 4028 4027
f 3928 3929 4028
f 3929 4029 4028
f 3929 3930 4029
f 3930 4030 4029
f 3930 3931 4030
f 3931 4031 4030
f 3931 3932 4031
f 3932 4032 4031
f 3932 3933 4032
f 3933 4033 4032
f 3933 3934 4033
f 3934 4034 4033
f 3934 3935 4034
f 3935 4035 4034
f 3935 3936 4035
f 3936 4036 4035
f 3936 3937 4036
f 3937 4037 4036
f 3937 3938 4037
f 3938 4038 4037
f 3938 3939 4038
f 3939 4039 4038
f 3939 3940 4039
f 3940 4040 4039
f 3940 3941 4040
f 3941 4041 4040
f 3941 3942 4041
f 3942 4042 4041
f 3942 3943 4042
f 3943 4043 4042
f 3943 3944 4043
f 3944 4044 4043
f 3944 3945 4044
f 3945 4045 4044
f 3945 3946 4045
f 3946 4046 4045
f 3946 3947 4046
f 3947 4047 4046
f 3947 3948 4047
f 3948 4048 4047
f 3948 3949 4048
f 3949 4049 4048
f 3949 3950 4049
f 3950 4050 4049
f 3950 3951 4050
f 3951 4051 4050
f 3951 3952 4051
f 3952 4052 4051
f 3952 3953 4052
f 3953 4053 4052
f 3953 3954 4053
f 3954 4054 4053
f 3954 3955 4054
f 3955 4055 4054
f 3955 3956 4055
f 3956 4056 4055
f 3956 3957 4056
f 3957 4057 4056
f 3957 3958 4057
f 3958 4058 4057
f 3958 3959 4058
f 3959 4059 4058
f 3959 3960 4059
f 3960 4060 4059
f 3960 3961 4060
f 3961 4061 4060
f 3961 3962 4061
f 3962 4062 4061
f 3962 3963 4062
f 3963 4063 4062
f 3963 3964 4063
f 3964 4064 4063
f 3964 3965 4064
f 3965 4065 4064
f 3965 3966 4065
f 3966 4066 4065
f 3966 3967 4066
f 3967 4067 4066
f 3967 3968 4067
f 3968 4068 4067
f 3968 3969 4068
f 3969 4069 4068
f 3969 3970 4069
f 3970 4070 4069
f 3970 3971 4070
f 3971 4071 4070
f 3971 3972 4071
f 3972 4072 4071
f 3972 3973 4072
f 3973 4073 4072
f 3973 3974 4073
f 3974 4074 4073
f 3974 3975 4074
f 3975 4075 4074
f 3975 3976 4075
f 3976 4076 4075
f 3976 3977 4076
f 3977 4077 4076
f 3977 3978 4077
f 3978 4078 4077
f 3978 3979 4078
f 3979 4079 4078
f 3979 3980 4079
f 3980 4080 4079
f 3980 3981 4080
f 3981 4081 4080
f 3981 3982 4081
f 3982 4082 4081
f 3982 3983 4082
f 3983 4083 4082
f 3983 3984 4083
f 3984 4084 4083
f 3984 3985 4084
f 3985 4085 4084
f 3985 3986 4085
f 3986 4086 4085
f 3986 3987 4086
f 3987 4087 4086
f 3987 3988 4087
f 3988 4088 4087
f 3988 3989 4088
f 3989 4089 4088
f 3989 3990 4089
f 3990 4090 4089
f 3990 3991 4090
f 3991 4091 4090
f 3991 3992 4091
f 3992 4092 4091
f 3992 3993 4092
f 3993 4093 4092
f 3993 3994 4093
f 3994 4094 4093
f 3994 3995 4094
f 3995 4095 4094
f 3995 3996 4095
f 3996 4096 4095
f 3996 3997 4096
f 3997 4097 4096
f 3997 3998 4097
f 3998 4098 4097
f 3998 3999 4098
f 3999 4099 4098
f 3999 4000 4099
f 4000 4100 4099
f 4001 4002 4101
f 4002 4102 4101
f 4002 4003 4102
f 4003 4103 4102
f 4003 4004 4103
f 4004 4104 4103
f 4004 4005 4104
f 4005 4105 4104
f 4005 4006 4105
f 4006 4106 4105
f 4006 4007 4106
f 4007 4107 4106
f 4007 4008 4107
f 4008 4108 4107
f 4008 4009 4108
f 4009 4109 4108
f 4009 4010 4109
f 4010 4110 4109
f 4010 4011 4110
f 4011 4111 4110
f 4011 4012 4111
f 4012 4112 4111
f 4012 4013 4112
f 4013 4113 4112
f 4013 4014 4113
f 4014 4114 4113
f 4014 4015 4114
f 4015 4115 4114
f 4015 4016 4115
f 4016 4116 4115
f 4016 4017 4116
f 4017 4117 4116
f 4017 4018 4117
f 4018 4118 4117
f 4018 4019 4118
f 4019 4119 4118
f 4019 4020 4119
f 4020 4120 4119
f 4020 4021 4120
f 4021 4121 4120
f 4021 4022 4121
f 4022 4122 4121
f 4022 4023 4122
f 4023 4123 4122
f 4023 4024 4123
f 4024 4124 4123
f 4024 4025 4124
f 4025 4125 4124
f 4025 4026 4125
f 4026 4126 4125
f 4026 4027 4126
f 4027 4127 4126
f 4027 4028 4127
f 4028 4128 4127
f 4028 4029 4128
f 4029 4129 4128
f 4029 4030 4129
f 4030 4130 4129
f 4030 4031 4130
f 4031 4131 4130
f 4031 4032 4131
f 4032 4132 4131
f 4032 4033 4132
f 4033 4133 4132
f 4033 4034 4133
f 4034 4134 4133
f 4034 4035 4134
f 4035 4135 4134
f 4035 4036 4135
f 4036 4136 4135
f 4036 4037 4136
f 4037 4137 4136
f 4037 4038 4137
f 4038 4138 4137
f 4038 4039 4138
f 4039 4139 4138
f 4039 4040 4139
f 4040 4140 4139
f 4040 4041 4140
f 4041 4141 4140
f 4041 4042 4141
f 4042 4142 4141
f 4042 4043 4142
f 4043 4143 4142
f 4043 4044 4143
f 4044 4144 4143
f 4044 4045 4144
f 4045 4145 4144
f 4045 4046 4145
f 4046 4146 4145
f 4046 4047 4146
f 4047 4147 4146
f 4047 4048 4147
f 4048 4148 4147
f 4048 4049 4148
f 4049 4149 4148
f 4049 4050 4149
f 4050 4150 4149
f 4050 4051 4150
f 4051 4151 4150
f 4051 4052 4151
f 4052 4152 4151
f 4052 4053 4152
f 4053 4153 4152
f 4053 4054 4153
f 4054 4154 4153
f 4054 4055 4154
f 4055 4155 4154
f 4055 4056 4155
f 4056 4156 4155
f 4056 4057 4156
f 4057 4157 4156
f 4057 4058 4157
f 4058 4158 4157
f 4058 4059 4158
f 4059 4159 4158
f 4059 4060 4159
f 4060 4160 4159
f 4060 4061 4160
f 4061 4161 4160
f 4061 4062 4161
f 4062 4162 4161
f 4062 4063 4162
f 4063 4163 4162
f 4063 4064 4163
f 4064 4164 4163
f 4064 4065 4164
f 4065 4165 4164
f 4065 4066 4165
f 4066 4166 4165
f 4066 4067 4166
f 4067 4167 4166
f 4067 4068 4167
f 4068 4168 4167
f 4068 4069 4168
f 4069 4169 4168
f 4069 4070 4169
f 4070 4170 4169
f 4070 4071 4170
f 4071 4171 4170
f 4071 4072 4171
f 4072 4172 4171
f 4072 4073 4172
f 4073 4173 4172
f 4073 4074 4173
f 4074 4174 4173
f 4074 4075 4174
f 4075 4175 4174
f 4075 4076 4175
f 4076 4176 4175
f 4076 4077 4176
f 4077 4177 4176
f 4077 4078 4177
f 4078 4178 4177
f 4078 4079 4178
f 4079 4179 4178
f 4079 4080 4179
f 4080 4180 4179
f 4080 4081 4180
f 4081 4181 4180
f 4081 4082 4181
f 4082 4182 4181
f 4082 4083 4182
f 4083 4183 4182
f 4083 4084 4183
f 4084 4184 4183
f 4084 4085 4184
f 4085 4185 4184
f 4085 4086 4185
f 4086 4186 4185
f 4086 4087 4186
f 4087 4187 4186
f 4087 4088 4187
f 4088 4188 4187
f 4088 4089 4188
f 4089 4189 4188
f 4089 4090 4189
f 4090 4190 4189
f 4090 4091 4190
f 4091 4191 4190
f 4091 4092 4191
f 4092 4192 4191
f 4092 4093 4192
f 4093 4193 4192
f 4093 4094 4193
f 4094 4194 4193
f 4094 4095 4194
f 4095 4195 4194
f 4095 4096 4195
f 4096 4196 4195
f 4096 4097 4196
f 4097 4197 4196
f 4097 4098 4197
f 4098 4198 4197
f 4098 4099 4198
f 4099 4199 4198
f 4099 4100 4199
f 4100 4200 4199
f 4101 4102 4201
f 4102 4202 4201
f 4102 4103 4202
f 4103 4203 4202
f 4103 4104 4203
f 4104 4204 4203
f 4104 4105 4204
f 4105 4205 4204
f 4105 4106 4205
f 4106 4206 4205
f 4106 4107 4206
f 4107 4207 4206
f 4107 4108 4207
f 4108 4208 4207
f 4108 4109 4208
f 4109 4209 4208
f 4109 4110 4209
f 4110 4210 4209
f 4110 4111 4210
f 4111 4211 4210
f 4111 4112 4211
f 4112 4212 4211
f 4112 4113 4212
f 4113 4213 4212
f 4113 4114 4213
f 4114 4214 4213
f 4114 4115 4214
f 4115 4215 4214
f 4115 4116 4215
f 4116 4216 4215
f 4116 4117 4216
f 4117 4217 4216
f 4117 4118 4217
f 4118 4218 4217
f 4118 4119 4218
f 4119 4219 4218
f 4119 4120 4219
f 4120 4220 4219
f 4120 4121 4220
f 4121 4221 4220
f 4121 4122 4221
f 4122 4222 4221
f 4122 4123 4222
f 4123 4223 4222
f 4123 4124 4223
f 4124 4224 4223
f 4124 4125 4224
f 4125 4225 4224
f 4125 4126 4225
f 4126 4226 4225
f 4126 4127 4226
f 4127 4227 4226
f 4127 4128 4227
f 4128 4228 4227
f 4128 4129 4228
f 4129 4229 4228
f 4129 4130 4229
f 4130 4230 4229
f 4130 4131 4230
f 4131 4231 4230
f 4131 4132 4231
f 4132 4232 4231
f 4132 4133 4232
f 4133 4233 4232
f 4133 4134 4233
f 4134 4234 4233
f 4134 4135 4234
f 4135 4235 4234
f 4135 4136 4235
f 4136 4236 4235
f 4136 4137 4236
f 4137 4237 4236
f 4137 4138 4237
f 4138 4238 4237
f 4138 4139 4238
f 4139 4239 4238
f 4139 4140 4239
f 4140 4240 4239
f 4140 4141 4240
f 4141 4241 4240
f 4141 4142 4241
f 4142 4242 4241
f 4142 4143 4242
f 4143 4243 4242
f 4143 4144 4243
f 4144 4244 4243
f 4144 4145 4244
f 4145 4245 4244
f 4145 4146 4245
f 4146 4246 4245
f 4146 4147 4246
f 4147 4247 4246
f 4147 4148 4247
f 4148 4248 4247
f 4148 4149 4248
f 4149 4249 4248
f 4149 4150 4249
f 4150 4250 4249
f 4150 4151 4250
f 4151 4251 4250
f 4151 4152 4251
f 4152 4252 4251
f 4152 4153 4252
f 4153 4253 4252
f 4153 4154 4253
f 4154 4254 4253
f 4154 4155 4254
f 4155 4255 4254
f 4155 4156 4255
f 4156 4256 4255
f 4156 4157 4256
f 4157 4257 4256
f 4157 4158 4257
f 4158 4258 4257
f 4158 4159 4258
f 4159 4259 4258
f 4159 4160 4259
f 4160 4260 4259
f 4160 4161 4260
f 4161 4261 4260
f 4161 4162 4261
f 4162 4262 4261
f 4162 4163 4262
f 4163 4263 4262
f 4163 4164 4263
f 4164 4264 4263
f 4164 4165 4264
f 4165 4265 4264
f 4165 4166 4265
f 4166 4266 4265
f 4166 4167 4266
f 4167 4267 4266
f 4167 4168 4267
f 4168 4268 4267
f 4168 4169 4268
f 4169 4269 4268
f 4169 4170 4269
f 4170 4270 4269
f 4170 4171 4270
f 4171 4271 4270
f 4171 4172 4271
f 4172 4272 4271
f 4172 4173 4272
f 4173 4273 4272
f 4173 4174 4273
f 4174 4274 4273
f 4174 4175 4274
f 4175 4275 4274
f 4175 4176 4275
f 4176 4276 4275
f 4176 4177 4276
f 4177 4277 4276
f 4177 4178 4277
f 4178 4278 4277
f 4178 4179 4278
f 4179 4279 4278
f 4179 4180 4279
f 4180 4280 4279
f 4180 4181 4280
f 4181 4281 4280
f 4181 4182 4281
f 4182 4282 4281
f 4182 4183 4282
f 4183 4283 4282
f 4183 4184 4283
f 4184 4284 4283
f 4184 4185 4284
f 4185 4285 4284
f 4185 4186 4285
f 4186 4286 4285
f 4186 4187 4286
f 4187 4287 4286
f 4187 4188 4287
f 4188 4288 4287
f 4188 4189 4288
f 4189 4289 4288
f 4189 4190 4289
f 4190 4290 4289
f 4190 4191 4290
f 4191 4291 4290
f 4191 4192 4291
f 4192 4292 4291
f 4192 4193 4292
f 4193 4293 4292
f 4193 4194 4293
f 4194 4294 4293
f 4194 4195 4294
f 4195 4295 4294
f 4195 4196 4295
f 4196 4296 4295
f 4196 4197 4296
f 4197 4297 4296
f 4197 4198 4297
f 4198 4298 4297
f 4198 4199 4298
f 4199 4299 4298
f 4199 4200 4299
f 4200 4300 4299
f 4201 4202 4301
f 4202 4302 4301
f 4202 4203 4302
f 4203 4303 4302
f 4203 4204 4303
f 4204 4304 4303
f 4204 4205 4304
f 4205 4305 4304
f 4205 4206 4305
f 4206 4306 4305
f 4206 4207 4306
f 4207 4307 4306
f 4207 4208 4307
f 4208 4308 4307
f 4208 4209 4308
f 4209 4309 4308
f 4209 4210 4309
f 4210 4310 4309
f 4210 4211 4310
f 4211 4311 4310
f 4211 4212 4311
f 4212 4312 4311
f 4212 4213 4312
f 4213 4313 4312
f 4213 4214 4313
f 4214 4314 4313
f 4214 4215 4314
f 4215 4315 4314
f 4215 4216 4315
f 4216 4316 4315
f 4216 4217 4316
f 4217 4317 4316
f 4217 4218 4317
f 4218 4318 4317
f 4218 4219 4318
f 4219 4319 4318
f 4219 4220 4319
f 4220 4320 4319
f 4220 4221 4320
f 4221 4321 4320
f 4221 4222 4321
f 4222 4322 4321
f 4222 4223 4322
f 4223 4323 4322
f 4223 4224 4323
f 4224 4324 4323
f 4224 4225 4324
f 4225 4325 4324
f 4225 4226 4325
f 4226 4326 4325
f 4226 4227 4326
f 4227 4327 4326
f 4227 4228 4327
f 4228 4328 4327
f 4228 4229 4328
f 4229 4329 4328
f 4229 4230 4329
f 4230 4330 4329
f 4230 4231 4330
f 4231 4331 4330
f 4231 4232 4331
f 4232 4332 4331
f 4232 4233 4332
f 4233 4333 4332
f 4233 4234 4333
f 4234 4334 4333
f 4234 4235 4334
f 4235 4335 4334
f 4235 4236 4335
f 4236 4336 4335
f 4236 4237 4336
f 4237 4337 4336
f 4237 4238 4337
f 4238 4338 4337
f 4238 4239 4338
f 4239 4339 4338
f 4239 4240 4339
f 4240 4340 4339
f 4240 4241 4340
f 4241 4341 4340
f 4241 4242 4341
f 4242 4342 4341
f 4242 4243 4342
f 4243 4343 4342
f 4243 4244 4343
f 4244 4344 4343
f 4244 4245 4344
f 4245 4345 4344
f 4245 4246 4345
f 4246 4346 4345
f 4246 4247 4346
f 4247 4347 4346
f 4247 4248 4347
f 4248 4348 4347
f 4248 4249 4348
f 4249 4349 4348
f 4249 4250 4349
f 4250 4350 4349
f 4250 4251 4350
f 4251 4351 4350
f 4251 4252 4351
f 4252 4352 4351
f 4252 4253 4352
f 4253 4353 4352
f 4253 4254 4353
f 4254 4354 4353
f 4254 4255 4354
f 4255 4355 4354
f 4255 4256 4355
f 4256 4356 4355
f 4256 4257 4356
f 4257 4357 4356
f 4257 4258 4357
f 4258 4358 4357
f 4258 4259 4358
f 4259 4359 4358
f 4259 4260 4359
f 4260 4360 4359
f 4260 4261 4360
f 4261 4361 4360
f 4261 4262 4361
f 4262 4362 4361
f 4262 4263 4362
f 4263 4363 4362
f 4263 4264 4363
f 4264 4364 4363
f 4264 4265 4364
f 4265 4365 4364
f 4265 4266 4365
f 4266 4366 4365
f 4266 4267 4366
f 4267 4367 4366
f 4267 4268 4367
f 4268 4368 4367
f 4268 4269 4368
f 4269 4369 4368
f 4269 4270 4369
f 4270 4370 4369
f 4270 4271 4370
f 4271 4371 4370
f 4271 4272 4371
f 4272 4372 4371
f 4272 4273 4372
f 4273 4373 4372
f 4273 4274 4373
f 4274 4374 4373
f 4274 4275 4374
f 4275 4375 4374
f 4275 4276 4375
f 4276 4376 4375
f 4276 4277 4376
f 4277 4377 4376
f 4277 4278 4377
f 4278 4378 4377
f 4278 4279 4378
f 4279 4379 4378
f 4279 4280 4379
f 4280 4380 4379
f 4280 4281 4380
f 4281 4381 4380
f 4281 4282 4381
f 4282 4382 4381
f 4282 4283 4382
f 4283 4383 4382
f 4283 4284 4383
f 4284 4384 4383
f 4284 4285 4384
f 4285 4385 4384
f 4285 4286 4385
f 4286 4386 4385
f 4286 4287 4386
f 4287 4387 4386
f 4287 4288 4387
f 4288 4388 4387
f 4288 4289 4388
f 4289 4389 4388
f 4289 4290 4389
f 4290 4390 4389
f 4290 4291 4390
f 4291 4391 4390
f 4291 4292 4391
f 4292 4392 4391
f 4292 4293 4392
f 4293 4393 4392
f 4293 4294 4393
f 4294 4394 4393
f 4294 4295 4394
f 4295 4395 4394
f 4295 4296 4395
f 4296 4396 4395
f 4296 4297 4396
f 4297 4397 4396
f 4297 4298 4397
f 4298 4398 4397
f 4298 4299 4398
f 4299 4399 4398
f 4299 4300 4399
f 4300 4400 4399
f 4301 4302 4401
f 4302 4402 4401
f 4302 4303 4402
f 4303 4403 4402
f 4303 4304 4403
f 4304 4404 4403
f 4304 4305 4404
f 4305 4405 4404
f 4305 4306 4405
f 4306 4406 4405
f 4306 4307 4406
f 4307 4407 4406
f 4307 4308 4407
f 4308 4408 4407
f 4308 4309 4408
f 4309 4409 4408
f 4309 4310 4409
f 4310 4410 4409
f 4310 4311 4410
f 4311 4411 4410
f 4311 4312 4411
f 4312 4412 4411
f 4312 4313 4412
f 4313 4413 4412
f 4313 4314 4413
f 4314 4414 4413
f 4314 4315 4414
f 4315 4415 4414
f 4315 4316 4415
f 4316 4416 4415
f 4316 4317 4416
f 4317 4417 4416
f 4317 4318 4417
f 4318 4418 4417
f 4318 4319 4418
f 4319 4419 4418
f 4319 4320 4419
f 4320 4420 4419
f 4320 4321 4420
f 4321 4421 4420
f 4321 4322 4421
f 4322 4422 4421
f 4322 4323 4422
f 4323 4423 4422
f 4323 4324 4423
f 4324 4424 4423
f 4324 4325 4424
f 4325 4425 4424
f 4325 4326 4425
f 4326 4426 4425
f 4326 4327 4426
f 4327 4427 4426
f 4327 4328 4427
f 4328 4428 4427
f 4328 4329 4428
f 4329 4429 4428
f 4329 4330 4429
f 4330 4430 4429
f 4330 4331 4430
f 4331 4431 4430
f 4331 4332 4431
f 4332 4432 4431
f 4332 4333 4432
f 4333 4433 4432
f 4333 4334 4433
f 4334 4434 4433
f 4334 4335 4434
f 4335 4435 4434
f 4335 4336 4435
f 4336 4436 4435
f 4336 4337 4436
f 4337 4437 4436
f 4337 4338 4437
f 4338 4438 4437
f 4338 4339 4438
f 4339 4439 4438
f 4339 4340 4439
f 4340 4440 4439
f 4340 4341 4440
f 4341 4441 4440
f 4341 4342 4441
f 4342 4442 4441
f 4342 4343 4442
f 4343 4443 4442
f 4343 4344 4443
f 4344 4444 4443
f 4344 4345 4444
f 4345 4445 4444
f 4345 4346 4445
f 4346 4446 4445
f 4346 4347 4446
f 4347 4447 4446
f 4347 4348 4447
f 4348 4448 4447
f 4348 4349 4448
f 4349 4449 4448
f 4349 4350 4449
f 4350 4450 4449
f 4350 4351 4450
f 4351 4451 4450
f 4351 4352 4451
f 4352 4452 4451
f 4352 4353 4452
f 4353 4453 4452
f 4353 4354 4453
f 4354 4454 4453
f 4354 4355 4454
f 4355 4455 4454
f 4355 4356 4455
f 4356 4456 4455
f 4356 4357 4456
f 4357 4457 4456
f 4357 4358 4457
f 4358 4458 4457
f 4358 4359 4458
f 4359 4459 4458
f 4359 4360 4459
f 4360 4460 4459
f 4360 4361 4460
f 4361 4461 4460
f 4361 4362 4461
f 4362 4462 4461
f 4362 4363 4462
f 4363 4463 4462
f 4363 4364 4463
f 4364 4464 4463
f 4364 4365 4464
f 4365 4465 4464
f 4365 4366 4465
f 4366 4466 4465
f 4366 4367 4466
f 4367 4467 4466
f 4367 4368 4467
f 4368 4468 4467
f 4368 4369 4468
f 4369 4469 4468
f 4369 4370 4469
f 4370 4470 4469
f 4370 4371 4470
f 4371 4471 4470
f 4371 4372 4471
f 4372 4472 4471
f 4372 4373 4472
f 4373 4473 4472
f 4373 4374 4473
f 4374 4474 4473
f 4374 4375 4474
f 4375 4475 4474
f 4375 4376 4475
f 4376 4476 4475
f 4376 4377 4476
f 4377 4477 4476
f 4377 4378 4477
f 4378 4478 4477
f 4378 4379 4478
f 4379 4479 4478
f 4379 4380 4479
f 4380 4480 4479
f 4380 4381 4480
f 4381 4481 4480
f 4381 4382 4481
f 4382 4482 4481
f 4382 4383 4482
f 4383 4483 4482
f 4383 4384 4483
f 4384 4484 4483
f 4384 4385 4484
f 4385 4485 4484
f 4385 4386 4485
f 4386 4486 4485
f 4386 4387 4486
f 4387 4487 4486
f 4387 4388 4487
f 4388 4488 4487
f 4388 4389 4488
f 4389 4489 4488
f 4389 4390 4489
f 4390 4490 4489
f 4390 4391 4490
f 4391 4491 4490
f 4391 4392 4491
f 4392 4492 4491
f 4392 4393 4492
f 4393 4493 4492
f 4393 4394 4493
f 4394 4494 4493
f 4394 4395 4494
f 4395 4495 4494
f 4395 4396 4495
f 4396 4496 4495
f 4396 4397 4496
f 4397 4497 4496
f 4397 4398 4497
f 4398 4498 4497
f 4398 4399 4498
f 4399 4499 4498
f 4399 4400 4499
f 4400 4500 4499
f 4401 4402 4501
f 4402 4502 4501
f 4402 4403 4502
f 4403 4503 4502
f 4403 4404 4503
f 4404 4504 4503
f 4404 4405 4504
f 4405 4505 4504
f 4405 4406 4505
f 4406 4506 4505
f 4406 4407 4506
f 4407 4507 4506
f 4407 4408 4507
f 4408 4508 4507
f 4408 4409 4508
f 4409 4509 4508
f 4409 4410 4509
f 4410 4510 4509
f 4410 4411 4510
f 4411 4511 4510
f 4411 4412 4511
f 4412 4512 4511
f 4412 4413 4512
f 4413 4513 4512
f 4413 4414 4513
f 4414 4514 4513
f 4414 4415 4514
f 4415 4515 4514
f 4415 4416 4515
f 4416 4516 4515
f 4416 4417 4516
f 4417 4517 4516
f 4417 4418 4517
f 4418 4518 4517
f 4418 4419 4518
f 4419 4519 4518
f 4419 4420 4519
f 4420 4520 4519
f 4420 4421 4520
f 4421 4521 4520
f 4421 4422 4521
f 4422 4522 4521
f 4422 4423 4522
f 4423 4523 4522
f 4423 4424 4523
f 4424 4524 4523
f 4424 4425 4524
f 4425 4525 4524
f 4425 4426 4525
f 4426 4526 4525
f 4426 4427 4526
f 4427 4527 4526
f 4427 4428 4527
f 4428 4528 4527
f 4428 4429 4528
f 4429 4529 4528
f 4429 4430 4529
f 4430 4530 4529
f 4430 4431 4530
f 4431 4531 4530
f 4431 4432 4531
f 4432 4532 4531
f 4432 4433 4532
f 4433 4533 4532
f 4433 4434 4533
f 4434 4534 4533
f 4434 4435 4534
f 4435 4535 4534
f 4435 4436 4535
f 4436 4536 4535
f 4436 4437 4536
f 4437 4537 4536
f 4437 4438 4537
f 4438 4538 4537
f 4438 4439 4538
f 4439 4539 4538
f 4439 4440 4539
f 4440 4540 4539
f 4440 4441 4540
f 4441 4541 4540
f 4441 4442 4541
f 4442 4542 4541
f 4442 4443 4542
f 4443 4543 4542
f 4443 4444 4543
f 4444 4544 4543
f 4444 4445 4544
f 4445 4545 4544
f 4445 4446 4545
f 4446 4546 4545
f 4446 4447 4546
f 4447 4547 4546
f 4447 4448 4547
f 4448 4548 4547
f 4448 4449 4548
f 4449 4549 4548
f 4449 4450 4549
f 4450 4550 4549
f 4450 4451 4550
f 4451 4551 4550
f 4451 4452 4551
f 4452 4552 4551
f 4452 4453 4552
f 4453 4553 4552
f 4453 4454 4553
f 4454 4554 4553
f 4454 4455 4554
f 4455 4555 4554
f 4455 4456 4555
f 4456 4556 4555
f 4456 4457 4556
f 4457 4557 4556
f 4457 4458 4557
f 4458 4558 4557
f 4458 4459 4558
f 4459 4559 4558
f 4459 4460 4559
f 4460 4560 4559
f 4460 4461 4560
f 4461 4561 4560
f 4461 4462 4561
f 4462 4562 4561
f 4462 4463 4562
f 4463 4563 4562
f 4463 4464 4563
f 4464 4564 4563
f 4464 4465 4564
f 4465 4565 4564
f 4465 4466 4565
f 4466 4566 4565
f 4466 4467 4566
f 4467 4567 4566
f 4467 4468 4567
f 4468 4568 4567
f 4468 4469 4568
f 4469 4569 4568
f 4469 4470 4569
f 4470 4570 4569
f 4470 4471 4570
f 4471 4571 4570
f 4471 4472 4571
f 4472 4572 4571
f 4472 4473 4572
f 4473 4573 4572
f 4473 4474 4573
f 4474 4574 4573
f 4474 4475 4574
f 4475 4575 4574
f 4475 4476 4575
f 4476 4576 4575
f 4476 4477 4576
f 4477 4577 4576
f 4477 4478 4577
f 4478 4578 4577
f 4478 4479 4578
f 4479 4579 4578
f 4479 4480 4579
f 4480 4580 4579
f 4480 4481 4580
f 4481 4581 4580
f 4481 4482 4581
f 4482 4582 4581
f 4482 4483 4582
f 4483 4583 4582
f 4483 4484 4583
f 4484 4584 4583
f 4484 4485 4584
f 4485 4585 4584
f 4485 4486 4585
f 4486 4586 4585
f 4486 4487 4586
f 4487 4587 4586
f 4487 4488 4587
f 4488 4588 4587
f 4488 4489 4588
f 4489 4589 4588
f 4489 4490 4589
f 4490 4590 4589
f 4490 4491 4590
f 4491 4591 4590
f 4491 4492 4591
f 4492 4592 4591
f 4492 4493 4592
f 4493 4593 4592
f 4493 4494 4593
f 4494 4594 4593
f 4494 4495 4594
f 4495 4595 4594
f 4495 4496 4595
f 4496 4596 4595
f 4496 4497 4596
f 4497 4597 4596
f 4497 4498 4597
f 4498 4598 4597
f 4498 4499 4598
f 4499 4599 4598
f 4499 4500 4599
f 4500 4600 4599
f 4501 4502 4601
f 4502 4602 4601
f 4502 4503 4602
f 4503 4603 4602
f 4503 4504 4603
f 4504 4604 4603
f 4504 4505 4604
f 4505 4605 4604
f 4505 4506 4605
f 4506 4606 4605
f 4506 4507 4606
f 4507 4607 4606
f 4507 4508 4607
f 4508 4608 4607
f 4508 4509 4608
f 4509 4609 4608
f 4509 4510 4609
f 4510 4610 4609
f 4510 4511 4610
f 4511 4611 4610
f 4511 4512 4611
f 4512 4612 4611
f 4512 4513 4612
f 4513 4613 4612
f 4513 4514 4613
f 4514 4614 4613
f 4514 4515 4614
f 4515 4615 4614
f 4515 4516 4615
f 4516 4616 4615
f 4516 4517 4616
f 4517 4617 4616
f 4517 4518 4617
f 4518 4618 4617
f 4518 4519 4618
f 4519 4619 4618
f 4519 4520 4619
f 4520 4620 4619
f 4520 4521 4620
f 4521 4621 4620
f 4521 4522 4621
f 4522 4622 4621
f 4522 4523 4622
f 4523 4623 4622
f 4523 4524 4623
f 4524 4624 4623
f 4524 4525 4624
f 4525 4625 4624
f 4525 4526 4625
f 4526 4626 4625
f 4526 4527 4626
f 4527 4627 4626
f 4527 4528 4627
f 4528 4628 4627
f 4528 4529 4628
f 4529 4629 4628
f 4529 4530 4629
f 4530 4630 4629
f 4530 4531 4630
f 4531 4631 4630
f 4531 4532 4631
f 4532 4632 4631
f 4532 4533 4632
f 4533 4633 4632
f 4533 4534 4633
f 4534 4634 4633
f 4534 4535 4634
f 4535 4635 4634
f 4535 4536 4635
f 4536 4636 4635
f 4536 4537 4636
f 4537 4637 4636
f 4537 4538 4637
f 4538 4638 4637
f 4538 4539 4638
f 4539 4639 4638
f 4539 4540 4639
f 4540 4640 4639
f 4540 4541 4640
f 4541 4641 4640
f 4541 4542 4641
f 4542 4642 4641
f 4542 4543 4642
f 4543 4643 4642
f 4543 4544 4643
f 4544 4644 4643
f 4544 4545 4644
f 4545 4645 4644
f 4545 4546 4645
f 4546 4646 4645
f 4546 4547 4646
f 4547 4647 4646
f 4547 4548 4647
f 4548 4648 4647
f 4548 4549 4648
f 4549 4649 4648
f 4549 4550 4649
f 4550 4650 4649
f 4550 4551 4650
f 4551 4651 4650
f 4551 4552 4651
f 4552 4652 4651
f 4552 4553 4652
f 4553 4653 4652
f 4553 4554 4653
f 4554 4654 4653
f 4554 4555 4654
f 4555 4655 4654
f 4555 4556 4655
f 4556 4656 4655
f 4556 4557 4656
f 4557 4657 4656
f 4557 4558 4657
f 4558 4658 4657
f 4558 4559 4658
f 4559 4659 4658
f 4559 4560 4659
f 4560 4660 4659
f 4560 4561 4660
f 4561 4661 4660
f 4561 4562 4661
f 4562 4662 4661
f 4562 4563 4662
f 4563 4663 4662
f 4563 4564 4663
f 4564 4664 4663
f 4564 4565 4664
f 4565 4665 4664
f 4565 4566 4665
f 4566 4666 4665
f 4566 4567 4666
f 4567 4667 4666
f 4567 4568 4667
f 4568 4668 4667
f 4568 4569 4668
f 4569 4669 4668
f 4569 4570 4669
f 4570 4670 4669
f 4570 4571 4670
f 4571 4671 4670
f 4571 4572 4671
f 4572 4672 4671
f 4572 4573 4672
f 4573 4673 4672
f 4573 4574 4673
f 4574 4674 4673
f 4574 4575 4674
f 4575 4675 4674
f 4575 4576 4675
f 4576 4676 4675
f 4576 4577 4676
f 4577 4677 4676
f 4577 4578 4677
f 4578 4678 4677
f 4578 4579 4678
f 4579 4679 4678
f 4579 4580 4679
f 4580 4680 4679
f 4580 4581 4680
f 4581 4681 4680
f 4581 4582 4681
f 4582 4682 4681
f 4582 4583 4682
f 4583 4683 4682
f 4583 4584 4683
f 4584 4684 4683
f 4584 4585 4684
f 4585 4685 4684
f 4585 4586 4685
f 4586 4686 4685
f 4586 4587 4686
f 4587 4687 4686
f 4587 4588 4687
f 4588 4688 4687
f 4588 4589 4688
f 4589 4689 4688
f 4589 4590 4689
f 4590 4690 4689
f 4590 4591 4690
f 4591 4691 4690
f 4591 4592 4691
f 4592 4692 4691
f 4592 4593 4692
f 4593 4693 4692
f 4593 4594 4693
f 4594 4694 4693
f 4594 4595 4694
f 4595 4695 4694
f 4595 4596 4695
f 4596 4696 4695
f 4596 4597 4696
f 4597 4697 4696
f 4597 4598 4697
f 4598 4698 4697
f 4598 4599 4698
f 4599 4699 4698
f 4599 4600 4699
f 4600 4700 4699
f 4601 4602 4701
f 4602 4702 4701
f 4602 4603 4702
f 4603 4703 4702
f 4603 4604 4703
f 4604 4704 4703
f 4604 4605 4704
f 4605 4705 4704
f 4605 4606 4705
f 4606 4706 4705
f 4606 4607 4706
f 4607 4707 4706
f 4607 4608 4707
f 4608 4708 4707
f 4608 4609 4708
f 4609 4709 4708
f 4609 4610 4709
f 4610 4710 4709
f 4610 4611 4710
f 4611 4711 4710
f 4611 4612 4711
f 4612 4712 4711
f 4612 4613 4712
f 4613 4713 4712
f 4613 4614 4713
f 4614 4714 4713
f 4614 4615 4714
f 4615 4715 4714
f 4615 4616 4715
f 4616 4716 4715
f 4616 4617 4716
f 4617 4717 4716
f 4617 4618 4717
f 4618 4718 4717
f 4618 4619 4718
f 4619 4719 4718
f 4619 4620 4719
f 4620 4720 4719
f 4620 4621 4720
f 4621 4721 4720
f 4621 4622 4721
f 4622 4722 4721
f 4622 4623 4722
f 4623 4723 4722
f 4623 4624 4723
f 4624 4724 4723
f 4624 4625 4724
f 4625 4725 4724
f 4625 4626 4725
f 4626 4726 4725
f 4626 4627 4726
f 4627 4727 4726
f 4627 4628 4727
f 4628 4728 4727
f 4628 4629 4728
f 4629 4729 4728
f 4629 4630 4729
f 4630 4730 4729
f 4630 4631 4730
f 4631 4731 4730
f 4631 4632 4731
f 4632 4732 4731
f 4632 4633 4732
f 4633 4733 4732
f 4633 4634 4733
f 4634 4734 4733
f 4634 4635 4734
f 4635 4735 4734
f 4635 4636 4735
f 4636 4736 4735
f 4636 4637 4736
f 4637 4737 4736
f 4637 4638 4737
f 4638 4738 4737
f 4638 4639 4738
f 4639 4739 4738
f 4639 4640 4739
f 4640 4740 4739
f 4640 4641 4740
f 4641 4741 4740
f 4641 4642 4741
f 4642 4742 4741
f 4642 4643 4742
f 4643 4743 4742
f 4643 4644 4743
f 4644 4744 4743
f 4644 4645 4744
f 4645 4745 4744
f 4645 4646 4745
f 4646 4746 4745
f 4646 4647 4746
f 4647 4747 4746
f 4647 4648 4747
f 4648 4748 4747
f 4648 4649 4748
f 4649 4749 4748
f 4649 4650 4749
f 4650 4750 4749
f 4650 4651 4750
f 4651 4751 4750
f 4651 4652 4751
f 4652 4752 4751
f 4652 4653 4752
f 4653 4753 4752
f 4653 4654 4753
f 4654 4754 4753
f 4654 4655 4754
f 4655 4755 4754
f 4655 4656 4755
f 4656 4756 4755
f 4656 4657 4756
f 4657 4757 4756
f 4657 4658 4757
f 4658 4758 4757
f 4658 4659 4758
f 4659 4759 4758
f 4659 4660 4759
f 4660 4760 4759
f 4660 4661 4760
f 4661 4761 4760
f 4661 4662 4761
f 4662 4762 4761
f 4662 4663 4762
f 4663 4763 4762
f 4663 4664 4763
f 4664 4764 4763
f 4664 4665 4764
f 4665 4765 4764
f 4665 4666 4765
f 4666 4766 4765
f 4666 4667 4766
f 4667 4767 4766
f 4667 4668 4767
f 4668 4768 4767
f 4668 4669 4768
f 4669 4769 4768
f 4669 4670 4769
f 4670 4770 4769
f 4670 4671 4770
f 4671 4771 4770
f 4671 4672 4771
f 4672 4772 4771
f 4672 4673 4772
f 4673 4773 4772
f 4673 4674 4773
f 4674 4774 4773
f 4674 4675 4774
f 4675 4775 4774
f 4675 4676 4775
f 4676 4776 4775
f 4676 4677 4776
f 4677 4777 4776
f 4677 4678 4777
f 4678 4778 4777
f 4678 4679 4778
f 4679 4779 4778
f 4679 4680 4779
f 4680 4780 4779
f 4680 4681 4780
f 4681 4781 4780
f 4681 4682 4781
f 4682 4782 4781
f 4682 4683 4782
f 4683 4783 4782
f 4683 4684 4783
f 4684 4784 4783
f 4684 4685 4784
f 4685 4785 4784
f 4685 4686 4785
f 4686 4786 4785
f 4686 4687 4786
f 4687 4787 4786
f 4687 4688 4787
f 4688 4788 4787
f 4688 4689 4788
f 4689 4789 4788
f 4689 4690 4789
f 4690 4790 4789
f 4690 4691 4790
f 4691 4791 4790
f 4691 4692 4791
f 4692 4792 4791
f 4692 4693 4792
f 4693 4793 4792
f 4693 4694 4793
f 4694 4794 4793
f 4694 4695 4794
f 4695 4795 4794
f 4695 4696 4795
f 4696 4796 4795
f 4696 4697 4796
f 4697 4797 4796
f 4697 4698 4797
f 4698 4798 4797
f 4698 4699 4798
f 4699 4799 4798
f 4699 4700 4799
f 4700 4800 4799
f 4701 4702 4801
f 4702 4802 4801
f 4702 4703 4802
f 4703 4803 4802
f 4703 4704 4803
f 4704 4804 4803
f 4704 4705 4804
f 4705 4805 4804
f 4705 4706 4805
f 4706 4806 4805
f 4706 4707 4806
f 4707 4807 4806
f 4707 4708 4807
f 4708 4808 4807
f 4708 4709 4808
f 4709 4809 4808
f 4709 4710 4809
f 4710 4810 4809
f 4710 4711 4810
f 4711 4811 4810
f 4711 4712 4811
f 4712 4812 4811
f 4712 4713 4812
f 4713 4813 4812
f 4713 4714 4813
f 4714 4814 4813
f 4714 4715 4814
f 4715 4815 4814
f 4715 4716 4815
f 4716 4816 4815
f 4716 4717 4816
f 4717 4817 4816
f 4717 4718 4817
f 4718 4818 4817
f 4718 4719 4818
f 4719 4819 4818
f 4719 4720 4819
f 4720 4820 4819
f 4720 4721 4820
f 4721 4821 4820
f 4721 4722 4821
f 4722 4822 4821
f 4722 4723 4822
f 4723 4823 4822
f 4723 4724 4823
f 4724 4824 4823
f 4724 4725 4824
f 4725 4825 4824
f 4725 4726 4825
f 4726 4826 4825
f 4726 4727 4826
f 4727 4827 4826
f 4727 4728 4827
f 4728 4828 4827
f 4728 4729 4828
f 4729 4829 4828
f 4729 4730 4829
f 4730 4830 4829
f 4730 4731 4830
f 4731 4831 4830
f 4731 4732 4831
f 4732 4832 4831
f 4732 4733 4832
f 4733 4833 4832
f 4733 4734 4833
f 4734 4834 4833
f 4734 4735 4834
f 4735 4835 4834
f 4735 4736 4835
f 4736 4836 4835
f 4736 4737 4836
f 4737 4837 4836
f 4737 4738 4837
f 4738 4838 4837
f 4738 4739 4838
f 4739 4839 4838
f 4739 4740 4839
f 4740 4840 4839
f 4740 4741 4840
f 4741 4841 4840
f 4741 4742 4841
f 4742 4842 4841
f 4742 4743 4842
f 4743 4843 4842
f 4743 4744 4843
f 4744 4844 4843
f 4744 4745 4844
f 4745 4845 4844
f 4745 4746 4845
f 4746 4846 4845
f 4746 4747 4846
f 4747 4847 4846
f 4747 4748 4847
f 4748 4848 4847
f 4748 4749 4848
f 4749 4849 4848
f 4749 4750 4849
f 4750 4850 4849
f 4750 4751 4850
f 4751 4851 4850
f 4751 4752 4851
f 4752 4852 4851
f 4752 4753 4852
f 4753 4853 4852
f 4753 4754 4853
f 4754 4854 4853
f 4754 4755 4854
f 4755 4855 4854
f 4755 4756 4855
f 4756 4856 4855
f 4756 4757 4856
f 4757 4857 4856
f 4757 4758 4857
f 4758 4858 4857
f 4758 4759 4858
f 4759 4859 4858
f 4759 4760 4859
f 4760 4860 4859
f 4760 4761 4860
f 4761 4861 4860
f 4761 4762 4861
f 4762 4862 4861
f 4762 4763 4862
f 4763 4863 4862
f 4763 4764 4863
f 4764 4864 4863
f 4764 4765 4864
f 4765 4865 4864
f 4765 4766 4865
f 4766 4866 4865
f 4766 4767 4866
f 4767 4867 4866
f 4767 4768 4867
f 4768 4868 4867
f 4768 4769 4868
f 4769 4869 4868
f 4769 4770 4869
f 4770 4870 4869
f 4770 4771 4870
f 4771 4871 4870
f 4771 4772 4871
f 4772 4872 4871
f 4772 4773 4872
f 4773 4873 4872
f 4773 4774 4873
f 4774 4874 4873
f 4774 4775 4874
f 4775 4875 4874
f 4775 4776 4875
f 4776 4876 4875
f 4776 4777 4876
f 4777 4877 4876
f 4777 4778 4877
f 4778 4878 4877
f 4778 4779 4878
f 4779 4879 4878
f 4779 4780 4879
f 4780 4880 4879
f 4780 4781 4880
f 4781 4881 4880
f 4781 4782 4881
f 4782 4882 4881
f 4782 4783 4882
f 4783 4883 4882
f 4783 4784 4883
f 4784 4884 4883
f 4784 4785 4884
f 4785 4885 4884
f 4785 4786 4885
f 4786 4886 4885
f 4786 4787 4886
f 4787 4887 4886
f 4787 4788 4887
f 4788 4888 4887
f 4788 4789 4888
f 4789 4889 4888
f 4789 4790 4889
f 4790 4890 4889
f 4790 4791 4890
f 4791 4891 4890
f 4791 4792 4891
f 4792 4892 4891
f 4792 4793 4892
f 4793 4893 4892
f 4793 4794 4893
f 4794 4894 4893
f 4794 4795 4894
f 4795 4895 4894
f 4795 4796 4895
f 4796 4896 4895
f 4796 4797 4896
f 4797 4897 4896
f 4797 4798 4897
f 4798 4898 4897
f 4798 4799 4898
f 4799 4899 4898
f 4799 4800 4899
f 4800 4900 4899
f 4801 4802 4901
f 4802 4902 4901
f 4802 4803 4902
f 4803 4903 4902
f 4803 4804 4903
f 4804 4904 4903
f 4804 4805 4904
f 4805 4905 4904
f 4805 4806 4905
f 4806 4906 4905
f 4806 4807 4906
f 4807 4907 4906
f 4807 4808 4907
f 4808 4908 4907
f 4808 4809 4908
f 4809 4909 4908
f 4809 4810 4909
f 4810 4910 4909
f 4810 4811 4910
f 4811 4911 4910
f 4811 4812 4911
f 4812 4912 4911
f 4812 4813 4912
f 4813 4913 4912
f 4813 4814 4913
f 4814 4914 4913
f 4814 4815 4914
f 4815 4915 4914
f 4815 4816 4915
f 4816 4916 4915
f 4816 4817 4916
f 4817 4917 4916
f 4817 4818 4917
f 4818 4918 4917
f 4818 4819 4918
f 4819 4919 4918
f 4819 4820 4919
f 4820 4920 4919
f 4820 4821 4920
f 4821 4921 4920
f 4821 4822 4921
f 4822 4922 4921
f 4822 4823 4922
f 4823 4923 4922
f 4823 4824 4923
f 4824 4924 4923
f 4824 4825 4924
f 4825 4925 4924
f 4825 4826 4925
f 4826 4926 4925
f 4826 4827 4926
f 4827 4927 4926
f 4827 4828 4927
f 4828 4928 4927
f 4828 4829 4928
f 4829 4929 4928
f 4829 4830 4929
f 4830 4930 4929
f 4830 4831 4930
f 4831 4931 4930
f 4831 4832 4931
f 4832 4932 4931
f 4832 4833 4932
f 4833 4933 4932
f 4833 4834 4933
f 4834 4934 4933
f 4834 4835 4934
f 4835 4935 4934
f 4835 4836 4935
f 4836 4936 4935
f 4836 4837 4936
f 4837 4937 4936
f 4837 4838 4937
f 4838 4938 4937
f 4838 4839 4938
f 4839 4939 4938
f 4839 4840 4939
f 4840 4940 4939
f 4840 4841 4940
f 4841 4941 4940
f 4841 4842 4941
f 4842 4942 4941
f 4842 4843 4942
f 4843 4943 4942
f 4843 4844 4943
f 4844 4944 4943
f 4844 4845 4944
f 4845 4945 4944
f 4845 4846 4945
f 4846 4946 4945
f 4846 4847 4946
f 4847 4947 4946
f 4847 4848 4947
f 4848 4948 4947
f 4848 4849 4948
f 4849 4949 4948
f 4849 4850 4949
f 4850 4950 4949
f 4850 4851 4950
f 4851 4951 4950
f 4851 4852 4951
f 4852 4952 4951
f 4852 4853 4952
f 4853 4953 4952
f 4853 4854 4953
f 4854 4954 4953
f 4854 4855 4954
f 4855 4955 4954
f 4855 4856 4955
f 4856 4956 4955
f 4856 4857 4956
f 4857 4957 4956
f 4857 4858 4957
f 4858 4958 4957
f 4858 4859 4958
f 4859 4959 4958
f 4859 4860 4959
f 4860 4960 4959
f 4860 4861 4960
f 4861 4961 4960
f 4861 4862 4961
f 4862 4962 4961
f 4862 4863 4962
f 4863 4963 4962
f 4863 4864 4963
f 4864 4964 4963
f 4864 4865 4964
f 4865 4965 4964
f 4865 4866 4965
f 4866 4966 4965
f 4866 4867 4966
f 4867 4967 4966
f 4867 4868 4967
f 4868 4968 4967
f 4868 4869 4968
f 4869 4969 4968
f 4869 4870 4969
f 4870 4970 4969
f 4870 4871 4970
f 4871 4971 4970
f 4871 4872 4971
f 4872 4972 4971
f 4872 4873 4972
f 4873 4973 4972
f 4873 4874 4973
f 4874 4974 4973
f 4874 4875 4974
f 4875 4975 4974
f 4875 4876 4975
f 4876 4976 4975
f 4876 4877 4976
f 4877 4977 4976
f 4877 4878 4977
f 4878 4978 4977
f 4878 4879 4978
f 4879 4979 4978
f 4879 4880 4979
f 4880 4980 4979
f 4880 4881 4980
f 4881 4981 4980
f 4881 4882 4981
f 4882 4982 4981
f 4882 4883 4982
f 4883 4983 4982
f 4883 4884 4983
f 4884 4984 4983
f 4884 4885 4984
f 4885 4985 4984
f 4885 4886 4985
f 4886 4986 4985
f 4886 4887 4986
f 4887 4987 4986
f 4887 4888 4987
f 4888 4988 4987
f 4888 4889 4988
f 4889 4989 4988
f 4889 4890 4989
f 4890 4990 4989
f 4890 4891 4990
f 4891 4991 4990
f 4891 4892 4991
f 4892 4992 4991
f 4892 4893 4992
f 4893 4993 4992
f 4893 4894 4993
f 4894 4994 4993
f 4894 4895 4994
f 4895 4995 4994
f 4895 4896 4995
f 4896 4996 4995
f 4896 4897 4996
f 4897 4997 4996
f 4897 4898 4997
f 4898 4998 4997
f 4898 4899 4998
f 4899 4999 4998
f 4899 4900 4999
f 4900 5000 4999
f 4901 4902 5001
f 4902 5002 5001
f 4902 4903 5002
f 4903 5003 5002
f 4903 4904 5003
f 4904 5004 5003
f 4904 4905 5004
f 4905 5005 5004
f 4905 4906 5005
f 4906 5006 5005
f 4906 4907 5006
f 4907 5007 5006
f 4907 4908 5007
f 4908 5008 5007
f 4908 4909 5008
f 4909 5009 5008
f 4909 4910 5009
f 4910 5010 5009
f 4910 4911 5010
f 4911 5011 5010
f 4911 4912 5011
f 4912 5012 5011
f 4912 4913 5012
f 4913 5013 5012
f 4913 4914 5013
f 4914 5014 5013
f 4914 4915 5014
f 4915 5015 5014
f 4915 4916 5015
f 4916 5016 5015
f 4916 4917 5016
f 4917 5017 5016
f 4917 4918 5017
f 4918 5018 5017
f 4918 4919 5018
f 4919 5019 5018
f 4919 4920 5019
f 4920 5020 5019
f 4920 4921 5020
f 4921 5021 5020
f 4921 4922 5021
f 4922 5022 5021
f 4922 4923 5022
f 4923 5023 5022
f 4923 4924 5023
f 4924 5024 5023
f 4924 4925 5024
f 4925 5025 5024
f 4925 4926 5025
f 4926 5026 5025
f 4926 4927 5026
f 4927 5027 5026
f 4927 4928 5027
f 4928 5028 5027
f 4928 4929 5028
f 4929 5029 5028
f 4929 4930 5029
f 4930 5030 5029
f 4930 4931 5030
f 4931 5031 5030
f 4931 4932 5031
f 4932 5032 5031
f 4932 4933 5032
f 4933 5033 5032
f 4933 4934 5033
f 4934 5034 5033
f 4934 4935 5034
f 4935 5035 5034
f 4935 4936 5035
f 4936 5036 5035
f 4936 4937 5036
f 4937 5037 5036
f 4937 4938 5037
f 4938 5038 5037
f 4938 4939 5038
f 4939 5039 5038
f 4939 4940 5039
f 4940 5040 5039
f 4940 4941 5040
f 4941 5041 5040
f 4941 4942 5041
f 4942 5042 5041
f 4942 4943 5042
f 4943 5043 5042
f 4943 4944 5043
f 4944 5044 5043
f 4944 4945 5044
f 4945 5045 5044
f 4945 4946 5045
f 4946 5046 5045
f 4946 4947 5046
f 4947 5047 5046
f 4947 4948 5047
f 4948 5048 5047
f 4948 4949 5048
f 4949 5049 5048
f 4949 4950 5049
f 4950 5050 5049
f 4950 4951 5050
f 4951 5051 5050
f 4951 4952 5051
f 4952 5052 5051
f 4952 4953 5052
f 4953 5053 5052
f 4953 4954 5053
f 4954 5054 5053
f 4954 4955 5054
f 4955 5055 5054
f 4955 4956 5055
f 4956 5056 5055
f 4956 4957 5056
f 4957 5057 5056
f 4957 4958 5057
f 4958 5058 5057
f 4958 4959 5058
f 4959 5059 5058
f 4959 4960 5059
f 4960 5060 5059
f 4960 4961 5060
f 4961 5061 5060
f 4961 4962 5061
f 4962 5062 5061
f 4962 4963 5062
f 4963 5063 5062
f 4963 4964 5063
f 4964 5064 5063
f 4964 4965 5064
f 4965 5065 5064
f 4965 4966 5065
f 4966 5066 5065
f 4966 4967 5066
f 4967 5067 5066
f 4967 4968 5067
f 4968 5068 5067
f 4968 4969 5068
f 4969 5069 5068
f 4969 4970 5069
f 4970 5070 5069
f 4970 4971 5070
f 4971 5071 5070
f 4971 4972 5071
f 4972 5072 5071
f 4972 4973 5072
f 4973 5073 5072
f 4973 4974 5073
f 4974 5074 5073
f 4974 4975 5074
f 4975 5075 5074
f 4975 4976 5075
f 4976 5076 5075
f 4976 4977 5076
f 4977 5077 5076
f 4977 4978 5077
f 4978 5078 5077
f 4978 4979 5078
f 4979 5079 5078
f 4979 4980 5079
f 4980 5080 5079
f 4980 4981 5080
f 4981 5081 5080
f 4981 4982 5081
f 4982 5082 5081
f 4982 4983 5082
f 4983 5083 5082
f 4983 4984 5083
f 4984 5084 5083
f 4984 4985 5084
f 4985 5085 5084
f 4985 4986 5085
f 4986 5086 5085
f 4986 4987 5086
f 4987 5087 5086
f 4987 4988 5087
f 4988 5088 5087
f 4988 4989 5088
f 4989 5089 5088
f 4989 4990 5089
f 4990 5090 5089
f 4990 4991 5090
f 4991 5091 5090
f 4991 4992 5091
f 4992 5092 5091
f 4992 4993 5092
f 4993 5093 5092
f 4993 4994 5093
f 4994 5094 5093
f 4994 4995 5094
f 4995 5095 5094
f 4995 4996 5095
f 4996 5096 5095
f 4996 4997 5096
f 4997 5097 5096
f 4997 4998 5097
f 4998 5098 5097
f 4998 4999 5098
f 4999 5099 5098
f 4999 5000 5099
f 5000 5100 5099
f 5001 5002 5101
f 5002 5102 5101
f 5002 5003 5102
f 5003 5103 5102
f 5003 5004 5103
f 5004 5104 5103
f 5004 5005 5104
f 5005 5105 5104
f 5005 5006 5105
f 5006 5106 5105
f 5006 5007 5106
f 5007 5107 5106
f 5007 5008 5107
f 5008 5108 5107
f 5008 5009 5108
f 5009 5109 5108
f 5009 5010 5109
f 5010 5110 5109
f 5010 5011 5110
f 5011 5111 5110
f 5011 5012 5111
f 5012 5112 5111
f 5012 5013 5112
f 5013 5113 5112
f 5013 5014 5113
f 5014 5114 5113
f 5014 5015 5114
f 5015 5115 5114
f 5015 5016 5115
f 5016 5116 5115
f 5016 5017 5116
f 5017 5117 5116
f 5017 5018 5117
f 5018 5118 5117
f 5018 5019 5118
f 5019 5119 5118
f 5019 5020 5119
f 5020 5120 5119
f 5020 5021 5120
f 5021 5121 5120
f 5021 5022 5121
f 5022 5122 5121
f 5022 5023 5122
f 5023 5123 5122
f 5023 5024 5123
f 5024 5124 5123
f 5024 5025 5124
f 5025 5125 5124
f 5025 5026 5125
f 5026 5126 5125
f 5026 5027 5126
f 5027 5127 5126
f 5027 5028 5127
f 5028 5128 5127
f 5028 5029 5128
f 5029 5129 5128
f 5029 5030 5129
f 5030 5130 5129
f 5030 5031 5130
f 5031 5131 5130
f 5031 5032 5131
f 5032 5132 5131
f 5032 5033 5132
f 5033 5133 5132
f 5033 5034 5133
f 5034 5134 5133
f 5034 5035 5134
f 5035 5135 5134
f 5035 5036 5135
f 5036 5136 5135
f 5036 5037 5136
f 5037 5137 5136
f 5037 5038 5137
f 5038 5138 5137
f 5038 5039 5138
f 5039 5139 5138
f 5039 5040 5139
f 5040 5140 5139
f 5040 5041 5140
f 5041 5141 5140
f 5041 5042 5141
f 5042 5142 5141
f 5042 5043 5142
f 5043 5143 5142
f 5043 5044 5143
f 5044 5144 5143
f 5044 5045 5144
f 5045 5145 5144
f 5045 5046 5145
f 5046 5146 5145
f 5046 5047 5146
f 5047 5147 5146
f 5047 5048 5147
f 5048 5148 5147
f 5048 5049 5148
f 5049 5149 5148
f 5049 5050 5149
f 5050 5150 5149
f 5050 5051 5150
f 5051 5151 5150
f 5051 5052 5151
f 5052 5152 5151
f 5052 5053 5152
f 5053 5153 5152
f 5053 5054 5153
f 5054 5154 5153
f 5054 5055 5154
f 5055 5155 5154
f 5055 5056 5155
f 5056 5156 5155
f 5056 5057 5156
f 5057 5157 5156
f 5057 5058 5157
f 5058 5158 5157
f 5058 5059 5158
f 5059 5159 5158
f 5059 5060 5159
f 5060 5160 5159
f 5060 5061 5160
f 5061 5161 5160
f 5061 5062 5161
f 5062 5162 5161
f 5062 5063 5162
f 5063 5163 5162
f 5063 5064 5163
f 5064 5164 5163
f 5064 5065 5164
f 5065 5165 5164
f 5065 5066 5165
f 5066 5166 5165
f 5066 5067 5166
f 5067 5167 5166
f 5067 5068 5167
f 5068 5168 5167
f 5068 5069 5168
f 5069 5169 5168
f 5069 5070 5169
f 5070 5170 5169
f 5070 5071 5170
f 5071 5171 5170
f 5071 5072 5171
f 5072 5172 5171
f 5072 5073 5172
f 5073 5173 5172
f 5073 5074 5173
f 5074 5174 5173
f 5074 5075 5174
f 5075 5175 5174
f 5075 5076 5175
f 5076 5176 5175
f 5076 5077 5176
f 5077 5177 5176
f 5077 5078 5177
f 5078 5178 5177
f 5078 5079 5178
f 5079 5179 5178
f 5079 5080 5179
f 5080 5180 5179
f 5080 5081 5180
f 5081 5181 5180
f 5081 5082 5181
f 5082 5182 5181
f 5082 5083 5182
f 5083 5183 5182
f 5083 5084 5183
f 5084 5184 5183
f 5084 5085 5184
f 5085 5185 5184
f 5085 5086 5185
f 5086 5186 5185
f 5086 5087 5186
f 5087 5187 5186
f 5087 5088 5187
f 5088 5188 5187
f 5088 5089 5188
f 5089 5189 5188
f 5089 5090 5189
f 5090 5190 5189
f 5090 5091 5190
f 5091 5191 5190
f 5091 5092 5191
f 5092 5192 5191
f 5092 5093 5192
f 5093 5193 5192
f 5093 5094 5193
f 5094 5194 5193
f 5094 5095 5194
f 5095 5195 5194
f 5095 5096 5195
f 5096 5196 5195
f 5096 5097 5196
f 5097 5197 5196
f 5097 5098 5197
f 5098 5198 5197
f 5098 5099 5198
f 5099 5199 5198
f 5099 5100 5199
f 5100 5200 5199
f 5101 5102 5201
f 5102 5202 5201
f 5102 5103 5202
f 5103 5203 5202
f 5103 5104 5203
f 5104 5204 5203
f 5104 5105 5204
f 5105 5205 5204
f 5105 5106 5205
f 5106 5206 5205
f 5106 5107 5206
f 5107 5207 5206
f 5107 5108 5207
f 5108 5208 5207
f 5108 5109 5208
f 5109 5209 5208
f 5109 5110 5209
f 5110 5210 5209
f 5110 5111 5210
f 5111 5211 5210
f 5111 5112 5211
f 5112 5212 5211
f 5112 5113 5212
f 5113 5213 5212
f 5113 5114 5213
f 5114 5214 5213
f 5114 5115 5214
f 5115 5215 5214
f 5115 5116 5215
f 5116 5216 5215
f 5116 5117 5216
f 5117 5217 5216
f 5117 5118 5217
f 5118 5218 5217
f 5118 5119 5218
f 5119 5219 5218
f 5119 5120 5219
f 5120 5220 5219
f 5120 5121 5220
f 5121 5221 5220
f 5121 5122 5221
f 5122 5222 5221
f 5122 5123 5222
f 5123 5223 5222
f 5123 5124 5223
f 5124 5224 5223
f 5124 5125 5224
f 5125 5225 5224
f 5125 5126 5225
f 5126 5226 5225
f 5126 5127 5226
f 5127 5227 5226
f 5127 5128 5227
f 5128 5228 5227
f 5128 5129 5228
f 5129 5229 5228
f 5129 5130 5229
f 5130 5230 5229
f 5130 5131 5230
f 5131 5231 5230
f 5131 5132 5231
f 5132 5232 5231
f 5132 5133 5232
f 5133 5233 5232
f 5133 5134 5233
f 5134 5234 5233
f 5134 5135 5234
f 5135 5235 5234
f 5135 5136 5235
f 5136 5236 5235
f 5136 5137 5236
f 5137 5237 5236
f 5137 5138 5237
f 5138 5238 5237
f 5138 5139 5238
f 5139 5239 5238
f 5139 5140 5239
f 5140 5240 5239
f 5140 5141 5240
f 5141 5241 5240
f 5141 5142 5241
f 5142 5242 5241
f 5142 5143 5242
f 5143 5243 5242
f 5143 5144 5243
f 5144 5244 5243
f 5144 5145 5244
f 5145 5245 5244
f 5145 5146 5245
f 5146 5246 5245
f 5146 5147 5246
f 5147 5247 5246
f 5147 5148 5247
f 5148 5248 5247
f 5148 5149 5248
f 5149 5249 5248
f 5149 5150 5249
f 5150 5250 5249
f 5150 5151 5250
f 5151 5251 5250
f 5151 5152 5251
f 5152 5252 5251
f 5152 5153 5252
f 5153 5253 5252
f 5153 5154 5253
f 5154 5254 5253
f 5154 5155 5254
f 5155 5255 5254
f 5155 5156 5255
f 5156 5256 5255
f 5156 5157 5256
f 5157 5257 5256
f 5157 5158 5257
f 5158 5258 5257
f 5158 5159 5258
f 5159 5259 5258
f 5159 5160 5259
f 5160 5260 5259
f 5160 5161 5260
f 5161 5261 5260
f 5161 5162 5261
f 5162 5262 5261
f 5162 5163 5262
f 5163 5263 5262
f 5163 5164 5263
f 5164 5264 5263
f 5164 5165 5264
f 5165 5265 5264
f 5165 5166 5265
f 5166 5266 5265
f 5166 5167 5266
f 5167 5267 5266
f 5167 5168 5267
f 5168 5268 5267
f 5168 5169 5268
f 5169 5269 5268
f 5169 5170 5269
f 5170 5270 5269
f 5170 5171 5270
f 5171 5271 5270
f 5171 5172 5271
f 5172 5272 5271
f 5172 5173 5272
f 5173 5273 5272
f 5173 5174 5273
f 5174 5274 5273
f 5174 5175 5274
f 5175 5275 5274
f 5175 5176 5275
f 5176 5276 5275
f 5176 5177 5276
f 5177 5277 5276
f 5177 5178 5277
f 5178 5278 5277
f 5178 5179 5278
f 5179 5279 5278
f 5179 5180 5279
f 5180 5280 5279
f 5180 5181 5280
f 5181 5281 5280
f 5181 5182 5281
f 5182 5282 5281
f 5182 5183 5282
f 5183 5283 5282
f 5183 5184 5283
f 5184 5284 5283
f 5184 5185 5284
f 5185 5285 5284
f 5185 5186 5285
f 5186 5286 5285
f 5186 5187 5286
f 5187 5287 5286
f 5187 5188 5287
f 5188 5288 5287
f 5188 5189 5288
f 5189 5289 5288
f 5189 5190 5289
f 5190 5290 5289
f 5190 5191 5290
f 5191 5291 5290
f 5191 5192 5291
f 5192 5292 5291
f 5192 5193 5292
f 5193 5293 5292
f 5193 5194 5293
f 5194 5294 5293
f 5194 5195 5294
f 5195 5295 5294
f 5195 5196 5295
f 5196 5296 5295
f 5196 5197 5296
f 5197 5297 5296
f 5197 5198 5297
f 5198 5298 5297
f 5198 5199 5298
f 5199 5299 5298
f 5199 5200 5299
f 5200 5300 5299
f 5201 5202 5301
f 5202 5302 5301
f 5202 5203 5302
f 5203 5303 5302
f 5203 5204 5303
f 5204 5304 5303
f 5204 5205 5304
f 5205 5305 5304
f 5205 5206 5305
f 5206 5306 5305
f 5206 5207 5306
f 5207 5307 5306
f 5207 5208 5307
f 5208 5308 5307
f 5208 5209 5308
f 5209 5309 5308
f 5209 5210 5309
f 5210 5310 5309
f 5210 5211 5310
f 5211 5311 5310
f 5211 5212 5311
f 5212 5312 5311
f 5212 5213 5312
f 5213 5313 5312
f 5213 5214 5313
f 5214 5314 5313
f 5214 5215 5314
f 5215 5315 5314
f 5215 5216 5315
f 5216 5316 5315
f 5216 5217 5316
f 5217 5317 5316
f 5217 5218 5317
f 5218 5318 5317
f 5218 5219 5318
f 5219 5319 5318
f 5219 5220 5319
f 5220 5320 5319
f 5220 5221 5320
f 5221 5321 5320
f 5221 5222 5321
f 5222 5322 5321
f 5222 5223 5322
f 5223 5323 5322
f 5223 5224 5323
f 5224 5324 5323
f 5224 5225 5324
f 5225 5325 5324
f 5225 5226 5325
f 5226 5326 5325
f 5226 5227 5326
f 5227 5327 5326
f 5227 5228 5327
f 5228 5328 5327
f 5228 5229 5328
f 5229 5329 5328
f 5229 5230 5329
f 5230 5330 5329
f 5230 5231 5330
f 5231 5331 5330
f 5231 5232 5331
f 5232 5332 5331
f 5232 5233 5332
f 5233 5333 5332
f 5233 5234 5333
f 5234 5334 5333
f 5234 5235 5334
f 5235 5335 5334
f 5235 5236 5335
f 5236 5336 5335
f 5236 5237 5336
f 5237 5337 5336
f 5237 5238 5337
f 5238 5338 5337
f 5238 5239 5338
f 5239 5339 5338
f 5239 5240 5339
f 5240 5340 5339
f 5240 5241 5340
f 5241 5341 5340
f 5241 5242 5341
f 5242 5342 5341
f 5242 5243 5342
f 5243 5343 5342
f 5243 5244 5343
f 5244 5344 5343
f 5244 5245 5344
f 5245 5345 5344
f 5245 5246 5345
f 5246 5346 5345
f 5246 5247 5346
f 5247 5347 5346
f 5247 5248 5347
f 5248 5348 5347
f 5248 5249 5348
f 5249 5349 5348
f 5249 5250 5349
f 5250 5350 5349
f 5250 5251 5350
f 5251 5351 5350
f 5251 5252 5351
f 5252 5352 5351
f 5252 5253 5352
f 5253 5353 5352
f 5253 5254 5353
f 5254 5354 5353
f 5254 5255 5354
f 5255 5355 5354
f 5255 5256 5355
f 5256 5356 5355
f 5256 5257 5356
f 5257 5357 5356
f 5257 5258 5357
f 5258 5358 5357
f 5258 5259 5358
f 5259 5359 5358
f 5259 5260 5359
f 5260 5360 5359
f 5260 5261 5360
f 5261 5361 5360
f 5261 5262 5361
f 5262 5362 5361
f 5262 5263 5362
f 5263 5363 5362
f 5263 5264 5363
f 5264 5364 5363
f 5264 5265 5364
f 5265 5365 5364
f 5265 5266 5365
f 5266 5366 5365
f 5266 5267 5366
f 5267 5367 5366
f 5267 5268 5367
f 5268 5368 5367
f 5268 5269 5368
f 5269 5369 5368
f 5269 5270 5369
f 5270 5370 5369
f 5270 5271 5370
f 5271 5371 5370
f 5271 5272 5371
f 5272 5372 5371
f 5272 5273 5372
f 5273 5373 5372
f 5273 5274 5373
f 5274 5374 5373
f 5274 5275 5374
f 5275 5375 5374
f 5275 5276 5375
f 5276 5376 5375
f 5276 5277 5376
f 5277 5377 5376
f 5277 5278 5377
f 5278 5378 5377
f 5278 5279 5378
f 5279 5379 5378
f 5279 5280 5379
f 5280 5380 5379
f 5280 5281 5380
f 5281 5381 5380
f 5281 5282 5381
f 5282 5382 5381
f 5282 5283 5382
f 5283 5383 5382
f 5283 5284 5383
f 5284 5384 5383
f 5284 5285 5384
f 5285 5385 5384
f 5285 5286 5385
f 5286 5386 5385
f 5286 5287 5386
f 5287 5387 5386
f 5287 5288 5387
f 5288 5388 5387
f 5288 5289 5388
f 5289 5389 5388
f 5289 5290 5389
f 5290 5390 5389
f 5290 5291 5390
f 5291 5391 5390
f 5291 5292 5391
f 5292 5392 5391
f 5292 5293 5392
f 5293 5393 5392
f 5293 5294 5393
f 5294 5394 5393
f 5294 5295 5394
f 5295 5395 5394
f 5295 5296 5395
f 5296 5396 5395
f 5296 5297 5396
f 5297 5397 5396
f 5297 5298 5397
f 5298 5398 5397
f 5298 5299 5398
f 5299 5399 5398
f 5299 5300 5399
f 5300 5400 5399
f 5301 5302 5401
f 5302 5402 5401
f 5302 5303 5402
f 5303 5403 5402
f 5303 5304 5403
f 5304 5404 5403
f 5304 5305 5404
f 5305 5405 5404
f 5305 5306 5405
f 5306 5406 5405
f 5306 5307 5406
f 5307 5407 5406
f 5307 5308 5407
f 5308 5408 5407
f 5308 5309 5408
f 5309 5409 5408
f 5309 5310 5409
f 5310 5410 5409
f 5310 5311 5410
f 5311 5411 5410
f 5311 5312 5411
f 5312 5412 5411
f 5312 5313 5412
f 5313 5413 5412
f 5313 5314 5413
f 5314 5414 5413
f 5314 5315 5414
f 5315 5415 5414
f 5315 5316 5415
f 5316 5416 5415
f 5316 5317 5416
f 5317 5417 5416
f 5317 5318 5417
f 5318 5418 5417
f 5318 5319 5418
f 5319 5419 5418
f 5319 5320 5419
f 5320 5420 5419
f 5320 5321 5420
f 5321 5421 5420
f 5321 5322 5421
f 5322 5422 5421
f 5322 5323 5422
f 5323 5423 5422
f 5323 5324 5423
f 5324 5424 5423
f 5324 5325 5424
f 5325 5425 5424
f 5325 5326 5425
f 5326 5426 5425
f 5326 5327 5426
f 5327 5427 5426
f 5327 5328 5427
f 5328 5428 5427
f 5328 5329 5428
f 5329 5429 5428
f 5329 5330 5429
f 5330 5430 5429
f 5330 5331 5430
f 5331 5431 5430
f 5331 5332 5431
f 5332 5432 5431
f 5332 5333 5432
f 5333 5433 5432
f 5333 5334 5433
f 5334 5434 5433
f 5334 5335 5434
f 5335 5435 5434
f 5335 5336 5435
f 5336 5436 5435
f 5336 5337 5436
f 5337 5437 5436
f 5337 5338 5437
f 5338 5438 5437
f 5338 5339 5438
f 5339 5439 5438
f 5339 5340 5439
f 5340 5440 5439
f 5340 5341 5440
f 5341 5441 5440
f 5341 5342 5441
f 5342 5442 5441
f 5342 5343 5442
f 5343 5443 5442
f 5343 5344 5443
f 5344 5444 5443
f 5344 5345 5444
f 5345 5445 5444
f 5345 5346 5445
f 5346 5446 5445
f 5346 5347 5446
f 5347 5447 5446
f 5347 5348 5447
f 5348 5448 5447
f 5348 5349 5448
f 5349 5449 5448
f 5349 5350 5449
f 5350 5450 5449
f 5350 5351 5450
f 5351 5451 5450
f 5351 5352 5451
f 5352 5452 5451
f 5352 5353 5452
f 5353 5453 5452
f 5353 5354 5453
f 5354 5454 5453
f 5354 5355 5454
f 5355 5455 5454
f 5355 5356 5455
f 5356 5456 5455
f 5356 5357 5456
f 5357 5457 5456
f 5357 5358 5457
f 5358 5458 5457
f 5358 5359 5458
f 5359 5459 5458
f 5359 5360 5459
f 5360 5460 5459
f 5360 5361 5460
f 5361 5461 5460
f 5361 5362 5461
f 5362 5462 5461
f 5362 5363 5462
f 5363 5463 5462
f 5363 5364 5463
f 5364 5464 5463
f 5364 5365 5464
f 5365 5465 5464
f 5365 5366 5465
f 5366 5466 5465
f 5366 5367 5466
f 5367 5467 5466
f 5367 5368 5467
f 5368 5468 5467
f 5368 5369 5468
f 5369 5469 5468
f 5369 5370 5469
f 5370 5470 5469
f 5370 5371 5470
f 5371 5471 5470
f 5371 5372 5471
f 5372 5472 5471
f 5372 5373 5472
f 5373 5473 5472
f 5373 5374 5473
f 5374 5474 5473
f 5374 5375 5474
f 5375 5475 5474
f 5375 5376 5475
f 5376 5476 5475
f 5376 5377 5476
f 5377 5477 5476
f 5377 5378 5477
f 5378 5478 5477
f 5378 5379 5478
f 5379 5479 5478
f 5379 5380 5479
f 5380 5480 5479
f 5380 5381 5480
f 5381 5481 5480
f 5381 5382 5481
f 5382 5482 5481
f 5382 5383 5482
f 5383 5483 5482
f 5383 5384 5483
f 5384 5484 5483
f 5384 5385 5484
f 5385 5485 5484
f 5385 5386 5485
f 5386 5486 5485
f 5386 5387 5486
f 5387 5487 5486
f 5387 5388 5487
f 5388 5488 5487
f 5388 5389 5488
f 5389 5489 5488
f 5389 5390 5489
f 5390 5490 5489
f 5390 5391 5490
f 5391 5491 5490
f 5391 5392 5491
f 5392 5492 5491
f 5392 5393 5492
f 5393 5493 5492
f 5393 5394 5493
f 5394 5494 5493
f 5394 5395 5494
f 5395 5495 5494
f 5395 5396 5495
f 5396 5496 5495
f 5396 5397 5496
f 5397 5497 5496
f 5397 5398 5497
f 5398 5498 5497
f 5398 5399 5498
f 5399 5499 5498
f 5399 5400 5499
f 5400 5500 5499
f 5401 5402 5501
f 5402 5502 5501
f 5402 5403 5502
f 5403 5503 5502
f 5403 5404 5503
f 5404 5504 5503
f 5404 5405 5504
f 5405 5505 5504
f 5405 5406 5505
f 5406 5506 5505
f 5406 5407 5506
f 5407 5507 5506
f 5407 5408 5507
f 5408 5508 5507
f 5408 5409 5508
f 5409 5509 5508
f 5409 5410 5509
f 5410 5510 5509
f 5410 5411 5510
f 5411 5511 5510
f 5411 5412 5511
f 5412 5512 5511
f 5412 5413 5512
f 5413 5513 5512
f 5413 5414 5513
f 5414 5514 5513
f 5414 5415 5514
f 5415 5515 5514
f 5415 5416 5515
f 5416 5516 5515
f 5416 5417 5516
f 5417 5517 5516
f 5417 5418 5517
f 5418 5518 5517
f 5418 5419 5518
f 5419 5519 5518
f 5419 5420 5519
f 5420 5520 5519
f 5420 5421 5520
f 5421 5521 5520
f 5421 5422 5521
f 5422 5522 5521
f 5422 5423 5522
f 5423 5523 5522
f 5423 5424 5523
f 5424 5524 5523
f 5424 5425 5524
f 5425 5525 5524
f 5425 5426 5525
f 5426 5526 5525
f 5426 5427 5526
f 5427 5527 5526
f 5427 5428 5527
f 5428 5528 5527
f 5428 5429 5528
f 5429 5529 5528
f 5429 5430 5529
f 5430 5530 5529
f 5430 5431 5530
f 5431 5531 5530
f 5431 5432 5531
f 5432 5532 5531
f 5432 5433 5532
f 5433 5533 5532
f 5433 5434 5533
f 5434 5534 5533
f 5434 5435 5534
f 5435 5535 5534
f 5435 5436 5535
f 5436 5536 5535
f 5436 5437 5536
f 5437 5537 5536
f 5437 5438 5537
f 5438 5538 5537
f 5438 5439 5538
f 5439 5539 5538
f 5439 5440 5539
f 5440 5540 5539
f 5440 5441 5540
f 5441 5541 5540
f 5441 5442 5541
f 5442 5542 5541
f 5442 5443 5542
f 5443 5543 5542
f 5443 5444 5543
f 5444 5544 5543
f 5444 5445 5544
f 5445 5545 5544
f 5445 5446 5545
f 5446 5546 5545
f 5446 5447 5546
f 5447 5547 5546
f 5447 5448 5547
f 5448 5548 5547
f 5448 5449 5548
f 5449 5549 5548
f 5449 5450 5549
f 5450 5550 5549
f 5450 5451 5550
f 5451 5551 5550
f 5451 5452 5551
f 5452 5552 5551
f 5452 5453 5552
f 5453 5553 5552
f 5453 5454 5553
f 5454 5554 5553
f 5454 5455 5554
f 5455 5555 5554
f 5455 5456 5555
f 5456 5556 5555
f 5456 5457 5556
f 5457 5557 5556
f 5457 5458 5557
f 5458 5558 5557
f 5458 5459 5558
f 5459 5559 5558
f 5459 5460 5559
f 5460 5560 5559
f 5460 5461 5560
f 5461 5561 5560
f 5461 5462 5561
f 5462 5562 5561
f 5462 5463 5562
f 5463 5563 5562
f 5463 5464 5563
f 5464 5564 5563
f 5464 5465 5564
f 5465 5565 5564
f 5465 5466 5565
f 5466 5566 5565
f 5466 5467 5566
f 5467 5567 5566
f 5467 5468 5567
f 5468 5568 5567
f 5468 5469 5568
f 5469 5569 5568
f 5469 5470 5569
f 5470 5570 5569
f 5470 5471 5570
f 5471 5571 5570
f 5471 5472 5571
f 5472 5572 5571
f 5472 5473 5572
f 5473 5573 5572
f 5473 5474 5573
f 5474 5574 5573
f 5474 5475 5574
f 5475 5575 5574
f 5475 5476 5575
f 5476 5576 5575
f 5476 5477 5576
f 5477 5577 5576
f 5477 5478 5577
f 5478 5578 5577
f 5478 5479 5578
f 5479 5579 5578
f 5479 5480 5579
f 5480 5580 5579
f 5480 5481 5580
f 5481 5581 5580
f 5481 5482 5581
f 5482 5582 5581
f 5482 5483 5582
f 5483 5583 5582
f 5483 5484 5583
f 5484 5584 5583
f 5484 5485 5584
f 5485 5585 5584
f 5485 5486 5585
f 5486 5586 5585
f 5486 5487 5586
f 5487 5587 5586
f 5487 5488 5587
f 5488 5588 5587
f 5488 5489 5588
f 5489 5589 5588
f 5489 5490 5589
f 5490 5590 5589
f 5490 5491 5590
f 5491 5591 5590
f 5491 5492 5591
f 5492 5592 5591
f 5492 5493 5592
f 5493 5593 5592
f 5493 5494 5593
f 5494 5594 5593
f 5494 5495 5594
f 5495 5595 5594
f 5495 5496 5595
f 5496 5596 5595
f 5496 5497 5596
f 5497 5597 5596
f 5497 5498 5597
f 5498 5598 5597
f 5498 5499 5598
f 5499 5599 5598
f 5499 5500 5599
f 5500 5600 5599
f 5501 5502 5601
f 5502 5602 5601
f 5502 5503 5602
f 5503 5603 5602
f 5503 5504 5603
f 5504 5604 5603
f 5504 5505 5604
f 5505 5605 5604
f 5505 5506 5605
f 5506 5606 5605
f 5506 5507 5606
f 5507 5607 5606
f 5507 5508 5607
f 5508 5608 5607
f 5508 5509 5608
f 5509 5609 5608
f 5509 5510 5609
f 5510 5610 5609
f 5510 5511 5610
f 5511 5611 5610
f 5511 5512 5611
f 5512 5612 5611
f 5512 5513 5612
f 5513 5613 5612
f 5513 5514 5613
f 5514 5614 5613
f 5514 5515 5614
f 5515 5615 5614
f 5515 5516 5615
f 5516 5616 5615
f 5516 5517 5616
f 5517 5617 5616
f 5517 5518 5617
f 5518 5618 5617
f 5518 5519 5618
f 5519 5619 5618
f 5519 5520 5619
f 5520 5620 5619
f 5520 5521 5620
f 5521 5621 5620
f 5521 5522 5621
f 5522 5622 5621
f 5522 5523 5622
f 5523 5623 5622
f 5523 5524 5623
f 5524 5624 5623
f 5524 5525 5624
f 5525 5625 5624
f 5525 5526 5625
f 5526 5626 5625
f 5526 5527 5626
f 5527 5627 5626
f 5527 5528 5627
f 5528 5628 5627
f 5528 5529 5628
f 5529 5629 5628
f 5529 5530 5629
f 5530 5630 5629
f 5530 5531 5630
f 5531 5631 5630
f 5531 5532 5631
f 5532 5632 5631
f 5532 5533 5632
f 5533 5633 5632
f 5533 5534 5633
f 5534 5634 5633
f 5534 5535 5634
f 5535 5635 5634
f 5535 5536 5635
f 5536 5636 5635
f 5536 5537 5636
f 5537 5637 5636
f 5537 5538 5637
f 5538 5638 5637
f 5538 5539 5638
f 5539 5639 5638
f 5539 5540 5639
f 5540 5640 5639
f 5540 5541 5640
f 5541 5641 5640
f 5541 5542 5641
f 5542 5642 5641
f 5542 5543 5642
f 5543 5643 5642
f 5543 5544 5643
f 5544 5644 5643
f 5544 5545 5644
f 5545 5645 5644
f 5545 5546 5645
f 5546 5646 5645
f 5546 5547 5646
f 5547 5647 5646
f 5547 5548 5647
f 5548 5648 5647
f 5548 5549 5648
f 5549 5649 5648
f 5549 5550 5649
f 5550 5650 5649
f 5550 5551 5650
f 5551 5651 5650
f 5551 5552 5651
f 5552 5652 5651
f 5552 5553 5652
f 5553 5653 5652
f 5553 5554 5653
f 5554 5654 5653
f 5554 5555 5654
f 5555 5655 5654
f 5555 5556 5655
f 5556 5656 5655
f 5556 5557 5656
f 5557 5657 5656
f 5557 5558 5657
f 5558 5658 5657
f 5558 5559 5658
f 5559 5659 5658
f 5559 5560 5659
f 5560 5660 5659
f 5560 5561 5660
f 5561 5661 5660
f 5561 5562 5661
f 5562 5662 5661
f 5562 5563 5662
f 5563 5663 5662
f 5563 5564 5663
f 5564 5664 5663
f 5564 5565 5664
f 5565 5665 5664
f 5565 5566 5665
f 5566 5666 5665
f 5566 5567 5666
f 5567 5667 5666
f 5567 5568 5667
f 5568 5668 5667
f 5568 5569 5668
f 5569 5669 5668
f 5569 5570 5669
f 5570 5670 5669
f 5570 5571 5670
f 5571 5671 5670
f 5571 5572 5671
f 5572 5672 5671
f 5572 5573 5672
f 5573 5673 5672
f 5573 5574 5673
f 5574 5674 5673
f 5574 5575 5674
f 5575 5675 5674
f 5575 5576 5675
f 5576 5676 5675
f 5576 5577 5676
f 5577 5677 5676
f 5577 5578 5677
f 5578 5678 5677
f 5578 5579 5678
f 5579 5679 5678
f 5579 5580 5679
f 5580 5680 5679
f 5580 5581 5680
f 5581 5681 5680
f 5581 5582 5681
f 5582 5682 5681
f 5582 5583 5682
f 5583 5683 5682
f 5583 5584 5683
f 5584 5684 5683
f 5584 5585 5684
f 5585 5685 5684
f 5585 5586 5685
f 5586 5686 5685
f 5586 5587 5686
f 5587 5687 5686
f 5587 5588 5687
f 5588 5688 5687
f 5588 5589 5688
f 5589 5689 5688
f 5589 5590 5689
f 5590 5690 5689
f 5590 5591 5690
f 5591 5691 5690
f 5591 5592 5691
f 5592 5692 5691
f 5592 5593 5692
f 5593 5693 5692
f 5593 5594 5693
f 5594 5694 5693
f 5594 5595 5694
f 5595 5695 5694
f 5595 5596 5695
f 5596 5696 5695
f 5596 5597 5696
f 5597 5697 5696
f 5597 5598 5697
f 5598 5698 5697
f 5598 5599 5698
f 5599 5699 5698
f 5599 5600 5699
f 5600 5700 5699
f 5601 5602 5701
f 5602 5702 5701
f 5602 5603 5702
f 5603 5703 5702
f 5603 5604 5703
f 5604 5704 5703
f 5604 5605 5704
f 5605 5705 5704
f 5605 5606 5705
f 5606 5706 5705
f 5606 5607 5706
f 5607 5707 5706
f 5607 5608 5707
f 5608 5708 5707
f 5608 5609 5708
f 5609 5709 5708
f 5609 5610 5709
f 5610 5710 5709
f 5610 5611 5710
f 5611 5711 5710
f 5611 5612 5711
f 5612 5712 5711
f 5612 5613 5712
f 5613 5713 5712
f 5613 5614 5713
f 5614 5714 5713
f 5614 5615 5714
f 5615 5715 5714
f 5615 5616 5715
f 5616 5716 5715
f 5616 5617 5716
f 5617 5717 5716
f 5617 5618 5717
f 5618 5718 5717
f 5618 5619 5718
f 5619 5719 5718
f 5619 5620 5719
f 5620 5720 5719
f 5620 5621 5720
f 5621 5721 5720
f 5621 5622 5721
f 5622 5722 5721
f 5622 5623 5722
f 5623 5723 5722
f 5623 5624 5723
f 5624 5724 5723
f 5624 5625 5724
f 5625 5725 5724
f 5625 5626 5725
f 5626 5726 5725
f 5626 5627 5726
f 5627 5727 5726
f 5627 5628 5727
f 5628 5728 5727
f 5628 5629 5728
f 5629 5729 5728
f 5629 5630 5729
f 5630 5730 5729
f 5630 5631 5730
f 5631 5731 5730
f 5631 5632 5731
f 5632 5732 5731
f 5632 5633 5732
f 5633 5733 5732
f 5633 5634 5733
f 5634 5734 5733
f 5634 5635 5734
f 5635 5735 5734
f 5635 5636 5735
f 5636 5736 5735
f 5636 5637 5736
f 5637 5737 5736
f 5637 5638 5737
f 5638 5738 5737
f 5638 5639 5738
f 5639 5739 5738
f 5639 5640 5739
f 5640 5740 5739
f 5640 5641 5740
f 5641 5741 5740
f 5641 5642 5741
f 5642 5742 5741
f 5642 5643 5742
f 5643 5743 5742
f 5643 5644 5743
f 5644 5744 5743
f 5644 5645 5744
f 5645 5745 5744
f 5645 5646 5745
f 5646 5746 5745
f 5646 5647 5746
f 5647 5747 5746
f 5647 5648 5747
f 5648 5748 5747
f 5648 5649 5748
f 5649 5749 5748
f 5649 5650 5749
f 5650 5750 5749
f 5650 5651 5750
f 5651 5751 5750
f 5651 5652 5751
f 5652 5752 5751
f 5652 5653 5752
f 5653 5753 5752
f 5653 5654 5753
f 5654 5754 5753
f 5654 5655 5754
f 5655 5755 5754
f 5655 5656 5755
f 5656 5756 5755
f 5656 5657 5756
f 5657 5757 5756
f 5657 5658 5757
f 5658 5758 5757
f 5658 5659 5758
f 5659 5759 5758
f 5659 5660 5759
f 5660 5760 5759
f 5660 5661 5760
f 5661 5761 5760
f 5661 5662 5761
f 5662 5762 5761
f 5662 5663 5762
f 5663 5763 5762
f 5663 5664 5763
f 5664 5764 5763
f 5664 5665 5764
f 5665 5765 5764
f 5665 5666 5765
f 5666 5766 5765
f 5666 5667 5766
f 5667 5767 5766
f 5667 5668 5767
f 5668 5768 5767
f 5668 5669 5768
f 5669 5769 5768
f 5669 5670 5769
f 5670 5770 5769
f 5670 5671 5770
f 5671 5771 5770
f 5671 5672 5771
f 5672 5772 5771
f 5672 5673 5772
f 5673 5773 5772
f 5673 5674 5773
f 5674 5774 5773
f 5674 5675 5774
f 5675 5775 5774
f 5675 5676 5775
f 5676 5776 5775
f 5676 5677 5776
f 5677 5777 5776
f 5677 5678 5777
f 5678 5778 5777
f 5678 5679 5778
f 5679 5779 5778
f 5679 5680 5779
f 5680 5780 5779
f 5680 5681 5780
f 5681 5781 5780
f 5681 5682 5781
f 5682 5782 5781
f 5682 5683 5782
f 5683 5783 5782
f 5683 5684 5783
f 5684 5784 5783
f 5684 5685 5784
f 5685 5785 5784
f 5685 5686 5785
f 5686 5786 5785
f 5686 5687 5786
f 5687 5787 5786
f 5687 5688 5787
f 5688 5788 5787
f 5688 5689 5788
f 5689 5789 5788
f 5689 5690 5789
f 5690 5790 5789
f 5690 5691 5790
f 5691 5791 5790
f 5691 5692 5791
f 5692 5792 5791
f 5692 5693 5792
f 5693 5793 5792
f 5693 5694 5793
f 5694 5794 5793
f 5694 5695 5794
f 5695 5795 5794
f 5695 5696 5795
f 5696 5796 5795
f 5696 5697 5796
f 5697 5797 5796
f 5697 5698 5797
f 5698 5798 5797
f 5698 5699 5798
f 5699 5799 5798
f 5699 5700 5799
f 5700 5800 5799
f 5701 5702 5801
f 5702 5802 5801
f 5702 5703 5802
f 5703 5803 5802
f 5703 5704 5803
f 5704 5804 5803
f 5704 5705 5804
f 5705 5805 5804
f 5705 5706 5805
f 5706 5806 5805
f 5706 5707 5806
f 5707 5807 5806
f 5707 5708 5807
f 5708 5808 5807
f 5708 5709 5808
f 5709 5809 5808
f 5709 5710 5809
f 5710 5810 5809
f 5710 5711 5810
f 5711 5811 5810
f 5711 5712 5811
f 5712 5812 5811
f 5712 5713 5812
f 5713 5813 5812
f 5713 5714 5813
f 5714 5814 5813
f 5714 5715 5814
f 5715 5815 5814
f 5715 5716 5815
f 5716 5816 5815
f 5716 5717 5816
f 5717 5817 5816
f 5717 5718 5817
f 5718 5818 5817
f 5718 5719 5818
f 5719 5819 5818
f 5719 5720 5819
f 5720 5820 5819
f 5720 5721 5820
f 5721 5821 5820
f 5721 5722 5821
f 5722 5822 5821
f 5722 5723 5822
f 5723 5823 5822
f 5723 5724 5823
f 5724 5824 5823
f 5724 5725 5824
f 5725 5825 5824
f 5725 5726 5825
f 5726 5826 5825
f 5726 5727 5826
f 5727 5827 5826
f 5727 5728 5827
f 5728 5828 5827
f 5728 5729 5828
f 5729 5829 5828
f 5729 5730 5829
f 5730 5830 5829
f 5730 5731 5830
f 5731 5831 5830
f 5731 5732 5831
f 5732 5832 5831
f 5732 5733 5832
f 5733 5833 5832
f 5733 5734 5833
f 5734 5834 5833
f 5734 5735 5834
f 5735 5835 5834
f 5735 5736 5835
f 5736 5836 5835
f 5736 5737 5836
f 5737 5837 5836
f 5737 5738 5837
f 5738 5838 5837
f 5738 5739 5838
f 5739 5839 5838
f 5739 5740 5839
f 5740 5840 5839
f 5740 5741 5840
f 5741 5841 5840
f 5741 5742 5841
f 5742 5842 5841
f 5742 5743 5842
f 5743 5843 5842
f 5743 5744 5843
f 5744 5844 5843
f 5744 5745 5844
f 5745 5845 5844
f 5745 5746 5845
f 5746 5846 5845
f 5746 5747 5846
f 5747 5847 5846
f 5747 5748 5847
f 5748 5848 5847
f 5748 5749 5848
f 5749 5849 5848
f 5749 5750 5849
f 5750 5850 5849
f 5750 5751 5850
f 5751 5851 5850
f 5751 5752 5851
f 5752 5852 5851
f 5752 5753 5852
f 5753 5853 5852
f 5753 5754 5853
f 5754 5854 5853
f 5754 5755 5854
f 5755 5855 5854
f 5755 5756 5855
f 5756 5856 5855
f 5756 5757 5856
f 5757 5857 5856
f 5757 5758 5857
f 5758 5858 5857
f 5758 5759 5858
f 5759 5859 5858
f 5759 5760 5859
f 5760 5860 5859
f 5760 5761 5860
f 5761 5861 5860
f 5761 5762 5861
f 5762 5862 5861
f 5762 5763 5862
f 5763 5863 5862
f 5763 5764 5863
f 5764 5864 5863
f 5764 5765 5864
f 5765 5865 5864
f 5765 5766 5865
f 5766 5866 5865
f 5766 5767 5866
f 5767 5867 5866
f 5767 5768 5867
f 5768 5868 5867
f 5768 5769 5868
f 5769 5869 5868
f 5769 5770 5869
f 5770 5870 5869
f 5770 5771 5870
f 5771 5871 5870
f 5771 5772 5871
f 5772 5872 5871
f 5772 5773 5872
f 5773 5873 5872
f 5773 5774 5873
f 5774 5874 5873
f 5774 5775 5874
f 5775 5875 5874
f 5775 5776 5875
f 5776 5876 5875
f 5776 5777 5876
f 5777 5877 5876
f 5777 5778 5877
f 5778 5878 5877
f 5778 5779 5878
f 5779 5879 5878
f 5779 5780 5879
f 5780 5880 5879
f 5780 5781 5880
f 5781 5881 5880
f 5781 5782 5881
f 5782 5882 5881
f 5782 5783 5882
f 5783 5883 5882
f 5783 5784 5883
f 5784 5884 5883
f 5784 5785 5884
f 5785 5885 5884
f 5785 5786 5885
f 5786 5886 5885
f 5786 5787 5886
f 5787 5887 5886
f 5787 5788 5887
f 5788 5888 5887
f 5788 5789 5888
f 5789 5889 5888
f 5789 5790 5889
f 5790 5890 5889
f 5790 5791 5890
f 5791 5891 5890
f 5791 5792 5891
f 5792 5892 5891
f 5792 5793 5892
f 5793 5893 5892
f 5793 5794 5893
f 5794 5894 5893
f 5794 5795 5894
f 5795 5895 5894
f 5795 5796 5895
f 5796 5896 5895
f 5796 5797 5896
f 5797 5897 5896
f 5797 5798 5897
f 5798 5898 5897
f 5798 5799 5898
f 5799 5899 5898
f 5799 5800 5899
f 5800 5900 5899
f 5801 5802 5901
f 5802 5902 5901
f 5802 5803 5902
f 5803 5903 5902
f 5803 5804 5903
f 5804 5904 5903
f 5804 5805 5904
f 5805 5905 5904
f 5805 5806 5905
f 5806 5906 5905
f 5806 5807 5906
f 5807 5907 5906
f 5807 5808 5907
f 5808 5908 5907
f 5808 5809 5908
f 5809 5909 5908
f 5809 5810 5909
f 5810 5910 5909
f 5810 5811 5910
f 5811 5911 5910
f 5811 5812 5911
f 5812 5912 5911
f 5812 5813 5912
f 5813 5913 5912
f 5813 5814 5913
f 5814 5914 5913
f 5814 5815 5914
f 5815 5915 5914
f 5815 5816 5915
f 5816 5916 5915
f 5816 5817 5916
f 5817 5917 5916
f 5817 5818 5917
f 5818 5918 5917
f 5818 5819 5918
f 5819 5919 5918
f 5819 5820 5919
f 5820 5920 5919
f 5820 5821 5920
f 5821 5921 5920
f 5821 5822 5921
f 5822 5922 5921
f 5822 5823 5922
f 5823 5923 5922
f 5823 5824 5923
f 5824 5924 5923
f 5824 5825 5924
f 5825 5925 5924
f 5825 5826 5925
f 5826 5926 5925
f 5826 5827 5926
f 5827 5927 5926
f 5827 5828 5927
f 5828 5928 5927
f 5828 5829 5928
f 5829 5929 5928
f 5829 5830 5929
f 5830 5930 5929
f 5830 5831 5930
f 5831 5931 5930
f 5831 5832 5931
f 5832 5932 5931
f 5832 5833 5932
f 5833 5933 5932
f 5833 5834 5933
f 5834 5934 5933
f 5834 5835 5934
f 5835 5935 5934
f 5835 5836 5935
f 5836 5936 5935
f 5836 5837 5936
f 5837 5937 5936
f 5837 5838 5937
f 5838 5938 5937
f 5838 5839 5938
f 5839 5939 5938
f 5839 5840 5939
f 5840 5940 5939
f 5840 5841 5940
f 5841 5941 5940
f 5841 5842 5941
f 5842 5942 5941
f 5842 5843 5942
f 5843 5943 5942
f 5843 5844 5943
f 5844 5944 5943
f 5844 5845 5944
f 5845 5945 5944
f 5845 5846 5945
f 5846 5946 5945
f 5846 5847 5946
f 5847 5947 5946
f 5847 5848 5947
f 5848 5948 5947
f 5848 5849 5948
f 5849 5949 5948
f 5849 5850 5949
f 5850 5950 5949
f 5850 5851 5950
f 5851 5951 5950
f 5851 5852 5951
f 5852 5952 5951
f 5852 5853 5952
f 5853 5953 5952
f 5853 5854 5953
f 5854 5954 5953
f 5854 5855 5954
f 5855 5955 5954
f 5855 5856 5955
f 5856 5956 5955
f 5856 5857 5956
f 5857 5957 5956
f 5857 5858 5957
f 5858 5958 5957
f 5858 5859 5958
f 5859 5959 5958
f 5859 5860 5959
f 5860 5960 5959
f 5860 5861 5960
f 5861 5961 5960
f 5861 5862 5961
f 5862 5962 5961
f 5862 5863 5962
f 5863 5963 5962
f 5863 5864 5963
f 5864 5964 5963
f 5864 5865 5964
f 5865 5965 5964
f 5865 5866 5965
f 5866 5966 5965
f 5866 5867 5966
f 5867 5967 5966
f 5867 5868 5967
f 5868 5968 5967
f 5868 5869 5968
f 5869 5969 5968
f 5869 5870 5969
f 5870 5970 5969
f 5870 5871 5970
f 5871 5971 5970
f 5871 5872 5971
f 5872 5972 5971
f 5872 5873 5972
f 5873 5973 5972
f 5873 5874 5973
f 5874 5974 5973
f 5874 5875 5974
f 5875 5975 5974
f 5875 5876 5975
f 5876 5976 5975
f 5876 5877 5976
f 5877 5977 5976
f 5877 5878 5977
f 5878 5978 5977
f 5878 5879 5978
f 5879 5979 5978
f 5879 5880 5979
f 5880 5980 5979
f 5880 5881 5980
f 5881 5981 5980
f 5881 5882 5981
f 5882 5982 5981
f 5882 5883 5982
f 5883 5983 5982
f 5883 5884 5983
f 5884 5984 5983
f 5884 5885 5984
f 5885 5985 5984
f 5885 5886 5985
f 5886 5986 5985
f 5886 5887 5986
f 5887 5987 5986
f 5887 5888 5987
f 5888 5988 5987
f 5888 5889 5988
f 5889 5989 5988
f 5889 5890 5989
f 5890 5990 5989
f 5890 5891 5990
f 5891 5991 5990
f 5891 5892 5991
f 5892 5992 5991
f 5892 5893 5992
f 5893 5993 5992
f 5893 5894 5993
f 5894 5994 5993
f 5894 5895 5994
f 5895 5995 5994
f 5895 5896 5995
f 5896 5996 5995
f 5896 5897 5996
f 5897 5997 5996
f 5897 5898 5997
f 5898 5998 5997
f 5898 5899 5998
f 5899 5999 5998
f 5899 5900 5999
f 5900 6000 5999
f 5901 5902 6001
f 5902 6002 6001
f 5902 5903 6002
f 5903 6003 6002
f 5903 5904 6003
f 5904 6004 6003
f 5904 5905 6004
f 5905 6005 6004
f 5905 5906 6005
f 5906 6006 6005
f 5906 5907 6006
f 5907 6007 6006
f 5907 5908 6007
f 5908 6008 6007
f 5908 5909 6008
f 5909 6009 6008
f 5909 5910 6009
f 5910 6010 6009
f 5910 5911 6010
f 5911 6011 6010
f 5911 5912 6011
f 5912 6012 6011
f 5912 5913 6012
f 5913 6013 6012
f 5913 5914 6013
f 5914 6014 6013
f 5914 5915 6014
f 5915 6015 6014
f 5915 5916 6015
f 5916 6016 6015
f 5916 5917 6016
f 5917 6017 6016
f 5917 5918 6017
f 5918 6018 6017
f 5918 5919 6018
f 5919 6019 6018
f 5919 5920 6019
f 5920 6020 6019
f 5920 5921 6020
f 5921 6021 6020
f 5921 5922 6021
f 5922 6022 6021
f 5922 5923 6022
f 5923 6023 6022
f 5923 5924 6023
f 5924 6024 6023
f 5924 5925 6024
f 5925 6025 6024
f 5925 5926 6025
f 5926 6026 6025
f 5926 5927 6026
f 5927 6027 6026
f 5927 5928 6027
f 5928 6028 6027
f 5928 5929 6028
f 5929 6029 6028
f 5929 5930 6029
f 5930 6030 6029
f 5930 5931 6030
f 5931 6031 6030
f 5931 5932 6031
f 5932 6032 6031
f 5932 5933 6032
f 5933 6033 6032
f 5933 5934 6033
f 5934 6034 6033
f 5934 5935 6034
f 5935 6035 6034
f 5935 5936 6035
f 5936 6036 6035
f 5936 5937 6036
f 5937 6037 6036
f 5937 5938 6037
f 5938 6038 6037
f 5938 5939 6038
f 5939 6039 6038
f 5939 5940 6039
f 5940 6040 6039
f 5940 5941 6040
f 5941 6041 6040
f 5941 5942 6041
f 5942 6042 6041
f 5942 5943 6042
f 5943 6043 6042
f 5943 5944 6043
f 5944 6044 6043
f 5944 5945 6044
f 5945 6045 6044
f 5945 5946 6045
f 5946 6046 6045
f 5946 5947 6046
f 5947 6047 6046
f 5947 5948 6047
f 5948 6048 6047
f 5948 5949 6048
f 5949 6049 6048
f 5949 5950 6049
f 5950 6050 6049
f 5950 5951 6050
f 5951 6051 6050
f 5951 5952 6051
f 5952 6052 6051
f 5952 5953 6052
f 5953 6053 6052
f 5953 5954 6053
f 5954 6054 6053
f 5954 5955 6054
f 5955 6055 6054
f 5955 5956 6055
f 5956 6056 6055
f 5956 5957 6056
f 5957 6057 6056
f 5957 5958 6057
f 5958 6058 6057
f 5958 5959 6058
f 5959 6059 6058
f 5959 5960 6059
f 5960 6060 6059
f 5960 5961 6060
f 5961 6061 6060
f 5961 5962 6061
f 5962 6062 6061
f 5962 5963 6062
f 5963 6063 6062
f 5963 5964 6063
f 5964 6064 6063
f 5964 5965 6064
f 5965 6065 6064
f 5965 5966 6065
f 5966 6066 6065
f 5966 5967 6066
f 5967 6067 6066
f 5967 5968 6067
f 5968 6068 6067
f 5968 5969 6068
f 5969 6069 6068
f 5969 5970 6069
f 5970 6070 6069
f 5970 5971 6070
f 5971 6071 6070
f 5971 5972 6071
f 5972 6072 6071
f 5972 5973 6072
f 5973 6073 6072
f 5973 5974 6073
f 5974 6074 6073
f 5974 5975 6074
f 5975 6075 6074
f 5975 5976 6075
f 5976 6076 6075
f 5976 5977 6076
f 5977 6077 6076
f 5977 5978 6077
f 5978 6078 6077
f 5978 5979 6078
f 5979 6079 6078
f 5979 5980 6079
f 5980 6080 6079
f 5980 5981 6080
f 5981 6081 6080
f 5981 5982 6081
f 5982 6082 6081
f 5982 5983 6082
f 5983 6083 6082
f 5983 5984 6083
f 5984 6084 6083
f 5984 5985 6084
f 5985 6085 6084
f 5985 5986 6085
f 5986 6086 6085
f 5986 5987 6086
f 5987 6087 6086
f 5987 5988 6087
f 5988 6088 6087
f 5988 5989 6088
f 5989 6089 6088
f 5989 5990 6089
f 5990 6090 6089
f 5990 5991 6090
f 5991 6091 6090
f 5991 5992 6091
f 5992 6092 6091
f 5992 5993 6092
f 5993 6093 6092
f 5993 5994 6093
f 5994 6094 6093
f 5994 5995 6094
f 5995 6095 6094
f 5995 5996 6095
f 5996 6096 6095
f 5996 5997 6096
f 5997 6097 6096
f 5997 5998 6097
f 5998 6098 6097
f 5998 5999 6098
f 5999 6099 6098
f 5999 6000 6099
f 6000 6100 6099
f 6001 6002 6101
f 6002 6102 6101
f 6002 6003 6102
f 6003 6103 6102
f 6003 6004 6103
f 6004 6104 6103
f 6004 6005 6104
f 6005 6105 6104
f 6005 6006 6105
f 6006 6106 6105
f 6006 6007 6106
f 6007 6107 6106
f 6007 6008 6107
f 6008 6108 6107
f 6008 6009 6108
f 6009 6109 6108
f 6009 6010 6109
f 6010 6110 6109
f 6010 6011 6110
f 6011 6111 6110
f 6011 6012 6111
f 6012 6112 6111
f 6012 6013 6112
f 6013 6113 6112
f 6013 6014 6113
f 6014 6114 6113
f 6014 6015 6114
f 6015 6115 6114
f 6015 6016 6115
f 6016 6116 6115
f 6016 6017 6116
f 6017 6117 6116
f 6017 6018 6117
f 6018 6118 6117
f 6018 6019 6118
f 6019 6119 6118
f 6019 6020 6119
f 6020 6120 6119
f 6020 6021 6120
f 6021 6121 6120
f 6021 6022 6121
f 6022 6122 6121
f 6022 6023 6122
f 6023 6123 6122
f 6023 6024 6123
f 6024 6124 6123
f 6024 6025 6124
f 6025 6125 6124
f 6025 6026 6125
f 6026 6126 6125
f 6026 6027 6126
f 6027 6127 6126
f 6027 6028 6127
f 6028 6128 6127
f 6028 6029 6128
f 6029 6129 6128
f 6029 6030 6129
f 6030 6130 6129
f 6030 6031 6130
f 6031 6131 6130
f 6031 6032 6131
f 6032 6132 6131
f 6032 6033 6132
f 6033 6133 6132
f 6033 6034 6133
f 6034 6134 6133
f 6034 6035 6134
f 6035 6135 6134
f 6035 6036 6135
f 6036 6136 6135
f 6036 6037 6136
f 6037 6137 6136
f 6037 6038 6137
f 6038 6138 6137
f 6038 6039 6138
f 6039 6139 6138
f 6039 6040 6139
f 6040 6140 6139
f 6040 6041 6140
f 6041 6141 6140
f 6041 6042 6141
f 6042 6142 6141
f 6042 6043 6142
f 6043 6143 6142
f 6043 6044 6143
f 6044 6144 6143
f 6044 6045 6144
f 6045 6145 6144
f 6045 6046 6145
f 6046 6146 6145
f 6046 6047 6146
f 6047 6147 6146
f 6047 6048 6147
f 6048 6148 6147
f 6048 6049 6148
f 6049 6149 6148
f 6049 6050 6149
f 6050 6150 6149
f 6050 6051 6150
f 6051 6151 6150
f 6051 6052 6151
f 6052 6152 6151
f 6052 6053 6152
f 6053 6153 6152
f 6053 6054 6153
f 6054 6154 6153
f 6054 6055 6154
f 6055 6155 6154
f 6055 6056 6155
f 6056 6156 6155
f 6056 6057 6156
f 6057 6157 6156
f 6057 6058 6157
f 6058 6158 6157
f 6058 6059 6158
f 6059 6159 6158
f 6059 6060 6159
f 6060 6160 6159
f 6060 6061 6160
f 6061 6161 6160
f 6061 6062 6161
f 6062 6162 6161
f 6062 6063 6162
f 6063 6163 6162
f 6063 6064 6163
f 6064 6164 6163
f 6064 6065 6164
f 6065 6165 6164
f 6065 6066 6165
f 6066 6166 6165
f 6066 6067 6166
f 6067 6167 6166
f 6067 6068 6167
f 6068 6168 6167
f 6068 6069 6168
f 6069 6169 6168
f 6069 6070 6169
f 6070 6170 6169
f 6070 6071 6170
f 6071 6171 6170
f 6071 6072 6171
f 6072 6172 6171
f 6072 6073 6172
f 6073 6173 6172
f 6073 6074 6173
f 6074 6174 6173
f 6074 6075 6174
f 6075 6175 6174
f 6075 6076 6175
f 6076 6176 6175
f 6076 6077 6176
f 6077 6177 6176
f 6077 6078 6177
f 6078 6178 6177
f 6078 6079 6178
f 6079 6179 6178
f 6079 6080 6179
f 6080 6180 6179
f 6080 6081 6180
f 6081 6181 6180
f 6081 6082 6181
f 6082 6182 6181
f 6082 6083 6182
f 6083 6183 6182
f 6083 6084 6183
f 6084 6184 6183
f 6084 6085 6184
f 6085 6185 6184
f 6085 6086 6185
f 6086 6186 6185
f 6086 6087 6186
f 6087 6187 6186
f 6087 6088 6187
f 6088 6188 6187
f 6088 6089 6188
f 6089 6189 6188
f 6089 6090 6189
f 6090 6190 6189
f 6090 6091 6190
f 6091 6191 6190
f 6091 6092 6191
f 6092 6192 6191
f 6092 6093 6192
f 6093 6193 6192
f 6093 6094 6193
f 6094 6194 6193
f 6094 6095 6194
f 6095 6195 6194
f 6095 6096 6195
f 6096 6196 6195
f 6096 6097 6196
f 6097 6197 6196
f 6097 6098 6197
f 6098 6198 6197
f 6098 6099 6198
f 6099 6199 6198
f 6099 6100 6199
f 6100 6200 6199
f 6101 6102 6201
f 6102 6202 6201
f 6102 6103 6202
f 6103 6203 6202
f 6103 6104 6203
f 6104 6204 6203
f 6104 6105 6204
f 6105 6205 6204
f 6105 6106 6205
f 6106 6206 6205
f 6106 6107 6206
f 6107 6207 6206
f 6107 6108 6207
f 6108 6208 6207
f 6108 6109 6208
f 6109 6209 6208
f 6109 6110 6209
f 6110 6210 6209
f 6110 6111 6210
f 6111 6211 6210
f 6111 6112 6211
f 6112 6212 6211
f 6112 6113 6212
f 6113 6213 6212
f 6113 6114 6213
f 6114 6214 6213
f 6114 6115 6214
f 6115 6215 6214
f 6115 6116 6215
f 6116 6216 6215
f 6116 6117 6216
f 6117 6217 6216
f 6117 6118 6217
f 6118 6218 6217
f 6118 6119 6218
f 6119 6219 6218
f 6119 6120 6219
f 6120 6220 6219
f 6120 6121 6220
f 6121 6221 6220
f 6121 6122 6221
f 6122 6222 6221
f 6122 6123 6222
f 6123 6223 6222
f 6123 6124 6223
f 6124 6224 6223
f 6124 6125 6224
f 6125 6225 6224
f 6125 6126 6225
f 6126 6226 6225
f 6126 6127 6226
f 6127 6227 6226
f 6127 6128 6227
f 6128 6228 6227
f 6128 6129 6228
f 6129 6229 6228
f 6129 6130 6229
f 6130 6230 6229
f 6130 6131 6230
f 6131 6231 6230
f 6131 6132 6231
f 6132 6232 6231
f 6132 6133 6232
f 6133 6233 6232
f 6133 6134 6233
f 6134 6234 6233
f 6134 6135 6234
f 6135 6235 6234
f 6135 6136 6235
f 6136 6236 6235
f 6136 6137 6236
f 6137 6237 6236
f 6137 6138 6237
f 6138 6238 6237
f 6138 6139 6238
f 6139 6239 6238
f 6139 6140 6239
f 6140 6240 6239
f 6140 6141 6240
f 6141 6241 6240
f 6141 6142 6241
f 6142 6242 6241
f 6142 6143 6242
f 6143 6243 6242
f 6143 6144 6243
f 6144 6244 6243
f 6144 6145 6244
f 6145 6245 6244
f 6145 6146 6245
f 6146 6246 6245
f 6146 6147 6246
f 6147 6247 6246
f 6147 6148 6247
f 6148 6248 6247
f 6148 6149 6248
f 6149 6249 6248
f 6149 6150 6249
f 6150 6250 6249
f 6150 6151 6250
f 6151 6251 6250
f 6151 6152 6251
f 6152 6252 6251
f 6152 6153 6252
f 6153 6253 6252
f 6153 6154 6253
f 6154 6254 6253
f 6154 6155 6254
f 6155 6255 6254
f 6155 6156 6255
f 6156 6256 6255
f 6156 6157 6256
f 6157 6257 6256
f 6157 6158 6257
f 6158 6258 6257
f 6158 6159 6258
f 6159 6259 6258
f 6159 6160 6259
f 6160 6260 6259
f 6160 6161 6260
f 6161 6261 6260
f 6161 6162 6261
f 6162 6262 6261
f 6162 6163 6262
f 6163 6263 6262
f 6163 6164 6263
f 6164 6264 6263
f 6164 6165 6264
f 6165 6265 6264
f 6165 6166 6265
f 6166 6266 6265
f 6166 6167 6266
f 6167 6267 6266
f 6167 6168 6267
f 6168 6268 6267
f 6168 6169 6268
f 6169 6269 6268
f 6169 6170 6269
f 6170 6270 6269
f 6170 6171 6270
f 6171 6271 6270
f 6171 6172 6271
f 6172 6272 6271
f 6172 6173 6272
f 6173 6273 6272
f 6173 6174 6273
f 6174 6274 6273
f 6174 6175 6274
f 6175 6275 6274
f 6175 6176 6275
f 6176 6276 6275
f 6176 6177 6276
f 6177 6277 6276
f 6177 6178 6277
f 6178 6278 6277
f 6178 6179 6278
f 6179 6279 6278
f 6179 6180 6279
f 6180 6280 6279
f 6180 6181 6280
f 6181 6281 6280
f 6181 6182 6281
f 6182 6282 6281
f 6182 6183 6282
f 6183 6283 6282
f 6183 6184 6283
f 6184 6284 6283
f 6184 6185 6284
f 6185 6285 6284
f 6185 6186 6285
f 6186 6286 6285
f 6186 6187 6286
f 6187 6287 6286
f 6187 6188 6287
f 6188 6288 6287
f 6188 6189 6288
f 6189 6289 6288
f 6189 6190 6289
f 6190 6290 6289
f 6190 6191 6290
f 6191 6291 6290
f 6191 6192 6291
f 6192 6292 6291
f 6192 6193 6292
f 6193 6293 6292
f 6193 6194 6293
f 6194 6294 6293
f 6194 6195 6294
f 6195 6295 6294
f 6195 6196 6295
f 6196 6296 6295
f 6196 6197 6296
f 6197 6297 6296
f 6197 6198 6297
f 6198 6298 6297
f 6198 6199 6298
f 6199 6299 6298
f 6199 6200 6299
f 6200 6300 6299
f 6201 6202 6301
f 6202 6302 6301
f 6202 6203 6302
f 6203 6303 6302
f 6203 6204 6303
f 6204 6304 6303
f 6204 6205 6304
f 6205 6305 6304
f 6205 6206 6305
f 6206 6306 6305
f 6206 6207 6306
f 6207 6307 6306
f 6207 6208 6307
f 6208 6308 6307
f 6208 6209 6308
f 6209 6309 6308
f 6209 6210 6309
f 6210 6310 6309
f 6210 6211 6310
f 6211 6311 6310
f 6211 6212 6311
f 6212 6312 6311
f 6212 6213 6312
f 6213 6313 6312
f 6213 6214 6313
f 6214 6314 6313
f 6214 6215 6314
f 6215 6315 6314
f 6215 6216 6315
f 6216 6316 6315
f 6216 6217 6316
f 6217 6317 6316
f 6217 6218 6317
f 6218 6318 6317
f 6218 6219 6318
f 6219 6319 6318
f 6219 6220 6319
f 6220 6320 6319
f 6220 6221 6320
f 6221 6321 6320
f 6221 6222 6321
f 6222 6322 6321
f 6222 6223 6322
f 6223 6323 6322
f 6223 6224 6323
f 6224 6324 6323
f 6224 6225 6324
f 6225 6325 6324
f 6225 6226 6325
f 6226 6326 6325
f 6226 6227 6326
f 6227 6327 6326
f 6227 6228 6327
f 6228 6328 6327
f 6228 6229 6328
f 6229 6329 6328
f 6229 6230 6329
f 6230 6330 6329
f 6230 6231 6330
f 6231 6331 6330
f 6231 6232 6331
f 6232 6332 6331
f 6232 6233 6332
f 6233 6333 6332
f 6233 6234 6333
f 6234 6334 6333
f 6234 6235 6334
f 6235 6335 6334
f 6235 6236 6335
f 6236 6336 6335
f 6236 6237 6336
f 6237 6337 6336
f 6237 6238 6337
f 6238 6338 6337
f 6238 6239 6338
f 6239 6339 6338
f 6239 6240 6339
f 6240 6340 6339
f 6240 6241 6340
f 6241 6341 6340
f 6241 6242 6341
f 6242 6342 6341
f 6242 6243 6342
f 6243 6343 6342
f 6243 6244 6343
f 6244 6344 6343
f 6244 6245 6344
f 6245 6345 6344
f 6245 6246 6345
f 6246 6346 6345
f 6246 6247 6346
f 6247 6347 6346
f 6247 6248 6347
f 6248 6348 6347
f 6248 6249 6348
f 6249 6349 6348
f 6249 6250 6349
f 6250 6350 6349
f 6250 6251 6350
f 6251 6351 6350
f 6251 6252 6351
f 6252 6352 6351
f 6252 6253 6352
f 6253 6353 6352
f 6253 6254 6353
f 6254 6354 6353
f 6254 6255 6354
f 6255 6355 6354
f 6255 6256 6355
f 6256 6356 6355
f 6256 6257 6356
f 6257 6357 6356
f 6257 6258 6357
f 6258 6358 6357
f 6258 6259 6358
f 6259 6359 6358
f 6259 6260 6359
f 6260 6360 6359
f 6260 6261 6360
f 6261 6361 6360
f 6261 6262 6361
f 6262 6362 6361
f 6262 6263 6362
f 6263 6363 6362
f 6263 6264 6363
f 6264 6364 6363
f 6264 6265 6364
f 6265 6365 6364
f 6265 6266 6365
f 6266 6366 6365
f 6266 6267 6366
f 6267 6367 6366
f 6267 6268 6367
f 6268 6368 6367
f 6268 6269 6368
f 6269 6369 6368
f 6269 6270 6369
f 6270 6370 6369
f 6270 6271 6370
f 6271 6371 6370
f 6271 6272 6371
f 6272 6372 6371
f 6272 6273 6372
f 6273 6373 6372
f 6273 6274 6373
f 6274 6374 6373
f 6274 6275 6374
f 6275 6375 6374
f 6275 6276 6375
f 6276 6376 6375
f 6276 6277 6376
f 6277 6377 6376
f 6277 6278 6377
f 6278 6378 6377
f 6278 6279 6378
f 6279 6379 6378
f 6279 6280 6379
f 6280 6380 6379
f 6280 6281 6380
f 6281 6381 6380
f 6281 6282 6381
f 6282 6382 6381
f 6282 6283 6382
f 6283 6383 6382
f 6283 6284 6383
f 6284 6384 6383
f 6284 6285 6384
f 6285 6385 6384
f 6285 6286 6385
f 6286 6386 6385
f 6286 6287 6386
f 6287 6387 6386
f 6287 6288 6387
f 6288 6388 6387
f 6288 6289 6388
f 6289 6389 6388
f 6289 6290 6389
f 6290 6390 6389
f 6290 6291 6390
f 6291 6391 6390
f 6291 6292 6391
f 6292 6392 6391
f 6292 6293 6392
f 6293 6393 6392
f 6293 6294 6393
f 6294 6394 6393
f 6294 6295 6394
f 6295 6395 6394
f 6295 6296 6395
f 6296 6396 6395
f 6296 6297 6396
f 6297 6397 6396
f 6297 6298 6397
f 6298 6398 6397
f 6298 6299 6398
f 6299 6399 6398
f 6299 6300 6399
f 6300 6400 6399
f 6301 6302 6401
f 6302 6402 6401
f 6302 6303 6402
f 6303 6403 6402
f 6303 6304 6403
f 6304 6404 6403
f 6304 6305 6404
f 6305 6405 6404
f 6305 6306 6405
f 6306 6406 6405
f 6306 6307 6406
f 6307 6407 6406
f 6307 6308 6407
f 6308 6408 6407
f 6308 6309 6408
f 6309 6409 6408
f 6309 6310 6409
f 6310 6410 6409
f 6310 6311 6410
f 6311 6411 6410
f 6311 6312 6411
f 6312 6412 6411
f 6312 6313 6412
f 6313 6413 6412
f 6313 6314 6413
f 6314 6414 6413
f 6314 6315 6414
f 6315 6415 6414
f 6315 6316 6415
f 6316 6416 6415
f 6316 6317 6416
f 6317 6417 6416
f 6317 6318 6417
f 6318 6418 6417
f 6318 6319 6418
f 6319 6419 6418
f 6319 6320 6419
f 6320 6420 6419
f 6320 6321 6420
f 6321 6421 6420
f 6321 6322 6421
f 6322 6422 6421
f 6322 6323 6422
f 6323 6423 6422
f 6323 6324 6423
f 6324 6424 6423
f 6324 6325 6424
f 6325 6425 6424
f 6325 6326 6425
f 6326 6426 6425
f 6326 6327 6426
f 6327 6427 6426
f 6327 6328 6427
f 6328 6428 6427
f 6328 6329 6428
f 6329 6429 6428
f 6329 6330 6429
f 6330 6430 6429
f 6330 6331 6430
f 6331 6431 6430
f 6331 6332 6431
f 6332 6432 6431
f 6332 6333 6432
f 6333 6433 6432
f 6333 6334 6433
f 6334 6434 6433
f 6334 6335 6434
f 6335 6435 6434
f 6335 6336 6435
f 6336 6436 6435
f 6336 6337 6436
f 6337 6437 6436
f 6337 6338 6437
f 6338 6438 6437
f 6338 6339 6438
f 6339 6439 6438
f 6339 6340 6439
f 6340 6440 6439
f 6340 6341 6440
f 6341 6441 6440
f 6341 6342 6441
f 6342 6442 6441
f 6342 6343 6442
f 6343 6443 6442
f 6343 6344 6443
f 6344 6444 6443
f 6344 6345 6444
f 6345 6445 6444
f 6345 6346 6445
f 6346 6446 6445
f 6346 6347 6446
f 6347 6447 6446
f 6347 6348 6447
f 6348 6448 6447
f 6348 6349 6448
f 6349 6449 6448
f 6349 6350 6449
f 6350 6450 6449
f 6350 6351 6450
f 6351 6451 6450
f 6351 6352 6451
f 6352 6452 6451
f 6352 6353 6452
f 6353 6453 6452
f 6353 6354 6453
f 6354 6454 6453
f 6354 6355 6454
f 6355 6455 6454
f 6355 6356 6455
f 6356 6456 6455
f 6356 6357 6456
f 6357 6457 6456
f 6357 6358 6457
f 6358 6458 6457
f 6358 6359 6458
f 6359 6459 6458
f 6359 6360 6459
f 6360 6460 6459
f 6360 6361 6460
f 6361 6461 6460
f 6361 6362 6461
f 6362 6462 6461
f 6362 6363 6462
f 6363 6463 6462
f 6363 6364 6463
f 6364 6464 6463
f 6364 6365 6464
f 6365 6465 6464
f 6365 6366 6465
f 6366 6466 6465
f 6366 6367 6466
f 6367 6467 6466
f 6367 6368 6467
f 6368 6468 6467
f 6368 6369 6468
f 6369 6469 6468
f 6369 6370 6469
f 6370 6470 6469
f 6370 6371 6470
f 6371 6471 6470
f 6371 6372 6471
f 6372 6472 6471
f 6372 6373 6472
f 6373 6473 6472
f 6373 6374 6473
f 6374 6474 6473
f 6374 6375 6474
f 6375 6475 6474
f 6375 6376 6475
f 6376 6476 6475
f 6376 6377 6476
f 6377 6477 6476
f 6377 6378 6477
f 6378 6478 6477
f 6378 6379 6478
f 6379 6479 6478
f 6379 6380 6479
f 6380 6480 6479
f 6380 6381 6480
f 6381 6481 6480
f 6381 6382 6481
f 6382 6482 6481
f 6382 6383 6482
f 6383 6483 6482
f 6383 6384 6483
f 6384 6484 6483
f 6384 6385 6484
f 6385 6485 6484
f 6385 6386 6485
f 6386 6486 6485
f 6386 6387 6486
f 6387 6487 6486
f 6387 6388 6487
f 6388 6488 6487
f 6388 6389 6488
f 6389 6489 6488
f 6389 6390 6489
f 6390 6490 6489
f 6390 6391 6490
f 6391 6491 6490
f 6391 6392 6491
f 6392 6492 6491
f 6392 6393 6492
f 6393 6493 6492
f 6393 6394 6493
f 6394 6494 6493
f 6394 6395 6494
f 6395 6495 6494
f 6395 6396 6495
f 6396 6496 6495
f 6396 6397 6496
f 6397 6497 6496
f 6397 6398 6497
f 6398 6498 6497
f 6398 6399 6498
f 6399 6499 6498
f 6399 6400 6499
f 6400 6500 6499
f 6401 6402 6501
f 6402 6502 6501
f 6402 6403 6502
f 6403 6503 6502
f 6403 6404 6503
f 6404 6504 6503
f 6404 6405 6504
f 6405 6505 6504
f 6405 6406 6505
f 6406 6506 6505
f 6406 6407 6506
f 6407 6507 6506
f 6407 6408 6507
f 6408 6508 6507
f 6408 6409 6508
f 6409 6509 6508
f 6409 6410 6509
f 6410 6510 6509
f 6410 6411 6510
f 6411 6511 6510
f 6411 6412 6511
f 6412 6512 6511
f 6412 6413 6512
f 6413 6513 6512
f 6413 6414 6513
f 6414 6514 6513
f 6414 6415 6514
f 6415 6515 6514
f 6415 6416 6515
f 6416 6516 6515
f 6416 6417 6516
f 6417 6517 6516
f 6417 6418 6517
f 6418 6518 6517
f 6418 6419 6518
f 6419 6519 6518
f 6419 6420 6519
f 6420 6520 6519
f 6420 6421 6520
f 6421 6521 6520
f 6421 6422 6521
f 6422 6522 6521
f 6422 6423 6522
f 6423 6523 6522
f 6423 6424 6523
f 6424 6524 6523
f 6424 6425 6524
f 6425 6525 6524
f 6425 6426 6525
f 6426 6526 6525
f 6426 6427 6526
f 6427 6527 6526
f 6427 6428 6527
f 6428 6528 6527
f 6428 6429 6528
f 6429 6529 6528
f 6429 6430 6529
f 6430 6530 6529
f 6430 6431 6530
f 6431 6531 6530
f 6431 6432 6531
f 6432 6532 6531
f 6432 6433 6532
f 6433 6533 6532
f 6433 6434 6533
f 6434 6534 6533
f 6434 6435 6534
f 6435 6535 6534
f 6435 6436 6535
f 6436 6536 6535
f 6436 6437 6536
f 6437 6537 6536
f 6437 6438 6537
f 6438 6538 6537
f 6438 6439 6538
f 6439 6539 6538
f 6439 6440 6539
f 6440 6540 6539
f 6440 6441 6540
f 6441 6541 6540
f 6441 6442 6541
f 6442 6542 6541
f 6442 6443 6542
f 6443 6543 6542
f 6443 6444 6543
f 6444 6544 6543
f 6444 6445 6544
f 6445 6545 6544
f 6445 6446 6545
f 6446 6546 6545
f 6446 6447 6546
f 6447 6547 6546
f 6447 6448 6547
f 6448 6548 6547
f 6448 6449 6548
f 6449 6549 6548
f 6449 6450 6549
f 6450 6550 6549
f 6450 6451 6550
f 6451 6551 6550
f 6451 6452 6551
f 6452 6552 6551
f 6452 6453 6552
f 6453 6553 6552
f 6453 6454 6553
f 6454 6554 6553
f 6454 6455 6554
f 6455 6555 6554
f 6455 6456 6555
f 6456 6556 6555
f 6456 6457 6556
f 6457 6557 6556
f 6457 6458 6557
f 6458 6558 6557
f 6458 6459 6558
f 6459 6559 6558
f 6459 6460 6559
f 6460 6560 6559
f 6460 6461 6560
f 6461 6561 6560
f 6461 6462 6561
f 6462 6562 6561
f 6462 6463 6562
f 6463 6563 6562
f 6463 6464 6563
f 6464 6564 6563
f 6464 6465 6564
f 6465 6565 6564
f 6465 6466 6565
f 6466 6566 6565
f 6466 6467 6566
f 6467 6567 6566
f 6467 6468 6567
f 6468 6568 6567
f 6468 6469 6568
f 6469 6569 6568
f 6469 6470 6569
f 6470 6570 6569
f 6470 6471 6570
f 6471 6571 6570
f 6471 6472 6571
f 6472 6572 6571
f 6472 6473 6572
f 6473 6573 6572
f 6473 6474 6573
f 6474 6574 6573
f 6474 6475 6574
f 6475 6575 6574
f 6475 6476 6575
f 6476 6576 6575
f 6476 6477 6576
f 6477 6577 6576
f 6477 6478 6577
f 6478 6578 6577
f 6478 6479 6578
f 6479 6579 6578
f 6479 6480 6579
f 6480 6580 6579
f 6480 6481 6580
f 6481 6581 6580
f 6481 6482 6581
f 6482 6582 6581
f 6482 6483 6582
f 6483 6583 6582
f 6483 6484 6583
f 6484 6584 6583
f 6484 6485 6584
f 6485 6585 6584
f 6485 6486 6585
f 6486 6586 6585
f 6486 6487 6586
f 6487 6587 6586
f 6487 6488 6587
f 6488 6588 6587
f 6488 6489 6588
f 6489 6589 6588
f 6489 6490 6589
f 6490 6590 6589
f 6490 6491 6590
f 6491 6591 6590
f 6491 6492 6591
f 6492 6592 6591
f 6492 6493 6592
f 6493 6593 6592
f 6493 6494 6593
f 6494 6594 6593
f 6494 6495 6594
f 6495 6595 6594
f 6495 6496 6595
f 6496 6596 6595
f 6496 6497 6596
f 6497 6597 6596
f 6497 6498 6597
f 6498 6598 6597
f 6498 6499 6598
f 6499 6599 6598
f 6499 6500 6599
f 6500 6600 6599
f 6501 6502 6601
f 6502 6602 6601
f 6502 6503 6602
f 6503 6603 6602
f 6503 6504 6603
f 6504 6604 6603
f 6504 6505 6604
f 6505 6605 6604
f 6505 6506 6605
f 6506 6606 6605
f 6506 6507 6606
f 6507 6607 6606
f 6507 6508 6607
f 6508 6608 6607
f 6508 6509 6608
f 6509 6609 6608
f 6509 6510 6609
f 6510 6610 6609
f 6510 6511 6610
f 6511 6611 6610
f 6511 6512 6611
f 6512 6612 6611
f 6512 6513 6612
f 6513 6613 6612
f 6513 6514 6613
f 6514 6614 6613
f 6514 6515 6614
f 6515 6615 6614
f 6515 6516 6615
f 6516 6616 6615
f 6516 6517 6616
f 6517 6617 6616
f 6517 6518 6617
f 6518 6618 6617
f 6518 6519 6618
f 6519 6619 6618
f 6519 6520 6619
f 6520 6620 6619
f 6520 6521 6620
f 6521 6621 6620
f 6521 6522 6621
f 6522 6622 6621
f 6522 6523 6622
f 6523 6623 6622
f 6523 6524 6623
f 6524 6624 6623
f 6524 6525 6624
f 6525 6625 6624
f 6525 6526 6625
f 6526 6626 6625
f 6526 6527 6626
f 6527 6627 6626
f 6527 6528 6627
f 6528 6628 6627
f 6528 6529 6628
f 6529 6629 6628
f 6529 6530 6629
f 6530 6630 6629
f 6530 6531 6630
f 6531 6631 6630
f 6531 6532 6631
f 6532 6632 6631
f 6532 6533 6632
f 6533 6633 6632
f 6533 6534 6633
f 6534 6634 6633
f 6534 6535 6634
f 6535 6635 6634
f 6535 6536 6635
f 6536 6636 6635
f 6536 6537 6636
f 6537 6637 6636
f 6537 6538 6637
f 6538 6638 6637
f 6538 6539 6638
f 6539 6639 6638
f 6539 6540 6639
f 6540 6640 6639
f 6540 6541 6640
f 6541 6641 6640
f 6541 6542 6641
f 6542 6642 6641
f 6542 6543 6642
f 6543 6643 6642
f 6543 6544 6643
f 6544 6644 6643
f 6544 6545 6644
f 6545 6645 6644
f 6545 6546 6645
f 6546 6646 6645
f 6546 6547 6646
f 6547 6647 6646
f 6547 6548 6647
f 6548 6648 6647
f 6548 6549 6648
f 6549 6649 6648
f 6549 6550 6649
f 6550 6650 6649
f 6550 6551 6650
f 6551 6651 6650
f 6551 6552 6651
f 6552 6652 6651
f 6552 6553 6652
f 6553 6653 6652
f 6553 6554 6653
f 6554 6654 6653
f 6554 6555 6654
f 6555 6655 6654
f 6555 6556 6655
f 6556 6656 6655
f 6556 6557 6656
f 6557 6657 6656
f 6557 6558 6657
f 6558 6658 6657
f 6558 6559 6658
f 6559 6659 6658
f 6559 6560 6659
f 6560 6660 6659
f 6560 6561 6660
f 6561 6661 6660
f 6561 6562 6661
f 6562 6662 6661
f 6562 6563 6662
f 6563 6663 6662
f 6563 6564 6663
f 6564 6664 6663
f 6564 6565 6664
f 6565 6665 6664
f 6565 6566 6665
f 6566 6666 6665
f 6566 6567 6666
f 6567 6667 6666
f 6567 6568 6667
f 6568 6668 6667
f 6568 6569 6668
f 6569 6669 6668
f 6569 6570 6669
f 6570 6670 6669
f 6570 6571 6670
f 6571 6671 6670
f 6571 6572 6671
f 6572 6672 6671
f 6572 6573 6672
f 6573 6673 6672
f 6573 6574 6673
f 6574 6674 6673
f 6574 6575 6674
f 6575 6675 6674
f 6575 6576 6675
f 6576 6676 6675
f 6576 6577 6676
f 6577 6677 6676
f 6577 6578 6677
f 6578 6678 6677
f 6578 6579 6678
f 6579 6679 6678
f 6579 6580 6679
f 6580 6680 6679
f 6580 6581 6680
f 6581 6681 6680
f 6581 6582 6681
f 6582 6682 6681
f 6582 6583 6682
f 6583 6683 6682
f 6583 6584 6683
f 6584 6684 6683
f 6584 6585 6684
f 6585 6685 6684
f 6585 6586 6685
f 6586 6686 6685
f 6586 6587 6686
f 6587 6687 6686
f 6587 6588 6687
f 6588 6688 6687
f 6588 6589 6688
f 6589 6689 6688
f 6589 6590 6689
f 6590 6690 6689
f 6590 6591 6690
f 6591 6691 6690
f 6591 6592 6691
f 6592 6692 6691
f 6592 6593 6692
f 6593 6693 6692
f 6593 6594 6693
f 6594 6694 6693
f 6594 6595 6694
f 6595 6695 6694
f 6595 6596 6695
f 6596 6696 6695
f 6596 6597 6696
f 6597 6697 6696
f 6597 6598 6697
f 6598 6698 6697
f 6598 6599 6698
f 6599 6699 6698
f 6599 6600 6699
f 6600 6700 6699
f 6601 6602 6701
f 6602 6702 6701
f 6602 6603 6702
f 6603 6703 6702
f 6603 6604 6703
f 6604 6704 6703
f 6604 6605 6704
f 6605 6705 6704
f 6605 6606 6705
f 6606 6706 6705
f 6606 6607 6706
f 6607 6707 6706
f 6607 6608 6707
f 6608 6708 6707
f 6608 6609 6708
f 6609 6709 6708
f 6609 6610 6709
f 6610 6710 6709
f 6610 6611 6710
f 6611 6711 6710
f 6611 6612 6711
f 6612 6712 6711
f 6612 6613 6712
f 6613 6713 6712
f 6613 6614 6713
f 6614 6714 6713
f 6614 6615 6714
f 6615 6715 6714
f 6615 6616 6715
f 6616 6716 6715
f 6616 6617 6716
f 6617 6717 6716
f 6617 6618 6717
f 6618 6718 6717
f 6618 6619 6718
f 6619 6719 6718
f 6619 6620 6719
f 6620 6720 6719
f 6620 6621 6720
f 6621 6721 6720
f 6621 6622 6721
f 6622 6722 6721
f 6622 6623 6722
f 6623 6723 6722
f 6623 6624 6723
f 6624 6724 6723
f 6624 6625 6724
f 6625 6725 6724
f 6625 6626 6725
f 6626 6726 6725
f 6626 6627 6726
f 6627 6727 6726
f 6627 6628 6727
f 6628 6728 6727
f 6628 6629 6728
f 6629 6729 6728
f 6629 6630 6729
f 6630 6730 6729
f 6630 6631 6730
f 6631 6731 6730
f 6631 6632 6731
f 6632 6732 6731
f 6632 6633 6732
f 6633 6733 6732
f 6633 6634 6733
f 6634 6734 6733
f 6634 6635 6734
f 6635 6735 6734
f 6635 6636 6735
f 6636 6736 6735
f 6636 6637 6736
f 6637 6737 6736
f 6637 6638 6737
f 6638 6738 6737
f 6638 6639 6738
f 6639 6739 6738
f 6639 6640 6739
f 6640 6740 6739
f 6640 6641 6740
f 6641 6741 6740
f 6641 6642 6741
f 6642 6742 6741
f 6642 6643 6742
f 6643 6743 6742
f 6643 6644 6743
f 6644 6744 6743
f 6644 6645 6744
f 6645 6745 6744
f 6645 6646 6745
f 6646 6746 6745
f 6646 6647 6746
f 6647 6747 6746
f 6647 6648 6747
f 6648 6748 6747
f 6648 6649 6748
f 6649 6749 6748
f 6649 6650 6749
f 6650 6750 6749
f 6650 6651 6750
f 6651 6751 6750
f 6651 6652 6751
f 6652 6752 6751
f 6652 6653 6752
f 6653 6753 6752
f 6653 6654 6753
f 6654 6754 6753
f 6654 6655 6754
f 6655 6755 6754
f 6655 6656 6755
f 6656 6756 6755
f 6656 6657 6756
f 6657 6757 6756
f 6657 6658 6757
f 6658 6758 6757
f 6658 6659 6758
f 6659 6759 6758
f 6659 6660 6759
f 6660 6760 6759
f 6660 6661 6760
f 6661 6761 6760
f 6661 6662 6761
f 6662 6762 6761
f 6662 6663 6762
f 6663 6763 6762
f 6663 6664 6763
f 6664 6764 6763
f 6664 6665 6764
f 6665 6765 6764
f 6665 6666 6765
f 6666 6766 6765
f 6666 6667 6766
f 6667 6767 6766
f 6667 6668 6767
f 6668 6768 6767
f 6668 6669 6768
f 6669 6769 6768
f 6669 6670 6769
f 6670 6770 6769
f 6670 6671 6770
f 6671 6771 6770
f 6671 6672 6771
f 6672 6772 6771
f 6672 6673 6772
f 6673 6773 6772
f 6673 6674 6773
f 6674 6774 6773
f 6674 6675 6774
f 6675 6775 6774
f 6675 6676 6775
f 6676 6776 6775
f 6676 6677 6776
f 6677 6777 6776
f 6677 6678 6777
f 6678 6778 6777
f 6678 6679 6778
f 6679 6779 6778
f 6679 6680 6779
f 6680 6780 6779
f 6680 6681 6780
f 6681 6781 6780
f 6681 6682 6781
f 6682 6782 6781
f 6682 6683 6782
f 6683 6783 6782
f 6683 6684 6783
f 6684 6784 6783
f 6684 6685 6784
f 6685 6785 6784
f 6685 6686 6785
f 6686 6786 6785
f 6686 6687 6786
f 6687 6787 6786
f 6687 6688 6787
f 6688 6788 6787
f 6688 6689 6788
f 6689 6789 6788
f 6689 6690 6789
f 6690 6790 6789
f 6690 6691 6790
f 6691 6791 6790
f 6691 6692 6791
f 6692 6792 6791
f 6692 6693 6792
f 6693 6793 6792
f 6693 6694 6793
f 6694 6794 6793
f 6694 6695 6794
f 6695 6795 6794
f 6695 6696 6795
f 6696 6796 6795
f 6696 6697 6796
f 6697 6797 6796
f 6697 6698 6797
f 6698 6798 6797
f 6698 6699 6798
f 6699 6799 6798
f 6699 6700 6799
f 6700 6800 6799
f 6701 6702 6801
f 6702 6802 6801
f 6702 6703 6802
f 6703 6803 6802
f 6703 6704 6803
f 6704 6804 6803
f 6704 6705 6804
f 6705 6805 6804
f 6705 6706 6805
f 6706 6806 6805
f 6706 6707 6806
f 6707 6807 6806
f 6707 6708 6807
f 6708 6808 6807
f 6708 6709 6808
f 6709 6809 6808
f 6709 6710 6809
f 6710 6810 6809
f 6710 6711 6810
f 6711 6811 6810
f 6711 6712 6811
f 6712 6812 6811
f 6712 6713 6812
f 6713 6813 6812
f 6713 6714 6813
f 6714 6814 6813
f 6714 6715 6814
f 6715 6815 6814
f 6715 6716 6815
f 6716 6816 6815
f 6716 6717 6816
f 6717 6817 6816
f 6717 6718 6817
f 6718 6818 6817
f 6718 6719 6818
f 6719 6819 6818
f 6719 6720 6819
f 6720 6820 6819
f 6720 6721 6820
f 6721 6821 6820
f 6721 6722 6821
f 6722 6822 6821
f 6722 6723 6822
f 6723 6823 6822
f 6723 6724 6823
f 6724 6824 6823
f 6724 6725 6824
f 6725 6825 6824
f 6725 6726 6825
f 6726 6826 6825
f 6726 6727 6826
f 6727 6827 6826
f 6727 6728 6827
f 6728 6828 6827
f 6728 6729 6828
f 6729 6829 6828
f 6729 6730 6829
f 6730 6830 6829
f 6730 6731 6830
f 6731 6831 6830
f 6731 6732 6831
f 6732 6832 6831
f 6732 6733 6832
f 6733 6833 6832
f 6733 6734 6833
f 6734 6834 6833
f 6734 6735 6834
f 6735 6835 6834
f 6735 6736 6835
f 6736 6836 6835
f 6736 6737 6836
f 6737 6837 6836
f 6737 6738 6837
f 6738 6838 6837
f 6738 6739 6838
f 6739 6839 6838
f 6739 6740 6839
f 6740 6840 6839
f 6740 6741 6840
f 6741 6841 6840
f 6741 6742 6841
f 6742 6842 6841
f 6742 6743 6842
f 6743 6843 6842
f 6743 6744 6843
f 6744 6844 6843
f 6744 6745 6844
f 6745 6845 6844
f 6745 6746 6845
f 6746 6846 6845
f 6746 6747 6846
f 6747 6847 6846
f 6747 6748 6847
f 6748 6848 6847
f 6748 6749 6848
f 6749 6849 6848
f 6749 6750 6849
f 6750 6850 6849
f 6750 6751 6850
f 6751 6851 6850
f 6751 6752 6851
f 6752 6852 6851
f 6752 6753 6852
f 6753 6853 6852
f 6753 6754 6853
f 6754 6854 6853
f 6754 6755 6854
f 6755 6855 6854
f 6755 6756 6855
f 6756 6856 6855
f 6756 6757 6856
f 6757 6857 6856
f 6757 6758 6857
f 6758 6858 6857
f 6758 6759 6858
f 6759 6859 6858
f 6759 6760 6859
f 6760 6860 6859
f 6760 6761 6860
f 6761 6861 6860
f 6761 6762 6861
f 6762 6862 6861
f 6762 6763 6862
f 6763 6863 6862
f 6763 6764 6863
f 6764 6864 6863
f 6764 6765 6864
f 6765 6865 6864
f 6765 6766 6865
f 6766 6866 6865
f 6766 6767 6866
f 6767 6867 6866
f 6767 6768 6867
f 6768 6868 6867
f 6768 6769 6868
f 6769 6869 6868
f 6769 6770 6869
f 6770 6870 6869
f 6770 6771 6870
f 6771 6871 6870
f 6771 6772 6871
f 6772 6872 6871
f 6772 6773 6872
f 6773 6873 6872
f 6773 6774 6873
f 6774 6874 6873
f 6774 6775 6874
f 6775 6875 6874
f 6775 6776 6875
f 6776 6876 6875
f 6776 6777 6876
f 6777 6877 6876
f 6777 6778 6877
f 6778 6878 6877
f 6778 6779 6878
f 6779 6879 6878
f 6779 6780 6879
f 6780 6880 6879
f 6780 6781 6880
f 6781 6881 6880
f 6781 6782 6881
f 6782 6882 6881
f 6782 6783 6882
f 6783 6883 6882
f 6783 6784 6883
f 6784 6884 6883
f 6784 6785 6884
f 6785 6885 6884
f 6785 6786 6885
f 6786 6886 6885
f 6786 6787 6886
f 6787 6887 6886
f 6787 6788 6887
f 6788 6888 6887
f 6788 6789 6888
f 6789 6889 6888
f 6789 6790 6889
f 6790 6890 6889
f 6790 6791 6890
f 6791 6891 6890
f 6791 6792 6891
f 6792 6892 6891
f 6792 6793 6892
f 6793 6893 6892
f 6793 6794 6893
f 6794 6894 6893
f 6794 6795 6894
f 6795 6895 6894
f 6795 6796 6895
f 6796 6896 6895
f 6796 6797 6896
f 6797 6897 6896
f 6797 6798 6897
f 6798 6898 6897
f 6798 6799 6898
f 6799 6899 6898
f 6799 6800 6899
f 6800 6900 6899
f 6801 6802 6901
f 6802 6902 6901
f 6802 6803 6902
f 6803 6903 6902
f 6803 6804 6903
f 6804 6904 6903
f 6804 6805 6904
f 6805 6905 6904
f 6805 6806 6905
f 6806 6906 6905
f 6806 6807 6906
f 6807 6907 6906
f 6807 6808 6907
f 6808 6908 6907
f 6808 6809 6908
f 6809 6909 6908
f 6809 6810 6909
f 6810 6910 6909
f 6810 6811 6910
f 6811 6911 6910
f 6811 6812 6911
f 6812 6912 6911
f 6812 6813 6912
f 6813 6913 6912
f 6813 6814 6913
f 6814 6914 6913
f 6814 6815 6914
f 6815 6915 6914
f 6815 6816 6915
f 6816 6916 6915
f 6816 6817 6916
f 6817 6917 6916
f 6817 6818 6917
f 6818 6918 6917
f 6818 6819 6918
f 6819 6919 6918
f 6819 6820 6919
f 6820 6920 6919
f 6820 6821 6920
f 6821 6921 6920
f 6821 6822 6921
f 6822 6922 6921
f 6822 6823 6922
f 6823 6923 6922
f 6823 6824 6923
f 6824 6924 6923
f 6824 6825 6924
f 6825 6925 6924
f 6825 6826 6925
f 6826 6926 6925
f 6826 6827 6926
f 6827 6927 6926
f 6827 6828 6927
f 6828 6928 6927
f 6828 6829 6928
f 6829 6929 6928
f 6829 6830 6929
f 6830 6930 6929
f 6830 6831 6930
f 6831 6931 6930
f 6831 6832 6931
f 6832 6932 6931
f 6832 6833 6932
f 6833 6933 6932
f 6833 6834 6933
f 6834 6934 6933
f 6834 6835 6934
f 6835 6935 6934
f 6835 6836 6935
f 6836 6936 6935
f 6836 6837 6936
f 6837 6937 6936
f 6837 6838 6937
f 6838 6938 6937
f 6838 6839 6938
f 6839 6939 6938
f 6839 6840 6939
f 6840 6940 6939
f 6840 6841 6940
f 6841 6941 6940
f 6841 6842 6941
f 6842 6942 6941
f 6842 6843 6942
f 6843 6943 6942
f 6843 6844 6943
f 6844 6944 6943
f 6844 6845 6944
f 6845 6945 6944
f 6845 6846 6945
f 6846 6946 6945
f 6846 6847 6946
f 6847 6947 6946
f 6847 6848 6947
f 6848 6948 6947
f 6848 6849 6948
f 6849 6949 6948
f 6849 6850 6949
f 6850 6950 6949
f 6850 6851 6950
f 6851 6951 6950
f 6851 6852 6951
f 6852 6952 6951
f 6852 6853 6952
f 6853 6953 6952
f 6853 6854 6953
f 6854 6954 6953
f 6854 6855 6954
f 6855 6955 6954
f 6855 6856 6955
f 6856 6956 6955
f 6856 6857 6956
f 6857 6957 6956
f 6857 6858 6957
f 6858 6958 6957
f 6858 6859 6958
f 6859 6959 6958
f 6859 6860 6959
f 6860 6960 6959
f 6860 6861 6960
f 6861 6961 6960
f 6861 6862 6961
f 6862 6962 6961
f 6862 6863 6962
f 6863 6963 6962
f 6863 6864 6963
f 6864 6964 6963
f 6864 6865 6964
f 6865 6965 6964
f 6865 6866 6965
f 6866 6966 6965
f 6866 6867 6966
f 6867 6967 6966
f 6867 6868 6967
f 6868 6968 6967
f 6868 6869 6968
f 6869 6969 6968
f 6869 6870 6969
f 6870 6970 6969
f 6870 6871 6970
f 6871 6971 6970
f 6871 6872 6971
f 6872 6972 6971
f 6872 6873 6972
f 6873 6973 6972
f 6873 6874 6973
f 6874 6974 6973
f 6874 6875 6974
f 6875 6975 6974
f 6875 6876 6975
f 6876 6976 6975
f 6876 6877 6976
f 6877 6977 6976
f 6877 6878 6977
f 6878 6978 6977
f 6878 6879 6978
f 6879 6979 6978
f 6879 6880 6979
f 6880 6980 6979
f 6880 6881 6980
f 6881 6981 6980
f 6881 6882 6981
f 6882 6982 6981
f 6882 6883 6982
f 6883 6983 6982
f 6883 6884 6983
f 6884 6984 6983
f 6884 6885 6984
f 6885 6985 6984
f 6885 6886 6985
f 6886 6986 6985
f 6886 6887 6986
f 6887 6987 6986
f 6887 6888 6987
f 6888 6988 6987
f 6888 6889 6988
f 6889 6989 6988
f 6889 6890 6989
f 6890 6990 6989
f 6890 6891 6990
f 6891 6991 6990
f 6891 6892 6991
f 6892 6992 6991
f 6892 6893 6992
f 6893 6993 6992
f 6893 6894 6993
f 6894 6994 6993
f 6894 6895 6994
f 6895 6995 6994
f 6895 6896 6995
f 6896 6996 6995
f 6896 6897 6996
f 6897 6997 6996
f 6897 6898 6997
f 6898 6998 6997
f 6898 6899 6998
f 6899 6999 6998
f 6899 6900 6999
f 6900 7000 6999
f 6901 6902 7001
f 6902 7002 7001
f 6902 6903 7002
f 6903 7003 7002
f 6903 6904 7003
f 6904 7004 7003
f 6904 6905 7004
f 6905 7005 7004
f 6905 6906 7005
f 6906 7006 7005
f 6906 6907 7006
f 6907 7007 7006
f 6907 6908 7007
f 6908 7008 7007
f 6908 6909 7008
f 6909 7009 7008
f 6909 6910 7009
f 6910 7010 7009
f 6910 6911 7010
f 6911 7011 7010
f 6911 6912 7011
f 6912 7012 7011
f 6912 6913 7012
f 6913 7013 7012
f 6913 6914 7013
f 6914 7014 7013
f 6914 6915 7014
f 6915 7015 7014
f 6915 6916 7015
f 6916 7016 7015
f 6916 6917 7016
f 6917 7017 7016
f 6917 6918 7017
f 6918 7018 7017
f 6918 6919 7018
f 6919 7019 7018
f 6919 6920 7019
f 6920 7020 7019
f 6920 6921 7020
f 6921 7021 7020
f 6921 6922 7021
f 6922 7022 7021
f 6922 6923 7022
f 6923 7023 7022
f 6923 6924 7023
f 6924 7024 7023
f 6924 6925 7024
f 6925 7025 7024
f 6925 6926 7025
f 6926 7026 7025
f 6926 6927 7026
f 6927 7027 7026
f 6927 6928 7027
f 6928 7028 7027
f 6928 6929 7028
f 6929 7029 7028
f 6929 6930 7029
f 6930 7030 7029
f 6930 6931 7030
f 6931 7031 7030
f 6931 6932 7031
f 6932 7032 7031
f 6932 6933 7032
f 6933 7033 7032
f 6933 6934 7033
f 6934 7034 7033
f 6934 6935 7034
f 6935 7035 7034
f 6935 6936 7035
f 6936 7036 7035
f 6936 6937 7036
f 6937 7037 7036
f 6937 6938 7037
f 6938 7038 7037
f 6938 6939 7038
f 6939 7039 7038
f 6939 6940 7039
f 6940 7040 7039
f 6940 6941 7040
f 6941 7041 7040
f 6941 6942 7041
f 6942 7042 7041
f 6942 6943 7042
f 6943 7043 7042
f 6943 6944 7043
f 6944 7044 7043
f 6944 6945 7044
f 6945 7045 7044
f 6945 6946 7045
f 6946 7046 7045
f 6946 6947 7046
f 6947 7047 7046
f 6947 6948 7047
f 6948 7048 7047
f 6948 6949 7048
f 6949 7049 7048
f 6949 6950 7049
f 6950 7050 7049
f 6950 6951 7050
f 6951 7051 7050
f 6951 6952 7051
f 6952 7052 7051
f 6952 6953 7052
f 6953 7053 7052
f 6953 6954 7053
f 6954 7054 7053
f 6954 6955 7054
f 6955 7055 7054
f 6955 6956 7055
f 6956 7056 7055
f 6956 6957 7056
f 6957 7057 7056
f 6957 6958 7057
f 6958 7058 7057
f 6958 6959 7058
f 6959 7059 7058
f 6959 6960 7059
f 6960 7060 7059
f 6960 6961 7060
f 6961 7061 7060
f 6961 6962 7061
f 6962 7062 7061
f 6962 6963 7062
f 6963 7063 7062
f 6963 6964 7063
f 6964 7064 7063
f 6964 6965 7064
f 6965 7065 7064
f 6965 6966 7065
f 6966 7066 7065
f 6966 6967 7066
f 6967 7067 7066
f 6967 6968 7067
f 6968 7068 7067
f 6968 6969 7068
f 6969 7069 7068
f 6969 6970 7069
f 6970 7070 7069
f 6970 6971 7070
f 6971 7071 7070
f 6971 6972 7071
f 6972 7072 7071
f 6972 6973 7072
f 6973 7073 7072
f 6973 6974 7073
f 6974 7074 7073
f 6974 6975 7074
f 6975 7075 7074
f 6975 6976 7075
f 6976 7076 7075
f 6976 6977 7076
f 6977 7077 7076
f 6977 6978 7077
f 6978 7078 7077
f 6978 6979 7078
f 6979 7079 7078
f 6979 6980 7079
f 6980 7080 7079
f 6980 6981 7080
f 6981 7081 7080
f 6981 6982 7081
f 6982 7082 7081
f 6982 6983 7082
f 6983 7083 7082
f 6983 6984 7083
f 6984 7084 7083
f 6984 6985 7084
f 6985 7085 7084
f 6985 6986 7085
f 6986 7086 7085
f 6986 6987 7086
f 6987 7087 7086
f 6987 6988 7087
f 6988 7088 7087
f 6988 6989 7088
f 6989 7089 7088
f 6989 6990 7089
f 6990 7090 7089
f 6990 6991 7090
f 6991 7091 7090
f 6991 6992 7091
f 6992 7092 7091
f 6992 6993 7092
f 6993 7093 7092
f 6993 6994 7093
f 6994 7094 7093
f 6994 6995 7094
f 6995 7095 7094
f 6995 6996 7095
f 6996 7096 7095
f 6996 6997 7096
f 6997 7097 7096
f 6997 6998 7097
f 6998 7098 7097
f 6998 6999 7098
f 6999 7099 7098
f 6999 7000 7099
f 7000 7100 7099
f 7001 7002 7101
f 7002 7102 7101
f 7002 7003 7102
f 7003 7103 7102
f 7003 7004 7103
f 7004 7104 7103
f 7004 7005 7104
f 7005 7105 7104
f 7005 7006 7105
f 7006 7106 7105
f 7006 7007 7106
f 7007 7107 7106
f 7007 7008 7107
f 7008 7108 7107
f 7008 7009 7108
f 7009 7109 7108
f 7009 7010 7109
f 7010 7110 7109
f 7010 7011 7110
f 7011 7111 7110
f 7011 7012 7111
f 7012 7112 7111
f 7012 7013 7112
f 7013 7113 7112
f 7013 7014 7113
f 7014 7114 7113
f 7014 7015 7114
f 7015 7115 7114
f 7015 7016 7115
f 7016 7116 7115
f 7016 7017 7116
f 7017 7117 7116
f 7017 7018 7117
f 7018 7118 7117
f 7018 7019 7118
f 7019 7119 7118
f 7019 7020 7119
f 7020 7120 7119
f 7020 7021 7120
f 7021 7121 7120
f 7021 7022 7121
f 7022 7122 7121
f 7022 7023 7122
f 7023 7123 7122
f 7023 7024 7123
f 7024 7124 7123
f 7024 7025 7124
f 7025 7125 7124
f 7025 7026 7125
f 7026 7126 7125
f 7026 7027 7126
f 7027 7127 7126
f 7027 7028 7127
f 7028 7128 7127
f 7028 7029 7128
f 7029 7129 7128
f 7029 7030 7129
f 7030 7130 7129
f 7030 7031 7130
f 7031 7131 7130
f 7031 7032 7131
f 7032 7132 7131
f 7032 7033 7132
f 7033 7133 7132
f 7033 7034 7133
f 7034 7134 7133
f 7034 7035 7134
f 7035 7135 7134
f 7035 7036 7135
f 7036 7136 7135
f 7036 7037 7136
f 7037 7137 7136
f 7037 7038 7137
f 7038 7138 7137
f 7038 7039 7138
f 7039 7139 7138
f 7039 7040 7139
f 7040 7140 7139
f 7040 7041 7140
f 7041 7141 7140
f 7041 7042 7141
f 7042 7142 7141
f 7042 7043 7142
f 7043 7143 7142
f 7043 7044 7143
f 7044 7144 7143
f 7044 7045 7144
f 7045 7145 7144
f 7045 7046 7145
f 7046 7146 7145
f 7046 7047 7146
f 7047 7147 7146
f 7047 7048 7147
f 7048 7148 7147
f 7048 7049 7148
f 7049 7149 7148
f 7049 7050 7149
f 7050 7150 7149
f 7050 7051 7150
f 7051 7151 7150
f 7051 7052 7151
f 7052 7152 7151
f 7052 7053 7152
f 7053 7153 7152
f 7053 7054 7153
f 7054 7154 7153
f 7054 7055 7154
f 7055 7155 7154
f 7055 7056 7155
f 7056 7156 7155
f 7056 7057 7156
f 7057 7157 7156
f 7057 7058 7157
f 7058 7158 7157
f 7058 7059 7158
f 7059 7159 7158
f 7059 7060 7159
f 7060 7160 7159
f 7060 7061 7160
f 7061 7161 7160
f 7061 7062 7161
f 7062 7162 7161
f 7062 7063 7162
f 7063 7163 7162
f 7063 7064 7163
f 7064 7164 7163
f 7064 7065 7164
f 7065 7165 7164
f 7065 7066 7165
f 7066 7166 7165
f 7066 7067 7166
f 7067 7167 7166
f 7067 7068 7167
f 7068 7168 7167
f 7068 7069 7168
f 7069 7169 7168
f 7069 7070 7169
f 7070 7170 7169
f 7070 7071 7170
f 7071 7171 7170
f 7071 7072 7171
f 7072 7172 7171
f 7072 7073 7172
f 7073 7173 7172
f 7073 7074 7173
f 7074 7174 7173
f 7074 7075 7174
f 7075 7175 7174
f 7075 7076 7175
f 7076 7176 7175
f 7076 7077 7176
f 7077 7177 7176
f 7077 7078 7177
f 7078 7178 7177
f 7078 7079 7178
f 7079 7179 7178
f 7079 7080 7179
f 7080 7180 7179
f 7080 7081 7180
f 7081 7181 7180
f 7081 7082 7181
f 7082 7182 7181
f 7082 7083 7182
f 7083 7183 7182
f 7083 7084 7183
f 7084 7184 7183
f 7084 7085 7184
f 7085 7185 7184
f 7085 7086 7185
f 7086 7186 7185
f 7086 7087 7186
f 7087 7187 7186
f 7087 7088 7187
f 7088 7188 7187
f 7088 7089 7188
f 7089 7189 7188
f 7089 7090 7189
f 7090 7190 7189
f 7090 7091 7190
f 7091 7191 7190
f 7091 7092 7191
f 7092 7192 7191
f 7092 7093 7192
f 7093 7193 7192
f 7093 7094 7193
f 7094 7194 7193
f 7094 7095 7194
f 7095 7195 7194
f 7095 7096 7195
f 7096 7196 7195
f 7096 7097 7196
f 7097 7197 7196
f 7097 7098 7197
f 7098 7198 7197
f 7098 7099 7198
f 7099 7199 7198
f 7099 7100 7199
f 7100 7200 7199
f 7101 7102 7201
f 7102 7202 7201
f 7102 7103 7202
f 7103 7203 7202
f 7103 7104 7203
f 7104 7204 7203
f 7104 7105 7204
f 7105 7205 7204
f 7105 7106 7205
f 7106 7206 7205
f 7106 7107 7206
f 7107 7207 7206
f 7107 7108 7207
f 7108 7208 7207
f 7108 7109 7208
f 7109 7209 7208
f 7109 7110 7209
f 7110 7210 7209
f 7110 7111 7210
f 7111 7211 7210
f 7111 7112 7211
f 7112 7212 7211
f 7112 7113 7212
f 7113 7213 7212
f 7113 7114 7213
f 7114 7214 7213
f 7114 7115 7214
f 7115 7215 7214
f 7115 7116 7215
f 7116 7216 7215
f 7116 7117 7216
f 7117 7217 7216
f 7117 7118 7217
f 7118 7218 7217
f 7118 7119 7218
f 7119 7219 7218
f 7119 7120 7219
f 7120 7220 7219
f 7120 7121 7220
f 7121 7221 7220
f 7121 7122 7221
f 7122 7222 7221
f 7122 7123 7222
f 7123 7223 7222
f 7123 7124 7223
f 7124 7224 7223
f 7124 7125 7224
f 7125 7225 7224
f 7125 7126 7225
f 7126 7226 7225
f 7126 7127 7226
f 7127 7227 7226
f 7127 7128 7227
f 7128 7228 7227
f 7128 7129 7228
f 7129 7229 7228
f 7129 7130 7229
f 7130 7230 7229
f 7130 7131 7230
f 7131 7231 7230
f 7131 7132 7231
f 7132 7232 7231
f 7132 7133 7232
f 7133 7233 7232
f 7133 7134 7233
f 7134 7234 7233
f 7134 7135 7234
f 7135 7235 7234
f 7135 7136 7235
f 7136 7236 7235
f 7136 7137 7236
f 7137 7237 7236
f 7137 7138 7237
f 7138 7238 7237
f 7138 7139 7238
f 7139 7239 7238
f 7139 7140 7239
f 7140 7240 7239
f 7140 7141 7240
f 7141 7241 7240
f 7141 7142 7241
f 7142 7242 7241
f 7142 7143 7242
f 7143 7243 7242
f 7143 7144 7243
f 7144 7244 7243
f 7144 7145 7244
f 7145 7245 7244
f 7145 7146 7245
f 7146 7246 7245
f 7146 7147 7246
f 7147 7247 7246
f 7147 7148 7247
f 7148 7248 7247
f 7148 7149 7248
f 7149 7249 7248
f 7149 7150 7249
f 7150 7250 7249
f 7150 7151 7250
f 7151 7251 7250
f 7151 7152 7251
f 7152 7252 7251
f 7152 7153 7252
f 7153 7253 7252
f 7153 7154 7253
f 7154 7254 7253
f 7154 7155 7254
f 7155 7255 7254
f 7155 7156 7255
f 7156 7256 7255
f 7156 7157 7256
f 7157 7257 7256
f 7157 7158 7257
f 7158 7258 7257
f 7158 7159 7258
f 7159 7259 7258
f 7159 7160 7259
f 7160 7260 7259
f 7160 7161 7260
f 7161 7261 7260
f 7161 7162 7261
f 7162 7262 7261
f 7162 7163 7262
f 7163 7263 7262
f 7163 7164 7263
f 7164 7264 7263
f 7164 7165 7264
f 7165 7265 7264
f 7165 7166 7265
f 7166 7266 7265
f 7166 7167 7266
f 7167 7267 7266
f 7167 7168 7267
f 7168 7268 7267
f 7168 7169 7268
f 7169 7269 7268
f 7169 7170 7269
f 7170 7270 7269
f 7170 7171 7270
f 7171 7271 7270
f 7171 7172 7271
f 7172 7272 7271
f 7172 7173 7272
f 7173 7273 7272
f 7173 7174 7273
f 7174 7274 7273
f 7174 7175 7274
f 7175 7275 7274
f 7175 7176 7275
f 7176 7276 7275
f 7176 7177 7276
f 7177 7277 7276
f 7177 7178 7277
f 7178 7278 7277
f 7178 7179 7278
f 7179 7279 7278
f 7179 7180 7279
f 7180 7280 7279
f 7180 7181 7280
f 7181 7281 7280
f 7181 7182 7281
f 7182 7282 7281
f 7182 7183 7282
f 7183 7283 7282
f 7183 7184 7283
f 7184 7284 7283
f 7184 7185 7284
f 7185 7285 7284
f 7185 7186 7285
f 7186 7286 7285
f 7186 7187 7286
f 7187 7287 7286
f 7187 7188 7287
f 7188 7288 7287
f 7188 7189 7288
f 7189 7289 7288
f 7189 7190 7289
f 7190 7290 7289
f 7190 7191 7290
f 7191 7291 7290
f 7191 7192 7291
f 7192 7292 7291
f 7192 7193 7292
f 7193 7293 7292
f 7193 7194 7293
f 7194 7294 7293
f 7194 7195 7294
f 7195 7295 7294
f 7195 7196 7295
f 7196 7296 7295
f 7196 7197 7296
f 7197 7297 7296
f 7197 7198 7297
f 7198 7298 7297
f 7198 7199 7298
f 7199 7299 7298
f 7199 7200 7299
f 7200 7300 7299
f 7201 7202 7301
f 7202 7302 7301
f 7202 7203 7302
f 7203 7303 7302
f 7203 7204 7303
f 7204 7304 7303
f 7204 7205 7304
f 7205 7305 7304
f 7205 7206 7305
f 7206 7306 7305
f 7206 7207 7306
f 7207 7307 7306
f 7207 7208 7307
f 7208 7308 7307
f 7208 7209 7308
f 7209 7309 7308
f 7209 7210 7309
f 7210 7310 7309
f 7210 7211 7310
f 7211 7311 7310
f 7211 7212 7311
f 7212 7312 7311
f 7212 7213 7312
f 7213 7313 7312
f 7213 7214 7313
f 7214 7314 7313
f 7214 7215 7314
f 7215 7315 7314
f 7215 7216 7315
f 7216 7316 7315
f 7216 7217 7316
f 7217 7317 7316
f 7217 7218 7317
f 7218 7318 7317
f 7218 7219 7318
f 7219 7319 7318
f 7219 7220 7319
f 7220 7320 7319
f 7220 7221 7320
f 7221 7321 7320
f 7221 7222 7321
f 7222 7322 7321
f 7222 7223 7322
f 7223 7323 7322
f 7223 7224 7323
f 7224 7324 7323
f 7224 7225 7324
f 7225 7325 7324
f 7225 7226 7325
f 7226 7326 7325
f 7226 7227 7326
f 7227 7327 7326
f 7227 7228 7327
f 7228 7328 7327
f 7228 7229 7328
f 7229 7329 7328
f 7229 7230 7329
f 7230 7330 7329
f 7230 7231 7330
f 7231 7331 7330
f 7231 7232 7331
f 7232 7332 7331
f 7232 7233 7332
f 7233 7333 7332
f 7233 7234 7333
f 7234 7334 7333
f 7234 7235 7334
f 7235 7335 7334
f 7235 7236 7335
f 7236 7336 7335
f 7236 7237 7336
f 7237 7337 7336
f 7237 7238 7337
f 7238 7338 7337
f 7238 7239 7338
f 7239 7339 7338
f 7239 7240 7339
f 7240 7340 7339
f 7240 7241 7340
f 7241 7341 7340
f 7241 7242 7341
f 7242 7342 7341
f 7242 7243 7342
f 7243 7343 7342
f 7243 7244 7343
f 7244 7344 7343
f 7244 7245 7344
f 7245 7345 7344
f 7245 7246 7345
f 7246 7346 7345
f 7246 7247 7346
f 7247 7347 7346
f 7247 7248 7347
f 7248 7348 7347
f 7248 7249 7348
f 7249 7349 7348
f 7249 7250 7349
f 7250 7350 7349
f 7250 7251 7350
f 7251 7351 7350
f 7251 7252 7351
f 7252 7352 7351
f 7252 7253 7352
f 7253 7353 7352
f 7253 7254 7353
f 7254 7354 7353
f 7254 7255 7354
f 7255 7355 7354
f 7255 7256 7355
f 7256 7356 7355
f 7256 7257 7356
f 7257 7357 7356
f 7257 7258 7357
f 7258 7358 7357
f 7258 7259 7358
f 7259 7359 7358
f 7259 7260 7359
f 7260 7360 7359
f 7260 7261 7360
f 7261 7361 7360
f 7261 7262 7361
f 7262 7362 7361
f 7262 7263 7362
f 7263 7363 7362
f 7263 7264 7363
f 7264 7364 7363
f 7264 7265 7364
f 7265 7365 7364
f 7265 7266 7365
f 7266 7366 7365
f 7266 7267 7366
f 7267 7367 7366
f 7267 7268 7367
f 7268 7368 7367
f 7268 7269 7368
f 7269 7369 7368
f 7269 7270 7369
f 7270 7370 7369
f 7270 7271 7370
f 7271 7371 7370
f 7271 7272 7371
f 7272 7372 7371
f 7272 7273 7372
f 7273 7373 7372
f 7273 7274 7373
f 7274 7374 7373
f 7274 7275 7374
f 7275 7375 7374
f 7275 7276 7375
f 7276 7376 7375
f 7276 7277 7376
f 7277 7377 7376
f 7277 7278 7377
f 7278 7378 7377
f 7278 7279 7378
f 7279 7379 7378
f 7279 7280 7379
f 7280 7380 7379
f 7280 7281 7380
f 7281 7381 7380
f 7281 7282 7381
f 7282 7382 7381
f 7282 7283 7382
f 7283 7383 7382
f 7283 7284 7383
f 7284 7384 7383
f 7284 7285 7384
f 7285 7385 7384
f 7285 7286 7385
f 7286 7386 7385
f 7286 7287 7386
f 7287 7387 7386
f 7287 7288 7387
f 7288 7388 7387
f 7288 7289 7388
f 7289 7389 7388
f 7289 7290 7389
f 7290 7390 7389
f 7290 7291 7390
f 7291 7391 7390
f 7291 7292 7391
f 7292 7392 7391
f 7292 7293 7392
f 7293 7393 7392
f 7293 7294 7393
f 7294 7394 7393
f 7294 7295 7394
f 7295 7395 7394
f 7295 7296 7395
f 7296 7396 7395
f 7296 7297 7396
f 7297 7397 7396
f 7297 7298 7397
f 7298 7398 7397
f 7298 7299 7398
f 7299 7399 7398
f 7299 7300 7399
f 7300 7400 7399
f 7301 7302 7401
f 7302 7402 7401
f 7302 7303 7402
f 7303 7403 7402
f 7303 7304 7403
f 7304 7404 7403
f 7304 7305 7404
f 7305 7405 7404
f 7305 7306 7405
f 7306 7406 7405
f 7306 7307 7406
f 7307 7407 7406
f 7307 7308 7407
f 7308 7408 7407
f 7308 7309 7408
f 7309 7409 7408
f 7309 7310 7409
f 7310 7410 7409
f 7310 7311 7410
f 7311 7411 7410
f 7311 7312 7411
f 7312 7412 7411
f 7312 7313 7412
f 7313 7413 7412
f 7313 7314 7413
f 7314 7414 7413
f 7314 7315 7414
f 7315 7415 7414
f 7315 7316 7415
f 7316 7416 7415
f 7316 7317 7416
f 7317 7417 7416
f 7317 7318 7417
f 7318 7418 7417
f 7318 7319 7418
f 7319 7419 7418
f 7319 7320 7419
f 7320 7420 7419
f 7320 7321 7420
f 7321 7421 7420
f 7321 7322 7421
f 7322 7422 7421
f 7322 7323 7422
f 7323 7423 7422
f 7323 7324 7423
f 7324 7424 7423
f 7324 7325 7424
f 7325 7425 7424
f 7325 7326 7425
f 7326 7426 7425
f 7326 7327 7426
f 7327 7427 7426
f 7327 7328 7427
f 7328 7428 7427
f 7328 7329 7428
f 7329 7429 7428
f 7329 7330 7429
f 7330 7430 7429
f 7330 7331 7430
f 7331 7431 7430
f 7331 7332 7431
f 7332 7432 7431
f 7332 7333 7432
f 7333 7433 7432
f 7333 7334 7433
f 7334 7434 7433
f 7334 7335 7434
f 7335 7435 7434
f 7335 7336 7435
f 7336 7436 7435
f 7336 7337 7436
f 7337 7437 7436
f 7337 7338 7437
f 7338 7438 7437
f 7338 7339 7438
f 7339 7439 7438
f 7339 7340 7439
f 7340 7440 7439
f 7340 7341 7440
f 7341 7441 7440
f 7341 7342 7441
f 7342 7442 7441
f 7342 7343 7442
f 7343 7443 7442
f 7343 7344 7443
f 7344 7444 7443
f 7344 7345 7444
f 7345 7445 7444
f 7345 7346 7445
f 7346 7446 7445
f 7346 7347 7446
f 7347 7447 7446
f 7347 7348 7447
f 7348 7448 7447
f 7348 7349 7448
f 7349 7449 7448
f 7349 7350 7449
f 7350 7450 7449
f 7350 7351 7450
f 7351 7451 7450
f 7351 7352 7451
f 7352 7452 7451
f 7352 7353 7452
f 7353 7453 7452
f 7353 7354 7453
f 7354 7454 7453
f 7354 7355 7454
f 7355 7455 7454
f 7355 7356 7455
f 7356 7456 7455
f 7356 7357 7456
f 7357 7457 7456
f 7357 7358 7457
f 7358 7458 7457
f 7358 7359 7458
f 7359 7459 7458
f 7359 7360 7459
f 7360 7460 7459
f 7360 7361 7460
f 7361 7461 7460
f 7361 7362 7461
f 7362 7462 7461
f 7362 7363 7462
f 7363 7463 7462
f 7363 7364 7463
f 7364 7464 7463
f 7364 7365 7464
f 7365 7465 7464
f 7365 7366 7465
f 7366 7466 7465
f 7366 7367 7466
f 7367 7467 7466
f 7367 7368 7467
f 7368 7468 7467
f 7368 7369 7468
f 7369 7469 7468
f 7369 7370 7469
f 7370 7470 7469
f 7370 7371 7470
f 7371 7471 7470
f 7371 7372 7471
f 7372 7472 7471
f 7372 7373 7472
f 7373 7473 7472
f 7373 7374 7473
f 7374 7474 7473
f 7374 7375 7474
f 7375 7475 7474
f 7375 7376 7475
f 7376 7476 7475
f 7376 7377 7476
f 7377 7477 7476
f 7377 7378 7477
f 7378 7478 7477
f 7378 7379 7478
f 7379 7479 7478
f 7379 7380 7479
f 7380 7480 7479
f 7380 7381 7480
f 7381 7481 7480
f 7381 7382 7481
f 7382 7482 7481
f 7382 7383 7482
f 7383 7483 7482
f 7383 7384 7483
f 7384 7484 7483
f 7384 7385 7484
f 7385 7485 7484
f 7385 7386 7485
f 7386 7486 7485
f 7386 7387 7486
f 7387 7487 7486
f 7387 7388 7487
f 7388 7488 7487
f 7388 7389 7488
f 7389 7489 7488
f 7389 7390 7489
f 7390 7490 7489
f 7390 7391 7490
f 7391 7491 7490
f 7391 7392 7491
f 7392 7492 7491
f 7392 7393 7492
f 7393 7493 7492
f 7393 7394 7493
f 7394 7494 7493
f 7394 7395 7494
f 7395 7495 7494
f 7395 7396 7495
f 7396 7496 7495
f 7396 7397 7496
f 7397 7497 7496
f 7397 7398 7497
f 7398 7498 7497
f 7398 7399 7498
f 7399 7499 7498
f 7399 7400 7499
f 7400 7500 7499
f 7401 7402 7501
f 7402 7502 7501
f 7402 7403 7502
f 7403 7503 7502
f 7403 7404 7503
f 7404 7504 7503
f 7404 7405 7504
f 7405 7505 7504
f 7405 7406 7505
f 7406 7506 7505
f 7406 7407 7506
f 7407 7507 7506
f 7407 7408 7507
f 7408 7508 7507
f 7408 7409 7508
f 7409 7509 7508
f 7409 7410 7509
f 7410 7510 7509
f 7410 7411 7510
f 7411 7511 7510
f 7411 7412 7511
f 7412 7512 7511
f 7412 7413 7512
f 7413 7513 7512
f 7413 7414 7513
f 7414 7514 7513
f 7414 7415 7514
f 7415 7515 7514
f 7415 7416 7515
f 7416 7516 7515
f 7416 7417 7516
f 7417 7517 7516
f 7417 7418 7517
f 7418 7518 7517
f 7418 7419 7518
f 7419 7519 7518
f 7419 7420 7519
f 7420 7520 7519
f 7420 7421 7520
f 7421 7521 7520
f 7421 7422 7521
f 7422 7522 7521
f 7422 7423 7522
f 7423 7523 7522
f 7423 7424 7523
f 7424 7524 7523
f 7424 7425 7524
f 7425 7525 7524
f 7425 7426 7525
f 7426 7526 7525
f 7426 7427 7526
f 7427 7527 7526
f 7427 7428 7527
f 7428 7528 7527
f 7428 7429 7528
f 7429 7529 7528
f 7429 7430 7529
f 7430 7530 7529
f 7430 7431 7530
f 7431 7531 7530
f 7431 7432 7531
f 7432 7532 7531
f 7432 7433 7532
f 7433 7533 7532
f 7433 7434 7533
f 7434 7534 7533
f 7434 7435 7534
f 7435 7535 7534
f 7435 7436 7535
f 7436 7536 7535
f 7436 7437 7536
f 7437 7537 7536
f 7437 7438 7537
f 7438 7538 7537
f 7438 7439 7538
f 7439 7539 7538
f 7439 7440 7539
f 7440 7540 7539
f 7440 7441 7540
f 7441 7541 7540
f 7441 7442 7541
f 7442 7542 7541
f 7442 7443 7542
f 7443 7543 7542
f 7443 7444 7543
f 7444 7544 7543
f 7444 7445 7544
f 7445 7545 7544
f 7445 7446 7545
f 7446 7546 7545
f 7446 7447 7546
f 7447 7547 7546
f 7447 7448 7547
f 7448 7548 7547
f 7448 7449 7548
f 7449 7549 7548
f 7449 7450 7549
f 7450 7550 7549
f 7450 7451 7550
f 7451 7551 7550
f 7451 7452 7551
f 7452 7552 7551
f 7452 7453 7552
f 7453 7553 7552
f 7453 7454 7553
f 7454 7554 7553
f 7454 7455 7554
f 7455 7555 7554
f 7455 7456 7555
f 7456 7556 7555
f 7456 7457 7556
f 7457 7557 7556
f 7457 7458 7557
f 7458 7558 7557
f 7458 7459 7558
f 7459 7559 7558
f 7459 7460 7559
f 7460 7560 7559
f 7460 7461 7560
f 7461 7561 7560
f 7461 7462 7561
f 7462 7562 7561
f 7462 7463 7562
f 7463 7563 7562
f 7463 7464 7563
f 7464 7564 7563
f 7464 7465 7564
f 7465 7565 7564
f 7465 7466 7565
f 7466 7566 7565
f 7466 7467 7566
f 7467 7567 7566
f 7467 7468 7567
f 7468 7568 7567
f 7468 7469 7568
f 7469 7569 7568
f 7469 7470 7569
f 7470 7570 7569
f 7470 7471 7570
f 7471 7571 7570
f 7471 7472 7571
f 7472 7572 7571
f 7472 7473 7572
f 7473 7573 7572
f 7473 7474 7573
f 7474 7574 7573
f 7474 7475 7574
f 7475 7575 7574
f 7475 7476 7575
f 7476 7576 7575
f 7476 7477 7576
f 7477 7577 7576
f 7477 7478 7577
f 7478 7578 7577
f 7478 7479 7578
f 7479 7579 7578
f 7479 7480 7579
f 7480 7580 7579
f 7480 7481 7580
f 7481 7581 7580
f 7481 7482 7581
f 7482 7582 7581
f 7482 7483 7582
f 7483 7583 7582
f 7483 7484 7583
f 7484 7584 7583
f 7484 7485 7584
f 7485 7585 7584
f 7485 7486 7585
f 7486 7586 7585
f 7486 7487 7586
f 7487 7587 7586
f 7487 7488 7587
f 7488 7588 7587
f 7488 7489 7588
f 7489 7589 7588
f 7489 7490 7589
f 7490 7590 7589
f 7490 7491 7590
f 7491 7591 7590
f 7491 7492 7591
f 7492 7592 7591
f 7492 7493 7592
f 7493 7593 7592
f 7493 7494 7593
f 7494 7594 7593
f 7494 7495 7594
f 7495 7595 7594
f 7495 7496 7595
f 7496 7596 7595
f 7496 7497 7596
f 7497 7597 7596
f 7497 7498 7597
f 7498 7598 7597
f 7498 7499 7598
f 7499 7599 7598
f 7499 7500 7599
f 7500 7600 7599
f 7501 7502 7601
f 7502 7602 7601
f 7502 7503 7602
f 7503 7603 7602
f 7503 7504 7603
f 7504 7604 7603
f 7504 7505 7604
f 7505 7605 7604
f 7505 7506 7605
f 7506 7606 7605
f 7506 7507 7606
f 7507 7607 7606
f 7507 7508 7607
f 7508 7608 7607
f 7508 7509 7608
f 7509 7609 7608
f 7509 7510 7609
f 7510 7610 7609
f 7510 7511 7610
f 7511 7611 7610
f 7511 7512 7611
f 7512 7612 7611
f 7512 7513 7612
f 7513 7613 7612
f 7513 7514 7613
f 7514 7614 7613
f 7514 7515 7614
f 7515 7615 7614
f 7515 7516 7615
f 7516 7616 7615
f 7516 7517 7616
f 7517 7617 7616
f 7517 7518 7617
f 7518 7618 7617
f 7518 7519 7618
f 7519 7619 7618
f 7519 7520 7619
f 7520 7620 7619
f 7520 7521 7620
f 7521 7621 7620
f 7521 7522 7621
f 7522 7622 7621
f 7522 7523 7622
f 7523 7623 7622
f 7523 7524 7623
f 7524 7624 7623
f 7524 7525 7624
f 7525 7625 7624
f 7525 7526 7625
f 7526 7626 7625
f 7526 7527 7626
f 7527 7627 7626
f 7527 7528 7627
f 7528 7628 7627
f 7528 7529 7628
f 7529 7629 7628
f 7529 7530 7629
f 7530 7630 7629
f 7530 7531 7630
f 7531 7631 7630
f 7531 7532 7631
f 7532 7632 7631
f 7532 7533 7632
f 7533 7633 7632
f 7533 7534 7633
f 7534 7634 7633
f 7534 7535 7634
f 7535 7635 7634
f 7535 7536 7635
f 7536 7636 7635
f 7536 7537 7636
f 7537 7637 7636
f 7537 7538 7637
f 7538 7638 7637
f 7538 7539 7638
f 7539 7639 7638
f 7539 7540 7639
f 7540 7640 7639
f 7540 7541 7640
f 7541 7641 7640
f 7541 7542 7641
f 7542 7642 7641
f 7542 7543 7642
f 7543 7643 7642
f 7543 7544 7643
f 7544 7644 7643
f 7544 7545 7644
f 7545 7645 7644
f 7545 7546 7645
f 7546 7646 7645
f 7546 7547 7646
f 7547 7647 7646
f 7547 7548 7647
f 7548 7648 7647
f 7548 7549 7648
f 7549 7649 7648
f 7549 7550 7649
f 7550 7650 7649
f 7550 7551 7650
f 7551 7651 7650
f 7551 7552 7651
f 7552 7652 7651
f 7552 7553 7652
f 7553 7653 7652
f 7553 7554 7653
f 7554 7654 7653
f 7554 7555 7654
f 7555 7655 7654
f 7555 7556 7655
f 7556 7656 7655
f 7556 7557 7656
f 7557 7657 7656
f 7557 7558 7657
f 7558 7658 7657
f 7558 7559 7658
f 7559 7659 7658
f 7559 7560 7659
f 7560 7660 7659
f 7560 7561 7660
f 7561 7661 7660
f 7561 7562 7661
f 7562 7662 7661
f 7562 7563 7662
f 7563 7663 7662
f 7563 7564 7663
f 7564 7664 7663
f 7564 7565 7664
f 7565 7665 7664
f 7565 7566 7665
f 7566 7666 7665
f 7566 7567 7666
f 7567 7667 7666
f 7567 7568 7667
f 7568 7668 7667
f 7568 7569 7668
f 7569 7669 7668
f 7569 7570 7669
f 7570 7670 7669
f 7570 7571 7670
f 7571 7671 7670
f 7571 7572 7671
f 7572 7672 7671
f 7572 7573 7672
f 7573 7673 7672
f 7573 7574 7673
f 7574 7674 7673
f 7574 7575 7674
f 7575 7675 7674
f 7575 7576 7675
f 7576 7676 7675
f 7576 7577 7676
f 7577 7677 7676
f 7577 7578 7677
f 7578 7678 7677
f 7578 7579 7678
f 7579 7679 7678
f 7579 7580 7679
f 7580 7680 7679
f 7580 7581 7680
f 7581 7681 7680
f 7581 7582 7681
f 7582 7682 7681
f 7582 7583 7682
f 7583 7683 7682
f 7583 7584 7683
f 7584 7684 7683
f 7584 7585 7684
f 7585 7685 7684
f 7585 7586 7685
f 7586 7686 7685
f 7586 7587 7686
f 7587 7687 7686
f 7587 7588 7687
f 7588 7688 7687
f 7588 7589 7688
f 7589 7689 7688
f 7589 7590 7689
f 7590 7690 7689
f 7590 7591 7690
f 7591 7691 7690
f 7591 7592 7691
f 7592 7692 7691
f 7592 7593 7692
f 7593 7693 7692
f 7593 7594 7693
f 7594 7694 7693
f 7594 7595 7694
f 7595 7695 7694
f 7595 7596 7695
f 7596 7696 7695
f 7596 7597 7696
f 7597 7697 7696
f 7597 7598 7697
f 7598 7698 7697
f 7598 7599 7698
f 7599 7699 7698
f 7599 7600 7699
f 7600 7700 7699
f 7601 7602 7701
f 7602 7702 7701
f 7602 7603 7702
f 7603 7703 7702
f 7603 7604 7703
f 7604 7704 7703
f 7604 7605 7704
f 7605 7705 7704
f 7605 7606 7705
f 7606 7706 7705
f 7606 7607 7706
f 7607 7707 7706
f 7607 7608 7707
f 7608 7708 7707
f 7608 7609 7708
f 7609 7709 7708
f 7609 7610 7709
f 7610 7710 7709
f 7610 7611 7710
f 7611 7711 7710
f 7611 7612 7711
f 7612 7712 7711
f 7612 7613 7712
f 7613 7713 7712
f 7613 7614 7713
f 7614 7714 7713
f 7614 7615 7714
f 7615 7715 7714
f 7615 7616 7715
f 7616 7716 7715
f 7616 7617 7716
f 7617 7717 7716
f 7617 7618 7717
f 7618 7718 7717
f 7618 7619 7718
f 7619 7719 7718
f 7619 7620 7719
f 7620 7720 7719
f 7620 7621 7720
f 7621 7721 7720
f 7621 7622 7721
f 7622 7722 7721
f 7622 7623 7722
f 7623 7723 7722
f 7623 7624 7723
f 7624 7724 7723
f 7624 7625 7724
f 7625 7725 7724
f 7625 7626 7725
f 7626 7726 7725
f 7626 7627 7726
f 7627 7727 7726
f 7627 7628 7727
f 7628 7728 7727
f 7628 7629 7728
f 7629 7729 7728
f 7629 7630 7729
f 7630 7730 7729
f 7630 7631 7730
f 7631 7731 7730
f 7631 7632 7731
f 7632 7732 7731
f 7632 7633 7732
f 7633 7733 7732
f 7633 7634 7733
f 7634 7734 7733
f 7634 7635 7734
f 7635 7735 7734
f 7635 7636 7735
f 7636 7736 7735
f 7636 7637 7736
f 7637 7737 7736
f 7637 7638 7737
f 7638 7738 7737
f 7638 7639 7738
f 7639 7739 7738
f 7639 7640 7739
f 7640 7740 7739
f 7640 7641 7740
f 7641 7741 7740
f 7641 7642 7741
f 7642 7742 7741
f 7642 7643 7742
f 7643 7743 7742
f 7643 7644 7743
f 7644 7744 7743
f 7644 7645 7744
f 7645 7745 7744
f 7645 7646 7745
f 7646 7746 7745
f 7646 7647 7746
f 7647 7747 7746
f 7647 7648 7747
f 7648 7748 7747
f 7648 7649 7748
f 7649 7749 7748
f 7649 7650 7749
f 7650 7750 7749
f 7650 7651 7750
f 7651 7751 7750
f 7651 7652 7751
f 7652 7752 7751
f 7652 7653 7752
f 7653 7753 7752
f 7653 7654 7753
f 7654 7754 7753
f 7654 7655 7754
f 7655 7755 7754
f 7655 7656 7755
f 7656 7756 7755
f 7656 7657 7756
f 7657 7757 7756
f 7657 7658 7757
f 7658 7758 7757
f 7658 7659 7758
f 7659 7759 7758
f 7659 7660 7759
f 7660 7760 7759
f 7660 7661 7760
f 7661 7761 7760
f 7661 7662 7761
f 7662 7762 7761
f 7662 7663 7762
f 7663 7763 7762
f 7663 7664 7763
f 7664 7764 7763
f 7664 7665 7764
f 7665 7765 7764
f 7665 7666 7765
f 7666 7766 7765
f 7666 7667 7766
f 7667 7767 7766
f 7667 7668 7767
f 7668 7768 7767
f 7668 7669 7768
f 7669 7769 7768
f 7669 7670 7769
f 7670 7770 7769
f 7670 7671 7770
f 7671 7771 7770
f 7671 7672 7771
f 7672 7772 7771
f 7672 7673 7772
f 7673 7773 7772
f 7673 7674 7773
f 7674 7774 7773
f 7674 7675 7774
f 7675 7775 7774
f 7675 7676 7775
f 7676 7776 7775
f 7676 7677 7776
f 7677 7777 7776
f 7677 7678 7777
f 7678 7778 7777
f 7678 7679 7778
f 7679 7779 7778
f 7679 7680 7779
f 7680 7780 7779
f 7680 7681 7780
f 7681 7781 7780
f 7681 7682 7781
f 7682 7782 7781
f 7682 7683 7782
f 7683 7783 7782
f 7683 7684 7783
f 7684 7784 7783
f 7684 7685 7784
f 7685 7785 7784
f 7685 7686 7785
f 7686 7786 7785
f 7686 7687 7786
f 7687 7787 7786
f 7687 7688 7787
f 7688 7788 7787
f 7688 7689 7788
f 7689 7789 7788
f 7689 7690 7789
f 7690 7790 7789
f 7690 7691 7790
f 7691 7791 7790
f 7691 7692 7791
f 7692 7792 7791
f 7692 7693 7792
f 7693 7793 7792
f 7693 7694 7793
f 7694 7794 7793
f 7694 7695 7794
f 7695 7795 7794
f 7695 7696 7795
f 7696 7796 7795
f 7696 7697 7796
f 7697 7797 7796
f 7697 7698 7797
f 7698 7798 7797
f 7698 7699 7798
f 7699 7799 7798
f 7699 7700 7799
f 7700 7800 7799
f 7701 7702 7801
f 7702 7802 7801
f 7702 7703 7802
f 7703 7803 7802
f 7703 7704 7803
f 7704 7804 7803
f 7704 7705 7804
f 7705 7805 7804
f 7705 7706 7805
f 7706 7806 7805
f 7706 7707 7806
f 7707 7807 7806
f 7707 7708 7807
f 7708 7808 7807
f 7708 7709 7808
f 7709 7809 7808
f 7709 7710 7809
f 7710 7810 7809
f 7710 7711 7810
f 7711 7811 7810
f 7711 7712 7811
f 7712 7812 7811
f 7712 7713 7812
f 7713 7813 7812
f 7713 7714 7813
f 7714 7814 7813
f 7714 7715 7814
f 7715 7815 7814
f 7715 7716 7815
f 7716 7816 7815
f 7716 7717 7816
f 7717 7817 7816
f 7717 7718 7817
f 7718 7818 7817
f 7718 7719 7818
f 7719 7819 7818
f 7719 7720 7819
f 7720 7820 7819
f 7720 7721 7820
f 7721 7821 7820
f 7721 7722 7821
f 7722 7822 7821
f 7722 7723 7822
f 7723 7823 7822
f 7723 7724 7823
f 7724 7824 7823
f 7724 7725 7824
f 7725 7825 7824
f 7725 7726 7825
f 7726 7826 7825
f 7726 7727 7826
f 7727 7827 7826
f 7727 7728 7827
f 7728 7828 7827
f 7728 7729 7828
f 7729 7829 7828
f 7729 7730 7829
f 7730 7830 7829
f 7730 7731 7830
f 7731 7831 7830
f 7731 7732 7831
f 7732 7832 7831
f 7732 7733 7832
f 7733 7833 7832
f 7733 7734 7833
f 7734 7834 7833
f 7734 7735 7834
f 7735 7835 7834
f 7735 7736 7835
f 7736 7836 7835
f 7736 7737 7836
f 7737 7837 7836
f 7737 7738 7837
f 7738 7838 7837
f 7738 7739 7838
f 7739 7839 7838
f 7739 7740 7839
f 7740 7840 7839
f 7740 7741 7840
f 7741 7841 7840
f 7741 7742 7841
f 7742 7842 7841
f 7742 7743 7842
f 7743 7843 7842
f 7743 7744 7843
f 7744 7844 7843
f 7744 7745 7844
f 7745 7845 7844
f 7745 7746 7845
f 7746 7846 7845
f 7746 7747 7846
f 7747 7847 7846
f 7747 7748 7847
f 7748 7848 7847
f 7748 7749 7848
f 7749 7849 7848
f 7749 7750 7849
f 7750 7850 7849
f 7750 7751 7850
f 7751 7851 7850
f 7751 7752 7851
f 7752 7852 7851
f 7752 7753 7852
f 7753 7853 7852
f 7753 7754 7853
f 7754 7854 7853
f 7754 7755 7854
f 7755 7855 7854
f 7755 7756 7855
f 7756 7856 7855
f 7756 7757 7856
f 7757 7857 7856
f 7757 7758 7857
f 7758 7858 7857
f 7758 7759 7858
f 7759 7859 7858
f 7759 7760 7859
f 7760 7860 7859
f 7760 7761 7860
f 7761 7861 7860
f 7761 7762 7861
f 7762 7862 7861
f 7762 7763 7862
f 7763 7863 7862
f 7763 7764 7863
f 7764 7864 7863
f 7764 7765 7864
f 7765 7865 7864
f 7765 7766 7865
f 7766 7866 7865
f 7766 7767 7866
f 7767 7867 7866
f 7767 7768 7867
f 7768 7868 7867
f 7768 7769 7868
f 7769 7869 7868
f 7769 7770 7869
f 7770 7870 7869
f 7770 7771 7870
f 7771 7871 7870
f 7771 7772 7871
f 7772 7872 7871
f 7772 7773 7872
f 7773 7873 7872
f 7773 7774 7873
f 7774 7874 7873
f 7774 7775 7874
f 7775 7875 7874
f 7775 7776 7875
f 7776 7876 7875
f 7776 7777 7876
f 7777 7877 7876
f 7777 7778 7877
f 7778 7878 7877
f 7778 7779 7878
f 7779 7879 7878
f 7779 7780 7879
f 7780 7880 7879
f 7780 7781 7880
f 7781 7881 7880
f 7781 7782 7881
f 7782 7882 7881
f 7782 7783 7882
f 7783 7883 7882
f 7783 7784 7883
f 7784 7884 7883
f 7784 7785 7884
f 7785 7885 7884
f 7785 7786 7885
f 7786 7886 7885
f 7786 7787 7886
f 7787 7887 7886
f 7787 7788 7887
f 7788 7888 7887
f 7788 7789 7888
f 7789 7889 7888
f 7789 7790 7889
f 7790 7890 7889
f 7790 7791 7890
f 7791 7891 7890
f 7791 7792 7891
f 7792 7892 7891
f 7792 7793 7892
f 7793 7893 7892
f 7793 7794 7893
f 7794 7894 7893
f 7794 7795 7894
f 7795 7895 7894
f 7795 7796 7895
f 7796 7896 7895
f 7796 7797 7896
f 7797 7897 7896
f 7797 7798 7897
f 7798 7898 7897
f 7798 7799 7898
f 7799 7899 7898
f 7799 7800 7899
f 7800 7900 7899
f 7801 7802 7901
f 7802 7902 7901
f 7802 7803 7902
f 7803 7903 7902
f 7803 7804 7903
f 7804 7904 7903
f 7804 7805 7904
f 7805 7905 7904
f 7805 7806 7905
f 7806 7906 7905
f 7806 7807 7906
f 7807 7907 7906
f 7807 7808 7907
f 7808 7908 7907
f 7808 7809 7908
f 7809 7909 7908
f 7809 7810 7909
f 7810 7910 7909
f 7810 7811 7910
f 7811 7911 7910
f 7811 7812 7911
f 7812 7912 7911
f 7812 7813 7912
f 7813 7913 7912
f 7813 7814 7913
f 7814 7914 7913
f 7814 7815 7914
f 7815 7915 7914
f 7815 7816 7915
f 7816 7916 7915
f 7816 7817 7916
f 7817 7917 7916
f 7817 7818 7917
f 7818 7918 7917
f 7818 7819 7918
f 7819 7919 7918
f 7819 7820 7919
f 7820 7920 7919
f 7820 7821 7920
f 7821 7921 7920
f 7821 7822 7921
f 7822 7922 7921
f 7822 7823 7922
f 7823 7923 7922
f 7823 7824 7923
f 7824 7924 7923
f 7824 7825 7924
f 7825 7925 7924
f 7825 7826 7925
f 7826 7926 7925
f 7826 7827 7926
f 7827 7927 7926
f 7827 7828 7927
f 7828 7928 7927
f 7828 7829 7928
f 7829 7929 7928
f 7829 7830 7929
f 7830 7930 7929
f 7830 7831 7930
f 7831 7931 7930
f 7831 7832 7931
f 7832 7932 7931
f 7832 7833 7932
f 7833 7933 7932
f 7833 7834 7933
f 7834 7934 7933
f 7834 7835 7934
f 7835 7935 7934
f 7835 7836 7935
f 7836 7936 7935
f 7836 7837 7936
f 7837 7937 7936
f 7837 7838 7937
f 7838 7938 7937
f 7838 7839 7938
f 7839 7939 7938
f 7839 7840 7939
f 7840 7940 7939
f 7840 7841 7940
f 7841 7941 7940
f 7841 7842 7941
f 7842 7942 7941
f 7842 7843 7942
f 7843 7943 7942
f 7843 7844 7943
f 7844 7944 7943
f 7844 7845 7944
f 7845 7945 7944
f 7845 7846 7945
f 7846 7946 7945
f 7846 7847 7946
f 7847 7947 7946
f 7847 7848 7947
f 7848 7948 7947
f 7848 7849 7948
f 7849 7949 7948
f 7849 7850 7949
f 7850 7950 7949
f 7850 7851 7950
f 7851 7951 7950
f 7851 7852 7951
f 7852 7952 7951
f 7852 7853 7952
f 7853 7953 7952
f 7853 7854 7953
f 7854 7954 7953
f 7854 7855 7954
f 7855 7955 7954
f 7855 7856 7955
f 7856 7956 7955
f 7856 7857 7956
f 7857 7957 7956
f 7857 7858 7957
f 7858 7958 7957
f 7858 7859 7958
f 7859 7959 7958
f 7859 7860 7959
f 7860 7960 7959
f 7860 7861 7960
f 7861 7961 7960
f 7861 7862 7961
f 7862 7962 7961
f 7862 7863 7962
f 7863 7963 7962
f 7863 7864 7963
f 7864 7964 7963
f 7864 7865 7964
f 7865 7965 7964
f 7865 7866 7965
f 7866 7966 7965
f 7866 7867 7966
f 7867 7967 7966
f 7867 7868 7967
f 7868 7968 7967
f 7868 7869 7968
f 7869 7969 7968
f 7869 7870 7969
f 7870 7970 7969
f 7870 7871 7970
f 7871 7971 7970
f 7871 7872 7971
f 7872 7972 7971
f 7872 7873 7972
f 7873 7973 7972
f 7873 7874 7973
f 7874 7974 7973
f 7874 7875 7974
f 7875 7975 7974
f 7875 7876 7975
f 7876 7976 7975
f 7876 7877 7976
f 7877 7977 7976
f 7877 7878 7977
f 7878 7978 7977
f 7878 7879 7978
f 7879 7979 7978
f 7879 7880 7979
f 7880 7980 7979
f 7880 7881 7980
f 7881 7981 7980
f 7881 7882 7981
f 7882 7982 7981
f 7882 7883 7982
f 7883 7983 7982
f 7883 7884 7983
f 7884 7984 7983
f 7884 7885 7984
f 7885 7985 7984
f 7885 7886 7985
f 7886 7986 7985
f 7886 7887 7986
f 7887 7987 7986
f 7887 7888 7987
f 7888 7988 7987
f 7888 7889 7988
f 7889 7989 7988
f 7889 7890 7989
f 7890 7990 7989
f 7890 7891 7990
f 7891 7991 7990
f 7891 7892 7991
f 7892 7992 7991
f 7892 7893 7992
f 7893 7993 7992
f 7893 7894 7993
f 7894 7994 7993
f 7894 7895 7994
f 7895 7995 7994
f 7895 7896 7995
f 7896 7996 7995
f 7896 7897 7996
f 7897 7997 7996
f 7897 7898 7997
f 7898 7998 7997
f 7898 7899 7998
f 7899 7999 7998
f 7899 7900 7999
f 7900 8000 7999
f 7901 7902 8001
f 7902 8002 8001
f 7902 7903 8002
f 7903 8003 8002
f 7903 7904 8003
f 7904 8004 8003
f 7904 7905 8004
f 7905 8005 8004
f 7905 7906 8005
f 7906 8006 8005
f 7906 7907 8006
f 7907 8007 8006
f 7907 7908 8007
f 7908 8008 8007
f 7908 7909 8008
f 7909 8009 8008
f 7909 7910 8009
f 7910 8010 8009
f 7910 7911 8010
f 7911 8011 8010
f 7911 7912 8011
f 7912 8012 8011
f 7912 7913 8012
f 7913 8013 8012
f 7913 7914 8013
f 7914 8014 8013
f 7914 7915 8014
f 7915 8015 8014
f 7915 7916 8015
f 7916 8016 8015
f 7916 7917 8016
f 7917 8017 8016
f 7917 7918 8017
f 7918 8018 8017
f 7918 7919 8018
f 7919 8019 8018
f 7919 7920 8019
f 7920 8020 8019
f 7920 7921 8020
f 7921 8021 8020
f 7921 7922 8021
f 7922 8022 8021
f 7922 7923 8022
f 7923 8023 8022
f 7923 7924 8023
f 7924 8024 8023
f 7924 7925 8024
f 7925 8025 8024
f 7925 7926 8025
f 7926 8026 8025
f 7926 7927 8026
f 7927 8027 8026
f 7927 7928 8027
f 7928 8028 8027
f 7928 7929 8028
f 7929 8029 8028
f 7929 7930 8029
f 7930 8030 8029
f 7930 7931 8030
f 7931 8031 8030
f 7931 7932 8031
f 7932 8032 8031
f 7932 7933 8032
f 7933 8033 8032
f 7933 7934 8033
f 7934 8034 8033
f 7934 7935 8034
f 7935 8035 8034
f 7935 7936 8035
f 7936 8036 8035
f 7936 7937 8036
f 7937 8037 8036
f 7937 7938 8037
f 7938 8038 8037
f 7938 7939 8038
f 7939 8039 8038
f 7939 7940 8039
f 7940 8040 8039
f 7940 7941 8040
f 7941 8041 8040
f 7941 7942 8041
f 7942 8042 8041
f 7942 7943 8042
f 7943 8043 8042
f 7943 7944 8043
f 7944 8044 8043
f 7944 7945 8044
f 7945 8045 8044
f 7945 7946 8045
f 7946 8046 8045
f 7946 7947 8046
f 7947 8047 8046
f 7947 7948 8047
f 7948 8048 8047
f 7948 7949 8048
f 7949 8049 8048
f 7949 7950 8049
f 7950 8050 8049
f 7950 7951 8050
f 7951 8051 8050
f 7951 7952 8051
f 7952 8052 8051
f 7952 7953 8052
f 7953 8053 8052
f 7953 7954 8053
f 7954 8054 8053
f 7954 7955 8054
f 7955 8055 8054
f 7955 7956 8055
f 7956 8056 8055
f 7956 7957 8056
f 7957 8057 8056
f 7957 7958 8057
f 7958 8058 8057
f 7958 7959 8058
f 7959 8059 8058
f 7959 7960 8059
f 7960 8060 8059
f 7960 7961 8060
f 7961 8061 8060
f 7961 7962 8061
f 7962 8062 8061
f 7962 7963 8062
f 7963 8063 8062
f 7963 7964 8063
f 7964 8064 8063
f 7964 7965 8064
f 7965 8065 8064
f 7965 7966 8065
f 7966 8066 8065
f 7966 7967 8066
f 7967 8067 8066
f 7967 7968 8067
f 7968 8068 8067
f 7968 7969 8068
f 7969 8069 8068
f 7969 7970 8069
f 7970 8070 8069
f 7970 7971 8070
f 7971 8071 8070
f 7971 7972 8071
f 7972 8072 8071
f 7972 7973 8072
f 7973 8073 8072
f 7973 7974 8073
f 7974 8074 8073
f 7974 7975 8074
f 7975 8075 8074
f 7975 7976 8075
f 7976 8076 8075
f 7976 7977 8076
f 7977 8077 8076
f 7977 7978 8077
f 7978 8078 8077
f 7978 7979 8078
f 7979 8079 8078
f 7979 7980 8079
f 7980 8080 8079
f 7980 7981 8080
f 7981 8081 8080
f 7981 7982 8081
f 7982 8082 8081
f 7982 7983 8082
f 7983 8083 8082
f 7983 7984 8083
f 7984 8084 8083
f 7984 7985 8084
f 7985 8085 8084
f 7985 7986 8085
f 7986 8086 8085
f 7986 7987 8086
f 7987 8087 8086
f 7987 7988 8087
f 7988 8088 8087
f 7988 7989 8088
f 7989 8089 8088
f 7989 7990 8089
f 7990 8090 8089
f 7990 7991 8090
f 7991 8091 8090
f 7991 7992 8091
f 7992 8092 8091
f 7992 7993 8092
f 7993 8093 8092
f 7993 7994 8093
f 7994 8094 8093
f 7994 7995 8094
f 7995 8095 8094
f 7995 7996 8095
f 7996 8096 8095
f 7996 7997 8096
f 7997 8097 8096
f 7997 7998 8097
f 7998 8098 8097
f 7998 7999 8098
f 7999 8099 8098
f 7999 8000 8099
f 8000 8100 8099
f 8001 8002 8101
f 8002 8102 8101
f 8002 8003 8102
f 8003 8103 8102
f 8003 8004 8103
f 8004 8104 8103
f 8004 8005 8104
f 8005 8105 8104
f 8005 8006 8105
f 8006 8106 8105
f 8006 8007 8106
f 8007 8107 8106
f 8007 8008 8107
f 8008 8108 8107
f 8008 8009 8108
f 8009 8109 8108
f 8009 8010 8109
f 8010 8110 8109
f 8010 8011 8110
f 8011 8111 8110
f 8011 8012 8111
f 8012 8112 8111
f 8012 8013 8112
f 8013 8113 8112
f 8013 8014 8113
f 8014 8114 8113
f 8014 8015 8114
f 8015 8115 8114
f 8015 8016 8115
f 8016 8116 8115
f 8016 8017 8116
f 8017 8117 8116
f 8017 8018 8117
f 8018 8118 8117
f 8018 8019 8118
f 8019 8119 8118
f 8019 8020 8119
f 8020 8120 8119
f 8020 8021 8120
f 8021 8121 8120
f 8021 8022 8121
f 8022 8122 8121
f 8022 8023 8122
f 8023 8123 8122
f 8023 8024 8123
f 8024 8124 8123
f 8024 8025 8124
f 8025 8125 8124
f 8025 8026 8125
f 8026 8126 8125
f 8026 8027 8126
f 8027 8127 8126
f 8027 8028 8127
f 8028 8128 8127
f 8028 8029 8128
f 8029 8129 8128
f 8029 8030 8129
f 8030 8130 8129
f 8030 8031 8130
f 8031 8131 8130
f 8031 8032 8131
f 8032 8132 8131
f 8032 8033 8132
f 8033 8133 8132
f 8033 8034 8133
f 8034 8134 8133
f 8034 8035 8134
f 8035 8135 8134
f 8035 8036 8135
f 8036 8136 8135
f 8036 8037 8136
f 8037 8137 8136
f 8037 8038 8137
f 8038 8138 8137
f 8038 8039 8138
f 8039 8139 8138
f 8039 8040 8139
f 8040 8140 8139
f 8040 8041 8140
f 8041 8141 8140
f 8041 8042 8141
f 8042 8142 8141
f 8042 8043 8142
f 8043 8143 8142
f 8043 8044 8143
f 8044 8144 8143
f 8044 8045 8144
f 8045 8145 8144
f 8045 8046 8145
f 8046 8146 8145
f 8046 8047 8146
f 8047 8147 8146
f 8047 8048 8147
f 8048 8148 8147
f 8048 8049 8148
f 8049 8149 8148
f 8049 8050 8149
f 8050 8150 8149
f 8050 8051 8150
f 8051 8151 8150
f 8051 8052 8151
f 8052 8152 8151
f 8052 8053 8152
f 8053 8153 8152
f 8053 8054 8153
f 8054 8154 8153
f 8054 8055 8154
f 8055 8155 8154
f 8055 8056 8155
f 8056 8156 8155
f 8056 8057 8156
f 8057 8157 8156
f 8057 8058 8157
f 8058 8158 8157
f 8058 8059 8158
f 8059 8159 8158
f 8059 8060 8159
f 8060 8160 8159
f 8060 8061 8160
f 8061 8161 8160
f 8061 8062 8161
f 8062 8162 8161
f 8062 8063 8162
f 8063 8163 8162
f 8063 8064 8163
f 8064 8164 8163
f 8064 8065 8164
f 8065 8165 8164
f 8065 8066 8165
f 8066 8166 8165
f 8066 8067 8166
f 8067 8167 8166
f 8067 8068 8167
f 8068 8168 8167
f 8068 8069 8168
f 8069 8169 8168
f 8069 8070 8169
f 8070 8170 8169
f 8070 8071 8170
f 8071 8171 8170
f 8071 8072 8171
f 8072 8172 8171
f 8072 8073 8172
f 8073 8173 8172
f 8073 8074 8173
f 8074 8174 8173
f 8074 8075 8174
f 8075 8175 8174
f 8075 8076 8175
f 8076 8176 8175
f 8076 8077 8176
f 8077 8177 8176
f 8077 8078 8177
f 8078 8178 8177
f 8078 8079 8178
f 8079 8179 8178
f 8079 8080 8179
f 8080 8180 8179
f 8080 8081 8180
f 8081 8181 8180
f 8081 8082 8181
f 8082 8182 8181
f 8082 8083 8182
f 8083 8183 8182
f 8083 8084 8183
f 8084 8184 8183
f 8084 8085 8184
f 8085 8185 8184
f 8085 8086 8185
f 8086 8186 8185
f 8086 8087 8186
f 8087 8187 8186
f 8087 8088 8187
f 8088 8188 8187
f 8088 8089 8188
f 8089 8189 8188
f 8089 8090 8189
f 8090 8190 8189
f 8090 8091 8190
f 8091 8191 8190
f 8091 8092 8191
f 8092 8192 8191
f 8092 8093 8192
f 8093 8193 8192
f 8093 8094 8193
f 8094 8194 8193
f 8094 8095 8194
f 8095 8195 8194
f 8095 8096 8195
f 8096 8196 8195
f 8096 8097 8196
f 8097 8197 8196
f 8097 8098 8197
f 8098 8198 8197
f 8098 8099 8198
f 8099 8199 8198
f 8099 8100 8199
f 8100 8200 8199
f 8101 8102 8201
f 8102 8202 8201
f 8102 8103 8202
f 8103 8203 8202
f 8103 8104 8203
f 8104 8204 8203
f 8104 8105 8204
f 8105 8205 8204
f 8105 8106 8205
f 8106 8206 8205
f 8106 8107 8206
f 8107 8207 8206
f 8107 8108 8207
f 8108 8208 8207
f 8108 8109 8208
f 8109 8209 8208
f 8109 8110 8209
f 8110 8210 8209
f 8110 8111 8210
f 8111 8211 8210
f 8111 8112 8211
f 8112 8212 8211
f 8112 8113 8212
f 8113 8213 8212
f 8113 8114 8213
f 8114 8214 8213
f 8114 8115 8214
f 8115 8215 8214
f 8115 8116 8215
f 8116 8216 8215
f 8116 8117 8216
f 8117 8217 8216
f 8117 8118 8217
f 8118 8218 8217
f 8118 8119 8218
f 8119 8219 8218
f 8119 8120 8219
f 8120 8220 8219
f 8120 8121 8220
f 8121 8221 8220
f 8121 8122 8221
f 8122 8222 8221
f 8122 8123 8222
f 8123 8223 8222
f 8123 8124 8223
f 8124 8224 8223
f 8124 8125 8224
f 8125 8225 8224
f 8125 8126 8225
f 8126 8226 8225
f 8126 8127 8226
f 8127 8227 8226
f 8127 8128 8227
f 8128 8228 8227
f 8128 8129 8228
f 8129 8229 8228
f 8129 8130 8229
f 8130 8230 8229
f 8130 8131 8230
f 8131 8231 8230
f 8131 8132 8231
f 8132 8232 8231
f 8132 8133 8232
f 8133 8233 8232
f 8133 8134 8233
f 8134 8234 8233
f 8134 8135 8234
f 8135 8235 8234
f 8135 8136 8235
f 8136 8236 8235
f 8136 8137 8236
f 8137 8237 8236
f 8137 8138 8237
f 8138 8238 8237
f 8138 8139 8238
f 8139 8239 8238
f 8139 8140 8239
f 8140 8240 8239
f 8140 8141 8240
f 8141 8241 8240
f 8141 8142 8241
f 8142 8242 8241
f 8142 8143 8242
f 8143 8243 8242
f 8143 8144 8243
f 8144 8244 8243
f 8144 8145 8244
f 8145 8245 8244
f 8145 8146 8245
f 8146 8246 8245
f 8146 8147 8246
f 8147 8247 8246
f 8147 8148 8247
f 8148 8248 8247
f 8148 8149 8248
f 8149 8249 8248
f 8149 8150 8249
f 8150 8250 8249
f 8150 8151 8250
f 8151 8251 8250
f 8151 8152 8251
f 8152 8252 8251
f 8152 8153 8252
f 8153 8253 8252
f 8153 8154 8253
f 8154 8254 8253
f 8154 8155 8254
f 8155 8255 8254
f 8155 8156 8255
f 8156 8256 8255
f 8156 8157 8256
f 8157 8257 8256
f 8157 8158 8257
f 8158 8258 8257
f 8158 8159 8258
f 8159 8259 8258
f 8159 8160 8259
f 8160 8260 8259
f 8160 8161 8260
f 8161 8261 8260
f 8161 8162 8261
f 8162 8262 8261
f 8162 8163 8262
f 8163 8263 8262
f 8163 8164 8263
f 8164 8264 8263
f 8164 8165 8264
f 8165 8265 8264
f 8165 8166 8265
f 8166 8266 8265
f 8166 8167 8266
f 8167 8267 8266
f 8167 8168 8267
f 8168 8268 8267
f 8168 8169 8268
f 8169 8269 8268
f 8169 8170 8269
f 8170 8270 8269
f 8170 8171 8270
f 8171 8271 8270
f 8171 8172 8271
f 8172 8272 8271
f 8172 8173 8272
f 8173 8273 8272
f 8173 8174 8273
f 8174 8274 8273
f 8174 8175 8274
f 8175 8275 8274
f 8175 8176 8275
f 8176 8276 8275
f 8176 8177 8276
f 8177 8277 8276
f 8177 8178 8277
f 8178 8278 8277
f 8178 8179 8278
f 8179 8279 8278
f 8179 8180 8279
f 8180 8280 8279
f 8180 8181 8280
f 8181 8281 8280
f 8181 8182 8281
f 8182 8282 8281
f 8182 8183 8282
f 8183 8283 8282
f 8183 8184 8283
f 8184 8284 8283
f 8184 8185 8284
f 8185 8285 8284
f 8185 8186 8285
f 8186 8286 8285
f 8186 8187 8286
f 8187 8287 8286
f 8187 8188 8287
f 8188 8288 8287
f 8188 8189 8288
f 8189 8289 8288
f 8189 8190 8289
f 8190 8290 8289
f 8190 8191 8290
f 8191 8291 8290
f 8191 8192 8291
f 8192 8292 8291
f 8192 8193 8292
f 8193 8293 8292
f 8193 8194 8293
f 8194 8294 8293
f 8194 8195 8294
f 8195 8295 8294
f 8195 8196 8295
f 8196 8296 8295
f 8196 8197 8296
f 8197 8297 8296
f 8197 8198 8297
f 8198 8298 8297
f 8198 8199 8298
f 8199 8299 8298
f 8199 8200 8299
f 8200 8300 8299
f 8201 8202 8301
f 8202 8302 8301
f 8202 8203 8302
f 8203 8303 8302
f 8203 8204 8303
f 8204 8304 8303
f 8204 8205 8304
f 8205 8305 8304
f 8205 8206 8305
f 8206 8306 8305
f 8206 8207 8306
f 8207 8307 8306
f 8207 8208 8307
f 8208 8308 8307
f 8208 8209 8308
f 8209 8309 8308
f 8209 8210 8309
f 8210 8310 8309
f 8210 8211 8310
f 8211 8311 8310
f 8211 8212 8311
f 8212 8312 8311
f 8212 8213 8312
f 8213 8313 8312
f 8213 8214 8313
f 8214 8314 8313
f 8214 8215 8314
f 8215 8315 8314
f 8215 8216 8315
f 8216 8316 8315
f 8216 8217 8316
f 8217 8317 8316
f 8217 8218 8317
f 8218 8318 8317
f 8218 8219 8318
f 8219 8319 8318
f 8219 8220 8319
f 8220 8320 8319
f 8220 8221 8320
f 8221 8321 8320
f 8221 8222 8321
f 8222 8322 8321
f 8222 8223 8322
f 8223 8323 8322
f 8223 8224 8323
f 8224 8324 8323
f 8224 8225 8324
f 8225 8325 8324
f 8225 8226 8325
f 8226 8326 8325
f 8226 8227 8326
f 8227 8327 8326
f 8227 8228 8327
f 8228 8328 8327
f 8228 8229 8328
f 8229 8329 8328
f 8229 8230 8329
f 8230 8330 8329
f 8230 8231 8330
f 8231 8331 8330
f 8231 8232 8331
f 8232 8332 8331
f 8232 8233 8332
f 8233 8333 8332
f 8233 8234 8333
f 8234 8334 8333
f 8234 8235 8334
f 8235 8335 8334
f 8235 8236 8335
f 8236 8336 8335
f 8236 8237 8336
f 8237 8337 8336
f 8237 8238 8337
f 8238 8338 8337
f 8238 8239 8338
f 8239 8339 8338
f 8239 8240 8339
f 8240 8340 8339
f 8240 8241 8340
f 8241 8341 8340
f 8241 8242 8341
f 8242 8342 8341
f 8242 8243 8342
f 8243 8343 8342
f 8243 8244 8343
f 8244 8344 8343
f 8244 8245 8344
f 8245 8345 8344
f 8245 8246 8345
f 8246 8346 8345
f 8246 8247 8346
f 8247 8347 8346
f 8247 8248 8347
f 8248 8348 8347
f 8248 8249 8348
f 8249 8349 8348
f 8249 8250 8349
f 8250 8350 8349
f 8250 8251 8350
f 8251 8351 8350
f 8251 8252 8351
f 8252 8352 8351
f 8252 8253 8352
f 8253 8353 8352
f 8253 8254 8353
f 8254 8354 8353
f 8254 8255 8354
f 8255 8355 8354
f 8255 8256 8355
f 8256 8356 8355
f 8256 8257 8356
f 8257 8357 8356
f 8257 8258 8357
f 8258 8358 8357
f 8258 8259 8358
f 8259 8359 8358
f 8259 8260 8359
f 8260 8360 8359
f 8260 8261 8360
f 8261 8361 8360
f 8261 8262 8361
f 8262 8362 8361
f 8262 8263 8362
f 8263 8363 8362
f 8263 8264 8363
f 8264 8364 8363
f 8264 8265 8364
f 8265 8365 8364
f 8265 8266 8365
f 8266 8366 8365
f 8266 8267 8366
f 8267 8367 8366
f 8267 8268 8367
f 8268 8368 8367
f 8268 8269 8368
f 8269 8369 8368
f 8269 8270 8369
f 8270 8370 8369
f 8270 8271 8370
f 8271 8371 8370
f 8271 8272 8371
f 8272 8372 8371
f 8272 8273 8372
f 8273 8373 8372
f 8273 8274 8373
f 8274 8374 8373
f 8274 8275 8374
f 8275 8375 8374
f 8275 8276 8375
f 8276 8376 8375
f 8276 8277 8376
f 8277 8377 8376
f 8277 8278 8377
f 8278 8378 8377
f 8278 8279 8378
f 8279 8379 8378
f 8279 8280 8379
f 8280 8380 8379
f 8280 8281 8380
f 8281 8381 8380
f 8281 8282 8381
f 8282 8382 8381
f 8282 8283 8382
f 8283 8383 8382
f 8283 8284 8383
f 8284 8384 8383
f 8284 8285 8384
f 8285 8385 8384
f 8285 8286 8385
f 8286 8386 8385
f 8286 8287 8386
f 8287 8387 8386
f 8287 8288 8387
f 8288 8388 8387
f 8288 8289 8388
f 8289 8389 8388
f 8289 8290 8389
f 8290 8390 8389
f 8290 8291 8390
f 8291 8391 8390
f 8291 8292 8391
f 8292 8392 8391
f 8292 8293 8392
f 8293 8393 8392
f 8293 8294 8393
f 8294 8394 8393
f 8294 8295 8394
f 8295 8395 8394
f 8295 8296 8395
f 8296 8396 8395
f 8296 8297 8396
f 8297 8397 8396
f 8297 8298 8397
f 8298 8398 8397
f 8298 8299 8398
f 8299 8399 8398
f 8299 8300 8399
f 8300 8400 8399
f 8301 8302 8401
f 8302 8402 8401
f 8302 8303 8402
f 8303 8403 8402
f 8303 8304 8403
f 8304 8404 8403
f 8304 8305 8404
f 8305 8405 8404
f 8305 8306 8405
f 8306 8406 8405
f 8306 8307 8406
f 8307 8407 8406
f 8307 8308 8407
f 8308 8408 8407
f 8308 8309 8408
f 8309 8409 8408
f 8309 8310 8409
f 8310 8410 8409
f 8310 8311 8410
f 8311 8411 8410
f 8311 8312 8411
f 8312 8412 8411
f 8312 8313 8412
f 8313 8413 8412
f 8313 8314 8413
f 8314 8414 8413
f 8314 8315 8414
f 8315 8415 8414
f 8315 8316 8415
f 8316 8416 8415
f 8316 8317 8416
f 8317 8417 8416
f 8317 8318 8417
f 8318 8418 8417
f 8318 8319 8418
f 8319 8419 8418
f 8319 8320 8419
f 8320 8420 8419
f 8320 8321 8420
f 8321 8421 8420
f 8321 8322 8421
f 8322 8422 8421
f 8322 8323 8422
f 8323 8423 8422
f 8323 8324 8423
f 8324 8424 8423
f 8324 8325 8424
f 8325 8425 8424
f 8325 8326 8425
f 8326 8426 8425
f 8326 8327 8426
f 8327 8427 8426
f 8327 8328 8427
f 8328 8428 8427
f 8328 8329 8428
f 8329 8429 8428
f 8329 8330 8429
f 8330 8430 8429
f 8330 8331 8430
f 8331 8431 8430
f 8331 8332 8431
f 8332 8432 8431
f 8332 8333 8432
f 8333 8433 8432
f 8333 8334 8433
f 8334 8434 8433
f 8334 8335 8434
f 8335 8435 8434
f 8335 8336 8435
f 8336 8436 8435
f 8336 8337 8436
f 8337 8437 8436
f 8337 8338 8437
f 8338 8438 8437
f 8338 8339 8438
f 8339 8439 8438
f 8339 8340 8439
f 8340 8440 8439
f 8340 8341 8440
f 8341 8441 8440
f 8341 8342 8441
f 8342 8442 8441
f 8342 8343 8442
f 8343 8443 8442
f 8343 8344 8443
f 8344 8444 8443
f 8344 8345 8444
f 8345 8445 8444
f 8345 8346 8445
f 8346 8446 8445
f 8346 8347 8446
f 8347 8447 8446
f 8347 8348 8447
f 8348 8448 8447
f 8348 8349 8448
f 8349 8449 8448
f 8349 8350 8449
f 8350 8450 8449
f 8350 8351 8450
f 8351 8451 8450
f 8351 8352 8451
f 8352 8452 8451
f 8352 8353 8452
f 8353 8453 8452
f 8353 8354 8453
f 8354 8454 8453
f 8354 8355 8454
f 8355 8455 8454
f 8355 8356 8455
f 8356 8456 8455
f 8356 8357 8456
f 8357 8457 8456
f 8357 8358 8457
f 8358 8458 8457
f 8358 8359 8458
f 8359 8459 8458
f 8359 8360 8459
f 8360 8460 8459
f 8360 8361 8460
f 8361 8461 8460
f 8361 8362 8461
f 8362 8462 8461
f 8362 8363 8462
f 8363 8463 8462
f 8363 8364 8463
f 8364 8464 8463
f 8364 8365 8464
f 8365 8465 8464
f 8365 8366 8465
f 8366 8466 8465
f 8366 8367 8466
f 8367 8467 8466
f 8367 8368 8467
f 8368 8468 8467
f 8368 8369 8468
f 8369 8469 8468
f 8369 8370 8469
f 8370 8470 8469
f 8370 8371 8470
f 8371 8471 8470
f 8371 8372 8471
f 8372 8472 8471
f 8372 8373 8472
f 8373 8473 8472
f 8373 8374 8473
f 8374 8474 8473
f 8374 8375 8474
f 8375 8475 8474
f 8375 8376 8475
f 8376 8476 8475
f 8376 8377 8476
f 8377 8477 8476
f 8377 8378 8477
f 8378 8478 8477
f 8378 8379 8478
f 8379 8479 8478
f 8379 8380 8479
f 8380 8480 8479
f 8380 8381 8480
f 8381 8481 8480
f 8381 8382 8481
f 8382 8482 8481
f 8382 8383 8482
f 8383 8483 8482
f 8383 8384 8483
f 8384 8484 8483
f 8384 8385 8484
f 8385 8485 8484
f 8385 8386 8485
f 8386 8486 8485
f 8386 8387 8486
f 8387 8487 8486
f 8387 8388 8487
f 8388 8488 8487
f 8388 8389 8488
f 8389 8489 8488
f 8389 8390 8489
f 8390 8490 8489
f 8390 8391 8490
f 8391 8491 8490
f 8391 8392 8491
f 8392 8492 8491
f 8392 8393 8492
f 8393 8493 8492
f 8393 8394 8493
f 8394 8494 8493
f 8394 8395 8494
f 8395 8495 8494
f 8395 8396 8495
f 8396 8496 8495
f 8396 8397 8496
f 8397 8497 8496
f 8397 8398 8497
f 8398 8498 8497
f 8398 8399 8498
f 8399 8499 8498
f 8399 8400 8499
f 8400 8500 8499
f 8401 8402 8501
f 8402 8502 8501
f 8402 8403 8502
f 8403 8503 8502
f 8403 8404 8503
f 8404 8504 8503
f 8404 8405 8504
f 8405 8505 8504
f 8405 8406 8505
f 8406 8506 8505
f 8406 8407 8506
f 8407 8507 8506
f 8407 8408 8507
f 8408 8508 8507
f 8408 8409 8508
f 8409 8509 8508
f 8409 8410 8509
f 8410 8510 8509
f 8410 8411 8510
f 8411 8511 8510
f 8411 8412 8511
f 8412 8512 8511
f 8412 8413 8512
f 8413 8513 8512
f 8413 8414 8513
f 8414 8514 8513
f 8414 8415 8514
f 8415 8515 8514
f 8415 8416 8515
f 8416 8516 8515
f 8416 8417 8516
f 8417 8517 8516
f 8417 8418 8517
f 8418 8518 8517
f 8418 8419 8518
f 8419 8519 8518
f 8419 8420 8519
f 8420 8520 8519
f 8420 8421 8520
f 8421 8521 8520
f 8421 8422 8521
f 8422 8522 8521
f 8422 8423 8522
f 8423 8523 8522
f 8423 8424 8523
f 8424 8524 8523
f 8424 8425 8524
f 8425 8525 8524
f 8425 8426 8525
f 8426 8526 8525
f 8426 8427 8526
f 8427 8527 8526
f 8427 8428 8527
f 8428 8528 8527
f 8428 8429 8528
f 8429 8529 8528
f 8429 8430 8529
f 8430 8530 8529
f 8430 8431 8530
f 8431 8531 8530
f 8431 8432 8531
f 8432 8532 8531
f 8432 8433 8532
f 8433 8533 8532
f 8433 8434 8533
f 8434 8534 8533
f 8434 8435 8534
f 8435 8535 8534
f 8435 8436 8535
f 8436 8536 8535
f 8436 8437 8536
f 8437 8537 8536
f 8437 8438 8537
f 8438 8538 8537
f 8438 8439 8538
f 8439 8539 8538
f 8439 8440 8539
f 8440 8540 8539
f 8440 8441 8540
f 8441 8541 8540
f 8441 8442 8541
f 8442 8542 8541
f 8442 8443 8542
f 8443 8543 8542
f 8443 8444 8543
f 8444 8544 8543
f 8444 8445 8544
f 8445 8545 8544
f 8445 8446 8545
f 8446 8546 8545
f 8446 8447 8546
f 8447 8547 8546
f 8447 8448 8547
f 8448 8548 8547
f 8448 8449 8548
f 8449 8549 8548
f 8449 8450 8549
f 8450 8550 8549
f 8450 8451 8550
f 8451 8551 8550
f 8451 8452 8551
f 8452 8552 8551
f 8452 8453 8552
f 8453 8553 8552
f 8453 8454 8553
f 8454 8554 8553
f 8454 8455 8554
f 8455 8555 8554
f 8455 8456 8555
f 8456 8556 8555
f 8456 8457 8556
f 8457 8557 8556
f 8457 8458 8557
f 8458 8558 8557
f 8458 8459 8558
f 8459 8559 8558
f 8459 8460 8559
f 8460 8560 8559
f 8460 8461 8560
f 8461 8561 8560
f 8461 8462 8561
f 8462 8562 8561
f 8462 8463 8562
f 8463 8563 8562
f 8463 8464 8563
f 8464 8564 8563
f 8464 8465 8564
f 8465 8565 8564
f 8465 8466 8565
f 8466 8566 8565
f 8466 8467 8566
f 8467 8567 8566
f 8467 8468 8567
f 8468 8568 8567
f 8468 8469 8568
f 8469 8569 8568
f 8469 8470 8569
f 8470 8570 8569
f 8470 8471 8570
f 8471 8571 8570
f 8471 8472 8571
f 8472 8572 8571
f 8472 8473 8572
f 8473 8573 8572
f 8473 8474 8573
f 8474 8574 8573
f 8474 8475 8574
f 8475 8575 8574
f 8475 8476 8575
f 8476 8576 8575
f 8476 8477 8576
f 8477 8577 8576
f 8477 8478 8577
f 8478 8578 8577
f 8478 8479 8578
f 8479 8579 8578
f 8479 8480 8579
f 8480 8580 8579
f 8480 8481 8580
f 8481 8581 8580
f 8481 8482 8581
f 8482 8582 8581
f 8482 8483 8582
f 8483 8583 8582
f 8483 8484 8583
f 8484 8584 8583
f 8484 8485 8584
f 8485 8585 8584
f 8485 8486 8585
f 8486 8586 8585
f 8486 8487 8586
f 8487 8587 8586
f 8487 8488 8587
f 8488 8588 8587
f 8488 8489 8588
f 8489 8589 8588
f 8489 8490 8589
f 8490 8590 8589
f 8490 8491 8590
f 8491 8591 8590
f 8491 8492 8591
f 8492 8592 8591
f 8492 8493 8592
f 8493 8593 8592
f 8493 8494 8593
f 8494 8594 8593
f 8494 8495 8594
f 8495 8595 8594
f 8495 8496 8595
f 8496 8596 8595
f 8496 8497 8596
f 8497 8597 8596
f 8497 8498 8597
f 8498 8598 8597
f 8498 8499 8598
f 8499 8599 8598
f 8499 8500 8599
f 8500 8600 8599
f 8501 8502 8601
f 8502 8602 8601
f 8502 8503 8602
f 8503 8603 8602
f 8503 8504 8603
f 8504 8604 8603
f 8504 8505 8604
f 8505 8605 8604
f 8505 8506 8605
f 8506 8606 8605
f 8506 8507 8606
f 8507 8607 8606
f 8507 8508 8607
f 8508 8608 8607
f 8508 8509 8608
f 8509 8609 8608
f 8509 8510 8609
f 8510 8610 8609
f 8510 8511 8610
f 8511 8611 8610
f 8511 8512 8611
f 8512 8612 8611
f 8512 8513 8612
f 8513 8613 8612
f 8513 8514 8613
f 8514 8614 8613
f 8514 8515 8614
f 8515 8615 8614
f 8515 8516 8615
f 8516 8616 8615
f 8516 8517 8616
f 8517 8617 8616
f 8517 8518 8617
f 8518 8618 8617
f 8518 8519 8618
f 8519 8619 8618
f 8519 8520 8619
f 8520 8620 8619
f 8520 8521 8620
f 8521 8621 8620
f 8521 8522 8621
f 8522 8622 8621
f 8522 8523 8622
f 8523 8623 8622
f 8523 8524 8623
f 8524 8624 8623
f 8524 8525 8624
f 8525 8625 8624
f 8525 8526 8625
f 8526 8626 8625
f 8526 8527 8626
f 8527 8627 8626
f 8527 8528 8627
f 8528 8628 8627
f 8528 8529 8628
f 8529 8629 8628
f 8529 8530 8629
f 8530 8630 8629
f 8530 8531 8630
f 8531 8631 8630
f 8531 8532 8631
f 8532 8632 8631
f 8532 8533 8632
f 8533 8633 8632
f 8533 8534 8633
f 8534 8634 8633
f 8534 8535 8634
f 8535 8635 8634
f 8535 8536 8635
f 8536 8636 8635
f 8536 8537 8636
f 8537 8637 8636
f 8537 8538 8637
f 8538 8638 8637
f 8538 8539 8638
f 8539 8639 8638
f 8539 8540 8639
f 8540 8640 8639
f 8540 8541 8640
f 8541 8641 8640
f 8541 8542 8641
f 8542 8642 8641
f 8542 8543 8642
f 8543 8643 8642
f 8543 8544 8643
f 8544 8644 8643
f 8544 8545 8644
f 8545 8645 8644
f 8545 8546 8645
f 8546 8646 8645
f 8546 8547 8646
f 8547 8647 8646
f 8547 8548 8647
f 8548 8648 8647
f 8548 8549 8648
f 8549 8649 8648
f 8549 8550 8649
f 8550 8650 8649
f 8550 8551 8650
f 8551 8651 8650
f 8551 8552 8651
f 8552 8652 8651
f 8552 8553 8652
f 8553 8653 8652
f 8553 8554 8653
f 8554 8654 8653
f 8554 8555 8654
f 8555 8655 8654
f 8555 8556 8655
f 8556 8656 8655
f 8556 8557 8656
f 8557 8657 8656
f 8557 8558 8657
f 8558 8658 8657
f 8558 8559 8658
f 8559 8659 8658
f 8559 8560 8659
f 8560 8660 8659
f 8560 8561 8660
f 8561 8661 8660
f 8561 8562 8661
f 8562 8662 8661
f 8562 8563 8662
f 8563 8663 8662
f 8563 8564 8663
f 8564 8664 8663
f 8564 8565 8664
f 8565 8665 8664
f 8565 8566 8665
f 8566 8666 8665
f 8566 8567 8666
f 8567 8667 8666
f 8567 8568 8667
f 8568 8668 8667
f 8568 8569 8668
f 8569 8669 8668
f 8569 8570 8669
f 8570 8670 8669
f 8570 8571 8670
f 8571 8671 8670
f 8571 8572 8671
f 8572 8672 8671
f 8572 8573 8672
f 8573 8673 8672
f 8573 8574 8673
f 8574 8674 8673
f 8574 8575 8674
f 8575 8675 8674
f 8575 8576 8675
f 8576 8676 8675
f 8576 8577 8676
f 8577 8677 8676
f 8577 8578 8677
f 8578 8678 8677
f 8578 8579 8678
f 8579 8679 8678
f 8579 8580 8679
f 8580 8680 8679
f 8580 8581 8680
f 8581 8681 8680
f 8581 8582 8681
f 8582 8682 8681
f 8582 8583 8682
f 8583 8683 8682
f 8583 8584 8683
f 8584 8684 8683
f 8584 8585 8684
f 8585 8685 8684
f 8585 8586 8685
f 8586 8686 8685
f 8586 8587 8686
f 8587 8687 8686
f 8587 8588 8687
f 8588 8688 8687
f 8588 8589 8688
f 8589 8689 8688
f 8589 8590 8689
f 8590 8690 8689
f 8590 8591 8690
f 8591 8691 8690
f 8591 8592 8691
f 8592 8692 8691
f 8592 8593 8692
f 8593 8693 8692
f 8593 8594 8693
f 8594 8694 8693
f 8594 8595 8694
f 8595 8695 8694
f 8595 8596 8695
f 8596 8696 8695
f 8596 8597 8696
f 8597 8697 8696
f 8597 8598 8697
f 8598 8698 8697
f 8598 8599 8698
f 8599 8699 8698
f 8599 8600 8699
f 8600 8700 8699
f 8601 8602 8701
f 8602 8702 8701
f 8602 8603 8702
f 8603 8703 8702
f 8603 8604 8703
f 8604 8704 8703
f 8604 8605 8704
f 8605 8705 8704
f 8605 8606 8705
f 8606 8706 8705
f 8606 8607 8706
f 8607 8707 8706
f 8607 8608 8707
f 8608 8708 8707
f 8608 8609 8708
f 8609 8709 8708
f 8609 8610 8709
f 8610 8710 8709
f 8610 8611 8710
f 8611 8711 8710
f 8611 8612 8711
f 8612 8712 8711
f 8612 8613 8712
f 8613 8713 8712
f 8613 8614 8713
f 8614 8714 8713
f 8614 8615 8714
f 8615 8715 8714
f 8615 8616 8715
f 8616 8716 8715
f 8616 8617 8716
f 8617 8717 8716
f 8617 8618 8717
f 8618 8718 8717
f 8618 8619 8718
f 8619 8719 8718
f 8619 8620 8719
f 8620 8720 8719
f 8620 8621 8720
f 8621 8721 8720
f 8621 8622 8721
f 8622 8722 8721
f 8622 8623 8722
f 8623 8723 8722
f 8623 8624 8723
f 8624 8724 8723
f 8624 8625 8724
f 8625 8725 8724
f 8625 8626 8725
f 8626 8726 8725
f 8626 8627 8726
f 8627 8727 8726
f 8627 8628 8727
f 8628 8728 8727
f 8628 8629 8728
f 8629 8729 8728
f 8629 8630 8729
f 8630 8730 8729
f 8630 8631 8730
f 8631 8731 8730
f 8631 8632 8731
f 8632 8732 8731
f 8632 8633 8732
f 8633 8733 8732
f 8633 8634 8733
f 8634 8734 8733
f 8634 8635 8734
f 8635 8735 8734
f 8635 8636 8735
f 8636 8736 8735
f 8636 8637 8736
f 8637 8737 8736
f 8637 8638 8737
f 8638 8738 8737
f 8638 8639 8738
f 8639 8739 8738
f 8639 8640 8739
f 8640 8740 8739
f 8640 8641 8740
f 8641 8741 8740
f 8641 8642 8741
f 8642 8742 8741
f 8642 8643 8742
f 8643 8743 8742
f 8643 8644 8743
f 8644 8744 8743
f 8644 8645 8744
f 8645 8745 8744
f 8645 8646 8745
f 8646 8746 8745
f 8646 8647 8746
f 8647 8747 8746
f 8647 8648 8747
f 8648 8748 8747
f 8648 8649 8748
f 8649 8749 8748
f 8649 8650 8749
f 8650 8750 8749
f 8650 8651 8750
f 8651 8751 8750
f 8651 8652 8751
f 8652 8752 8751
f 8652 8653 8752
f 8653 8753 8752
f 8653 8654 8753
f 8654 8754 8753
f 8654 8655 8754
f 8655 8755 8754
f 8655 8656 8755
f 8656 8756 8755
f 8656 8657 8756
f 8657 8757 8756
f 8657 8658 8757
f 8658 8758 8757
f 8658 8659 8758
f 8659 8759 8758
f 8659 8660 8759
f 8660 8760 8759
f 8660 8661 8760
f 8661 8761 8760
f 8661 8662 8761
f 8662 8762 8761
f 8662 8663 8762
f 8663 8763 8762
f 8663 8664 8763
f 8664 8764 8763
f 8664 8665 8764
f 8665 8765 8764
f 8665 8666 8765
f 8666 8766 8765
f 8666 8667 8766
f 8667 8767 8766
f 8667 8668 8767
f 8668 8768 8767
f 8668 8669 8768
f 8669 8769 8768
f 8669 8670 8769
f 8670 8770 8769
f 8670 8671 8770
f 8671 8771 8770
f 8671 8672 8771
f 8672 8772 8771
f 8672 8673 8772
f 8673 8773 8772
f 8673 8674 8773
f 8674 8774 8773
f 8674 8675 8774
f 8675 8775 8774
f 8675 8676 8775
f 8676 8776 8775
f 8676 8677 8776
f 8677 8777 8776
f 8677 8678 8777
f 8678 8778 8777
f 8678 8679 8778
f 8679 8779 8778
f 8679 8680 8779
f 8680 8780 8779
f 8680 8681 8780
f 8681 8781 8780
f 8681 8682 8781
f 8682 8782 8781
f 8682 8683 8782
f 8683 8783 8782
f 8683 8684 8783
f 8684 8784 8783
f 8684 8685 8784
f 8685 8785 8784
f 8685 8686 8785
f 8686 8786 8785
f 8686 8687 8786
f 8687 8787 8786
f 8687 8688 8787
f 8688 8788 8787
f 8688 8689 8788
f 8689 8789 8788
f 8689 8690 8789
f 8690 8790 8789
f 8690 8691 8790
f 8691 8791 8790
f 8691 8692 8791
f 8692 8792 8791
f 8692 8693 8792
f 8693 8793 8792
f 8693 8694 8793
f 8694 8794 8793
f 8694 8695 8794
f 8695 8795 8794
f 8695 8696 8795
f 8696 8796 8795
f 8696 8697 8796
f 8697 8797 8796
f 8697 8698 8797
f 8698 8798 8797
f 8698 8699 8798
f 8699 8799 8798
f 8699 8700 8799
f 8700 8800 8799
f 8701 8702 8801
f 8702 8802 8801
f 8702 8703 8802
f 8703 8803 8802
f 8703 8704 8803
f 8704 8804 8803
f 8704 8705 8804
f 8705 8805 8804
f 8705 8706 8805
f 8706 8806 8805
f 8706 8707 8806
f 8707 8807 8806
f 8707 8708 8807
f 8708 8808 8807
f 8708 8709 8808
f 8709 8809 8808
f 8709 8710 8809
f 8710 8810 8809
f 8710 8711 8810
f 8711 8811 8810
f 8711 8712 8811
f 8712 8812 8811
f 8712 8713 8812
f 8713 8813 8812
f 8713 8714 8813
f 8714 8814 8813
f 8714 8715 8814
f 8715 8815 8814
f 8715 8716 8815
f 8716 8816 8815
f 8716 8717 8816
f 8717 8817 8816
f 8717 8718 8817
f 8718 8818 8817
f 8718 8719 8818
f 8719 8819 8818
f 8719 8720 8819
f 8720 8820 8819
f 8720 8721 8820
f 8721 8821 8820
f 8721 8722 8821
f 8722 8822 8821
f 8722 8723 8822
f 8723 8823 8822
f 8723 8724 8823
f 8724 8824 8823
f 8724 8725 8824
f 8725 8825 8824
f 8725 8726 8825
f 8726 8826 8825
f 8726 8727 8826
f 8727 8827 8826
f 8727 8728 8827
f 8728 8828 8827
f 8728 8729 8828
f 8729 8829 8828
f 8729 8730 8829
f 8730 8830 8829
f 8730 8731 8830
f 8731 8831 8830
f 8731 8732 8831
f 8732 8832 8831
f 8732 8733 8832
f 8733 8833 8832
f 8733 8734 8833
f 8734 8834 8833
f 8734 8735 8834
f 8735 8835 8834
f 8735 8736 8835
f 8736 8836 8835
f 8736 8737 8836
f 8737 8837 8836
f 8737 8738 8837
f 8738 8838 8837
f 8738 8739 8838
f 8739 8839 8838
f 8739 8740 8839
f 8740 8840 8839
f 8740 8741 8840
f 8741 8841 8840
f 8741 8742 8841
f 8742 8842 8841
f 8742 8743 8842
f 8743 8843 8842
f 8743 8744 8843
f 8744 8844 8843
f 8744 8745 8844
f 8745 8845 8844
f 8745 8746 8845
f 8746 8846 8845
f 8746 8747 8846
f 8747 8847 8846
f 8747 8748 8847
f 8748 8848 8847
f 8748 8749 8848
f 8749 8849 8848
f 8749 8750 8849
f 8750 8850 8849
f 8750 8751 8850
f 8751 8851 8850
f 8751 8752 8851
f 8752 8852 8851
f 8752 8753 8852
f 8753 8853 8852
f 8753 8754 8853
f 8754 8854 8853
f 8754 8755 8854
f 8755 8855 8854
f 8755 8756 8855
f 8756 8856 8855
f 8756 8757 8856
f 8757 8857 8856
f 8757 8758 8857
f 8758 8858 8857
f 8758 8759 8858
f 8759 8859 8858
f 8759 8760 8859
f 8760 8860 8859
f 8760 8761 8860
f 8761 8861 8860
f 8761 8762 8861
f 8762 8862 8861
f 8762 8763 8862
f 8763 8863 8862
f 8763 8764 8863
f 8764 8864 8863
f 8764 8765 8864
f 8765 8865 8864
f 8765 8766 8865
f 8766 8866 8865
f 8766 8767 8866
f 8767 8867 8866
f 8767 8768 8867
f 8768 8868 8867
f 8768 8769 8868
f 8769 8869 8868
f 8769 8770 8869
f 8770 8870 8869
f 8770 8771 8870
f 8771 8871 8870
f 8771 8772 8871
f 8772 8872 8871
f 8772 8773 8872
f 8773 8873 8872
f 8773 8774 8873
f 8774 8874 8873
f 8774 8775 8874
f 8775 8875 8874
f 8775 8776 8875
f 8776 8876 8875
f 8776 8777 8876
f 8777 8877 8876
f 8777 8778 8877
f 8778 8878 8877
f 8778 8779 8878
f 8779 8879 8878
f 8779 8780 8879
f 8780 8880 8879
f 8780 8781 8880
f 8781 8881 8880
f 8781 8782 8881
f 8782 8882 8881
f 8782 8783 8882
f 8783 8883 8882
f 8783 8784 8883
f 8784 8884 8883
f 8784 8785 8884
f 8785 8885 8884
f 8785 8786 8885
f 8786 8886 8885
f 8786 8787 8886
f 8787 8887 8886
f 8787 8788 8887
f 8788 8888 8887
f 8788 8789 8888
f 8789 8889 8888
f 8789 8790 8889
f 8790 8890 8889
f 8790 8791 8890
f 8791 8891 8890
f 8791 8792 8891
f 8792 8892 8891
f 8792 8793 8892
f 8793 8893 8892
f 8793 8794 8893
f 8794 8894 8893
f 8794 8795 8894
f 8795 8895 8894
f 8795 8796 8895
f 8796 8896 8895
f 8796 8797 8896
f 8797 8897 8896
f 8797 8798 8897
f 8798 8898 8897
f 8798 8799 8898
f 8799 8899 8898
f 8799 8800 8899
f 8800 8900 8899
f 8801 8802 8901
f 8802 8902 8901
f 8802 8803 8902
f 8803 8903 8902
f 8803 8804 8903
f 8804 8904 8903
f 8804 8805 8904
f 8805 8905 8904
f 8805 8806 8905
f 8806 8906 8905
f 8806 8807 8906
f 8807 8907 8906
f 8807 8808 8907
f 8808 8908 8907
f 8808 8809 8908
f 8809 8909 8908
f 8809 8810 8909
f 8810 8910 8909
f 8810 8811 8910
f 8811 8911 8910
f 8811 8812 8911
f 8812 8912 8911
f 8812 8813 8912
f 8813 8913 8912
f 8813 8814 8913
f 8814 8914 8913
f 8814 8815 8914
f 8815 8915 8914
f 8815 8816 8915
f 8816 8916 8915
f 8816 8817 8916
f 8817 8917 8916
f 8817 8818 8917
f 8818 8918 8917
f 8818 8819 8918
f 8819 8919 8918
f 8819 8820 8919
f 8820 8920 8919
f 8820 8821 8920
f 8821 8921 8920
f 8821 8822 8921
f 8822 8922 8921
f 8822 8823 8922
f 8823 8923 8922
f 8823 8824 8923
f 8824 8924 8923
f 8824 8825 8924
f 8825 8925 8924
f 8825 8826 8925
f 8826 8926 8925
f 8826 8827 8926
f 8827 8927 8926
f 8827 8828 8927
f 8828 8928 8927
f 8828 8829 8928
f 8829 8929 8928
f 8829 8830 8929
f 8830 8930 8929
f 8830 8831 8930
f 8831 8931 8930
f 8831 8832 8931
f 8832 8932 8931
f 8832 8833 8932
f 8833 8933 8932
f 8833 8834 8933
f 8834 8934 8933
f 8834 8835 8934
f 8835 8935 8934
f 8835 8836 8935
f 8836 8936 8935
f 8836 8837 8936
f 8837 8937 8936
f 8837 8838 8937
f 8838 8938 8937
f 8838 8839 8938
f 8839 8939 8938
f 8839 8840 8939
f 8840 8940 8939
f 8840 8841 8940
f 8841 8941 8940
f 8841 8842 8941
f 8842 8942 8941
f 8842 8843 8942
f 8843 8943 8942
f 8843 8844 8943
f 8844 8944 8943
f 8844 8845 8944
f 8845 8945 8944
f 8845 8846 8945
f 8846 8946 8945
f 8846 8847 8946
f 8847 8947 8946
f 8847 8848 8947
f 8848 8948 8947
f 8848 8849 8948
f 8849 8949 8948
f 8849 8850 8949
f 8850 8950 8949
f 8850 8851 8950
f 8851 8951 8950
f 8851 8852 8951
f 8852 8952 8951
f 8852 8853 8952
f 8853 8953 8952
f 8853 8854 8953
f 8854 8954 8953
f 8854 8855 8954
f 8855 8955 8954
f 8855 8856 8955
f 8856 8956 8955
f 8856 8857 8956
f 8857 8957 8956
f 8857 8858 8957
f 8858 8958 8957
f 8858 8859 8958
f 8859 8959 8958
f 8859 8860 8959
f 8860 8960 8959
f 8860 8861 8960
f 8861 8961 8960
f 8861 8862 8961
f 8862 8962 8961
f 8862 8863 8962
f 8863 8963 8962
f 8863 8864 8963
f 8864 8964 8963
f 8864 8865 8964
f 8865 8965 8964
f 8865 8866 8965
f 8866 8966 8965
f 8866 8867 8966
f 8867 8967 8966
f 8867 8868 8967
f 8868 8968 8967
f 8868 8869 8968
f 8869 8969 8968
f 8869 8870 8969
f 8870 8970 8969
f 8870 8871 8970
f 8871 8971 8970
f 8871 8872 8971
f 8872 8972 8971
f 8872 8873 8972
f 8873 8973 8972
f 8873 8874 8973
f 8874 8974 8973
f 8874 8875 8974
f 8875 8975 8974
f 8875 8876 8975
f 8876 8976 8975
f 8876 8877 8976
f 8877 8977 8976
f 8877 8878 8977
f 8878 8978 8977
f 8878 8879 8978
f 8879 8979 8978
f 8879 8880 8979
f 8880 8980 8979
f 8880 8881 8980
f 8881 8981 8980
f 8881 8882 8981
f 8882 8982 8981
f 8882 8883 8982
f 8883 8983 8982
f 8883 8884 8983
f 8884 8984 8983
f 8884 8885 8984
f 8885 8985 8984
f 8885 8886 8985
f 8886 8986 8985
f 8886 8887 8986
f 8887 8987 8986
f 8887 8888 8987
f 8888 8988 8987
f 8888 8889 8988
f 8889 8989 8988
f 8889 8890 8989
f 8890 8990 8989
f 8890 8891 8990
f 8891 8991 8990
f 8891 8892 8991
f 8892 8992 8991
f 8892 8893 8992
f 8893 8993 8992
f 8893 8894 8993
f 8894 8994 8993
f 8894 8895 8994
f 8895 8995 8994
f 8895 8896 8995
f 8896 8996 8995
f 8896 8897 8996
f 8897 8997 8996
f 8897 8898 8997
f 8898 8998 8997
f 8898 8899 8998
f 8899 8999 8998
f 8899 8900 8999
f 8900 9000 8999
f 8901 8902 9001
f 8902 9002 9001
f 8902 8903 9002
f 8903 9003 9002
f 8903 8904 9003
f 8904 9004 9003
f 8904 8905 9004
f 8905 9005 9004
f 8905 8906 9005
f 8906 9006 9005
f 8906 8907 9006
f 8907 9007 9006
f 8907 8908 9007
f 8908 9008 9007
f 8908 8909 9008
f 8909 9009 9008
f 8909 8910 9009
f 8910 9010 9009
f 8910 8911 9010
f 8911 9011 9010
f 8911 8912 9011
f 8912 9012 9011
f 8912 8913 9012
f 8913 9013 9012
f 8913 8914 9013
f 8914 9014 9013
f 8914 8915 9014
f 8915 9015 9014
f 8915 8916 9015
f 8916 9016 9015
f 8916 8917 9016
f 8917 9017 9016
f 8917 8918 9017
f 8918 9018 9017
f 8918 8919 9018
f 8919 9019 9018
f 8919 8920 9019
f 8920 9020 9019
f 8920 8921 9020
f 8921 9021 9020
f 8921 8922 9021
f 8922 9022 9021
f 8922 8923 9022
f 8923 9023 9022
f 8923 8924 9023
f 8924 9024 9023
f 8924 8925 9024
f 8925 9025 9024
f 8925 8926 9025
f 8926 9026 9025
f 8926 8927 9026
f 8927 9027 9026
f 8927 8928 9027
f 8928 9028 9027
f 8928 8929 9028
f 8929 9029 9028
f 8929 8930 9029
f 8930 9030 9029
f 8930 8931 9030
f 8931 9031 9030
f 8931 8932 9031
f 8932 9032 9031
f 8932 8933 9032
f 8933 9033 9032
f 8933 8934 9033
f 8934 9034 9033
f 8934 8935 9034
f 8935 9035 9034
f 8935 8936 9035
f 8936 9036 9035
f 8936 8937 9036
f 8937 9037 9036
f 8937 8938 9037
f 8938 9038 9037
f 8938 8939 9038
f 8939 9039 9038
f 8939 8940 9039
f 8940 9040 9039
f 8940 8941 9040
f 8941 9041 9040
f 8941 8942 9041
f 8942 9042 9041
f 8942 8943 9042
f 8943 9043 9042
f 8943 8944 9043
f 8944 9044 9043
f 8944 8945 9044
f 8945 9045 9044
f 8945 8946 9045
f 8946 9046 9045
f 8946 8947 9046
f 8947 9047 9046
f 8947 8948 9047
f 8948 9048 9047
f 8948 8949 9048
f 8949 9049 9048
f 8949 8950 9049
f 8950 9050 9049
f 8950 8951 9050
f 8951 9051 9050
f 8951 8952 9051
f 8952 9052 9051
f 8952 8953 9052
f 8953 9053 9052
f 8953 8954 9053
f 8954 9054 9053
f 8954 8955 9054
f 8955 9055 9054
f 8955 8956 9055
f 8956 9056 9055
f 8956 8957 9056
f 8957 9057 9056
f 8957 8958 9057
f 8958 9058 9057
f 8958 8959 9058
f 8959 9059 9058
f 8959 8960 9059
f 8960 9060 9059
f 8960 8961 9060
f 8961 9061 9060
f 8961 8962 9061
f 8962 9062 9061
f 8962 8963 9062
f 8963 9063 9062
f 8963 8964 9063
f 8964 9064 9063
f 8964 8965 9064
f 8965 9065 9064
f 8965 8966 9065
f 8966 9066 9065
f 8966 8967 9066
f 8967 9067 9066
f 8967 8968 9067
f 8968 9068 9067
f 8968 8969 9068
f 8969 9069 9068
f 8969 8970 9069
f 8970 9070 9069
f 8970 8971 9070
f 8971 9071 9070
f 8971 8972 9071
f 8972 9072 9071
f 8972 8973 9072
f 8973 9073 9072
f 8973 8974 9073
f 8974 9074 9073
f 8974 8975 9074
f 8975 9075 9074
f 8975 8976 9075
f 8976 9076 9075
f 8976 8977 9076
f 8977 9077 9076
f 8977 8978 9077
f 8978 9078 9077
f 8978 8979 9078
f 8979 9079 9078
f 8979 8980 9079
f 8980 9080 9079
f 8980 8981 9080
f 8981 9081 9080
f 8981 8982 9081
f 8982 9082 9081
f 8982 8983 9082
f 8983 9083 9082
f 8983 8984 9083
f 8984 9084 9083
f 8984 8985 9084
f 8985 9085 9084
f 8985 8986 9085
f 8986 9086 9085
f 8986 8987 9086
f 8987 9087 9086
f 8987 8988 9087
f 8988 9088 9087
f 8988 8989 9088
f 8989 9089 9088
f 8989 8990 9089
f 8990 9090 9089
f 8990 8991 9090
f 8991 9091 9090
f 8991 8992 9091
f 8992 9092 9091
f 8992 8993 9092
f 8993 9093 9092
f 8993 8994 9093
f 8994 9094 9093
f 8994 8995 9094
f 8995 9095 9094
f 8995 8996 9095
f 8996 9096 9095
f 8996 8997 9096
f 8997 9097 9096
f 8997 8998 9097
f 8998 9098 9097
f 8998 8999 9098
f 8999 9099 9098
f 8999 9000 9099
f 9000 9100 9099
f 9001 9002 9101
f 9002 9102 9101
f 9002 9003 9102
f 9003 9103 9102
f 9003 9004 9103
f 9004 9104 9103
f 9004 9005 9104
f 9005 9105 9104
f 9005 9006 9105
f 9006 9106 9105
f 9006 9007 9106
f 9007 9107 9106
f 9007 9008 9107
f 9008 9108 9107
f 9008 9009 9108
f 9009 9109 9108
f 9009 9010 9109
f 9010 9110 9109
f 9010 9011 9110
f 9011 9111 9110
f 9011 9012 9111
f 9012 9112 9111
f 9012 9013 9112
f 9013 9113 9112
f 9013 9014 9113
f 9014 9114 9113
f 9014 9015 9114
f 9015 9115 9114
f 9015 9016 9115
f 9016 9116 9115
f 9016 9017 9116
f 9017 9117 9116
f 9017 9018 9117
f 9018 9118 9117
f 9018 9019 9118
f 9019 9119 9118
f 9019 9020 9119
f 9020 9120 9119
f 9020 9021 9120
f 9021 9121 9120
f 9021 9022 9121
f 9022 9122 9121
f 9022 9023 9122
f 9023 9123 9122
f 9023 9024 9123
f 9024 9124 9123
f 9024 9025 9124
f 9025 9125 9124
f 9025 9026 9125
f 9026 9126 9125
f 9026 9027 9126
f 9027 9127 9126
f 9027 9028 9127
f 9028 9128 9127
f 9028 9029 9128
f 9029 9129 9128
f 9029 9030 9129
f 9030 9130 9129
f 9030 9031 9130
f 9031 9131 9130
f 9031 9032 9131
f 9032 9132 9131
f 9032 9033 9132
f 9033 9133 9132
f 9033 9034 9133
f 9034 9134 9133
f 9034 9035 9134
f 9035 9135 9134
f 9035 9036 9135
f 9036 9136 9135
f 9036 9037 9136
f 9037 9137 9136
f 9037 9038 9137
f 9038 9138 9137
f 9038 9039 9138
f 9039 9139 9138
f 9039 9040 9139
f 9040 9140 9139
f 9040 9041 9140
f 9041 9141 9140
f 9041 9042 9141
f 9042 9142 9141
f 9042 9043 9142
f 9043 9143 9142
f 9043 9044 9143
f 9044 9144 9143
f 9044 9045 9144
f 9045 9145 9144
f 9045 9046 9145
f 9046 9146 9145
f 9046 9047 9146
f 9047 9147 9146
f 9047 9048 9147
f 9048 9148 9147
f 9048 9049 9148
f 9049 9149 9148
f 9049 9050 9149
f 9050 9150 9149
f 9050 9051 9150
f 9051 9151 9150
f 9051 9052 9151
f 9052 9152 9151
f 9052 9053 9152
f 9053 9153 9152
f 9053 9054 9153
f 9054 9154 9153
f 9054 9055 9154
f 9055 9155 9154
f 9055 9056 9155
f 9056 9156 9155
f 9056 9057 9156
f 9057 9157 9156
f 9057 9058 9157
f 9058 9158 9157
f 9058 9059 9158
f 9059 9159 9158
f 9059 9060 9159
f 9060 9160 9159
f 9060 9061 9160
f 9061 9161 9160
f 9061 9062 9161
f 9062 9162 9161
f 9062 9063 9162
f 9063 9163 9162
f 9063 9064 9163
f 9064 9164 9163
f 9064 9065 9164
f 9065 9165 9164
f 9065 9066 9165
f 9066 9166 9165
f 9066 9067 9166
f 9067 9167 9166
f 9067 9068 9167
f 9068 9168 9167
f 9068 9069 9168
f 9069 9169 9168
f 9069 9070 9169
f 9070 9170 9169
f 9070 9071 9170
f 9071 9171 9170
f 9071 9072 9171
f 9072 9172 9171
f 9072 9073 9172
f 9073 9173 9172
f 9073 9074 9173
f 9074 9174 9173
f 9074 9075 9174
f 9075 9175 9174
f 9075 9076 9175
f 9076 9176 9175
f 9076 9077 9176
f 9077 9177 9176
f 9077 9078 9177
f 9078 9178 9177
f 9078 9079 9178
f 9079 9179 9178
f 9079 9080 9179
f 9080 9180 9179
f 9080 9081 9180
f 9081 9181 9180
f 9081 9082 9181
f 9082 9182 9181
f 9082 9083 9182
f 9083 9183 9182
f 9083 9084 9183
f 9084 9184 9183
f 9084 9085 9184
f 9085 9185 9184
f 9085 9086 9185
f 9086 9186 9185
f 9086 9087 9186
f 9087 9187 9186
f 9087 9088 9187
f 9088 9188 9187
f 9088 9089 9188
f 9089 9189 9188
f 9089 9090 9189
f 9090 9190 9189
f 9090 9091 9190
f 9091 9191 9190
f 9091 9092 9191
f 9092 9192 9191
f 9092 9093 9192
f 9093 9193 9192
f 9093 9094 9193
f 9094 9194 9193
f 9094 9095 9194
f 9095 9195 9194
f 9095 9096 9195
f 9096 9196 9195
f 9096 9097 9196
f 9097 9197 9196
f 9097 9098 9197
f 9098 9198 9197
f 9098 9099 9198
f 9099 9199 9198
f 9099 9100 9199
f 9100 9200 9199
f 9101 9102 9201
f 9102 9202 9201
f 9102 9103 9202
f 9103 9203 9202
f 9103 9104 9203
f 9104 9204 9203
f 9104 9105 9204
f 9105 9205 9204
f 9105 9106 9205
f 9106 9206 9205
f 9106 9107 9206
f 9107 9207 9206
f 9107 9108 9207
f 9108 9208 9207
f 9108 9109 9208
f 9109 9209 9208
f 9109 9110 9209
f 9110 9210 9209
f 9110 9111 9210
f 9111 9211 9210
f 9111 9112 9211
f 9112 9212 9211
f 9112 9113 9212
f 9113 9213 9212
f 9113 9114 9213
f 9114 9214 9213
f 9114 9115 9214
f 9115 9215 9214
f 9115 9116 9215
f 9116 9216 9215
f 9116 9117 9216
f 9117 9217 9216
f 9117 9118 9217
f 9118 9218 9217
f 9118 9119 9218
f 9119 9219 9218
f 9119 9120 9219
f 9120 9220 9219
f 9120 9121 9220
f 9121 9221 9220
f 9121 9122 9221
f 9122 9222 9221
f 9122 9123 9222
f 9123 9223 9222
f 9123 9124 9223
f 9124 9224 9223
f 9124 9125 9224
f 9125 9225 9224
f 9125 9126 9225
f 9126 9226 9225
f 9126 9127 9226
f 9127 9227 9226
f 9127 9128 9227
f 9128 9228 9227
f 9128 9129 9228
f 9129 9229 9228
f 9129 9130 9229
f 9130 9230 9229
f 9130 9131 9230
f 9131 9231 9230
f 9131 9132 9231
f 9132 9232 9231
f 9132 9133 9232
f 9133 9233 9232
f 9133 9134 9233
f 9134 9234 9233
f 9134 9135 9234
f 9135 9235 9234
f 9135 9136 9235
f 9136 9236 9235
f 9136 9137 9236
f 9137 9237 9236
f 9137 9138 9237
f 9138 9238 9237
f 9138 9139 9238
f 9139 9239 9238
f 9139 9140 9239
f 9140 9240 9239
f 9140 9141 9240
f 9141 9241 9240
f 9141 9142 9241
f 9142 9242 9241
f 9142 9143 9242
f 9143 9243 9242
f 9143 9144 9243
f 9144 9244 9243
f 9144 9145 9244
f 9145 9245 9244
f 9145 9146 9245
f 9146 9246 9245
f 9146 9147 9246
f 9147 9247 9246
f 9147 9148 9247
f 9148 9248 9247
f 9148 9149 9248
f 9149 9249 9248
f 9149 9150 9249
f 9150 9250 9249
f 9150 9151 9250
f 9151 9251 9250
f 9151 9152 9251
f 9152 9252 9251
f 9152 9153 9252
f 9153 9253 9252
f 9153 9154 9253
f 9154 9254 9253
f 9154 9155 9254
f 9155 9255 9254
f 9155 9156 9255
f 9156 9256 9255
f 9156 9157 9256
f 9157 9257 9256
f 9157 9158 9257
f 9158 9258 9257
f 9158 9159 9258
f 9159 9259 9258
f 9159 9160 9259
f 9160 9260 9259
f 9160 9161 9260
f 9161 9261 9260
f 9161 9162 9261
f 9162 9262 9261
f 9162 9163 9262
f 9163 9263 9262
f 9163 9164 9263
f 9164 9264 9263
f 9164 9165 9264
f 9165 9265 9264
f 9165 9166 9265
f 9166 9266 9265
f 9166 9167 9266
f 9167 9267 9266
f 9167 9168 9267
f 9168 9268 9267
f 9168 9169 9268
f 9169 9269 9268
f 9169 9170 9269
f 9170 9270 9269
f 9170 9171 9270
f 9171 9271 9270
f 9171 9172 9271
f 9172 9272 9271
f 9172 9173 9272
f 9173 9273 9272
f 9173 9174 9273
f 9174 9274 9273
f 9174 9175 9274
f 9175 9275 9274
f 9175 9176 9275
f 9176 9276 9275
f 9176 9177 9276
f 9177 9277 9276
f 9177 9178 9277
f 9178 9278 9277
f 9178 9179 9278
f 9179 9279 9278
f 9179 9180 9279
f 9180 9280 9279
f 9180 9181 9280
f 9181 9281 9280
f 9181 9182 9281
f 9182 9282 9281
f 9182 9183 9282
f 9183 9283 9282
f 9183 9184 9283
f 9184 9284 9283
f 9184 9185 9284
f 9185 9285 9284
f 9185 9186 9285
f 9186 9286 9285
f 9186 9187 9286
f 9187 9287 9286
f 9187 9188 9287
f 9188 9288 9287
f 9188 9189 9288
f 9189 9289 9288
f 9189 9190 9289
f 9190 9290 9289
f 9190 9191 9290
f 9191 9291 9290
f 9191 9192 9291
f 9192 9292 9291
f 9192 9193 9292
f 9193 9293 9292
f 9193 9194 9293
f 9194 9294 9293
f 9194 9195 9294
f 9195 9295 9294
f 9195 9196 9295
f 9196 9296 9295
f 9196 9197 9296
f 9197 9297 9296
f 9197 9198 9297
f 9198 9298 9297
f 9198 9199 9298
f 9199 9299 9298
f 9199 9200 9299
f 9200 9300 9299
f 9201 9202 9301
f 9202 9302 9301
f 9202 9203 9302
f 9203 9303 9302
f 9203 9204 9303
f 9204 9304 9303
f 9204 9205 9304
f 9205 9305 9304
f 9205 9206 9305
f 9206 9306 9305
f 9206 9207 9306
f 9207 9307 9306
f 9207 9208 9307
f 9208 9308 9307
f 9208 9209 9308
f 9209 9309 9308
f 9209 9210 9309
f 9210 9310 9309
f 9210 9211 9310
f 9211 9311 9310
f 9211 9212 9311
f 9212 9312 9311
f 9212 9213 9312
f 9213 9313 9312
f 9213 9214 9313
f 9214 9314 9313
f 9214 9215 9314
f 9215 9315 9314
f 9215 9216 9315
f 9216 9316 9315
f 9216 9217 9316
f 9217 9317 9316
f 9217 9218 9317
f 9218 9318 9317
f 9218 9219 9318
f 9219 9319 9318
f 9219 9220 9319
f 9220 9320 9319
f 9220 9221 9320
f 9221 9321 9320
f 9221 9222 9321
f 9222 9322 9321
f 9222 9223 9322
f 9223 9323 9322
f 9223 9224 9323
f 9224 9324 9323
f 9224 9225 9324
f 9225 9325 9324
f 9225 9226 9325
f 9226 9326 9325
f 9226 9227 9326
f 9227 9327 9326
f 9227 9228 9327
f 9228 9328 9327
f 9228 9229 9328
f 9229 9329 9328
f 9229 9230 9329
f 9230 9330 9329
f 9230 9231 9330
f 9231 9331 9330
f 9231 9232 9331
f 9232 9332 9331
f 9232 9233 9332
f 9233 9333 9332
f 9233 9234 9333
f 9234 9334 9333
f 9234 9235 9334
f 9235 9335 9334
f 9235 9236 9335
f 9236 9336 9335
f 9236 9237 9336
f 9237 9337 9336
f 9237 9238 9337
f 9238 9338 9337
f 9238 9239 9338
f 9239 9339 9338
f 9239 9240 9339
f 9240 9340 9339
f 9240 9241 9340
f 9241 9341 9340
f 9241 9242 9341
f 9242 9342 9341
f 9242 9243 9342
f 9243 9343 9342
f 9243 9244 9343
f 9244 9344 9343
f 9244 9245 9344
f 9245 9345 9344
f 9245 9246 9345
f 9246 9346 9345
f 9246 9247 9346
f 9247 9347 9346
f 9247 9248 9347
f 9248 9348 9347
f 9248 9249 9348
f 9249 9349 9348
f 9249 9250 9349
f 9250 9350 9349
f 9250 9251 9350
f 9251 9351 9350
f 9251 9252 9351
f 9252 9352 9351
f 9252 9253 9352
f 9253 9353 9352
f 9253 9254 9353
f 9254 9354 9353
f 9254 9255 9354
f 9255 9355 9354
f 9255 9256 9355
f 9256 9356 9355
f 9256 9257 9356
f 9257 9357 9356
f 9257 9258 9357
f 9258 9358 9357
f 9258 9259 9358
f 9259 9359 9358
f 9259 9260 9359
f 9260 9360 9359
f 9260 9261 9360
f 9261 9361 9360
f 9261 9262 9361
f 9262 9362 9361
f 9262 9263 9362
f 9263 9363 9362
f 9263 9264 9363
f 9264 9364 9363
f 9264 9265 9364
f 9265 9365 9364
f 9265 9266 9365
f 9266 9366 9365
f 9266 9267 9366
f 9267 9367 9366
f 9267 9268 9367
f 9268 9368 9367
f 9268 9269 9368
f 9269 9369 9368
f 9269 9270 9369
f 9270 9370 9369
f 9270 9271 9370
f 9271 9371 9370
f 9271 9272 9371
f 9272 9372 9371
f 9272 9273 9372
f 9273 9373 9372
f 9273 9274 9373
f 9274 9374 9373
f 9274 9275 9374
f 9275 9375 9374
f 9275 9276 9375
f 9276 9376 9375
f 9276 9277 9376
f 9277 9377 9376
f 9277 9278 9377
f 9278 9378 9377
f 9278 9279 9378
f 9279 9379 9378
f 9279 9280 9379
f 9280 9380 9379
f 9280 9281 9380
f 9281 9381 9380
f 9281 9282 9381
f 9282 9382 9381
f 9282 9283 9382
f 9283 9383 9382
f 9283 9284 9383
f 9284 9384 9383
f 9284 9285 9384
f 9285 9385 9384
f 9285 9286 9385
f 9286 9386 9385
f 9286 9287 9386
f 9287 9387 9386
f 9287 9288 9387
f 9288 9388 9387
f 9288 9289 9388
f 9289 9389 9388
f 9289 9290 9389
f 9290 9390 9389
f 9290 9291 9390
f 9291 9391 9390
f 9291 9292 9391
f 9292 9392 9391
f 9292 9293 9392
f 9293 9393 9392
f 9293 9294 9393
f 9294 9394 9393
f 9294 9295 9394
f 9295 9395 9394
f 9295 9296 9395
f 9296 9396 9395
f 9296 9297 9396
f 9297 9397 9396
f 9297 9298 9397
f 9298 9398 9397
f 9298 9299 9398
f 9299 9399 9398
f 9299 9300 9399
f 9300 9400 9399
f 9301 9302 9401
f 9302 9402 9401
f 9302 9303 9402
f 9303 9403 9402
f 9303 9304 9403
f 9304 9404 9403
f 9304 9305 9404
f 9305 9405 9404
f 9305 9306 9405
f 9306 9406 9405
f 9306 9307 9406
f 9307 9407 9406
f 9307 9308 9407
f 9308 9408 9407
f 9308 9309 9408
f 9309 9409 9408
f 9309 9310 9409
f 9310 9410 9409
f 9310 9311 9410
f 9311 9411 9410
f 9311 9312 9411
f 9312 9412 9411
f 9312 9313 9412
f 9313 9413 9412
f 9313 9314 9413
f 9314 9414 9413
f 9314 9315 9414
f 9315 9415 9414
f 9315 9316 9415
f 9316 9416 9415
f 9316 9317 9416
f 9317 9417 9416
f 9317 9318 9417
f 9318 9418 9417
f 9318 9319 9418
f 9319 9419 9418
f 9319 9320 9419
f 9320 9420 9419
f 9320 9321 9420
f 9321 9421 9420
f 9321 9322 9421
f 9322 9422 9421
f 9322 9323 9422
f 9323 9423 9422
f 9323 9324 9423
f 9324 9424 9423
f 9324 9325 9424
f 9325 9425 9424
f 9325 9326 9425
f 9326 9426 9425
f 9326 9327 9426
f 9327 9427 9426
f 9327 9328 9427
f 9328 9428 9427
f 9328 9329 9428
f 9329 9429 9428
f 9329 9330 9429
f 9330 9430 9429
f 9330 9331 9430
f 9331 9431 9430
f 9331 9332 9431
f 9332 9432 9431
f 9332 9333 9432
f 9333 9433 9432
f 9333 9334 9433
f 9334 9434 9433
f 9334 9335 9434
f 9335 9435 9434
f 9335 9336 9435
f 9336 9436 9435
f 9336 9337 9436
f 9337 9437 9436
f 9337 9338 9437
f 9338 9438 9437
f 9338 9339 9438
f 9339 9439 9438
f 9339 9340 9439
f 9340 9440 9439
f 9340 9341 9440
f 9341 9441 9440
f 9341 9342 9441
f 9342 9442 9441
f 9342 9343 9442
f 9343 9443 9442
f 9343 9344 9443
f 9344 9444 9443
f 9344 9345 9444
f 9345 9445 9444
f 9345 9346 9445
f 9346 9446 9445
f 9346 9347 9446
f 9347 9447 9446
f 9347 9348 9447
f 9348 9448 9447
f 9348 9349 9448
f 9349 9449 9448
f 9349 9350 9449
f 9350 9450 9449
f 9350 9351 9450
f 9351 9451 9450
f 9351 9352 9451
f 9352 9452 9451
f 9352 9353 9452
f 9353 9453 9452
f 9353 9354 9453
f 9354 9454 9453
f 9354 9355 9454
f 9355 9455 9454
f 9355 9356 9455
f 9356 9456 9455
f 9356 9357 9456
f 9357 9457 9456
f 9357 9358 9457
f 9358 9458 9457
f 9358 9359 9458
f 9359 9459 9458
f 9359 9360 9459
f 9360 9460 9459
f 9360 9361 9460
f 9361 9461 9460
f 9361 9362 9461
f 9362 9462 9461
f 9362 9363 9462
f 9363 9463 9462
f 9363 9364 9463
f 9364 9464 9463
f 9364 9365 9464
f 9365 9465 9464
f 9365 9366 9465
f 9366 9466 9465
f 9366 9367 9466
f 9367 9467 9466
f 9367 9368 9467
f 9368 9468 9467
f 9368 9369 9468
f 9369 9469 9468
f 9369 9370 9469
f 9370 9470 9469
f 9370 9371 9470
f 9371 9471 9470
f 9371 9372 9471
f 9372 9472 9471
f 9372 9373 9472
f 9373 9473 9472
f 9373 9374 9473
f 9374 9474 9473
f 9374 9375 9474
f 9375 9475 9474
f 9375 9376 9475
f 9376 9476 9475
f 9376 9377 9476
f 9377 9477 9476
f 9377 9378 9477
f 9378 9478 9477
f 9378 9379 9478
f 9379 9479 9478
f 9379 9380 9479
f 9380 9480 9479
f 9380 9381 9480
f 9381 9481 9480
f 9381 9382 9481
f 9382 9482 9481
f 9382 9383 9482
f 9383 9483 9482
f 9383 9384 9483
f 9384 9484 9483
f 9384 9385 9484
f 9385 9485 9484
f 9385 9386 9485
f 9386 9486 9485
f 9386 9387 9486
f 9387 9487 9486
f 9387 9388 9487
f 9388 9488 9487
f 9388 9389 9488
f 9389 9489 9488
f 9389 9390 9489
f 9390 9490 9489
f 9390 9391 9490
f 9391 9491 9490
f 9391 9392 9491
f 9392 9492 9491
f 9392 9393 9492
f 9393 9493 9492
f 9393 9394 9493
f 9394 9494 9493
f 9394 9395 9494
f 9395 9495 9494
f 9395 9396 9495
f 9396 9496 9495
f 9396 9397 9496
f 9397 9497 9496
f 9397 9398 9497
f 9398 9498 9497
f 9398 9399 9498
f 9399 9499 9498
f 9399 9400 9499
f 9400 9500 9499
f 9401 9402 9501
f 9402 9502 9501
f 9402 9403 9502
f 9403 9503 9502
f 9403 9404 9503
f 9404 9504 9503
f 9404 9405 9504
f 9405 9505 9504
f 9405 9406 9505
f 9406 9506 9505
f 9406 9407 9506
f 9407 9507 9506
f 9407 9408 9507
f 9408 9508 9507
f 9408 9409 9508
f 9409 9509 9508
f 9409 9410 9509
f 9410 9510 9509
f 9410 9411 9510
f 9411 9511 9510
f 9411 9412 9511
f 9412 9512 9511
f 9412 9413 9512
f 9413 9513 9512
f 9413 9414 9513
f 9414 9514 9513
f 9414 9415 9514
f 9415 9515 9514
f 9415 9416 9515
f 9416 9516 9515
f 9416 9417 9516
f 9417 9517 9516
f 9417 9418 9517
f 9418 9518 9517
f 9418 9419 9518
f 9419 9519 9518
f 9419 9420 9519
f 9420 9520 9519
f 9420 9421 9520
f 9421 9521 9520
f 9421 9422 9521
f 9422 9522 9521
f 9422 9423 9522
f 9423 9523 9522
f 9423 9424 9523
f 9424 9524 9523
f 9424 9425 9524
f 9425 9525 9524
f 9425 9426 9525
f 9426 9526 9525
f 9426 9427 9526
f 9427 9527 9526
f 9427 9428 9527
f 9428 9528 9527
f 9428 9429 9528
f 9429 9529 9528
f 9429 9430 9529
f 9430 9530 9529
f 9430 9431 9530
f 9431 9531 9530
f 9431 9432 9531
f 9432 9532 9531
f 9432 9433 9532
f 9433 9533 9532
f 9433 9434 9533
f 9434 9534 9533
f 9434 9435 9534
f 9435 9535 9534
f 9435 9436 9535
f 9436 9536 9535
f 9436 9437 9536
f 9437 9537 9536
f 9437 9438 9537
f 9438 9538 9537
f 9438 9439 9538
f 9439 9539 9538
f 9439 9440 9539
f 9440 9540 9539
f 9440 9441 9540
f 9441 9541 9540
f 9441 9442 9541
f 9442 9542 9541
f 9442 9443 9542
f 9443 9543 9542
f 9443 9444 9543
f 9444 9544 9543
f 9444 9445 9544
f 9445 9545 9544
f 9445 9446 9545
f 9446 9546 9545
f 9446 9447 9546
f 9447 9547 9546
f 9447 9448 9547
f 9448 9548 9547
f 9448 9449 9548
f 9449 9549 9548
f 9449 9450 9549
f 9450 9550 9549
f 9450 9451 9550
f 9451 9551 9550
f 9451 9452 9551
f 9452 9552 9551
f 9452 9453 9552
f 9453 9553 9552
f 9453 9454 9553
f 9454 9554 9553
f 9454 9455 9554
f 9455 9555 9554
f 9455 9456 9555
f 9456 9556 9555
f 9456 9457 9556
f 9457 9557 9556
f 9457 9458 9557
f 9458 9558 9557
f 9458 9459 9558
f 9459 9559 9558
f 9459 9460 9559
f 9460 9560 9559
f 9460 9461 9560
f 9461 9561 9560
f 9461 9462 9561
f 9462 9562 9561
f 9462 9463 9562
f 9463 9563 9562
f 9463 9464 9563
f 9464 9564 9563
f 9464 9465 9564
f 9465 9565 9564
f 9465 9466 9565
f 9466 9566 9565
f 9466 9467 9566
f 9467 9567 9566
f 9467 9468 9567
f 9468 9568 9567
f 9468 9469 9568
f 9469 9569 9568
f 9469 9470 9569
f 9470 9570 9569
f 9470 9471 9570
f 9471 9571 9570
f 9471 9472 9571
f 9472 9572 9571
f 9472 9473 9572
f 9473 9573 9572
f 9473 9474 9573
f 9474 9574 9573
f 9474 9475 9574
f 9475 9575 9574
f 9475 9476 9575
f 9476 9576 9575
f 9476 9477 9576
f 9477 9577 9576
f 9477 9478 9577
f 9478 9578 9577
f 9478 9479 9578
f 9479 9579 9578
f 9479 9480 9579
f 9480 9580 9579
f 9480 9481 9580
f 9481 9581 9580
f 9481 9482 9581
f 9482 9582 9581
f 9482 9483 9582
f 9483 9583 9582
f 9483 9484 9583
f 9484 9584 9583
f 9484 9485 9584
f 9485 9585 9584
f 9485 9486 9585
f 9486 9586 9585
f 9486 9487 9586
f 9487 9587 9586
f 9487 9488 9587
f 9488 9588 9587
f 9488 9489 9588
f 9489 9589 9588
f 9489 9490 9589
f 9490 9590 9589
f 9490 9491 9590
f 9491 9591 9590
f 9491 9492 9591
f 9492 9592 9591
f 9492 9493 9592
f 9493 9593 9592
f 9493 9494 9593
f 9494 9594 9593
f 9494 9495 9594
f 9495 9595 9594
f 9495 9496 9595
f 9496 9596 9595
f 9496 9497 9596
f 9497 9597 9596
f 9497 9498 9597
f 9498 9598 9597
f 9498 9499 9598
f 9499 9599 9598
f 9499 9500 9599
f 9500 9600 9599
f 9501 9502 9601
f 9502 9602 9601
f 9502 9503 9602
f 9503 9603 9602
f 9503 9504 9603
f 9504 9604 9603
f 9504 9505 9604
f 9505 9605 9604
f 9505 9506 9605
f 9506 9606 9605
f 9506 9507 9606
f 9507 9607 9606
f 9507 9508 9607
f 9508 9608 9607
f 9508 9509 9608
f 9509 9609 9608
f 9509 9510 9609
f 9510 9610 9609
f 9510 9511 9610
f 9511 9611 9610
f 9511 9512 9611
f 9512 9612 9611
f 9512 9513 9612
f 9513 9613 9612
f 9513 9514 9613
f 9514 9614 9613
f 9514 9515 9614
f 9515 9615 9614
f 9515 9516 9615
f 9516 9616 9615
f 9516 9517 9616
f 9517 9617 9616
f 9517 9518 9617
f 9518 9618 9617
f 9518 9519 9618
f 9519 9619 9618
f 9519 9520 9619
f 9520 9620 9619
f 9520 9521 9620
f 9521 9621 9620
f 9521 9522 9621
f 9522 9622 9621
f 9522 9523 9622
f 9523 9623 9622
f 9523 9524 9623
f 9524 9624 9623
f 9524 9525 9624
f 9525 9625 9624
f 9525 9526 9625
f 9526 9626 9625
f 9526 9527 9626
f 9527 9627 9626
f 9527 9528 9627
f 9528 9628 9627
f 9528 9529 9628
f 9529 9629 9628
f 9529 9530 9629
f 9530 9630 9629
f 9530 9531 9630
f 9531 9631 9630
f 9531 9532 9631
f 9532 9632 9631
f 9532 9533 9632
f 9533 9633 9632
f 9533 9534 9633
f 9534 9634 9633
f 9534 9535 9634
f 9535 9635 9634
f 9535 9536 9635
f 9536 9636 9635
f 9536 9537 9636
f 9537 9637 9636
f 9537 9538 9637
f 9538 9638 9637
f 9538 9539 9638
f 9539 9639 9638
f 9539 9540 9639
f 9540 9640 9639
f 9540 9541 9640
f 9541 9641 9640
f 9541 9542 9641
f 9542 9642 9641
f 9542 9543 9642
f 9543 9643 9642
f 9543 9544 9643
f 9544 9644 9643
f 9544 9545 9644
f 9545 9645 9644
f 9545 9546 9645
f 9546 9646 9645
f 9546 9547 9646
f 9547 9647 9646
f 9547 9548 9647
f 9548 9648 9647
f 9548 9549 9648
f 9549 9649 9648
f 9549 9550 9649
f 9550 9650 9649
f 9550 9551 9650
f 9551 9651 9650
f 9551 9552 9651
f 9552 9652 9651
f 9552 9553 9652
f 9553 9653 9652
f 9553 9554 9653
f 9554 9654 9653
f 9554 9555 9654
f 9555 9655 9654
f 9555 9556 9655
f 9556 9656 9655
f 9556 9557 9656
f 9557 9657 9656
f 9557 9558 9657
f 9558 9658 9657
f 9558 9559 9658
f 9559 9659 9658
f 9559 9560 9659
f 9560 9660 9659
f 9560 9561 9660
f 9561 9661 9660
f 9561 9562 9661
f 9562 9662 9661
f 9562 9563 9662
f 9563 9663 9662
f 9563 9564 9663
f 9564 9664 9663
f 9564 9565 9664
f 9565 9665 9664
f 9565 9566 9665
f 9566 9666 9665
f 9566 9567 9666
f 9567 9667 9666
f 9567 9568 9667
f 9568 9668 9667
f 9568 9569 9668
f 9569 9669 9668
f 9569 9570 9669
f 9570 9670 9669
f 9570 9571 9670
f 9571 9671 9670
f 9571 9572 9671
f 9572 9672 9671
f 9572 9573 9672
f 9573 9673 9672
f 9573 9574 9673
f 9574 9674 9673
f 9574 9575 9674
f 9575 9675 9674
f 9575 9576 9675
f 9576 9676 9675
f 9576 9577 9676
f 9577 9677 9676
f 9577 9578 9677
f 9578 9678 9677
f 9578 9579 9678
f 9579 9679 9678
f 9579 9580 9679
f 9580 9680 9679
f 9580 9581 9680
f 9581 9681 9680
f 9581 9582 9681
f 9582 9682 9681
f 9582 9583 9682
f 9583 9683 9682
f 9583 9584 9683
f 9584 9684 9683
f 9584 9585 9684
f 9585 9685 9684
f 9585 9586 9685
f 9586 9686 9685
f 9586 9587 9686
f 9587 9687 9686
f 9587 9588 9687
f 9588 9688 9687
f 9588 9589 9688
f 9589 9689 9688
f 9589 9590 9689
f 9590 9690 9689
f 9590 9591 9690
f 9591 9691 9690
f 9591 9592 9691
f 9592 9692 9691
f 9592 9593 9692
f 9593 9693 9692
f 9593 9594 9693
f 9594 9694 9693
f 9594 9595 9694
f 9595 9695 9694
f 9595 9596 9695
f 9596 9696 9695
f 9596 9597 9696
f 9597 9697 9696
f 9597 9598 9697
f 9598 9698 9697
f 9598 9599 9698
f 9599 9699 9698
f 9599 9600 9699
f 9600 9700 9699
f 9601 9602 9701
f 9602 9702 9701
f 9602 9603 9702
f 9603 9703 9702
f 9603 9604 9703
f 9604 9704 9703
f 9604 9605 9704
f 9605 9705 9704
f 9605 9606 9705
f 9606 9706 9705
f 9606 9607 9706
f 9607 9707 9706
f 9607 9608 9707
f 9608 9708 9707
f 9608 9609 9708
f 9609 9709 9708
f 9609 9610 9709
f 9610 9710 9709
f 9610 9611 9710
f 9611 9711 9710
f 9611 9612 9711
f 9612 9712 9711
f 9612 9613 9712
f 9613 9713 9712
f 9613 9614 9713
f 9614 9714 9713
f 9614 9615 9714
f 9615 9715 9714
f 9615 9616 9715
f 9616 9716 9715
f 9616 9617 9716
f 9617 9717 9716
f 9617 9618 9717
f 9618 9718 9717
f 9618 9619 9718
f 9619 9719 9718
f 9619 9620 9719
f 9620 9720 9719
f 9620 9621 9720
f 9621 9721 9720
f 9621 9622 9721
f 9622 9722 9721
f 9622 9623 9722
f 9623 9723 9722
f 9623 9624 9723
f 9624 9724 9723
f 9624 9625 9724
f 9625 9725 9724
f 9625 9626 9725
f 9626 9726 9725
f 9626 9627 9726
f 9627 9727 9726
f 9627 9628 9727
f 9628 9728 9727
f 9628 9629 9728
f 9629 9729 9728
f 9629 9630 9729
f 9630 9730 9729
f 9630 9631 9730
f 9631 9731 9730
f 9631 9632 9731
f 9632 9732 9731
f 9632 9633 9732
f 9633 9733 9732
f 9633 9634 9733
f 9634 9734 9733
f 9634 9635 9734
f 9635 9735 9734
f 9635 9636 9735
f 9636 9736 9735
f 9636 9637 9736
f 9637 9737 9736
f 9637 9638 9737
f 9638 9738 9737
f 9638 9639 9738
f 9639 9739 9738
f 9639 9640 9739
f 9640 9740 9739
f 9640 9641 9740
f 9641 9741 9740
f 9641 9642 9741
f 9642 9742 9741
f 9642 9643 9742
f 9643 9743 9742
f 9643 9644 9743
f 9644 9744 9743
f 9644 9645 9744
f 9645 9745 9744
f 9645 9646 9745
f 9646 9746 9745
f 9646 9647 9746
f 9647 9747 9746
f 9647 9648 9747
f 9648 9748 9747
f 9648 9649 9748
f 9649 9749 9748
f 9649 9650 9749
f 9650 9750 9749
f 9650 9651 9750
f 9651 9751 9750
f 9651 9652 9751
f 9652 9752 9751
f 9652 9653 9752
f 9653 9753 9752
f 9653 9654 9753
f 9654 9754 9753
f 9654 9655 9754
f 9655 9755 9754
f 9655 9656 9755
f 9656 9756 9755
f 9656 9657 9756
f 9657 9757 9756
f 9657 9658 9757
f 9658 9758 9757
f 9658 9659 9758
f 9659 9759 9758
f 9659 9660 9759
f 9660 9760 9759
f 9660 9661 9760
f 9661 9761 9760
f 9661 9662 9761
f 9662 9762 9761
f 9662 9663 9762
f 9663 9763 9762
f 9663 9664 9763
f 9664 9764 9763
f 9664 9665 9764
f 9665 9765 9764
f 9665 9666 9765
f 9666 9766 9765
f 9666 9667 9766
f 9667 9767 9766
f 9667 9668 9767
f 9668 9768 9767
f 9668 9669 9768
f 9669 9769 9768
f 9669 9670 9769
f 9670 9770 9769
f 9670 9671 9770
f 9671 9771 9770
f 9671 9672 9771
f 9672 9772 9771
f 9672 9673 9772
f 9673 9773 9772
f 9673 9674 9773
f 9674 9774 9773
f 9674 9675 9774
f 9675 9775 9774
f 9675 9676 9775
f 9676 9776 9775
f 9676 9677 9776
f 9677 9777 9776
f 9677 9678 9777
f 9678 9778 9777
f 9678 9679 9778
f 9679 9779 9778
f 9679 9680 9779
f 9680 9780 9779
f 9680 9681 9780
f 9681 9781 9780
f 9681 9682 9781
f 9682 9782 9781
f 9682 9683 9782
f 9683 9783 9782
f 9683 9684 9783
f 9684 9784 9783
f 9684 9685 9784
f 9685 9785 9784
f 9685 9686 9785
f 9686 9786 9785
f 9686 9687 9786
f 9687 9787 9786
f 9687 9688 9787
f 9688 9788 9787
f 9688 9689 9788
f 9689 9789 9788
f 9689 9690 9789
f 9690 9790 9789
f 9690 9691 9790
f 9691 9791 9790
f 9691 9692 9791
f 9692 9792 9791
f 9692 9693 9792
f 9693 9793 9792
f 9693 9694 9793
f 9694 9794 9793
f 9694 9695 9794
f 9695 9795 9794
f 9695 9696 9795
f 9696 9796 9795
f 9696 9697 9796
f 9697 9797 9796
f 9697 9698 9797
f 9698 9798 9797
f 9698 9699 9798
f 9699 9799 9798
f 9699 9700 9799
f 9700 9800 9799
f 9701 9702 9801
f 9702 9802 9801
f 9702 9703 9802
f 9703 9803 9802
f 9703 9704 9803
f 9704 9804 9803
f 9704 9705 9804
f 9705 9805 9804
f 9705 9706 9805
f 9706 9806 9805
f 9706 9707 9806
f 9707 9807 9806
f 9707 9708 9807
f 9708 9808 9807
f 9708 9709 9808
f 9709 9809 9808
f 9709 9710 9809
f 9710 9810 9809
f 9710 9711 9810
f 9711 9811 9810
f 9711 9712 9811
f 9712 9812 9811
f 9712 9713 9812
f 9713 9813 9812
f 9713 9714 9813
f 9714 9814 9813
f 9714 9715 9814
f 9715 9815 9814
f 9715 9716 9815
f 9716 9816 9815
f 9716 9717 9816
f 9717 9817 9816
f 9717 9718 9817
f 9718 9818 9817
f 9718 9719 9818
f 9719 9819 9818
f 9719 9720 9819
f 9720 9820 9819
f 9720 9721 9820
f 9721 9821 9820
f 9721 9722 9821
f 9722 9822 9821
f 9722 9723 9822
f 9723 9823 9822
f 9723 9724 9823
f 9724 9824 9823
f 9724 9725 9824
f 9725 9825 9824
f 9725 9726 9825
f 9726 9826 9825
f 9726 9727 9826
f 9727 9827 9826
f 9727 9728 9827
f 9728 9828 9827
f 9728 9729 9828
f 9729 9829 9828
f 9729 9730 9829
f 9730 9830 9829
f 9730 9731 9830
f 9731 9831 9830
f 9731 9732 9831
f 9732 9832 9831
f 9732 9733 9832
f 9733 9833 9832
f 9733 9734 9833
f 9734 9834 9833
f 9734 9735 9834
f 9735 9835 9834
f 9735 9736 9835
f 9736 9836 9835
f 9736 9737 9836
f 9737 9837 9836
f 9737 9738 9837
f 9738 9838 9837
f 9738 9739 9838
f 9739 9839 9838
f 9739 9740 9839
f 9740 9840 9839
f 9740 9741 9840
f 9741 9841 9840
f 9741 9742 9841
f 9742 9842 9841
f 9742 9743 9842
f 9743 9843 9842
f 9743 9744 9843
f 9744 9844 9843
f 9744 9745 9844
f 9745 9845 9844
f 9745 9746 9845
f 9746 9846 9845
f 9746 9747 9846
f 9747 9847 9846
f 9747 9748 9847
f 9748 9848 9847
f 9748 9749 9848
f 9749 9849 9848
f 9749 9750 9849
f 9750 9850 9849
f 9750 9751 9850
f 9751 9851 9850
f 9751 9752 9851
f 9752 9852 9851
f 9752 9753 9852
f 9753 9853 9852
f 9753 9754 9853
f 9754 9854 9853
f 9754 9755 9854
f 9755 9855 9854
f 9755 9756 9855
f 9756 9856 9855
f 9756 9757 9856
f 9757 9857 9856
f 9757 9758 9857
f 9758 9858 9857
f 9758 9759 9858
f 9759 9859 9858
f 9759 9760 9859
f 9760 9860 9859
f 9760 9761 9860
f 9761 9861 9860
f 9761 9762 9861
f 9762 9862 9861
f 9762 9763 9862
f 9763 9863 9862
f 9763 9764 9863
f 9764 9864 9863
f 9764 9765 9864
f 9765 9865 9864
f 9765 9766 9865
f 9766 9866 9865
f 9766 9767 9866
f 9767 9867 9866
f 9767 9768 9867
f 9768 9868 9867
f 9768 9769 9868
f 9769 9869 9868
f 9769 9770 9869
f 9770 9870 9869
f 9770 9771 9870
f 9771 9871 9870
f 9771 9772 9871
f 9772 9872 9871
f 9772 9773 9872
f 9773 9873 9872
f 9773 9774 9873
f 9774 9874 9873
f 9774 9775 9874
f 9775 9875 9874
f 9775 9776 9875
f 9776 9876 9875
f 9776 9777 9876
f 9777 9877 9876
f 9777 9778 9877
f 9778 9878 9877
f 9778 9779 9878
f 9779 9879 9878
f 9779 9780 9879
f 9780 9880 9879
f 9780 9781 9880
f 9781 9881 9880
f 9781 9782 9881
f 9782 9882 9881
f 9782 9783 9882
f 9783 9883 9882
f 9783 9784 9883
f 9784 9884 9883
f 9784 9785 9884
f 9785 9885 9884
f 9785 9786 9885
f 9786 9886 9885
f 9786 9787 9886
f 9787 9887 9886
f 9787 9788 9887
f 9788 9888 9887
f 9788 9789 9888
f 9789 9889 9888
f 9789 9790 9889
f 9790 9890 9889
f 9790 9791 9890
f 9791 9891 9890
f 9791 9792 9891
f 9792 9892 9891
f 9792 9793 9892
f 9793 9893 9892
f 9793 9794 9893
f 9794 9894 9893
f 9794 9795 9894
f 9795 9895 9894
f 9795 9796 9895
f 9796 9896 9895
f 9796 9797 9896
f 9797 9897 9896
f 9797 9798 9897
f 9798 9898 9897
f 9798 9799 9898
f 9799 9899 9898
f 9799 9800 9899
f 9800 9900 9899
f 9801 9802 9901
f 9802 9902 9901
f 9802 9803 9902
f 9803 9903 9902
f 9803 9804 9903
f 9804 9904 9903
f 9804 9805 9904
f 9805 9905 9904
f 9805 9806 9905
f 9806 9906 9905
f 9806 9807 9906
f 9807 9907 9906
f 9807 9808 9907
f 9808 9908 9907
f 9808 9809 9908
f 9809 9909 9908
f 9809 9810 9909
f 9810 9910 9909
f 9810 9811 9910
f 9811 9911 9910
f 9811 9812 9911
f 9812 9912 9911
f 9812 9813 9912
f 9813 9913 9912
f 9813 9814 9913
f 9814 9914 9913
f 9814 9815 9914
f 9815 9915 9914
f 9815 9816 9915
f 9816 9916 9915
f 9816 9817 9916
f 9817 9917 9916
f 9817 9818 9917
f 9818 9918 9917
f 9818 9819 9918
f 9819 9919 9918
f 9819 9820 9919
f 9820 9920 9919
f 9820 9821 9920
f 9821 9921 9920
f 9821 9822 9921
f 9822 9922 9921
f 9822 9823 9922
f 9823 9923 9922
f 9823 9824 9923
f 9824 9924 9923
f 9824 9825 9924
f 9825 9925 9924
f 9825 9826 9925
f 9826 9926 9925
f 9826 9827 9926
f 9827 9927 9926
f 9827 9828 9927
f 9828 9928 9927
f 9828 9829 9928
f 9829 9929 9928
f 9829 9830 9929
f 9830 9930 9929
f 9830 9831 9930
f 9831 9931 9930
f 9831 9832 9931
f 9832 9932 9931
f 9832 9833 9932
f 9833 9933 9932
f 9833 9834 9933
f 9834 9934 9933
f 9834 9835 9934
f 9835 9935 9934
f 9835 9836 9935
f 9836 9936 9935
f 9836 9837 9936
f 9837 9937 9936
f 9837 9838 9937
f 9838 9938 9937
f 9838 9839 9938
f 9839 9939 9938
f 9839 9840 9939
f 9840 9940 9939
f 9840 9841 9940
f 9841 9941 9940
f 9841 9842 9941
f 9842 9942 9941
f 9842 9843 9942
f 9843 9943 9942
f 9843 9844 9943
f 9844 9944 9943
f 9844 9845 9944
f 9845 9945 9944
f 9845 9846 9945
f 9846 9946 9945
f 9846 9847 9946
f 9847 9947 9946
f 9847 9848 9947
f 9848 9948 9947
f 9848 9849 9948
f 9849 9949 9948
f 9849 9850 9949
f 9850 9950 9949
f 9850 9851 9950
f 9851 9951 9950
f 9851 9852 9951
f 9852 9952 9951
f 9852 9853 9952
f 9853 9953 9952
f 9853 9854 9953
f 9854 9954 9953
f 9854 9855 9954
f 9855 9955 9954
f 9855 9856 9955
f 9856 9956 9955
f 9856 9857 9956
f 9857 9957 9956
f 9857 9858 9957
f 9858 9958 9957
f 9858 9859 9958
f 9859 9959 9958
f 9859 9860 9959
f 9860 9960 9959
f 9860 9861 9960
f 9861 9961 9960
f 9861 9862 9961
f 9862 9962 9961
f 9862 9863 9962
f 9863 9963 9962
f 9863 9864 9963
f 9864 9964 9963
f 9864 9865 9964
f 9865 9965 9964
f 9865 9866 9965
f 9866 9966 9965
f 9866 9867 9966
f 9867 9967 9966
f 9867 9868 9967
f 9868 9968 9967
f 9868 9869 9968
f 9869 9969 9968
f 9869 9870 9969
f 9870 9970 9969
f 9870 9871 9970
f 9871 9971 9970
f 9871 9872 9971
f 9872 9972 9971
f 9872 9873 9972
f 9873 9973 9972
f 9873 9874 9973
f 9874 9974 9973
f 9874 9875 9974
f 9875 9975 9974
f 9875 9876 9975
f 9876 9976 9975
f 9876 9877 9976
f 9877 9977 9976
f 9877 9878 9977
f 9878 9978 9977
f 9878 9879 9978
f 9879 9979 9978
f 9879 9880 9979
f 9880 9980 9979
f 9880 9881 9980
f 9881 9981 9980
f 9881 9882 9981
f 9882 9982 9981
f 9882 9883 9982
f 9883 9983 9982
f 9883 9884 9983
f 9884 9984 9983
f 9884 9885 9984
f 9885 9985 9984
f 9885 9886 9985
f 9886 9986 9985
f 9886 9887 9986
f 9887 9987 9986
f 9887 9888 9987
f 9888 9988 9987
f 9888 9889 9988
f 9889 9989 9988
f 9889 9890 9989
f 9890 9990 9989
f 9890 9891 9990
f 9891 9991 9990
f 9891 9892 9991
f 9892 9992 9991
f 9892 9893 9992
f 9893 9993 9992
f 9893 9894 9993
f 9894 9994 9993
f 9894 9895 9994
f 9895 9995 9994
f 9895 9896 9995
f 9896 9996 9995
f 9896 9897 9996
f 9897 9997 9996
f 9897 9898 9997
f 9898 9998 9997
f 9898 9899 9998
f 9899 9999 9998
f 9899 9900 9999
f 9900 10000 9999
