# Terrain mesh: mountain
# Size: 100x100 vertices, resolution: 0.2m
v 0.000000 0.000000 0.001632
v 0.200000 0.000000 0.006138
v 0.400000 0.000000 0.013465
v 0.600000 0.000000 0.021490
v 0.800000 0.000000 0.037220
v 1.000000 0.000000 0.061179
v 1.200000 0.000000 0.079697
v 1.400000 0.000000 0.087315
v 1.600000 0.000000 0.094591
v 1.800000 0.000000 0.128544
v 2.000000 0.000000 0.170054
v 2.200000 0.000000 0.186377
v 2.400000 0.000000 0.209972
v 2.600000 0.000000 0.217399
v 2.800000 0.000000 0.224831
v 3.000000 0.000000 0.226223
v 3.200000 0.000000 0.256114
v 3.400000 0.000000 0.293810
v 3.600000 0.000000 0.337680
v 3.800000 0.000000 0.369603
v 4.000000 0.000000 0.348081
v 4.200000 0.000000 0.341609
v 4.400000 0.000000 0.366485
v 4.600000 0.000000 0.396230
v 4.800000 0.000000 0.415519
v 5.000000 0.000000 0.425799
v 5.200000 0.000000 0.426035
v 5.400000 0.000000 0.431244
v 5.600000 0.000000 0.436863
v 5.800000 0.000000 0.408469
v 6.000000 0.000000 0.397308
v 6.200000 0.000000 0.402364
v 6.400000 0.000000 0.434314
v 6.600000 0.000000 0.465938
v 6.800000 0.000000 0.481457
v 7.000000 0.000000 0.507458
v 7.200000 0.000000 0.543076
v 7.400000 0.000000 0.568804
v 7.600000 0.000000 0.580400
v 7.800000 0.000000 0.549995
v 8.000000 0.000000 0.521613
v 8.200000 0.000000 0.516028
v 8.400000 0.000000 0.539029
v 8.600000 0.000000 0.568032
v 8.800000 0.000000 0.602318
v 9.000000 0.000000 0.644105
v 9.200000 0.000000 0.701659
v 9.400000 0.000000 0.752775
v 9.600000 0.000000 0.774736
v 9.800000 0.000000 0.755856
v 10.000000 0.000000 0.758633
v 10.200000 0.000000 0.791165
v 10.400000 0.000000 0.797470
v 10.600000 0.000000 0.780103
v 10.800000 0.000000 0.788218
v 11.000000 0.000000 0.799509
v 11.200000 0.000000 0.790035
v 11.400000 0.000000 0.722227
v 11.600000 0.000000 0.652806
v 11.800000 0.000000 0.592881
v 12.000000 0.000000 0.571656
v 12.200000 0.000000 0.592739
v 12.400000 0.000000 0.622019
v 12.600000 0.000000 0.644531
v 12.800000 0.000000 0.679457
v 13.000000 0.000000 0.699499
v 13.200000 0.000000 0.697054
v 13.400000 0.000000 0.709642
v 13.600000 0.000000 0.734628
v 13.800000 0.000000 0.756239
v 14.000000 0.000000 0.794829
v 14.200000 0.000000 0.841687
v 14.400000 0.000000 0.898571
v 14.600000 0.000000 0.908710
v 14.800000 0.000000 0.911903
v 15.000000 0.000000 0.918585
v 15.200000 0.000000 0.902240
v 15.400000 0.000000 0.895986
v 15.600000 0.000000 0.846710
v 15.800000 0.000000 0.809441
v 16.000000 0.000000 0.805771
v 16.200000 0.000000 0.801350
v 16.400000 0.000000 0.825324
v 16.600000 0.000000 0.862717
v 16.800000 0.000000 0.883056
v 17.000000 0.000000 0.874156
v 17.200000 0.000000 0.896416
v 17.400000 0.000000 0.912320
v 17.600000 0.000000 0.874499
v 17.800000 0.000000 0.883527
v 18.000000 0.000000 0.948289
v 18.200000 0.000000 0.988854
v 18.400000 0.000000 0.998142
v 18.600000 0.000000 1.006135
v 18.800000 0.000000 1.001461
v 19.000000 0.000000 1.001428
v 19.200000 0.000000 1.009267
v 19.400000 0.000000 0.994626
v 19.600000 0.000000 0.968786
v 19.800000 0.000000 0.967663
v 0.000000 0.200000 0.126540
v 0.200000 0.200000 0.088903
v 0.400000 0.200000 0.054473
v 0.600000 0.200000 0.066795
v 0.800000 0.200000 0.088336
v 1.000000 0.200000 0.111580
v 1.200000 0.200000 0.129729
v 1.400000 0.200000 0.137224
v 1.600000 0.200000 0.141572
v 1.800000 0.200000 0.164550
v 2.000000 0.200000 0.207715
v 2.200000 0.200000 0.224116
v 2.400000 0.200000 0.232245
v 2.600000 0.200000 0.242088
v 2.800000 0.200000 0.261237
v 3.000000 0.200000 0.269410
v 3.200000 0.200000 0.294306
v 3.400000 0.200000 0.317797
v 3.600000 0.200000 0.357950
v 3.800000 0.200000 0.390510
v 4.000000 0.200000 0.379517
v 4.200000 0.200000 0.383017
v 4.400000 0.200000 0.394712
v 4.600000 0.200000 0.416311
v 4.800000 0.200000 0.432958
v 5.000000 0.200000 0.442337
v 5.200000 0.200000 0.443089
v 5.400000 0.200000 0.447291
v 5.600000 0.200000 0.461502
v 5.800000 0.200000 0.452953
v 6.000000 0.200000 0.450391
v 6.200000 0.200000 0.460327
v 6.400000 0.200000 0.476645
v 6.600000 0.200000 0.495590
v 6.800000 0.200000 0.505879
v 7.000000 0.200000 0.533683
v 7.200000 0.200000 0.564374
v 7.400000 0.200000 0.585833
v 7.600000 0.200000 0.602766
v 7.800000 0.200000 0.584738
v 8.000000 0.200000 0.556121
v 8.200000 0.200000 0.554650
v 8.400000 0.200000 0.572683
v 8.600000 0.200000 0.593230
v 8.800000 0.200000 0.622837
v 9.000000 0.200000 0.660414
v 9.200000 0.200000 0.722127
v 9.400000 0.200000 0.775745
v 9.600000 0.200000 0.798362
v 9.800000 0.200000 0.787080
v 10.000000 0.200000 0.790004
v 10.200000 0.200000 0.813178
v 10.400000 0.200000 0.822363
v 10.600000 0.200000 0.795581
v 10.800000 0.200000 0.778628
v 11.000000 0.200000 0.788299
v 11.200000 0.200000 0.784733
v 11.400000 0.200000 0.735608
v 11.600000 0.200000 0.679282
v 11.800000 0.200000 0.630409
v 12.000000 0.200000 0.623046
v 12.200000 0.200000 0.645160
v 12.400000 0.200000 0.666073
v 12.600000 0.200000 0.681483
v 12.800000 0.200000 0.713329
v 13.000000 0.200000 0.742085
v 13.200000 0.200000 0.753758
v 13.400000 0.200000 0.764755
v 13.600000 0.200000 0.777978
v 13.800000 0.200000 0.819635
v 14.000000 0.200000 0.872739
v 14.200000 0.200000 0.889655
v 14.400000 0.200000 0.920921
v 14.600000 0.200000 0.937584
v 14.800000 0.200000 0.952203
v 15.000000 0.200000 0.957564
v 15.200000 0.200000 0.940566
v 15.400000 0.200000 0.933072
v 15.600000 0.200000 0.892240
v 15.800000 0.200000 0.865026
v 16.000000 0.200000 0.873395
v 16.200000 0.200000 0.858192
v 16.400000 0.200000 0.839349
v 16.600000 0.200000 0.858936
v 16.800000 0.200000 0.869835
v 17.000000 0.200000 0.870174
v 17.200000 0.200000 0.897047
v 17.400000 0.200000 0.915904
v 17.600000 0.200000 0.909187
v 17.800000 0.200000 0.919157
v 18.000000 0.200000 0.961132
v 18.200000 0.200000 0.987803
v 18.400000 0.200000 1.022847
v 18.600000 0.200000 1.047934
v 18.800000 0.200000 1.021948
v 19.000000 0.200000 1.009366
v 19.200000 0.200000 1.022706
v 19.400000 0.200000 1.025048
v 19.600000 0.200000 0.998140
v 19.800000 0.200000 0.979145
v 0.000000 0.400000 0.327472
v 0.200000 0.400000 0.248261
v 0.400000 0.400000 0.151516
v 0.600000 0.400000 0.139322
v 0.800000 0.400000 0.158862
v 1.000000 0.400000 0.181452
v 1.200000 0.400000 0.202305
v 1.400000 0.400000 0.211706
v 1.600000 0.400000 0.215898
v 1.800000 0.400000 0.242437
v 2.000000 0.400000 0.285604
v 2.200000 0.400000 0.297081
v 2.400000 0.400000 0.290450
v 2.600000 0.400000 0.302003
v 2.800000 0.400000 0.329893
v 3.000000 0.400000 0.340856
v 3.200000 0.400000 0.361918
v 3.400000 0.400000 0.376684
v 3.600000 0.400000 0.403950
v 3.800000 0.400000 0.435221
v 4.000000 0.400000 0.442959
v 4.200000 0.400000 0.452512
v 4.400000 0.400000 0.442135
v 4.600000 0.400000 0.446806
v 4.800000 0.400000 0.458051
v 5.000000 0.400000 0.467222
v 5.200000 0.400000 0.467601
v 5.400000 0.400000 0.475990
v 5.600000 0.400000 0.505275
v 5.800000 0.400000 0.516066
v 6.000000 0.400000 0.523020
v 6.200000 0.400000 0.537176
v 6.400000 0.400000 0.541466
v 6.600000 0.400000 0.542664
v 6.800000 0.400000 0.541454
v 7.000000 0.400000 0.567228
v 7.200000 0.400000 0.590422
v 7.400000 0.400000 0.607255
v 7.600000 0.400000 0.632791
v 7.800000 0.400000 0.633305
v 8.000000 0.400000 0.613578
v 8.200000 0.400000 0.622882
v 8.400000 0.400000 0.639605
v 8.600000 0.400000 0.646405
v 8.800000 0.400000 0.663845
v 9.000000 0.400000 0.690968
v 9.200000 0.400000 0.748656
v 9.400000 0.400000 0.803602
v 9.600000 0.400000 0.828124
v 9.800000 0.400000 0.824636
v 10.000000 0.400000 0.827488
v 10.200000 0.400000 0.839691
v 10.400000 0.400000 0.847221
v 10.600000 0.400000 0.810719
v 10.800000 0.400000 0.779589
v 11.000000 0.400000 0.784696
v 11.200000 0.400000 0.788265
v 11.400000 0.400000 0.765892
v 11.600000 0.400000 0.732531
v 11.800000 0.400000 0.700974
v 12.000000 0.400000 0.700419
v 12.200000 0.400000 0.734540
v 12.400000 0.400000 0.761670
v 12.600000 0.400000 0.766556
v 12.800000 0.400000 0.784127
v 13.000000 0.400000 0.807824
v 13.200000 0.400000 0.825601
v 13.400000 0.400000 0.832310
v 13.600000 0.400000 0.839141
v 13.800000 0.400000 0.893298
v 14.000000 0.400000 0.960166
v 14.200000 0.400000 0.955553
v 14.400000 0.400000 0.955380
v 14.600000 0.400000 0.976163
v 14.800000 0.400000 1.002156
v 15.000000 0.400000 1.010482
v 15.200000 0.400000 0.999064
v 15.400000 0.400000 0.993017
v 15.600000 0.400000 0.958667
v 15.800000 0.400000 0.932544
v 16.000000 0.400000 0.951949
v 16.200000 0.400000 0.930131
v 16.400000 0.400000 0.875115
v 16.600000 0.400000 0.880952
v 16.800000 0.400000 0.879694
v 17.000000 0.400000 0.881204
v 17.200000 0.400000 0.913509
v 17.400000 0.400000 0.932937
v 17.600000 0.400000 0.946576
v 17.800000 0.400000 0.957965
v 18.000000 0.400000 0.976418
v 18.200000 0.400000 0.998375
v 18.400000 0.400000 1.057576
v 18.600000 0.400000 1.094688
v 18.800000 0.400000 1.051884
v 19.000000 0.400000 1.025823
v 19.200000 0.400000 1.044341
v 19.400000 0.400000 1.054736
v 19.600000 0.400000 1.034165
v 19.800000 0.400000 1.017572
v 0.000000 0.600000 0.493424
v 0.200000 0.600000 0.419891
v 0.400000 0.600000 0.299664
v 0.600000 0.600000 0.226717
v 0.800000 0.600000 0.210141
v 1.000000 0.600000 0.226316
v 1.200000 0.600000 0.246024
v 1.400000 0.600000 0.250975
v 1.600000 0.600000 0.252571
v 1.800000 0.600000 0.304329
v 2.000000 0.600000 0.336175
v 2.200000 0.600000 0.355016
v 2.400000 0.600000 0.385266
v 2.600000 0.600000 0.391676
v 2.800000 0.600000 0.391780
v 3.000000 0.600000 0.403107
v 3.200000 0.600000 0.431064
v 3.400000 0.600000 0.453510
v 3.600000 0.600000 0.443172
v 3.800000 0.600000 0.466403
v 4.000000 0.600000 0.496930
v 4.200000 0.600000 0.501580
v 4.400000 0.600000 0.500717
v 4.600000 0.600000 0.498817
v 4.800000 0.600000 0.490227
v 5.000000 0.600000 0.495268
v 5.200000 0.600000 0.510461
v 5.400000 0.600000 0.534525
v 5.600000 0.600000 0.551628
v 5.800000 0.600000 0.563218
v 6.000000 0.600000 0.569404
v 6.200000 0.600000 0.579297
v 6.400000 0.600000 0.594021
v 6.600000 0.600000 0.590161
v 6.800000 0.600000 0.562744
v 7.000000 0.600000 0.572378
v 7.200000 0.600000 0.592600
v 7.400000 0.600000 0.618743
v 7.600000 0.600000 0.649127
v 7.800000 0.600000 0.664630
v 8.000000 0.600000 0.657385
v 8.200000 0.600000 0.671664
v 8.400000 0.600000 0.697099
v 8.600000 0.600000 0.716719
v 8.800000 0.600000 0.719313
v 9.000000 0.600000 0.723749
v 9.200000 0.600000 0.758430
v 9.400000 0.600000 0.807570
v 9.600000 0.600000 0.842439
v 9.800000 0.600000 0.862847
v 10.000000 0.600000 0.869187
v 10.200000 0.600000 0.869125
v 10.400000 0.600000 0.873242
v 10.600000 0.600000 0.840591
v 10.800000 0.600000 0.810194
v 11.000000 0.600000 0.810879
v 11.200000 0.600000 0.819961
v 11.400000 0.600000 0.819251
v 11.600000 0.600000 0.811667
v 11.800000 0.600000 0.799207
v 12.000000 0.600000 0.781435
v 12.200000 0.600000 0.812889
v 12.400000 0.600000 0.849166
v 12.600000 0.600000 0.855053
v 12.800000 0.600000 0.864083
v 13.000000 0.600000 0.877547
v 13.200000 0.600000 0.909320
v 13.400000 0.600000 0.909046
v 13.600000 0.600000 0.908386
v 13.800000 0.600000 0.951401
v 14.000000 0.600000 1.013184
v 14.200000 0.600000 1.017661
v 14.400000 0.600000 1.012862
v 14.600000 0.600000 1.027596
v 14.800000 0.600000 1.049655
v 15.000000 0.600000 1.066345
v 15.200000 0.600000 1.068078
v 15.400000 0.600000 1.066828
v 15.600000 0.600000 1.052051
v 15.800000 0.600000 1.008485
v 16.000000 0.600000 1.002351
v 16.200000 0.600000 0.989555
v 16.400000 0.600000 0.972451
v 16.600000 0.600000 0.986651
v 16.800000 0.600000 0.975257
v 17.000000 0.600000 0.968280
v 17.200000 0.600000 0.964928
v 17.400000 0.600000 0.965754
v 17.600000 0.600000 0.976208
v 17.800000 0.600000 0.984163
v 18.000000 0.600000 0.996379
v 18.200000 0.600000 1.033536
v 18.400000 0.600000 1.071153
v 18.600000 0.600000 1.090029
v 18.800000 0.600000 1.070971
v 19.000000 0.600000 1.051078
v 19.200000 0.600000 1.065588
v 19.400000 0.600000 1.060902
v 19.600000 0.600000 1.051936
v 19.800000 0.600000 1.063857
v 0.000000 0.800000 0.614665
v 0.200000 0.800000 0.565474
v 0.400000 0.800000 0.450600
v 0.600000 0.800000 0.338169
v 0.800000 0.800000 0.274866
v 1.000000 0.800000 0.269311
v 1.200000 0.800000 0.282188
v 1.400000 0.800000 0.285259
v 1.600000 0.800000 0.284225
v 1.800000 0.800000 0.318989
v 2.000000 0.800000 0.340610
v 2.200000 0.800000 0.380951
v 2.400000 0.800000 0.454695
v 2.600000 0.800000 0.465915
v 2.800000 0.800000 0.452011
v 3.000000 0.800000 0.466020
v 3.200000 0.800000 0.495256
v 3.400000 0.800000 0.511138
v 3.600000 0.800000 0.485169
v 3.800000 0.800000 0.501852
v 4.000000 0.800000 0.527244
v 4.200000 0.800000 0.540828
v 4.400000 0.800000 0.572037
v 4.600000 0.800000 0.579974
v 4.800000 0.800000 0.545191
v 5.000000 0.800000 0.539781
v 5.200000 0.800000 0.578783
v 5.400000 0.800000 0.611578
v 5.600000 0.800000 0.603032
v 5.800000 0.800000 0.599914
v 6.000000 0.800000 0.600975
v 6.200000 0.800000 0.605921
v 6.400000 0.800000 0.624333
v 6.600000 0.800000 0.633604
v 6.800000 0.800000 0.608078
v 7.000000 0.800000 0.601687
v 7.200000 0.800000 0.612148
v 7.400000 0.800000 0.629838
v 7.600000 0.800000 0.667825
v 7.800000 0.800000 0.705661
v 8.000000 0.800000 0.716600
v 8.200000 0.800000 0.735807
v 8.400000 0.800000 0.766913
v 8.600000 0.800000 0.786684
v 8.800000 0.800000 0.777544
v 9.000000 0.800000 0.759923
v 9.200000 0.800000 0.780823
v 9.400000 0.800000 0.816019
v 9.600000 0.800000 0.846307
v 9.800000 0.800000 0.882653
v 10.000000 0.800000 0.891146
v 10.200000 0.800000 0.883470
v 10.400000 0.800000 0.889541
v 10.600000 0.800000 0.868022
v 10.800000 0.800000 0.847917
v 11.000000 0.800000 0.846135
v 11.200000 0.800000 0.859429
v 11.400000 0.800000 0.875773
v 11.600000 0.800000 0.875703
v 11.800000 0.800000 0.867197
v 12.000000 0.800000 0.862370
v 12.200000 0.800000 0.877360
v 12.400000 0.800000 0.902970
v 12.600000 0.800000 0.921153
v 12.800000 0.800000 0.941472
v 13.000000 0.800000 0.967315
v 13.200000 0.800000 0.998905
v 13.400000 0.800000 0.983258
v 13.600000 0.800000 0.977677
v 13.800000 0.800000 1.016285
v 14.000000 0.800000 1.074849
v 14.200000 0.800000 1.091773
v 14.400000 0.800000 1.076886
v 14.600000 0.800000 1.081497
v 14.800000 0.800000 1.087492
v 15.000000 0.800000 1.108068
v 15.200000 0.800000 1.118166
v 15.400000 0.800000 1.128570
v 15.600000 0.800000 1.148249
v 15.800000 0.800000 1.103452
v 16.000000 0.800000 1.048915
v 16.200000 0.800000 1.041963
v 16.400000 0.800000 1.072530
v 16.600000 0.800000 1.086992
v 16.800000 0.800000 1.061003
v 17.000000 0.800000 1.042140
v 17.200000 0.800000 1.017793
v 17.400000 0.800000 1.011717
v 17.600000 0.800000 1.038581
v 17.800000 0.800000 1.038089
v 18.000000 0.800000 1.036586
v 18.200000 0.800000 1.063149
v 18.400000 0.800000 1.075726
v 18.600000 0.800000 1.083932
v 18.800000 0.800000 1.092241
v 19.000000 0.800000 1.084250
v 19.200000 0.800000 1.095457
v 19.400000 0.800000 1.080369
v 19.600000 0.800000 1.073262
v 19.800000 0.800000 1.083190
v 0.000000 1.000000 0.691197
v 0.200000 1.000000 0.670584
v 0.400000 1.000000 0.580963
v 0.600000 1.000000 0.458907
v 0.800000 1.000000 0.367549
v 1.000000 1.000000 0.328130
v 1.200000 1.000000 0.316136
v 1.400000 1.000000 0.313846
v 1.600000 1.000000 0.315138
v 1.800000 1.000000 0.346540
v 2.000000 1.000000 0.375559
v 2.200000 1.000000 0.412381
v 2.400000 1.000000 0.469391
v 2.600000 1.000000 0.481693
v 2.800000 1.000000 0.468315
v 3.000000 1.000000 0.478392
v 3.200000 1.000000 0.505722
v 3.400000 1.000000 0.538256
v 3.600000 1.000000 0.545674
v 3.800000 1.000000 0.567223
v 4.000000 1.000000 0.586239
v 4.200000 1.000000 0.596680
v 4.400000 1.000000 0.619806
v 4.600000 1.000000 0.633768
v 4.800000 1.000000 0.606619
v 5.000000 1.000000 0.602386
v 5.200000 1.000000 0.625075
v 5.400000 1.000000 0.637329
v 5.600000 1.000000 0.633061
v 5.800000 1.000000 0.637131
v 6.000000 1.000000 0.645850
v 6.200000 1.000000 0.655529
v 6.400000 1.000000 0.676599
v 6.600000 1.000000 0.697282
v 6.800000 1.000000 0.683628
v 7.000000 1.000000 0.665603
v 7.200000 1.000000 0.653314
v 7.400000 1.000000 0.651997
v 7.600000 1.000000 0.694219
v 7.800000 1.000000 0.747783
v 8.000000 1.000000 0.776297
v 8.200000 1.000000 0.795294
v 8.400000 1.000000 0.812456
v 8.600000 1.000000 0.813835
v 8.800000 1.000000 0.812968
v 9.000000 1.000000 0.811834
v 9.200000 1.000000 0.828963
v 9.400000 1.000000 0.858890
v 9.600000 1.000000 0.881803
v 9.800000 1.000000 0.912127
v 10.000000 1.000000 0.918478
v 10.200000 1.000000 0.904929
v 10.400000 1.000000 0.911184
v 10.600000 1.000000 0.907121
v 10.800000 1.000000 0.903187
v 11.000000 1.000000 0.906437
v 11.200000 1.000000 0.919728
v 11.400000 1.000000 0.934841
v 11.600000 1.000000 0.937258
v 11.800000 1.000000 0.940283
v 12.000000 1.000000 0.947436
v 12.200000 1.000000 0.958434
v 12.400000 1.000000 0.980300
v 12.600000 1.000000 0.995023
v 12.800000 1.000000 1.015287
v 13.000000 1.000000 1.039800
v 13.200000 1.000000 1.055407
v 13.400000 1.000000 1.029099
v 13.600000 1.000000 1.021736
v 13.800000 1.000000 1.060978
v 14.000000 1.000000 1.123206
v 14.200000 1.000000 1.151943
v 14.400000 1.000000 1.142287
v 14.600000 1.000000 1.150660
v 14.800000 1.000000 1.155960
v 15.000000 1.000000 1.176289
v 15.200000 1.000000 1.184913
v 15.400000 1.000000 1.188484
v 15.600000 1.000000 1.201813
v 15.800000 1.000000 1.166906
v 16.000000 1.000000 1.116311
v 16.200000 1.000000 1.111029
v 16.400000 1.000000 1.146173
v 16.600000 1.000000 1.154207
v 16.800000 1.000000 1.121751
v 17.000000 1.000000 1.104134
v 17.200000 1.000000 1.089189
v 17.400000 1.000000 1.080370
v 17.600000 1.000000 1.092098
v 17.800000 1.000000 1.075849
v 18.000000 1.000000 1.071407
v 18.200000 1.000000 1.087971
v 18.400000 1.000000 1.083652
v 18.600000 1.000000 1.085320
v 18.800000 1.000000 1.115394
v 19.000000 1.000000 1.124717
v 19.200000 1.000000 1.122767
v 19.400000 1.000000 1.099331
v 19.600000 1.000000 1.089510
v 19.800000 1.000000 1.090188
v 0.000000 1.200000 0.750562
v 0.200000 1.200000 0.752345
v 0.400000 1.200000 0.698463
v 0.600000 1.200000 0.580157
v 0.800000 1.200000 0.462939
v 1.000000 1.200000 0.390842
v 1.200000 1.200000 0.358495
v 1.400000 1.200000 0.352152
v 1.600000 1.200000 0.358460
v 1.800000 1.200000 0.392678
v 2.000000 1.200000 0.427027
v 2.200000 1.200000 0.451878
v 2.400000 1.200000 0.485102
v 2.600000 1.200000 0.493484
v 2.800000 1.200000 0.474924
v 3.000000 1.200000 0.469096
v 3.200000 1.200000 0.491336
v 3.400000 1.200000 0.546129
v 3.600000 1.200000 0.590827
v 3.800000 1.200000 0.614386
v 4.000000 1.200000 0.621344
v 4.200000 1.200000 0.628204
v 4.400000 1.200000 0.642399
v 4.600000 1.200000 0.671884
v 4.800000 1.200000 0.662419
v 5.000000 1.200000 0.661119
v 5.200000 1.200000 0.673032
v 5.400000 1.200000 0.666592
v 5.600000 1.200000 0.676745
v 5.800000 1.200000 0.679357
v 6.000000 1.200000 0.693419
v 6.200000 1.200000 0.705699
v 6.400000 1.200000 0.743030
v 6.600000 1.200000 0.771142
v 6.800000 1.200000 0.756427
v 7.000000 1.200000 0.720962
v 7.200000 1.200000 0.678223
v 7.400000 1.200000 0.644918
v 7.600000 1.200000 0.698909
v 7.800000 1.200000 0.770025
v 8.000000 1.200000 0.808344
v 8.200000 1.200000 0.822125
v 8.400000 1.200000 0.824601
v 8.600000 1.200000 0.829123
v 8.800000 1.200000 0.846857
v 9.000000 1.200000 0.872348
v 9.200000 1.200000 0.901809
v 9.400000 1.200000 0.928703
v 9.600000 1.200000 0.940805
v 9.800000 1.200000 0.954826
v 10.000000 1.200000 0.959429
v 10.200000 1.200000 0.949990
v 10.400000 1.200000 0.945886
v 10.600000 1.200000 0.964844
v 10.800000 1.200000 0.997660
v 11.000000 1.200000 1.001807
v 11.200000 1.200000 1.006945
v 11.400000 1.200000 1.016990
v 11.600000 1.200000 1.011093
v 11.800000 1.200000 1.022972
v 12.000000 1.200000 1.038464
v 12.200000 1.200000 1.030353
v 12.400000 1.200000 1.031327
v 12.600000 1.200000 1.062593
v 12.800000 1.200000 1.083853
v 13.000000 1.200000 1.103830
v 13.200000 1.200000 1.109454
v 13.400000 1.200000 1.077104
v 13.600000 1.200000 1.064048
v 13.800000 1.200000 1.100227
v 14.000000 1.200000 1.165056
v 14.200000 1.200000 1.200854
v 14.400000 1.200000 1.200767
v 14.600000 1.200000 1.212559
v 14.800000 1.200000 1.226200
v 15.000000 1.200000 1.242599
v 15.200000 1.200000 1.248428
v 15.400000 1.200000 1.252046
v 15.600000 1.200000 1.258033
v 15.800000 1.200000 1.237179
v 16.000000 1.200000 1.196872
v 16.200000 1.200000 1.188579
v 16.400000 1.200000 1.216671
v 16.600000 1.200000 1.222528
v 16.800000 1.200000 1.183904
v 17.000000 1.200000 1.166696
v 17.200000 1.200000 1.165902
v 17.400000 1.200000 1.152741
v 17.600000 1.200000 1.129165
v 17.800000 1.200000 1.097864
v 18.000000 1.200000 1.098110
v 18.200000 1.200000 1.116438
v 18.400000 1.200000 1.099739
v 18.600000 1.200000 1.094510
v 18.800000 1.200000 1.116261
v 19.000000 1.200000 1.140779
v 19.200000 1.200000 1.122593
v 19.400000 1.200000 1.113226
v 19.600000 1.200000 1.106449
v 19.800000 1.200000 1.099553
v 0.000000 1.400000 0.815855
v 0.200000 1.400000 0.817659
v 0.400000 1.400000 0.773511
v 0.600000 1.400000 0.678003
v 0.800000 1.400000 0.564083
v 1.000000 1.400000 0.472854
v 1.200000 1.400000 0.407825
v 1.400000 1.400000 0.386711
v 1.600000 1.400000 0.388436
v 1.800000 1.400000 0.421313
v 2.000000 1.400000 0.469681
v 2.200000 1.400000 0.499238
v 2.400000 1.400000 0.522752
v 2.600000 1.400000 0.533303
v 2.800000 1.400000 0.518926
v 3.000000 1.400000 0.506508
v 3.200000 1.400000 0.524626
v 3.400000 1.400000 0.565137
v 3.600000 1.400000 0.596936
v 3.800000 1.400000 0.611850
v 4.000000 1.400000 0.614710
v 4.200000 1.400000 0.617173
v 4.400000 1.400000 0.651704
v 4.600000 1.400000 0.711250
v 4.800000 1.400000 0.729397
v 5.000000 1.400000 0.736489
v 5.200000 1.400000 0.729723
v 5.400000 1.400000 0.704545
v 5.600000 1.400000 0.704040
v 5.800000 1.400000 0.714780
v 6.000000 1.400000 0.737048
v 6.200000 1.400000 0.755167
v 6.400000 1.400000 0.782927
v 6.600000 1.400000 0.804451
v 6.800000 1.400000 0.800093
v 7.000000 1.400000 0.754729
v 7.200000 1.400000 0.703425
v 7.400000 1.400000 0.679428
v 7.600000 1.400000 0.728429
v 7.800000 1.400000 0.790015
v 8.000000 1.400000 0.828368
v 8.200000 1.400000 0.833485
v 8.400000 1.400000 0.844770
v 8.600000 1.400000 0.873921
v 8.800000 1.400000 0.912020
v 9.000000 1.400000 0.951993
v 9.200000 1.400000 0.975834
v 9.400000 1.400000 0.990139
v 9.600000 1.400000 0.988778
v 9.800000 1.400000 0.973174
v 10.000000 1.400000 0.977884
v 10.200000 1.400000 0.995799
v 10.400000 1.400000 1.007999
v 10.600000 1.400000 1.037041
v 10.800000 1.400000 1.064992
v 11.000000 1.400000 1.056492
v 11.200000 1.400000 1.048068
v 11.400000 1.400000 1.049049
v 11.600000 1.400000 1.053905
v 11.800000 1.400000 1.066196
v 12.000000 1.400000 1.069296
v 12.200000 1.400000 1.075509
v 12.400000 1.400000 1.092905
v 12.600000 1.400000 1.114237
v 12.800000 1.400000 1.141707
v 13.000000 1.400000 1.173437
v 13.200000 1.400000 1.180657
v 13.400000 1.400000 1.156770
v 13.600000 1.400000 1.139366
v 13.800000 1.400000 1.164993
v 14.000000 1.400000 1.211774
v 14.200000 1.400000 1.255752
v 14.400000 1.400000 1.281684
v 14.600000 1.400000 1.294736
v 14.800000 1.400000 1.300289
v 15.000000 1.400000 1.321779
v 15.200000 1.400000 1.344107
v 15.400000 1.400000 1.358832
v 15.600000 1.400000 1.353360
v 15.800000 1.400000 1.325034
v 16.000000 1.400000 1.298520
v 16.200000 1.400000 1.282919
v 16.400000 1.400000 1.281536
v 16.600000 1.400000 1.281975
v 16.800000 1.400000 1.271732
v 17.000000 1.400000 1.270822
v 17.200000 1.400000 1.249976
v 17.400000 1.400000 1.223054
v 17.600000 1.400000 1.196802
v 17.800000 1.400000 1.155649
v 18.000000 1.400000 1.144666
v 18.200000 1.400000 1.149276
v 18.400000 1.400000 1.116452
v 18.600000 1.400000 1.097402
v 18.800000 1.400000 1.117435
v 19.000000 1.400000 1.134952
v 19.200000 1.400000 1.110852
v 19.400000 1.400000 1.102321
v 19.600000 1.400000 1.103794
v 19.800000 1.400000 1.097256
v 0.000000 1.600000 0.858818
v 0.200000 1.600000 0.859708
v 0.400000 1.600000 0.828623
v 0.600000 1.600000 0.764696
v 0.800000 1.600000 0.660106
v 1.000000 1.600000 0.549720
v 1.200000 1.600000 0.452241
v 1.400000 1.600000 0.424821
v 1.600000 1.600000 0.428414
v 1.800000 1.600000 0.459985
v 2.000000 1.600000 0.526818
v 2.200000 1.600000 0.558358
v 2.400000 1.600000 0.573225
v 2.600000 1.600000 0.583945
v 2.800000 1.600000 0.571475
v 3.000000 1.600000 0.556057
v 3.200000 1.600000 0.573190
v 3.400000 1.600000 0.592934
v 3.600000 1.600000 0.599498
v 3.800000 1.600000 0.604878
v 4.000000 1.600000 0.601097
v 4.200000 1.600000 0.599569
v 4.400000 1.600000 0.654142
v 4.600000 1.600000 0.734180
v 4.800000 1.600000 0.777394
v 5.000000 1.600000 0.793321
v 5.200000 1.600000 0.761689
v 5.400000 1.600000 0.719655
v 5.600000 1.600000 0.711831
v 5.800000 1.600000 0.731283
v 6.000000 1.600000 0.766222
v 6.200000 1.600000 0.793090
v 6.400000 1.600000 0.804133
v 6.600000 1.600000 0.811786
v 6.800000 1.600000 0.829921
v 7.000000 1.600000 0.799276
v 7.200000 1.600000 0.757726
v 7.400000 1.600000 0.754929
v 7.600000 1.600000 0.788320
v 7.800000 1.600000 0.820956
v 8.000000 1.600000 0.845938
v 8.200000 1.600000 0.837432
v 8.400000 1.600000 0.868477
v 8.600000 1.600000 0.935491
v 8.800000 1.600000 0.987752
v 9.000000 1.600000 1.035917
v 9.200000 1.600000 1.055509
v 9.400000 1.600000 1.058628
v 9.600000 1.600000 1.043189
v 9.800000 1.600000 0.989819
v 10.000000 1.600000 0.993423
v 10.200000 1.600000 1.040316
v 10.400000 1.600000 1.064191
v 10.600000 1.600000 1.093751
v 10.800000 1.600000 1.109052
v 11.000000 1.600000 1.081030
v 11.200000 1.600000 1.061951
v 11.400000 1.600000 1.069560
v 11.600000 1.600000 1.090445
v 11.800000 1.600000 1.097174
v 12.000000 1.600000 1.087697
v 12.200000 1.600000 1.118511
v 12.400000 1.600000 1.158031
v 12.600000 1.600000 1.167767
v 12.800000 1.600000 1.198118
v 13.000000 1.600000 1.238089
v 13.200000 1.600000 1.254289
v 13.400000 1.600000 1.259521
v 13.600000 1.600000 1.254567
v 13.800000 1.600000 1.258913
v 14.000000 1.600000 1.271808
v 14.200000 1.600000 1.332392
v 14.400000 1.600000 1.395418
v 14.600000 1.600000 1.403618
v 14.800000 1.600000 1.397313
v 15.000000 1.600000 1.426881
v 15.200000 1.600000 1.470813
v 15.400000 1.600000 1.488416
v 15.600000 1.600000 1.464885
v 15.800000 1.600000 1.436579
v 16.000000 1.600000 1.427872
v 16.200000 1.600000 1.400952
v 16.400000 1.600000 1.353228
v 16.600000 1.600000 1.347071
v 16.800000 1.600000 1.379273
v 17.000000 1.600000 1.386744
v 17.200000 1.600000 1.335672
v 17.400000 1.600000 1.294344
v 17.600000 1.600000 1.269837
v 17.800000 1.600000 1.226900
v 18.000000 1.600000 1.207107
v 18.200000 1.600000 1.193734
v 18.400000 1.600000 1.140190
v 18.600000 1.600000 1.106452
v 18.800000 1.600000 1.122190
v 19.000000 1.600000 1.127619
v 19.200000 1.600000 1.092897
v 19.400000 1.600000 1.078454
v 19.600000 1.600000 1.087259
v 19.800000 1.600000 1.083357
v 0.000000 1.800000 0.875778
v 0.200000 1.800000 0.884786
v 0.400000 1.800000 0.874025
v 0.600000 1.800000 0.834256
v 0.800000 1.800000 0.742730
v 1.000000 1.800000 0.633557
v 1.200000 1.800000 0.552466
v 1.400000 1.800000 0.513004
v 1.600000 1.800000 0.497452
v 1.800000 1.800000 0.518366
v 2.000000 1.800000 0.562848
v 2.200000 1.800000 0.573911
v 2.400000 1.800000 0.588339
v 2.600000 1.800000 0.599126
v 2.800000 1.800000 0.592976
v 3.000000 1.800000 0.577488
v 3.200000 1.800000 0.585509
v 3.400000 1.800000 0.606286
v 3.600000 1.800000 0.611270
v 3.800000 1.800000 0.618173
v 4.000000 1.800000 0.618454
v 4.200000 1.800000 0.614073
v 4.400000 1.800000 0.653618
v 4.600000 1.800000 0.715749
v 4.800000 1.800000 0.758382
v 5.000000 1.800000 0.777927
v 5.200000 1.800000 0.772153
v 5.400000 1.800000 0.741126
v 5.600000 1.800000 0.724797
v 5.800000 1.800000 0.727796
v 6.000000 1.800000 0.770855
v 6.200000 1.800000 0.808913
v 6.400000 1.800000 0.824606
v 6.600000 1.800000 0.831842
v 6.800000 1.800000 0.856060
v 7.000000 1.800000 0.856504
v 7.200000 1.800000 0.831722
v 7.400000 1.800000 0.832516
v 7.600000 1.800000 0.860590
v 7.800000 1.800000 0.886347
v 8.000000 1.800000 0.890779
v 8.200000 1.800000 0.894794
v 8.400000 1.800000 0.941367
v 8.600000 1.800000 1.014422
v 8.800000 1.800000 1.061018
v 9.000000 1.800000 1.106065
v 9.200000 1.800000 1.112534
v 9.400000 1.800000 1.100915
v 9.600000 1.800000 1.091146
v 9.800000 1.800000 1.049192
v 10.000000 1.800000 1.055066
v 10.200000 1.800000 1.097788
v 10.400000 1.800000 1.122700
v 10.600000 1.800000 1.151504
v 10.800000 1.800000 1.163480
v 11.000000 1.800000 1.119381
v 11.200000 1.800000 1.096523
v 11.400000 1.800000 1.103082
v 11.600000 1.800000 1.123892
v 11.800000 1.800000 1.143817
v 12.000000 1.800000 1.146424
v 12.200000 1.800000 1.176719
v 12.400000 1.800000 1.213616
v 12.600000 1.800000 1.232180
v 12.800000 1.800000 1.270977
v 13.000000 1.800000 1.312875
v 13.200000 1.800000 1.345142
v 13.400000 1.800000 1.376464
v 13.600000 1.800000 1.382708
v 13.800000 1.800000 1.387559
v 14.000000 1.800000 1.394697
v 14.200000 1.800000 1.438171
v 14.400000 1.800000 1.481248
v 14.600000 1.800000 1.480074
v 14.800000 1.800000 1.486842
v 15.000000 1.800000 1.510984
v 15.200000 1.800000 1.542072
v 15.400000 1.800000 1.557804
v 15.600000 1.800000 1.561702
v 15.800000 1.800000 1.551305
v 16.000000 1.800000 1.531791
v 16.200000 1.800000 1.506502
v 16.400000 1.800000 1.475780
v 16.600000 1.800000 1.459908
v 16.800000 1.800000 1.461692
v 17.000000 1.800000 1.442480
v 17.200000 1.800000 1.401283
v 17.400000 1.800000 1.362052
v 17.600000 1.800000 1.318120
v 17.800000 1.800000 1.280742
v 18.000000 1.800000 1.247169
v 18.200000 1.800000 1.196090
v 18.400000 1.800000 1.152101
v 18.600000 1.800000 1.127745
v 18.800000 1.800000 1.134507
v 19.000000 1.800000 1.133055
v 19.200000 1.800000 1.112833
v 19.400000 1.800000 1.101329
v 19.600000 1.800000 1.102528
v 19.800000 1.800000 1.092278
v 0.000000 2.000000 0.888828
v 0.200000 2.000000 0.903324
v 0.400000 2.000000 0.909525
v 0.600000 2.000000 0.905568
v 0.800000 2.000000 0.857094
v 1.000000 2.000000 0.756303
v 1.200000 2.000000 0.664016
v 1.400000 2.000000 0.610634
v 1.600000 2.000000 0.571585
v 1.800000 2.000000 0.572849
v 2.000000 2.000000 0.596126
v 2.200000 2.000000 0.594661
v 2.400000 2.000000 0.593841
v 2.600000 2.000000 0.605555
v 2.800000 2.000000 0.618370
v 3.000000 2.000000 0.608193
v 3.200000 2.000000 0.592604
v 3.400000 2.000000 0.610622
v 3.600000 2.000000 0.649142
v 3.800000 2.000000 0.663537
v 4.000000 2.000000 0.641958
v 4.200000 2.000000 0.632289
v 4.400000 2.000000 0.639258
v 4.600000 2.000000 0.674957
v 4.800000 2.000000 0.721037
v 5.000000 2.000000 0.749649
v 5.200000 2.000000 0.764076
v 5.400000 2.000000 0.746494
v 5.600000 2.000000 0.716890
v 5.800000 2.000000 0.716472
v 6.000000 2.000000 0.762447
v 6.200000 2.000000 0.803218
v 6.400000 2.000000 0.808211
v 6.600000 2.000000 0.818841
v 6.800000 2.000000 0.862421
v 7.000000 2.000000 0.891041
v 7.200000 2.000000 0.879030
v 7.400000 2.000000 0.874552
v 7.600000 2.000000 0.909669
v 7.800000 2.000000 0.951611
v 8.000000 2.000000 0.965752
v 8.200000 2.000000 0.969854
v 8.400000 2.000000 1.002406
v 8.600000 2.000000 1.062151
v 8.800000 2.000000 1.105915
v 9.000000 2.000000 1.161251
v 9.200000 2.000000 1.176378
v 9.400000 2.000000 1.135080
v 9.600000 2.000000 1.123802
v 9.800000 2.000000 1.110523
v 10.000000 2.000000 1.123326
v 10.200000 2.000000 1.165001
v 10.400000 2.000000 1.179717
v 10.600000 2.000000 1.202507
v 10.800000 2.000000 1.209638
v 11.000000 2.000000 1.152376
v 11.200000 2.000000 1.131666
v 11.400000 2.000000 1.128537
v 11.600000 2.000000 1.142738
v 11.800000 2.000000 1.188233
v 12.000000 2.000000 1.207224
v 12.200000 2.000000 1.235617
v 12.400000 2.000000 1.271186
v 12.600000 2.000000 1.316092
v 12.800000 2.000000 1.376295
v 13.000000 2.000000 1.413757
v 13.200000 2.000000 1.447898
v 13.400000 2.000000 1.503967
v 13.600000 2.000000 1.536770
v 13.800000 2.000000 1.530399
v 14.000000 2.000000 1.523943
v 14.200000 2.000000 1.544373
v 14.400000 2.000000 1.562111
v 14.600000 2.000000 1.553824
v 14.800000 2.000000 1.548635
v 15.000000 2.000000 1.562298
v 15.200000 2.000000 1.574494
v 15.400000 2.000000 1.604643
v 15.600000 2.000000 1.656777
v 15.800000 2.000000 1.658597
v 16.000000 2.000000 1.619467
v 16.200000 2.000000 1.598415
v 16.400000 2.000000 1.599283
v 16.600000 2.000000 1.570530
v 16.800000 2.000000 1.517228
v 17.000000 2.000000 1.471756
v 17.200000 2.000000 1.448489
v 17.400000 2.000000 1.414372
v 17.600000 2.000000 1.360022
v 17.800000 2.000000 1.324405
v 18.000000 2.000000 1.267690
v 18.200000 2.000000 1.209729
v 18.400000 2.000000 1.191501
v 18.600000 2.000000 1.177061
v 18.800000 2.000000 1.162548
v 19.000000 2.000000 1.151010
v 19.200000 2.000000 1.151270
v 19.400000 2.000000 1.150988
v 19.600000 2.000000 1.138822
v 19.800000 2.000000 1.115383
v 0.000000 2.200000 0.917802
v 0.200000 2.200000 0.934832
v 0.400000 2.200000 0.953405
v 0.600000 2.200000 0.967276
v 0.800000 2.200000 0.946121
v 1.000000 2.200000 0.853816
v 1.200000 2.200000 0.742761
v 1.400000 2.200000 0.685885
v 1.600000 2.200000 0.640101
v 1.800000 2.200000 0.620158
v 2.000000 2.200000 0.629875
v 2.200000 2.200000 0.628000
v 2.400000 2.200000 0.623219
v 2.600000 2.200000 0.629005
v 2.800000 2.200000 0.640134
v 3.000000 2.200000 0.645001
v 3.200000 2.200000 0.634602
v 3.400000 2.200000 0.649037
v 3.600000 2.200000 0.694722
v 3.800000 2.200000 0.711138
v 4.000000 2.200000 0.675925
v 4.200000 2.200000 0.667822
v 4.400000 2.200000 0.671499
v 4.600000 2.200000 0.692074
v 4.800000 2.200000 0.732629
v 5.000000 2.200000 0.765173
v 5.200000 2.200000 0.775957
v 5.400000 2.200000 0.759737
v 5.600000 2.200000 0.728258
v 5.800000 2.200000 0.731504
v 6.000000 2.200000 0.764776
v 6.200000 2.200000 0.796564
v 6.400000 2.200000 0.795004
v 6.600000 2.200000 0.816205
v 6.800000 2.200000 0.884997
v 7.000000 2.200000 0.946662
v 7.200000 2.200000 0.959073
v 7.400000 2.200000 0.961523
v 7.600000 2.200000 0.980994
v 7.800000 2.200000 1.002639
v 8.000000 2.200000 1.023289
v 8.200000 2.200000 1.025686
v 8.400000 2.200000 1.048403
v 8.600000 2.200000 1.108728
v 8.800000 2.200000 1.145648
v 9.000000 2.200000 1.197352
v 9.200000 2.200000 1.240172
v 9.400000 2.200000 1.213740
v 9.600000 2.200000 1.198343
v 9.800000 2.200000 1.189479
v 10.000000 2.200000 1.201610
v 10.200000 2.200000 1.232923
v 10.400000 2.200000 1.235198
v 10.600000 2.200000 1.234735
v 10.800000 2.200000 1.238092
v 11.000000 2.200000 1.205855
v 11.200000 2.200000 1.204564
v 11.400000 2.200000 1.207615
v 11.600000 2.200000 1.215099
v 11.800000 2.200000 1.251818
v 12.000000 2.200000 1.266613
v 12.200000 2.200000 1.287716
v 12.400000 2.200000 1.319485
v 12.600000 2.200000 1.388816
v 12.800000 2.200000 1.471936
v 13.000000 2.200000 1.519003
v 13.200000 2.200000 1.562497
v 13.400000 2.200000 1.626482
v 13.600000 2.200000 1.671405
v 13.800000 2.200000 1.654843
v 14.000000 2.200000 1.637287
v 14.200000 2.200000 1.646469
v 14.400000 2.200000 1.657095
v 14.600000 2.200000 1.630540
v 14.800000 2.200000 1.594869
v 15.000000 2.200000 1.611344
v 15.200000 2.200000 1.636479
v 15.400000 2.200000 1.673988
v 15.600000 2.200000 1.738723
v 15.800000 2.200000 1.752622
v 16.000000 2.200000 1.709899
v 16.200000 2.200000 1.685398
v 16.400000 2.200000 1.678399
v 16.600000 2.200000 1.634655
v 16.800000 2.200000 1.561496
v 17.000000 2.200000 1.502008
v 17.200000 2.200000 1.478448
v 17.400000 2.200000 1.445357
v 17.600000 2.200000 1.392926
v 17.800000 2.200000 1.363825
v 18.000000 2.200000 1.308294
v 18.200000 2.200000 1.263816
v 18.400000 2.200000 1.252194
v 18.600000 2.200000 1.234409
v 18.800000 2.200000 1.203445
v 19.000000 2.200000 1.183289
v 19.200000 2.200000 1.178016
v 19.400000 2.200000 1.168044
v 19.600000 2.200000 1.152146
v 19.800000 2.200000 1.125928
v 0.000000 2.400000 0.949368
v 0.200000 2.400000 0.962638
v 0.400000 2.400000 0.984694
v 0.600000 2.400000 1.005024
v 0.800000 2.400000 1.001038
v 1.000000 2.400000 0.917538
v 1.200000 2.400000 0.813568
v 1.400000 2.400000 0.761917
v 1.600000 2.400000 0.727777
v 1.800000 2.400000 0.686279
v 2.000000 2.400000 0.683158
v 2.200000 2.400000 0.687578
v 2.400000 2.400000 0.676020
v 2.600000 2.400000 0.668704
v 2.800000 2.400000 0.657800
v 3.000000 2.400000 0.654505
v 3.200000 2.400000 0.661624
v 3.400000 2.400000 0.695709
v 3.600000 2.400000 0.719474
v 3.800000 2.400000 0.736249
v 4.000000 2.400000 0.730887
v 4.200000 2.400000 0.712865
v 4.400000 2.400000 0.724282
v 4.600000 2.400000 0.757707
v 4.800000 2.400000 0.784092
v 5.000000 2.400000 0.812102
v 5.200000 2.400000 0.819446
v 5.400000 2.400000 0.814637
v 5.600000 2.400000 0.789354
v 5.800000 2.400000 0.761685
v 6.000000 2.400000 0.768669
v 6.200000 2.400000 0.785794
v 6.400000 2.400000 0.793238
v 6.600000 2.400000 0.827200
v 6.800000 2.400000 0.926269
v 7.000000 2.400000 1.009299
v 7.200000 2.400000 1.033148
v 7.400000 2.400000 1.044743
v 7.600000 2.400000 1.047683
v 7.800000 2.400000 1.037656
v 8.000000 2.400000 1.049313
v 8.200000 2.400000 1.063995
v 8.400000 2.400000 1.092472
v 8.600000 2.400000 1.158287
v 8.800000 2.400000 1.195644
v 9.000000 2.400000 1.246369
v 9.200000 2.400000 1.293599
v 9.400000 2.400000 1.305878
v 9.600000 2.400000 1.311885
v 9.800000 2.400000 1.308152
v 10.000000 2.400000 1.318555
v 10.200000 2.400000 1.333296
v 10.400000 2.400000 1.326509
v 10.600000 2.400000 1.289225
v 10.800000 2.400000 1.263121
v 11.000000 2.400000 1.280068
v 11.200000 2.400000 1.306071
v 11.400000 2.400000 1.317826
v 11.600000 2.400000 1.320111
v 11.800000 2.400000 1.328193
v 12.000000 2.400000 1.336949
v 12.200000 2.400000 1.338674
v 12.400000 2.400000 1.357333
v 12.600000 2.400000 1.447339
v 12.800000 2.400000 1.557124
v 13.000000 2.400000 1.623387
v 13.200000 2.400000 1.678840
v 13.400000 2.400000 1.737668
v 13.600000 2.400000 1.770876
v 13.800000 2.400000 1.765313
v 14.000000 2.400000 1.751637
v 14.200000 2.400000 1.750101
v 14.400000 2.400000 1.748791
v 14.600000 2.400000 1.697775
v 14.800000 2.400000 1.652630
v 15.000000 2.400000 1.674636
v 15.200000 2.400000 1.715206
v 15.400000 2.400000 1.774271
v 15.600000 2.400000 1.834628
v 15.800000 2.400000 1.840812
v 16.000000 2.400000 1.786712
v 16.200000 2.400000 1.753008
v 16.400000 2.400000 1.726697
v 16.600000 2.400000 1.680028
v 16.800000 2.400000 1.602732
v 17.000000 2.400000 1.543969
v 17.200000 2.400000 1.507842
v 17.400000 2.400000 1.473620
v 17.600000 2.400000 1.448665
v 17.800000 2.400000 1.411330
v 18.000000 2.400000 1.337058
v 18.200000 2.400000 1.293527
v 18.400000 2.400000 1.295563
v 18.600000 2.400000 1.284806
v 18.800000 2.400000 1.260667
v 19.000000 2.400000 1.218705
v 19.200000 2.400000 1.177573
v 19.400000 2.400000 1.158705
v 19.600000 2.400000 1.158797
v 19.800000 2.400000 1.152834
v 0.000000 2.600000 1.004793
v 0.200000 2.600000 1.015517
v 0.400000 2.600000 1.036583
v 0.600000 2.600000 1.056029
v 0.800000 2.600000 1.053361
v 1.000000 2.600000 0.981973
v 1.200000 2.600000 0.896976
v 1.400000 2.600000 0.842791
v 1.600000 2.600000 0.797271
v 1.800000 2.600000 0.746921
v 2.000000 2.600000 0.734569
v 2.200000 2.600000 0.729408
v 2.400000 2.600000 0.703774
v 2.600000 2.600000 0.690968
v 2.800000 2.600000 0.680965
v 3.000000 2.600000 0.676286
v 3.200000 2.600000 0.681966
v 3.400000 2.600000 0.712266
v 3.600000 2.600000 0.739708
v 3.800000 2.600000 0.763129
v 4.000000 2.600000 0.773241
v 4.200000 2.600000 0.763799
v 4.400000 2.600000 0.774177
v 4.600000 2.600000 0.797126
v 4.800000 2.600000 0.825193
v 5.000000 2.600000 0.855882
v 5.200000 2.600000 0.859995
v 5.400000 2.600000 0.852056
v 5.600000 2.600000 0.831158
v 5.800000 2.600000 0.807970
v 6.000000 2.600000 0.807200
v 6.200000 2.600000 0.817084
v 6.400000 2.600000 0.834252
v 6.600000 2.600000 0.874397
v 6.800000 2.600000 0.966387
v 7.000000 2.600000 1.043934
v 7.200000 2.600000 1.067096
v 7.400000 2.600000 1.075181
v 7.600000 2.600000 1.084424
v 7.800000 2.600000 1.082364
v 8.000000 2.600000 1.091208
v 8.200000 2.600000 1.107091
v 8.400000 2.600000 1.132703
v 8.600000 2.600000 1.197231
v 8.800000 2.600000 1.243920
v 9.000000 2.600000 1.306162
v 9.200000 2.600000 1.365039
v 9.400000 2.600000 1.389611
v 9.600000 2.600000 1.395255
v 9.800000 2.600000 1.400721
v 10.000000 2.600000 1.412348
v 10.200000 2.600000 1.418001
v 10.400000 2.600000 1.404381
v 10.600000 2.600000 1.367911
v 10.800000 2.600000 1.337918
v 11.000000 2.600000 1.345615
v 11.200000 2.600000 1.368397
v 11.400000 2.600000 1.391083
v 11.600000 2.600000 1.395353
v 11.800000 2.600000 1.397399
v 12.000000 2.600000 1.416290
v 12.200000 2.600000 1.432124
v 12.400000 2.600000 1.458170
v 12.600000 2.600000 1.542117
v 12.800000 2.600000 1.647585
v 13.000000 2.600000 1.716296
v 13.200000 2.600000 1.774462
v 13.400000 2.600000 1.832702
v 13.600000 2.600000 1.864041
v 13.800000 2.600000 1.854239
v 14.000000 2.600000 1.830907
v 14.200000 2.600000 1.820385
v 14.400000 2.600000 1.817812
v 14.600000 2.600000 1.767617
v 14.800000 2.600000 1.732007
v 15.000000 2.600000 1.750559
v 15.200000 2.600000 1.787764
v 15.400000 2.600000 1.849473
v 15.600000 2.600000 1.901497
v 15.800000 2.600000 1.900904
v 16.000000 2.600000 1.846216
v 16.200000 2.600000 1.807903
v 16.400000 2.600000 1.771330
v 16.600000 2.600000 1.721973
v 16.800000 2.600000 1.651833
v 17.000000 2.600000 1.598318
v 17.200000 2.600000 1.563053
v 17.400000 2.600000 1.531746
v 17.600000 2.600000 1.510458
v 17.800000 2.600000 1.480167
v 18.000000 2.600000 1.416680
v 18.200000 2.600000 1.368712
v 18.400000 2.600000 1.357599
v 18.600000 2.600000 1.337049
v 18.800000 2.600000 1.304705
v 19.000000 2.600000 1.254673
v 19.200000 2.600000 1.212081
v 19.400000 2.600000 1.180885
v 19.600000 2.600000 1.164151
v 19.800000 2.600000 1.152098
v 0.000000 2.800000 1.063511
v 0.200000 2.800000 1.067920
v 0.400000 2.800000 1.082524
v 0.600000 2.800000 1.095248
v 0.800000 2.800000 1.090561
v 1.000000 2.800000 1.053270
v 1.200000 2.800000 1.015388
v 1.400000 2.800000 0.947167
v 1.600000 2.800000 0.861282
v 1.800000 2.800000 0.799408
v 2.000000 2.800000 0.769848
v 2.200000 2.800000 0.740200
v 2.400000 2.800000 0.689175
v 2.600000 2.800000 0.677028
v 2.800000 2.800000 0.689199
v 3.000000 2.800000 0.692460
v 3.200000 2.800000 0.694346
v 3.400000 2.800000 0.710648
v 3.600000 2.800000 0.753560
v 3.800000 2.800000 0.795828
v 4.000000 2.800000 0.840222
v 4.200000 2.800000 0.855718
v 4.400000 2.800000 0.855263
v 4.600000 2.800000 0.846851
v 4.800000 2.800000 0.878621
v 5.000000 2.800000 0.913316
v 5.200000 2.800000 0.901691
v 5.400000 2.800000 0.881638
v 5.600000 2.800000 0.873743
v 5.800000 2.800000 0.869356
v 6.000000 2.800000 0.854589
v 6.200000 2.800000 0.851403
v 6.400000 2.800000 0.889602
v 6.600000 2.800000 0.938304
v 6.800000 2.800000 0.995222
v 7.000000 2.800000 1.047497
v 7.200000 2.800000 1.068161
v 7.400000 2.800000 1.070914
v 7.600000 2.800000 1.107417
v 7.800000 2.800000 1.145595
v 8.000000 2.800000 1.156444
v 8.200000 2.800000 1.171022
v 8.400000 2.800000 1.180717
v 8.600000 2.800000 1.225552
v 8.800000 2.800000 1.284448
v 9.000000 2.800000 1.363199
v 9.200000 2.800000 1.439018
v 9.400000 2.800000 1.475439
v 9.600000 2.800000 1.470292
v 9.800000 2.800000 1.484943
v 10.000000 2.800000 1.495430
v 10.200000 2.800000 1.477817
v 10.400000 2.800000 1.450061
v 10.600000 2.800000 1.434583
v 10.800000 2.800000 1.409316
v 11.000000 2.800000 1.376559
v 11.200000 2.800000 1.383954
v 11.400000 2.800000 1.434676
v 11.600000 2.800000 1.452668
v 11.800000 2.800000 1.451104
v 12.000000 2.800000 1.490175
v 12.200000 2.800000 1.554748
v 12.400000 2.800000 1.607836
v 12.600000 2.800000 1.660591
v 12.800000 2.800000 1.734722
v 13.000000 2.800000 1.795258
v 13.200000 2.800000 1.852554
v 13.400000 2.800000 1.912244
v 13.600000 2.800000 1.948780
v 13.800000 2.800000 1.929910
v 14.000000 2.800000 1.882598
v 14.200000 2.800000 1.859861
v 14.400000 2.800000 1.869727
v 14.600000 2.800000 1.842085
v 14.800000 2.800000 1.838581
v 15.000000 2.800000 1.850374
v 15.200000 2.800000 1.875751
v 15.400000 2.800000 1.928597
v 15.600000 2.800000 1.957497
v 15.800000 2.800000 1.945244
v 16.000000 2.800000 1.887777
v 16.200000 2.800000 1.839779
v 16.400000 2.800000 1.784551
v 16.600000 2.800000 1.731400
v 16.800000 2.800000 1.687577
v 17.000000 2.800000 1.648070
v 17.200000 2.800000 1.613097
v 17.400000 2.800000 1.584488
v 17.600000 2.800000 1.565419
v 17.800000 2.800000 1.556872
v 18.000000 2.800000 1.534048
v 18.200000 2.800000 1.485295
v 18.400000 2.800000 1.436474
v 18.600000 2.800000 1.392134
v 18.800000 2.800000 1.348605
v 19.000000 2.800000 1.298943
v 19.200000 2.800000 1.278606
v 19.400000 2.800000 1.231151
v 19.600000 2.800000 1.160713
v 19.800000 2.800000 1.117942
v 0.000000 3.000000 1.083648
v 0.200000 3.000000 1.092139
v 0.400000 3.000000 1.103197
v 0.600000 3.000000 1.101965
v 0.800000 3.000000 1.111893
v 1.000000 3.000000 1.105951
v 1.200000 3.000000 1.094949
v 1.400000 3.000000 1.025679
v 1.600000 3.000000 0.935604
v 1.800000 3.000000 0.880255
v 2.000000 3.000000 0.821308
v 2.200000 3.000000 0.756667
v 2.400000 3.000000 0.692810
v 2.600000 3.000000 0.678551
v 2.800000 3.000000 0.698773
v 3.000000 3.000000 0.700285
v 3.200000 3.000000 0.704111
v 3.400000 3.000000 0.732405
v 3.600000 3.000000 0.773738
v 3.800000 3.000000 0.824900
v 4.000000 3.000000 0.881141
v 4.200000 3.000000 0.907603
v 4.400000 3.000000 0.919937
v 4.600000 3.000000 0.923952
v 4.800000 3.000000 0.936679
v 5.000000 3.000000 0.962677
v 5.200000 3.000000 0.961499
v 5.400000 3.000000 0.958670
v 5.600000 3.000000 0.954602
v 5.800000 3.000000 0.937167
v 6.000000 3.000000 0.931017
v 6.200000 3.000000 0.947793
v 6.400000 3.000000 0.969631
v 6.600000 3.000000 1.003527
v 6.800000 3.000000 1.035703
v 7.000000 3.000000 1.072265
v 7.200000 3.000000 1.089662
v 7.400000 3.000000 1.085756
v 7.600000 3.000000 1.128229
v 7.800000 3.000000 1.168592
v 8.000000 3.000000 1.163126
v 8.200000 3.000000 1.178041
v 8.400000 3.000000 1.189962
v 8.600000 3.000000 1.230367
v 8.800000 3.000000 1.300154
v 9.000000 3.000000 1.392812
v 9.200000 3.000000 1.483567
v 9.400000 3.000000 1.539639
v 9.600000 3.000000 1.563383
v 9.800000 3.000000 1.574866
v 10.000000 3.000000 1.577824
v 10.200000 3.000000 1.538563
v 10.400000 3.000000 1.513901
v 10.600000 3.000000 1.498196
v 10.800000 3.000000 1.468997
v 11.000000 3.000000 1.418311
v 11.200000 3.000000 1.415267
v 11.400000 3.000000 1.472605
v 11.600000 3.000000 1.507956
v 11.800000 3.000000 1.522020
v 12.000000 3.000000 1.561730
v 12.200000 3.000000 1.638259
v 12.400000 3.000000 1.701609
v 12.600000 3.000000 1.766233
v 12.800000 3.000000 1.828836
v 13.000000 3.000000 1.872031
v 13.200000 3.000000 1.922643
v 13.400000 3.000000 1.986321
v 13.600000 3.000000 2.030412
v 13.800000 3.000000 2.004880
v 14.000000 3.000000 1.945625
v 14.200000 3.000000 1.925208
v 14.400000 3.000000 1.933359
v 14.600000 3.000000 1.923865
v 14.800000 3.000000 1.939126
v 15.000000 3.000000 1.945239
v 15.200000 3.000000 1.956017
v 15.400000 3.000000 1.985310
v 15.600000 3.000000 2.002329
v 15.800000 3.000000 1.996364
v 16.000000 3.000000 1.929000
v 16.200000 3.000000 1.869187
v 16.400000 3.000000 1.799286
v 16.600000 3.000000 1.740775
v 16.800000 3.000000 1.711350
v 17.000000 3.000000 1.685020
v 17.200000 3.000000 1.654789
v 17.400000 3.000000 1.628941
v 17.600000 3.000000 1.628365
v 17.800000 3.000000 1.632610
v 18.000000 3.000000 1.618856
v 18.200000 3.000000 1.578711
v 18.400000 3.000000 1.519801
v 18.600000 3.000000 1.462544
v 18.800000 3.000000 1.402920
v 19.000000 3.000000 1.348085
v 19.200000 3.000000 1.318056
v 19.400000 3.000000 1.254085
v 19.600000 3.000000 1.156972
v 19.800000 3.000000 1.095775
v 0.000000 3.200000 1.078840
v 0.200000 3.200000 1.084585
v 0.400000 3.200000 1.092487
v 0.600000 3.200000 1.090867
v 0.800000 3.200000 1.106196
v 1.000000 3.200000 1.124582
v 1.200000 3.200000 1.137325
v 1.400000 3.200000 1.083396
v 1.600000 3.200000 1.013496
v 1.800000 3.200000 0.946270
v 2.000000 3.200000 0.856190
v 2.200000 3.200000 0.773293
v 2.400000 3.200000 0.701289
v 2.600000 3.200000 0.691398
v 2.800000 3.200000 0.734938
v 3.000000 3.200000 0.740377
v 3.200000 3.200000 0.729652
v 3.400000 3.200000 0.755867
v 3.600000 3.200000 0.810149
v 3.800000 3.200000 0.866919
v 4.000000 3.200000 0.898037
v 4.200000 3.200000 0.926896
v 4.400000 3.200000 0.979486
v 4.600000 3.200000 1.002509
v 4.800000 3.200000 0.976601
v 5.000000 3.200000 0.987692
v 5.200000 3.200000 1.036443
v 5.400000 3.200000 1.063315
v 5.600000 3.200000 1.036935
v 5.800000 3.200000 1.003679
v 6.000000 3.200000 1.019027
v 6.200000 3.200000 1.052211
v 6.400000 3.200000 1.078950
v 6.600000 3.200000 1.109554
v 6.800000 3.200000 1.107383
v 7.000000 3.200000 1.110056
v 7.200000 3.200000 1.134595
v 7.400000 3.200000 1.146509
v 7.600000 3.200000 1.161059
v 7.800000 3.200000 1.159968
v 8.000000 3.200000 1.153558
v 8.200000 3.200000 1.169462
v 8.400000 3.200000 1.191018
v 8.600000 3.200000 1.246412
v 8.800000 3.200000 1.330575
v 9.000000 3.200000 1.441960
v 9.200000 3.200000 1.532755
v 9.400000 3.200000 1.580817
v 9.600000 3.200000 1.613566
v 9.800000 3.200000 1.640697
v 10.000000 3.200000 1.648876
v 10.200000 3.200000 1.617692
v 10.400000 3.200000 1.586074
v 10.600000 3.200000 1.552924
v 10.800000 3.200000 1.523735
v 11.000000 3.200000 1.479629
v 11.200000 3.200000 1.476975
v 11.400000 3.200000 1.521137
v 11.600000 3.200000 1.559166
v 11.800000 3.200000 1.596356
v 12.000000 3.200000 1.651472
v 12.200000 3.200000 1.714785
v 12.400000 3.200000 1.769200
v 12.600000 3.200000 1.851951
v 12.800000 3.200000 1.922281
v 13.000000 3.200000 1.955337
v 13.200000 3.200000 2.002168
v 13.400000 3.200000 2.067131
v 13.600000 3.200000 2.117448
v 13.800000 3.200000 2.104239
v 14.000000 3.200000 2.055276
v 14.200000 3.200000 2.014023
v 14.400000 3.200000 1.989157
v 14.600000 3.200000 1.994046
v 14.800000 3.200000 2.025519
v 15.000000 3.200000 2.030334
v 15.200000 3.200000 2.029965
v 15.400000 3.200000 2.038187
v 15.600000 3.200000 2.033106
v 15.800000 3.200000 2.022200
v 16.000000 3.200000 1.958990
v 16.200000 3.200000 1.894388
v 16.400000 3.200000 1.820629
v 16.600000 3.200000 1.761346
v 16.800000 3.200000 1.738959
v 17.000000 3.200000 1.728024
v 17.200000 3.200000 1.724326
v 17.400000 3.200000 1.707614
v 17.600000 3.200000 1.714311
v 17.800000 3.200000 1.716447
v 18.000000 3.200000 1.694412
v 18.200000 3.200000 1.651113
v 18.400000 3.200000 1.599536
v 18.600000 3.200000 1.540153
v 18.800000 3.200000 1.461039
v 19.000000 3.200000 1.393411
v 19.200000 3.200000 1.338839
v 19.400000 3.200000 1.253850
v 19.600000 3.200000 1.153812
v 19.800000 3.200000 1.095115
v 0.000000 3.400000 1.062788
v 0.200000 3.400000 1.071159
v 0.400000 3.400000 1.085812
v 0.600000 3.400000 1.098725
v 0.800000 3.400000 1.121972
v 1.000000 3.400000 1.147957
v 1.200000 3.400000 1.161214
v 1.400000 3.400000 1.117978
v 1.600000 3.400000 1.057036
v 1.800000 3.400000 0.976826
v 2.000000 3.400000 0.887688
v 2.200000 3.400000 0.815208
v 2.400000 3.400000 0.764010
v 2.600000 3.400000 0.751998
v 2.800000 3.400000 0.784481
v 3.000000 3.400000 0.790499
v 3.200000 3.400000 0.769674
v 3.400000 3.400000 0.787424
v 3.600000 3.400000 0.859893
v 3.800000 3.400000 0.918118
v 4.000000 3.400000 0.918179
v 4.200000 3.400000 0.944706
v 4.400000 3.400000 1.003698
v 4.600000 3.400000 1.038740
v 4.800000 3.400000 1.018886
v 5.000000 3.400000 1.033471
v 5.200000 3.400000 1.093474
v 5.400000 3.400000 1.128418
v 5.600000 3.400000 1.106060
v 5.800000 3.400000 1.079236
v 6.000000 3.400000 1.083741
v 6.200000 3.400000 1.095959
v 6.400000 3.400000 1.145303
v 6.600000 3.400000 1.182526
v 6.800000 3.400000 1.170245
v 7.000000 3.400000 1.165461
v 7.200000 3.400000 1.182669
v 7.400000 3.400000 1.193194
v 7.600000 3.400000 1.198077
v 7.800000 3.400000 1.195712
v 8.000000 3.400000 1.210898
v 8.200000 3.400000 1.225536
v 8.400000 3.400000 1.248494
v 8.600000 3.400000 1.302308
v 8.800000 3.400000 1.389070
v 9.000000 3.400000 1.500379
v 9.200000 3.400000 1.580761
v 9.400000 3.400000 1.619684
v 9.600000 3.400000 1.639299
v 9.800000 3.400000 1.669259
v 10.000000 3.400000 1.685072
v 10.200000 3.400000 1.680442
v 10.400000 3.400000 1.644095
v 10.600000 3.400000 1.606433
v 10.800000 3.400000 1.584499
v 11.000000 3.400000 1.551676
v 11.200000 3.400000 1.553786
v 11.400000 3.400000 1.582868
v 11.600000 3.400000 1.618412
v 11.800000 3.400000 1.666375
v 12.000000 3.400000 1.741153
v 12.200000 3.400000 1.811656
v 12.400000 3.400000 1.867399
v 12.600000 3.400000 1.930247
v 12.800000 3.400000 1.993671
v 13.000000 3.400000 2.028735
v 13.200000 3.400000 2.080842
v 13.400000 3.400000 2.141675
v 13.600000 3.400000 2.188976
v 13.800000 3.400000 2.189208
v 14.000000 3.400000 2.154913
v 14.200000 3.400000 2.113529
v 14.400000 3.400000 2.086773
v 14.600000 3.400000 2.094000
v 14.800000 3.400000 2.113277
v 15.000000 3.400000 2.123777
v 15.200000 3.400000 2.125772
v 15.400000 3.400000 2.121236
v 15.600000 3.400000 2.096832
v 15.800000 3.400000 2.068199
v 16.000000 3.400000 2.009105
v 16.200000 3.400000 1.948592
v 16.400000 3.400000 1.891178
v 16.600000 3.400000 1.836935
v 16.800000 3.400000 1.815671
v 17.000000 3.400000 1.809782
v 17.200000 3.400000 1.829212
v 17.400000 3.400000 1.819787
v 17.600000 3.400000 1.815275
v 17.800000 3.400000 1.797047
v 18.000000 3.400000 1.763468
v 18.200000 3.400000 1.707220
v 18.400000 3.400000 1.639957
v 18.600000 3.400000 1.566990
v 18.800000 3.400000 1.479409
v 19.000000 3.400000 1.409467
v 19.200000 3.400000 1.350344
v 19.400000 3.400000 1.270386
v 19.600000 3.400000 1.178987
v 19.800000 3.400000 1.128873
v 0.000000 3.600000 1.046818
v 0.200000 3.600000 1.062870
v 0.400000 3.600000 1.084382
v 0.600000 3.600000 1.104659
v 0.800000 3.600000 1.130300
v 1.000000 3.600000 1.154390
v 1.200000 3.600000 1.155333
v 1.400000 3.600000 1.129473
v 1.600000 3.600000 1.090006
v 1.800000 3.600000 1.035559
v 2.000000 3.600000 0.973917
v 2.200000 3.600000 0.916024
v 2.400000 3.600000 0.857481
v 2.600000 3.600000 0.841635
v 2.800000 3.600000 0.861340
v 3.000000 3.600000 0.851453
v 3.200000 3.600000 0.807715
v 3.400000 3.600000 0.813751
v 3.600000 3.600000 0.892582
v 3.800000 3.600000 0.954704
v 4.000000 3.600000 0.971547
v 4.200000 3.600000 0.982705
v 4.400000 3.600000 1.005223
v 4.600000 3.600000 1.031279
v 4.800000 3.600000 1.044636
v 5.000000 3.600000 1.075177
v 5.200000 3.600000 1.137677
v 5.400000 3.600000 1.171817
v 5.600000 3.600000 1.173739
v 5.800000 3.600000 1.174562
v 6.000000 3.600000 1.144478
v 6.200000 3.600000 1.128802
v 6.400000 3.600000 1.160728
v 6.600000 3.600000 1.200932
v 6.800000 3.600000 1.226128
v 7.000000 3.600000 1.236680
v 7.200000 3.600000 1.239601
v 7.400000 3.600000 1.243812
v 7.600000 3.600000 1.264416
v 7.800000 3.600000 1.289579
v 8.000000 3.600000 1.304499
v 8.200000 3.600000 1.297862
v 8.400000 3.600000 1.314437
v 8.600000 3.600000 1.363295
v 8.800000 3.600000 1.436192
v 9.000000 3.600000 1.525512
v 9.200000 3.600000 1.589234
v 9.400000 3.600000 1.637040
v 9.600000 3.600000 1.660965
v 9.800000 3.600000 1.676977
v 10.000000 3.600000 1.691751
v 10.200000 3.600000 1.706645
v 10.400000 3.600000 1.710842
v 10.600000 3.600000 1.686200
v 10.800000 3.600000 1.655885
v 11.000000 3.600000 1.621247
v 11.200000 3.600000 1.618581
v 11.400000 3.600000 1.642393
v 11.600000 3.600000 1.684177
v 11.800000 3.600000 1.747910
v 12.000000 3.600000 1.826727
v 12.200000 3.600000 1.913541
v 12.400000 3.600000 1.981272
v 12.600000 3.600000 1.991102
v 12.800000 3.600000 2.020755
v 13.000000 3.600000 2.084245
v 13.200000 3.600000 2.141016
v 13.400000 3.600000 2.197902
v 13.600000 3.600000 2.251368
v 13.800000 3.600000 2.257886
v 14.000000 3.600000 2.230429
v 14.200000 3.600000 2.196559
v 14.400000 3.600000 2.176555
v 14.600000 3.600000 2.172273
v 14.800000 3.600000 2.181108
v 15.000000 3.600000 2.202945
v 15.200000 3.600000 2.226611
v 15.400000 3.600000 2.212984
v 15.600000 3.600000 2.160264
v 15.800000 3.600000 2.119363
v 16.000000 3.600000 2.084541
v 16.200000 3.600000 2.029567
v 16.400000 3.600000 1.976425
v 16.600000 3.600000 1.936406
v 16.800000 3.600000 1.913881
v 17.000000 3.600000 1.907297
v 17.200000 3.600000 1.916815
v 17.400000 3.600000 1.896259
v 17.600000 3.600000 1.868452
v 17.800000 3.600000 1.846272
v 18.000000 3.600000 1.822555
v 18.200000 3.600000 1.768862
v 18.400000 3.600000 1.679242
v 18.600000 3.600000 1.586320
v 18.800000 3.600000 1.490206
v 19.000000 3.600000 1.418171
v 19.200000 3.600000 1.369073
v 19.400000 3.600000 1.279829
v 19.600000 3.600000 1.204510
v 19.800000 3.600000 1.163385
v 0.000000 3.800000 1.041051
v 0.200000 3.800000 1.059469
v 0.400000 3.800000 1.086617
v 0.600000 3.800000 1.111309
v 0.800000 3.800000 1.135820
v 1.000000 3.800000 1.167330
v 1.200000 3.800000 1.179239
v 1.400000 3.800000 1.173510
v 1.600000 3.800000 1.150671
v 1.800000 3.800000 1.102915
v 2.000000 3.800000 1.048745
v 2.200000 3.800000 0.997225
v 2.400000 3.800000 0.939038
v 2.600000 3.800000 0.919031
v 2.800000 3.800000 0.924495
v 3.000000 3.800000 0.906115
v 3.200000 3.800000 0.854829
v 3.400000 3.800000 0.855675
v 3.600000 3.800000 0.933549
v 3.800000 3.800000 0.992409
v 4.000000 3.800000 1.008857
v 4.200000 3.800000 1.017217
v 4.400000 3.800000 1.033856
v 4.600000 3.800000 1.054808
v 4.800000 3.800000 1.071011
v 5.000000 3.800000 1.104087
v 5.200000 3.800000 1.172948
v 5.400000 3.800000 1.213972
v 5.600000 3.800000 1.228999
v 5.800000 3.800000 1.243005
v 6.000000 3.800000 1.207046
v 6.200000 3.800000 1.181949
v 6.400000 3.800000 1.198305
v 6.600000 3.800000 1.233993
v 6.800000 3.800000 1.274813
v 7.000000 3.800000 1.301619
v 7.200000 3.800000 1.316064
v 7.400000 3.800000 1.328415
v 7.600000 3.800000 1.349732
v 7.800000 3.800000 1.373786
v 8.000000 3.800000 1.388052
v 8.200000 3.800000 1.378867
v 8.400000 3.800000 1.388775
v 8.600000 3.800000 1.420894
v 8.800000 3.800000 1.474641
v 9.000000 3.800000 1.544996
v 9.200000 3.800000 1.601160
v 9.400000 3.800000 1.653496
v 9.600000 3.800000 1.680903
v 9.800000 3.800000 1.690241
v 10.000000 3.800000 1.705405
v 10.200000 3.800000 1.735915
v 10.400000 3.800000 1.760113
v 10.600000 3.800000 1.741284
v 10.800000 3.800000 1.708792
v 11.000000 3.800000 1.673020
v 11.200000 3.800000 1.665247
v 11.400000 3.800000 1.687620
v 11.600000 3.800000 1.729546
v 11.800000 3.800000 1.796654
v 12.000000 3.800000 1.875706
v 12.200000 3.800000 1.968593
v 12.400000 3.800000 2.039504
v 12.600000 3.800000 2.039602
v 12.800000 3.800000 2.061274
v 13.000000 3.800000 2.128175
v 13.200000 3.800000 2.180324
v 13.400000 3.800000 2.233874
v 13.600000 3.800000 2.287963
v 13.800000 3.800000 2.302005
v 14.000000 3.800000 2.284227
v 14.200000 3.800000 2.254395
v 14.400000 3.800000 2.232252
v 14.600000 3.800000 2.216977
v 14.800000 3.800000 2.218108
v 15.000000 3.800000 2.241387
v 15.200000 3.800000 2.275293
v 15.400000 3.800000 2.270339
v 15.600000 3.800000 2.220411
v 15.800000 3.800000 2.181166
v 16.000000 3.800000 2.152647
v 16.200000 3.800000 2.101625
v 16.400000 3.800000 2.051358
v 16.600000 3.800000 2.010460
v 16.800000 3.800000 1.987142
v 17.000000 3.800000 1.977459
v 17.200000 3.800000 1.972007
v 17.400000 3.800000 1.941787
v 17.600000 3.800000 1.909125
v 17.800000 3.800000 1.886869
v 18.000000 3.800000 1.866401
v 18.200000 3.800000 1.815611
v 18.400000 3.800000 1.711838
v 18.600000 3.800000 1.600218
v 18.800000 3.800000 1.491831
v 19.000000 3.800000 1.416297
v 19.200000 3.800000 1.373974
v 19.400000 3.800000 1.293543
v 19.600000 3.800000 1.232529
v 19.800000 3.800000 1.197779
v 0.000000 4.000000 1.077271
v 0.200000 4.000000 1.091496
v 0.400000 4.000000 1.126990
v 0.600000 4.000000 1.143734
v 0.800000 4.000000 1.141808
v 1.000000 4.000000 1.183186
v 1.200000 4.000000 1.221659
v 1.400000 4.000000 1.240763
v 1.600000 4.000000 1.241340
v 1.800000 4.000000 1.177617
v 2.000000 4.000000 1.112008
v 2.200000 4.000000 1.064099
v 2.400000 4.000000 1.024985
v 2.600000 4.000000 0.990750
v 2.800000 4.000000 0.947310
v 3.000000 4.000000 0.922350
v 3.200000 4.000000 0.878956
v 3.400000 4.000000 0.878368
v 3.600000 4.000000 0.950299
v 3.800000 4.000000 1.000683
v 4.000000 4.000000 0.996615
v 4.200000 4.000000 1.021534
v 4.400000 4.000000 1.076117
v 4.600000 4.000000 1.103930
v 4.800000 4.000000 1.099142
v 5.000000 4.000000 1.122763
v 5.200000 4.000000 1.195879
v 5.400000 4.000000 1.245264
v 5.600000 4.000000 1.269777
v 5.800000 4.000000 1.294865
v 6.000000 4.000000 1.292056
v 6.200000 4.000000 1.285822
v 6.400000 4.000000 1.287309
v 6.600000 4.000000 1.304817
v 6.800000 4.000000 1.336257
v 7.000000 4.000000 1.377173
v 7.200000 4.000000 1.418073
v 7.400000 4.000000 1.443077
v 7.600000 4.000000 1.447319
v 7.800000 4.000000 1.437943
v 8.000000 4.000000 1.460268
v 8.200000 4.000000 1.484928
v 8.400000 4.000000 1.485083
v 8.600000 4.000000 1.478234
v 8.800000 4.000000 1.505203
v 9.000000 4.000000 1.547784
v 9.200000 4.000000 1.607195
v 9.400000 4.000000 1.674989
v 9.600000 4.000000 1.709882
v 9.800000 4.000000 1.703866
v 10.000000 4.000000 1.721576
v 10.200000 4.000000 1.783096
v 10.400000 4.000000 1.796399
v 10.600000 4.000000 1.745142
v 10.800000 4.000000 1.712007
v 11.000000 4.000000 1.690741
v 11.200000 4.000000 1.687299
v 11.400000 4.000000 1.727757
v 11.600000 4.000000 1.763881
v 11.800000 4.000000 1.817348
v 12.000000 4.000000 1.892023
v 12.200000 4.000000 1.987172
v 12.400000 4.000000 2.054162
v 12.600000 4.000000 2.092360
v 12.800000 4.000000 2.132678
v 13.000000 4.000000 2.178853
v 13.200000 4.000000 2.210405
v 13.400000 4.000000 2.246079
v 13.600000 4.000000 2.281648
v 13.800000 4.000000 2.318954
v 14.000000 4.000000 2.339796
v 14.200000 4.000000 2.328330
v 14.400000 4.000000 2.306797
v 14.600000 4.000000 2.274144
v 14.800000 4.000000 2.257818
v 15.000000 4.000000 2.263747
v 15.200000 4.000000 2.279052
v 15.400000 4.000000 2.282859
v 15.600000 4.000000 2.256294
v 15.800000 4.000000 2.235168
v 16.000000 4.000000 2.193041
v 16.200000 4.000000 2.144403
v 16.400000 4.000000 2.100897
v 16.600000 4.000000 2.048047
v 16.800000 4.000000 2.050018
v 17.000000 4.000000 2.055491
v 17.200000 4.000000 2.025728
v 17.400000 4.000000 1.983338
v 17.600000 4.000000 1.955977
v 17.800000 4.000000 1.920263
v 18.000000 4.000000 1.886789
v 18.200000 4.000000 1.842718
v 18.400000 4.000000 1.731127
v 18.600000 4.000000 1.606958
v 18.800000 4.000000 1.497014
v 19.000000 4.000000 1.421525
v 19.200000 4.000000 1.373050
v 19.400000 4.000000 1.319093
v 19.600000 4.000000 1.276521
v 19.800000 4.000000 1.253230
v 0.000000 4.200000 1.089545
v 0.200000 4.200000 1.105470
v 0.400000 4.200000 1.145861
v 0.600000 4.200000 1.166760
v 0.800000 4.200000 1.161092
v 1.000000 4.200000 1.206896
v 1.200000 4.200000 1.254072
v 1.400000 4.200000 1.286428
v 1.600000 4.200000 1.304870
v 1.800000 4.200000 1.259759
v 2.000000 4.200000 1.181048
v 2.200000 4.200000 1.107233
v 2.400000 4.200000 1.061676
v 2.600000 4.200000 1.028367
v 2.800000 4.200000 0.980258
v 3.000000 4.200000 0.934070
v 3.200000 4.200000 0.895482
v 3.400000 4.200000 0.907441
v 3.600000 4.200000 0.951644
v 3.800000 4.200000 0.995230
v 4.000000 4.200000 1.013528
v 4.200000 4.200000 1.047518
v 4.400000 4.200000 1.113393
v 4.600000 4.200000 1.144178
v 4.800000 4.200000 1.143151
v 5.000000 4.200000 1.169096
v 5.200000 4.200000 1.227760
v 5.400000 4.200000 1.284463
v 5.600000 4.200000 1.326474
v 5.800000 4.200000 1.374238
v 6.000000 4.200000 1.392242
v 6.200000 4.200000 1.390824
v 6.400000 4.200000 1.386315
v 6.600000 4.200000 1.394580
v 6.800000 4.200000 1.421500
v 7.000000 4.200000 1.464059
v 7.200000 4.200000 1.518896
v 7.400000 4.200000 1.565981
v 7.600000 4.200000 1.565347
v 7.800000 4.200000 1.535652
v 8.000000 4.200000 1.539690
v 8.200000 4.200000 1.566882
v 8.400000 4.200000 1.567230
v 8.600000 4.200000 1.563712
v 8.800000 4.200000 1.585068
v 9.000000 4.200000 1.616741
v 9.200000 4.200000 1.656178
v 9.400000 4.200000 1.728702
v 9.600000 4.200000 1.780824
v 9.800000 4.200000 1.773427
v 10.000000 4.200000 1.789381
v 10.200000 4.200000 1.848292
v 10.400000 4.200000 1.853224
v 10.600000 4.200000 1.795198
v 10.800000 4.200000 1.767011
v 11.000000 4.200000 1.747168
v 11.200000 4.200000 1.739763
v 11.400000 4.200000 1.765747
v 11.600000 4.200000 1.813150
v 11.800000 4.200000 1.872191
v 12.000000 4.200000 1.939663
v 12.200000 4.200000 2.039074
v 12.400000 4.200000 2.114093
v 12.600000 4.200000 2.151958
v 12.800000 4.200000 2.180288
v 13.000000 4.200000 2.203583
v 13.200000 4.200000 2.229572
v 13.400000 4.200000 2.265326
v 13.600000 4.200000 2.306141
v 13.800000 4.200000 2.363540
v 14.000000 4.200000 2.403947
v 14.200000 4.200000 2.395718
v 14.400000 4.200000 2.385210
v 14.600000 4.200000 2.353034
v 14.800000 4.200000 2.321397
v 15.000000 4.200000 2.327023
v 15.200000 4.200000 2.334942
v 15.400000 4.200000 2.321406
v 15.600000 4.200000 2.288904
v 15.800000 4.200000 2.265575
v 16.000000 4.200000 2.228025
v 16.200000 4.200000 2.178255
v 16.400000 4.200000 2.123062
v 16.600000 4.200000 2.068418
v 16.800000 4.200000 2.071905
v 17.000000 4.200000 2.067529
v 17.200000 4.200000 2.040781
v 17.400000 4.200000 1.996497
v 17.600000 4.200000 1.958846
v 17.800000 4.200000 1.921372
v 18.000000 4.200000 1.887786
v 18.200000 4.200000 1.858548
v 18.400000 4.200000 1.754834
v 18.600000 4.200000 1.627728
v 18.800000 4.200000 1.529216
v 19.000000 4.200000 1.442388
v 19.200000 4.200000 1.378858
v 19.400000 4.200000 1.333181
v 19.600000 4.200000 1.290910
v 19.800000 4.200000 1.264176
v 0.000000 4.400000 1.069219
v 0.200000 4.400000 1.086618
v 0.400000 4.400000 1.130477
v 0.600000 4.400000 1.165431
v 0.800000 4.400000 1.174729
v 1.000000 4.400000 1.224014
v 1.200000 4.400000 1.275236
v 1.400000 4.400000 1.310510
v 1.600000 4.400000 1.329005
v 1.800000 4.400000 1.299920
v 2.000000 4.400000 1.232109
v 2.200000 4.400000 1.142099
v 2.400000 4.400000 1.078085
v 2.600000 4.400000 1.047846
v 2.800000 4.400000 1.012567
v 3.000000 4.400000 0.972522
v 3.200000 4.400000 0.967661
v 3.400000 4.400000 0.985075
v 3.600000 4.400000 0.988368
v 3.800000 4.400000 1.021618
v 4.000000 4.400000 1.066510
v 4.200000 4.400000 1.106990
v 4.400000 4.400000 1.160281
v 4.600000 4.400000 1.194517
v 4.800000 4.400000 1.229708
v 5.000000 4.400000 1.269467
v 5.200000 4.400000 1.283382
v 5.400000 4.400000 1.318512
v 5.600000 4.400000 1.380618
v 5.800000 4.400000 1.450941
v 6.000000 4.400000 1.486968
v 6.200000 4.400000 1.496769
v 6.400000 4.400000 1.498358
v 6.600000 4.400000 1.511027
v 6.800000 4.400000 1.540415
v 7.000000 4.400000 1.582835
v 7.200000 4.400000 1.641340
v 7.400000 4.400000 1.698738
v 7.600000 4.400000 1.704771
v 7.800000 4.400000 1.678936
v 8.000000 4.400000 1.649414
v 8.200000 4.400000 1.631682
v 8.400000 4.400000 1.648928
v 8.600000 4.400000 1.691623
v 8.800000 4.400000 1.712623
v 9.000000 4.400000 1.726437
v 9.200000 4.400000 1.753449
v 9.400000 4.400000 1.822642
v 9.600000 4.400000 1.875932
v 9.800000 4.400000 1.865940
v 10.000000 4.400000 1.874345
v 10.200000 4.400000 1.904472
v 10.400000 4.400000 1.904323
v 10.600000 4.400000 1.882099
v 10.800000 4.400000 1.867843
v 11.000000 4.400000 1.843623
v 11.200000 4.400000 1.830631
v 11.400000 4.400000 1.833650
v 11.600000 4.400000 1.877265
v 11.800000 4.400000 1.950050
v 12.000000 4.400000 2.016538
v 12.200000 4.400000 2.101450
v 12.400000 4.400000 2.169417
v 12.600000 4.400000 2.180139
v 12.800000 4.400000 2.183374
v 13.000000 4.400000 2.206440
v 13.200000 4.400000 2.243211
v 13.400000 4.400000 2.302947
v 13.600000 4.400000 2.372595
v 13.800000 4.400000 2.415895
v 14.000000 4.400000 2.432815
v 14.200000 4.400000 2.434324
v 14.400000 4.400000 2.441044
v 14.600000 4.400000 2.426033
v 14.800000 4.400000 2.409353
v 15.000000 4.400000 2.405580
v 15.200000 4.400000 2.383852
v 15.400000 4.400000 2.348575
v 15.600000 4.400000 2.306272
v 15.800000 4.400000 2.279913
v 16.000000 4.400000 2.258982
v 16.200000 4.400000 2.215152
v 16.400000 4.400000 2.157472
v 16.600000 4.400000 2.096639
v 16.800000 4.400000 2.065414
v 17.000000 4.400000 2.045746
v 17.200000 4.400000 2.024743
v 17.400000 4.400000 1.982175
v 17.600000 4.400000 1.953852
v 17.800000 4.400000 1.918694
v 18.000000 4.400000 1.879069
v 18.200000 4.400000 1.856152
v 18.400000 4.400000 1.774231
v 18.600000 4.400000 1.662093
v 18.800000 4.400000 1.570868
v 19.000000 4.400000 1.475450
v 19.200000 4.400000 1.407804
v 19.400000 4.400000 1.369173
v 19.600000 4.400000 1.303717
v 19.800000 4.400000 1.252659
v 0.000000 4.600000 1.073863
v 0.200000 4.600000 1.086482
v 0.400000 4.600000 1.125338
v 0.600000 4.600000 1.156135
v 0.800000 4.600000 1.171130
v 1.000000 4.600000 1.220823
v 1.200000 4.600000 1.274521
v 1.400000 4.600000 1.321076
v 1.600000 4.600000 1.349333
v 1.800000 4.600000 1.314861
v 2.000000 4.600000 1.254560
v 2.200000 4.600000 1.171214
v 2.400000 4.600000 1.115683
v 2.600000 4.600000 1.084200
v 2.800000 4.600000 1.046751
v 3.000000 4.600000 1.034788
v 3.200000 4.600000 1.045064
v 3.400000 4.600000 1.041817
v 3.600000 4.600000 1.032570
v 3.800000 4.600000 1.059796
v 4.000000 4.600000 1.109965
v 4.200000 4.600000 1.157631
v 4.400000 4.600000 1.209944
v 4.600000 4.600000 1.264083
v 4.800000 4.600000 1.303005
v 5.000000 4.600000 1.340747
v 5.200000 4.600000 1.366496
v 5.400000 4.600000 1.384737
v 5.600000 4.600000 1.438043
v 5.800000 4.600000 1.509429
v 6.000000 4.600000 1.554222
v 6.200000 4.600000 1.581030
v 6.400000 4.600000 1.586602
v 6.600000 4.600000 1.617073
v 6.800000 4.600000 1.665981
v 7.000000 4.600000 1.704013
v 7.200000 4.600000 1.746260
v 7.400000 4.600000 1.786231
v 7.600000 4.600000 1.806145
v 7.800000 4.600000 1.802861
v 8.000000 4.600000 1.764903
v 8.200000 4.600000 1.742360
v 8.400000 4.600000 1.769432
v 8.600000 4.600000 1.816311
v 8.800000 4.600000 1.838130
v 9.000000 4.600000 1.851095
v 9.200000 4.600000 1.893654
v 9.400000 4.600000 1.950576
v 9.600000 4.600000 1.983208
v 9.800000 4.600000 1.963460
v 10.000000 4.600000 1.968877
v 10.200000 4.600000 1.993686
v 10.400000 4.600000 1.974155
v 10.600000 4.600000 1.961377
v 10.800000 4.600000 1.956127
v 11.000000 4.600000 1.943806
v 11.200000 4.600000 1.933606
v 11.400000 4.600000 1.910947
v 11.600000 4.600000 1.932322
v 11.800000 4.600000 1.998666
v 12.000000 4.600000 2.070479
v 12.200000 4.600000 2.126935
v 12.400000 4.600000 2.165235
v 12.600000 4.600000 2.171778
v 12.800000 4.600000 2.174457
v 13.000000 4.600000 2.205985
v 13.200000 4.600000 2.271041
v 13.400000 4.600000 2.349542
v 13.600000 4.600000 2.426281
v 13.800000 4.600000 2.453436
v 14.000000 4.600000 2.458213
v 14.200000 4.600000 2.476121
v 14.400000 4.600000 2.490508
v 14.600000 4.600000 2.485196
v 14.800000 4.600000 2.470067
v 15.000000 4.600000 2.456303
v 15.200000 4.600000 2.411752
v 15.400000 4.600000 2.358414
v 15.600000 4.600000 2.307435
v 15.800000 4.600000 2.277977
v 16.000000 4.600000 2.264090
v 16.200000 4.600000 2.232878
v 16.400000 4.600000 2.191766
v 16.600000 4.600000 2.125357
v 16.800000 4.600000 2.078274
v 17.000000 4.600000 2.048410
v 17.200000 4.600000 2.034783
v 17.400000 4.600000 1.994353
v 17.600000 4.600000 1.966471
v 17.800000 4.600000 1.923704
v 18.000000 4.600000 1.875111
v 18.200000 4.600000 1.862265
v 18.400000 4.600000 1.786180
v 18.600000 4.600000 1.685275
v 18.800000 4.600000 1.615837
v 19.000000 4.600000 1.528251
v 19.200000 4.600000 1.459439
v 19.400000 4.600000 1.422588
v 19.600000 4.600000 1.343198
v 19.800000 4.600000 1.268738
v 0.000000 4.800000 1.067274
v 0.200000 4.800000 1.100254
v 0.400000 4.800000 1.150845
v 0.600000 4.800000 1.176247
v 0.800000 4.800000 1.195369
v 1.000000 4.800000 1.241031
v 1.200000 4.800000 1.293635
v 1.400000 4.800000 1.328813
v 1.600000 4.800000 1.341255
v 1.800000 4.800000 1.314699
v 2.000000 4.800000 1.248792
v 2.200000 4.800000 1.184892
v 2.400000 4.800000 1.170775
v 2.600000 4.800000 1.151326
v 2.800000 4.800000 1.129605
v 3.000000 4.800000 1.118608
v 3.200000 4.800000 1.108570
v 3.400000 4.800000 1.087680
v 3.600000 4.800000 1.088916
v 3.800000 4.800000 1.118324
v 4.000000 4.800000 1.177604
v 4.200000 4.800000 1.239188
v 4.400000 4.800000 1.277300
v 4.600000 4.800000 1.317454
v 4.800000 4.800000 1.358914
v 5.000000 4.800000 1.400558
v 5.200000 4.800000 1.437468
v 5.400000 4.800000 1.476163
v 5.600000 4.800000 1.525704
v 5.800000 4.800000 1.566797
v 6.000000 4.800000 1.602918
v 6.200000 4.800000 1.635112
v 6.400000 4.800000 1.658438
v 6.600000 4.800000 1.710655
v 6.800000 4.800000 1.780379
v 7.000000 4.800000 1.810590
v 7.200000 4.800000 1.817504
v 7.400000 4.800000 1.828273
v 7.600000 4.800000 1.863678
v 7.800000 4.800000 1.894762
v 8.000000 4.800000 1.887242
v 8.200000 4.800000 1.881272
v 8.400000 4.800000 1.882536
v 8.600000 4.800000 1.885346
v 8.800000 4.800000 1.919240
v 9.000000 4.800000 1.968641
v 9.200000 4.800000 2.013847
v 9.400000 4.800000 2.039230
v 9.600000 4.800000 2.064826
v 9.800000 4.800000 2.080761
v 10.000000 4.800000 2.085900
v 10.200000 4.800000 2.075155
v 10.400000 4.800000 2.059736
v 10.600000 4.800000 2.060754
v 10.800000 4.800000 2.048252
v 11.000000 4.800000 2.027135
v 11.200000 4.800000 2.010406
v 11.400000 4.800000 1.978508
v 11.600000 4.800000 1.974114
v 11.800000 4.800000 2.031638
v 12.000000 4.800000 2.095252
v 12.200000 4.800000 2.130429
v 12.400000 4.800000 2.161116
v 12.600000 4.800000 2.176507
v 12.800000 4.800000 2.198692
v 13.000000 4.800000 2.246299
v 13.200000 4.800000 2.307678
v 13.400000 4.800000 2.369445
v 13.600000 4.800000 2.437172
v 13.800000 4.800000 2.499672
v 14.000000 4.800000 2.539267
v 14.200000 4.800000 2.537039
v 14.400000 4.800000 2.536388
v 14.600000 4.800000 2.534374
v 14.800000 4.800000 2.518627
v 15.000000 4.800000 2.495884
v 15.200000 4.800000 2.429160
v 15.400000 4.800000 2.376406
v 15.600000 4.800000 2.337836
v 15.800000 4.800000 2.295306
v 16.000000 4.800000 2.252930
v 16.200000 4.800000 2.222350
v 16.400000 4.800000 2.195433
v 16.600000 4.800000 2.140287
v 16.800000 4.800000 2.087164
v 17.000000 4.800000 2.063975
v 17.200000 4.800000 2.061424
v 17.400000 4.800000 2.020636
v 17.600000 4.800000 1.980017
v 17.800000 4.800000 1.932635
v 18.000000 4.800000 1.888831
v 18.200000 4.800000 1.866747
v 18.400000 4.800000 1.810366
v 18.600000 4.800000 1.736623
v 18.800000 4.800000 1.656704
v 19.000000 4.800000 1.580272
v 19.200000 4.800000 1.522055
v 19.400000 4.800000 1.463277
v 19.600000 4.800000 1.391242
v 19.800000 4.800000 1.332000
v 0.000000 5.000000 1.078715
v 0.200000 5.000000 1.123579
v 0.400000 5.000000 1.180302
v 0.600000 5.000000 1.203817
v 0.800000 5.000000 1.226920
v 1.000000 5.000000 1.271938
v 1.200000 5.000000 1.326920
v 1.400000 5.000000 1.355421
v 1.600000 5.000000 1.358944
v 1.800000 5.000000 1.338508
v 2.000000 5.000000 1.271791
v 2.200000 5.000000 1.216970
v 2.400000 5.000000 1.220967
v 2.600000 5.000000 1.209375
v 2.800000 5.000000 1.198713
v 3.000000 5.000000 1.188510
v 3.200000 5.000000 1.168308
v 3.400000 5.000000 1.137774
v 3.600000 5.000000 1.147094
v 3.800000 5.000000 1.179914
v 4.000000 5.000000 1.244530
v 4.200000 5.000000 1.312245
v 4.400000 5.000000 1.342977
v 4.600000 5.000000 1.373759
v 4.800000 5.000000 1.418372
v 5.000000 5.000000 1.462935
v 5.200000 5.000000 1.496995
v 5.400000 5.000000 1.548914
v 5.600000 5.000000 1.603717
v 5.800000 5.000000 1.625866
v 6.000000 5.000000 1.658011
v 6.200000 5.000000 1.694119
v 6.400000 5.000000 1.727071
v 6.600000 5.000000 1.788169
v 6.800000 5.000000 1.867437
v 7.000000 5.000000 1.895854
v 7.200000 5.000000 1.889789
v 7.400000 5.000000 1.889721
v 7.600000 5.000000 1.929332
v 7.800000 5.000000 1.972793
v 8.000000 5.000000 1.981154
v 8.200000 5.000000 1.983952
v 8.400000 5.000000 1.974532
v 8.600000 5.000000 1.954891
v 8.800000 5.000000 1.992133
v 9.000000 5.000000 2.055019
v 9.200000 5.000000 2.099358
v 9.400000 5.000000 2.110718
v 9.600000 5.000000 2.132998
v 9.800000 5.000000 2.170857
v 10.000000 5.000000 2.174536
v 10.200000 5.000000 2.139723
v 10.400000 5.000000 2.131202
v 10.600000 5.000000 2.138495
v 10.800000 5.000000 2.113551
v 11.000000 5.000000 2.084724
v 11.200000 5.000000 2.063327
v 11.400000 5.000000 2.031136
v 11.600000 5.000000 2.015046
v 11.800000 5.000000 2.065596
v 12.000000 5.000000 2.122660
v 12.200000 5.000000 2.151207
v 12.400000 5.000000 2.182669
v 12.600000 5.000000 2.196639
v 12.800000 5.000000 2.225878
v 13.000000 5.000000 2.280178
v 13.200000 5.000000 2.332436
v 13.400000 5.000000 2.382765
v 13.600000 5.000000 2.445365
v 13.800000 5.000000 2.524390
v 14.000000 5.000000 2.577996
v 14.200000 5.000000 2.560347
v 14.400000 5.000000 2.550511
v 14.600000 5.000000 2.547295
v 14.800000 5.000000 2.529381
v 15.000000 5.000000 2.503648
v 15.200000 5.000000 2.431329
v 15.400000 5.000000 2.382729
v 15.600000 5.000000 2.350569
v 15.800000 5.000000 2.302544
v 16.000000 5.000000 2.243587
v 16.200000 5.000000 2.208592
v 16.400000 5.000000 2.180799
v 16.600000 5.000000 2.133461
v 16.800000 5.000000 2.080493
v 17.000000 5.000000 2.064867
v 17.200000 5.000000 2.064695
v 17.400000 5.000000 2.023687
v 17.600000 5.000000 1.980969
v 17.800000 5.000000 1.935032
v 18.000000 5.000000 1.896894
v 18.200000 5.000000 1.870451
v 18.400000 5.000000 1.829579
v 18.600000 5.000000 1.774229
v 18.800000 5.000000 1.682689
v 19.000000 5.000000 1.613704
v 19.200000 5.000000 1.567014
v 19.400000 5.000000 1.492076
v 19.600000 5.000000 1.425560
v 19.800000 5.000000 1.379362
v 0.000000 5.200000 1.161406
v 0.200000 5.200000 1.164285
v 0.400000 5.200000 1.190071
v 0.600000 5.200000 1.232292
v 0.800000 5.200000 1.264110
v 1.000000 5.200000 1.298282
v 1.200000 5.200000 1.339623
v 1.400000 5.200000 1.372238
v 1.600000 5.200000 1.380758
v 1.800000 5.200000 1.354373
v 2.000000 5.200000 1.310010
v 2.200000 5.200000 1.266603
v 2.400000 5.200000 1.258850
v 2.600000 5.200000 1.248278
v 2.800000 5.200000 1.247639
v 3.000000 5.200000 1.240891
v 3.200000 5.200000 1.229828
v 3.400000 5.200000 1.210626
v 3.600000 5.200000 1.208037
v 3.800000 5.200000 1.238767
v 4.000000 5.200000 1.303415
v 4.200000 5.200000 1.358038
v 4.400000 5.200000 1.382354
v 4.600000 5.200000 1.418501
v 4.800000 5.200000 1.457372
v 5.000000 5.200000 1.495445
v 5.200000 5.200000 1.534610
v 5.400000 5.200000 1.574821
v 5.600000 5.200000 1.639131
v 5.800000 5.200000 1.691369
v 6.000000 5.200000 1.722083
v 6.200000 5.200000 1.748000
v 6.400000 5.200000 1.794799
v 6.600000 5.200000 1.843144
v 6.800000 5.200000 1.898307
v 7.000000 5.200000 1.954233
v 7.200000 5.200000 1.965050
v 7.400000 5.200000 1.964939
v 7.600000 5.200000 2.000772
v 7.800000 5.200000 2.046555
v 8.000000 5.200000 2.080924
v 8.200000 5.200000 2.098255
v 8.400000 5.200000 2.102534
v 8.600000 5.200000 2.091169
v 8.800000 5.200000 2.123039
v 9.000000 5.200000 2.166281
v 9.200000 5.200000 2.191065
v 9.400000 5.200000 2.213345
v 9.600000 5.200000 2.236850
v 9.800000 5.200000 2.238010
v 10.000000 5.200000 2.233029
v 10.200000 5.200000 2.206189
v 10.400000 5.200000 2.180160
v 10.600000 5.200000 2.183685
v 10.800000 5.200000 2.167330
v 11.000000 5.200000 2.138971
v 11.200000 5.200000 2.118492
v 11.400000 5.200000 2.077492
v 11.600000 5.200000 2.065047
v 11.800000 5.200000 2.088240
v 12.000000 5.200000 2.122245
v 12.200000 5.200000 2.154458
v 12.400000 5.200000 2.192921
v 12.600000 5.200000 2.219439
v 12.800000 5.200000 2.245201
v 13.000000 5.200000 2.267337
v 13.200000 5.200000 2.325380
v 13.400000 5.200000 2.378889
v 13.600000 5.200000 2.425099
v 13.800000 5.200000 2.492230
v 14.000000 5.200000 2.525920
v 14.200000 5.200000 2.505054
v 14.400000 5.200000 2.498790
v 14.600000 5.200000 2.489187
v 14.800000 5.200000 2.470257
v 15.000000 5.200000 2.459653
v 15.200000 5.200000 2.437870
v 15.400000 5.200000 2.400232
v 15.600000 5.200000 2.352395
v 15.800000 5.200000 2.305953
v 16.000000 5.200000 2.247912
v 16.200000 5.200000 2.209838
v 16.400000 5.200000 2.165737
v 16.600000 5.200000 2.108804
v 16.800000 5.200000 2.067477
v 17.000000 5.200000 2.059241
v 17.200000 5.200000 2.063484
v 17.400000 5.200000 2.024376
v 17.600000 5.200000 1.974283
v 17.800000 5.200000 1.938096
v 18.000000 5.200000 1.908324
v 18.200000 5.200000 1.890059
v 18.400000 5.200000 1.839182
v 18.600000 5.200000 1.778926
v 18.800000 5.200000 1.702612
v 19.000000 5.200000 1.629426
v 19.200000 5.200000 1.572404
v 19.400000 5.200000 1.502487
v 19.600000 5.200000 1.459415
v 19.800000 5.200000 1.431933
v 0.000000 5.400000 1.217274
v 0.200000 5.400000 1.212454
v 0.400000 5.400000 1.222101
v 0.600000 5.400000 1.263541
v 0.800000 5.400000 1.303801
v 1.000000 5.400000 1.331999
v 1.200000 5.400000 1.361443
v 1.400000 5.400000 1.382194
v 1.600000 5.400000 1.384433
v 1.800000 5.400000 1.378712
v 2.000000 5.400000 1.360154
v 2.200000 5.400000 1.338239
v 2.400000 5.400000 1.330200
v 2.600000 5.400000 1.324573
v 2.800000 5.400000 1.330909
v 3.000000 5.400000 1.319243
v 3.200000 5.400000 1.300505
v 3.400000 5.400000 1.273915
v 3.600000 5.400000 1.259334
v 3.800000 5.400000 1.284152
v 4.000000 5.400000 1.338570
v 4.200000 5.400000 1.389716
v 4.400000 5.400000 1.411831
v 4.600000 5.400000 1.435354
v 4.800000 5.400000 1.470645
v 5.000000 5.400000 1.509725
v 5.200000 5.400000 1.549851
v 5.400000 5.400000 1.594730
v 5.600000 5.400000 1.674806
v 5.800000 5.400000 1.748374
v 6.000000 5.400000 1.784442
v 6.200000 5.400000 1.811334
v 6.400000 5.400000 1.845940
v 6.600000 5.400000 1.880612
v 6.800000 5.400000 1.934408
v 7.000000 5.400000 1.995115
v 7.200000 5.400000 2.020453
v 7.400000 5.400000 2.036140
v 7.600000 5.400000 2.085294
v 7.800000 5.400000 2.146441
v 8.000000 5.400000 2.191975
v 8.200000 5.400000 2.219840
v 8.400000 5.400000 2.234670
v 8.600000 5.400000 2.237683
v 8.800000 5.400000 2.256390
v 9.000000 5.400000 2.267672
v 9.200000 5.400000 2.269373
v 9.400000 5.400000 2.291521
v 9.600000 5.400000 2.309314
v 9.800000 5.400000 2.303403
v 10.000000 5.400000 2.294033
v 10.200000 5.400000 2.261257
v 10.400000 5.400000 2.229494
v 10.600000 5.400000 2.227726
v 10.800000 5.400000 2.211414
v 11.000000 5.400000 2.177176
v 11.200000 5.400000 2.158156
v 11.400000 5.400000 2.134325
v 11.600000 5.400000 2.128911
v 11.800000 5.400000 2.131972
v 12.000000 5.400000 2.133476
v 12.200000 5.400000 2.149920
v 12.400000 5.400000 2.179586
v 12.600000 5.400000 2.212366
v 12.800000 5.400000 2.249397
v 13.000000 5.400000 2.274250
v 13.200000 5.400000 2.320933
v 13.400000 5.400000 2.363951
v 13.600000 5.400000 2.396943
v 13.800000 5.400000 2.439139
v 14.000000 5.400000 2.455581
v 14.200000 5.400000 2.445197
v 14.400000 5.400000 2.441787
v 14.600000 5.400000 2.426223
v 14.800000 5.400000 2.404836
v 15.000000 5.400000 2.410686
v 15.200000 5.400000 2.436237
v 15.400000 5.400000 2.417316
v 15.600000 5.400000 2.369864
v 15.800000 5.400000 2.324084
v 16.000000 5.400000 2.259628
v 16.200000 5.400000 2.217435
v 16.400000 5.400000 2.162809
v 16.600000 5.400000 2.095622
v 16.800000 5.400000 2.051079
v 17.000000 5.400000 2.037113
v 17.200000 5.400000 2.045874
v 17.400000 5.400000 2.014049
v 17.600000 5.400000 1.969336
v 17.800000 5.400000 1.945117
v 18.000000 5.400000 1.924882
v 18.200000 5.400000 1.908622
v 18.400000 5.400000 1.861783
v 18.600000 5.400000 1.808824
v 18.800000 5.400000 1.724810
v 19.000000 5.400000 1.637731
v 19.200000 5.400000 1.573200
v 19.400000 5.400000 1.517892
v 19.600000 5.400000 1.495121
v 19.800000 5.400000 1.479957
v 0.000000 5.600000 1.227102
v 0.200000 5.600000 1.229367
v 0.400000 5.600000 1.234927
v 0.600000 5.600000 1.277895
v 0.800000 5.600000 1.334790
v 1.000000 5.600000 1.363069
v 1.200000 5.600000 1.387517
v 1.400000 5.600000 1.393084
v 1.600000 5.600000 1.387759
v 1.800000 5.600000 1.409749
v 2.000000 5.600000 1.411328
v 2.200000 5.600000 1.418222
v 2.400000 5.600000 1.438259
v 2.600000 5.600000 1.426626
v 2.800000 5.600000 1.392429
v 3.000000 5.600000 1.365608
v 3.200000 5.600000 1.338909
v 3.400000 5.600000 1.312137
v 3.600000 5.600000 1.322594
v 3.800000 5.600000 1.343718
v 4.000000 5.600000 1.347771
v 4.200000 5.600000 1.390789
v 4.400000 5.600000 1.449545
v 4.600000 5.600000 1.470250
v 4.800000 5.600000 1.460494
v 5.000000 5.600000 1.484435
v 5.200000 5.600000 1.565437
v 5.400000 5.600000 1.636820
v 5.600000 5.600000 1.713839
v 5.800000 5.600000 1.794068
v 6.000000 5.600000 1.830545
v 6.200000 5.600000 1.856810
v 6.400000 5.600000 1.891643
v 6.600000 5.600000 1.931629
v 6.800000 5.600000 1.973965
v 7.000000 5.600000 2.011526
v 7.200000 5.600000 2.055575
v 7.400000 5.600000 2.101601
v 7.600000 5.600000 2.178271
v 7.800000 5.600000 2.272670
v 8.000000 5.600000 2.314337
v 8.200000 5.600000 2.325236
v 8.400000 5.600000 2.339382
v 8.600000 5.600000 2.349328
v 8.800000 5.600000 2.358827
v 9.000000 5.600000 2.352043
v 9.200000 5.600000 2.335507
v 9.400000 5.600000 2.340394
v 9.600000 5.600000 2.354656
v 9.800000 5.600000 2.376134
v 10.000000 5.600000 2.370914
v 10.200000 5.600000 2.335100
v 10.400000 5.600000 2.294775
v 10.600000 5.600000 2.269312
v 10.800000 5.600000 2.251234
v 11.000000 5.600000 2.204745
v 11.200000 5.600000 2.184220
v 11.400000 5.600000 2.191474
v 11.600000 5.600000 2.194485
v 11.800000 5.600000 2.198351
v 12.000000 5.600000 2.179950
v 12.200000 5.600000 2.155584
v 12.400000 5.600000 2.158520
v 12.600000 5.600000 2.214519
v 12.800000 5.600000 2.276521
v 13.000000 5.600000 2.303109
v 13.200000 5.600000 2.332603
v 13.400000 5.600000 2.364011
v 13.600000 5.600000 2.384892
v 13.800000 5.600000 2.410950
v 14.000000 5.600000 2.422635
v 14.200000 5.600000 2.427861
v 14.400000 5.600000 2.434737
v 14.600000 5.600000 2.411174
v 14.800000 5.600000 2.379213
v 15.000000 5.600000 2.373155
v 15.200000 5.600000 2.383740
v 15.400000 5.600000 2.385779
v 15.600000 5.600000 2.372865
v 15.800000 5.600000 2.332490
v 16.000000 5.600000 2.256902
v 16.200000 5.600000 2.219506
v 16.400000 5.600000 2.191661
v 16.600000 5.600000 2.118947
v 16.800000 5.600000 2.060070
v 17.000000 5.600000 2.028688
v 17.200000 5.600000 2.004284
v 17.400000 5.600000 1.968304
v 17.600000 5.600000 1.927762
v 17.800000 5.600000 1.915022
v 18.000000 5.600000 1.918055
v 18.200000 5.600000 1.910231
v 18.400000 5.600000 1.897166
v 18.600000 5.600000 1.868324
v 18.800000 5.600000 1.761026
v 19.000000 5.600000 1.660903
v 19.200000 5.600000 1.610178
v 19.400000 5.600000 1.577439
v 19.600000 5.600000 1.546040
v 19.800000 5.600000 1.518772
v 0.000000 5.800000 1.241798
v 0.200000 5.800000 1.246444
v 0.400000 5.800000 1.249486
v 0.600000 5.800000 1.286455
v 0.800000 5.800000 1.353455
v 1.000000 5.800000 1.374282
v 1.200000 5.800000 1.384729
v 1.400000 5.800000 1.397579
v 1.600000 5.800000 1.405465
v 1.800000 5.800000 1.431818
v 2.000000 5.800000 1.445542
v 2.200000 5.800000 1.470366
v 2.400000 5.800000 1.515227
v 2.600000 5.800000 1.504299
v 2.800000 5.800000 1.448007
v 3.000000 5.800000 1.397148
v 3.200000 5.800000 1.370188
v 3.400000 5.800000 1.360571
v 3.600000 5.800000 1.393736
v 3.800000 5.800000 1.415656
v 4.000000 5.800000 1.394537
v 4.200000 5.800000 1.410971
v 4.400000 5.800000 1.483038
v 4.600000 5.800000 1.508399
v 4.800000 5.800000 1.470928
v 5.000000 5.800000 1.483491
v 5.200000 5.800000 1.580575
v 5.400000 5.800000 1.671375
v 5.600000 5.800000 1.752797
v 5.800000 5.800000 1.812152
v 6.000000 5.800000 1.848649
v 6.200000 5.800000 1.886747
v 6.400000 5.800000 1.944857
v 6.600000 5.800000 1.998790
v 6.800000 5.800000 2.021386
v 7.000000 5.800000 2.061601
v 7.200000 5.800000 2.117178
v 7.400000 5.800000 2.167799
v 7.600000 5.800000 2.261794
v 7.800000 5.800000 2.375747
v 8.000000 5.800000 2.408634
v 8.200000 5.800000 2.423719
v 8.400000 5.800000 2.449516
v 8.600000 5.800000 2.445065
v 8.800000 5.800000 2.445852
v 9.000000 5.800000 2.432326
v 9.200000 5.800000 2.412582
v 9.400000 5.800000 2.407846
v 9.600000 5.800000 2.422672
v 9.800000 5.800000 2.459964
v 10.000000 5.800000 2.455259
v 10.200000 5.800000 2.411116
v 10.400000 5.800000 2.364816
v 10.600000 5.800000 2.325776
v 10.800000 5.800000 2.304905
v 11.000000 5.800000 2.248158
v 11.200000 5.800000 2.218784
v 11.400000 5.800000 2.229429
v 11.600000 5.800000 2.231099
v 11.800000 5.800000 2.236454
v 12.000000 5.800000 2.219852
v 12.200000 5.800000 2.192891
v 12.400000 5.800000 2.199106
v 12.600000 5.800000 2.258183
v 12.800000 5.800000 2.313666
v 13.000000 5.800000 2.317353
v 13.200000 5.800000 2.328612
v 13.400000 5.800000 2.350253
v 13.600000 5.800000 2.362094
v 13.800000 5.800000 2.390323
v 14.000000 5.800000 2.403141
v 14.200000 5.800000 2.398424
v 14.400000 5.800000 2.409422
v 14.600000 5.800000 2.375380
v 14.800000 5.800000 2.319973
v 15.000000 5.800000 2.309264
v 15.200000 5.800000 2.316054
v 15.400000 5.800000 2.334215
v 15.600000 5.800000 2.338559
v 15.800000 5.800000 2.291050
v 16.000000 5.800000 2.219796
v 16.200000 5.800000 2.185480
v 16.400000 5.800000 2.169635
v 16.600000 5.800000 2.105233
v 16.800000 5.800000 2.045797
v 17.000000 5.800000 2.012325
v 17.200000 5.800000 1.951452
v 17.400000 5.800000 1.908845
v 17.600000 5.800000 1.884527
v 17.800000 5.800000 1.862542
v 18.000000 5.800000 1.868956
v 18.200000 5.800000 1.876953
v 18.400000 5.800000 1.890538
v 18.600000 5.800000 1.880995
v 18.800000 5.800000 1.786109
v 19.000000 5.800000 1.701581
v 19.200000 5.800000 1.671832
v 19.400000 5.800000 1.640470
v 19.600000 5.800000 1.591892
v 19.800000 5.800000 1.550620
v 0.000000 6.000000 1.284709
v 0.200000 6.000000 1.283224
v 0.400000 6.000000 1.280665
v 0.600000 6.000000 1.308679
v 0.800000 6.000000 1.355901
v 1.000000 6.000000 1.359103
v 1.200000 6.000000 1.358579
v 1.400000 6.000000 1.370715
v 1.600000 6.000000 1.387583
v 1.800000 6.000000 1.435736
v 2.000000 6.000000 1.482809
v 2.200000 6.000000 1.518038
v 2.400000 6.000000 1.551897
v 2.600000 6.000000 1.542458
v 2.800000 6.000000 1.489035
v 3.000000 6.000000 1.441664
v 3.200000 6.000000 1.433227
v 3.400000 6.000000 1.439766
v 3.600000 6.000000 1.460284
v 3.800000 6.000000 1.475790
v 4.000000 6.000000 1.466574
v 4.200000 6.000000 1.462241
v 4.400000 6.000000 1.495093
v 4.600000 6.000000 1.513947
v 4.800000 6.000000 1.485410
v 5.000000 6.000000 1.501922
v 5.200000 6.000000 1.592642
v 5.400000 6.000000 1.682713
v 5.600000 6.000000 1.760808
v 5.800000 6.000000 1.822343
v 6.000000 6.000000 1.880880
v 6.200000 6.000000 1.934551
v 6.400000 6.000000 1.977709
v 6.600000 6.000000 2.029575
v 6.800000 6.000000 2.097024
v 7.000000 6.000000 2.167608
v 7.200000 6.000000 2.203500
v 7.400000 6.000000 2.232797
v 7.600000 6.000000 2.329487
v 7.800000 6.000000 2.442088
v 8.000000 6.000000 2.483245
v 8.200000 6.000000 2.517219
v 8.400000 6.000000 2.541330
v 8.600000 6.000000 2.526571
v 8.800000 6.000000 2.539321
v 9.000000 6.000000 2.551394
v 9.200000 6.000000 2.532868
v 9.400000 6.000000 2.517395
v 9.600000 6.000000 2.512087
v 9.800000 6.000000 2.518530
v 10.000000 6.000000 2.508645
v 10.200000 6.000000 2.476726
v 10.400000 6.000000 2.434416
v 10.600000 6.000000 2.384675
v 10.800000 6.000000 2.366954
v 11.000000 6.000000 2.341738
v 11.200000 6.000000 2.313647
v 11.400000 6.000000 2.303689
v 11.600000 6.000000 2.282831
v 11.800000 6.000000 2.266819
v 12.000000 6.000000 2.257285
v 12.200000 6.000000 2.266447
v 12.400000 6.000000 2.290133
v 12.600000 6.000000 2.313108
v 12.800000 6.000000 2.330691
v 13.000000 6.000000 2.309129
v 13.200000 6.000000 2.300796
v 13.400000 6.000000 2.328213
v 13.600000 6.000000 2.347935
v 13.800000 6.000000 2.349342
v 14.000000 6.000000 2.341010
v 14.200000 6.000000 2.342751
v 14.400000 6.000000 2.351453
v 14.600000 6.000000 2.322443
v 14.800000 6.000000 2.277750
v 15.000000 6.000000 2.266676
v 15.200000 6.000000 2.271049
v 15.400000 6.000000 2.287466
v 15.600000 6.000000 2.286238
v 15.800000 6.000000 2.233819
v 16.000000 6.000000 2.172729
v 16.200000 6.000000 2.129556
v 16.400000 6.000000 2.077188
v 16.600000 6.000000 2.011117
v 16.800000 6.000000 1.958449
v 17.000000 6.000000 1.923517
v 17.200000 6.000000 1.866871
v 17.400000 6.000000 1.835419
v 17.600000 6.000000 1.851509
v 17.800000 6.000000 1.847395
v 18.000000 6.000000 1.846884
v 18.200000 6.000000 1.856866
v 18.400000 6.000000 1.851731
v 18.600000 6.000000 1.833454
v 18.800000 6.000000 1.784756
v 19.000000 6.000000 1.732583
v 19.200000 6.000000 1.708800
v 19.400000 6.000000 1.676639
v 19.600000 6.000000 1.612234
v 19.800000 6.000000 1.559020
v 0.000000 6.200000 1.322527
v 0.200000 6.200000 1.311478
v 0.400000 6.200000 1.299744
v 0.600000 6.200000 1.319330
v 0.800000 6.200000 1.346604
v 1.000000 6.200000 1.337067
v 1.200000 6.200000 1.332880
v 1.400000 6.200000 1.336425
v 1.600000 6.200000 1.351978
v 1.800000 6.200000 1.419091
v 2.000000 6.200000 1.498098
v 2.200000 6.200000 1.549006
v 2.400000 6.200000 1.576692
v 2.600000 6.200000 1.568840
v 2.800000 6.200000 1.521500
v 3.000000 6.200000 1.487271
v 3.200000 6.200000 1.499374
v 3.400000 6.200000 1.519042
v 3.600000 6.200000 1.519002
v 3.800000 6.200000 1.522362
v 4.000000 6.200000 1.521127
v 4.200000 6.200000 1.500330
v 4.400000 6.200000 1.501250
v 4.600000 6.200000 1.518231
v 4.800000 6.200000 1.493200
v 5.000000 6.200000 1.511670
v 5.200000 6.200000 1.605518
v 5.400000 6.200000 1.701590
v 5.600000 6.200000 1.782043
v 5.800000 6.200000 1.862825
v 6.000000 6.200000 1.938094
v 6.200000 6.200000 1.994785
v 6.400000 6.200000 2.011946
v 6.600000 6.200000 2.058355
v 6.800000 6.200000 2.171179
v 7.000000 6.200000 2.261448
v 7.200000 6.200000 2.284006
v 7.400000 6.200000 2.300967
v 7.600000 6.200000 2.396893
v 7.800000 6.200000 2.502390
v 8.000000 6.200000 2.547909
v 8.200000 6.200000 2.590513
v 8.400000 6.200000 2.613725
v 8.600000 6.200000 2.605279
v 8.800000 6.200000 2.634536
v 9.000000 6.200000 2.667232
v 9.200000 6.200000 2.641546
v 9.400000 6.200000 2.611212
v 9.600000 6.200000 2.585835
v 9.800000 6.200000 2.559925
v 10.000000 6.200000 2.547244
v 10.200000 6.200000 2.540100
v 10.400000 6.200000 2.509239
v 10.600000 6.200000 2.456894
v 10.800000 6.200000 2.438341
v 11.000000 6.200000 2.428189
v 11.200000 6.200000 2.392183
v 11.400000 6.200000 2.365663
v 11.600000 6.200000 2.323035
v 11.800000 6.200000 2.290001
v 12.000000 6.200000 2.292072
v 12.200000 6.200000 2.327340
v 12.400000 6.200000 2.359598
v 12.600000 6.200000 2.356140
v 12.800000 6.200000 2.351120
v 13.000000 6.200000 2.316718
v 13.200000 6.200000 2.294153
v 13.400000 6.200000 2.324228
v 13.600000 6.200000 2.346054
v 13.800000 6.200000 2.310285
v 14.000000 6.200000 2.276960
v 14.200000 6.200000 2.294453
v 14.400000 6.200000 2.306492
v 14.600000 6.200000 2.289062
v 14.800000 6.200000 2.259341
v 15.000000 6.200000 2.245168
v 15.200000 6.200000 2.234197
v 15.400000 6.200000 2.231246
v 15.600000 6.200000 2.216531
v 15.800000 6.200000 2.162603
v 16.000000 6.200000 2.106439
v 16.200000 6.200000 2.057624
v 16.400000 6.200000 1.980988
v 16.600000 6.200000 1.914059
v 16.800000 6.200000 1.869395
v 17.000000 6.200000 1.834380
v 17.200000 6.200000 1.792119
v 17.400000 6.200000 1.773163
v 17.600000 6.200000 1.817218
v 17.800000 6.200000 1.834416
v 18.000000 6.200000 1.834379
v 18.200000 6.200000 1.845493
v 18.400000 6.200000 1.821832
v 18.600000 6.200000 1.792531
v 18.800000 6.200000 1.783505
v 19.000000 6.200000 1.744943
v 19.200000 6.200000 1.714004
v 19.400000 6.200000 1.687004
v 19.600000 6.200000 1.618030
v 19.800000 6.200000 1.560672
v 0.000000 6.400000 1.283017
v 0.200000 6.400000 1.293024
v 0.400000 6.400000 1.300478
v 0.600000 6.400000 1.311797
v 0.800000 6.400000 1.327131
v 1.000000 6.400000 1.319495
v 1.200000 6.400000 1.311975
v 1.400000 6.400000 1.334683
v 1.600000 6.400000 1.372132
v 1.800000 6.400000 1.410894
v 2.000000 6.400000 1.483428
v 2.200000 6.400000 1.549329
v 2.400000 6.400000 1.591862
v 2.600000 6.400000 1.582747
v 2.800000 6.400000 1.531606
v 3.000000 6.400000 1.527418
v 3.200000 6.400000 1.543096
v 3.400000 6.400000 1.549342
v 3.600000 6.400000 1.557513
v 3.800000 6.400000 1.556406
v 4.000000 6.400000 1.546042
v 4.200000 6.400000 1.535374
v 4.400000 6.400000 1.516136
v 4.600000 6.400000 1.509001
v 4.800000 6.400000 1.509306
v 5.000000 6.400000 1.544257
v 5.200000 6.400000 1.633457
v 5.400000 6.400000 1.747324
v 5.600000 6.400000 1.860114
v 5.800000 6.400000 1.939491
v 6.000000 6.400000 2.005470
v 6.200000 6.400000 2.055384
v 6.400000 6.400000 2.104734
v 6.600000 6.400000 2.158956
v 6.800000 6.400000 2.222894
v 7.000000 6.400000 2.297810
v 7.200000 6.400000 2.367539
v 7.400000 6.400000 2.437140
v 7.600000 6.400000 2.492927
v 7.800000 6.400000 2.536827
v 8.000000 6.400000 2.584948
v 8.200000 6.400000 2.625087
v 8.400000 6.400000 2.646606
v 8.600000 6.400000 2.658753
v 8.800000 6.400000 2.713282
v 9.000000 6.400000 2.776087
v 9.200000 6.400000 2.742180
v 9.400000 6.400000 2.682103
v 9.600000 6.400000 2.638377
v 9.800000 6.400000 2.592997
v 10.000000 6.400000 2.574505
v 10.200000 6.400000 2.571967
v 10.400000 6.400000 2.563335
v 10.600000 6.400000 2.532180
v 10.800000 6.400000 2.507324
v 11.000000 6.400000 2.486598
v 11.200000 6.400000 2.433790
v 11.400000 6.400000 2.374614
v 11.600000 6.400000 2.319037
v 11.800000 6.400000 2.283735
v 12.000000 6.400000 2.290552
v 12.200000 6.400000 2.314321
v 12.400000 6.400000 2.329704
v 12.600000 6.400000 2.333292
v 12.800000 6.400000 2.335179
v 13.000000 6.400000 2.336009
v 13.200000 6.400000 2.339341
v 13.400000 6.400000 2.331297
v 13.600000 6.400000 2.316599
v 13.800000 6.400000 2.292016
v 14.000000 6.400000 2.279775
v 14.200000 6.400000 2.261839
v 14.400000 6.400000 2.248048
v 14.600000 6.400000 2.239575
v 14.800000 6.400000 2.231162
v 15.000000 6.400000 2.208238
v 15.200000 6.400000 2.180145
v 15.400000 6.400000 2.155666
v 15.600000 6.400000 2.116098
v 15.800000 6.400000 2.062908
v 16.000000 6.400000 2.009697
v 16.200000 6.400000 1.971946
v 16.400000 6.400000 1.931000
v 16.600000 6.400000 1.866911
v 16.800000 6.400000 1.801617
v 17.000000 6.400000 1.758388
v 17.200000 6.400000 1.760736
v 17.400000 6.400000 1.757720
v 17.600000 6.400000 1.769628
v 17.800000 6.400000 1.794705
v 18.000000 6.400000 1.824787
v 18.200000 6.400000 1.847525
v 18.400000 6.400000 1.832691
v 18.600000 6.400000 1.803954
v 18.800000 6.400000 1.763750
v 19.000000 6.400000 1.714260
v 19.200000 6.400000 1.698213
v 19.400000 6.400000 1.692562
v 19.600000 6.400000 1.636239
v 19.800000 6.400000 1.584213
v 0.000000 6.600000 1.250689
v 0.200000 6.600000 1.278968
v 0.400000 6.600000 1.305296
v 0.600000 6.600000 1.308650
v 0.800000 6.600000 1.315666
v 1.000000 6.600000 1.314118
v 1.200000 6.600000 1.308805
v 1.400000 6.600000 1.339302
v 1.600000 6.600000 1.388971
v 1.800000 6.600000 1.419029
v 2.000000 6.600000 1.480233
v 2.200000 6.600000 1.549936
v 2.400000 6.600000 1.602492
v 2.600000 6.600000 1.595448
v 2.800000 6.600000 1.546671
v 3.000000 6.600000 1.552762
v 3.200000 6.600000 1.565211
v 3.400000 6.600000 1.561265
v 3.600000 6.600000 1.574896
v 3.800000 6.600000 1.573794
v 4.000000 6.600000 1.562779
v 4.200000 6.600000 1.559969
v 4.400000 6.600000 1.527446
v 4.600000 6.600000 1.527140
v 4.800000 6.600000 1.558436
v 5.000000 6.600000 1.608142
v 5.200000 6.600000 1.695493
v 5.400000 6.600000 1.810332
v 5.600000 6.600000 1.938241
v 5.800000 6.600000 2.025153
v 6.000000 6.600000 2.088000
v 6.200000 6.600000 2.135700
v 6.400000 6.600000 2.190310
v 6.600000 6.600000 2.247727
v 6.800000 6.600000 2.280881
v 7.000000 6.600000 2.339472
v 7.200000 6.600000 2.453573
v 7.400000 6.600000 2.565704
v 7.600000 6.600000 2.590755
v 7.800000 6.600000 2.574338
v 8.000000 6.600000 2.602423
v 8.200000 6.600000 2.646711
v 8.400000 6.600000 2.673173
v 8.600000 6.600000 2.699380
v 8.800000 6.600000 2.767824
v 9.000000 6.600000 2.852505
v 9.200000 6.600000 2.822041
v 9.400000 6.600000 2.740792
v 9.600000 6.600000 2.682199
v 9.800000 6.600000 2.635001
v 10.000000 6.600000 2.612680
v 10.200000 6.600000 2.603105
v 10.400000 6.600000 2.598370
v 10.600000 6.600000 2.576017
v 10.800000 6.600000 2.548277
v 11.000000 6.600000 2.521031
v 11.200000 6.600000 2.457853
v 11.400000 6.600000 2.372994
v 11.600000 6.600000 2.310151
v 11.800000 6.600000 2.271408
v 12.000000 6.600000 2.259607
v 12.200000 6.600000 2.264492
v 12.400000 6.600000 2.270133
v 12.600000 6.600000 2.281200
v 12.800000 6.600000 2.298179
v 13.000000 6.600000 2.337544
v 13.200000 6.600000 2.368420
v 13.400000 6.600000 2.323665
v 13.600000 6.600000 2.267743
v 13.800000 6.600000 2.256873
v 14.000000 6.600000 2.268666
v 14.200000 6.600000 2.230486
v 14.400000 6.600000 2.185593
v 14.600000 6.600000 2.176824
v 14.800000 6.600000 2.173046
v 15.000000 6.600000 2.153753
v 15.200000 6.600000 2.126023
v 15.400000 6.600000 2.078212
v 15.600000 6.600000 2.026189
v 15.800000 6.600000 1.986401
v 16.000000 6.600000 1.951210
v 16.200000 6.600000 1.922380
v 16.400000 6.600000 1.903259
v 16.600000 6.600000 1.847474
v 16.800000 6.600000 1.766125
v 17.000000 6.600000 1.721638
v 17.200000 6.600000 1.748105
v 17.400000 6.600000 1.752860
v 17.600000 6.600000 1.743718
v 17.800000 6.600000 1.773219
v 18.000000 6.600000 1.825256
v 18.200000 6.600000 1.852873
v 18.400000 6.600000 1.845866
v 18.600000 6.600000 1.820625
v 18.800000 6.600000 1.750831
v 19.000000 6.600000 1.683415
v 19.200000 6.600000 1.672949
v 19.400000 6.600000 1.674317
v 19.600000 6.600000 1.625440
v 19.800000 6.600000 1.577347
v 0.000000 6.800000 1.271405
v 0.200000 6.800000 1.278779
v 0.400000 6.800000 1.282032
v 0.600000 6.800000 1.291741
v 0.800000 6.800000 1.310887
v 1.000000 6.800000 1.308138
v 1.200000 6.800000 1.294584
v 1.400000 6.800000 1.318628
v 1.600000 6.800000 1.363494
v 1.800000 6.800000 1.408111
v 2.000000 6.800000 1.476767
v 2.200000 6.800000 1.537014
v 2.400000 6.800000 1.572883
v 2.600000 6.800000 1.572804
v 2.800000 6.800000 1.544474
v 3.000000 6.800000 1.552068
v 3.200000 6.800000 1.570264
v 3.400000 6.800000 1.556740
v 3.600000 6.800000 1.552718
v 3.800000 6.800000 1.552013
v 4.000000 6.800000 1.547353
v 4.200000 6.800000 1.557361
v 4.400000 6.800000 1.557902
v 4.600000 6.800000 1.594014
v 4.800000 6.800000 1.654803
v 5.000000 6.800000 1.717936
v 5.200000 6.800000 1.798050
v 5.400000 6.800000 1.902531
v 5.600000 6.800000 2.009891
v 5.800000 6.800000 2.084659
v 6.000000 6.800000 2.162668
v 6.200000 6.800000 2.225049
v 6.400000 6.800000 2.230491
v 6.600000 6.800000 2.263508
v 6.800000 6.800000 2.334417
v 7.000000 6.800000 2.428519
v 7.200000 6.800000 2.537524
v 7.400000 6.800000 2.626223
v 7.600000 6.800000 2.665689
v 7.800000 6.800000 2.655148
v 8.000000 6.800000 2.642631
v 8.200000 6.800000 2.667243
v 8.400000 6.800000 2.703972
v 8.600000 6.800000 2.751153
v 8.800000 6.800000 2.803656
v 9.000000 6.800000 2.855714
v 9.200000 6.800000 2.845977
v 9.400000 6.800000 2.790004
v 9.600000 6.800000 2.721222
v 9.800000 6.800000 2.680266
v 10.000000 6.800000 2.654067
v 10.200000 6.800000 2.626249
v 10.400000 6.800000 2.611759
v 10.600000 6.800000 2.601466
v 10.800000 6.800000 2.577558
v 11.000000 6.800000 2.555414
v 11.200000 6.800000 2.495352
v 11.400000 6.800000 2.391328
v 11.600000 6.800000 2.330367
v 11.800000 6.800000 2.306029
v 12.000000 6.800000 2.269568
v 12.200000 6.800000 2.247724
v 12.400000 6.800000 2.246794
v 12.600000 6.800000 2.263186
v 12.800000 6.800000 2.289964
v 13.000000 6.800000 2.305621
v 13.200000 6.800000 2.321751
v 13.400000 6.800000 2.288697
v 13.600000 6.800000 2.237995
v 13.800000 6.800000 2.210796
v 14.000000 6.800000 2.204125
v 14.200000 6.800000 2.186285
v 14.400000 6.800000 2.142242
v 14.600000 6.800000 2.123684
v 14.800000 6.800000 2.116038
v 15.000000 6.800000 2.100660
v 15.200000 6.800000 2.068075
v 15.400000 6.800000 2.005640
v 15.600000 6.800000 1.962661
v 15.800000 6.800000 1.935368
v 16.000000 6.800000 1.929789
v 16.200000 6.800000 1.898428
v 16.400000 6.800000 1.865015
v 16.600000 6.800000 1.832099
v 16.800000 6.800000 1.776136
v 17.000000 6.800000 1.739486
v 17.200000 6.800000 1.724340
v 17.400000 6.800000 1.719353
v 17.600000 6.800000 1.742371
v 17.800000 6.800000 1.784642
v 18.000000 6.800000 1.812616
v 18.200000 6.800000 1.823141
v 18.400000 6.800000 1.834463
v 18.600000 6.800000 1.821897
v 18.800000 6.800000 1.729683
v 19.000000 6.800000 1.654827
v 19.200000 6.800000 1.647473
v 19.400000 6.800000 1.634349
v 19.600000 6.800000 1.586644
v 19.800000 6.800000 1.542118
v 0.000000 7.000000 1.291382
v 0.200000 7.000000 1.267705
v 0.400000 7.000000 1.248659
v 0.600000 7.000000 1.282928
v 0.800000 7.000000 1.310741
v 1.000000 7.000000 1.303671
v 1.200000 7.000000 1.290822
v 1.400000 7.000000 1.311288
v 1.600000 7.000000 1.351876
v 1.800000 7.000000 1.402905
v 2.000000 7.000000 1.465848
v 2.200000 7.000000 1.498006
v 2.400000 7.000000 1.507005
v 2.600000 7.000000 1.518941
v 2.800000 7.000000 1.520669
v 3.000000 7.000000 1.529328
v 3.200000 7.000000 1.563224
v 3.400000 7.000000 1.563084
v 3.600000 7.000000 1.555506
v 3.800000 7.000000 1.565074
v 4.000000 7.000000 1.582355
v 4.200000 7.000000 1.608849
v 4.400000 7.000000 1.641192
v 4.600000 7.000000 1.689596
v 4.800000 7.000000 1.754762
v 5.000000 7.000000 1.817001
v 5.200000 7.000000 1.894444
v 5.400000 7.000000 1.994823
v 5.600000 7.000000 2.081283
v 5.800000 7.000000 2.142246
v 6.000000 7.000000 2.219735
v 6.200000 7.000000 2.272148
v 6.400000 7.000000 2.261477
v 6.600000 7.000000 2.270716
v 6.800000 7.000000 2.361580
v 7.000000 7.000000 2.483665
v 7.200000 7.000000 2.580669
v 7.400000 7.000000 2.659429
v 7.600000 7.000000 2.715045
v 7.800000 7.000000 2.730392
v 8.000000 7.000000 2.713037
v 8.200000 7.000000 2.717543
v 8.400000 7.000000 2.756383
v 8.600000 7.000000 2.813977
v 8.800000 7.000000 2.825784
v 9.000000 7.000000 2.812783
v 9.200000 7.000000 2.814552
v 9.400000 7.000000 2.804229
v 9.600000 7.000000 2.761863
v 9.800000 7.000000 2.709939
v 10.000000 7.000000 2.672149
v 10.200000 7.000000 2.621890
v 10.400000 7.000000 2.614467
v 10.600000 7.000000 2.626107
v 10.800000 7.000000 2.605721
v 11.000000 7.000000 2.579920
v 11.200000 7.000000 2.523690
v 11.400000 7.000000 2.414255
v 11.600000 7.000000 2.355747
v 11.800000 7.000000 2.338720
v 12.000000 7.000000 2.286732
v 12.200000 7.000000 2.232557
v 12.400000 7.000000 2.209284
v 12.600000 7.000000 2.230429
v 12.800000 7.000000 2.252489
v 13.000000 7.000000 2.236537
v 13.200000 7.000000 2.231741
v 13.400000 7.000000 2.225561
v 13.600000 7.000000 2.206067
v 13.800000 7.000000 2.183164
v 14.000000 7.000000 2.157609
v 14.200000 7.000000 2.124255
v 14.400000 7.000000 2.094416
v 14.600000 7.000000 2.078535
v 14.800000 7.000000 2.075857
v 15.000000 7.000000 2.048921
v 15.200000 7.000000 2.001304
v 15.400000 7.000000 1.961948
v 15.600000 7.000000 1.938061
v 15.800000 7.000000 1.920397
v 16.000000 7.000000 1.901642
v 16.200000 7.000000 1.867611
v 16.400000 7.000000 1.846772
v 16.600000 7.000000 1.802286
v 16.800000 7.000000 1.758684
v 17.000000 7.000000 1.723808
v 17.200000 7.000000 1.671198
v 17.400000 7.000000 1.658959
v 17.600000 7.000000 1.720052
v 17.800000 7.000000 1.762876
v 18.000000 7.000000 1.755396
v 18.200000 7.000000 1.749608
v 18.400000 7.000000 1.776065
v 18.600000 7.000000 1.775616
v 18.800000 7.000000 1.705789
v 19.000000 7.000000 1.628344
v 19.200000 7.000000 1.604988
v 19.400000 7.000000 1.592857
v 19.600000 7.000000 1.551305
v 19.800000 7.000000 1.517698
v 0.000000 7.200000 1.243569
v 0.200000 7.200000 1.237771
v 0.400000 7.200000 1.243594
v 0.600000 7.200000 1.282061
v 0.800000 7.200000 1.302850
v 1.000000 7.200000 1.304744
v 1.200000 7.200000 1.305635
v 1.400000 7.200000 1.323076
v 1.600000 7.200000 1.359118
v 1.800000 7.200000 1.399489
v 2.000000 7.200000 1.428312
v 2.200000 7.200000 1.452969
v 2.400000 7.200000 1.480519
v 2.600000 7.200000 1.501191
v 2.800000 7.200000 1.508577
v 3.000000 7.200000 1.520312
v 3.200000 7.200000 1.552954
v 3.400000 7.200000 1.571927
v 3.600000 7.200000 1.594413
v 3.800000 7.200000 1.623280
v 4.000000 7.200000 1.668156
v 4.200000 7.200000 1.707727
v 4.400000 7.200000 1.734653
v 4.600000 7.200000 1.774761
v 4.800000 7.200000 1.827820
v 5.000000 7.200000 1.883865
v 5.200000 7.200000 1.952880
v 5.400000 7.200000 2.048865
v 5.600000 7.200000 2.146856
v 5.800000 7.200000 2.214891
v 6.000000 7.200000 2.274920
v 6.200000 7.200000 2.307978
v 6.400000 7.200000 2.297996
v 6.600000 7.200000 2.302525
v 6.800000 7.200000 2.393037
v 7.000000 7.200000 2.519961
v 7.200000 7.200000 2.613321
v 7.400000 7.200000 2.686684
v 7.600000 7.200000 2.755540
v 7.800000 7.200000 2.797608
v 8.000000 7.200000 2.790742
v 8.200000 7.200000 2.787175
v 8.400000 7.200000 2.801469
v 8.600000 7.200000 2.819201
v 8.800000 7.200000 2.815044
v 9.000000 7.200000 2.799826
v 9.200000 7.200000 2.793506
v 9.400000 7.200000 2.775920
v 9.600000 7.200000 2.751586
v 9.800000 7.200000 2.713249
v 10.000000 7.200000 2.678578
v 10.200000 7.200000 2.644463
v 10.400000 7.200000 2.645354
v 10.600000 7.200000 2.642373
v 10.800000 7.200000 2.602365
v 11.000000 7.200000 2.550219
v 11.200000 7.200000 2.494055
v 11.400000 7.200000 2.411370
v 11.600000 7.200000 2.364888
v 11.800000 7.200000 2.340229
v 12.000000 7.200000 2.267523
v 12.200000 7.200000 2.194674
v 12.400000 7.200000 2.158438
v 12.600000 7.200000 2.154128
v 12.800000 7.200000 2.150889
v 13.000000 7.200000 2.134963
v 13.200000 7.200000 2.138180
v 13.400000 7.200000 2.144864
v 13.600000 7.200000 2.140577
v 13.800000 7.200000 2.130962
v 14.000000 7.200000 2.104928
v 14.200000 7.200000 2.065386
v 14.400000 7.200000 2.044364
v 14.600000 7.200000 2.026090
v 14.800000 7.200000 2.018214
v 15.000000 7.200000 1.999605
v 15.200000 7.200000 1.975389
v 15.400000 7.200000 1.954432
v 15.600000 7.200000 1.942979
v 15.800000 7.200000 1.925401
v 16.000000 7.200000 1.882993
v 16.200000 7.200000 1.835283
v 16.400000 7.200000 1.794164
v 16.600000 7.200000 1.733085
v 16.800000 7.200000 1.689357
v 17.000000 7.200000 1.662951
v 17.200000 7.200000 1.626792
v 17.400000 7.200000 1.617986
v 17.600000 7.200000 1.676035
v 17.800000 7.200000 1.712258
v 18.000000 7.200000 1.697999
v 18.200000 7.200000 1.684271
v 18.400000 7.200000 1.691279
v 18.600000 7.200000 1.685328
v 18.800000 7.200000 1.653494
v 19.000000 7.200000 1.597853
v 19.200000 7.200000 1.571742
v 19.400000 7.200000 1.558676
v 19.600000 7.200000 1.521574
v 19.800000 7.200000 1.493535
v 0.000000 7.400000 1.172607
v 0.200000 7.400000 1.202576
v 0.400000 7.400000 1.239167
v 0.600000 7.400000 1.268466
v 0.800000 7.400000 1.283265
v 1.000000 7.400000 1.296366
v 1.200000 7.400000 1.304745
v 1.400000 7.400000 1.317491
v 1.600000 7.400000 1.349553
v 1.800000 7.400000 1.384356
v 2.000000 7.400000 1.388664
v 2.200000 7.400000 1.431115
v 2.400000 7.400000 1.491701
v 2.600000 7.400000 1.512044
v 2.800000 7.400000 1.503538
v 3.000000 7.400000 1.532036
v 3.200000 7.400000 1.560135
v 3.400000 7.400000 1.588085
v 3.600000 7.400000 1.627782
v 3.800000 7.400000 1.669019
v 4.000000 7.400000 1.740397
v 4.200000 7.400000 1.783333
v 4.400000 7.400000 1.795437
v 4.600000 7.400000 1.826971
v 4.800000 7.400000 1.874255
v 5.000000 7.400000 1.928646
v 5.200000 7.400000 1.984771
v 5.400000 7.400000 2.074810
v 5.600000 7.400000 2.190569
v 5.800000 7.400000 2.275569
v 6.000000 7.400000 2.322447
v 6.200000 7.400000 2.343986
v 6.400000 7.400000 2.334711
v 6.600000 7.400000 2.341952
v 6.800000 7.400000 2.442202
v 7.000000 7.400000 2.569521
v 7.200000 7.400000 2.650191
v 7.400000 7.400000 2.698931
v 7.600000 7.400000 2.777642
v 7.800000 7.400000 2.842662
v 8.000000 7.400000 2.846626
v 8.200000 7.400000 2.831090
v 8.400000 7.400000 2.818860
v 8.600000 7.400000 2.798422
v 8.800000 7.400000 2.804365
v 9.000000 7.400000 2.820864
v 9.200000 7.400000 2.785342
v 9.400000 7.400000 2.743137
v 9.600000 7.400000 2.727206
v 9.800000 7.400000 2.702789
v 10.000000 7.400000 2.673726
v 10.200000 7.400000 2.663117
v 10.400000 7.400000 2.673784
v 10.600000 7.400000 2.651240
v 10.800000 7.400000 2.579078
v 11.000000 7.400000 2.497066
v 11.200000 7.400000 2.439077
v 11.400000 7.400000 2.402423
v 11.600000 7.400000 2.363256
v 11.800000 7.400000 2.332451
v 12.000000 7.400000 2.240148
v 12.200000 7.400000 2.157495
v 12.400000 7.400000 2.116743
v 12.600000 7.400000 2.070538
v 12.800000 7.400000 2.047047
v 13.000000 7.400000 2.049685
v 13.200000 7.400000 2.047376
v 13.400000 7.400000 2.053513
v 13.600000 7.400000 2.055112
v 13.800000 7.400000 2.044827
v 14.000000 7.400000 2.020522
v 14.200000 7.400000 2.005724
v 14.400000 7.400000 1.994335
v 14.600000 7.400000 1.968574
v 14.800000 7.400000 1.953043
v 15.000000 7.400000 1.949818
v 15.200000 7.400000 1.955870
v 15.400000 7.400000 1.945760
v 15.600000 7.400000 1.935117
v 15.800000 7.400000 1.904903
v 16.000000 7.400000 1.844909
v 16.200000 7.400000 1.787455
v 16.400000 7.400000 1.725940
v 16.600000 7.400000 1.653081
v 16.800000 7.400000 1.612714
v 17.000000 7.400000 1.602748
v 17.200000 7.400000 1.582014
v 17.400000 7.400000 1.573020
v 17.600000 7.400000 1.619001
v 17.800000 7.400000 1.653091
v 18.000000 7.400000 1.639195
v 18.200000 7.400000 1.626934
v 18.400000 7.400000 1.612247
v 18.600000 7.400000 1.594982
v 18.800000 7.400000 1.590208
v 19.000000 7.400000 1.559479
v 19.200000 7.400000 1.541132
v 19.400000 7.400000 1.523626
v 19.600000 7.400000 1.487727
v 19.800000 7.400000 1.454274
v 0.000000 7.600000 1.163285
v 0.200000 7.600000 1.181248
v 0.400000 7.600000 1.212221
v 0.600000 7.600000 1.230806
v 0.800000 7.600000 1.238853
v 1.000000 7.600000 1.265495
v 1.200000 7.600000 1.300910
v 1.400000 7.600000 1.304988
v 1.600000 7.600000 1.325940
v 1.800000 7.600000 1.369308
v 2.000000 7.600000 1.390774
v 2.200000 7.600000 1.438640
v 2.400000 7.600000 1.498976
v 2.600000 7.600000 1.527613
v 2.800000 7.600000 1.529465
v 3.000000 7.600000 1.573458
v 3.200000 7.600000 1.609208
v 3.400000 7.600000 1.632583
v 3.600000 7.600000 1.672318
v 3.800000 7.600000 1.710969
v 4.000000 7.600000 1.773041
v 4.200000 7.600000 1.812482
v 4.400000 7.600000 1.829913
v 4.600000 7.600000 1.869164
v 4.800000 7.600000 1.918142
v 5.000000 7.600000 1.974667
v 5.200000 7.600000 2.050371
v 5.400000 7.600000 2.133975
v 5.600000 7.600000 2.228346
v 5.800000 7.600000 2.304411
v 6.000000 7.600000 2.351446
v 6.200000 7.600000 2.374080
v 6.400000 7.600000 2.365670
v 6.600000 7.600000 2.370454
v 6.800000 7.600000 2.457025
v 7.000000 7.600000 2.584705
v 7.200000 7.600000 2.677037
v 7.400000 7.600000 2.742839
v 7.600000 7.600000 2.801398
v 7.800000 7.600000 2.837084
v 8.000000 7.600000 2.836139
v 8.200000 7.600000 2.833046
v 8.400000 7.600000 2.829105
v 8.600000 7.600000 2.825669
v 8.800000 7.600000 2.820868
v 9.000000 7.600000 2.809458
v 9.200000 7.600000 2.785364
v 9.400000 7.600000 2.755203
v 9.600000 7.600000 2.728764
v 9.800000 7.600000 2.685652
v 10.000000 7.600000 2.657187
v 10.200000 7.600000 2.668679
v 10.400000 7.600000 2.662312
v 10.600000 7.600000 2.622857
v 10.800000 7.600000 2.566618
v 11.000000 7.600000 2.499138
v 11.200000 7.600000 2.443231
v 11.400000 7.600000 2.389259
v 11.600000 7.600000 2.331249
v 11.800000 7.600000 2.282710
v 12.000000 7.600000 2.202696
v 12.200000 7.600000 2.118362
v 12.400000 7.600000 2.068653
v 12.600000 7.600000 2.029943
v 12.800000 7.600000 1.997942
v 13.000000 7.600000 1.982258
v 13.200000 7.600000 1.988969
v 13.400000 7.600000 1.986685
v 13.600000 7.600000 1.977867
v 13.800000 7.600000 1.973872
v 14.000000 7.600000 1.958881
v 14.200000 7.600000 1.952308
v 14.400000 7.600000 1.943186
v 14.600000 7.600000 1.912323
v 14.800000 7.600000 1.885634
v 15.000000 7.600000 1.872957
v 15.200000 7.600000 1.866323
v 15.400000 7.600000 1.856243
v 15.600000 7.600000 1.858302
v 15.800000 7.600000 1.842040
v 16.000000 7.600000 1.779913
v 16.200000 7.600000 1.732820
v 16.400000 7.600000 1.697187
v 16.600000 7.600000 1.634373
v 16.800000 7.600000 1.590149
v 17.000000 7.600000 1.566990
v 17.200000 7.600000 1.534026
v 17.400000 7.600000 1.516572
v 17.600000 7.600000 1.542559
v 17.800000 7.600000 1.568966
v 18.000000 7.600000 1.551738
v 18.200000 7.600000 1.539730
v 18.400000 7.600000 1.540190
v 18.600000 7.600000 1.533788
v 18.800000 7.600000 1.514650
v 19.000000 7.600000 1.477759
v 19.200000 7.600000 1.461794
v 19.400000 7.600000 1.447245
v 19.600000 7.600000 1.403439
v 19.800000 7.600000 1.367223
v 0.000000 7.800000 1.178185
v 0.200000 7.800000 1.188150
v 0.400000 7.800000 1.212419
v 0.600000 7.800000 1.216291
v 0.800000 7.800000 1.213093
v 1.000000 7.800000 1.255619
v 1.200000 7.800000 1.312517
v 1.400000 7.800000 1.299930
v 1.600000 7.800000 1.300786
v 1.800000 7.800000 1.352853
v 2.000000 7.800000 1.400019
v 2.200000 7.800000 1.455174
v 2.400000 7.800000 1.514758
v 2.600000 7.800000 1.550825
v 2.800000 7.800000 1.563932
v 3.000000 7.800000 1.625444
v 3.200000 7.800000 1.673201
v 3.400000 7.800000 1.690779
v 3.600000 7.800000 1.727134
v 3.800000 7.800000 1.757640
v 4.000000 7.800000 1.798566
v 4.200000 7.800000 1.833993
v 4.400000 7.800000 1.859774
v 4.600000 7.800000 1.907806
v 4.800000 7.800000 1.962151
v 5.000000 7.800000 2.021683
v 5.200000 7.800000 2.108357
v 5.400000 7.800000 2.175903
v 5.600000 7.800000 2.236365
v 5.800000 7.800000 2.297722
v 6.000000 7.800000 2.349342
v 6.200000 7.800000 2.379000
v 6.400000 7.800000 2.373324
v 6.600000 7.800000 2.378195
v 6.800000 7.800000 2.452195
v 7.000000 7.800000 2.574027
v 7.200000 7.800000 2.681689
v 7.400000 7.800000 2.769251
v 7.600000 7.800000 2.797708
v 7.800000 7.800000 2.786941
v 8.000000 7.800000 2.784446
v 8.200000 7.800000 2.803811
v 8.400000 7.800000 2.819186
v 8.600000 7.800000 2.845721
v 8.800000 7.800000 2.837651
v 9.000000 7.800000 2.796722
v 9.200000 7.800000 2.781121
v 9.400000 7.800000 2.767330
v 9.600000 7.800000 2.723972
v 9.800000 7.800000 2.656577
v 10.000000 7.800000 2.627172
v 10.200000 7.800000 2.658138
v 10.400000 7.800000 2.641032
v 10.600000 7.800000 2.579235
v 10.800000 7.800000 2.528772
v 11.000000 7.800000 2.486361
v 11.200000 7.800000 2.436257
v 11.400000 7.800000 2.358356
v 11.600000 7.800000 2.283667
v 11.800000 7.800000 2.224654
v 12.000000 7.800000 2.160820
v 12.200000 7.800000 2.085488
v 12.400000 7.800000 2.031975
v 12.600000 7.800000 2.002719
v 12.800000 7.800000 1.967596
v 13.000000 7.800000 1.941876
v 13.200000 7.800000 1.951014
v 13.400000 7.800000 1.929701
v 13.600000 7.800000 1.901661
v 13.800000 7.800000 1.903828
v 14.000000 7.800000 1.901703
v 14.200000 7.800000 1.905096
v 14.400000 7.800000 1.901245
v 14.600000 7.800000 1.863572
v 14.800000 7.800000 1.819875
v 15.000000 7.800000 1.796388
v 15.200000 7.800000 1.770178
v 15.400000 7.800000 1.752713
v 15.600000 7.800000 1.759976
v 15.800000 7.800000 1.750711
v 16.000000 7.800000 1.696856
v 16.200000 7.800000 1.673223
v 16.400000 7.800000 1.680939
v 16.600000 7.800000 1.635295
v 16.800000 7.800000 1.583573
v 17.000000 7.800000 1.540007
v 17.200000 7.800000 1.485568
v 17.400000 7.800000 1.457278
v 17.600000 7.800000 1.458993
v 17.800000 7.800000 1.465549
v 18.000000 7.800000 1.437674
v 18.200000 7.800000 1.426133
v 18.400000 7.800000 1.453028
v 18.600000 7.800000 1.466441
v 18.800000 7.800000 1.429512
v 19.000000 7.800000 1.386505
v 19.200000 7.800000 1.376714
v 19.400000 7.800000 1.362765
v 19.600000 7.800000 1.299702
v 19.800000 7.800000 1.250630
v 0.000000 8.000000 1.191188
v 0.200000 8.000000 1.209319
v 0.400000 8.000000 1.234946
v 0.600000 8.000000 1.252411
v 0.800000 8.000000 1.243189
v 1.000000 8.000000 1.273766
v 1.200000 8.000000 1.307004
v 1.400000 8.000000 1.291843
v 1.600000 8.000000 1.294669
v 1.800000 8.000000 1.345845
v 2.000000 8.000000 1.387835
v 2.200000 8.000000 1.452366
v 2.400000 8.000000 1.540545
v 2.600000 8.000000 1.587697
v 2.800000 8.000000 1.618341
v 3.000000 8.000000 1.688424
v 3.200000 8.000000 1.749481
v 3.400000 8.000000 1.776018
v 3.600000 8.000000 1.801567
v 3.800000 8.000000 1.822801
v 4.000000 8.000000 1.850517
v 4.200000 8.000000 1.890465
v 4.400000 8.000000 1.925696
v 4.600000 8.000000 1.965494
v 4.800000 8.000000 2.022153
v 5.000000 8.000000 2.083676
v 5.200000 8.000000 2.141607
v 5.400000 8.000000 2.184960
v 5.600000 8.000000 2.213927
v 5.800000 8.000000 2.250948
v 6.000000 8.000000 2.320105
v 6.200000 8.000000 2.374919
v 6.400000 8.000000 2.363507
v 6.600000 8.000000 2.369211
v 6.800000 8.000000 2.453455
v 7.000000 8.000000 2.564013
v 7.200000 8.000000 2.662625
v 7.400000 8.000000 2.749468
v 7.600000 8.000000 2.770835
v 7.800000 8.000000 2.760501
v 8.000000 8.000000 2.770484
v 8.200000 8.000000 2.782163
v 8.400000 8.000000 2.797759
v 8.600000 8.000000 2.809317
v 8.800000 8.000000 2.821848
v 9.000000 8.000000 2.811517
v 9.200000 8.000000 2.792502
v 9.400000 8.000000 2.749929
v 9.600000 8.000000 2.676005
v 9.800000 8.000000 2.612014
v 10.000000 8.000000 2.583296
v 10.200000 8.000000 2.610490
v 10.400000 8.000000 2.604032
v 10.600000 8.000000 2.546655
v 10.800000 8.000000 2.473763
v 11.000000 8.000000 2.434223
v 11.200000 8.000000 2.385824
v 11.400000 8.000000 2.316816
v 11.600000 8.000000 2.252892
v 11.800000 8.000000 2.199623
v 12.000000 8.000000 2.142899
v 12.200000 8.000000 2.068192
v 12.400000 8.000000 2.006302
v 12.600000 8.000000 1.975906
v 12.800000 8.000000 1.945936
v 13.000000 8.000000 1.926089
v 13.200000 8.000000 1.908132
v 13.400000 8.000000 1.876882
v 13.600000 8.000000 1.843169
v 13.800000 8.000000 1.847352
v 14.000000 8.000000 1.847298
v 14.200000 8.000000 1.850777
v 14.400000 8.000000 1.863419
v 14.600000 8.000000 1.836578
v 14.800000 8.000000 1.796241
v 15.000000 8.000000 1.765257
v 15.200000 8.000000 1.725138
v 15.400000 8.000000 1.699814
v 15.600000 8.000000 1.669556
v 15.800000 8.000000 1.638415
v 16.000000 8.000000 1.607519
v 16.200000 8.000000 1.599518
v 16.400000 8.000000 1.610388
v 16.600000 8.000000 1.590560
v 16.800000 8.000000 1.534021
v 17.000000 8.000000 1.466482
v 17.200000 8.000000 1.406812
v 17.400000 8.000000 1.378152
v 17.600000 8.000000 1.380267
v 17.800000 8.000000 1.360241
v 18.000000 8.000000 1.320601
v 18.200000 8.000000 1.303551
v 18.400000 8.000000 1.339062
v 18.600000 8.000000 1.371215
v 18.800000 8.000000 1.342918
v 19.000000 8.000000 1.322007
v 19.200000 8.000000 1.323408
v 19.400000 8.000000 1.313241
v 19.600000 8.000000 1.242995
v 19.800000 8.000000 1.183338
v 0.000000 8.200000 1.226802
v 0.200000 8.200000 1.236330
v 0.400000 8.200000 1.251914
v 0.600000 8.200000 1.258571
v 0.800000 8.200000 1.268724
v 1.000000 8.200000 1.297582
v 1.200000 8.200000 1.300366
v 1.400000 8.200000 1.289936
v 1.600000 8.200000 1.303368
v 1.800000 8.200000 1.332050
v 2.000000 8.200000 1.365071
v 2.200000 8.200000 1.447681
v 2.400000 8.200000 1.545028
v 2.600000 8.200000 1.609169
v 2.800000 8.200000 1.678283
v 3.000000 8.200000 1.759684
v 3.200000 8.200000 1.834514
v 3.400000 8.200000 1.874898
v 3.600000 8.200000 1.884482
v 3.800000 8.200000 1.893584
v 4.000000 8.200000 1.903764
v 4.200000 8.200000 1.937322
v 4.400000 8.200000 1.984343
v 4.600000 8.200000 2.025236
v 4.800000 8.200000 2.062671
v 5.000000 8.200000 2.114350
v 5.200000 8.200000 2.160343
v 5.400000 8.200000 2.200146
v 5.600000 8.200000 2.202803
v 5.800000 8.200000 2.215210
v 6.000000 8.200000 2.291209
v 6.200000 8.200000 2.350796
v 6.400000 8.200000 2.340573
v 6.600000 8.200000 2.347907
v 6.800000 8.200000 2.435380
v 7.000000 8.200000 2.545601
v 7.200000 8.200000 2.623841
v 7.400000 8.200000 2.685865
v 7.600000 8.200000 2.736418
v 7.800000 8.200000 2.767643
v 8.000000 8.200000 2.769307
v 8.200000 8.200000 2.768228
v 8.400000 8.200000 2.776991
v 8.600000 8.200000 2.771973
v 8.800000 8.200000 2.804284
v 9.000000 8.200000 2.833645
v 9.200000 8.200000 2.794382
v 9.400000 8.200000 2.726622
v 9.600000 8.200000 2.655175
v 9.800000 8.200000 2.576315
v 10.000000 8.200000 2.540317
v 10.200000 8.200000 2.557541
v 10.400000 8.200000 2.542140
v 10.600000 8.200000 2.492819
v 10.800000 8.200000 2.431066
v 11.000000 8.200000 2.399811
v 11.200000 8.200000 2.355208
v 11.400000 8.200000 2.301805
v 11.600000 8.200000 2.255752
v 11.800000 8.200000 2.200751
v 12.000000 8.200000 2.137966
v 12.200000 8.200000 2.045517
v 12.400000 8.200000 1.964712
v 12.600000 8.200000 1.944416
v 12.800000 8.200000 1.918333
v 13.000000 8.200000 1.886227
v 13.200000 8.200000 1.858501
v 13.400000 8.200000 1.832885
v 13.600000 8.200000 1.803933
v 13.800000 8.200000 1.795242
v 14.000000 8.200000 1.783398
v 14.200000 8.200000 1.794988
v 14.400000 8.200000 1.807944
v 14.600000 8.200000 1.784037
v 14.800000 8.200000 1.746709
v 15.000000 8.200000 1.729273
v 15.200000 8.200000 1.703831
v 15.400000 8.200000 1.641794
v 15.600000 8.200000 1.576506
v 15.800000 8.200000 1.544632
v 16.000000 8.200000 1.527659
v 16.200000 8.200000 1.531917
v 16.400000 8.200000 1.546690
v 16.600000 8.200000 1.521197
v 16.800000 8.200000 1.455843
v 17.000000 8.200000 1.386566
v 17.200000 8.200000 1.328786
v 17.400000 8.200000 1.297970
v 17.600000 8.200000 1.287388
v 17.800000 8.200000 1.269731
v 18.000000 8.200000 1.243770
v 18.200000 8.200000 1.229844
v 18.400000 8.200000 1.232799
v 18.600000 8.200000 1.248797
v 18.800000 8.200000 1.266324
v 19.000000 8.200000 1.280924
v 19.200000 8.200000 1.290167
v 19.400000 8.200000 1.267308
v 19.600000 8.200000 1.197564
v 19.800000 8.200000 1.147818
v 0.000000 8.400000 1.191661
v 0.200000 8.400000 1.200033
v 0.400000 8.400000 1.211958
v 0.600000 8.400000 1.206152
v 0.800000 8.400000 1.238487
v 1.000000 8.400000 1.284089
v 1.200000 8.400000 1.285178
v 1.400000 8.400000 1.281917
v 1.600000 8.400000 1.298480
v 1.800000 8.400000 1.323408
v 2.000000 8.400000 1.383340
v 2.200000 8.400000 1.469514
v 2.400000 8.400000 1.542321
v 2.600000 8.400000 1.611691
v 2.800000 8.400000 1.699088
v 3.000000 8.400000 1.783920
v 3.200000 8.400000 1.865746
v 3.400000 8.400000 1.921363
v 3.600000 8.400000 1.922015
v 3.800000 8.400000 1.927042
v 4.000000 8.400000 1.932294
v 4.200000 8.400000 1.949844
v 4.400000 8.400000 1.972849
v 4.600000 8.400000 2.000972
v 4.800000 8.400000 2.034501
v 5.000000 8.400000 2.084646
v 5.200000 8.400000 2.129117
v 5.400000 8.400000 2.184076
v 5.600000 8.400000 2.209148
v 5.800000 8.400000 2.216890
v 6.000000 8.400000 2.258251
v 6.200000 8.400000 2.293839
v 6.400000 8.400000 2.311732
v 6.600000 8.400000 2.349834
v 6.800000 8.400000 2.433476
v 7.000000 8.400000 2.521934
v 7.200000 8.400000 2.581846
v 7.400000 8.400000 2.630216
v 7.600000 8.400000 2.687638
v 7.800000 8.400000 2.730284
v 8.000000 8.400000 2.741799
v 8.200000 8.400000 2.749147
v 8.400000 8.400000 2.768450
v 8.600000 8.400000 2.783667
v 8.800000 8.400000 2.808505
v 9.000000 8.400000 2.816695
v 9.200000 8.400000 2.762106
v 9.400000 8.400000 2.707178
v 9.600000 8.400000 2.658316
v 9.800000 8.400000 2.583943
v 10.000000 8.400000 2.539786
v 10.200000 8.400000 2.523076
v 10.400000 8.400000 2.483200
v 10.600000 8.400000 2.439439
v 10.800000 8.400000 2.392443
v 11.000000 8.400000 2.356306
v 11.200000 8.400000 2.309600
v 11.400000 8.400000 2.261599
v 11.600000 8.400000 2.231657
v 11.800000 8.400000 2.195543
v 12.000000 8.400000 2.129485
v 12.200000 8.400000 2.019477
v 12.400000 8.400000 1.924448
v 12.600000 8.400000 1.904978
v 12.800000 8.400000 1.877836
v 13.000000 8.400000 1.835595
v 13.200000 8.400000 1.799155
v 13.400000 8.400000 1.770394
v 13.600000 8.400000 1.737795
v 13.800000 8.400000 1.728611
v 14.000000 8.400000 1.718469
v 14.200000 8.400000 1.731306
v 14.400000 8.400000 1.740838
v 14.600000 8.400000 1.730780
v 14.800000 8.400000 1.712238
v 15.000000 8.400000 1.702096
v 15.200000 8.400000 1.679446
v 15.400000 8.400000 1.598513
v 15.600000 8.400000 1.525445
v 15.800000 8.400000 1.490048
v 16.000000 8.400000 1.468969
v 16.200000 8.400000 1.467532
v 16.400000 8.400000 1.466505
v 16.600000 8.400000 1.431025
v 16.800000 8.400000 1.378216
v 17.000000 8.400000 1.330297
v 17.200000 8.400000 1.282121
v 17.400000 8.400000 1.252151
v 17.600000 8.400000 1.236403
v 17.800000 8.400000 1.226699
v 18.000000 8.400000 1.215951
v 18.200000 8.400000 1.201185
v 18.400000 8.400000 1.184909
v 18.600000 8.400000 1.189252
v 18.800000 8.400000 1.216008
v 19.000000 8.400000 1.245667
v 19.200000 8.400000 1.269856
v 19.400000 8.400000 1.238231
v 19.600000 8.400000 1.180594
v 19.800000 8.400000 1.150463
v 0.000000 8.600000 1.081247
v 0.200000 8.600000 1.106274
v 0.400000 8.600000 1.131452
v 0.600000 8.600000 1.139701
v 0.800000 8.600000 1.176615
v 1.000000 8.600000 1.230637
v 1.200000 8.600000 1.256385
v 1.400000 8.600000 1.258617
v 1.600000 8.600000 1.274612
v 1.800000 8.600000 1.326943
v 2.000000 8.600000 1.419382
v 2.200000 8.600000 1.476198
v 2.400000 8.600000 1.529358
v 2.600000 8.600000 1.602399
v 2.800000 8.600000 1.701933
v 3.000000 8.600000 1.791240
v 3.200000 8.600000 1.868428
v 3.400000 8.600000 1.916831
v 3.600000 8.600000 1.913366
v 3.800000 8.600000 1.929107
v 4.000000 8.600000 1.969985
v 4.200000 8.600000 1.955635
v 4.400000 8.600000 1.925467
v 4.600000 8.600000 1.940022
v 4.800000 8.600000 1.976076
v 5.000000 8.600000 2.028713
v 5.200000 8.600000 2.079542
v 5.400000 8.600000 2.146948
v 5.600000 8.600000 2.209546
v 5.800000 8.600000 2.229264
v 6.000000 8.600000 2.230974
v 6.200000 8.600000 2.244478
v 6.400000 8.600000 2.323284
v 6.600000 8.600000 2.407874
v 6.800000 8.600000 2.471339
v 7.000000 8.600000 2.519480
v 7.200000 8.600000 2.565075
v 7.400000 8.600000 2.602119
v 7.600000 8.600000 2.646517
v 7.800000 8.600000 2.674956
v 8.000000 8.600000 2.691349
v 8.200000 8.600000 2.715993
v 8.400000 8.600000 2.760726
v 8.600000 8.600000 2.812686
v 8.800000 8.600000 2.813610
v 9.000000 8.600000 2.770736
v 9.200000 8.600000 2.741393
v 9.400000 8.600000 2.711418
v 9.600000 8.600000 2.666423
v 9.800000 8.600000 2.636084
v 10.000000 8.600000 2.588369
v 10.200000 8.600000 2.507667
v 10.400000 8.600000 2.436516
v 10.600000 8.600000 2.405035
v 10.800000 8.600000 2.372446
v 11.000000 8.600000 2.303412
v 11.200000 8.600000 2.243797
v 11.400000 8.600000 2.206695
v 11.600000 8.600000 2.186045
v 11.800000 8.600000 2.173187
v 12.000000 8.600000 2.116064
v 12.200000 8.600000 1.994244
v 12.400000 8.600000 1.891002
v 12.600000 8.600000 1.876279
v 12.800000 8.600000 1.852766
v 13.000000 8.600000 1.797781
v 13.200000 8.600000 1.744268
v 13.400000 8.600000 1.718740
v 13.600000 8.600000 1.700674
v 13.800000 8.600000 1.690718
v 14.000000 8.600000 1.682571
v 14.200000 8.600000 1.676094
v 14.400000 8.600000 1.688745
v 14.600000 8.600000 1.704389
v 14.800000 8.600000 1.710785
v 15.000000 8.600000 1.690441
v 15.200000 8.600000 1.652837
v 15.400000 8.600000 1.596892
v 15.600000 8.600000 1.516634
v 15.800000 8.600000 1.463419
v 16.000000 8.600000 1.434296
v 16.200000 8.600000 1.408901
v 16.400000 8.600000 1.364420
v 16.600000 8.600000 1.315193
v 16.800000 8.600000 1.293344
v 17.000000 8.600000 1.292873
v 17.200000 8.600000 1.258484
v 17.400000 8.600000 1.233725
v 17.600000 8.600000 1.226739
v 17.800000 8.600000 1.209790
v 18.000000 8.600000 1.213525
v 18.200000 8.600000 1.197307
v 18.400000 8.600000 1.180559
v 18.600000 8.600000 1.189821
v 18.800000 8.600000 1.197417
v 19.000000 8.600000 1.223374
v 19.200000 8.600000 1.255377
v 19.400000 8.600000 1.231912
v 19.600000 8.600000 1.191168
v 19.800000 8.600000 1.161328
v 0.000000 8.800000 1.040314
v 0.200000 8.800000 1.059231
v 0.400000 8.800000 1.083916
v 0.600000 8.800000 1.096706
v 0.800000 8.800000 1.132078
v 1.000000 8.800000 1.187865
v 1.200000 8.800000 1.223821
v 1.400000 8.800000 1.235766
v 1.600000 8.800000 1.257038
v 1.800000 8.800000 1.316057
v 2.000000 8.800000 1.405837
v 2.200000 8.800000 1.461529
v 2.400000 8.800000 1.519609
v 2.600000 8.800000 1.594650
v 2.800000 8.800000 1.695431
v 3.000000 8.800000 1.788521
v 3.200000 8.800000 1.863401
v 3.400000 8.800000 1.905606
v 3.600000 8.800000 1.910385
v 3.800000 8.800000 1.933772
v 4.000000 8.800000 1.976819
v 4.200000 8.800000 1.959345
v 4.400000 8.800000 1.916819
v 4.600000 8.800000 1.917704
v 4.800000 8.800000 1.955032
v 5.000000 8.800000 2.010252
v 5.200000 8.800000 2.060449
v 5.400000 8.800000 2.121284
v 5.600000 8.800000 2.180523
v 5.800000 8.800000 2.211237
v 6.000000 8.800000 2.232217
v 6.200000 8.800000 2.267911
v 6.400000 8.800000 2.363373
v 6.600000 8.800000 2.454132
v 6.800000 8.800000 2.504135
v 7.000000 8.800000 2.540596
v 7.200000 8.800000 2.577082
v 7.400000 8.800000 2.613634
v 7.600000 8.800000 2.645947
v 7.800000 8.800000 2.669578
v 8.000000 8.800000 2.706561
v 8.200000 8.800000 2.738670
v 8.400000 8.800000 2.768116
v 8.600000 8.800000 2.789246
v 8.800000 8.800000 2.783443
v 9.000000 8.800000 2.746674
v 9.200000 8.800000 2.722555
v 9.400000 8.800000 2.707932
v 9.600000 8.800000 2.674899
v 9.800000 8.800000 2.642728
v 10.000000 8.800000 2.594212
v 10.200000 8.800000 2.511385
v 10.400000 8.800000 2.415568
v 10.600000 8.800000 2.348903
v 10.800000 8.800000 2.297963
v 11.000000 8.800000 2.232910
v 11.200000 8.800000 2.181635
v 11.400000 8.800000 2.157270
v 11.600000 8.800000 2.129826
v 11.800000 8.800000 2.113110
v 12.000000 8.800000 2.062923
v 12.200000 8.800000 1.959384
v 12.400000 8.800000 1.870521
v 12.600000 8.800000 1.841605
v 12.800000 8.800000 1.805867
v 13.000000 8.800000 1.757105
v 13.200000 8.800000 1.705192
v 13.400000 8.800000 1.679451
v 13.600000 8.800000 1.664394
v 13.800000 8.800000 1.647258
v 14.000000 8.800000 1.635212
v 14.200000 8.800000 1.640543
v 14.400000 8.800000 1.648932
v 14.600000 8.800000 1.665049
v 14.800000 8.800000 1.677802
v 15.000000 8.800000 1.654729
v 15.200000 8.800000 1.611527
v 15.400000 8.800000 1.564157
v 15.600000 8.800000 1.496531
v 15.800000 8.800000 1.437521
v 16.000000 8.800000 1.389801
v 16.200000 8.800000 1.346870
v 16.400000 8.800000 1.300584
v 16.600000 8.800000 1.263402
v 16.800000 8.800000 1.258073
v 17.000000 8.800000 1.270920
v 17.200000 8.800000 1.254490
v 17.400000 8.800000 1.237727
v 17.600000 8.800000 1.231344
v 17.800000 8.800000 1.209623
v 18.000000 8.800000 1.201488
v 18.200000 8.800000 1.180951
v 18.400000 8.800000 1.165939
v 18.600000 8.800000 1.177402
v 18.800000 8.800000 1.193158
v 19.000000 8.800000 1.215668
v 19.200000 8.800000 1.229540
v 19.400000 8.800000 1.203965
v 19.600000 8.800000 1.164883
v 19.800000 8.800000 1.139465
v 0.000000 9.000000 1.037193
v 0.200000 9.000000 1.041852
v 0.400000 9.000000 1.057828
v 0.600000 9.000000 1.068633
v 0.800000 9.000000 1.095806
v 1.000000 9.000000 1.146688
v 1.200000 9.000000 1.185659
v 1.400000 9.000000 1.202309
v 1.600000 9.000000 1.222353
v 1.800000 9.000000 1.280486
v 2.000000 9.000000 1.354174
v 2.200000 9.000000 1.415236
v 2.400000 9.000000 1.489878
v 2.600000 9.000000 1.569867
v 2.800000 9.000000 1.680009
v 3.000000 9.000000 1.787294
v 3.200000 9.000000 1.865215
v 3.400000 9.000000 1.897781
v 3.600000 9.000000 1.911550
v 3.800000 9.000000 1.938235
v 4.000000 9.000000 1.967778
v 4.200000 9.000000 1.949833
v 4.400000 9.000000 1.901423
v 4.600000 9.000000 1.893952
v 4.800000 9.000000 1.946206
v 5.000000 9.000000 2.008838
v 5.200000 9.000000 2.046667
v 5.400000 9.000000 2.085402
v 5.600000 9.000000 2.126630
v 5.800000 9.000000 2.172689
v 6.000000 9.000000 2.236539
v 6.200000 9.000000 2.307444
v 6.400000 9.000000 2.406770
v 6.600000 9.000000 2.490720
v 6.800000 9.000000 2.523655
v 7.000000 9.000000 2.556173
v 7.200000 9.000000 2.591306
v 7.400000 9.000000 2.635656
v 7.600000 9.000000 2.650597
v 7.800000 9.000000 2.663545
v 8.000000 9.000000 2.729680
v 8.200000 9.000000 2.776838
v 8.400000 9.000000 2.771553
v 8.600000 9.000000 2.725735
v 8.800000 9.000000 2.724495
v 9.000000 9.000000 2.726858
v 9.200000 9.000000 2.712334
v 9.400000 9.000000 2.708542
v 9.600000 9.000000 2.672905
v 9.800000 9.000000 2.608386
v 10.000000 9.000000 2.561267
v 10.200000 9.000000 2.517591
v 10.400000 9.000000 2.417881
v 10.600000 9.000000 2.298181
v 10.800000 9.000000 2.212174
v 11.000000 9.000000 2.153866
v 11.200000 9.000000 2.112046
v 11.400000 9.000000 2.098962
v 11.600000 9.000000 2.058130
v 11.800000 9.000000 2.030834
v 12.000000 9.000000 1.988886
v 12.200000 9.000000 1.923371
v 12.400000 9.000000 1.863011
v 12.600000 9.000000 1.794478
v 12.800000 9.000000 1.725024
v 13.000000 9.000000 1.696357
v 13.200000 9.000000 1.665184
v 13.400000 9.000000 1.646384
v 13.600000 9.000000 1.636629
v 13.800000 9.000000 1.605821
v 14.000000 9.000000 1.581486
v 14.200000 9.000000 1.602527
v 14.400000 9.000000 1.598534
v 14.600000 9.000000 1.607183
v 14.800000 9.000000 1.626631
v 15.000000 9.000000 1.597345
v 15.200000 9.000000 1.541080
v 15.400000 9.000000 1.508577
v 15.600000 9.000000 1.472620
v 15.800000 9.000000 1.407686
v 16.000000 9.000000 1.333979
v 16.200000 9.000000 1.286941
v 16.400000 9.000000 1.276249
v 16.600000 9.000000 1.266880
v 16.800000 9.000000 1.266832
v 17.000000 9.000000 1.271985
v 17.200000 9.000000 1.258471
v 17.400000 9.000000 1.247646
v 17.600000 9.000000 1.249250
v 17.800000 9.000000 1.227991
v 18.000000 9.000000 1.197870
v 18.200000 9.000000 1.175192
v 18.400000 9.000000 1.165972
v 18.600000 9.000000 1.179781
v 18.800000 9.000000 1.216088
v 19.000000 9.000000 1.235501
v 19.200000 9.000000 1.211629
v 19.400000 9.000000 1.171860
v 19.600000 9.000000 1.124793
v 19.800000 9.000000 1.100662
v 0.000000 9.200000 1.022140
v 0.200000 9.200000 1.021292
v 0.400000 9.200000 1.029156
v 0.600000 9.200000 1.049300
v 0.800000 9.200000 1.080329
v 1.000000 9.200000 1.125352
v 1.200000 9.200000 1.170708
v 1.400000 9.200000 1.184997
v 1.600000 9.200000 1.202275
v 1.800000 9.200000 1.241573
v 2.000000 9.200000 1.324107
v 2.200000 9.200000 1.404684
v 2.400000 9.200000 1.467101
v 2.600000 9.200000 1.549644
v 2.800000 9.200000 1.667101
v 3.000000 9.200000 1.768809
v 3.200000 9.200000 1.846879
v 3.400000 9.200000 1.886766
v 3.600000 9.200000 1.904447
v 3.800000 9.200000 1.927965
v 4.000000 9.200000 1.943698
v 4.200000 9.200000 1.925698
v 4.400000 9.200000 1.887769
v 4.600000 9.200000 1.890810
v 4.800000 9.200000 1.943113
v 5.000000 9.200000 1.998070
v 5.200000 9.200000 2.042588
v 5.400000 9.200000 2.070619
v 5.600000 9.200000 2.101406
v 5.800000 9.200000 2.171524
v 6.000000 9.200000 2.257454
v 6.200000 9.200000 2.343949
v 6.400000 9.200000 2.410828
v 6.600000 9.200000 2.476105
v 6.800000 9.200000 2.518507
v 7.000000 9.200000 2.530755
v 7.200000 9.200000 2.558949
v 7.400000 9.200000 2.607633
v 7.600000 9.200000 2.633540
v 7.800000 9.200000 2.650054
v 8.000000 9.200000 2.686147
v 8.200000 9.200000 2.725509
v 8.400000 9.200000 2.720171
v 8.600000 9.200000 2.697647
v 8.800000 9.200000 2.695360
v 9.000000 9.200000 2.698893
v 9.200000 9.200000 2.691694
v 9.400000 9.200000 2.677078
v 9.600000 9.200000 2.621771
v 9.800000 9.200000 2.555080
v 10.000000 9.200000 2.512791
v 10.200000 9.200000 2.491575
v 10.400000 9.200000 2.420896
v 10.600000 9.200000 2.303659
v 10.800000 9.200000 2.200952
v 11.000000 9.200000 2.133322
v 11.200000 9.200000 2.081783
v 11.400000 9.200000 2.032491
v 11.600000 9.200000 1.991043
v 11.800000 9.200000 1.950900
v 12.000000 9.200000 1.904745
v 12.200000 9.200000 1.852200
v 12.400000 9.200000 1.801641
v 12.600000 9.200000 1.734670
v 12.800000 9.200000 1.660783
v 13.000000 9.200000 1.620485
v 13.200000 9.200000 1.612252
v 13.400000 9.200000 1.611863
v 13.600000 9.200000 1.617856
v 13.800000 9.200000 1.579287
v 14.000000 9.200000 1.547268
v 14.200000 9.200000 1.550403
v 14.400000 9.200000 1.542940
v 14.600000 9.200000 1.540658
v 14.800000 9.200000 1.537094
v 15.000000 9.200000 1.517211
v 15.200000 9.200000 1.477130
v 15.400000 9.200000 1.453999
v 15.600000 9.200000 1.435462
v 15.800000 9.200000 1.370978
v 16.000000 9.200000 1.296450
v 16.200000 9.200000 1.255915
v 16.400000 9.200000 1.262690
v 16.600000 9.200000 1.252755
v 16.800000 9.200000 1.255489
v 17.000000 9.200000 1.266733
v 17.200000 9.200000 1.246920
v 17.400000 9.200000 1.237375
v 17.600000 9.200000 1.237354
v 17.800000 9.200000 1.234225
v 18.000000 9.200000 1.219539
v 18.200000 9.200000 1.202384
v 18.400000 9.200000 1.216104
v 18.600000 9.200000 1.238071
v 18.800000 9.200000 1.237793
v 19.000000 9.200000 1.242317
v 19.200000 9.200000 1.226217
v 19.400000 9.200000 1.178275
v 19.600000 9.200000 1.127909
v 19.800000 9.200000 1.108785
v 0.000000 9.400000 1.009015
v 0.200000 9.400000 0.998571
v 0.400000 9.400000 0.994731
v 0.600000 9.400000 1.036241
v 0.800000 9.400000 1.093052
v 1.000000 9.400000 1.128779
v 1.200000 9.400000 1.163519
v 1.400000 9.400000 1.184311
v 1.600000 9.400000 1.214896
v 1.800000 9.400000 1.261164
v 2.000000 9.400000 1.334294
v 2.200000 9.400000 1.412914
v 2.400000 9.400000 1.489552
v 2.600000 9.400000 1.558506
v 2.800000 9.400000 1.626650
v 3.000000 9.400000 1.712034
v 3.200000 9.400000 1.777372
v 3.400000 9.400000 1.824675
v 3.600000 9.400000 1.883649
v 3.800000 9.400000 1.907451
v 4.000000 9.400000 1.882585
v 4.200000 9.400000 1.865466
v 4.400000 9.400000 1.862785
v 4.600000 9.400000 1.893847
v 4.800000 9.400000 1.972438
v 5.000000 9.400000 2.035558
v 5.200000 9.400000 2.087740
v 5.400000 9.400000 2.119940
v 5.600000 9.400000 2.146443
v 5.800000 9.400000 2.211853
v 6.000000 9.400000 2.291115
v 6.200000 9.400000 2.369162
v 6.400000 9.400000 2.411502
v 6.600000 9.400000 2.449775
v 6.800000 9.400000 2.491279
v 7.000000 9.400000 2.504935
v 7.200000 9.400000 2.535619
v 7.400000 9.400000 2.579727
v 7.600000 9.400000 2.610623
v 7.800000 9.400000 2.634098
v 8.000000 9.400000 2.647957
v 8.200000 9.400000 2.663368
v 8.400000 9.400000 2.674892
v 8.600000 9.400000 2.683416
v 8.800000 9.400000 2.668263
v 9.000000 9.400000 2.647088
v 9.200000 9.400000 2.626925
v 9.400000 9.400000 2.598654
v 9.600000 9.400000 2.549069
v 9.800000 9.400000 2.505156
v 10.000000 9.400000 2.467034
v 10.200000 9.400000 2.447114
v 10.400000 9.400000 2.394584
v 10.600000 9.400000 2.294092
v 10.800000 9.400000 2.199767
v 11.000000 9.400000 2.139811
v 11.200000 9.400000 2.083749
v 11.400000 9.400000 2.024876
v 11.600000 9.400000 1.967343
v 11.800000 9.400000 1.863969
v 12.000000 9.400000 1.780636
v 12.200000 9.400000 1.739386
v 12.400000 9.400000 1.701286
v 12.600000 9.400000 1.664140
v 12.800000 9.400000 1.618145
v 13.000000 9.400000 1.571163
v 13.200000 9.400000 1.563267
v 13.400000 9.400000 1.562864
v 13.600000 9.400000 1.559963
v 13.800000 9.400000 1.543607
v 14.000000 9.400000 1.526714
v 14.200000 9.400000 1.507363
v 14.400000 9.400000 1.489224
v 14.600000 9.400000 1.465950
v 14.800000 9.400000 1.441553
v 15.000000 9.400000 1.417233
v 15.200000 9.400000 1.376569
v 15.400000 9.400000 1.385627
v 15.600000 9.400000 1.399747
v 15.800000 9.400000 1.347976
v 16.000000 9.400000 1.284910
v 16.200000 9.400000 1.250020
v 16.400000 9.400000 1.245233
v 16.600000 9.400000 1.233363
v 16.800000 9.400000 1.245952
v 17.000000 9.400000 1.250392
v 17.200000 9.400000 1.209546
v 17.400000 9.400000 1.198567
v 17.600000 9.400000 1.212741
v 17.800000 9.400000 1.227834
v 18.000000 9.400000 1.230929
v 18.200000 9.400000 1.228615
v 18.400000 9.400000 1.269569
v 18.600000 9.400000 1.294200
v 18.800000 9.400000 1.248072
v 19.000000 9.400000 1.224066
v 19.200000 9.400000 1.226929
v 19.400000 9.400000 1.205300
v 19.600000 9.400000 1.169191
v 19.800000 9.400000 1.152608
v 0.000000 9.600000 0.967706
v 0.200000 9.600000 0.978609
v 0.400000 9.600000 0.997646
v 0.600000 9.600000 1.042850
v 0.800000 9.600000 1.099817
v 1.000000 9.600000 1.126135
v 1.200000 9.600000 1.150107
v 1.400000 9.600000 1.168237
v 1.600000 9.600000 1.198246
v 1.800000 9.600000 1.268055
v 2.000000 9.600000 1.325738
v 2.200000 9.600000 1.395256
v 2.400000 9.600000 1.502229
v 2.600000 9.600000 1.567611
v 2.800000 9.600000 1.611345
v 3.000000 9.600000 1.684172
v 3.200000 9.600000 1.739128
v 3.400000 9.600000 1.784299
v 3.600000 9.600000 1.853316
v 3.800000 9.600000 1.871341
v 4.000000 9.600000 1.822169
v 4.200000 9.600000 1.815594
v 4.400000 9.600000 1.836985
v 4.600000 9.600000 1.891893
v 4.800000 9.600000 1.986375
v 5.000000 9.600000 2.053851
v 5.200000 9.600000 2.110689
v 5.400000 9.600000 2.151994
v 5.600000 9.600000 2.176476
v 5.800000 9.600000 2.224784
v 6.000000 9.600000 2.292441
v 6.200000 9.600000 2.356972
v 6.400000 9.600000 2.400304
v 6.600000 9.600000 2.420887
v 6.800000 9.600000 2.450706
v 7.000000 9.600000 2.475595
v 7.200000 9.600000 2.513358
v 7.400000 9.600000 2.544119
v 7.600000 9.600000 2.580842
v 7.800000 9.600000 2.614617
v 8.000000 9.600000 2.623422
v 8.200000 9.600000 2.643070
v 8.400000 9.600000 2.666942
v 8.600000 9.600000 2.679204
v 8.800000 9.600000 2.651382
v 9.000000 9.600000 2.614617
v 9.200000 9.600000 2.576453
v 9.400000 9.600000 2.544989
v 9.600000 9.600000 2.511317
v 9.800000 9.600000 2.472661
v 10.000000 9.600000 2.426798
v 10.200000 9.600000 2.375414
v 10.400000 9.600000 2.327131
v 10.600000 9.600000 2.246122
v 10.800000 9.600000 2.179561
v 11.000000 9.600000 2.125808
v 11.200000 9.600000 2.062130
v 11.400000 9.600000 1.994129
v 11.600000 9.600000 1.904110
v 11.800000 9.600000 1.784744
v 12.000000 9.600000 1.694899
v 12.200000 9.600000 1.651717
v 12.400000 9.600000 1.617317
v 12.600000 9.600000 1.593425
v 12.800000 9.600000 1.566148
v 13.000000 9.600000 1.531100
v 13.200000 9.600000 1.535384
v 13.400000 9.600000 1.543253
v 13.600000 9.600000 1.533782
v 13.800000 9.600000 1.534933
v 14.000000 9.600000 1.515275
v 14.200000 9.600000 1.452609
v 14.400000 9.600000 1.408808
v 14.600000 9.600000 1.368136
v 14.800000 9.600000 1.332309
v 15.000000 9.600000 1.308807
v 15.200000 9.600000 1.281974
v 15.400000 9.600000 1.328175
v 15.600000 9.600000 1.361250
v 15.800000 9.600000 1.320755
v 16.000000 9.600000 1.273832
v 16.200000 9.600000 1.249815
v 16.400000 9.600000 1.246308
v 16.600000 9.600000 1.234290
v 16.800000 9.600000 1.230097
v 17.000000 9.600000 1.217535
v 17.200000 9.600000 1.160384
v 17.400000 9.600000 1.149462
v 17.600000 9.600000 1.180438
v 17.800000 9.600000 1.207945
v 18.000000 9.600000 1.227714
v 18.200000 9.600000 1.245065
v 18.400000 9.600000 1.277885
v 18.600000 9.600000 1.282833
v 18.800000 9.600000 1.232493
v 19.000000 9.600000 1.201333
v 19.200000 9.600000 1.201985
v 19.400000 9.600000 1.212939
v 19.600000 9.600000 1.206290
v 19.800000 9.600000 1.189347
v 0.000000 9.800000 0.904996
v 0.200000 9.800000 0.954509
v 0.400000 9.800000 1.019203
v 0.600000 9.800000 1.078642
v 0.800000 9.800000 1.115683
v 1.000000 9.800000 1.130378
v 1.200000 9.800000 1.147791
v 1.400000 9.800000 1.172429
v 1.600000 9.800000 1.198283
v 1.800000 9.800000 1.245839
v 2.000000 9.800000 1.286205
v 2.200000 9.800000 1.363949
v 2.400000 9.800000 1.484836
v 2.600000 9.800000 1.562302
v 2.800000 9.800000 1.628580
v 3.000000 9.800000 1.690846
v 3.200000 9.800000 1.731231
v 3.400000 9.800000 1.764312
v 3.600000 9.800000 1.794641
v 3.800000 9.800000 1.804266
v 4.000000 9.800000 1.784696
v 4.200000 9.800000 1.780733
v 4.400000 9.800000 1.808059
v 4.600000 9.800000 1.880043
v 4.800000 9.800000 1.971224
v 5.000000 9.800000 2.032841
v 5.200000 9.800000 2.095306
v 5.400000 9.800000 2.158720
v 5.600000 9.800000 2.185530
v 5.800000 9.800000 2.213970
v 6.000000 9.800000 2.277375
v 6.200000 9.800000 2.340515
v 6.400000 9.800000 2.373761
v 6.600000 9.800000 2.372797
v 6.800000 9.800000 2.373534
v 7.000000 9.800000 2.395954
v 7.200000 9.800000 2.441388
v 7.400000 9.800000 2.487723
v 7.600000 9.800000 2.534567
v 7.800000 9.800000 2.586677
v 8.000000 9.800000 2.605231
v 8.200000 9.800000 2.632312
v 8.400000 9.800000 2.661241
v 8.600000 9.800000 2.677101
v 8.800000 9.800000 2.641787
v 9.000000 9.800000 2.601659
v 9.200000 9.800000 2.559380
v 9.400000 9.800000 2.508633
v 9.600000 9.800000 2.459528
v 9.800000 9.800000 2.402481
v 10.000000 9.800000 2.354325
v 10.200000 9.800000 2.301636
v 10.400000 9.800000 2.240207
v 10.600000 9.800000 2.172981
v 10.800000 9.800000 2.113975
v 11.000000 9.800000 2.063526
v 11.200000 9.800000 1.993950
v 11.400000 9.800000 1.897778
v 11.600000 9.800000 1.793298
v 11.800000 9.800000 1.724709
v 12.000000 9.800000 1.674370
v 12.200000 9.800000 1.594115
v 12.400000 9.800000 1.527332
v 12.600000 9.800000 1.523519
v 12.800000 9.800000 1.516384
v 13.000000 9.800000 1.493684
v 13.200000 9.800000 1.497604
v 13.400000 9.800000 1.509914
v 13.600000 9.800000 1.503838
v 13.800000 9.800000 1.507367
v 14.000000 9.800000 1.489327
v 14.200000 9.800000 1.412374
v 14.400000 9.800000 1.320346
v 14.600000 9.800000 1.263380
v 14.800000 9.800000 1.226845
v 15.000000 9.800000 1.226340
v 15.200000 9.800000 1.247643
v 15.400000 9.800000 1.287538
v 15.600000 9.800000 1.324845
v 15.800000 9.800000 1.298141
v 16.000000 9.800000 1.250479
v 16.200000 9.800000 1.237742
v 16.400000 9.800000 1.253236
v 16.600000 9.800000 1.231737
v 16.800000 9.800000 1.187237
v 17.000000 9.800000 1.158410
v 17.200000 9.800000 1.133855
v 17.400000 9.800000 1.134383
v 17.600000 9.800000 1.142720
v 17.800000 9.800000 1.174466
v 18.000000 9.800000 1.210277
v 18.200000 9.800000 1.233907
v 18.400000 9.800000 1.247983
v 18.600000 9.800000 1.236964
v 18.800000 9.800000 1.208377
v 19.000000 9.800000 1.190421
v 19.200000 9.800000 1.174982
v 19.400000 9.800000 1.183171
v 19.600000 9.800000 1.210358
v 19.800000 9.800000 1.225871
v 0.000000 10.000000 0.905282
v 0.200000 10.000000 0.954520
v 0.400000 10.000000 1.017223
v 0.600000 10.000000 1.074738
v 0.800000 10.000000 1.108318
v 1.000000 10.000000 1.124050
v 1.200000 10.000000 1.143866
v 1.400000 10.000000 1.171917
v 1.600000 10.000000 1.201983
v 1.800000 10.000000 1.241536
v 2.000000 10.000000 1.275638
v 2.200000 10.000000 1.356342
v 2.400000 10.000000 1.478146
v 2.600000 10.000000 1.558902
v 2.800000 10.000000 1.631956
v 3.000000 10.000000 1.692944
v 3.200000 10.000000 1.729483
v 3.400000 10.000000 1.759478
v 3.600000 10.000000 1.777253
v 3.800000 10.000000 1.785939
v 4.000000 10.000000 1.783542
v 4.200000 10.000000 1.777388
v 4.400000 10.000000 1.798838
v 4.600000 10.000000 1.870156
v 4.800000 10.000000 1.956441
v 5.000000 10.000000 2.014743
v 5.200000 10.000000 2.081094
v 5.400000 10.000000 2.147501
v 5.600000 10.000000 2.171267
v 5.800000 10.000000 2.193659
v 6.000000 10.000000 2.254568
v 6.200000 10.000000 2.314600
v 6.400000 10.000000 2.341960
v 6.600000 10.000000 2.335663
v 6.800000 10.000000 2.333235
v 7.000000 10.000000 2.361017
v 7.200000 10.000000 2.403923
v 7.400000 10.000000 2.447284
v 7.600000 10.000000 2.488000
v 7.800000 10.000000 2.538181
v 8.000000 10.000000 2.562479
v 8.200000 10.000000 2.592196
v 8.400000 10.000000 2.621572
v 8.600000 10.000000 2.633930
v 8.800000 10.000000 2.593625
v 9.000000 10.000000 2.547108
v 9.200000 10.000000 2.511267
v 9.400000 10.000000 2.461123
v 9.600000 10.000000 2.408109
v 9.800000 10.000000 2.350197
v 10.000000 10.000000 2.301978
v 10.200000 10.000000 2.247159
v 10.400000 10.000000 2.181471
v 10.600000 10.000000 2.113582
v 10.800000 10.000000 2.055892
v 11.000000 10.000000 2.005668
v 11.200000 10.000000 1.936841
v 11.400000 10.000000 1.840205
v 11.600000 10.000000 1.738946
v 11.800000 10.000000 1.678170
v 12.000000 10.000000 1.635286
v 12.200000 10.000000 1.551248
v 12.400000 10.000000 1.479162
v 12.600000 10.000000 1.475532
v 12.800000 10.000000 1.474079
v 13.000000 10.000000 1.456844
v 13.200000 10.000000 1.452471
v 13.400000 10.000000 1.469007
v 13.600000 10.000000 1.473443
v 13.800000 10.000000 1.471711
v 14.000000 10.000000 1.448357
v 14.200000 10.000000 1.376991
v 14.400000 10.000000 1.285541
v 14.600000 10.000000 1.225935
v 14.800000 10.000000 1.192401
v 15.000000 10.000000 1.194539
v 15.200000 10.000000 1.221829
v 15.400000 10.000000 1.257577
v 15.600000 10.000000 1.288131
v 15.800000 10.000000 1.268510
v 16.000000 10.000000 1.232356
v 16.200000 10.000000 1.224117
v 16.400000 10.000000 1.242221
v 16.600000 10.000000 1.224530
v 16.800000 10.000000 1.179677
v 17.000000 10.000000 1.146910
v 17.200000 10.000000 1.123963
v 17.400000 10.000000 1.127282
v 17.600000 10.000000 1.137899
v 17.800000 10.000000 1.168012
v 18.000000 10.000000 1.201265
v 18.200000 10.000000 1.225292
v 18.400000 10.000000 1.239715
v 18.600000 10.000000 1.230776
v 18.800000 10.000000 1.208544
v 19.000000 10.000000 1.198044
v 19.200000 10.000000 1.182573
v 19.400000 10.000000 1.188407
v 19.600000 10.000000 1.216654
v 19.800000 10.000000 1.231384
v 0.000000 10.200000 0.987248
v 0.200000 10.200000 0.992454
v 0.400000 10.200000 0.996005
v 0.600000 10.200000 1.025384
v 0.800000 10.200000 1.061447
v 1.000000 10.200000 1.093278
v 1.200000 10.200000 1.131214
v 1.400000 10.200000 1.169776
v 1.600000 10.200000 1.223798
v 1.800000 10.200000 1.254017
v 2.000000 10.200000 1.272021
v 2.200000 10.200000 1.352339
v 2.400000 10.200000 1.467943
v 2.600000 10.200000 1.547720
v 2.800000 10.200000 1.620182
v 3.000000 10.200000 1.682311
v 3.200000 10.200000 1.714253
v 3.400000 10.200000 1.742438
v 3.600000 10.200000 1.749857
v 3.800000 10.200000 1.764829
v 4.000000 10.200000 1.802882
v 4.200000 10.200000 1.796822
v 4.400000 10.200000 1.796788
v 4.600000 10.200000 1.853717
v 4.800000 10.200000 1.927980
v 5.000000 10.200000 1.983021
v 5.200000 10.200000 2.066950
v 5.400000 10.200000 2.130427
v 5.600000 10.200000 2.143710
v 5.800000 10.200000 2.168468
v 6.000000 10.200000 2.229855
v 6.200000 10.200000 2.284130
v 6.400000 10.200000 2.305295
v 6.600000 10.200000 2.306244
v 6.800000 10.200000 2.331187
v 7.000000 10.200000 2.388566
v 7.200000 10.200000 2.417444
v 7.400000 10.200000 2.434841
v 7.600000 10.200000 2.451400
v 7.800000 10.200000 2.484738
v 8.000000 10.200000 2.522038
v 8.200000 10.200000 2.556703
v 8.400000 10.200000 2.582206
v 8.600000 10.200000 2.576924
v 8.800000 10.200000 2.523259
v 9.000000 10.200000 2.452832
v 9.200000 10.200000 2.438127
v 9.400000 10.200000 2.408799
v 9.600000 10.200000 2.356442
v 9.800000 10.200000 2.310470
v 10.000000 10.200000 2.261548
v 10.200000 10.200000 2.194555
v 10.400000 10.200000 2.126393
v 10.600000 10.200000 2.043259
v 10.800000 10.200000 1.984567
v 11.000000 10.200000 1.930356
v 11.200000 10.200000 1.868434
v 11.400000 10.200000 1.797089
v 11.600000 10.200000 1.716098
v 11.800000 10.200000 1.630980
v 12.000000 10.200000 1.571270
v 12.200000 10.200000 1.508061
v 12.400000 10.200000 1.450279
v 12.600000 10.200000 1.431832
v 12.800000 10.200000 1.435327
v 13.000000 10.200000 1.422234
v 13.200000 10.200000 1.385395
v 13.400000 10.200000 1.413805
v 13.600000 10.200000 1.454777
v 13.800000 10.200000 1.429275
v 14.000000 10.200000 1.380344
v 14.200000 10.200000 1.341274
v 14.400000 10.200000 1.296816
v 14.600000 10.200000 1.235709
v 14.800000 10.200000 1.203602
v 15.000000 10.200000 1.194521
v 15.200000 10.200000 1.202124
v 15.400000 10.200000 1.227436
v 15.600000 10.200000 1.223358
v 15.800000 10.200000 1.222435
v 16.000000 10.200000 1.241120
v 16.200000 10.200000 1.242495
v 16.400000 10.200000 1.253807
v 16.600000 10.200000 1.254768
v 16.800000 10.200000 1.241474
v 17.000000 10.200000 1.201526
v 17.200000 10.200000 1.139067
v 17.400000 10.200000 1.135345
v 17.600000 10.200000 1.177708
v 17.800000 10.200000 1.201667
v 18.000000 10.200000 1.209773
v 18.200000 10.200000 1.224049
v 18.400000 10.200000 1.249516
v 18.600000 10.200000 1.257060
v 18.800000 10.200000 1.240297
v 19.000000 10.200000 1.245040
v 19.200000 10.200000 1.238842
v 19.400000 10.200000 1.237405
v 19.600000 10.200000 1.238633
v 19.800000 10.200000 1.220044
v 0.000000 10.400000 1.058670
v 0.200000 10.400000 1.031086
v 0.400000 10.400000 0.995370
v 0.600000 10.400000 1.008696
v 0.800000 10.400000 1.049251
v 1.000000 10.400000 1.089678
v 1.200000 10.400000 1.121609
v 1.400000 10.400000 1.175598
v 1.600000 10.400000 1.241964
v 1.800000 10.400000 1.261408
v 2.000000 10.400000 1.277548
v 2.200000 10.400000 1.358596
v 2.400000 10.400000 1.462610
v 2.600000 10.400000 1.533996
v 2.800000 10.400000 1.596329
v 3.000000 10.400000 1.669849
v 3.200000 10.400000 1.701654
v 3.400000 10.400000 1.714304
v 3.600000 10.400000 1.727849
v 3.800000 10.400000 1.752131
v 4.000000 10.400000 1.798340
v 4.200000 10.400000 1.812314
v 4.400000 10.400000 1.814407
v 4.600000 10.400000 1.847279
v 4.800000 10.400000 1.916642
v 5.000000 10.400000 1.970169
v 5.200000 10.400000 2.039724
v 5.400000 10.400000 2.098852
v 5.600000 10.400000 2.115409
v 5.800000 10.400000 2.145560
v 6.000000 10.400000 2.204022
v 6.200000 10.400000 2.256236
v 6.400000 10.400000 2.287265
v 6.600000 10.400000 2.299499
v 6.800000 10.400000 2.324326
v 7.000000 10.400000 2.372420
v 7.200000 10.400000 2.388763
v 7.400000 10.400000 2.393694
v 7.600000 10.400000 2.413691
v 7.800000 10.400000 2.444918
v 8.000000 10.400000 2.472737
v 8.200000 10.400000 2.499201
v 8.400000 10.400000 2.504749
v 8.600000 10.400000 2.487444
v 8.800000 10.400000 2.440409
v 9.000000 10.400000 2.380942
v 9.200000 10.400000 2.346954
v 9.400000 10.400000 2.315117
v 9.600000 10.400000 2.259842
v 9.800000 10.400000 2.208695
v 10.000000 10.400000 2.163225
v 10.200000 10.400000 2.109611
v 10.400000 10.400000 2.048170
v 10.600000 10.400000 1.967509
v 10.800000 10.400000 1.906970
v 11.000000 10.400000 1.854579
v 11.200000 10.400000 1.805154
v 11.400000 10.400000 1.753036
v 11.600000 10.400000 1.685267
v 11.800000 10.400000 1.596860
v 12.000000 10.400000 1.518631
v 12.200000 10.400000 1.456366
v 12.400000 10.400000 1.404399
v 12.600000 10.400000 1.402005
v 12.800000 10.400000 1.401531
v 13.000000 10.400000 1.365488
v 13.200000 10.400000 1.329014
v 13.400000 10.400000 1.349359
v 13.600000 10.400000 1.391089
v 13.800000 10.400000 1.366122
v 14.000000 10.400000 1.330266
v 14.200000 10.400000 1.318317
v 14.400000 10.400000 1.278130
v 14.600000 10.400000 1.212634
v 14.800000 10.400000 1.181109
v 15.000000 10.400000 1.174311
v 15.200000 10.400000 1.179109
v 15.400000 10.400000 1.197364
v 15.600000 10.400000 1.197716
v 15.800000 10.400000 1.225062
v 16.000000 10.400000 1.261407
v 16.200000 10.400000 1.272327
v 16.400000 10.400000 1.293634
v 16.600000 10.400000 1.300841
v 16.800000 10.400000 1.302061
v 17.000000 10.400000 1.267349
v 17.200000 10.400000 1.198596
v 17.400000 10.400000 1.189672
v 17.600000 10.400000 1.227964
v 17.800000 10.400000 1.252754
v 18.000000 10.400000 1.250543
v 18.200000 10.400000 1.265273
v 18.400000 10.400000 1.282201
v 18.600000 10.400000 1.288447
v 18.800000 10.400000 1.292909
v 19.000000 10.400000 1.302686
v 19.200000 10.400000 1.292475
v 19.400000 10.400000 1.273271
v 19.600000 10.400000 1.253787
v 19.800000 10.400000 1.228889
v 0.000000 10.600000 1.071105
v 0.200000 10.600000 1.052471
v 0.400000 10.600000 1.023935
v 0.600000 10.600000 1.042807
v 0.800000 10.600000 1.096395
v 1.000000 10.600000 1.120830
v 1.200000 10.600000 1.127903
v 1.400000 10.600000 1.180382
v 1.600000 10.600000 1.236257
v 1.800000 10.600000 1.260179
v 2.000000 10.600000 1.291454
v 2.200000 10.600000 1.373296
v 2.400000 10.600000 1.472938
v 2.600000 10.600000 1.536615
v 2.800000 10.600000 1.582872
v 3.000000 10.600000 1.658347
v 3.200000 10.600000 1.710469
v 3.400000 10.600000 1.721876
v 3.600000 10.600000 1.723031
v 3.800000 10.600000 1.747169
v 4.000000 10.600000 1.783578
v 4.200000 10.600000 1.808298
v 4.400000 10.600000 1.838464
v 4.600000 10.600000 1.872936
v 4.800000 10.600000 1.944128
v 5.000000 10.600000 1.996802
v 5.200000 10.600000 2.049671
v 5.400000 10.600000 2.106030
v 5.600000 10.600000 2.142427
v 5.800000 10.600000 2.180154
v 6.000000 10.600000 2.212587
v 6.200000 10.600000 2.243298
v 6.400000 10.600000 2.284604
v 6.600000 10.600000 2.307545
v 6.800000 10.600000 2.307056
v 7.000000 10.600000 2.319567
v 7.200000 10.600000 2.324633
v 7.400000 10.600000 2.322938
v 7.600000 10.600000 2.331780
v 7.800000 10.600000 2.344920
v 8.000000 10.600000 2.380746
v 8.200000 10.600000 2.426264
v 8.400000 10.600000 2.419084
v 8.600000 10.600000 2.382659
v 8.800000 10.600000 2.345932
v 9.000000 10.600000 2.311466
v 9.200000 10.600000 2.260103
v 9.400000 10.600000 2.203583
v 9.600000 10.600000 2.147841
v 9.800000 10.600000 2.105899
v 10.000000 10.600000 2.059529
v 10.200000 10.600000 1.986393
v 10.400000 10.600000 1.925064
v 10.600000 10.600000 1.888032
v 10.800000 10.600000 1.846410
v 11.000000 10.600000 1.793477
v 11.200000 10.600000 1.749851
v 11.400000 10.600000 1.685683
v 11.600000 10.600000 1.614240
v 11.800000 10.600000 1.544251
v 12.000000 10.600000 1.470947
v 12.200000 10.600000 1.416498
v 12.400000 10.600000 1.372817
v 12.600000 10.600000 1.346773
v 12.800000 10.600000 1.318244
v 13.000000 10.600000 1.289398
v 13.200000 10.600000 1.271830
v 13.400000 10.600000 1.284682
v 13.600000 10.600000 1.321452
v 13.800000 10.600000 1.315765
v 14.000000 10.600000 1.310993
v 14.200000 10.600000 1.290454
v 14.400000 10.600000 1.219053
v 14.600000 10.600000 1.160251
v 14.800000 10.600000 1.140025
v 15.000000 10.600000 1.139596
v 15.200000 10.600000 1.150897
v 15.400000 10.600000 1.174145
v 15.600000 10.600000 1.198067
v 15.800000 10.600000 1.238009
v 16.000000 10.600000 1.274424
v 16.200000 10.600000 1.291006
v 16.400000 10.600000 1.317802
v 16.600000 10.600000 1.331906
v 16.800000 10.600000 1.339380
v 17.000000 10.600000 1.320108
v 17.200000 10.600000 1.299692
v 17.400000 10.600000 1.299563
v 17.600000 10.600000 1.303639
v 17.800000 10.600000 1.307755
v 18.000000 10.600000 1.282077
v 18.200000 10.600000 1.281036
v 18.400000 10.600000 1.304343
v 18.600000 10.600000 1.318963
v 18.800000 10.600000 1.323775
v 19.000000 10.600000 1.327877
v 19.200000 10.600000 1.334257
v 19.400000 10.600000 1.321495
v 19.600000 10.600000 1.303006
v 19.800000 10.600000 1.285929
v 0.000000 10.800000 1.075279
v 0.200000 10.800000 1.072853
v 0.400000 10.800000 1.062126
v 0.600000 10.800000 1.087823
v 0.800000 10.800000 1.121667
v 1.000000 10.800000 1.132052
v 1.200000 10.800000 1.147960
v 1.400000 10.800000 1.200351
v 1.600000 10.800000 1.256100
v 1.800000 10.800000 1.297297
v 2.000000 10.800000 1.333873
v 2.200000 10.800000 1.409313
v 2.400000 10.800000 1.492282
v 2.600000 10.800000 1.550970
v 2.800000 10.800000 1.586052
v 3.000000 10.800000 1.629709
v 3.200000 10.800000 1.685102
v 3.400000 10.800000 1.725933
v 3.600000 10.800000 1.739343
v 3.800000 10.800000 1.767737
v 4.000000 10.800000 1.798793
v 4.200000 10.800000 1.824404
v 4.400000 10.800000 1.872292
v 4.600000 10.800000 1.930625
v 4.800000 10.800000 1.986452
v 5.000000 10.800000 2.025467
v 5.200000 10.800000 2.075237
v 5.400000 10.800000 2.134493
v 5.600000 10.800000 2.183174
v 5.800000 10.800000 2.213679
v 6.000000 10.800000 2.231245
v 6.200000 10.800000 2.244962
v 6.400000 10.800000 2.268437
v 6.600000 10.800000 2.281711
v 6.800000 10.800000 2.271760
v 7.000000 10.800000 2.258778
v 7.200000 10.800000 2.254137
v 7.400000 10.800000 2.249151
v 7.600000 10.800000 2.240242
v 7.800000 10.800000 2.232613
v 8.000000 10.800000 2.272060
v 8.200000 10.800000 2.322095
v 8.400000 10.800000 2.319177
v 8.600000 10.800000 2.272481
v 8.800000 10.800000 2.240529
v 9.000000 10.800000 2.212562
v 9.200000 10.800000 2.156364
v 9.400000 10.800000 2.088102
v 9.600000 10.800000 2.026587
v 9.800000 10.800000 1.984661
v 10.000000 10.800000 1.941535
v 10.200000 10.800000 1.879248
v 10.400000 10.800000 1.829540
v 10.600000 10.800000 1.813497
v 10.800000 10.800000 1.781912
v 11.000000 10.800000 1.721172
v 11.200000 10.800000 1.676980
v 11.400000 10.800000 1.630000
v 11.600000 10.800000 1.567513
v 11.800000 10.800000 1.508845
v 12.000000 10.800000 1.440824
v 12.200000 10.800000 1.395529
v 12.400000 10.800000 1.365605
v 12.600000 10.800000 1.310726
v 12.800000 10.800000 1.268011
v 13.000000 10.800000 1.248610
v 13.200000 10.800000 1.230085
v 13.400000 10.800000 1.241273
v 13.600000 10.800000 1.269618
v 13.800000 10.800000 1.261787
v 14.000000 10.800000 1.257638
v 14.200000 10.800000 1.240090
v 14.400000 10.800000 1.171844
v 14.600000 10.800000 1.129971
v 14.800000 10.800000 1.126047
v 15.000000 10.800000 1.137861
v 15.200000 10.800000 1.168163
v 15.400000 10.800000 1.188341
v 15.600000 10.800000 1.220843
v 15.800000 10.800000 1.256825
v 16.000000 10.800000 1.287668
v 16.200000 10.800000 1.305767
v 16.400000 10.800000 1.327253
v 16.600000 10.800000 1.348710
v 16.800000 10.800000 1.365684
v 17.000000 10.800000 1.360540
v 17.200000 10.800000 1.360396
v 17.400000 10.800000 1.363967
v 17.600000 10.800000 1.367833
v 17.800000 10.800000 1.368711
v 18.000000 10.800000 1.328880
v 18.200000 10.800000 1.285467
v 18.400000 10.800000 1.303822
v 18.600000 10.800000 1.321363
v 18.800000 10.800000 1.332809
v 19.000000 10.800000 1.333193
v 19.200000 10.800000 1.342203
v 19.400000 10.800000 1.327463
v 19.600000 10.800000 1.320666
v 19.800000 10.800000 1.322922
v 0.000000 11.000000 1.123533
v 0.200000 11.000000 1.118009
v 0.400000 11.000000 1.108911
v 0.600000 11.000000 1.107054
v 0.800000 11.000000 1.094150
v 1.000000 11.000000 1.131543
v 1.200000 11.000000 1.202717
v 1.400000 11.000000 1.246209
v 1.600000 11.000000 1.280389
v 1.800000 11.000000 1.333201
v 2.000000 11.000000 1.387185
v 2.200000 11.000000 1.445524
v 2.400000 11.000000 1.494476
v 2.600000 11.000000 1.555778
v 2.800000 11.000000 1.611886
v 3.000000 11.000000 1.641032
v 3.200000 11.000000 1.673299
v 3.400000 11.000000 1.731185
v 3.600000 11.000000 1.772824
v 3.800000 11.000000 1.806738
v 4.000000 11.000000 1.828487
v 4.200000 11.000000 1.860722
v 4.400000 11.000000 1.938303
v 4.600000 11.000000 2.007001
v 4.800000 11.000000 2.034947
v 5.000000 11.000000 2.060559
v 5.200000 11.000000 2.091315
v 5.400000 11.000000 2.126950
v 5.600000 11.000000 2.179809
v 5.800000 11.000000 2.213285
v 6.000000 11.000000 2.234300
v 6.200000 11.000000 2.252919
v 6.400000 11.000000 2.266123
v 6.600000 11.000000 2.260887
v 6.800000 11.000000 2.221563
v 7.000000 11.000000 2.184368
v 7.200000 11.000000 2.196507
v 7.400000 11.000000 2.225691
v 7.600000 11.000000 2.205619
v 7.800000 11.000000 2.171849
v 8.000000 11.000000 2.159332
v 8.200000 11.000000 2.173427
v 8.400000 11.000000 2.181761
v 8.600000 11.000000 2.155558
v 8.800000 11.000000 2.127202
v 9.000000 11.000000 2.085311
v 9.200000 11.000000 2.029876
v 9.400000 11.000000 1.957308
v 9.600000 11.000000 1.872562
v 9.800000 11.000000 1.815128
v 10.000000 11.000000 1.781542
v 10.200000 11.000000 1.771994
v 10.400000 11.000000 1.750468
v 10.600000 11.000000 1.733165
v 10.800000 11.000000 1.700077
v 11.000000 11.000000 1.662034
v 11.200000 11.000000 1.631556
v 11.400000 11.000000 1.600307
v 11.600000 11.000000 1.553319
v 11.800000 11.000000 1.504318
v 12.000000 11.000000 1.455973
v 12.200000 11.000000 1.368518
v 12.400000 11.000000 1.303146
v 12.600000 11.000000 1.288999
v 12.800000 11.000000 1.270032
v 13.000000 11.000000 1.223107
v 13.200000 11.000000 1.187644
v 13.400000 11.000000 1.198995
v 13.600000 11.000000 1.219598
v 13.800000 11.000000 1.198927
v 14.000000 11.000000 1.172000
v 14.200000 11.000000 1.154985
v 14.400000 11.000000 1.127425
v 14.600000 11.000000 1.116839
v 14.800000 11.000000 1.132295
v 15.000000 11.000000 1.146165
v 15.200000 11.000000 1.185462
v 15.400000 11.000000 1.241722
v 15.600000 11.000000 1.309991
v 15.800000 11.000000 1.344010
v 16.000000 11.000000 1.363118
v 16.200000 11.000000 1.362601
v 16.400000 11.000000 1.334614
v 16.600000 11.000000 1.344517
v 16.800000 11.000000 1.363823
v 17.000000 11.000000 1.362171
v 17.200000 11.000000 1.379261
v 17.400000 11.000000 1.389595
v 17.600000 11.000000 1.410335
v 17.800000 11.000000 1.407325
v 18.000000 11.000000 1.343995
v 18.200000 11.000000 1.285523
v 18.400000 11.000000 1.297395
v 18.600000 11.000000 1.313911
v 18.800000 11.000000 1.331019
v 19.000000 11.000000 1.333482
v 19.200000 11.000000 1.319864
v 19.400000 11.000000 1.307996
v 19.600000 11.000000 1.321956
v 19.800000 11.000000 1.334872
v 0.000000 11.200000 1.143289
v 0.200000 11.200000 1.137344
v 0.400000 11.200000 1.127493
v 0.600000 11.200000 1.111744
v 0.800000 11.200000 1.080200
v 1.000000 11.200000 1.129321
v 1.200000 11.200000 1.228068
v 1.400000 11.200000 1.274296
v 1.600000 11.200000 1.304136
v 1.800000 11.200000 1.359276
v 2.000000 11.200000 1.419380
v 2.200000 11.200000 1.470595
v 2.400000 11.200000 1.511698
v 2.600000 11.200000 1.572500
v 2.800000 11.200000 1.632068
v 3.000000 11.200000 1.660216
v 3.200000 11.200000 1.687959
v 3.400000 11.200000 1.751338
v 3.600000 11.200000 1.801312
v 3.800000 11.200000 1.838085
v 4.000000 11.200000 1.858814
v 4.200000 11.200000 1.897585
v 4.400000 11.200000 1.991878
v 4.600000 11.200000 2.071316
v 4.800000 11.200000 2.097850
v 5.000000 11.200000 2.120883
v 5.200000 11.200000 2.134366
v 5.400000 11.200000 2.141527
v 5.600000 11.200000 2.171320
v 5.800000 11.200000 2.190499
v 6.000000 11.200000 2.207420
v 6.200000 11.200000 2.225631
v 6.400000 11.200000 2.230809
v 6.600000 11.200000 2.215560
v 6.800000 11.200000 2.166240
v 7.000000 11.200000 2.124822
v 7.200000 11.200000 2.151103
v 7.400000 11.200000 2.201149
v 7.600000 11.200000 2.169786
v 7.800000 11.200000 2.110506
v 8.000000 11.200000 2.056726
v 8.200000 11.200000 2.043033
v 8.400000 11.200000 2.056290
v 8.600000 11.200000 2.050708
v 8.800000 11.200000 2.037103
v 9.000000 11.200000 1.997956
v 9.200000 11.200000 1.943632
v 9.400000 11.200000 1.855913
v 9.600000 11.200000 1.742329
v 9.800000 11.200000 1.666661
v 10.000000 11.200000 1.637195
v 10.200000 11.200000 1.658574
v 10.400000 11.200000 1.663475
v 10.600000 11.200000 1.656751
v 10.800000 11.200000 1.626738
v 11.000000 11.200000 1.604389
v 11.200000 11.200000 1.581154
v 11.400000 11.200000 1.551606
v 11.600000 11.200000 1.509331
v 11.800000 11.200000 1.462641
v 12.000000 11.200000 1.423768
v 12.200000 11.200000 1.322081
v 12.400000 11.200000 1.243601
v 12.600000 11.200000 1.249315
v 12.800000 11.200000 1.247485
v 13.000000 11.200000 1.201763
v 13.200000 11.200000 1.165134
v 13.400000 11.200000 1.171954
v 13.600000 11.200000 1.180967
v 13.800000 11.200000 1.151460
v 14.000000 11.200000 1.115064
v 14.200000 11.200000 1.099909
v 14.400000 11.200000 1.100389
v 14.600000 11.200000 1.111055
v 14.800000 11.200000 1.136045
v 15.000000 11.200000 1.153855
v 15.200000 11.200000 1.203463
v 15.400000 11.200000 1.284618
v 15.600000 11.200000 1.374503
v 15.800000 11.200000 1.409810
v 16.000000 11.200000 1.422360
v 16.200000 11.200000 1.407307
v 16.400000 11.200000 1.353335
v 16.600000 11.200000 1.359789
v 16.800000 11.200000 1.378872
v 17.000000 11.200000 1.373644
v 17.200000 11.200000 1.397041
v 17.400000 11.200000 1.409421
v 17.600000 11.200000 1.434025
v 17.800000 11.200000 1.427531
v 18.000000 11.200000 1.356650
v 18.200000 11.200000 1.295647
v 18.400000 11.200000 1.305539
v 18.600000 11.200000 1.321057
v 18.800000 11.200000 1.334083
v 19.000000 11.200000 1.337282
v 19.200000 11.200000 1.323398
v 19.400000 11.200000 1.327297
v 19.600000 11.200000 1.360117
v 19.800000 11.200000 1.381346
v 0.000000 11.400000 1.104152
v 0.200000 11.400000 1.123479
v 0.400000 11.400000 1.134464
v 0.600000 11.400000 1.124461
v 0.800000 11.400000 1.103251
v 1.000000 11.400000 1.140508
v 1.200000 11.400000 1.229093
v 1.400000 11.400000 1.291446
v 1.600000 11.400000 1.344860
v 1.800000 11.400000 1.389202
v 2.000000 11.400000 1.440171
v 2.200000 11.400000 1.484567
v 2.400000 11.400000 1.539733
v 2.600000 11.400000 1.586072
v 2.800000 11.400000 1.600591
v 3.000000 11.400000 1.648125
v 3.200000 11.400000 1.717336
v 3.400000 11.400000 1.777250
v 3.600000 11.400000 1.835926
v 3.800000 11.400000 1.881066
v 4.000000 11.400000 1.911637
v 4.200000 11.400000 1.954292
v 4.400000 11.400000 2.035876
v 4.600000 11.400000 2.110170
v 4.800000 11.400000 2.151052
v 5.000000 11.400000 2.176557
v 5.200000 11.400000 2.202001
v 5.400000 11.400000 2.203670
v 5.600000 11.400000 2.173709
v 5.800000 11.400000 2.154875
v 6.000000 11.400000 2.165040
v 6.200000 11.400000 2.176561
v 6.400000 11.400000 2.152600
v 6.600000 11.400000 2.132530
v 6.800000 11.400000 2.103512
v 7.000000 11.400000 2.079030
v 7.200000 11.400000 2.116568
v 7.400000 11.400000 2.171044
v 7.600000 11.400000 2.134648
v 7.800000 11.400000 2.063712
v 8.000000 11.400000 1.990297
v 8.200000 11.400000 1.939751
v 8.400000 11.400000 1.950221
v 8.600000 11.400000 1.973910
v 8.800000 11.400000 1.976797
v 9.000000 11.400000 1.945309
v 9.200000 11.400000 1.889063
v 9.400000 11.400000 1.794491
v 9.600000 11.400000 1.663091
v 9.800000 11.400000 1.551352
v 10.000000 11.400000 1.515206
v 10.200000 11.400000 1.541913
v 10.400000 11.400000 1.563604
v 10.600000 11.400000 1.549886
v 10.800000 11.400000 1.516525
v 11.000000 11.400000 1.525020
v 11.200000 11.400000 1.512781
v 11.400000 11.400000 1.474930
v 11.600000 11.400000 1.426747
v 11.800000 11.400000 1.369775
v 12.000000 11.400000 1.308026
v 12.200000 11.400000 1.261244
v 12.400000 11.400000 1.229015
v 12.600000 11.400000 1.202162
v 12.800000 11.400000 1.191083
v 13.000000 11.400000 1.190530
v 13.200000 11.400000 1.172024
v 13.400000 11.400000 1.157759
v 13.600000 11.400000 1.149151
v 13.800000 11.400000 1.117010
v 14.000000 11.400000 1.089789
v 14.200000 11.400000 1.093128
v 14.400000 11.400000 1.122569
v 14.600000 11.400000 1.132602
v 14.800000 11.400000 1.138211
v 15.000000 11.400000 1.168376
v 15.200000 11.400000 1.240314
v 15.400000 11.400000 1.336606
v 15.600000 11.400000 1.428229
v 15.800000 11.400000 1.451653
v 16.000000 11.400000 1.454402
v 16.200000 11.400000 1.436015
v 16.400000 11.400000 1.390809
v 16.600000 11.400000 1.403448
v 16.800000 11.400000 1.420697
v 17.000000 11.400000 1.405101
v 17.200000 11.400000 1.425553
v 17.400000 11.400000 1.432310
v 17.600000 11.400000 1.424408
v 17.800000 11.400000 1.416565
v 18.000000 11.400000 1.370720
v 18.200000 11.400000 1.328906
v 18.400000 11.400000 1.336732
v 18.600000 11.400000 1.352833
v 18.800000 11.400000 1.332557
v 19.000000 11.400000 1.330847
v 19.200000 11.400000 1.349218
v 19.400000 11.400000 1.381934
v 19.600000 11.400000 1.433107
v 19.800000 11.400000 1.461937
v 0.000000 11.600000 1.110467
v 0.200000 11.600000 1.125739
v 0.400000 11.600000 1.144747
v 0.600000 11.600000 1.150787
v 0.800000 11.600000 1.135291
v 1.000000 11.600000 1.159952
v 1.200000 11.600000 1.224898
v 1.400000 11.600000 1.297434
v 1.600000 11.600000 1.367923
v 1.800000 11.600000 1.423668
v 2.000000 11.600000 1.469909
v 2.200000 11.600000 1.507514
v 2.400000 11.600000 1.549320
v 2.600000 11.600000 1.594723
v 2.800000 11.600000 1.607385
v 3.000000 11.600000 1.663385
v 3.200000 11.600000 1.752702
v 3.400000 11.600000 1.810826
v 3.600000 11.600000 1.871941
v 3.800000 11.600000 1.921370
v 4.000000 11.600000 1.956882
v 4.200000 11.600000 1.995382
v 4.400000 11.600000 2.066801
v 4.600000 11.600000 2.146787
v 4.800000 11.600000 2.195149
v 5.000000 11.600000 2.221648
v 5.200000 11.600000 2.254241
v 5.400000 11.600000 2.258543
v 5.600000 11.600000 2.203049
v 5.800000 11.600000 2.146441
v 6.000000 11.600000 2.139940
v 6.200000 11.600000 2.142807
v 6.400000 11.600000 2.129969
v 6.600000 11.600000 2.112296
v 6.800000 11.600000 2.077665
v 7.000000 11.600000 2.062282
v 7.200000 11.600000 2.100818
v 7.400000 11.600000 2.151115
v 7.600000 11.600000 2.102632
v 7.800000 11.600000 2.023410
v 8.000000 11.600000 1.943553
v 8.200000 11.600000 1.869659
v 8.400000 11.600000 1.868497
v 8.600000 11.600000 1.905987
v 8.800000 11.600000 1.905116
v 9.000000 11.600000 1.864186
v 9.200000 11.600000 1.804285
v 9.400000 11.600000 1.714316
v 9.600000 11.600000 1.587123
v 9.800000 11.600000 1.454327
v 10.000000 11.600000 1.416927
v 10.200000 11.600000 1.454240
v 10.400000 11.600000 1.472649
v 10.600000 11.600000 1.454743
v 10.800000 11.600000 1.431168
v 11.000000 11.600000 1.460403
v 11.200000 11.600000 1.456343
v 11.400000 11.600000 1.405475
v 11.600000 11.600000 1.343574
v 11.800000 11.600000 1.278823
v 12.000000 11.600000 1.222066
v 12.200000 11.600000 1.205778
v 12.400000 11.600000 1.193174
v 12.600000 11.600000 1.162935
v 12.800000 11.600000 1.157732
v 13.000000 11.600000 1.184296
v 13.200000 11.600000 1.179802
v 13.400000 11.600000 1.155118
v 13.600000 11.600000 1.135913
v 13.800000 11.600000 1.106276
v 14.000000 11.600000 1.091407
v 14.200000 11.600000 1.112788
v 14.400000 11.600000 1.150302
v 14.600000 11.600000 1.154008
v 14.800000 11.600000 1.147286
v 15.000000 11.600000 1.178283
v 15.200000 11.600000 1.256569
v 15.400000 11.600000 1.361657
v 15.600000 11.600000 1.454186
v 15.800000 11.600000 1.474011
v 16.000000 11.600000 1.463519
v 16.200000 11.600000 1.446379
v 16.400000 11.600000 1.416972
v 16.600000 11.600000 1.438477
v 16.800000 11.600000 1.458135
v 17.000000 11.600000 1.444619
v 17.200000 11.600000 1.448846
v 17.400000 11.600000 1.450544
v 17.600000 11.600000 1.446361
v 17.800000 11.600000 1.435555
v 18.000000 11.600000 1.402922
v 18.200000 11.600000 1.372119
v 18.400000 11.600000 1.378111
v 18.600000 11.600000 1.391963
v 18.800000 11.600000 1.373824
v 19.000000 11.600000 1.373649
v 19.200000 11.600000 1.399648
v 19.400000 11.600000 1.439376
v 19.600000 11.600000 1.495653
v 19.800000 11.600000 1.522097
v 0.000000 11.800000 1.179955
v 0.200000 11.800000 1.162321
v 0.400000 11.800000 1.156054
v 0.600000 11.800000 1.175353
v 0.800000 11.800000 1.169063
v 1.000000 11.800000 1.187034
v 1.200000 11.800000 1.228822
v 1.400000 11.800000 1.300366
v 1.600000 11.800000 1.372082
v 1.800000 11.800000 1.438973
v 2.000000 11.800000 1.489760
v 2.200000 11.800000 1.526478
v 2.400000 11.800000 1.565369
v 2.600000 11.800000 1.613811
v 2.800000 11.800000 1.630228
v 3.000000 11.800000 1.682483
v 3.200000 11.800000 1.760505
v 3.400000 11.800000 1.815677
v 3.600000 11.800000 1.886705
v 3.800000 11.800000 1.949156
v 4.000000 11.800000 2.006045
v 4.200000 11.800000 2.046217
v 4.400000 11.800000 2.097736
v 4.600000 11.800000 2.171879
v 4.800000 11.800000 2.219995
v 5.000000 11.800000 2.245415
v 5.200000 11.800000 2.280369
v 5.400000 11.800000 2.287316
v 5.600000 11.800000 2.243066
v 5.800000 11.800000 2.177634
v 6.000000 11.800000 2.147768
v 6.200000 11.800000 2.136263
v 6.400000 11.800000 2.151422
v 6.600000 11.800000 2.148109
v 6.800000 11.800000 2.111324
v 7.000000 11.800000 2.106142
v 7.200000 11.800000 2.114336
v 7.400000 11.800000 2.123777
v 7.600000 11.800000 2.070965
v 7.800000 11.800000 1.999446
v 8.000000 11.800000 1.924512
v 8.200000 11.800000 1.843094
v 8.400000 11.800000 1.817010
v 8.600000 11.800000 1.831443
v 8.800000 11.800000 1.807217
v 9.000000 11.800000 1.739518
v 9.200000 11.800000 1.677914
v 9.400000 11.800000 1.609724
v 9.600000 11.800000 1.507536
v 9.800000 11.800000 1.397154
v 10.000000 11.800000 1.358743
v 10.200000 11.800000 1.365494
v 10.400000 11.800000 1.374890
v 10.600000 11.800000 1.397862
v 10.800000 11.800000 1.392060
v 11.000000 11.800000 1.403589
v 11.200000 11.800000 1.391051
v 11.400000 11.800000 1.320132
v 11.600000 11.800000 1.249296
v 11.800000 11.800000 1.199691
v 12.000000 11.800000 1.159666
v 12.200000 11.800000 1.141971
v 12.400000 11.800000 1.126454
v 12.600000 11.800000 1.115704
v 12.800000 11.800000 1.125927
v 13.000000 11.800000 1.145011
v 13.200000 11.800000 1.137145
v 13.400000 11.800000 1.137046
v 13.600000 11.800000 1.146816
v 13.800000 11.800000 1.118381
v 14.000000 11.800000 1.098231
v 14.200000 11.800000 1.113995
v 14.400000 11.800000 1.128732
v 14.600000 11.800000 1.136289
v 14.800000 11.800000 1.146021
v 15.000000 11.800000 1.188375
v 15.200000 11.800000 1.288634
v 15.400000 11.800000 1.381474
v 15.600000 11.800000 1.432010
v 15.800000 11.800000 1.448024
v 16.000000 11.800000 1.433188
v 16.200000 11.800000 1.430540
v 16.400000 11.800000 1.442667
v 16.600000 11.800000 1.472488
v 16.800000 11.800000 1.492775
v 17.000000 11.800000 1.482492
v 17.200000 11.800000 1.468661
v 17.400000 11.800000 1.465073
v 17.600000 11.800000 1.457490
v 17.800000 11.800000 1.448459
v 18.000000 11.800000 1.434201
v 18.200000 11.800000 1.415507
v 18.400000 11.800000 1.415828
v 18.600000 11.800000 1.426077
v 18.800000 11.800000 1.457531
v 19.000000 11.800000 1.483363
v 19.200000 11.800000 1.482221
v 19.400000 11.800000 1.497775
v 19.600000 11.800000 1.540385
v 19.800000 11.800000 1.553306
v 0.000000 12.000000 1.229011
v 0.200000 12.000000 1.214053
v 0.400000 12.000000 1.193399
v 0.600000 12.000000 1.200723
v 0.800000 12.000000 1.210153
v 1.000000 12.000000 1.235298
v 1.200000 12.000000 1.280406
v 1.400000 12.000000 1.334308
v 1.600000 12.000000 1.385057
v 1.800000 12.000000 1.437500
v 2.000000 12.000000 1.479833
v 2.200000 12.000000 1.509711
v 2.400000 12.000000 1.571036
v 2.600000 12.000000 1.624973
v 2.800000 12.000000 1.639443
v 3.000000 12.000000 1.684129
v 3.200000 12.000000 1.757502
v 3.400000 12.000000 1.819335
v 3.600000 12.000000 1.905764
v 3.800000 12.000000 1.984858
v 4.000000 12.000000 2.065262
v 4.200000 12.000000 2.130176
v 4.400000 12.000000 2.176385
v 4.600000 12.000000 2.228287
v 4.800000 12.000000 2.276311
v 5.000000 12.000000 2.304293
v 5.200000 12.000000 2.330036
v 5.400000 12.000000 2.327058
v 5.600000 12.000000 2.279501
v 5.800000 12.000000 2.220935
v 6.000000 12.000000 2.179505
v 6.200000 12.000000 2.156454
v 6.400000 12.000000 2.179375
v 6.600000 12.000000 2.193573
v 6.800000 12.000000 2.178837
v 7.000000 12.000000 2.170567
v 7.200000 12.000000 2.142309
v 7.400000 12.000000 2.093559
v 7.600000 12.000000 2.054349
v 7.800000 12.000000 2.000579
v 8.000000 12.000000 1.923787
v 8.200000 12.000000 1.831585
v 8.400000 12.000000 1.771960
v 8.600000 12.000000 1.747232
v 8.800000 12.000000 1.711360
v 9.000000 12.000000 1.645682
v 9.200000 12.000000 1.575695
v 9.400000 12.000000 1.515996
v 9.600000 12.000000 1.423772
v 9.800000 12.000000 1.330836
v 10.000000 12.000000 1.288408
v 10.200000 12.000000 1.263124
v 10.400000 12.000000 1.286310
v 10.600000 12.000000 1.339654
v 10.800000 12.000000 1.343353
v 11.000000 12.000000 1.326392
v 11.200000 12.000000 1.297322
v 11.400000 12.000000 1.218978
v 11.600000 12.000000 1.169921
v 11.800000 12.000000 1.151718
v 12.000000 12.000000 1.125384
v 12.200000 12.000000 1.105156
v 12.400000 12.000000 1.084331
v 12.600000 12.000000 1.078596
v 12.800000 12.000000 1.075418
v 13.000000 12.000000 1.066894
v 13.200000 12.000000 1.077229
v 13.400000 12.000000 1.120919
v 13.600000 12.000000 1.175183
v 13.800000 12.000000 1.162011
v 14.000000 12.000000 1.140038
v 14.200000 12.000000 1.146378
v 14.400000 12.000000 1.132093
v 14.600000 12.000000 1.126277
v 14.800000 12.000000 1.129175
v 15.000000 12.000000 1.192560
v 15.200000 12.000000 1.318796
v 15.400000 12.000000 1.399254
v 15.600000 12.000000 1.425452
v 15.800000 12.000000 1.442927
v 16.000000 12.000000 1.437276
v 16.200000 12.000000 1.445388
v 16.400000 12.000000 1.474964
v 16.600000 12.000000 1.514770
v 16.800000 12.000000 1.530626
v 17.000000 12.000000 1.509451
v 17.200000 12.000000 1.499050
v 17.400000 12.000000 1.500189
v 17.600000 12.000000 1.486383
v 17.800000 12.000000 1.489970
v 18.000000 12.000000 1.500212
v 18.200000 12.000000 1.501054
v 18.400000 12.000000 1.484871
v 18.600000 12.000000 1.478573
v 18.800000 12.000000 1.535462
v 19.000000 12.000000 1.569521
v 19.200000 12.000000 1.538161
v 19.400000 12.000000 1.542651
v 19.600000 12.000000 1.570952
v 19.800000 12.000000 1.574142
v 0.000000 12.200000 1.263918
v 0.200000 12.200000 1.252940
v 0.400000 12.200000 1.230125
v 0.600000 12.200000 1.236853
v 0.800000 12.200000 1.252744
v 1.000000 12.200000 1.275881
v 1.200000 12.200000 1.317183
v 1.400000 12.200000 1.375945
v 1.600000 12.200000 1.432767
v 1.800000 12.200000 1.464460
v 2.000000 12.200000 1.485821
v 2.200000 12.200000 1.503959
v 2.400000 12.200000 1.536875
v 2.600000 12.200000 1.599964
v 2.800000 12.200000 1.651330
v 3.000000 12.200000 1.692448
v 3.200000 12.200000 1.744270
v 3.400000 12.200000 1.824292
v 3.600000 12.200000 1.947503
v 3.800000 12.200000 2.046247
v 4.000000 12.200000 2.136238
v 4.200000 12.200000 2.212491
v 4.400000 12.200000 2.275088
v 4.600000 12.200000 2.320364
v 4.800000 12.200000 2.361460
v 5.000000 12.200000 2.387957
v 5.200000 12.200000 2.404878
v 5.400000 12.200000 2.392088
v 5.600000 12.200000 2.339207
v 5.800000 12.200000 2.271841
v 6.000000 12.200000 2.228473
v 6.200000 12.200000 2.207746
v 6.400000 12.200000 2.207091
v 6.600000 12.200000 2.205708
v 6.800000 12.200000 2.209528
v 7.000000 12.200000 2.196972
v 7.200000 12.200000 2.135562
v 7.400000 12.200000 2.058915
v 7.600000 12.200000 2.023739
v 7.800000 12.200000 1.990488
v 8.000000 12.200000 1.925325
v 8.200000 12.200000 1.836260
v 8.400000 12.200000 1.733719
v 8.600000 12.200000 1.636791
v 8.800000 12.200000 1.599850
v 9.000000 12.200000 1.574599
v 9.200000 12.200000 1.508221
v 9.400000 12.200000 1.413740
v 9.600000 12.200000 1.309955
v 9.800000 12.200000 1.236195
v 10.000000 12.200000 1.205512
v 10.200000 12.200000 1.209754
v 10.400000 12.200000 1.231943
v 10.600000 12.200000 1.243156
v 10.800000 12.200000 1.235240
v 11.000000 12.200000 1.212921
v 11.200000 12.200000 1.189032
v 11.400000 12.200000 1.170292
v 11.600000 12.200000 1.151851
v 11.800000 12.200000 1.132417
v 12.000000 12.200000 1.116313
v 12.200000 12.200000 1.103420
v 12.400000 12.200000 1.084994
v 12.600000 12.200000 1.051308
v 12.800000 12.200000 1.015244
v 13.000000 12.200000 0.996745
v 13.200000 12.200000 1.021224
v 13.400000 12.200000 1.099640
v 13.600000 12.200000 1.190944
v 13.800000 12.200000 1.218505
v 14.000000 12.200000 1.222552
v 14.200000 12.200000 1.213925
v 14.400000 12.200000 1.180567
v 14.600000 12.200000 1.161546
v 14.800000 12.200000 1.170348
v 15.000000 12.200000 1.210916
v 15.200000 12.200000 1.285846
v 15.400000 12.200000 1.373123
v 15.600000 12.200000 1.421327
v 15.800000 12.200000 1.444785
v 16.000000 12.200000 1.461313
v 16.200000 12.200000 1.480379
v 16.400000 12.200000 1.519432
v 16.600000 12.200000 1.561977
v 16.800000 12.200000 1.572516
v 17.000000 12.200000 1.547687
v 17.200000 12.200000 1.518680
v 17.400000 12.200000 1.520988
v 17.600000 12.200000 1.528568
v 17.800000 12.200000 1.559236
v 18.000000 12.200000 1.608843
v 18.200000 12.200000 1.611000
v 18.400000 12.200000 1.567474
v 18.600000 12.200000 1.543525
v 18.800000 12.200000 1.588778
v 19.000000 12.200000 1.618598
v 19.200000 12.200000 1.601434
v 19.400000 12.200000 1.602483
v 19.600000 12.200000 1.599017
v 19.800000 12.200000 1.580557
v 0.000000 12.400000 1.275427
v 0.200000 12.400000 1.267886
v 0.400000 12.400000 1.245576
v 0.600000 12.400000 1.253174
v 0.800000 12.400000 1.268431
v 1.000000 12.400000 1.287246
v 1.200000 12.400000 1.327075
v 1.400000 12.400000 1.397248
v 1.600000 12.400000 1.467274
v 1.800000 12.400000 1.488014
v 2.000000 12.400000 1.498943
v 2.200000 12.400000 1.512070
v 2.400000 12.400000 1.521568
v 2.600000 12.400000 1.589099
v 2.800000 12.400000 1.663861
v 3.000000 12.400000 1.706157
v 3.200000 12.400000 1.747941
v 3.400000 12.400000 1.846126
v 3.600000 12.400000 1.986335
v 3.800000 12.400000 2.096127
v 4.000000 12.400000 2.196133
v 4.200000 12.400000 2.275641
v 4.400000 12.400000 2.349227
v 4.600000 12.400000 2.391298
v 4.800000 12.400000 2.433861
v 5.000000 12.400000 2.462622
v 5.200000 12.400000 2.476142
v 5.400000 12.400000 2.458472
v 5.600000 12.400000 2.403811
v 5.800000 12.400000 2.325922
v 6.000000 12.400000 2.281479
v 6.200000 12.400000 2.263479
v 6.400000 12.400000 2.241437
v 6.600000 12.400000 2.223472
v 6.800000 12.400000 2.235370
v 7.000000 12.400000 2.213775
v 7.200000 12.400000 2.129229
v 7.400000 12.400000 2.039338
v 7.600000 12.400000 1.995203
v 7.800000 12.400000 1.964932
v 8.000000 12.400000 1.905628
v 8.200000 12.400000 1.817498
v 8.400000 12.400000 1.691069
v 8.600000 12.400000 1.545742
v 8.800000 12.400000 1.511219
v 9.000000 12.400000 1.514202
v 9.200000 12.400000 1.452167
v 9.400000 12.400000 1.329570
v 9.600000 12.400000 1.208407
v 9.800000 12.400000 1.153752
v 10.000000 12.400000 1.133126
v 10.200000 12.400000 1.157412
v 10.400000 12.400000 1.175552
v 10.600000 12.400000 1.160353
v 10.800000 12.400000 1.151918
v 11.000000 12.400000 1.136467
v 11.200000 12.400000 1.124971
v 11.400000 12.400000 1.155286
v 11.600000 12.400000 1.149100
v 11.800000 12.400000 1.119882
v 12.000000 12.400000 1.115875
v 12.200000 12.400000 1.108069
v 12.400000 12.400000 1.091410
v 12.600000 12.400000 1.039862
v 12.800000 12.400000 0.986315
v 13.000000 12.400000 0.963056
v 13.200000 12.400000 0.988575
v 13.400000 12.400000 1.079265
v 13.600000 12.400000 1.185684
v 13.800000 12.400000 1.241696
v 14.000000 12.400000 1.266718
v 14.200000 12.400000 1.251006
v 14.400000 12.400000 1.209998
v 14.600000 12.400000 1.188773
v 14.800000 12.400000 1.217785
v 15.000000 12.400000 1.239641
v 15.200000 12.400000 1.275301
v 15.400000 12.400000 1.370462
v 15.600000 12.400000 1.430048
v 15.800000 12.400000 1.451320
v 16.000000 12.400000 1.482744
v 16.200000 12.400000 1.507068
v 16.400000 12.400000 1.550903
v 16.600000 12.400000 1.594474
v 16.800000 12.400000 1.605178
v 17.000000 12.400000 1.583615
v 17.200000 12.400000 1.548019
v 17.400000 12.400000 1.554249
v 17.600000 12.400000 1.571966
v 17.800000 12.400000 1.624421
v 18.000000 12.400000 1.699812
v 18.200000 12.400000 1.691940
v 18.400000 12.400000 1.630724
v 18.600000 12.400000 1.594536
v 18.800000 12.400000 1.626640
v 19.000000 12.400000 1.651498
v 19.200000 12.400000 1.647102
v 19.400000 12.400000 1.642193
v 19.600000 12.400000 1.617607
v 19.800000 12.400000 1.585754
v 0.000000 12.600000 1.253284
v 0.200000 12.600000 1.270571
v 0.400000 12.600000 1.273273
v 0.600000 12.600000 1.265322
v 0.800000 12.600000 1.255393
v 1.000000 12.600000 1.269141
v 1.200000 12.600000 1.315847
v 1.400000 12.600000 1.373235
v 1.600000 12.600000 1.428772
v 1.800000 12.600000 1.449757
v 2.000000 12.600000 1.455614
v 2.200000 12.600000 1.490954
v 2.400000 12.600000 1.545234
v 2.600000 12.600000 1.612529
v 2.800000 12.600000 1.669456
v 3.000000 12.600000 1.743023
v 3.200000 12.600000 1.835133
v 3.400000 12.600000 1.933173
v 3.600000 12.600000 2.038854
v 3.800000 12.600000 2.139827
v 4.000000 12.600000 2.242092
v 4.200000 12.600000 2.336339
v 4.400000 12.600000 2.405481
v 4.600000 12.600000 2.446710
v 4.800000 12.600000 2.513010
v 5.000000 12.600000 2.548469
v 5.200000 12.600000 2.525702
v 5.400000 12.600000 2.474961
v 5.600000 12.600000 2.433448
v 5.800000 12.600000 2.390414
v 6.000000 12.600000 2.360993
v 6.200000 12.600000 2.343250
v 6.400000 12.600000 2.324566
v 6.600000 12.600000 2.291665
v 6.800000 12.600000 2.267035
v 7.000000 12.600000 2.233619
v 7.200000 12.600000 2.142151
v 7.400000 12.600000 2.040570
v 7.600000 12.600000 1.971343
v 7.800000 12.600000 1.906690
v 8.000000 12.600000 1.825908
v 8.200000 12.600000 1.725062
v 8.400000 12.600000 1.619639
v 8.600000 12.600000 1.531072
v 8.800000 12.600000 1.480609
v 9.000000 12.600000 1.452853
v 9.200000 12.600000 1.374653
v 9.400000 12.600000 1.278877
v 9.600000 12.600000 1.182162
v 9.800000 12.600000 1.101975
v 10.000000 12.600000 1.077541
v 10.200000 12.600000 1.110954
v 10.400000 12.600000 1.122074
v 10.600000 12.600000 1.095373
v 10.800000 12.600000 1.100410
v 11.000000 12.600000 1.101501
v 11.200000 12.600000 1.099865
v 11.400000 12.600000 1.123983
v 11.600000 12.600000 1.123329
v 11.800000 12.600000 1.101704
v 12.000000 12.600000 1.086433
v 12.200000 12.600000 1.068230
v 12.400000 12.600000 1.047812
v 12.600000 12.600000 1.043917
v 12.800000 12.600000 1.033391
v 13.000000 12.600000 1.031859
v 13.200000 12.600000 1.061647
v 13.400000 12.600000 1.103976
v 13.600000 12.600000 1.157014
v 13.800000 12.600000 1.206244
v 14.000000 12.600000 1.247107
v 14.200000 12.600000 1.262541
v 14.400000 12.600000 1.252924
v 14.600000 12.600000 1.243886
v 14.800000 12.600000 1.264730
v 15.000000 12.600000 1.300523
v 15.200000 12.600000 1.350083
v 15.400000 12.600000 1.415638
v 15.600000 12.600000 1.441432
v 15.800000 12.600000 1.456462
v 16.000000 12.600000 1.479908
v 16.200000 12.600000 1.510165
v 16.400000 12.600000 1.568563
v 16.600000 12.600000 1.598147
v 16.800000 12.600000 1.611065
v 17.000000 12.600000 1.609343
v 17.200000 12.600000 1.589535
v 17.400000 12.600000 1.606966
v 17.600000 12.600000 1.647133
v 17.800000 12.600000 1.706514
v 18.000000 12.600000 1.761640
v 18.200000 12.600000 1.765985
v 18.400000 12.600000 1.730872
v 18.600000 12.600000 1.699051
v 18.800000 12.600000 1.687999
v 19.000000 12.600000 1.682988
v 19.200000 12.600000 1.675197
v 19.400000 12.600000 1.660654
v 19.600000 12.600000 1.626042
v 19.800000 12.600000 1.593059
v 0.000000 12.800000 1.192716
v 0.200000 12.800000 1.228656
v 0.400000 12.800000 1.261230
v 0.600000 12.800000 1.258743
v 0.800000 12.800000 1.245503
v 1.000000 12.800000 1.261396
v 1.200000 12.800000 1.304397
v 1.400000 12.800000 1.352618
v 1.600000 12.800000 1.399903
v 1.800000 12.800000 1.420813
v 2.000000 12.800000 1.426298
v 2.200000 12.800000 1.481370
v 2.400000 12.800000 1.574492
v 2.600000 12.800000 1.646386
v 2.800000 12.800000 1.704094
v 3.000000 12.800000 1.807851
v 3.200000 12.800000 1.939982
v 3.400000 12.800000 2.028284
v 3.600000 12.800000 2.093630
v 3.800000 12.800000 2.183230
v 4.000000 12.800000 2.293759
v 4.200000 12.800000 2.395780
v 4.400000 12.800000 2.462313
v 4.600000 12.800000 2.518250
v 4.800000 12.800000 2.601539
v 5.000000 12.800000 2.637931
v 5.200000 12.800000 2.573497
v 5.400000 12.800000 2.494183
v 5.600000 12.800000 2.465998
v 5.800000 12.800000 2.449403
v 6.000000 12.800000 2.441216
v 6.200000 12.800000 2.430458
v 6.400000 12.800000 2.399018
v 6.600000 12.800000 2.344163
v 6.800000 12.800000 2.292270
v 7.000000 12.800000 2.249931
v 7.200000 12.800000 2.156790
v 7.400000 12.800000 2.050937
v 7.600000 12.800000 1.962519
v 7.800000 12.800000 1.869885
v 8.000000 12.800000 1.770768
v 8.200000 12.800000 1.663915
v 8.400000 12.800000 1.580089
v 8.600000 12.800000 1.516476
v 8.800000 12.800000 1.441495
v 9.000000 12.800000 1.379543
v 9.200000 12.800000 1.301833
v 9.400000 12.800000 1.229058
v 9.600000 12.800000 1.147236
v 9.800000 12.800000 1.063507
v 10.000000 12.800000 1.038832
v 10.200000 12.800000 1.073899
v 10.400000 12.800000 1.075955
v 10.600000 12.800000 1.038977
v 10.800000 12.800000 1.052618
v 11.000000 12.800000 1.081990
v 11.200000 12.800000 1.100505
v 11.400000 12.800000 1.123575
v 11.600000 12.800000 1.118244
v 11.800000 12.800000 1.095226
v 12.000000 12.800000 1.074232
v 12.200000 12.800000 1.046787
v 12.400000 12.800000 1.021469
v 12.600000 12.800000 1.052503
v 12.800000 12.800000 1.089673
v 13.000000 12.800000 1.116932
v 13.200000 12.800000 1.138497
v 13.400000 12.800000 1.123162
v 13.600000 12.800000 1.112137
v 13.800000 12.800000 1.162154
v 14.000000 12.800000 1.223944
v 14.200000 12.800000 1.271504
v 14.400000 12.800000 1.305804
v 14.600000 12.800000 1.329203
v 14.800000 12.800000 1.365266
v 15.000000 12.800000 1.401064
v 15.200000 12.800000 1.432489
v 15.400000 12.800000 1.452994
v 15.600000 12.800000 1.440358
v 15.800000 12.800000 1.453785
v 16.000000 12.800000 1.472140
v 16.200000 12.800000 1.509582
v 16.400000 12.800000 1.576202
v 16.600000 12.800000 1.597698
v 16.800000 12.800000 1.616397
v 17.000000 12.800000 1.629380
v 17.200000 12.800000 1.628587
v 17.400000 12.800000 1.658818
v 17.600000 12.800000 1.726654
v 17.800000 12.800000 1.806416
v 18.000000 12.800000 1.854315
v 18.200000 12.800000 1.852103
v 18.400000 12.800000 1.834086
v 18.600000 12.800000 1.802513
v 18.800000 12.800000 1.751887
v 19.000000 12.800000 1.722875
v 19.200000 12.800000 1.713168
v 19.400000 12.800000 1.691778
v 19.600000 12.800000 1.645656
v 19.800000 12.800000 1.606508
v 0.000000 13.000000 1.107519
v 0.200000 13.000000 1.158956
v 0.400000 13.000000 1.221469
v 0.600000 13.000000 1.250026
v 0.800000 13.000000 1.269119
v 1.000000 13.000000 1.281485
v 1.200000 13.000000 1.302649
v 1.400000 13.000000 1.345992
v 1.600000 13.000000 1.390501
v 1.800000 13.000000 1.428369
v 2.000000 13.000000 1.476424
v 2.200000 13.000000 1.537154
v 2.400000 13.000000 1.616395
v 2.600000 13.000000 1.693545
v 2.800000 13.000000 1.771360
v 3.000000 13.000000 1.882075
v 3.200000 13.000000 2.010888
v 3.400000 13.000000 2.097133
v 3.600000 13.000000 2.162763
v 3.800000 13.000000 2.250449
v 4.000000 13.000000 2.363994
v 4.200000 13.000000 2.463070
v 4.400000 13.000000 2.523417
v 4.600000 13.000000 2.605504
v 4.800000 13.000000 2.681348
v 5.000000 13.000000 2.706901
v 5.200000 13.000000 2.637044
v 5.400000 13.000000 2.557805
v 5.600000 13.000000 2.523039
v 5.800000 13.000000 2.507735
v 6.000000 13.000000 2.516855
v 6.200000 13.000000 2.514847
v 6.400000 13.000000 2.459914
v 6.600000 13.000000 2.379505
v 6.800000 13.000000 2.297329
v 7.000000 13.000000 2.236678
v 7.200000 13.000000 2.160883
v 7.400000 13.000000 2.080658
v 7.600000 13.000000 1.982518
v 7.800000 13.000000 1.871733
v 8.000000 13.000000 1.765332
v 8.200000 13.000000 1.670937
v 8.400000 13.000000 1.590540
v 8.600000 13.000000 1.507096
v 8.800000 13.000000 1.394264
v 9.000000 13.000000 1.279092
v 9.200000 13.000000 1.215683
v 9.400000 13.000000 1.143757
v 9.600000 13.000000 1.067153
v 9.800000 13.000000 1.022201
v 10.000000 13.000000 1.007345
v 10.200000 13.000000 1.044849
v 10.400000 13.000000 1.043957
v 10.600000 13.000000 1.010458
v 10.800000 13.000000 1.024558
v 11.000000 13.000000 1.071150
v 11.200000 13.000000 1.108769
v 11.400000 13.000000 1.144011
v 11.600000 13.000000 1.143395
v 11.800000 13.000000 1.111436
v 12.000000 13.000000 1.079645
v 12.200000 13.000000 1.059025
v 12.400000 13.000000 1.037960
v 12.600000 13.000000 1.050579
v 12.800000 13.000000 1.094914
v 13.000000 13.000000 1.149905
v 13.200000 13.000000 1.161253
v 13.400000 13.000000 1.134378
v 13.600000 13.000000 1.105548
v 13.800000 13.000000 1.150857
v 14.000000 13.000000 1.213509
v 14.200000 13.000000 1.268952
v 14.400000 13.000000 1.316731
v 14.600000 13.000000 1.378574
v 14.800000 13.000000 1.451121
v 15.000000 13.000000 1.471873
v 15.200000 13.000000 1.457301
v 15.400000 13.000000 1.451980
v 15.600000 13.000000 1.433818
v 15.800000 13.000000 1.453778
v 16.000000 13.000000 1.479611
v 16.200000 13.000000 1.517729
v 16.400000 13.000000 1.561737
v 16.600000 13.000000 1.578840
v 16.800000 13.000000 1.615137
v 17.000000 13.000000 1.642755
v 17.200000 13.000000 1.667796
v 17.400000 13.000000 1.710305
v 17.600000 13.000000 1.788120
v 17.800000 13.000000 1.880445
v 18.000000 13.000000 1.939682
v 18.200000 13.000000 1.928349
v 18.400000 13.000000 1.900525
v 18.600000 13.000000 1.858938
v 18.800000 13.000000 1.817207
v 19.000000 13.000000 1.796771
v 19.200000 13.000000 1.769719
v 19.400000 13.000000 1.733581
v 19.600000 13.000000 1.684511
v 19.800000 13.000000 1.643450
v 0.000000 13.200000 1.064755
v 0.200000 13.200000 1.139401
v 0.400000 13.200000 1.223172
v 0.600000 13.200000 1.260035
v 0.800000 13.200000 1.294672
v 1.000000 13.200000 1.298835
v 1.200000 13.200000 1.313432
v 1.400000 13.200000 1.343944
v 1.600000 13.200000 1.378190
v 1.800000 13.200000 1.440855
v 2.000000 13.200000 1.526724
v 2.200000 13.200000 1.589137
v 2.400000 13.200000 1.648847
v 2.600000 13.200000 1.725449
v 2.800000 13.200000 1.804828
v 3.000000 13.200000 1.931531
v 3.200000 13.200000 2.063418
v 3.400000 13.200000 2.162675
v 3.600000 13.200000 2.244403
v 3.800000 13.200000 2.335510
v 4.000000 13.200000 2.449456
v 4.200000 13.200000 2.549541
v 4.400000 13.200000 2.598276
v 4.600000 13.200000 2.659300
v 4.800000 13.200000 2.742627
v 5.000000 13.200000 2.775489
v 5.200000 13.200000 2.713547
v 5.400000 13.200000 2.637063
v 5.600000 13.200000 2.590614
v 5.800000 13.200000 2.571027
v 6.000000 13.200000 2.582554
v 6.200000 13.200000 2.580950
v 6.400000 13.200000 2.499302
v 6.600000 13.200000 2.405599
v 6.800000 13.200000 2.321560
v 7.000000 13.200000 2.239576
v 7.200000 13.200000 2.173803
v 7.400000 13.200000 2.104567
v 7.600000 13.200000 1.979811
v 7.800000 13.200000 1.840065
v 8.000000 13.200000 1.729580
v 8.200000 13.200000 1.649115
v 8.400000 13.200000 1.571433
v 8.600000 13.200000 1.488205
v 8.800000 13.200000 1.356802
v 9.000000 13.200000 1.214693
v 9.200000 13.200000 1.150206
v 9.400000 13.200000 1.087076
v 9.600000 13.200000 1.038221
v 9.800000 13.200000 1.007530
v 10.000000 13.200000 0.994836
v 10.200000 13.200000 1.034038
v 10.400000 13.200000 1.038967
v 10.600000 13.200000 1.012241
v 10.800000 13.200000 1.035991
v 11.000000 13.200000 1.070554
v 11.200000 13.200000 1.106911
v 11.400000 13.200000 1.162175
v 11.600000 13.200000 1.170309
v 11.800000 13.200000 1.134169
v 12.000000 13.200000 1.110254
v 12.200000 13.200000 1.099117
v 12.400000 13.200000 1.077437
v 12.600000 13.200000 1.084565
v 12.800000 13.200000 1.098799
v 13.000000 13.200000 1.130972
v 13.200000 13.200000 1.150852
v 13.400000 13.200000 1.144725
v 13.600000 13.200000 1.142722
v 13.800000 13.200000 1.164583
v 14.000000 13.200000 1.214497
v 14.200000 13.200000 1.264280
v 14.400000 13.200000 1.324687
v 14.600000 13.200000 1.411725
v 14.800000 13.200000 1.493039
v 15.000000 13.200000 1.518833
v 15.200000 13.200000 1.497899
v 15.400000 13.200000 1.469147
v 15.600000 13.200000 1.444205
v 15.800000 13.200000 1.451940
v 16.000000 13.200000 1.481777
v 16.200000 13.200000 1.520967
v 16.400000 13.200000 1.552064
v 16.600000 13.200000 1.568354
v 16.800000 13.200000 1.620978
v 17.000000 13.200000 1.667068
v 17.200000 13.200000 1.700925
v 17.400000 13.200000 1.743246
v 17.600000 13.200000 1.813869
v 17.800000 13.200000 1.917374
v 18.000000 13.200000 1.991322
v 18.200000 13.200000 1.997003
v 18.400000 13.200000 1.968581
v 18.600000 13.200000 1.920398
v 18.800000 13.200000 1.876337
v 19.000000 13.200000 1.857732
v 19.200000 13.200000 1.818396
v 19.400000 13.200000 1.776548
v 19.600000 13.200000 1.736092
v 19.800000 13.200000 1.700477
v 0.000000 13.400000 1.085419
v 0.200000 13.400000 1.151159
v 0.400000 13.400000 1.223755
v 0.600000 13.400000 1.251780
v 0.800000 13.400000 1.278790
v 1.000000 13.400000 1.293544
v 1.200000 13.400000 1.322382
v 1.400000 13.400000 1.364361
v 1.600000 13.400000 1.413734
v 1.800000 13.400000 1.471686
v 2.000000 13.400000 1.528564
v 2.200000 13.400000 1.585812
v 2.400000 13.400000 1.652458
v 2.600000 13.400000 1.734420
v 2.800000 13.400000 1.819980
v 3.000000 13.400000 1.950180
v 3.200000 13.400000 2.080856
v 3.400000 13.400000 2.190609
v 3.600000 13.400000 2.298597
v 3.800000 13.400000 2.401846
v 4.000000 13.400000 2.522753
v 4.200000 13.400000 2.623661
v 4.400000 13.400000 2.677082
v 4.600000 13.400000 2.730039
v 4.800000 13.400000 2.788703
v 5.000000 13.400000 2.812508
v 5.200000 13.400000 2.782058
v 5.400000 13.400000 2.725288
v 5.600000 13.400000 2.663306
v 5.800000 13.400000 2.626316
v 6.000000 13.400000 2.623129
v 6.200000 13.400000 2.609935
v 6.400000 13.400000 2.526459
v 6.600000 13.400000 2.426413
v 6.800000 13.400000 2.344252
v 7.000000 13.400000 2.266237
v 7.200000 13.400000 2.184773
v 7.400000 13.400000 2.098814
v 7.600000 13.400000 1.968291
v 7.800000 13.400000 1.825034
v 8.000000 13.400000 1.703213
v 8.200000 13.400000 1.606879
v 8.400000 13.400000 1.517095
v 8.600000 13.400000 1.414840
v 8.800000 13.400000 1.292832
v 9.000000 13.400000 1.176662
v 9.200000 13.400000 1.133685
v 9.400000 13.400000 1.105465
v 9.600000 13.400000 1.077366
v 9.800000 13.400000 1.048262
v 10.000000 13.400000 1.026491
v 10.200000 13.400000 1.025263
v 10.400000 13.400000 1.024307
v 10.600000 13.400000 1.016141
v 10.800000 13.400000 1.045665
v 11.000000 13.400000 1.094682
v 11.200000 13.400000 1.132988
v 11.400000 13.400000 1.170670
v 11.600000 13.400000 1.175381
v 11.800000 13.400000 1.140127
v 12.000000 13.400000 1.130043
v 12.200000 13.400000 1.153270
v 12.400000 13.400000 1.150415
v 12.600000 13.400000 1.139894
v 12.800000 13.400000 1.119195
v 13.000000 13.400000 1.121653
v 13.200000 13.400000 1.140105
v 13.400000 13.400000 1.141186
v 13.600000 13.400000 1.149507
v 13.800000 13.400000 1.176388
v 14.000000 13.400000 1.230851
v 14.200000 13.400000 1.296884
v 14.400000 13.400000 1.373522
v 14.600000 13.400000 1.453724
v 14.800000 13.400000 1.519954
v 15.000000 13.400000 1.550739
v 15.200000 13.400000 1.540558
v 15.400000 13.400000 1.516675
v 15.600000 13.400000 1.488217
v 15.800000 13.400000 1.476249
v 16.000000 13.400000 1.495124
v 16.200000 13.400000 1.531941
v 16.400000 13.400000 1.566685
v 16.600000 13.400000 1.587643
v 16.800000 13.400000 1.633457
v 17.000000 13.400000 1.690136
v 17.200000 13.400000 1.748957
v 17.400000 13.400000 1.795050
v 17.600000 13.400000 1.847428
v 17.800000 13.400000 1.941098
v 18.000000 13.400000 2.026763
v 18.200000 13.400000 2.049145
v 18.400000 13.400000 2.035632
v 18.600000 13.400000 1.997625
v 18.800000 13.400000 1.935892
v 19.000000 13.400000 1.892568
v 19.200000 13.400000 1.848202
v 19.400000 13.400000 1.810561
v 19.600000 13.400000 1.795149
v 19.800000 13.400000 1.782572
v 0.000000 13.600000 1.134787
v 0.200000 13.600000 1.173032
v 0.400000 13.600000 1.222541
v 0.600000 13.600000 1.244731
v 0.800000 13.600000 1.260858
v 1.000000 13.600000 1.286586
v 1.200000 13.600000 1.314097
v 1.400000 13.600000 1.381289
v 1.600000 13.600000 1.457088
v 1.800000 13.600000 1.509572
v 2.000000 13.600000 1.524367
v 2.200000 13.600000 1.565748
v 2.400000 13.600000 1.656441
v 2.600000 13.600000 1.743190
v 2.800000 13.600000 1.830378
v 3.000000 13.600000 1.960661
v 3.200000 13.600000 2.083142
v 3.400000 13.600000 2.189020
v 3.600000 13.600000 2.335782
v 3.800000 13.600000 2.459991
v 4.000000 13.600000 2.594062
v 4.200000 13.600000 2.690717
v 4.400000 13.600000 2.744634
v 4.600000 13.600000 2.794369
v 4.800000 13.600000 2.814349
v 5.000000 13.600000 2.820783
v 5.200000 13.600000 2.833619
v 5.400000 13.600000 2.801310
v 5.600000 13.600000 2.726549
v 5.800000 13.600000 2.671776
v 6.000000 13.600000 2.655038
v 6.200000 13.600000 2.628465
v 6.400000 13.600000 2.563506
v 6.600000 13.600000 2.459705
v 6.800000 13.600000 2.361135
v 7.000000 13.600000 2.287549
v 7.200000 13.600000 2.186063
v 7.400000 13.600000 2.082322
v 7.600000 13.600000 1.953459
v 7.800000 13.600000 1.816202
v 8.000000 13.600000 1.696098
v 8.200000 13.600000 1.579009
v 8.400000 13.600000 1.472527
v 8.600000 13.600000 1.340400
v 8.800000 13.600000 1.235016
v 9.000000 13.600000 1.149022
v 9.200000 13.600000 1.126565
v 9.400000 13.600000 1.133171
v 9.600000 13.600000 1.122637
v 9.800000 13.600000 1.100522
v 10.000000 13.600000 1.069293
v 10.200000 13.600000 1.019546
v 10.400000 13.600000 1.015506
v 10.600000 13.600000 1.027344
v 10.800000 13.600000 1.050171
v 11.000000 13.600000 1.120793
v 11.200000 13.600000 1.160387
v 11.400000 13.600000 1.162468
v 11.600000 13.600000 1.164210
v 11.800000 13.600000 1.133647
v 12.000000 13.600000 1.136039
v 12.200000 13.600000 1.200368
v 12.400000 13.600000 1.226355
v 12.600000 13.600000 1.182422
v 12.800000 13.600000 1.131349
v 13.000000 13.600000 1.114559
v 13.200000 13.600000 1.122217
v 13.400000 13.600000 1.125747
v 13.600000 13.600000 1.141182
v 13.800000 13.600000 1.188811
v 14.000000 13.600000 1.254615
v 14.200000 13.600000 1.340391
v 14.400000 13.600000 1.420711
v 14.600000 13.600000 1.482356
v 14.800000 13.600000 1.520135
v 15.000000 13.600000 1.552286
v 15.200000 13.600000 1.553732
v 15.400000 13.600000 1.548921
v 15.600000 13.600000 1.529721
v 15.800000 13.600000 1.508986
v 16.000000 13.600000 1.527280
v 16.200000 13.600000 1.557947
v 16.400000 13.600000 1.588065
v 16.600000 13.600000 1.615111
v 16.800000 13.600000 1.656038
v 17.000000 13.600000 1.722527
v 17.200000 13.600000 1.817955
v 17.400000 13.600000 1.870793
v 17.600000 13.600000 1.897545
v 17.800000 13.600000 1.959501
v 18.000000 13.600000 2.039455
v 18.200000 13.600000 2.063230
v 18.400000 13.600000 2.065779
v 18.600000 13.600000 2.048929
v 18.800000 13.600000 1.998109
v 19.000000 13.600000 1.940027
v 19.200000 13.600000 1.886295
v 19.400000 13.600000 1.835989
v 19.600000 13.600000 1.840885
v 19.800000 13.600000 1.859233
v 0.000000 13.800000 1.162221
v 0.200000 13.800000 1.175889
v 0.400000 13.800000 1.185020
v 0.600000 13.800000 1.186014
v 0.800000 13.800000 1.214888
v 1.000000 13.800000 1.264798
v 1.200000 13.800000 1.318702
v 1.400000 13.800000 1.384398
v 1.600000 13.800000 1.446712
v 1.800000 13.800000 1.510566
v 2.000000 13.800000 1.543210
v 2.200000 13.800000 1.589632
v 2.400000 13.800000 1.667705
v 2.600000 13.800000 1.766800
v 2.800000 13.800000 1.884631
v 3.000000 13.800000 2.019779
v 3.200000 13.800000 2.134714
v 3.400000 13.800000 2.237251
v 3.600000 13.800000 2.363945
v 3.800000 13.800000 2.487083
v 4.000000 13.800000 2.628138
v 4.200000 13.800000 2.724444
v 4.400000 13.800000 2.762759
v 4.600000 13.800000 2.799327
v 4.800000 13.800000 2.833414
v 5.000000 13.800000 2.849733
v 5.200000 13.800000 2.853319
v 5.400000 13.800000 2.832854
v 5.600000 13.800000 2.784291
v 5.800000 13.800000 2.723362
v 6.000000 13.800000 2.678842
v 6.200000 13.800000 2.635950
v 6.400000 13.800000 2.586562
v 6.600000 13.800000 2.495106
v 6.800000 13.800000 2.385161
v 7.000000 13.800000 2.285304
v 7.200000 13.800000 2.169613
v 7.400000 13.800000 2.050789
v 7.600000 13.800000 1.940801
v 7.800000 13.800000 1.821275
v 8.000000 13.800000 1.697157
v 8.200000 13.800000 1.572624
v 8.400000 13.800000 1.460601
v 8.600000 13.800000 1.359327
v 8.800000 13.800000 1.264548
v 9.000000 13.800000 1.179807
v 9.200000 13.800000 1.149328
v 9.400000 13.800000 1.153088
v 9.600000 13.800000 1.138557
v 9.800000 13.800000 1.112712
v 10.000000 13.800000 1.089554
v 10.200000 13.800000 1.071176
v 10.400000 13.800000 1.065331
v 10.600000 13.800000 1.061395
v 10.800000 13.800000 1.074343
v 11.000000 13.800000 1.124647
v 11.200000 13.800000 1.149848
v 11.400000 13.800000 1.159479
v 11.600000 13.800000 1.152962
v 11.800000 13.800000 1.137183
v 12.000000 13.800000 1.149058
v 12.200000 13.800000 1.184728
v 12.400000 13.800000 1.191810
v 12.600000 13.800000 1.144862
v 12.800000 13.800000 1.089380
v 13.000000 13.800000 1.058795
v 13.200000 13.800000 1.069053
v 13.400000 13.800000 1.093348
v 13.600000 13.800000 1.125240
v 13.800000 13.800000 1.194411
v 14.000000 13.800000 1.272356
v 14.200000 13.800000 1.361412
v 14.400000 13.800000 1.439604
v 14.600000 13.800000 1.499303
v 14.800000 13.800000 1.536075
v 15.000000 13.800000 1.580116
v 15.200000 13.800000 1.604800
v 15.400000 13.800000 1.615858
v 15.600000 13.800000 1.601728
v 15.800000 13.800000 1.578299
v 16.000000 13.800000 1.581252
v 16.200000 13.800000 1.595214
v 16.400000 13.800000 1.606019
v 16.600000 13.800000 1.654111
v 16.800000 13.800000 1.730394
v 17.000000 13.800000 1.798280
v 17.200000 13.800000 1.877280
v 17.400000 13.800000 1.922048
v 17.600000 13.800000 1.933333
v 17.800000 13.800000 1.965545
v 18.000000 13.800000 2.021566
v 18.200000 13.800000 2.047608
v 18.400000 13.800000 2.052666
v 18.600000 13.800000 2.049112
v 18.800000 13.800000 2.029743
v 19.000000 13.800000 1.988582
v 19.200000 13.800000 1.920469
v 19.400000 13.800000 1.871342
v 19.600000 13.800000 1.868670
v 19.800000 13.800000 1.869149
v 0.000000 14.000000 1.172271
v 0.200000 14.000000 1.157800
v 0.400000 14.000000 1.127350
v 0.600000 14.000000 1.124332
v 0.800000 14.000000 1.175265
v 1.000000 14.000000 1.257681
v 1.200000 14.000000 1.345394
v 1.400000 14.000000 1.401668
v 1.600000 14.000000 1.439882
v 1.800000 14.000000 1.513019
v 2.000000 14.000000 1.566869
v 2.200000 14.000000 1.619618
v 2.400000 14.000000 1.690486
v 2.600000 14.000000 1.801401
v 2.800000 14.000000 1.949099
v 3.000000 14.000000 2.086070
v 3.200000 14.000000 2.190356
v 3.400000 14.000000 2.291525
v 3.600000 14.000000 2.398842
v 3.800000 14.000000 2.519371
v 4.000000 14.000000 2.660269
v 4.200000 14.000000 2.739650
v 4.400000 14.000000 2.753899
v 4.600000 14.000000 2.777199
v 4.800000 14.000000 2.829530
v 5.000000 14.000000 2.857564
v 5.200000 14.000000 2.859023
v 5.400000 14.000000 2.854554
v 5.600000 14.000000 2.835845
v 5.800000 14.000000 2.774888
v 6.000000 14.000000 2.691585
v 6.200000 14.000000 2.624208
v 6.400000 14.000000 2.591788
v 6.600000 14.000000 2.520344
v 6.800000 14.000000 2.403159
v 7.000000 14.000000 2.291736
v 7.200000 14.000000 2.179781
v 7.400000 14.000000 2.059021
v 7.600000 14.000000 1.961500
v 7.800000 14.000000 1.858830
v 8.000000 14.000000 1.738833
v 8.200000 14.000000 1.616084
v 8.400000 14.000000 1.503784
v 8.600000 14.000000 1.420189
v 8.800000 14.000000 1.329822
v 9.000000 14.000000 1.241910
v 9.200000 14.000000 1.199285
v 9.400000 14.000000 1.193663
v 9.600000 14.000000 1.165230
v 9.800000 14.000000 1.121468
v 10.000000 14.000000 1.103418
v 10.200000 14.000000 1.119190
v 10.400000 14.000000 1.117237
v 10.600000 14.000000 1.098456
v 10.800000 14.000000 1.107596
v 11.000000 14.000000 1.137876
v 11.200000 14.000000 1.150365
v 11.400000 14.000000 1.162003
v 11.600000 14.000000 1.153662
v 11.800000 14.000000 1.161506
v 12.000000 14.000000 1.179626
v 12.200000 14.000000 1.166151
v 12.400000 14.000000 1.142298
v 12.600000 14.000000 1.103399
v 12.800000 14.000000 1.056079
v 13.000000 14.000000 1.015074
v 13.200000 14.000000 1.014549
v 13.400000 14.000000 1.053193
v 13.600000 14.000000 1.103590
v 13.800000 14.000000 1.183684
v 14.000000 14.000000 1.265496
v 14.200000 14.000000 1.354920
v 14.400000 14.000000 1.438339
v 14.600000 14.000000 1.508596
v 14.800000 14.000000 1.560288
v 15.000000 14.000000 1.612405
v 15.200000 14.000000 1.655175
v 15.400000 14.000000 1.682949
v 15.600000 14.000000 1.674081
v 15.800000 14.000000 1.653205
v 16.000000 14.000000 1.639908
v 16.200000 14.000000 1.646680
v 16.400000 14.000000 1.656553
v 16.600000 14.000000 1.721339
v 16.800000 14.000000 1.832330
v 17.000000 14.000000 1.901008
v 17.200000 14.000000 1.930599
v 17.400000 14.000000 1.955973
v 17.600000 14.000000 1.964370
v 17.800000 14.000000 1.965562
v 18.000000 14.000000 2.000933
v 18.200000 14.000000 2.031853
v 18.400000 14.000000 2.034403
v 18.600000 14.000000 2.036448
v 18.800000 14.000000 2.047892
v 19.000000 14.000000 2.032588
v 19.200000 14.000000 1.955874
v 19.400000 14.000000 1.896675
v 19.600000 14.000000 1.886379
v 19.800000 14.000000 1.877448
v 0.000000 14.200000 1.126433
v 0.200000 14.200000 1.117701
v 0.400000 14.200000 1.098168
v 0.600000 14.200000 1.118788
v 0.800000 14.200000 1.182388
v 1.000000 14.200000 1.265311
v 1.200000 14.200000 1.347614
v 1.400000 14.200000 1.403833
v 1.600000 14.200000 1.448778
v 1.800000 14.200000 1.528598
v 2.000000 14.200000 1.586187
v 2.200000 14.200000 1.646089
v 2.400000 14.200000 1.734136
v 2.600000 14.200000 1.849377
v 2.800000 14.200000 1.997252
v 3.000000 14.200000 2.132253
v 3.200000 14.200000 2.231077
v 3.400000 14.200000 2.344480
v 3.600000 14.200000 2.463664
v 3.800000 14.200000 2.579116
v 4.000000 14.200000 2.682323
v 4.200000 14.200000 2.728351
v 4.400000 14.200000 2.749779
v 4.600000 14.200000 2.785763
v 4.800000 14.200000 2.837338
v 5.000000 14.200000 2.865315
v 5.200000 14.200000 2.864583
v 5.400000 14.200000 2.867260
v 5.600000 14.200000 2.846939
v 5.800000 14.200000 2.787645
v 6.000000 14.200000 2.715141
v 6.200000 14.200000 2.656526
v 6.400000 14.200000 2.603875
v 6.600000 14.200000 2.523431
v 6.800000 14.200000 2.410398
v 7.000000 14.200000 2.327371
v 7.200000 14.200000 2.243778
v 7.400000 14.200000 2.142108
v 7.600000 14.200000 2.028397
v 7.800000 14.200000 1.915583
v 8.000000 14.200000 1.801997
v 8.200000 14.200000 1.684667
v 8.400000 14.200000 1.572647
v 8.600000 14.200000 1.467805
v 8.800000 14.200000 1.377950
v 9.000000 14.200000 1.298047
v 9.200000 14.200000 1.235779
v 9.400000 14.200000 1.211865
v 9.600000 14.200000 1.175084
v 9.800000 14.200000 1.106503
v 10.000000 14.200000 1.082422
v 10.200000 14.200000 1.094988
v 10.400000 14.200000 1.094311
v 10.600000 14.200000 1.093595
v 10.800000 14.200000 1.126038
v 11.000000 14.200000 1.157788
v 11.200000 14.200000 1.167662
v 11.400000 14.200000 1.159761
v 11.600000 14.200000 1.150808
v 11.800000 14.200000 1.173844
v 12.000000 14.200000 1.198934
v 12.200000 14.200000 1.174033
v 12.400000 14.200000 1.140125
v 12.600000 14.200000 1.101874
v 12.800000 14.200000 1.056641
v 13.000000 14.200000 1.013798
v 13.200000 14.200000 0.994522
v 13.400000 14.200000 1.032859
v 13.600000 14.200000 1.095837
v 13.800000 14.200000 1.178137
v 14.000000 14.200000 1.259340
v 14.200000 14.200000 1.339628
v 14.400000 14.200000 1.425575
v 14.600000 14.200000 1.494631
v 14.800000 14.200000 1.555850
v 15.000000 14.200000 1.609845
v 15.200000 14.200000 1.668267
v 15.400000 14.200000 1.721771
v 15.600000 14.200000 1.725622
v 15.800000 14.200000 1.716785
v 16.000000 14.200000 1.696907
v 16.200000 14.200000 1.713036
v 16.400000 14.200000 1.756392
v 16.600000 14.200000 1.813938
v 16.800000 14.200000 1.900765
v 17.000000 14.200000 1.978500
v 17.200000 14.200000 1.991660
v 17.400000 14.200000 2.004256
v 17.600000 14.200000 2.013778
v 17.800000 14.200000 1.985961
v 18.000000 14.200000 1.996069
v 18.200000 14.200000 2.030788
v 18.400000 14.200000 2.026503
v 18.600000 14.200000 2.021957
v 18.800000 14.200000 2.042960
v 19.000000 14.200000 2.047961
v 19.200000 14.200000 1.988115
v 19.400000 14.200000 1.925473
v 19.600000 14.200000 1.918524
v 19.800000 14.200000 1.920034
v 0.000000 14.400000 1.059559
v 0.200000 14.400000 1.065718
v 0.400000 14.400000 1.076014
v 0.600000 14.400000 1.125011
v 0.800000 14.400000 1.202815
v 1.000000 14.400000 1.267443
v 1.200000 14.400000 1.321685
v 1.400000 14.400000 1.383956
v 1.600000 14.400000 1.448052
v 1.800000 14.400000 1.535149
v 2.000000 14.400000 1.607363
v 2.200000 14.400000 1.684811
v 2.400000 14.400000 1.791862
v 2.600000 14.400000 1.911947
v 2.800000 14.400000 2.059369
v 3.000000 14.400000 2.180757
v 3.200000 14.400000 2.260568
v 3.400000 14.400000 2.370822
v 3.600000 14.400000 2.487857
v 3.800000 14.400000 2.584051
v 4.000000 14.400000 2.644936
v 4.200000 14.400000 2.685751
v 4.400000 14.400000 2.746078
v 4.600000 14.400000 2.805724
v 4.800000 14.400000 2.867323
v 5.000000 14.400000 2.897472
v 5.200000 14.400000 2.876926
v 5.400000 14.400000 2.864363
v 5.600000 14.400000 2.828439
v 5.800000 14.400000 2.778157
v 6.000000 14.400000 2.734686
v 6.200000 14.400000 2.689574
v 6.400000 14.400000 2.607375
v 6.600000 14.400000 2.510944
v 6.800000 14.400000 2.416516
v 7.000000 14.400000 2.342139
v 7.200000 14.400000 2.276861
v 7.400000 14.400000 2.190913
v 7.600000 14.400000 2.080719
v 7.800000 14.400000 1.970039
v 8.000000 14.400000 1.856133
v 8.200000 14.400000 1.739033
v 8.400000 14.400000 1.619862
v 8.600000 14.400000 1.495674
v 8.800000 14.400000 1.403492
v 9.000000 14.400000 1.333201
v 9.200000 14.400000 1.259976
v 9.400000 14.400000 1.206371
v 9.600000 14.400000 1.148558
v 9.800000 14.400000 1.089821
v 10.000000 14.400000 1.064129
v 10.200000 14.400000 1.051835
v 10.400000 14.400000 1.042414
v 10.600000 14.400000 1.057458
v 10.800000 14.400000 1.097681
v 11.000000 14.400000 1.151600
v 11.200000 14.400000 1.177428
v 11.400000 14.400000 1.155981
v 11.600000 14.400000 1.147447
v 11.800000 14.400000 1.189311
v 12.000000 14.400000 1.211425
v 12.200000 14.400000 1.191427
v 12.400000 14.400000 1.165724
v 12.600000 14.400000 1.121737
v 12.800000 14.400000 1.067444
v 13.000000 14.400000 1.012989
v 13.200000 14.400000 0.976318
v 13.400000 14.400000 1.026616
v 13.600000 14.400000 1.118117
v 13.800000 14.400000 1.203504
v 14.000000 14.400000 1.287819
v 14.200000 14.400000 1.369517
v 14.400000 14.400000 1.453797
v 14.600000 14.400000 1.501694
v 14.800000 14.400000 1.530889
v 15.000000 14.400000 1.593986
v 15.200000 14.400000 1.683290
v 15.400000 14.400000 1.757647
v 15.600000 14.400000 1.773326
v 15.800000 14.400000 1.775704
v 16.000000 14.400000 1.769910
v 16.200000 14.400000 1.793663
v 16.400000 14.400000 1.856459
v 16.600000 14.400000 1.913358
v 16.800000 14.400000 1.956025
v 17.000000 14.400000 2.007551
v 17.200000 14.400000 2.034929
v 17.400000 14.400000 2.049446
v 17.600000 14.400000 2.056270
v 17.800000 14.400000 2.044195
v 18.000000 14.400000 2.045601
v 18.200000 14.400000 2.051823
v 18.400000 14.400000 2.026343
v 18.600000 14.400000 2.008102
v 18.800000 14.400000 2.026407
v 19.000000 14.400000 2.040092
v 19.200000 14.400000 1.990542
v 19.400000 14.400000 1.931872
v 19.600000 14.400000 1.933741
v 19.800000 14.400000 1.939233
v 0.000000 14.600000 1.002108
v 0.200000 14.600000 1.020073
v 0.400000 14.600000 1.058641
v 0.600000 14.600000 1.133133
v 0.800000 14.600000 1.217636
v 1.000000 14.600000 1.276348
v 1.200000 14.600000 1.322261
v 1.400000 14.600000 1.384413
v 1.600000 14.600000 1.454058
v 1.800000 14.600000 1.542903
v 2.000000 14.600000 1.622847
v 2.200000 14.600000 1.706956
v 2.400000 14.600000 1.813082
v 2.600000 14.600000 1.933115
v 2.800000 14.600000 2.075509
v 3.000000 14.600000 2.191077
v 3.200000 14.600000 2.283568
v 3.400000 14.600000 2.397176
v 3.600000 14.600000 2.498280
v 3.800000 14.600000 2.576250
v 4.000000 14.600000 2.632411
v 4.200000 14.600000 2.682938
v 4.400000 14.600000 2.759100
v 4.600000 14.600000 2.832140
v 4.800000 14.600000 2.886788
v 5.000000 14.600000 2.911122
v 5.200000 14.600000 2.871730
v 5.400000 14.600000 2.835514
v 5.600000 14.600000 2.792363
v 5.800000 14.600000 2.760462
v 6.000000 14.600000 2.728094
v 6.200000 14.600000 2.681141
v 6.400000 14.600000 2.601590
v 6.600000 14.600000 2.516403
v 6.800000 14.600000 2.431909
v 7.000000 14.600000 2.359235
v 7.200000 14.600000 2.289270
v 7.400000 14.600000 2.193973
v 7.600000 14.600000 2.088259
v 7.800000 14.600000 1.985943
v 8.000000 14.600000 1.886919
v 8.200000 14.600000 1.788578
v 8.400000 14.600000 1.670366
v 8.600000 14.600000 1.545008
v 8.800000 14.600000 1.441885
v 9.000000 14.600000 1.355907
v 9.200000 14.600000 1.269525
v 9.400000 14.600000 1.193200
v 9.600000 14.600000 1.127919
v 9.800000 14.600000 1.098111
v 10.000000 14.600000 1.077996
v 10.200000 14.600000 1.056042
v 10.400000 14.600000 1.035755
v 10.600000 14.600000 1.030566
v 10.800000 14.600000 1.067467
v 11.000000 14.600000 1.142930
v 11.200000 14.600000 1.187186
v 11.400000 14.600000 1.175190
v 11.600000 14.600000 1.176575
v 11.800000 14.600000 1.209116
v 12.000000 14.600000 1.215989
v 12.200000 14.600000 1.203699
v 12.400000 14.600000 1.187015
v 12.600000 14.600000 1.132934
v 12.800000 14.600000 1.069039
v 13.000000 14.600000 1.019370
v 13.200000 14.600000 0.987279
v 13.400000 14.600000 1.044858
v 13.600000 14.600000 1.152025
v 13.800000 14.600000 1.238989
v 14.000000 14.600000 1.320491
v 14.200000 14.600000 1.396083
v 14.400000 14.600000 1.468475
v 14.600000 14.600000 1.506976
v 14.800000 14.600000 1.534483
v 15.000000 14.600000 1.597296
v 15.200000 14.600000 1.691246
v 15.400000 14.600000 1.780060
v 15.600000 14.600000 1.805241
v 15.800000 14.600000 1.827736
v 16.000000 14.600000 1.858899
v 16.200000 14.600000 1.878926
v 16.400000 14.600000 1.904017
v 16.600000 14.600000 1.948262
v 16.800000 14.600000 1.980852
v 17.000000 14.600000 2.010364
v 17.200000 14.600000 2.026693
v 17.400000 14.600000 2.038845
v 17.600000 14.600000 2.065622
v 17.800000 14.600000 2.090816
v 18.000000 14.600000 2.105720
v 18.200000 14.600000 2.088415
v 18.400000 14.600000 2.051826
v 18.600000 14.600000 2.024299
v 18.800000 14.600000 2.018238
v 19.000000 14.600000 2.024949
v 19.200000 14.600000 1.994427
v 19.400000 14.600000 1.950139
v 19.600000 14.600000 1.953211
v 19.800000 14.600000 1.955326
v 0.000000 14.800000 0.969584
v 0.200000 14.800000 1.000920
v 0.400000 14.800000 1.055387
v 0.600000 14.800000 1.130910
v 0.800000 14.800000 1.219592
v 1.000000 14.800000 1.272374
v 1.200000 14.800000 1.295435
v 1.400000 14.800000 1.371521
v 1.600000 14.800000 1.459054
v 1.800000 14.800000 1.535123
v 2.000000 14.800000 1.621572
v 2.200000 14.800000 1.716485
v 2.400000 14.800000 1.821502
v 2.600000 14.800000 1.929623
v 2.800000 14.800000 2.046724
v 3.000000 14.800000 2.174642
v 3.200000 14.800000 2.295173
v 3.400000 14.800000 2.409539
v 3.600000 14.800000 2.491443
v 3.800000 14.800000 2.558559
v 4.000000 14.800000 2.624719
v 4.200000 14.800000 2.687685
v 4.400000 14.800000 2.777350
v 4.600000 14.800000 2.862411
v 4.800000 14.800000 2.888921
v 5.000000 14.800000 2.899108
v 5.200000 14.800000 2.871329
v 5.400000 14.800000 2.812624
v 5.600000 14.800000 2.758838
v 5.800000 14.800000 2.726686
v 6.000000 14.800000 2.701742
v 6.200000 14.800000 2.658811
v 6.400000 14.800000 2.603477
v 6.600000 14.800000 2.536844
v 6.800000 14.800000 2.445550
v 7.000000 14.800000 2.375145
v 7.200000 14.800000 2.298457
v 7.400000 14.800000 2.207829
v 7.600000 14.800000 2.081955
v 7.800000 14.800000 1.966061
v 8.000000 14.800000 1.887638
v 8.200000 14.800000 1.820050
v 8.400000 14.800000 1.711231
v 8.600000 14.800000 1.584215
v 8.800000 14.800000 1.472283
v 9.000000 14.800000 1.369122
v 9.200000 14.800000 1.256196
v 9.400000 14.800000 1.161279
v 9.600000 14.800000 1.118319
v 9.800000 14.800000 1.113631
v 10.000000 14.800000 1.096989
v 10.200000 14.800000 1.070802
v 10.400000 14.800000 1.047354
v 10.600000 14.800000 1.014848
v 10.800000 14.800000 1.050692
v 11.000000 14.800000 1.144727
v 11.200000 14.800000 1.202841
v 11.400000 14.800000 1.202015
v 11.600000 14.800000 1.208240
v 11.800000 14.800000 1.223180
v 12.000000 14.800000 1.230041
v 12.200000 14.800000 1.235558
v 12.400000 14.800000 1.229590
v 12.600000 14.800000 1.136174
v 12.800000 14.800000 1.050319
v 13.000000 14.800000 1.010157
v 13.200000 14.800000 1.014383
v 13.400000 14.800000 1.080451
v 13.600000 14.800000 1.178195
v 13.800000 14.800000 1.282734
v 14.000000 14.800000 1.369295
v 14.200000 14.800000 1.431582
v 14.400000 14.800000 1.487299
v 14.600000 14.800000 1.524142
v 14.800000 14.800000 1.559558
v 15.000000 14.800000 1.623381
v 15.200000 14.800000 1.714596
v 15.400000 14.800000 1.801120
v 15.600000 14.800000 1.820757
v 15.800000 14.800000 1.861346
v 16.000000 14.800000 1.928733
v 16.200000 14.800000 1.949789
v 16.400000 14.800000 1.943287
v 16.600000 14.800000 1.949257
v 16.800000 14.800000 1.975205
v 17.000000 14.800000 1.990657
v 17.200000 14.800000 2.018884
v 17.400000 14.800000 2.038698
v 17.600000 14.800000 2.075543
v 17.800000 14.800000 2.128892
v 18.000000 14.800000 2.153131
v 18.200000 14.800000 2.124304
v 18.400000 14.800000 2.092048
v 18.600000 14.800000 2.063253
v 18.800000 14.800000 2.037971
v 19.000000 14.800000 2.022377
v 19.200000 14.800000 2.001077
v 19.400000 14.800000 1.989346
v 19.600000 14.800000 1.990775
v 19.800000 14.800000 1.984319
v 0.000000 15.000000 0.937355
v 0.200000 15.000000 0.977880
v 0.400000 15.000000 1.035995
v 0.600000 15.000000 1.105054
v 0.800000 15.000000 1.186699
v 1.000000 15.000000 1.237505
v 1.200000 15.000000 1.264522
v 1.400000 15.000000 1.343753
v 1.600000 15.000000 1.436643
v 1.800000 15.000000 1.513780
v 2.000000 15.000000 1.595163
v 2.200000 15.000000 1.686279
v 2.400000 15.000000 1.796738
v 2.600000 15.000000 1.901405
v 2.800000 15.000000 2.006929
v 3.000000 15.000000 2.136732
v 3.200000 15.000000 2.268639
v 3.400000 15.000000 2.385338
v 3.600000 15.000000 2.454811
v 3.800000 15.000000 2.522521
v 4.000000 15.000000 2.603685
v 4.200000 15.000000 2.675403
v 4.400000 15.000000 2.758501
v 4.600000 15.000000 2.825836
v 4.800000 15.000000 2.864390
v 5.000000 15.000000 2.883523
v 5.200000 15.000000 2.862602
v 5.400000 15.000000 2.808423
v 5.600000 15.000000 2.760284
v 5.800000 15.000000 2.730539
v 6.000000 15.000000 2.702809
v 6.200000 15.000000 2.656748
v 6.400000 15.000000 2.598370
v 6.600000 15.000000 2.528410
v 6.800000 15.000000 2.445278
v 7.000000 15.000000 2.367078
v 7.200000 15.000000 2.287893
v 7.400000 15.000000 2.200428
v 7.600000 15.000000 2.083674
v 7.800000 15.000000 1.979098
v 8.000000 15.000000 1.904088
v 8.200000 15.000000 1.832904
v 8.400000 15.000000 1.714004
v 8.600000 15.000000 1.573619
v 8.800000 15.000000 1.458321
v 9.000000 15.000000 1.356167
v 9.200000 15.000000 1.257449
v 9.400000 15.000000 1.165560
v 9.600000 15.000000 1.120212
v 9.800000 15.000000 1.117333
v 10.000000 15.000000 1.105080
v 10.200000 15.000000 1.094008
v 10.400000 15.000000 1.080569
v 10.600000 15.000000 1.053080
v 10.800000 15.000000 1.079417
v 11.000000 15.000000 1.161315
v 11.200000 15.000000 1.214370
v 11.400000 15.000000 1.215886
v 11.600000 15.000000 1.217229
v 11.800000 15.000000 1.228937
v 12.000000 15.000000 1.237378
v 12.200000 15.000000 1.243446
v 12.400000 15.000000 1.237023
v 12.600000 15.000000 1.153800
v 12.800000 15.000000 1.075499
v 13.000000 15.000000 1.043225
v 13.200000 15.000000 1.047342
v 13.400000 15.000000 1.105730
v 13.600000 15.000000 1.203266
v 13.800000 15.000000 1.298178
v 14.000000 15.000000 1.385449
v 14.200000 15.000000 1.453436
v 14.400000 15.000000 1.504572
v 14.600000 15.000000 1.548565
v 14.800000 15.000000 1.590229
v 15.000000 15.000000 1.655214
v 15.200000 15.000000 1.743773
v 15.400000 15.000000 1.819527
v 15.600000 15.000000 1.846110
v 15.800000 15.000000 1.889278
v 16.000000 15.000000 1.934226
v 16.200000 15.000000 1.954680
v 16.400000 15.000000 1.958068
v 16.600000 15.000000 1.977582
v 16.800000 15.000000 2.002160
v 17.000000 15.000000 2.016020
v 17.200000 15.000000 2.050177
v 17.400000 15.000000 2.071344
v 17.600000 15.000000 2.104802
v 17.800000 15.000000 2.140308
v 18.000000 15.000000 2.158752
v 18.200000 15.000000 2.140935
v 18.400000 15.000000 2.114314
v 18.600000 15.000000 2.089271
v 18.800000 15.000000 2.049470
v 19.000000 15.000000 2.034277
v 19.200000 15.000000 2.028841
v 19.400000 15.000000 2.011147
v 19.600000 15.000000 2.004640
v 19.800000 15.000000 1.996450
v 0.000000 15.200000 0.924220
v 0.200000 15.200000 0.973546
v 0.400000 15.200000 1.029760
v 0.600000 15.200000 1.082325
v 0.800000 15.200000 1.150076
v 1.000000 15.200000 1.195180
v 1.200000 15.200000 1.224026
v 1.400000 15.200000 1.301164
v 1.600000 15.200000 1.398706
v 1.800000 15.200000 1.479450
v 2.000000 15.200000 1.560407
v 2.200000 15.200000 1.657760
v 2.400000 15.200000 1.772983
v 2.600000 15.200000 1.868712
v 2.800000 15.200000 1.949513
v 3.000000 15.200000 2.070956
v 3.200000 15.200000 2.217447
v 3.400000 15.200000 2.336409
v 3.600000 15.200000 2.390714
v 3.800000 15.200000 2.464695
v 4.000000 15.200000 2.571285
v 4.200000 15.200000 2.651587
v 4.400000 15.200000 2.714546
v 4.600000 15.200000 2.756434
v 4.800000 15.200000 2.818594
v 5.000000 15.200000 2.853226
v 5.200000 15.200000 2.841093
v 5.400000 15.200000 2.796984
v 5.600000 15.200000 2.759579
v 5.800000 15.200000 2.737816
v 6.000000 15.200000 2.706472
v 6.200000 15.200000 2.655957
v 6.400000 15.200000 2.584674
v 6.600000 15.200000 2.498954
v 6.800000 15.200000 2.424045
v 7.000000 15.200000 2.338584
v 7.200000 15.200000 2.258841
v 7.400000 15.200000 2.177029
v 7.600000 15.200000 2.078012
v 7.800000 15.200000 1.995187
v 8.000000 15.200000 1.919044
v 8.200000 15.200000 1.837734
v 8.400000 15.200000 1.699309
v 8.600000 15.200000 1.526468
v 8.800000 15.200000 1.415139
v 9.000000 15.200000 1.331887
v 9.200000 15.200000 1.258713
v 9.400000 15.200000 1.177003
v 9.600000 15.200000 1.128792
v 9.800000 15.200000 1.127852
v 10.000000 15.200000 1.122970
v 10.200000 15.200000 1.142018
v 10.400000 15.200000 1.152386
v 10.600000 15.200000 1.139669
v 10.800000 15.200000 1.147823
v 11.000000 15.200000 1.194547
v 11.200000 15.200000 1.229377
v 11.400000 15.200000 1.224596
v 11.600000 15.200000 1.217716
v 11.800000 15.200000 1.229541
v 12.000000 15.200000 1.240881
v 12.200000 15.200000 1.247981
v 12.400000 15.200000 1.242108
v 12.600000 15.200000 1.180006
v 12.800000 15.200000 1.117017
v 13.000000 15.200000 1.095010
v 13.200000 15.200000 1.094859
v 13.400000 15.200000 1.128462
v 13.600000 15.200000 1.211134
v 13.800000 15.200000 1.296305
v 14.000000 15.200000 1.391286
v 14.200000 15.200000 1.466462
v 14.400000 15.200000 1.513521
v 14.600000 15.200000 1.578661
v 14.800000 15.200000 1.637199
v 15.000000 15.200000 1.700985
v 15.200000 15.200000 1.775331
v 15.400000 15.200000 1.826100
v 15.600000 15.200000 1.855922
v 15.800000 15.200000 1.888294
v 16.000000 15.200000 1.886792
v 16.200000 15.200000 1.913701
v 16.400000 15.200000 1.953198
v 16.600000 15.200000 1.996259
v 16.800000 15.200000 2.019040
v 17.000000 15.200000 2.041717
v 17.200000 15.200000 2.095597
v 17.400000 15.200000 2.120822
v 17.600000 15.200000 2.131835
v 17.800000 15.200000 2.127460
v 18.000000 15.200000 2.135231
v 18.200000 15.200000 2.136819
v 18.400000 15.200000 2.125838
v 18.600000 15.200000 2.113591
v 18.800000 15.200000 2.062110
v 19.000000 15.200000 2.045146
v 19.200000 15.200000 2.057162
v 19.400000 15.200000 2.028371
v 19.600000 15.200000 2.003019
v 19.800000 15.200000 1.987698
v 0.000000 15.400000 0.963436
v 0.200000 15.400000 0.985010
v 0.400000 15.400000 1.011097
v 0.600000 15.400000 1.063131
v 0.800000 15.400000 1.126553
v 1.000000 15.400000 1.160385
v 1.200000 15.400000 1.181042
v 1.400000 15.400000 1.237722
v 1.600000 15.400000 1.314923
v 1.800000 15.400000 1.394604
v 2.000000 15.400000 1.500749
v 2.200000 15.400000 1.634697
v 2.400000 15.400000 1.755729
v 2.600000 15.400000 1.849155
v 2.800000 15.400000 1.925202
v 3.000000 15.400000 2.015354
v 3.200000 15.400000 2.137493
v 3.400000 15.400000 2.258968
v 3.600000 15.400000 2.342994
v 3.800000 15.400000 2.432125
v 4.000000 15.400000 2.529738
v 4.200000 15.400000 2.597933
v 4.400000 15.400000 2.649781
v 4.600000 15.400000 2.713631
v 4.800000 15.400000 2.779719
v 5.000000 15.400000 2.816311
v 5.200000 15.400000 2.803184
v 5.400000 15.400000 2.765951
v 5.600000 15.400000 2.729072
v 5.800000 15.400000 2.708811
v 6.000000 15.400000 2.692024
v 6.200000 15.400000 2.652397
v 6.400000 15.400000 2.567402
v 6.600000 15.400000 2.467472
v 6.800000 15.400000 2.386979
v 7.000000 15.400000 2.309196
v 7.200000 15.400000 2.232632
v 7.400000 15.400000 2.141849
v 7.600000 15.400000 2.044809
v 7.800000 15.400000 1.957355
v 8.000000 15.400000 1.872172
v 8.200000 15.400000 1.792774
v 8.400000 15.400000 1.668488
v 8.600000 15.400000 1.505842
v 8.800000 15.400000 1.406783
v 9.000000 15.400000 1.332896
v 9.200000 15.400000 1.277273
v 9.400000 15.400000 1.204316
v 9.600000 15.400000 1.151134
v 9.800000 15.400000 1.160854
v 10.000000 15.400000 1.156096
v 10.200000 15.400000 1.167072
v 10.400000 15.400000 1.196076
v 10.600000 15.400000 1.198570
v 10.800000 15.400000 1.206131
v 11.000000 15.400000 1.222311
v 11.200000 15.400000 1.237484
v 11.400000 15.400000 1.235728
v 11.600000 15.400000 1.237632
v 11.800000 15.400000 1.243431
v 12.000000 15.400000 1.234636
v 12.200000 15.400000 1.247125
v 12.400000 15.400000 1.254064
v 12.600000 15.400000 1.202478
v 12.800000 15.400000 1.146315
v 13.000000 15.400000 1.108302
v 13.200000 15.400000 1.105203
v 13.400000 15.400000 1.138027
v 13.600000 15.400000 1.214179
v 13.800000 15.400000 1.303810
v 14.000000 15.400000 1.403059
v 14.200000 15.400000 1.477482
v 14.400000 15.400000 1.534762
v 14.600000 15.400000 1.619427
v 14.800000 15.400000 1.703568
v 15.000000 15.400000 1.760684
v 15.200000 15.400000 1.808543
v 15.400000 15.400000 1.828195
v 15.600000 15.400000 1.838004
v 15.800000 15.400000 1.859432
v 16.000000 15.400000 1.859740
v 16.200000 15.400000 1.898821
v 16.400000 15.400000 1.952329
v 16.600000 15.400000 2.003229
v 16.800000 15.400000 2.040205
v 17.000000 15.400000 2.085249
v 17.200000 15.400000 2.153731
v 17.400000 15.400000 2.183056
v 17.600000 15.400000 2.179845
v 17.800000 15.400000 2.154722
v 18.000000 15.400000 2.148350
v 18.200000 15.400000 2.146441
v 18.400000 15.400000 2.142426
v 18.600000 15.400000 2.139274
v 18.800000 15.400000 2.121419
v 19.000000 15.400000 2.098453
v 19.200000 15.400000 2.090484
v 19.400000 15.400000 2.056569
v 19.600000 15.400000 2.014217
v 19.800000 15.400000 1.986331
v 0.000000 15.600000 0.995462
v 0.200000 15.600000 0.981497
v 0.400000 15.600000 0.968786
v 0.600000 15.600000 1.027225
v 0.800000 15.600000 1.109000
v 1.000000 15.600000 1.143020
v 1.200000 15.600000 1.160655
v 1.400000 15.600000 1.191092
v 1.600000 15.600000 1.229208
v 1.800000 15.600000 1.317859
v 2.000000 15.600000 1.440885
v 2.200000 15.600000 1.591967
v 2.400000 15.600000 1.740936
v 2.600000 15.600000 1.831890
v 2.800000 15.600000 1.903313
v 3.000000 15.600000 1.973820
v 3.200000 15.600000 2.048689
v 3.400000 15.600000 2.164363
v 3.600000 15.600000 2.291905
v 3.800000 15.600000 2.395335
v 4.000000 15.600000 2.475033
v 4.200000 15.600000 2.539242
v 4.400000 15.600000 2.579125
v 4.600000 15.600000 2.636703
v 4.800000 15.600000 2.720827
v 5.000000 15.600000 2.767630
v 5.200000 15.600000 2.758613
v 5.400000 15.600000 2.726348
v 5.600000 15.600000 2.681026
v 5.800000 15.600000 2.656038
v 6.000000 15.600000 2.657090
v 6.200000 15.600000 2.631163
v 6.400000 15.600000 2.545691
v 6.600000 15.600000 2.437093
v 6.800000 15.600000 2.347263
v 7.000000 15.600000 2.269376
v 7.200000 15.600000 2.203128
v 7.400000 15.600000 2.123935
v 7.600000 15.600000 2.011018
v 7.800000 15.600000 1.900161
v 8.000000 15.600000 1.816728
v 8.200000 15.600000 1.740804
v 8.400000 15.600000 1.646824
v 8.600000 15.600000 1.545143
v 8.800000 15.600000 1.441262
v 9.000000 15.600000 1.330845
v 9.200000 15.600000 1.278021
v 9.400000 15.600000 1.229212
v 9.600000 15.600000 1.193988
v 9.800000 15.600000 1.208582
v 10.000000 15.600000 1.198948
v 10.200000 15.600000 1.180253
v 10.400000 15.600000 1.194865
v 10.600000 15.600000 1.208784
v 10.800000 15.600000 1.215926
v 11.000000 15.600000 1.214942
v 11.200000 15.600000 1.219824
v 11.400000 15.600000 1.240917
v 11.600000 15.600000 1.254852
v 11.800000 15.600000 1.230337
v 12.000000 15.600000 1.214564
v 12.200000 15.600000 1.218488
v 12.400000 15.600000 1.216094
v 12.600000 15.600000 1.200182
v 12.800000 15.600000 1.170071
v 13.000000 15.600000 1.114709
v 13.200000 15.600000 1.094874
v 13.400000 15.600000 1.152560
v 13.600000 15.600000 1.251902
v 13.800000 15.600000 1.326419
v 14.000000 15.600000 1.411830
v 14.200000 15.600000 1.498798
v 14.400000 15.600000 1.568122
v 14.600000 15.600000 1.665413
v 14.800000 15.600000 1.760112
v 15.000000 15.600000 1.814549
v 15.200000 15.600000 1.843425
v 15.400000 15.600000 1.837856
v 15.600000 15.600000 1.825251
v 15.800000 15.600000 1.835053
v 16.000000 15.600000 1.839301
v 16.200000 15.600000 1.886205
v 16.400000 15.600000 1.947133
v 16.600000 15.600000 2.004826
v 16.800000 15.600000 2.056564
v 17.000000 15.600000 2.110804
v 17.200000 15.600000 2.192965
v 17.400000 15.600000 2.230001
v 17.600000 15.600000 2.226388
v 17.800000 15.600000 2.199877
v 18.000000 15.600000 2.183614
v 18.200000 15.600000 2.173852
v 18.400000 15.600000 2.159591
v 18.600000 15.600000 2.154935
v 18.800000 15.600000 2.147588
v 19.000000 15.600000 2.128144
v 19.200000 15.600000 2.121570
v 19.400000 15.600000 2.085416
v 19.600000 15.600000 2.029896
v 19.800000 15.600000 1.990730
v 0.000000 15.800000 0.967214
v 0.200000 15.800000 0.957855
v 0.400000 15.800000 0.952820
v 0.600000 15.800000 1.001184
v 0.800000 15.800000 1.085007
v 1.000000 15.800000 1.133688
v 1.200000 15.800000 1.162491
v 1.400000 15.800000 1.190694
v 1.600000 15.800000 1.220880
v 1.800000 15.800000 1.306852
v 2.000000 15.800000 1.416543
v 2.200000 15.800000 1.553015
v 2.400000 15.800000 1.689941
v 2.600000 15.800000 1.768937
v 2.800000 15.800000 1.828097
v 3.000000 15.800000 1.899472
v 3.200000 15.800000 1.972161
v 3.400000 15.800000 2.084901
v 3.600000 15.800000 2.225697
v 3.800000 15.800000 2.329820
v 4.000000 15.800000 2.394366
v 4.200000 15.800000 2.459042
v 4.400000 15.800000 2.499750
v 4.600000 15.800000 2.554667
v 4.800000 15.800000 2.653477
v 5.000000 15.800000 2.707559
v 5.200000 15.800000 2.701033
v 5.400000 15.800000 2.672330
v 5.600000 15.800000 2.643068
v 5.800000 15.800000 2.626536
v 6.000000 15.800000 2.622738
v 6.200000 15.800000 2.593592
v 6.400000 15.800000 2.526834
v 6.600000 15.800000 2.428994
v 6.800000 15.800000 2.328254
v 7.000000 15.800000 2.245204
v 7.200000 15.800000 2.176853
v 7.400000 15.800000 2.095200
v 7.600000 15.800000 1.978448
v 7.800000 15.800000 1.866021
v 8.000000 15.800000 1.789184
v 8.200000 15.800000 1.715940
v 8.400000 15.800000 1.636926
v 8.600000 15.800000 1.565987
v 8.800000 15.800000 1.467460
v 9.000000 15.800000 1.354960
v 9.200000 15.800000 1.297516
v 9.400000 15.800000 1.266447
v 9.600000 15.800000 1.255632
v 9.800000 15.800000 1.262196
v 10.000000 15.800000 1.252095
v 10.200000 15.800000 1.234020
v 10.400000 15.800000 1.222135
v 10.600000 15.800000 1.219993
v 10.800000 15.800000 1.220711
v 11.000000 15.800000 1.203765
v 11.200000 15.800000 1.196886
v 11.400000 15.800000 1.211279
v 11.600000 15.800000 1.221982
v 11.800000 15.800000 1.206636
v 12.000000 15.800000 1.221804
v 12.200000 15.800000 1.226167
v 12.400000 15.800000 1.212853
v 12.600000 15.800000 1.208462
v 12.800000 15.800000 1.182857
v 13.000000 15.800000 1.128952
v 13.200000 15.800000 1.110475
v 13.400000 15.800000 1.175477
v 13.600000 15.800000 1.278233
v 13.800000 15.800000 1.350002
v 14.000000 15.800000 1.435860
v 14.200000 15.800000 1.533225
v 14.400000 15.800000 1.607934
v 14.600000 15.800000 1.705176
v 14.800000 15.800000 1.790552
v 15.000000 15.800000 1.843438
v 15.200000 15.800000 1.858270
v 15.400000 15.800000 1.840114
v 15.600000 15.800000 1.828017
v 15.800000 15.800000 1.837858
v 16.000000 15.800000 1.852777
v 16.200000 15.800000 1.900241
v 16.400000 15.800000 1.959748
v 16.600000 15.800000 2.019096
v 16.800000 15.800000 2.076763
v 17.000000 15.800000 2.119337
v 17.200000 15.800000 2.190217
v 17.400000 15.800000 2.230198
v 17.600000 15.800000 2.240733
v 17.800000 15.800000 2.234528
v 18.000000 15.800000 2.227819
v 18.200000 15.800000 2.217962
v 18.400000 15.800000 2.201073
v 18.600000 15.800000 2.191209
v 18.800000 15.800000 2.160914
v 19.000000 15.800000 2.127296
v 19.200000 15.800000 2.111782
v 19.400000 15.800000 2.071254
v 19.600000 15.800000 2.013744
v 19.800000 15.800000 1.967858
v 0.000000 16.000000 0.905216
v 0.200000 16.000000 0.923951
v 0.400000 16.000000 0.954473
v 0.600000 16.000000 1.002665
v 0.800000 16.000000 1.064855
v 1.000000 16.000000 1.133564
v 1.200000 16.000000 1.192763
v 1.400000 16.000000 1.228150
v 1.600000 16.000000 1.265028
v 1.800000 16.000000 1.328425
v 2.000000 16.000000 1.400414
v 2.200000 16.000000 1.512822
v 2.400000 16.000000 1.625414
v 2.600000 16.000000 1.690424
v 2.800000 16.000000 1.731552
v 3.000000 16.000000 1.788856
v 3.200000 16.000000 1.887899
v 3.400000 16.000000 2.023461
v 3.600000 16.000000 2.150981
v 3.800000 16.000000 2.243073
v 4.000000 16.000000 2.305372
v 4.200000 16.000000 2.367904
v 4.400000 16.000000 2.412675
v 4.600000 16.000000 2.485958
v 4.800000 16.000000 2.593069
v 5.000000 16.000000 2.646019
v 5.200000 16.000000 2.620204
v 5.400000 16.000000 2.589727
v 5.600000 16.000000 2.587654
v 5.800000 16.000000 2.592840
v 6.000000 16.000000 2.579291
v 6.200000 16.000000 2.550584
v 6.400000 16.000000 2.495539
v 6.600000 16.000000 2.422038
v 6.800000 16.000000 2.329054
v 7.000000 16.000000 2.234233
v 7.200000 16.000000 2.154980
v 7.400000 16.000000 2.056722
v 7.600000 16.000000 1.960100
v 7.800000 16.000000 1.867535
v 8.000000 16.000000 1.785443
v 8.200000 16.000000 1.709005
v 8.400000 16.000000 1.641095
v 8.600000 16.000000 1.565382
v 8.800000 16.000000 1.496584
v 9.000000 16.000000 1.430688
v 9.200000 16.000000 1.370013
v 9.400000 16.000000 1.350472
v 9.600000 16.000000 1.344478
v 9.800000 16.000000 1.314867
v 10.000000 16.000000 1.298267
v 10.200000 16.000000 1.288315
v 10.400000 16.000000 1.281493
v 10.600000 16.000000 1.268475
v 10.800000 16.000000 1.251668
v 11.000000 16.000000 1.211967
v 11.200000 16.000000 1.186580
v 11.400000 16.000000 1.191360
v 11.600000 16.000000 1.195098
v 11.800000 16.000000 1.212301
v 12.000000 16.000000 1.254220
v 12.200000 16.000000 1.250586
v 12.400000 16.000000 1.226147
v 12.600000 16.000000 1.229784
v 12.800000 16.000000 1.197884
v 13.000000 16.000000 1.131472
v 13.200000 16.000000 1.112812
v 13.400000 16.000000 1.170162
v 13.600000 16.000000 1.261769
v 13.800000 16.000000 1.359774
v 14.000000 16.000000 1.469997
v 14.200000 16.000000 1.557941
v 14.400000 16.000000 1.649810
v 14.600000 16.000000 1.740709
v 14.800000 16.000000 1.796984
v 15.000000 16.000000 1.829294
v 15.200000 16.000000 1.815304
v 15.400000 16.000000 1.814516
v 15.600000 16.000000 1.851890
v 15.800000 16.000000 1.887062
v 16.000000 16.000000 1.910966
v 16.200000 16.000000 1.945563
v 16.400000 16.000000 1.978939
v 16.600000 16.000000 2.024217
v 16.800000 16.000000 2.085303
v 17.000000 16.000000 2.120129
v 17.200000 16.000000 2.155609
v 17.400000 16.000000 2.193347
v 17.600000 16.000000 2.232619
v 17.800000 16.000000 2.259481
v 18.000000 16.000000 2.273110
v 18.200000 16.000000 2.280524
v 18.400000 16.000000 2.258411
v 18.600000 16.000000 2.235968
v 18.800000 16.000000 2.195040
v 19.000000 16.000000 2.147383
v 19.200000 16.000000 2.105264
v 19.400000 16.000000 2.066041
v 19.600000 16.000000 1.999844
v 19.800000 16.000000 1.941480
v 0.000000 16.200000 0.897766
v 0.200000 16.200000 0.919864
v 0.400000 16.200000 0.953224
v 0.600000 16.200000 0.999382
v 0.800000 16.200000 1.050786
v 1.000000 16.200000 1.115378
v 1.200000 16.200000 1.177582
v 1.400000 16.200000 1.214119
v 1.600000 16.200000 1.255570
v 1.800000 16.200000 1.321626
v 2.000000 16.200000 1.385170
v 2.200000 16.200000 1.478032
v 2.400000 16.200000 1.568059
v 2.600000 16.200000 1.622665
v 2.800000 16.200000 1.658400
v 3.000000 16.200000 1.713684
v 3.200000 16.200000 1.809819
v 3.400000 16.200000 1.938898
v 3.600000 16.200000 2.045617
v 3.800000 16.200000 2.122597
v 4.000000 16.200000 2.180590
v 4.200000 16.200000 2.245029
v 4.400000 16.200000 2.302601
v 4.600000 16.200000 2.385782
v 4.800000 16.200000 2.492809
v 5.000000 16.200000 2.547740
v 5.200000 16.200000 2.539408
v 5.400000 16.200000 2.526428
v 5.600000 16.200000 2.536537
v 5.800000 16.200000 2.546181
v 6.000000 16.200000 2.531383
v 6.200000 16.200000 2.506898
v 6.400000 16.200000 2.462284
v 6.600000 16.200000 2.403643
v 6.800000 16.200000 2.318343
v 7.000000 16.200000 2.221591
v 7.200000 16.200000 2.137549
v 7.400000 16.200000 2.037873
v 7.600000 16.200000 1.939782
v 7.800000 16.200000 1.844283
v 8.000000 16.200000 1.765227
v 8.200000 16.200000 1.694578
v 8.400000 16.200000 1.634547
v 8.600000 16.200000 1.570881
v 8.800000 16.200000 1.521975
v 9.000000 16.200000 1.479485
v 9.200000 16.200000 1.424190
v 9.400000 16.200000 1.398253
v 9.600000 16.200000 1.384502
v 9.800000 16.200000 1.351936
v 10.000000 16.200000 1.337116
v 10.200000 16.200000 1.328891
v 10.400000 16.200000 1.317458
v 10.600000 16.200000 1.303706
v 10.800000 16.200000 1.280908
v 11.000000 16.200000 1.229725
v 11.200000 16.200000 1.186602
v 11.400000 16.200000 1.165721
v 11.600000 16.200000 1.161696
v 11.800000 16.200000 1.197506
v 12.000000 16.200000 1.249979
v 12.200000 16.200000 1.261706
v 12.400000 16.200000 1.251072
v 12.600000 16.200000 1.238245
v 12.800000 16.200000 1.197700
v 13.000000 16.200000 1.141986
v 13.200000 16.200000 1.131659
v 13.400000 16.200000 1.186732
v 13.600000 16.200000 1.276025
v 13.800000 16.200000 1.373785
v 14.000000 16.200000 1.481307
v 14.200000 16.200000 1.563784
v 14.400000 16.200000 1.655031
v 14.600000 16.200000 1.740012
v 14.800000 16.200000 1.789991
v 15.000000 16.200000 1.828234
v 15.200000 16.200000 1.835499
v 15.400000 16.200000 1.852813
v 15.600000 16.200000 1.895931
v 15.800000 16.200000 1.932066
v 16.000000 16.200000 1.956389
v 16.200000 16.200000 1.981351
v 16.400000 16.200000 2.006227
v 16.600000 16.200000 2.052666
v 16.800000 16.200000 2.104962
v 17.000000 16.200000 2.126179
v 17.200000 16.200000 2.142601
v 17.400000 16.200000 2.179199
v 17.600000 16.200000 2.234619
v 17.800000 16.200000 2.286086
v 18.000000 16.200000 2.319212
v 18.200000 16.200000 2.328147
v 18.400000 16.200000 2.299628
v 18.600000 16.200000 2.264097
v 18.800000 16.200000 2.210976
v 19.000000 16.200000 2.156337
v 19.200000 16.200000 2.103287
v 19.400000 16.200000 2.061051
v 19.600000 16.200000 1.998507
v 19.800000 16.200000 1.942098
v 0.000000 16.400000 0.899924
v 0.200000 16.400000 0.921370
v 0.400000 16.400000 0.950492
v 0.600000 16.400000 0.992496
v 0.800000 16.400000 1.024487
v 1.000000 16.400000 1.056662
v 1.200000 16.400000 1.099904
v 1.400000 16.400000 1.140619
v 1.600000 16.400000 1.205117
v 1.800000 16.400000 1.308708
v 2.000000 16.400000 1.395340
v 2.200000 16.400000 1.465726
v 2.400000 16.400000 1.520558
v 2.600000 16.400000 1.565499
v 2.800000 16.400000 1.604252
v 3.000000 16.400000 1.666300
v 3.200000 16.400000 1.736568
v 3.400000 16.400000 1.831925
v 3.600000 16.400000 1.897954
v 3.800000 16.400000 1.958642
v 4.000000 16.400000 2.024646
v 4.200000 16.400000 2.105437
v 4.400000 16.400000 2.198034
v 4.600000 16.400000 2.287407
v 4.800000 16.400000 2.370143
v 5.000000 16.400000 2.421846
v 5.200000 16.400000 2.464281
v 5.400000 16.400000 2.483119
v 5.600000 16.400000 2.488774
v 5.800000 16.400000 2.483665
v 6.000000 16.400000 2.454736
v 6.200000 16.400000 2.426205
v 6.400000 16.400000 2.406001
v 6.600000 16.400000 2.377749
v 6.800000 16.400000 2.309008
v 7.000000 16.400000 2.214268
v 7.200000 16.400000 2.120416
v 7.400000 16.400000 2.022154
v 7.600000 16.400000 1.901603
v 7.800000 16.400000 1.774858
v 8.000000 16.400000 1.699793
v 8.200000 16.400000 1.644646
v 8.400000 16.400000 1.595094
v 8.600000 16.400000 1.550011
v 8.800000 16.400000 1.518835
v 9.000000 16.400000 1.501916
v 9.200000 16.400000 1.455805
v 9.400000 16.400000 1.406351
v 9.600000 16.400000 1.378683
v 9.800000 16.400000 1.367326
v 10.000000 16.400000 1.359183
v 10.200000 16.400000 1.341881
v 10.400000 16.400000 1.314788
v 10.600000 16.400000 1.316485
v 10.800000 16.400000 1.304088
v 11.000000 16.400000 1.260414
v 11.200000 16.400000 1.206641
v 11.400000 16.400000 1.133758
v 11.600000 16.400000 1.110763
v 11.800000 16.400000 1.174074
v 12.000000 16.400000 1.224928
v 12.200000 16.400000 1.261168
v 12.400000 16.400000 1.282225
v 12.600000 16.400000 1.213970
v 12.800000 16.400000 1.151614
v 13.000000 16.400000 1.145407
v 13.200000 16.400000 1.169738
v 13.400000 16.400000 1.219417
v 13.600000 16.400000 1.301481
v 13.800000 16.400000 1.377049
v 14.000000 16.400000 1.456829
v 14.200000 16.400000 1.534262
v 14.400000 16.400000 1.621290
v 14.600000 16.400000 1.699993
v 14.800000 16.400000 1.754664
v 15.000000 16.400000 1.820148
v 15.200000 16.400000 1.892614
v 15.400000 16.400000 1.925293
v 15.600000 16.400000 1.933320
v 15.800000 16.400000 1.963815
v 16.000000 16.400000 2.007396
v 16.200000 16.400000 2.032192
v 16.400000 16.400000 2.062178
v 16.600000 16.400000 2.122908
v 16.800000 16.400000 2.159724
v 17.000000 16.400000 2.163558
v 17.200000 16.400000 2.153710
v 17.400000 16.400000 2.181697
v 17.600000 16.400000 2.236349
v 17.800000 16.400000 2.300774
v 18.000000 16.400000 2.346168
v 18.200000 16.400000 2.337279
v 18.400000 16.400000 2.306840
v 18.600000 16.400000 2.265425
v 18.800000 16.400000 2.208174
v 19.000000 16.400000 2.160049
v 19.200000 16.400000 2.098760
v 19.400000 16.400000 2.046540
v 19.600000 16.400000 2.008668
v 19.800000 16.400000 1.974015
v 0.000000 16.600000 0.894286
v 0.200000 16.600000 0.910077
v 0.400000 16.600000 0.933296
v 0.600000 16.600000 0.966656
v 0.800000 16.600000 0.982216
v 1.000000 16.600000 0.986012
v 1.200000 16.600000 1.003746
v 1.400000 16.600000 1.058851
v 1.600000 16.600000 1.154531
v 1.800000 16.600000 1.263175
v 2.000000 16.600000 1.344621
v 2.200000 16.600000 1.394509
v 2.400000 16.600000 1.442285
v 2.600000 16.600000 1.489804
v 2.800000 16.600000 1.541962
v 3.000000 16.600000 1.601672
v 3.200000 16.600000 1.655044
v 3.400000 16.600000 1.719772
v 3.600000 16.600000 1.783910
v 3.800000 16.600000 1.847779
v 4.000000 16.600000 1.923881
v 4.200000 16.600000 2.022745
v 4.400000 16.600000 2.123201
v 4.600000 16.600000 2.193147
v 4.800000 16.600000 2.251962
v 5.000000 16.600000 2.293598
v 5.200000 16.600000 2.353705
v 5.400000 16.600000 2.387552
v 5.600000 16.600000 2.402151
v 5.800000 16.600000 2.401276
v 6.000000 16.600000 2.362633
v 6.200000 16.600000 2.322174
v 6.400000 16.600000 2.336194
v 6.600000 16.600000 2.334065
v 6.800000 16.600000 2.283816
v 7.000000 16.600000 2.181278
v 7.200000 16.600000 2.075632
v 7.400000 16.600000 1.987505
v 7.600000 16.600000 1.860344
v 7.800000 16.600000 1.723623
v 8.000000 16.600000 1.640810
v 8.200000 16.600000 1.595304
v 8.400000 16.600000 1.563694
v 8.600000 16.600000 1.518890
v 8.800000 16.600000 1.494032
v 9.000000 16.600000 1.485769
v 9.200000 16.600000 1.443932
v 9.400000 16.600000 1.393961
v 9.600000 16.600000 1.366509
v 9.800000 16.600000 1.374715
v 10.000000 16.600000 1.364127
v 10.200000 16.600000 1.316363
v 10.400000 16.600000 1.284462
v 10.600000 16.600000 1.294902
v 10.800000 16.600000 1.304743
v 11.000000 16.600000 1.274902
v 11.200000 16.600000 1.225752
v 11.400000 16.600000 1.158547
v 11.600000 16.600000 1.132160
v 11.800000 16.600000 1.189931
v 12.000000 16.600000 1.223189
v 12.200000 16.600000 1.234191
v 12.400000 16.600000 1.239731
v 12.600000 16.600000 1.181446
v 12.800000 16.600000 1.132340
v 13.000000 16.600000 1.144857
v 13.200000 16.600000 1.186382
v 13.400000 16.600000 1.240438
v 13.600000 16.600000 1.320552
v 13.800000 16.600000 1.389142
v 14.000000 16.600000 1.460632
v 14.200000 16.600000 1.548252
v 14.400000 16.600000 1.617046
v 14.600000 16.600000 1.673792
v 14.800000 16.600000 1.715678
v 15.000000 16.600000 1.793033
v 15.200000 16.600000 1.894431
v 15.400000 16.600000 1.948099
v 15.600000 16.600000 1.962195
v 15.800000 16.600000 1.994725
v 16.000000 16.600000 2.030795
v 16.200000 16.600000 2.057594
v 16.400000 16.600000 2.099604
v 16.600000 16.600000 2.143967
v 16.800000 16.600000 2.181046
v 17.000000 16.600000 2.210241
v 17.200000 16.600000 2.194333
v 17.400000 16.600000 2.218755
v 17.600000 16.600000 2.278125
v 17.800000 16.600000 2.336166
v 18.000000 16.600000 2.373193
v 18.200000 16.600000 2.340730
v 18.400000 16.600000 2.292343
v 18.600000 16.600000 2.246532
v 18.800000 16.600000 2.217422
v 19.000000 16.600000 2.194315
v 19.200000 16.600000 2.142082
v 19.400000 16.600000 2.072334
v 19.600000 16.600000 2.031569
v 19.800000 16.600000 2.006607
v 0.000000 16.800000 0.827922
v 0.200000 16.800000 0.852337
v 0.400000 16.800000 0.884808
v 0.600000 16.800000 0.902148
v 0.800000 16.800000 0.902145
v 1.000000 16.800000 0.888345
v 1.200000 16.800000 0.884682
v 1.400000 16.800000 0.952579
v 1.600000 16.800000 1.072466
v 1.800000 16.800000 1.173592
v 2.000000 16.800000 1.244027
v 2.200000 16.800000 1.293574
v 2.400000 16.800000 1.346150
v 2.600000 16.800000 1.395201
v 2.800000 16.800000 1.453514
v 3.000000 16.800000 1.510344
v 3.200000 16.800000 1.549758
v 3.400000 16.800000 1.603851
v 3.600000 16.800000 1.675502
v 3.800000 16.800000 1.755524
v 4.000000 16.800000 1.858341
v 4.200000 16.800000 1.960561
v 4.400000 16.800000 2.053325
v 4.600000 16.800000 2.106412
v 4.800000 16.800000 2.146438
v 5.000000 16.800000 2.180516
v 5.200000 16.800000 2.227384
v 5.400000 16.800000 2.257441
v 5.600000 16.800000 2.291336
v 5.800000 16.800000 2.307301
v 6.000000 16.800000 2.268256
v 6.200000 16.800000 2.227359
v 6.400000 16.800000 2.247876
v 6.600000 16.800000 2.254345
v 6.800000 16.800000 2.224303
v 7.000000 16.800000 2.134438
v 7.200000 16.800000 2.017718
v 7.400000 16.800000 1.921157
v 7.600000 16.800000 1.813152
v 7.800000 16.800000 1.706087
v 8.000000 16.800000 1.626262
v 8.200000 16.800000 1.571910
v 8.400000 16.800000 1.542309
v 8.600000 16.800000 1.503736
v 8.800000 16.800000 1.462510
v 9.000000 16.800000 1.421331
v 9.200000 16.800000 1.380008
v 9.400000 16.800000 1.341170
v 9.600000 16.800000 1.320994
v 9.800000 16.800000 1.335956
v 10.000000 16.800000 1.327238
v 10.200000 16.800000 1.281411
v 10.400000 16.800000 1.253767
v 10.600000 16.800000 1.261033
v 10.800000 16.800000 1.278824
v 11.000000 16.800000 1.261870
v 11.200000 16.800000 1.229443
v 11.400000 16.800000 1.204616
v 11.600000 16.800000 1.185285
v 11.800000 16.800000 1.202807
v 12.000000 16.800000 1.205078
v 12.200000 16.800000 1.175370
v 12.400000 16.800000 1.161288
v 12.600000 16.800000 1.155300
v 12.800000 16.800000 1.158954
v 13.000000 16.800000 1.188780
v 13.200000 16.800000 1.244409
v 13.400000 16.800000 1.306872
v 13.600000 16.800000 1.381394
v 13.800000 16.800000 1.430644
v 14.000000 16.800000 1.477621
v 14.200000 16.800000 1.559110
v 14.400000 16.800000 1.623850
v 14.600000 16.800000 1.663934
v 14.800000 16.800000 1.690547
v 15.000000 16.800000 1.759117
v 15.200000 16.800000 1.842579
v 15.400000 16.800000 1.904006
v 15.600000 16.800000 1.948551
v 15.800000 16.800000 1.985730
v 16.000000 16.800000 2.006747
v 16.200000 16.800000 2.035734
v 16.400000 16.800000 2.086305
v 16.600000 16.800000 2.132231
v 16.800000 16.800000 2.201225
v 17.000000 16.800000 2.260303
v 17.200000 16.800000 2.268428
v 17.400000 16.800000 2.297722
v 17.600000 16.800000 2.350746
v 17.800000 16.800000 2.391998
v 18.000000 16.800000 2.412350
v 18.200000 16.800000 2.373670
v 18.400000 16.800000 2.298491
v 18.600000 16.800000 2.244446
v 18.800000 16.800000 2.238517
v 19.000000 16.800000 2.233091
v 19.200000 16.800000 2.184437
v 19.400000 16.800000 2.112833
v 19.600000 16.800000 2.067028
v 19.800000 16.800000 2.037499
v 0.000000 17.000000 0.700604
v 0.200000 17.000000 0.735703
v 0.400000 17.000000 0.776839
v 0.600000 17.000000 0.781817
v 0.800000 17.000000 0.789805
v 1.000000 17.000000 0.785793
v 1.200000 17.000000 0.795737
v 1.400000 17.000000 0.861722
v 1.600000 17.000000 0.977051
v 1.800000 17.000000 1.067209
v 2.000000 17.000000 1.143524
v 2.200000 17.000000 1.206332
v 2.400000 17.000000 1.262323
v 2.600000 17.000000 1.309663
v 2.800000 17.000000 1.366098
v 3.000000 17.000000 1.431582
v 3.200000 17.000000 1.467209
v 3.400000 17.000000 1.519000
v 3.600000 17.000000 1.583471
v 3.800000 17.000000 1.675256
v 4.000000 17.000000 1.792482
v 4.200000 17.000000 1.870044
v 4.400000 17.000000 1.941223
v 4.600000 17.000000 1.992707
v 4.800000 17.000000 2.026158
v 5.000000 17.000000 2.058362
v 5.200000 17.000000 2.101944
v 5.400000 17.000000 2.130949
v 5.600000 17.000000 2.167360
v 5.800000 17.000000 2.199866
v 6.000000 17.000000 2.180844
v 6.200000 17.000000 2.160826
v 6.400000 17.000000 2.161519
v 6.600000 17.000000 2.159793
v 6.800000 17.000000 2.133953
v 7.000000 17.000000 2.056276
v 7.200000 17.000000 1.945701
v 7.400000 17.000000 1.846567
v 7.600000 17.000000 1.757114
v 7.800000 17.000000 1.680809
v 8.000000 17.000000 1.626294
v 8.200000 17.000000 1.564437
v 8.400000 17.000000 1.504757
v 8.600000 17.000000 1.446795
v 8.800000 17.000000 1.393034
v 9.000000 17.000000 1.341855
v 9.200000 17.000000 1.304660
v 9.400000 17.000000 1.275945
v 9.600000 17.000000 1.267662
v 9.800000 17.000000 1.283431
v 10.000000 17.000000 1.279126
v 10.200000 17.000000 1.252045
v 10.400000 17.000000 1.233923
v 10.600000 17.000000 1.242997
v 10.800000 17.000000 1.264196
v 11.000000 17.000000 1.269955
v 11.200000 17.000000 1.258809
v 11.400000 17.000000 1.243728
v 11.600000 17.000000 1.211224
v 11.800000 17.000000 1.190899
v 12.000000 17.000000 1.179511
v 12.200000 17.000000 1.132446
v 12.400000 17.000000 1.116989
v 12.600000 17.000000 1.143201
v 12.800000 17.000000 1.187935
v 13.000000 17.000000 1.247259
v 13.200000 17.000000 1.328469
v 13.400000 17.000000 1.394556
v 13.600000 17.000000 1.452959
v 13.800000 17.000000 1.490756
v 14.000000 17.000000 1.517870
v 14.200000 17.000000 1.568528
v 14.400000 17.000000 1.621680
v 14.600000 17.000000 1.651424
v 14.800000 17.000000 1.685553
v 15.000000 17.000000 1.747982
v 15.200000 17.000000 1.817089
v 15.400000 17.000000 1.867249
v 15.600000 17.000000 1.916958
v 15.800000 17.000000 1.955326
v 16.000000 17.000000 1.981810
v 16.200000 17.000000 2.015745
v 16.400000 17.000000 2.069939
v 16.600000 17.000000 2.130459
v 16.800000 17.000000 2.217247
v 17.000000 17.000000 2.293019
v 17.200000 17.000000 2.335721
v 17.400000 17.000000 2.369683
v 17.600000 17.000000 2.381307
v 17.800000 17.000000 2.391312
v 18.000000 17.000000 2.389274
v 18.200000 17.000000 2.373030
v 18.400000 17.000000 2.320402
v 18.600000 17.000000 2.281474
v 18.800000 17.000000 2.269499
v 19.000000 17.000000 2.261938
v 19.200000 17.000000 2.221044
v 19.400000 17.000000 2.161305
v 19.600000 17.000000 2.137960
v 19.800000 17.000000 2.122451
v 0.000000 17.200000 0.565483
v 0.200000 17.200000 0.599737
v 0.400000 17.200000 0.643886
v 0.600000 17.200000 0.668322
v 0.800000 17.200000 0.687437
v 1.000000 17.200000 0.700204
v 1.200000 17.200000 0.716101
v 1.400000 17.200000 0.778701
v 1.600000 17.200000 0.883447
v 1.800000 17.200000 0.979736
v 2.000000 17.200000 1.069350
v 2.200000 17.200000 1.136265
v 2.400000 17.200000 1.191111
v 2.600000 17.200000 1.243827
v 2.800000 17.200000 1.314802
v 3.000000 17.200000 1.366724
v 3.200000 17.200000 1.394414
v 3.400000 17.200000 1.436461
v 3.600000 17.200000 1.532324
v 3.800000 17.200000 1.634699
v 4.000000 17.200000 1.695498
v 4.200000 17.200000 1.747421
v 4.400000 17.200000 1.806127
v 4.600000 17.200000 1.853768
v 4.800000 17.200000 1.881127
v 5.000000 17.200000 1.913092
v 5.200000 17.200000 1.966187
v 5.400000 17.200000 2.010327
v 5.600000 17.200000 2.047864
v 5.800000 17.200000 2.068921
v 6.000000 17.200000 2.093494
v 6.200000 17.200000 2.101511
v 6.400000 17.200000 2.088678
v 6.600000 17.200000 2.062873
v 6.800000 17.200000 2.015611
v 7.000000 17.200000 1.933382
v 7.200000 17.200000 1.842432
v 7.400000 17.200000 1.762226
v 7.600000 17.200000 1.694784
v 7.800000 17.200000 1.647484
v 8.000000 17.200000 1.616290
v 8.200000 17.200000 1.566455
v 8.400000 17.200000 1.478141
v 8.600000 17.200000 1.388433
v 8.800000 17.200000 1.312759
v 9.000000 17.200000 1.239573
v 9.200000 17.200000 1.223942
v 9.400000 17.200000 1.207713
v 9.600000 17.200000 1.211744
v 9.800000 17.200000 1.240612
v 10.000000 17.200000 1.244811
v 10.200000 17.200000 1.245889
v 10.400000 17.200000 1.246611
v 10.600000 17.200000 1.250578
v 10.800000 17.200000 1.267459
v 11.000000 17.200000 1.305340
v 11.200000 17.200000 1.316860
v 11.400000 17.200000 1.286757
v 11.600000 17.200000 1.236712
v 11.800000 17.200000 1.180742
v 12.000000 17.200000 1.134819
v 12.200000 17.200000 1.117848
v 12.400000 17.200000 1.134560
v 12.600000 17.200000 1.153455
v 12.800000 17.200000 1.208091
v 13.000000 17.200000 1.309835
v 13.200000 17.200000 1.401947
v 13.400000 17.200000 1.468822
v 13.600000 17.200000 1.524698
v 13.800000 17.200000 1.545325
v 14.000000 17.200000 1.555439
v 14.200000 17.200000 1.584997
v 14.400000 17.200000 1.624159
v 14.600000 17.200000 1.662026
v 14.800000 17.200000 1.714515
v 15.000000 17.200000 1.768467
v 15.200000 17.200000 1.822608
v 15.400000 17.200000 1.882269
v 15.600000 17.200000 1.936491
v 15.800000 17.200000 1.973311
v 16.000000 17.200000 1.974520
v 16.200000 17.200000 2.006600
v 16.400000 17.200000 2.063960
v 16.600000 17.200000 2.134191
v 16.800000 17.200000 2.209385
v 17.000000 17.200000 2.295018
v 17.200000 17.200000 2.379199
v 17.400000 17.200000 2.420972
v 17.600000 17.200000 2.409362
v 17.800000 17.200000 2.378879
v 18.000000 17.200000 2.339044
v 18.200000 17.200000 2.320806
v 18.400000 17.200000 2.339128
v 18.600000 17.200000 2.344525
v 18.800000 17.200000 2.348028
v 19.000000 17.200000 2.322728
v 19.200000 17.200000 2.260016
v 19.400000 17.200000 2.233317
v 19.600000 17.200000 2.245062
v 19.800000 17.200000 2.239986
v 0.000000 17.400000 0.500636
v 0.200000 17.400000 0.533045
v 0.400000 17.400000 0.577388
v 0.600000 17.400000 0.607916
v 0.800000 17.400000 0.626562
v 1.000000 17.400000 0.642348
v 1.200000 17.400000 0.655913
v 1.400000 17.400000 0.717230
v 1.600000 17.400000 0.818801
v 1.800000 17.400000 0.912552
v 2.000000 17.400000 1.002132
v 2.200000 17.400000 1.070034
v 2.400000 17.400000 1.121118
v 2.600000 17.400000 1.174167
v 2.800000 17.400000 1.249065
v 3.000000 17.400000 1.291540
v 3.200000 17.400000 1.312800
v 3.400000 17.400000 1.350053
v 3.600000 17.400000 1.451262
v 3.800000 17.400000 1.552216
v 4.000000 17.400000 1.593080
v 4.200000 17.400000 1.639207
v 4.400000 17.400000 1.696233
v 4.600000 17.400000 1.741090
v 4.800000 17.400000 1.764932
v 5.000000 17.400000 1.796365
v 5.200000 17.400000 1.852136
v 5.400000 17.400000 1.903024
v 5.600000 17.400000 1.944116
v 5.800000 17.400000 1.962581
v 6.000000 17.400000 1.998663
v 6.200000 17.400000 2.013421
v 6.400000 17.400000 2.002558
v 6.600000 17.400000 1.974370
v 6.800000 17.400000 1.922213
v 7.000000 17.400000 1.844630
v 7.200000 17.400000 1.765861
v 7.400000 17.400000 1.697262
v 7.600000 17.400000 1.644679
v 7.800000 17.400000 1.612419
v 8.000000 17.400000 1.590232
v 8.200000 17.400000 1.549701
v 8.400000 17.400000 1.456614
v 8.600000 17.400000 1.359680
v 8.800000 17.400000 1.277501
v 9.000000 17.400000 1.198768
v 9.200000 17.400000 1.191544
v 9.400000 17.400000 1.177604
v 9.600000 17.400000 1.183008
v 9.800000 17.400000 1.215282
v 10.000000 17.400000 1.222159
v 10.200000 17.400000 1.230351
v 10.400000 17.400000 1.238172
v 10.600000 17.400000 1.240460
v 10.800000 17.400000 1.253340
v 11.000000 17.400000 1.303512
v 11.200000 17.400000 1.323815
v 11.400000 17.400000 1.292068
v 11.600000 17.400000 1.242586
v 11.800000 17.400000 1.182364
v 12.000000 17.400000 1.129655
v 12.200000 17.400000 1.130376
v 12.400000 17.400000 1.164717
v 12.600000 17.400000 1.186105
v 12.800000 17.400000 1.248239
v 13.000000 17.400000 1.364068
v 13.200000 17.400000 1.455149
v 13.400000 17.400000 1.519530
v 13.600000 17.400000 1.571308
v 13.800000 17.400000 1.586927
v 14.000000 17.400000 1.591698
v 14.200000 17.400000 1.613427
v 14.400000 17.400000 1.648640
v 14.600000 17.400000 1.686936
v 14.800000 17.400000 1.740827
v 15.000000 17.400000 1.791972
v 15.200000 17.400000 1.842328
v 15.400000 17.400000 1.907330
v 15.600000 17.400000 1.965708
v 15.800000 17.400000 2.006966
v 16.000000 17.400000 2.005328
v 16.200000 17.400000 2.036348
v 16.400000 17.400000 2.087317
v 16.600000 17.400000 2.161811
v 16.800000 17.400000 2.233398
v 17.000000 17.400000 2.311493
v 17.200000 17.400000 2.398097
v 17.400000 17.400000 2.438151
v 17.600000 17.400000 2.421280
v 17.800000 17.400000 2.380565
v 18.000000 17.400000 2.334989
v 18.200000 17.400000 2.317447
v 18.400000 17.400000 2.355706
v 18.600000 17.400000 2.376176
v 18.800000 17.400000 2.388434
v 19.000000 17.400000 2.360723
v 19.200000 17.400000 2.296105
v 19.400000 17.400000 2.283663
v 19.600000 17.400000 2.305095
v 19.800000 17.400000 2.302258
v 0.000000 17.600000 0.499601
v 0.200000 17.600000 0.523492
v 0.400000 17.600000 0.564353
v 0.600000 17.600000 0.582660
v 0.800000 17.600000 0.575926
v 1.000000 17.600000 0.586546
v 1.200000 17.600000 0.609113
v 1.400000 17.600000 0.676842
v 1.600000 17.600000 0.787027
v 1.800000 17.600000 0.850763
v 2.000000 17.600000 0.919104
v 2.200000 17.600000 0.998265
v 2.400000 17.600000 1.038130
v 2.600000 17.600000 1.082743
v 2.800000 17.600000 1.148717
v 3.000000 17.600000 1.182367
v 3.200000 17.600000 1.196915
v 3.400000 17.600000 1.253216
v 3.600000 17.600000 1.319676
v 3.800000 17.600000 1.409819
v 4.000000 17.600000 1.489208
v 4.200000 17.600000 1.547752
v 4.400000 17.600000 1.615454
v 4.600000 17.600000 1.651477
v 4.800000 17.600000 1.662002
v 5.000000 17.600000 1.686098
v 5.200000 17.600000 1.739536
v 5.400000 17.600000 1.792464
v 5.600000 17.600000 1.841807
v 5.800000 17.600000 1.879129
v 6.000000 17.600000 1.899214
v 6.200000 17.600000 1.901737
v 6.400000 17.600000 1.900894
v 6.600000 17.600000 1.887269
v 6.800000 17.600000 1.835207
v 7.000000 17.600000 1.762737
v 7.200000 17.600000 1.688046
v 7.400000 17.600000 1.625769
v 7.600000 17.600000 1.588487
v 7.800000 17.600000 1.569079
v 8.000000 17.600000 1.545754
v 8.200000 17.600000 1.518808
v 8.400000 17.600000 1.427077
v 8.600000 17.600000 1.318545
v 8.800000 17.600000 1.248253
v 9.000000 17.600000 1.206010
v 9.200000 17.600000 1.193936
v 9.400000 17.600000 1.174608
v 9.600000 17.600000 1.173191
v 9.800000 17.600000 1.212643
v 10.000000 17.600000 1.218521
v 10.200000 17.600000 1.206822
v 10.400000 17.600000 1.203833
v 10.600000 17.600000 1.195836
v 10.800000 17.600000 1.198462
v 11.000000 17.600000 1.247543
v 11.200000 17.600000 1.268218
v 11.400000 17.600000 1.257118
v 11.600000 17.600000 1.243191
v 11.800000 17.600000 1.210213
v 12.000000 17.600000 1.162810
v 12.200000 17.600000 1.169559
v 12.400000 17.600000 1.207816
v 12.600000 17.600000 1.239103
v 12.800000 17.600000 1.320300
v 13.000000 17.600000 1.425920
v 13.200000 17.600000 1.500820
v 13.400000 17.600000 1.552693
v 13.600000 17.600000 1.582411
v 13.800000 17.600000 1.610289
v 14.000000 17.600000 1.631574
v 14.200000 17.600000 1.672518
v 14.400000 17.600000 1.724148
v 14.600000 17.600000 1.753900
v 14.800000 17.600000 1.786356
v 15.000000 17.600000 1.843359
v 15.200000 17.600000 1.896514
v 15.400000 17.600000 1.942259
v 15.600000 17.600000 1.999428
v 15.800000 17.600000 2.061815
v 16.000000 17.600000 2.109114
v 16.200000 17.600000 2.139976
v 16.400000 17.600000 2.143988
v 16.600000 17.600000 2.214912
v 16.800000 17.600000 2.299758
v 17.000000 17.600000 2.329565
v 17.200000 17.600000 2.354428
v 17.400000 17.600000 2.375351
v 17.600000 17.600000 2.358543
v 17.800000 17.600000 2.348186
v 18.000000 17.600000 2.359835
v 18.200000 17.600000 2.369369
v 18.400000 17.600000 2.387737
v 18.600000 17.600000 2.401883
v 18.800000 17.600000 2.387669
v 19.000000 17.600000 2.361309
v 19.200000 17.600000 2.332313
v 19.400000 17.600000 2.306612
v 19.600000 17.600000 2.307078
v 19.800000 17.600000 2.306522
v 0.000000 17.800000 0.511577
v 0.200000 17.800000 0.531529
v 0.400000 17.800000 0.557009
v 0.600000 17.800000 0.552882
v 0.800000 17.800000 0.541902
v 1.000000 17.800000 0.551932
v 1.200000 17.800000 0.567456
v 1.400000 17.800000 0.628817
v 1.600000 17.800000 0.731075
v 1.800000 17.800000 0.789070
v 2.000000 17.800000 0.841845
v 2.200000 17.800000 0.915458
v 2.400000 17.800000 0.965855
v 2.600000 17.800000 1.009897
v 2.800000 17.800000 1.071700
v 3.000000 17.800000 1.105365
v 3.200000 17.800000 1.111997
v 3.400000 17.800000 1.155845
v 3.600000 17.800000 1.217039
v 3.800000 17.800000 1.299568
v 4.000000 17.800000 1.379990
v 4.200000 17.800000 1.430993
v 4.400000 17.800000 1.500948
v 4.600000 17.800000 1.548875
v 4.800000 17.800000 1.563241
v 5.000000 17.800000 1.588106
v 5.200000 17.800000 1.628083
v 5.400000 17.800000 1.684235
v 5.600000 17.800000 1.740508
v 5.800000 17.800000 1.790552
v 6.000000 17.800000 1.816294
v 6.200000 17.800000 1.825134
v 6.400000 17.800000 1.826267
v 6.600000 17.800000 1.815583
v 6.800000 17.800000 1.773754
v 7.000000 17.800000 1.701614
v 7.200000 17.800000 1.631388
v 7.400000 17.800000 1.575819
v 7.600000 17.800000 1.547380
v 7.800000 17.800000 1.533107
v 8.000000 17.800000 1.511976
v 8.200000 17.800000 1.484780
v 8.400000 17.800000 1.395458
v 8.600000 17.800000 1.278300
v 8.800000 17.800000 1.207676
v 9.000000 17.800000 1.171605
v 9.200000 17.800000 1.153303
v 9.400000 17.800000 1.146383
v 9.600000 17.800000 1.170329
v 9.800000 17.800000 1.209847
v 10.000000 17.800000 1.214608
v 10.200000 17.800000 1.198281
v 10.400000 17.800000 1.188645
v 10.600000 17.800000 1.172697
v 10.800000 17.800000 1.160697
v 11.000000 17.800000 1.199511
v 11.200000 17.800000 1.219144
v 11.400000 17.800000 1.221764
v 11.600000 17.800000 1.219154
v 11.800000 17.800000 1.201332
v 12.000000 17.800000 1.188595
v 12.200000 17.800000 1.213111
v 12.400000 17.800000 1.256515
v 12.600000 17.800000 1.308731
v 12.800000 17.800000 1.392378
v 13.000000 17.800000 1.478275
v 13.200000 17.800000 1.543489
v 13.400000 17.800000 1.582703
v 13.600000 17.800000 1.601632
v 13.800000 17.800000 1.634555
v 14.000000 17.800000 1.668012
v 14.200000 17.800000 1.726450
v 14.400000 17.800000 1.787026
v 14.600000 17.800000 1.824236
v 14.800000 17.800000 1.860866
v 15.000000 17.800000 1.908118
v 15.200000 17.800000 1.937975
v 15.400000 17.800000 1.956298
v 15.600000 17.800000 2.010355
v 15.800000 17.800000 2.089173
v 16.000000 17.800000 2.174924
v 16.200000 17.800000 2.219921
v 16.400000 17.800000 2.218553
v 16.600000 17.800000 2.261592
v 16.800000 17.800000 2.329702
v 17.000000 17.800000 2.335765
v 17.200000 17.800000 2.312114
v 17.400000 17.800000 2.319675
v 17.600000 17.800000 2.315907
v 17.800000 17.800000 2.331795
v 18.000000 17.800000 2.377461
v 18.200000 17.800000 2.398386
v 18.400000 17.800000 2.407077
v 18.600000 17.800000 2.418124
v 18.800000 17.800000 2.405585
v 19.000000 17.800000 2.384998
v 19.200000 17.800000 2.364446
v 19.400000 17.800000 2.330146
v 19.600000 17.800000 2.304826
v 19.800000 17.800000 2.287625
v 0.000000 18.000000 0.556002
v 0.200000 18.000000 0.548793
v 0.400000 18.000000 0.538566
v 0.600000 18.000000 0.541066
v 0.800000 18.000000 0.551912
v 1.000000 18.000000 0.563608
v 1.200000 18.000000 0.577346
v 1.400000 18.000000 0.607978
v 1.600000 18.000000 0.658164
v 1.800000 18.000000 0.724218
v 2.000000 18.000000 0.795625
v 2.200000 18.000000 0.868160
v 2.400000 18.000000 0.931746
v 2.600000 18.000000 0.964693
v 2.800000 18.000000 0.988741
v 3.000000 18.000000 1.024500
v 3.200000 18.000000 1.067612
v 3.400000 18.000000 1.102628
v 3.600000 18.000000 1.131340
v 3.800000 18.000000 1.197999
v 4.000000 18.000000 1.269475
v 4.200000 18.000000 1.309236
v 4.400000 18.000000 1.352792
v 4.600000 18.000000 1.406316
v 4.800000 18.000000 1.463151
v 5.000000 18.000000 1.507292
v 5.200000 18.000000 1.549897
v 5.400000 18.000000 1.617357
v 5.600000 18.000000 1.666732
v 5.800000 18.000000 1.716415
v 6.000000 18.000000 1.760824
v 6.200000 18.000000 1.785519
v 6.400000 18.000000 1.771177
v 6.600000 18.000000 1.745099
v 6.800000 18.000000 1.725104
v 7.000000 18.000000 1.670169
v 7.200000 18.000000 1.607380
v 7.400000 18.000000 1.563609
v 7.600000 18.000000 1.537454
v 7.800000 18.000000 1.519759
v 8.000000 18.000000 1.488361
v 8.200000 18.000000 1.438662
v 8.400000 18.000000 1.361887
v 8.600000 18.000000 1.270251
v 8.800000 18.000000 1.185652
v 9.000000 18.000000 1.111487
v 9.200000 18.000000 1.089694
v 9.400000 18.000000 1.103088
v 9.600000 18.000000 1.145836
v 9.800000 18.000000 1.187208
v 10.000000 18.000000 1.192343
v 10.200000 18.000000 1.175322
v 10.400000 18.000000 1.162611
v 10.600000 18.000000 1.163157
v 10.800000 18.000000 1.153021
v 11.000000 18.000000 1.170135
v 11.200000 18.000000 1.179310
v 11.400000 18.000000 1.155244
v 11.600000 18.000000 1.146674
v 11.800000 18.000000 1.160679
v 12.000000 18.000000 1.186540
v 12.200000 18.000000 1.237115
v 12.400000 18.000000 1.292401
v 12.600000 18.000000 1.361075
v 12.800000 18.000000 1.445766
v 13.000000 18.000000 1.525726
v 13.200000 18.000000 1.592722
v 13.400000 18.000000 1.613241
v 13.600000 18.000000 1.615604
v 13.800000 18.000000 1.657740
v 14.000000 18.000000 1.706018
v 14.200000 18.000000 1.756711
v 14.400000 18.000000 1.794364
v 14.600000 18.000000 1.846500
v 14.800000 18.000000 1.907708
v 15.000000 18.000000 1.940068
v 15.200000 18.000000 1.935539
v 15.400000 18.000000 1.943988
v 15.600000 18.000000 2.009272
v 15.800000 18.000000 2.092035
v 16.000000 18.000000 2.199201
v 16.200000 18.000000 2.264944
v 16.400000 18.000000 2.299292
v 16.600000 18.000000 2.321694
v 16.800000 18.000000 2.335447
v 17.000000 18.000000 2.320112
v 17.200000 18.000000 2.288447
v 17.400000 18.000000 2.294121
v 17.600000 18.000000 2.291720
v 17.800000 18.000000 2.322486
v 18.000000 18.000000 2.376542
v 18.200000 18.000000 2.402181
v 18.400000 18.000000 2.425926
v 18.600000 18.000000 2.446550
v 18.800000 18.000000 2.451414
v 19.000000 18.000000 2.440732
v 19.200000 18.000000 2.409889
v 19.400000 18.000000 2.360273
v 19.600000 18.000000 2.294977
v 19.800000 18.000000 2.244513
v 0.000000 18.200000 0.577189
v 0.200000 18.200000 0.551734
v 0.400000 18.200000 0.527875
v 0.600000 18.200000 0.546620
v 0.800000 18.200000 0.562965
v 1.000000 18.200000 0.575354
v 1.200000 18.200000 0.588207
v 1.400000 18.200000 0.605458
v 1.600000 18.200000 0.629637
v 1.800000 18.200000 0.690606
v 2.000000 18.200000 0.767779
v 2.200000 18.200000 0.841524
v 2.400000 18.200000 0.896955
v 2.600000 18.200000 0.925430
v 2.800000 18.200000 0.936313
v 3.000000 18.200000 0.954466
v 3.200000 18.200000 1.013605
v 3.400000 18.200000 1.052523
v 3.600000 18.200000 1.058845
v 3.800000 18.200000 1.115421
v 4.000000 18.200000 1.182643
v 4.200000 18.200000 1.221989
v 4.400000 18.200000 1.248955
v 4.600000 18.200000 1.300114
v 4.800000 18.200000 1.355939
v 5.000000 18.200000 1.399595
v 5.200000 18.200000 1.476081
v 5.400000 18.200000 1.568608
v 5.600000 18.200000 1.629409
v 5.800000 18.200000 1.676309
v 6.000000 18.200000 1.717177
v 6.200000 18.200000 1.733257
v 6.400000 18.200000 1.740650
v 6.600000 18.200000 1.710667
v 6.800000 18.200000 1.669491
v 7.000000 18.200000 1.638567
v 7.200000 18.200000 1.587012
v 7.400000 18.200000 1.554285
v 7.600000 18.200000 1.523861
v 7.800000 18.200000 1.499611
v 8.000000 18.200000 1.463901
v 8.200000 18.200000 1.396273
v 8.400000 18.200000 1.318480
v 8.600000 18.200000 1.250929
v 8.800000 18.200000 1.172570
v 9.000000 18.200000 1.097026
v 9.200000 18.200000 1.081011
v 9.400000 18.200000 1.091458
v 9.600000 18.200000 1.106706
v 9.800000 18.200000 1.151853
v 10.000000 18.200000 1.153913
v 10.200000 18.200000 1.121011
v 10.400000 18.200000 1.112611
v 10.600000 18.200000 1.126165
v 10.800000 18.200000 1.141900
v 11.000000 18.200000 1.138979
v 11.200000 18.200000 1.138688
v 11.400000 18.200000 1.105501
v 11.600000 18.200000 1.122229
v 11.800000 18.200000 1.171362
v 12.000000 18.200000 1.197462
v 12.200000 18.200000 1.273821
v 12.400000 18.200000 1.352283
v 12.600000 18.200000 1.413423
v 12.800000 18.200000 1.479593
v 13.000000 18.200000 1.543055
v 13.200000 18.200000 1.605099
v 13.400000 18.200000 1.629452
v 13.600000 18.200000 1.644657
v 13.800000 18.200000 1.688014
v 14.000000 18.200000 1.728738
v 14.200000 18.200000 1.751636
v 14.400000 18.200000 1.779754
v 14.600000 18.200000 1.839381
v 14.800000 18.200000 1.894590
v 15.000000 18.200000 1.931980
v 15.200000 18.200000 1.936604
v 15.400000 18.200000 1.967898
v 15.600000 18.200000 2.030651
v 15.800000 18.200000 2.090716
v 16.000000 18.200000 2.173080
v 16.200000 18.200000 2.241072
v 16.400000 18.200000 2.292666
v 16.600000 18.200000 2.309295
v 16.800000 18.200000 2.303140
v 17.000000 18.200000 2.296249
v 17.200000 18.200000 2.266686
v 17.400000 18.200000 2.271422
v 17.600000 18.200000 2.279669
v 17.800000 18.200000 2.308432
v 18.000000 18.200000 2.358451
v 18.200000 18.200000 2.379586
v 18.400000 18.200000 2.417220
v 18.600000 18.200000 2.447129
v 18.800000 18.200000 2.465601
v 19.000000 18.200000 2.452033
v 19.200000 18.200000 2.412053
v 19.400000 18.200000 2.365158
v 19.600000 18.200000 2.278192
v 19.800000 18.200000 2.195101
v 0.000000 18.400000 0.564080
v 0.200000 18.400000 0.542581
v 0.400000 18.400000 0.516212
v 0.600000 18.400000 0.511427
v 0.800000 18.400000 0.504658
v 1.000000 18.400000 0.533335
v 1.200000 18.400000 0.576198
v 1.400000 18.400000 0.598562
v 1.600000 18.400000 0.619708
v 1.800000 18.400000 0.671787
v 2.000000 18.400000 0.733071
v 2.200000 18.400000 0.807317
v 2.400000 18.400000 0.886541
v 2.600000 18.400000 0.911821
v 2.800000 18.400000 0.915071
v 3.000000 18.400000 0.933392
v 3.200000 18.400000 0.973266
v 3.400000 18.400000 0.999843
v 3.600000 18.400000 1.006322
v 3.800000 18.400000 1.063600
v 4.000000 18.400000 1.155587
v 4.200000 18.400000 1.216210
v 4.400000 18.400000 1.241621
v 4.600000 18.400000 1.276021
v 4.800000 18.400000 1.291974
v 5.000000 18.400000 1.318654
v 5.200000 18.400000 1.391333
v 5.400000 18.400000 1.484748
v 5.600000 18.400000 1.558014
v 5.800000 18.400000 1.606788
v 6.000000 18.400000 1.644925
v 6.200000 18.400000 1.661105
v 6.400000 18.400000 1.677030
v 6.600000 18.400000 1.666202
v 6.800000 18.400000 1.624380
v 7.000000 18.400000 1.584673
v 7.200000 18.400000 1.550798
v 7.400000 18.400000 1.534823
v 7.600000 18.400000 1.482624
v 7.800000 18.400000 1.425448
v 8.000000 18.400000 1.388169
v 8.200000 18.400000 1.321183
v 8.400000 18.400000 1.253585
v 8.600000 18.400000 1.204930
v 8.800000 18.400000 1.139718
v 9.000000 18.400000 1.081821
v 9.200000 18.400000 1.073251
v 9.400000 18.400000 1.081614
v 9.600000 18.400000 1.081736
v 9.800000 18.400000 1.094969
v 10.000000 18.400000 1.104764
v 10.200000 18.400000 1.134932
v 10.400000 18.400000 1.143720
v 10.600000 18.400000 1.139134
v 10.800000 18.400000 1.127996
v 11.000000 18.400000 1.087529
v 11.200000 18.400000 1.080874
v 11.400000 18.400000 1.104539
v 11.600000 18.400000 1.155459
v 11.800000 18.400000 1.206288
v 12.000000 18.400000 1.242855
v 12.200000 18.400000 1.320941
v 12.400000 18.400000 1.395918
v 12.600000 18.400000 1.427849
v 12.800000 18.400000 1.463673
v 13.000000 18.400000 1.517327
v 13.200000 18.400000 1.573228
v 13.400000 18.400000 1.630381
v 13.600000 18.400000 1.683711
v 13.800000 18.400000 1.711664
v 14.000000 18.400000 1.725381
v 14.200000 18.400000 1.724116
v 14.400000 18.400000 1.753032
v 14.600000 18.400000 1.822043
v 14.800000 18.400000 1.886708
v 15.000000 18.400000 1.939273
v 15.200000 18.400000 1.984910
v 15.400000 18.400000 2.014704
v 15.600000 18.400000 2.037406
v 15.800000 18.400000 2.068788
v 16.000000 18.400000 2.110734
v 16.200000 18.400000 2.163744
v 16.400000 18.400000 2.207386
v 16.600000 18.400000 2.226351
v 16.800000 18.400000 2.218334
v 17.000000 18.400000 2.225291
v 17.200000 18.400000 2.226969
v 17.400000 18.400000 2.242746
v 17.600000 18.400000 2.282855
v 17.800000 18.400000 2.324428
v 18.000000 18.400000 2.341871
v 18.200000 18.400000 2.350338
v 18.400000 18.400000 2.390181
v 18.600000 18.400000 2.416830
v 18.800000 18.400000 2.427096
v 19.000000 18.400000 2.404864
v 19.200000 18.400000 2.366678
v 19.400000 18.400000 2.326359
v 19.600000 18.400000 2.240670
v 19.800000 18.400000 2.162036
v 0.000000 18.600000 0.549116
v 0.200000 18.600000 0.530416
v 0.400000 18.600000 0.497454
v 0.600000 18.600000 0.472637
v 0.800000 18.600000 0.451704
v 1.000000 18.600000 0.493873
v 1.200000 18.600000 0.565774
v 1.400000 18.600000 0.600822
v 1.600000 18.600000 0.626262
v 1.800000 18.600000 0.673478
v 2.000000 18.600000 0.720276
v 2.200000 18.600000 0.787855
v 2.400000 18.600000 0.884041
v 2.600000 18.600000 0.904194
v 2.800000 18.600000 0.898501
v 3.000000 18.600000 0.928222
v 3.200000 18.600000 0.961577
v 3.400000 18.600000 0.981484
v 3.600000 18.600000 0.983763
v 3.800000 18.600000 1.037445
v 4.000000 18.600000 1.141317
v 4.200000 18.600000 1.210287
v 4.400000 18.600000 1.236171
v 4.600000 18.600000 1.263862
v 4.800000 18.600000 1.264311
v 5.000000 18.600000 1.284036
v 5.200000 18.600000 1.341814
v 5.400000 18.600000 1.416984
v 5.600000 18.600000 1.479719
v 5.800000 18.600000 1.522026
v 6.000000 18.600000 1.558481
v 6.200000 18.600000 1.574919
v 6.400000 18.600000 1.584573
v 6.600000 18.600000 1.583575
v 6.800000 18.600000 1.555158
v 7.000000 18.600000 1.522343
v 7.200000 18.600000 1.510422
v 7.400000 18.600000 1.508034
v 7.600000 18.600000 1.438922
v 7.800000 18.600000 1.355177
v 8.000000 18.600000 1.311557
v 8.200000 18.600000 1.243228
v 8.400000 18.600000 1.185894
v 8.600000 18.600000 1.154882
v 8.800000 18.600000 1.103935
v 9.000000 18.600000 1.060051
v 9.200000 18.600000 1.060772
v 9.400000 18.600000 1.077636
v 9.600000 18.600000 1.081757
v 9.800000 18.600000 1.081247
v 10.000000 18.600000 1.098006
v 10.200000 18.600000 1.171577
v 10.400000 18.600000 1.191098
v 10.600000 18.600000 1.178252
v 10.800000 18.600000 1.147141
v 11.000000 18.600000 1.091683
v 11.200000 18.600000 1.085008
v 11.400000 18.600000 1.142607
v 11.600000 18.600000 1.205885
v 11.800000 18.600000 1.251702
v 12.000000 18.600000 1.295532
v 12.200000 18.600000 1.367852
v 12.400000 18.600000 1.434358
v 12.600000 18.600000 1.444780
v 12.800000 18.600000 1.461631
v 13.000000 18.600000 1.509535
v 13.200000 18.600000 1.552984
v 13.400000 18.600000 1.626215
v 13.600000 18.600000 1.703398
v 13.800000 18.600000 1.724007
v 14.000000 18.600000 1.725239
v 14.200000 18.600000 1.709904
v 14.400000 18.600000 1.743993
v 14.600000 18.600000 1.821041
v 14.800000 18.600000 1.896209
v 15.000000 18.600000 1.952881
v 15.200000 18.600000 2.014836
v 15.400000 18.600000 2.040255
v 15.600000 18.600000 2.043598
v 15.800000 18.600000 2.063445
v 16.000000 18.600000 2.075832
v 16.200000 18.600000 2.110117
v 16.400000 18.600000 2.142220
v 16.600000 18.600000 2.167214
v 16.800000 18.600000 2.164830
v 17.000000 18.600000 2.180213
v 17.200000 18.600000 2.201717
v 17.400000 18.600000 2.221518
v 17.600000 18.600000 2.272581
v 17.800000 18.600000 2.318098
v 18.000000 18.600000 2.314554
v 18.200000 18.600000 2.314123
v 18.400000 18.600000 2.350598
v 18.600000 18.600000 2.370161
v 18.800000 18.600000 2.369662
v 19.000000 18.600000 2.343736
v 19.200000 18.600000 2.312450
v 19.400000 18.600000 2.280675
v 19.600000 18.600000 2.205826
v 19.800000 18.600000 2.140721
v 0.000000 18.800000 0.528721
v 0.200000 18.800000 0.504209
v 0.400000 18.800000 0.471126
v 0.600000 18.800000 0.463397
v 0.800000 18.800000 0.459696
v 1.000000 18.800000 0.497999
v 1.200000 18.800000 0.569986
v 1.400000 18.800000 0.619389
v 1.600000 18.800000 0.655229
v 1.800000 18.800000 0.687413
v 2.000000 18.800000 0.718925
v 2.200000 18.800000 0.784329
v 2.400000 18.800000 0.854694
v 2.600000 18.800000 0.876058
v 2.800000 18.800000 0.874235
v 3.000000 18.800000 0.891831
v 3.200000 18.800000 0.916739
v 3.400000 18.800000 0.928347
v 3.600000 18.800000 0.965608
v 3.800000 18.800000 1.026038
v 4.000000 18.800000 1.120330
v 4.200000 18.800000 1.168914
v 4.400000 18.800000 1.206352
v 4.600000 18.800000 1.251076
v 4.800000 18.800000 1.293829
v 5.000000 18.800000 1.334693
v 5.200000 18.800000 1.372836
v 5.400000 18.800000 1.407367
v 5.600000 18.800000 1.411727
v 5.800000 18.800000 1.425729
v 6.000000 18.800000 1.478231
v 6.200000 18.800000 1.517905
v 6.400000 18.800000 1.516097
v 6.600000 18.800000 1.510448
v 6.800000 18.800000 1.486618
v 7.000000 18.800000 1.467152
v 7.200000 18.800000 1.476630
v 7.400000 18.800000 1.469028
v 7.600000 18.800000 1.412505
v 7.800000 18.800000 1.325428
v 8.000000 18.800000 1.249190
v 8.200000 18.800000 1.190016
v 8.400000 18.800000 1.147357
v 8.600000 18.800000 1.126056
v 8.800000 18.800000 1.081784
v 9.000000 18.800000 1.034239
v 9.200000 18.800000 1.037730
v 9.400000 18.800000 1.101063
v 9.600000 18.800000 1.144339
v 9.800000 18.800000 1.158136
v 10.000000 18.800000 1.167520
v 10.200000 18.800000 1.200153
v 10.400000 18.800000 1.207056
v 10.600000 18.800000 1.203939
v 10.800000 18.800000 1.191497
v 11.000000 18.800000 1.162502
v 11.200000 18.800000 1.166041
v 11.400000 18.800000 1.200219
v 11.600000 18.800000 1.244936
v 11.800000 18.800000 1.294705
v 12.000000 18.800000 1.360345
v 12.200000 18.800000 1.403302
v 12.400000 18.800000 1.438266
v 12.600000 18.800000 1.492102
v 12.800000 18.800000 1.516559
v 13.000000 18.800000 1.518228
v 13.200000 18.800000 1.540398
v 13.400000 18.800000 1.616992
v 13.600000 18.800000 1.697265
v 13.800000 18.800000 1.720599
v 14.000000 18.800000 1.731196
v 14.200000 18.800000 1.743453
v 14.400000 18.800000 1.799591
v 14.600000 18.800000 1.858738
v 14.800000 18.800000 1.892780
v 15.000000 18.800000 1.943087
v 15.200000 18.800000 1.996293
v 15.400000 18.800000 2.028854
v 15.600000 18.800000 2.040710
v 15.800000 18.800000 2.061947
v 16.000000 18.800000 2.068645
v 16.200000 18.800000 2.088497
v 16.400000 18.800000 2.103836
v 16.600000 18.800000 2.108975
v 16.800000 18.800000 2.119821
v 17.000000 18.800000 2.164693
v 17.200000 18.800000 2.203733
v 17.400000 18.800000 2.225389
v 17.600000 18.800000 2.265815
v 17.800000 18.800000 2.275732
v 18.000000 18.800000 2.255811
v 18.200000 18.800000 2.262862
v 18.400000 18.800000 2.290945
v 18.600000 18.800000 2.305131
v 18.800000 18.800000 2.302727
v 19.000000 18.800000 2.282973
v 19.200000 18.800000 2.265818
v 19.400000 18.800000 2.235556
v 19.600000 18.800000 2.198493
v 19.800000 18.800000 2.166702
v 0.000000 19.000000 0.490171
v 0.200000 19.000000 0.467916
v 0.400000 19.000000 0.448015
v 0.600000 19.000000 0.464445
v 0.800000 19.000000 0.479862
v 1.000000 19.000000 0.514534
v 1.200000 19.000000 0.582010
v 1.400000 19.000000 0.639728
v 1.600000 19.000000 0.680228
v 1.800000 19.000000 0.698514
v 2.000000 19.000000 0.710378
v 2.200000 19.000000 0.762287
v 2.400000 19.000000 0.830990
v 2.600000 19.000000 0.843676
v 2.800000 19.000000 0.819648
v 3.000000 19.000000 0.828486
v 3.200000 19.000000 0.858804
v 3.400000 19.000000 0.901817
v 3.600000 19.000000 0.963345
v 3.800000 19.000000 1.022856
v 4.000000 19.000000 1.095644
v 4.200000 19.000000 1.133038
v 4.400000 19.000000 1.184155
v 4.600000 19.000000 1.249086
v 4.800000 19.000000 1.322827
v 5.000000 19.000000 1.373621
v 5.200000 19.000000 1.396685
v 5.400000 19.000000 1.405520
v 5.600000 19.000000 1.377471
v 5.800000 19.000000 1.379003
v 6.000000 19.000000 1.431618
v 6.200000 19.000000 1.465813
v 6.400000 19.000000 1.463324
v 6.600000 19.000000 1.454368
v 6.800000 19.000000 1.429731
v 7.000000 19.000000 1.419997
v 7.200000 19.000000 1.449968
v 7.400000 19.000000 1.452429
v 7.600000 19.000000 1.398638
v 7.800000 19.000000 1.299071
v 8.000000 19.000000 1.197898
v 8.200000 19.000000 1.140196
v 8.400000 19.000000 1.105773
v 8.600000 19.000000 1.088327
v 8.800000 19.000000 1.052254
v 9.000000 19.000000 1.010882
v 9.200000 19.000000 1.031054
v 9.400000 19.000000 1.121637
v 9.600000 19.000000 1.178785
v 9.800000 19.000000 1.198896
v 10.000000 19.000000 1.203871
v 10.200000 19.000000 1.214148
v 10.400000 19.000000 1.222083
v 10.600000 19.000000 1.231327
v 10.800000 19.000000 1.230325
v 11.000000 19.000000 1.211819
v 11.200000 19.000000 1.217887
v 11.400000 19.000000 1.240850
v 11.600000 19.000000 1.271025
v 11.800000 19.000000 1.323478
v 12.000000 19.000000 1.384844
v 12.200000 19.000000 1.416093
v 12.400000 19.000000 1.446962
v 12.600000 19.000000 1.513977
v 12.800000 19.000000 1.553017
v 13.000000 19.000000 1.537801
v 13.200000 19.000000 1.540192
v 13.400000 19.000000 1.612981
v 13.600000 19.000000 1.692673
v 13.800000 19.000000 1.721249
v 14.000000 19.000000 1.745852
v 14.200000 19.000000 1.786278
v 14.400000 19.000000 1.850197
v 14.600000 19.000000 1.887122
v 14.800000 19.000000 1.897367
v 15.000000 19.000000 1.944597
v 15.200000 19.000000 1.994569
v 15.400000 19.000000 2.027568
v 15.600000 19.000000 2.040424
v 15.800000 19.000000 2.054348
v 16.000000 19.000000 2.063049
v 16.200000 19.000000 2.076131
v 16.400000 19.000000 2.080450
v 16.600000 19.000000 2.090188
v 16.800000 19.000000 2.111495
v 17.000000 19.000000 2.162867
v 17.200000 19.000000 2.211094
v 17.400000 19.000000 2.229968
v 17.600000 19.000000 2.249904
v 17.800000 19.000000 2.247646
v 18.000000 19.000000 2.225611
v 18.200000 19.000000 2.226756
v 18.400000 19.000000 2.243557
v 18.600000 19.000000 2.252977
v 18.800000 19.000000 2.252857
v 19.000000 19.000000 2.246020
v 19.200000 19.000000 2.240770
v 19.400000 19.000000 2.225146
v 19.600000 19.000000 2.214086
v 19.800000 19.000000 2.195804
v 0.000000 19.200000 0.462571
v 0.200000 19.200000 0.437786
v 0.400000 19.200000 0.429614
v 0.600000 19.200000 0.470712
v 0.800000 19.200000 0.507465
v 1.000000 19.200000 0.544347
v 1.200000 19.200000 0.604162
v 1.400000 19.200000 0.665229
v 1.600000 19.200000 0.708938
v 1.800000 19.200000 0.715426
v 2.000000 19.200000 0.712359
v 2.200000 19.200000 0.750934
v 2.400000 19.200000 0.826658
v 2.600000 19.200000 0.833581
v 2.800000 19.200000 0.797045
v 3.000000 19.200000 0.797787
v 3.200000 19.200000 0.829099
v 3.400000 19.200000 0.905304
v 3.600000 19.200000 0.983814
v 3.800000 19.200000 1.035837
v 4.000000 19.200000 1.074430
v 4.200000 19.200000 1.109595
v 4.400000 19.200000 1.163235
v 4.600000 19.200000 1.232366
v 4.800000 19.200000 1.312820
v 5.000000 19.200000 1.362115
v 5.200000 19.200000 1.382666
v 5.400000 19.200000 1.387840
v 5.600000 19.200000 1.369481
v 5.800000 19.200000 1.380744
v 6.000000 19.200000 1.419078
v 6.200000 19.200000 1.430467
v 6.400000 19.200000 1.433242
v 6.600000 19.200000 1.425524
v 6.800000 19.200000 1.388702
v 7.000000 19.200000 1.363386
v 7.200000 19.200000 1.389801
v 7.400000 19.200000 1.389865
v 7.600000 19.200000 1.355764
v 7.800000 19.200000 1.277654
v 8.000000 19.200000 1.166244
v 8.200000 19.200000 1.102345
v 8.400000 19.200000 1.064015
v 8.600000 19.200000 1.039145
v 8.800000 19.200000 1.017481
v 9.000000 19.200000 1.003641
v 9.200000 19.200000 1.032519
v 9.400000 19.200000 1.105592
v 9.600000 19.200000 1.153787
v 9.800000 19.200000 1.158368
v 10.000000 19.200000 1.164559
v 10.200000 19.200000 1.199797
v 10.400000 19.200000 1.227230
v 10.600000 19.200000 1.238422
v 10.800000 19.200000 1.244375
v 11.000000 19.200000 1.227957
v 11.200000 19.200000 1.231502
v 11.400000 19.200000 1.266408
v 11.600000 19.200000 1.297046
v 11.800000 19.200000 1.355580
v 12.000000 19.200000 1.406943
v 12.200000 19.200000 1.443768
v 12.400000 19.200000 1.486341
v 12.600000 19.200000 1.518127
v 12.800000 19.200000 1.536861
v 13.000000 19.200000 1.544028
v 13.200000 19.200000 1.563490
v 13.400000 19.200000 1.614332
v 13.600000 19.200000 1.673169
v 13.800000 19.200000 1.696116
v 14.000000 19.200000 1.720489
v 14.200000 19.200000 1.776667
v 14.400000 19.200000 1.828999
v 14.600000 19.200000 1.867716
v 14.800000 19.200000 1.895891
v 15.000000 19.200000 1.942736
v 15.200000 19.200000 1.988380
v 15.400000 19.200000 2.020176
v 15.600000 19.200000 2.039418
v 15.800000 19.200000 2.041425
v 16.000000 19.200000 2.039569
v 16.200000 19.200000 2.055418
v 16.400000 19.200000 2.077802
v 16.600000 19.200000 2.105609
v 16.800000 19.200000 2.142209
v 17.000000 19.200000 2.190538
v 17.200000 19.200000 2.232433
v 17.400000 19.200000 2.241754
v 17.600000 19.200000 2.226692
v 17.800000 19.200000 2.219710
v 18.000000 19.200000 2.223884
v 18.200000 19.200000 2.228450
v 18.400000 19.200000 2.227677
v 18.600000 19.200000 2.227615
v 18.800000 19.200000 2.233279
v 19.000000 19.200000 2.238087
v 19.200000 19.200000 2.240676
v 19.400000 19.200000 2.240380
v 19.600000 19.200000 2.223788
v 19.800000 19.200000 2.189530
v 0.000000 19.400000 0.388572
v 0.200000 19.400000 0.399403
v 0.400000 19.400000 0.417724
v 0.600000 19.400000 0.463218
v 0.800000 19.400000 0.531765
v 1.000000 19.400000 0.583887
v 1.200000 19.400000 0.640942
v 1.400000 19.400000 0.695243
v 1.600000 19.400000 0.731687
v 1.800000 19.400000 0.744253
v 2.000000 19.400000 0.728496
v 2.200000 19.400000 0.752349
v 2.400000 19.400000 0.815312
v 2.600000 19.400000 0.831419
v 2.800000 19.400000 0.820269
v 3.000000 19.400000 0.815805
v 3.200000 19.400000 0.834561
v 3.400000 19.400000 0.901713
v 3.600000 19.400000 0.967404
v 3.800000 19.400000 1.005981
v 4.000000 19.400000 1.030838
v 4.200000 19.400000 1.057017
v 4.400000 19.400000 1.112224
v 4.600000 19.400000 1.206368
v 4.800000 19.400000 1.299266
v 5.000000 19.400000 1.355562
v 5.200000 19.400000 1.372083
v 5.400000 19.400000 1.379929
v 5.600000 19.400000 1.366476
v 5.800000 19.400000 1.374578
v 6.000000 19.400000 1.407392
v 6.200000 19.400000 1.419417
v 6.400000 19.400000 1.420689
v 6.600000 19.400000 1.405786
v 6.800000 19.400000 1.339478
v 7.000000 19.400000 1.292137
v 7.200000 19.400000 1.305635
v 7.400000 19.400000 1.313195
v 7.600000 19.400000 1.284995
v 7.800000 19.400000 1.231682
v 8.000000 19.400000 1.141302
v 8.200000 19.400000 1.078851
v 8.400000 19.400000 1.033491
v 8.600000 19.400000 1.001047
v 8.800000 19.400000 0.986509
v 9.000000 19.400000 0.989143
v 9.200000 19.400000 1.021269
v 9.400000 19.400000 1.079074
v 9.600000 19.400000 1.118399
v 9.800000 19.400000 1.104793
v 10.000000 19.400000 1.112654
v 10.200000 19.400000 1.173385
v 10.400000 19.400000 1.208535
v 10.600000 19.400000 1.222195
v 10.800000 19.400000 1.247506
v 11.000000 19.400000 1.253651
v 11.200000 19.400000 1.261693
v 11.400000 19.400000 1.289977
v 11.600000 19.400000 1.315376
v 11.800000 19.400000 1.376484
v 12.000000 19.400000 1.444026
v 12.200000 19.400000 1.476240
v 12.400000 19.400000 1.504313
v 12.600000 19.400000 1.515524
v 12.800000 19.400000 1.515700
v 13.000000 19.400000 1.539914
v 13.200000 19.400000 1.567752
v 13.400000 19.400000 1.586043
v 13.600000 19.400000 1.607732
v 13.800000 19.400000 1.634245
v 14.000000 19.400000 1.653632
v 14.200000 19.400000 1.692672
v 14.400000 19.400000 1.755485
v 14.600000 19.400000 1.820955
v 14.800000 19.400000 1.882452
v 15.000000 19.400000 1.922434
v 15.200000 19.400000 1.959152
v 15.400000 19.400000 2.009647
v 15.600000 19.400000 2.042995
v 15.800000 19.400000 2.044916
v 16.000000 19.400000 2.039825
v 16.200000 19.400000 2.057037
v 16.400000 19.400000 2.087433
v 16.600000 19.400000 2.125187
v 16.800000 19.400000 2.174457
v 17.000000 19.400000 2.228013
v 17.200000 19.400000 2.251273
v 17.400000 19.400000 2.248654
v 17.600000 19.400000 2.229381
v 17.800000 19.400000 2.211916
v 18.000000 19.400000 2.231181
v 18.200000 19.400000 2.236239
v 18.400000 19.400000 2.224170
v 18.600000 19.400000 2.215202
v 18.800000 19.400000 2.222554
v 19.000000 19.400000 2.228551
v 19.200000 19.400000 2.235016
v 19.400000 19.400000 2.219638
v 19.600000 19.400000 2.195420
v 19.800000 19.400000 2.165472
v 0.000000 19.600000 0.330390
v 0.200000 19.600000 0.366452
v 0.400000 19.600000 0.422933
v 0.600000 19.600000 0.483374
v 0.800000 19.600000 0.555222
v 1.000000 19.600000 0.624072
v 1.200000 19.600000 0.687613
v 1.400000 19.600000 0.724143
v 1.600000 19.600000 0.727047
v 1.800000 19.600000 0.735133
v 2.000000 19.600000 0.740005
v 2.200000 19.600000 0.754247
v 2.400000 19.600000 0.789051
v 2.600000 19.600000 0.813171
v 2.800000 19.600000 0.839164
v 3.000000 19.600000 0.849249
v 3.200000 19.600000 0.863690
v 3.400000 19.600000 0.906197
v 3.600000 19.600000 0.919022
v 3.800000 19.600000 0.939677
v 4.000000 19.600000 0.974469
v 4.200000 19.600000 1.002138
v 4.400000 19.600000 1.053978
v 4.600000 19.600000 1.153320
v 4.800000 19.600000 1.247417
v 5.000000 19.600000 1.304349
v 5.200000 19.600000 1.337454
v 5.400000 19.600000 1.365461
v 5.600000 19.600000 1.367677
v 5.800000 19.600000 1.371001
v 6.000000 19.600000 1.403750
v 6.200000 19.600000 1.418379
v 6.400000 19.600000 1.407721
v 6.600000 19.600000 1.379087
v 6.800000 19.600000 1.323125
v 7.000000 19.600000 1.291923
v 7.200000 19.600000 1.274613
v 7.400000 19.600000 1.252020
v 7.600000 19.600000 1.219217
v 7.800000 19.600000 1.166030
v 8.000000 19.600000 1.093050
v 8.200000 19.600000 1.041615
v 8.400000 19.600000 0.997737
v 8.600000 19.600000 0.974241
v 8.800000 19.600000 0.957371
v 9.000000 19.600000 0.953141
v 9.200000 19.600000 0.994999
v 9.400000 19.600000 1.056289
v 9.600000 19.600000 1.100665
v 9.800000 19.600000 1.115232
v 10.000000 19.600000 1.121403
v 10.200000 19.600000 1.146923
v 10.400000 19.600000 1.179116
v 10.600000 19.600000 1.204233
v 10.800000 19.600000 1.250065
v 11.000000 19.600000 1.285041
v 11.200000 19.600000 1.295624
v 11.400000 19.600000 1.288800
v 11.600000 19.600000 1.301430
v 11.800000 19.600000 1.371902
v 12.000000 19.600000 1.445976
v 12.200000 19.600000 1.466363
v 12.400000 19.600000 1.484664
v 12.600000 19.600000 1.517644
v 12.800000 19.600000 1.533702
v 13.000000 19.600000 1.538406
v 13.200000 19.600000 1.529158
v 13.400000 19.600000 1.516038
v 13.600000 19.600000 1.520050
v 13.800000 19.600000 1.549562
v 14.000000 19.600000 1.573085
v 14.200000 19.600000 1.617841
v 14.400000 19.600000 1.696154
v 14.600000 19.600000 1.778894
v 14.800000 19.600000 1.852213
v 15.000000 19.600000 1.894994
v 15.200000 19.600000 1.941112
v 15.400000 19.600000 2.003741
v 15.600000 19.600000 2.041819
v 15.800000 19.600000 2.052783
v 16.000000 19.600000 2.064098
v 16.200000 19.600000 2.084233
v 16.400000 19.600000 2.113948
v 16.600000 19.600000 2.147454
v 16.800000 19.600000 2.170074
v 17.000000 19.600000 2.214229
v 17.200000 19.600000 2.230582
v 17.400000 19.600000 2.226683
v 17.600000 19.600000 2.232317
v 17.800000 19.600000 2.223938
v 18.000000 19.600000 2.222122
v 18.200000 19.600000 2.222484
v 18.400000 19.600000 2.236793
v 18.600000 19.600000 2.237328
v 18.800000 19.600000 2.222467
v 19.000000 19.600000 2.213961
v 19.200000 19.600000 2.210124
v 19.400000 19.600000 2.184423
v 19.600000 19.600000 2.147085
v 19.800000 19.600000 2.108340
v 0.000000 19.800000 0.311977
v 0.200000 19.800000 0.354489
v 0.400000 19.800000 0.433486
v 0.600000 19.800000 0.512474
v 0.800000 19.800000 0.572144
v 1.000000 19.800000 0.645087
v 1.200000 19.800000 0.707514
v 1.400000 19.800000 0.735221
v 1.600000 19.800000 0.715746
v 1.800000 19.800000 0.708629
v 2.000000 19.800000 0.740201
v 2.200000 19.800000 0.757221
v 2.400000 19.800000 0.765742
v 2.600000 19.800000 0.793548
v 2.800000 19.800000 0.845518
v 3.000000 19.800000 0.873732
v 3.200000 19.800000 0.886491
v 3.400000 19.800000 0.905667
v 3.600000 19.800000 0.882621
v 3.800000 19.800000 0.893816
v 4.000000 19.800000 0.939941
v 4.200000 19.800000 0.967643
v 4.400000 19.800000 1.011408
v 4.600000 19.800000 1.105495
v 4.800000 19.800000 1.193170
v 5.000000 19.800000 1.245637
v 5.200000 19.800000 1.295600
v 5.400000 19.800000 1.342879
v 5.600000 19.800000 1.364437
v 5.800000 19.800000 1.357274
v 6.000000 19.800000 1.392771
v 6.200000 19.800000 1.414048
v 6.400000 19.800000 1.396135
v 6.600000 19.800000 1.357856
v 6.800000 19.800000 1.315975
v 7.000000 19.800000 1.312374
v 7.200000 19.800000 1.274765
v 7.400000 19.800000 1.217797
v 7.600000 19.800000 1.185636
v 7.800000 19.800000 1.130236
v 8.000000 19.800000 1.061201
v 8.200000 19.800000 1.020184
v 8.400000 19.800000 0.982434
v 8.600000 19.800000 0.969833
v 8.800000 19.800000 0.944196
v 9.000000 19.800000 0.923232
v 9.200000 19.800000 0.974831
v 9.400000 19.800000 1.040672
v 9.600000 19.800000 1.092498
v 9.800000 19.800000 1.135982
v 10.000000 19.800000 1.139102
v 10.200000 19.800000 1.125391
v 10.400000 19.800000 1.161148
v 10.600000 19.800000 1.194787
v 10.800000 19.800000 1.246193
v 11.000000 19.800000 1.300455
v 11.200000 19.800000 1.311882
v 11.400000 19.800000 1.267074
v 11.600000 19.800000 1.278551
v 11.800000 19.800000 1.366168
v 12.000000 19.800000 1.434624
v 12.200000 19.800000 1.447213
v 12.400000 19.800000 1.466282
v 12.600000 19.800000 1.518821
v 12.800000 19.800000 1.550973
v 13.000000 19.800000 1.540554
v 13.200000 19.800000 1.493063
v 13.400000 19.800000 1.461042
v 13.600000 19.800000 1.467420
v 13.800000 19.800000 1.492998
v 14.000000 19.800000 1.519047
v 14.200000 19.800000 1.579779
v 14.400000 19.800000 1.664301
v 14.600000 19.800000 1.752032
v 14.800000 19.800000 1.820685
v 15.000000 19.800000 1.867336
v 15.200000 19.800000 1.922076
v 15.400000 19.800000 1.992046
v 15.600000 19.800000 2.031656
v 15.800000 19.800000 2.049264
v 16.000000 19.800000 2.063810
v 16.200000 19.800000 2.084495
v 16.400000 19.800000 2.116040
v 16.600000 19.800000 2.145807
v 16.800000 19.800000 2.140920
v 17.000000 19.800000 2.166820
v 17.200000 19.800000 2.184755
v 17.400000 19.800000 2.183765
v 17.600000 19.800000 2.202679
v 17.800000 19.800000 2.211816
v 18.000000 19.800000 2.198449
v 18.200000 19.800000 2.202757
v 18.400000 19.800000 2.241913
v 18.600000 19.800000 2.252102
v 18.800000 19.800000 2.211190
v 19.000000 19.800000 2.191243
v 19.200000 19.800000 2.180218
v 19.400000 19.800000 2.153866
v 19.600000 19.800000 2.106690
v 19.800000 19.800000 2.056122
f 1 2 101
f 2 102 101
f 2 3 102
f 3 103 102
f 3 4 103
f 4 104 103
f 4 5 104
f 5 105 104
f 5 6 105
f 6 106 105
f 6 7 106
f 7 107 106
f 7 8 107
f 8 108 107
f 8 9 108
f 9 109 108
f 9 10 109
f 10 110 109
f 10 11 110
f 11 111 110
f 11 12 111
f 12 112 111
f 12 13 112
f 13 113 112
f 13 14 113
f 14 114 113
f 14 15 114
f 15 115 114
f 15 16 115
f 16 116 115
f 16 17 116
f 17 117 116
f 17 18 117
f 18 118 117
f 18 19 118
f 19 119 118
f 19 20 119
f 20 120 119
f 20 21 120
f 21 121 120
f 21 22 121
f 22 122 121
f 22 23 122
f 23 123 122
f 23 24 123
f 24 124 123
f 24 25 124
f 25 125 124
f 25 26 125
f 26 126 125
f 26 27 126
f 27 127 126
f 27 28 127
f 28 128 127
f 28 29 128
f 29 129 128
f 29 30 129
f 30 130 129
f 30 31 130
f 31 131 130
f 31 32 131
f 32 132 131
f 32 33 132
f 33 133 132
f 33 34 133
f 34 134 133
f 34 35 134
f 35 135 134
f 35 36 135
f 36 136 135
f 36 37 136
f 37 137 136
f 37 38 137
f 38 138 137
f 38 39 138
f 39 139 138
f 39 40 139
f 40 140 139
f 40 41 140
f 41 141 140
f 41 42 141
f 42 142 141
f 42 43 142
f 43 143 142
f 43 44 143
f 44 144 143
f 44 45 144
f 45 145 144
f 45 46 145
f 46 146 145
f 46 47 146
f 47 147 146
f 47 48 147
f 48 148 147
f 48 49 148
f 49 149 148
f 49 50 149
f 50 150 149
f 50 51 150
f 51 151 150
f 51 52 151
f 52 152 151
f 52 53 152
f 53 153 152
f 53 54 153
f 54 154 153
f 54 55 154
f 55 155 154
f 55 56 155
f 56 156 155
f 56 57 156
f 57 157 156
f 57 58 157
f 58 158 157
f 58 59 158
f 59 159 158
f 59 60 159
f 60 160 159
f 60 61 160
f 61 161 160
f 61 62 161
f 62 162 161
f 62 63 162
f 63 163 162
f 63 64 163
f 64 164 163
f 64 65 164
f 65 165 164
f 65 66 165
f 66 166 165
f 66 67 166
f 67 167 166
f 67 68 167
f 68 168 167
f 68 69 168
f 69 169 168
f 69 70 169
f 70 170 169
f 70 71 170
f 71 171 170
f 71 72 171
f 72 172 171
f 72 73 172
f 73 173 172
f 73 74 173
f 74 174 173
f 74 75 174
f 75 175 174
f 75 76 175
f 76 176 175
f 76 77 176
f 77 177 176
f 77 78 177
f 78 178 177
f 78 79 178
f 79 179 178
f 79 80 179
f 80 180 179
f 80 81 180
f 81 181 180
f 81 82 181
f 82 182 181
f 82 83 182
f 83 183 182
f 83 84 183
f 84 184 183
f 84 85 184
f 85 185 184
f 85 86 185
f 86 186 185
f 86 87 186
f 87 187 186
f 87 88 187
f 88 188 187
f 88 89 188
f 89 189 188
f 89 90 189
f 90 190 189
f 90 91 190
f 91 191 190
f 91 92 191
f 92 192 191
f 92 93 192
f 93 193 192
f 93 94 193
f 94 194 193
f 94 95 194
f 95 195 194
f 95 96 195
f 96 196 195
f 96 97 196
f 97 197 196
f 97 98 197
f 98 198 197
f 98 99 198
f 99 199 198
f 99 100 199
f 100 200 199
f 101 102 201
f 102 202 201
f 102 103 202
f 103 203 202
f 103 104 203
f 104 204 203
f 104 105 204
f 105 205 204
f 105 106 205
f 106 206 205
f 106 107 206
f 107 207 206
f 107 108 207
f 108 208 207
f 108 109 208
f 109 209 208
f 109 110 209
f 110 210 209
f 110 111 210
f 111 211 210
f 111 112 211
f 112 212 211
f 112 113 212
f 113 213 212
f 113 114 213
f 114 214 213
f 114 115 214
f 115 215 214
f 115 116 215
f 116 216 215
f 116 117 216
f 117 217 216
f 117 118 217
f 118 218 217
f 118 119 218
f 119 219 218
f 119 120 219
f 120 220 219
f 120 121 220
f 121 221 220
f 121 122 221
f 122 222 221
f 122 123 222
f 123 223 222
f 123 124 223
f 124 224 223
f 124 125 224
f 125 225 224
f 125 126 225
f 126 226 225
f 126 127 226
f 127 227 226
f 127 128 227
f 128 228 227
f 128 129 228
f 129 229 228
f 129 130 229
f 130 230 229
f 130 131 230
f 131 231 230
f 131 132 231
f 132 232 231
f 132 133 232
f 133 233 232
f 133 134 233
f 134 234 233
f 134 135 234
f 135 235 234
f 135 136 235
f 136 236 235
f 136 137 236
f 137 237 236
f 137 138 237
f 138 238 237
f 138 139 238
f 139 239 238
f 139 140 239
f 140 240 239
f 140 141 240
f 141 241 240
f 141 142 241
f 142 242 241
f 142 143 242
f 143 243 242
f 143 144 243
f 144 244 243
f 144 145 244
f 145 245 244
f 145 146 245
f 146 246 245
f 146 147 246
f 147 247 246
f 147 148 247
f 148 248 247
f 148 149 248
f 149 249 248
f 149 150 249
f 150 250 249
f 150 151 250
f 151 251 250
f 151 152 251
f 152 252 251
f 152 153 252
f 153 253 252
f 153 154 253
f 154 254 253
f 154 155 254
f 155 255 254
f 155 156 255
f 156 256 255
f 156 157 256
f 157 257 256
f 157 158 257
f 158 258 257
f 158 159 258
f 159 259 258
f 159 160 259
f 160 260 259
f 160 161 260
f 161 261 260
f 161 162 261
f 162 262 261
f 162 163 262
f 163 263 262
f 163 164 263
f 164 264 263
f 164 165 264
f 165 265 264
f 165 166 265
f 166 266 265
f 166 167 266
f 167 267 266
f 167 168 267
f 168 268 267
f 168 169 268
f 169 269 268
f 169 170 269
f 170 270 269
f 170 171 270
f 171 271 270
f 171 172 271
f 172 272 271
f 172 173 272
f 173 273 272
f 173 174 273
f 174 274 273
f 174 175 274
f 175 275 274
f 175 176 275
f 176 276 275
f 176 177 276
f 177 277 276
f 177 178 277
f 178 278 277
f 178 179 278
f 179 279 278
f 179 180 279
f 180 280 279
f 180 181 280
f 181 281 280
f 181 182 281
f 182 282 281
f 182 183 282
f 183 283 282
f 183 184 283
f 184 284 283
f 184 185 284
f 185 285 284
f 185 186 285
f 186 286 285
f 186 187 286
f 187 287 286
f 187 188 287
f 188 288 287
f 188 189 288
f 189 289 288
f 189 190 289
f 190 290 289
f 190 191 290
f 191 291 290
f 191 192 291
f 192 292 291
f 192 193 292
f 193 293 292
f 193 194 293
f 194 294 293
f 194 195 294
f 195 295 294
f 195 196 295
f 196 296 295
f 196 197 296
f 197 297 296
f 197 198 297
f 198 298 297
f 198 199 298
f 199 299 298
f 199 200 299
f 200 300 299
f 201 202 301
f 202 302 301
f 202 203 302
f 203 303 302
f 203 204 303
f 204 304 303
f 204 205 304
f 205 305 304
f 205 206 305
f 206 306 305
f 206 207 306
f 207 307 306
f 207 208 307
f 208 308 307
f 208 209 308
f 209 309 308
f 209 210 309
f 210 310 309
f 210 211 310
f 211 311 310
f 211 212 311
f 212 312 311
f 212 213 312
f 213 313 312
f 213 214 313
f 214 314 313
f 214 215 314
f 215 315 314
f 215 216 315
f 216 316 315
f 216 217 316
f 217 317 316
f 217 218 317
f 218 318 317
f 218 219 318
f 219 319 318
f 219 220 319
f 220 320 319
f 220 221 320
f 221 321 320
f 221 222 321
f 222 322 321
f 222 223 322
f 223 323 322
f 223 224 323
f 224 324 323
f 224 225 324
f 225 325 324
f 225 226 325
f 226 326 325
f 226 227 326
f 227 327 326
f 227 228 327
f 228 328 327
f 228 229 328
f 229 329 328
f 229 230 329
f 230 330 329
f 230 231 330
f 231 331 330
f 231 232 331
f 232 332 331
f 232 233 332
f 233 333 332
f 233 234 333
f 234 334 333
f 234 235 334
f 235 335 334
f 235 236 335
f 236 336 335
f 236 237 336
f 237 337 336
f 237 238 337
f 238 338 337
f 238 239 338
f 239 339 338
f 239 240 339
f 240 340 339
f 240 241 340
f 241 341 340
f 241 242 341
f 242 342 341
f 242 243 342
f 243 343 342
f 243 244 343
f 244 344 343
f 244 245 344
f 245 345 344
f 245 246 345
f 246 346 345
f 246 247 346
f 247 347 346
f 247 248 347
f 248 348 347
f 248 249 348
f 249 349 348
f 249 250 349
f 250 350 349
f 250 251 350
f 251 351 350
f 251 252 351
f 252 352 351
f 252 253 352
f 253 353 352
f 253 254 353
f 254 354 353
f 254 255 354
f 255 355 354
f 255 256 355
f 256 356 355
f 256 257 356
f 257 357 356
f 257 258 357
f 258 358 357
f 258 259 358
f 259 359 358
f 259 260 359
f 260 360 359
f 260 261 360
f 261 361 360
f 261 262 361
f 262 362 361
f 262 263 362
f 263 363 362
f 263 264 363
f 264 364 363
f 264 265 364
f 265 365 364
f 265 266 365
f 266 366 365
f 266 267 366
f 267 367 366
f 267 268 367
f 268 368 367
f 268 269 368
f 269 369 368
f 269 270 369
f 270 370 369
f 270 271 370
f 271 371 370
f 271 272 371
f 272 372 371
f 272 273 372
f 273 373 372
f 273 274 373
f 274 374 373
f 274 275 374
f 275 375 374
f 275 276 375
f 276 376 375
f 276 277 376
f 277 377 376
f 277 278 377
f 278 378 377
f 278 279 378
f 279 379 378
f 279 280 379
f 280 380 379
f 280 281 380
f 281 381 380
f 281 282 381
f 282 382 381
f 282 283 382
f 283 383 382
f 283 284 383
f 284 384 383
f 284 285 384
f 285 385 384
f 285 286 385
f 286 386 385
f 286 287 386
f 287 387 386
f 287 288 387
f 288 388 387
f 288 289 388
f 289 389 388
f 289 290 389
f 290 390 389
f 290 291 390
f 291 391 390
f 291 292 391
f 292 392 391
f 292 293 392
f 293 393 392
f 293 294 393
f 294 394 393
f 294 295 394
f 295 395 394
f 295 296 395
f 296 396 395
f 296 297 396
f 297 397 396
f 297 298 397
f 298 398 397
f 298 299 398
f 299 399 398
f 299 300 399
f 300 400 399
f 301 302 401
f 302 402 401
f 302 303 402
f 303 403 402
f 303 304 403
f 304 404 403
f 304 305 404
f 305 405 404
f 305 306 405
f 306 406 405
f 306 307 406
f 307 407 406
f 307 308 407
f 308 408 407
f 308 309 408
f 309 409 408
f 309 310 409
f 310 410 409
f 310 311 410
f 311 411 410
f 311 312 411
f 312 412 411
f 312 313 412
f 313 413 412
f 313 314 413
f 314 414 413
f 314 315 414
f 315 415 414
f 315 316 415
f 316 416 415
f 316 317 416
f 317 417 416
f 317 318 417
f 318 418 417
f 318 319 418
f 319 419 418
f 319 320 419
f 320 420 419
f 320 321 420
f 321 421 420
f 321 322 421
f 322 422 421
f 322 323 422
f 323 423 422
f 323 324 423
f 324 424 423
f 324 325 424
f 325 425 424
f 325 326 425
f 326 426 425
f 326 327 426
f 327 427 426
f 327 328 427
f 328 428 427
f 328 329 428
f 329 429 428
f 329 330 429
f 330 430 429
f 330 331 430
f 331 431 430
f 331 332 431
f 332 432 431
f 332 333 432
f 333 433 432
f 333 334 433
f 334 434 433
f 334 335 434
f 335 435 434
f 335 336 435
f 336 436 435
f 336 337 436
f 337 437 436
f 337 338 437
f 338 438 437
f 338 339 438
f 339 439 438
f 339 340 439
f 340 440 439
f 340 341 440
f 341 441 440
f 341 342 441
f 342 442 441
f 342 343 442
f 343 443 442
f 343 344 443
f 344 444 443
f 344 345 444
f 345 445 444
f 345 346 445
f 346 446 445
f 346 347 446
f 347 447 446
f 347 348 447
f 348 448 447
f 348 349 448
f 349 449 448
f 349 350 449
f 350 450 449
f 350 351 450
f 351 451 450
f 351 352 451
f 352 452 451
f 352 353 452
f 353 453 452
f 353 354 453
f 354 454 453
f 354 355 454
f 355 455 454
f 355 356 455
f 356 456 455
f 356 357 456
f 357 457 456
f 357 358 457
f 358 458 457
f 358 359 458
f 359 459 458
f 359 360 459
f 360 460 459
f 360 361 460
f 361 461 460
f 361 362 461
f 362 462 461
f 362 363 462
f 363 463 462
f 363 364 463
f 364 464 463
f 364 365 464
f 365 465 464
f 365 366 465
f 366 466 465
f 366 367 466
f 367 467 466
f 367 368 467
f 368 468 467
f 368 369 468
f 369 469 468
f 369 370 469
f 370 470 469
f 370 371 470
f 371 471 470
f 371 372 471
f 372 472 471
f 372 373 472
f 373 473 472
f 373 374 473
f 374 474 473
f 374 375 474
f 375 475 474
f 375 376 475
f 376 476 475
f 376 377 476
f 377 477 476
f 377 378 477
f 378 478 477
f 378 379 478
f 379 479 478
f 379 380 479
f 380 480 479
f 380 381 480
f 381 481 480
f 381 382 481
f 382 482 481
f 382 383 482
f 383 483 482
f 383 384 483
f 384 484 483
f 384 385 484
f 385 485 484
f 385 386 485
f 386 486 485
f 386 387 486
f 387 487 486
f 387 388 487
f 388 488 487
f 388 389 488
f 389 489 488
f 389 390 489
f 390 490 489
f 390 391 490
f 391 491 490
f 391 392 491
f 392 492 491
f 392 393 492
f 393 493 492
f 393 394 493
f 394 494 493
f 394 395 494
f 395 495 494
f 395 396 495
f 396 496 495
f 396 397 496
f 397 497 496
f 397 398 497
f 398 498 497
f 398 399 498
f 399 499 498
f 399 400 499
f 400 500 499
f 401 402 501
f 402 502 501
f 402 403 502
f 403 503 502
f 403 404 503
f 404 504 503
f 404 405 504
f 405 505 504
f 405 406 505
f 406 506 505
f 406 407 506
f 407 507 506
f 407 408 507
f 408 508 507
f 408 409 508
f 409 509 508
f 409 410 509
f 410 510 509
f 410 411 510
f 411 511 510
f 411 412 511
f 412 512 511
f 412 413 512
f 413 513 512
f 413 414 513
f 414 514 513
f 414 415 514
f 415 515 514
f 415 416 515
f 416 516 515
f 416 417 516
f 417 517 516
f 417 418 517
f 418 518 517
f 418 419 518
f 419 519 518
f 419 420 519
f 420 520 519
f 420 421 520
f 421 521 520
f 421 422 521
f 422 522 521
f 422 423 522
f 423 523 522
f 423 424 523
f 424 524 523
f 424 425 524
f 425 525 524
f 425 426 525
f 426 526 525
f 426 427 526
f 427 527 526
f 427 428 527
f 428 528 527
f 428 429 528
f 429 529 528
f 429 430 529
f 430 530 529
f 430 431 530
f 431 531 530
f 431 432 531
f 432 532 531
f 432 433 532
f 433 533 532
f 433 434 533
f 434 534 533
f 434 435 534
f 435 535 534
f 435 436 535
f 436 536 535
f 436 437 536
f 437 537 536
f 437 438 537
f 438 538 537
f 438 439 538
f 439 539 538
f 439 440 539
f 440 540 539
f 440 441 540
f 441 541 540
f 441 442 541
f 442 542 541
f 442 443 542
f 443 543 542
f 443 444 543
f 444 544 543
f 444 445 544
f 445 545 544
f 445 446 545
f 446 546 545
f 446 447 546
f 447 547 546
f 447 448 547
f 448 548 547
f 448 449 548
f 449 549 548
f 449 450 549
f 450 550 549
f 450 451 550
f 451 551 550
f 451 452 551
f 452 552 551
f 452 453 552
f 453 553 552
f 453 454 553
f 454 554 553
f 454 455 554
f 455 555 554
f 455 456 555
f 456 556 555
f 456 457 556
f 457 557 556
f 457 458 557
f 458 558 557
f 458 459 558
f 459 559 558
f 459 460 559
f 460 560 559
f 460 461 560
f 461 561 560
f 461 462 561
f 462 562 561
f 462 463 562
f 463 563 562
f 463 464 563
f 464 564 563
f 464 465 564
f 465 565 564
f 465 466 565
f 466 566 565
f 466 467 566
f 467 567 566
f 467 468 567
f 468 568 567
f 468 469 568
f 469 569 568
f 469 470 569
f 470 570 569
f 470 471 570
f 471 571 570
f 471 472 571
f 472 572 571
f 472 473 572
f 473 573 572
f 473 474 573
f 474 574 573
f 474 475 574
f 475 575 574
f 475 476 575
f 476 576 575
f 476 477 576
f 477 577 576
f 477 478 577
f 478 578 577
f 478 479 578
f 479 579 578
f 479 480 579
f 480 580 579
f 480 481 580
f 481 581 580
f 481 482 581
f 482 582 581
f 482 483 582
f 483 583 582
f 483 484 583
f 484 584 583
f 484 485 584
f 485 585 584
f 485 486 585
f 486 586 585
f 486 487 586
f 487 587 586
f 487 488 587
f 488 588 587
f 488 489 588
f 489 589 588
f 489 490 589
f 490 590 589
f 490 491 590
f 491 591 590
f 491 492 591
f 492 592 591
f 492 493 592
f 493 593 592
f 493 494 593
f 494 594 593
f 494 495 594
f 495 595 594
f 495 496 595
f 496 596 595
f 496 497 596
f 497 597 596
f 497 498 597
f 498 598 597
f 498 499 598
f 499 599 598
f 499 500 599
f 500 600 599
f 501 502 601
f 502 602 601
f 502 503 602
f 503 603 602
f 503 504 603
f 504 604 603
f 504 505 604
f 505 605 604
f 505 506 605
f 506 606 605
f 506 507 606
f 507 607 606
f 507 508 607
f 508 608 607
f 508 509 608
f 509 609 608
f 509 510 609
f 510 610 609
f 510 511 610
f 511 611 610
f 511 512 611
f 512 612 611
f 512 513 612
f 513 613 612
f 513 514 613
f 514 614 613
f 514 515 614
f 515 615 614
f 515 516 615
f 516 616 615
f 516 517 616
f 517 617 616
f 517 518 617
f 518 618 617
f 518 519 618
f 519 619 618
f 519 520 619
f 520 620 619
f 520 521 620
f 521 621 620
f 521 522 621
f 522 622 621
f 522 523 622
f 523 623 622
f 523 524 623
f 524 624 623
f 524 525 624
f 525 625 624
f 525 526 625
f 526 626 625
f 526 527 626
f 527 627 626
f 527 528 627
f 528 628 627
f 528 529 628
f 529 629 628
f 529 530 629
f 530 630 629
f 530 531 630
f 531 631 630
f 531 532 631
f 532 632 631
f 532 533 632
f 533 633 632
f 533 534 633
f 534 634 633
f 534 535 634
f 535 635 634
f 535 536 635
f 536 636 635
f 536 537 636
f 537 637 636
f 537 538 637
f 538 638 637
f 538 539 638
f 539 639 638
f 539 540 639
f 540 640 639
f 540 541 640
f 541 641 640
f 541 542 641
f 542 642 641
f 542 543 642
f 543 643 642
f 543 544 643
f 544 644 643
f 544 545 644
f 545 645 644
f 545 546 645
f 546 646 645
f 546 547 646
f 547 647 646
f 547 548 647
f 548 648 647
f 548 549 648
f 549 649 648
f 549 550 649
f 550 650 649
f 550 551 650
f 551 651 650
f 551 552 651
f 552 652 651
f 552 553 652
f 553 653 652
f 553 554 653
f 554 654 653
f 554 555 654
f 555 655 654
f 555 556 655
f 556 656 655
f 556 557 656
f 557 657 656
f 557 558 657
f 558 658 657
f 558 559 658
f 559 659 658
f 559 560 659
f 560 660 659
f 560 561 660
f 561 661 660
f 561 562 661
f 562 662 661
f 562 563 662
f 563 663 662
f 563 564 663
f 564 664 663
f 564 565 664
f 565 665 664
f 565 566 665
f 566 666 665
f 566 567 666
f 567 667 666
f 567 568 667
f 568 668 667
f 568 569 668
f 569 669 668
f 569 570 669
f 570 670 669
f 570 571 670
f 571 671 670
f 571 572 671
f 572 672 671
f 572 573 672
f 573 673 672
f 573 574 673
f 574 674 673
f 574 575 674
f 575 675 674
f 575 576 675
f 576 676 675
f 576 577 676
f 577 677 676
f 577 578 677
f 578 678 677
f 578 579 678
f 579 679 678
f 579 580 679
f 580 680 679
f 580 581 680
f 581 681 680
f 581 582 681
f 582 682 681
f 582 583 682
f 583 683 682
f 583 584 683
f 584 684 683
f 584 585 684
f 585 685 684
f 585 586 685
f 586 686 685
f 586 587 686
f 587 687 686
f 587 588 687
f 588 688 687
f 588 589 688
f 589 689 688
f 589 590 689
f 590 690 689
f 590 591 690
f 591 691 690
f 591 592 691
f 592 692 691
f 592 593 692
f 593 693 692
f 593 594 693
f 594 694 693
f 594 595 694
f 595 695 694
f 595 596 695
f 596 696 695
f 596 597 696
f 597 697 696
f 597 598 697
f 598 698 697
f 598 599 698
f 599 699 698
f 599 600 699
f 600 700 699
f 601 602 701
f 602 702 701
f 602 603 702
f 603 703 702
f 603 604 703
f 604 704 703
f 604 605 704
f 605 705 704
f 605 606 705
f 606 706 705
f 606 607 706
f 607 707 706
f 607 608 707
f 608 708 707
f 608 609 708
f 609 709 708
f 609 610 709
f 610 710 709
f 610 611 710
f 611 711 710
f 611 612 711
f 612 712 711
f 612 613 712
f 613 713 712
f 613 614 713
f 614 714 713
f 614 615 714
f 615 715 714
f 615 616 715
f 616 716 715
f 616 617 716
f 617 717 716
f 617 618 717
f 618 718 717
f 618 619 718
f 619 719 718
f 619 620 719
f 620 720 719
f 620 621 720
f 621 721 720
f 621 622 721
f 622 722 721
f 622 623 722
f 623 723 722
f 623 624 723
f 624 724 723
f 624 625 724
f 625 725 724
f 625 626 725
f 626 726 725
f 626 627 726
f 627 727 726
f 627 628 727
f 628 728 727
f 628 629 728
f 629 729 728
f 629 630 729
f 630 730 729
f 630 631 730
f 631 731 730
f 631 632 731
f 632 732 731
f 632 633 732
f 633 733 732
f 633 634 733
f 634 734 733
f 634 635 734
f 635 735 734
f 635 636 735
f 636 736 735
f 636 637 736
f 637 737 736
f 637 638 737
f 638 738 737
f 638 639 738
f 639 739 738
f 639 640 739
f 640 740 739
f 640 641 740
f 641 741 740
f 641 642 741
f 642 742 741
f 642 643 742
f 643 743 742
f 643 644 743
f 644 744 743
f 644 645 744
f 645 745 744
f 645 646 745
f 646 746 745
f 646 647 746
f 647 747 746
f 647 648 747
f 648 748 747
f 648 649 748
f 649 749 748
f 649 650 749
f 650 750 749
f 650 651 750
f 651 751 750
f 651 652 751
f 652 752 751
f 652 653 752
f 653 753 752
f 653 654 753
f 654 754 753
f 654 655 754
f 655 755 754
f 655 656 755
f 656 756 755
f 656 657 756
f 657 757 756
f 657 658 757
f 658 758 757
f 658 659 758
f 659 759 758
f 659 660 759
f 660 760 759
f 660 661 760
f 661 761 760
f 661 662 761
f 662 762 761
f 662 663 762
f 663 763 762
f 663 664 763
f 664 764 763
f 664 665 764
f 665 765 764
f 665 666 765
f 666 766 765
f 666 667 766
f 667 767 766
f 667 668 767
f 668 768 767
f 668 669 768
f 669 769 768
f 669 670 769
f 670 770 769
f 670 671 770
f 671 771 770
f 671 672 771
f 672 772 771
f 672 673 772
f 673 773 772
f 673 674 773
f 674 774 773
f 674 675 774
f 675 775 774
f 675 676 775
f 676 776 775
f 676 677 776
f 677 777 776
f 677 678 777
f 678 778 777
f 678 679 778
f 679 779 778
f 679 680 779
f 680 780 779
f 680 681 780
f 681 781 780
f 681 682 781
f 682 782 781
f 682 683 782
f 683 783 782
f 683 684 783
f 684 784 783
f 684 685 784
f 685 785 784
f 685 686 785
f 686 786 785
f 686 687 786
f 687 787 786
f 687 688 787
f 688 788 787
f 688 689 788
f 689 789 788
f 689 690 789
f 690 790 789
f 690 691 790
f 691 791 790
f 691 692 791
f 692 792 791
f 692 693 792
f 693 793 792
f 693 694 793
f 694 794 793
f 694 695 794
f 695 795 794
f 695 696 795
f 696 796 795
f 696 697 796
f 697 797 796
f 697 698 797
f 698 798 797
f 698 699 798
f 699 799 798
f 699 700 799
f 700 800 799
f 701 702 801
f 702 802 801
f 702 703 802
f 703 803 802
f 703 704 803
f 704 804 803
f 704 705 804
f 705 805 804
f 705 706 805
f 706 806 805
f 706 707 806
f 707 807 806
f 707 708 807
f 708 808 807
f 708 709 808
f 709 809 808
f 709 710 809
f 710 810 809
f 710 711 810
f 711 811 810
f 711 712 811
f 712 812 811
f 712 713 812
f 713 813 812
f 713 714 813
f 714 814 813
f 714 715 814
f 715 815 814
f 715 716 815
f 716 816 815
f 716 717 816
f 717 817 816
f 717 718 817
f 718 818 817
f 718 719 818
f 719 819 818
f 719 720 819
f 720 820 819
f 720 721 820
f 721 821 820
f 721 722 821
f 722 822 821
f 722 723 822
f 723 823 822
f 723 724 823
f 724 824 823
f 724 725 824
f 725 825 824
f 725 726 825
f 726 826 825
f 726 727 826
f 727 827 826
f 727 728 827
f 728 828 827
f 728 729 828
f 729 829 828
f 729 730 829
f 730 830 829
f 730 731 830
f 731 831 830
f 731 732 831
f 732 832 831
f 732 733 832
f 733 833 832
f 733 734 833
f 734 834 833
f 734 735 834
f 735 835 834
f 735 736 835
f 736 836 835
f 736 737 836
f 737 837 836
f 737 738 837
f 738 838 837
f 738 739 838
f 739 839 838
f 739 740 839
f 740 840 839
f 740 741 840
f 741 841 840
f 741 742 841
f 742 842 841
f 742 743 842
f 743 843 842
f 743 744 843
f 744 844 843
f 744 745 844
f 745 845 844
f 745 746 845
f 746 846 845
f 746 747 846
f 747 847 846
f 747 748 847
f 748 848 847
f 748 749 848
f 749 849 848
f 749 750 849
f 750 850 849
f 750 751 850
f 751 851 850
f 751 752 851
f 752 852 851
f 752 753 852
f 753 853 852
f 753 754 853
f 754 854 853
f 754 755 854
f 755 855 854
f 755 756 855
f 756 856 855
f 756 757 856
f 757 857 856
f 757 758 857
f 758 858 857
f 758 759 858
f 759 859 858
f 759 760 859
f 760 860 859
f 760 761 860
f 761 861 860
f 761 762 861
f 762 862 861
f 762 763 862
f 763 863 862
f 763 764 863
f 764 864 863
f 764 765 864
f 765 865 864
f 765 766 865
f 766 866 865
f 766 767 866
f 767 867 866
f 767 768 867
f 768 868 867
f 768 769 868
f 769 869 868
f 769 770 869
f 770 870 869
f 770 771 870
f 771 871 870
f 771 772 871
f 772 872 871
f 772 773 872
f 773 873 872
f 773 774 873
f 774 874 873
f 774 775 874
f 775 875 874
f 775 776 875
f 776 876 875
f 776 777 876
f 777 877 876
f 777 778 877
f 778 878 877
f 778 779 878
f 779 879 878
f 779 780 879
f 780 880 879
f 780 781 880
f 781 881 880
f 781 782 881
f 782 882 881
f 782 783 882
f 783 883 882
f 783 784 883
f 784 884 883
f 784 785 884
f 785 885 884
f 785 786 885
f 786 886 885
f 786 787 886
f 787 887 886
f 787 788 887
f 788 888 887
f 788 789 888
f 789 889 888
f 789 790 889
f 790 890 889
f 790 791 890
f 791 891 890
f 791 792 891
f 792 892 891
f 792 793 892
f 793 893 892
f 793 794 893
f 794 894 893
f 794 795 894
f 795 895 894
f 795 796 895
f 796 896 895
f 796 797 896
f 797 897 896
f 797 798 897
f 798 898 897
f 798 799 898
f 799 899 898
f 799 800 899
f 800 900 899
f 801 802 901
f 802 902 901
f 802 803 902
f 803 903 902
f 803 804 903
f 804 904 903
f 804 805 904
f 805 905 904
f 805 806 905
f 806 906 905
f 806 807 906
f 807 907 906
f 807 808 907
f 808 908 907
f 808 809 908
f 809 909 908
f 809 810 909
f 810 910 909
f 810 811 910
f 811 911 910
f 811 812 911
f 812 912 911
f 812 813 912
f 813 913 912
f 813 814 913
f 814 914 913
f 814 815 914
f 815 915 914
f 815 816 915
f 816 916 915
f 816 817 916
f 817 917 916
f 817 818 917
f 818 918 917
f 818 819 918
f 819 919 918
f 819 820 919
f 820 920 919
f 820 821 920
f 821 921 920
f 821 822 921
f 822 922 921
f 822 823 922
f 823 923 922
f 823 824 923
f 824 924 923
f 824 825 924
f 825 925 924
f 825 826 925
f 826 926 925
f 826 827 926
f 827 927 926
f 827 828 927
f 828 928 927
f 828 829 928
f 829 929 928
f 829 830 929
f 830 930 929
f 830 831 930
f 831 931 930
f 831 832 931
f 832 932 931
f 832 833 932
f 833 933 932
f 833 834 933
f 834 934 933
f 834 835 934
f 835 935 934
f 835 836 935
f 836 936 935
f 836 837 936
f 837 937 936
f 837 838 937
f 838 938 937
f 838 839 938
f 839 939 938
f 839 840 939
f 840 940 939
f 840 841 940
f 841 941 940
f 841 842 941
f 842 942 941
f 842 843 942
f 843 943 942
f 843 844 943
f 844 944 943
f 844 845 944
f 845 945 944
f 845 846 945
f 846 946 945
f 846 847 946
f 847 947 946
f 847 848 947
f 848 948 947
f 848 849 948
f 849 949 948
f 849 850 949
f 850 950 949
f 850 851 950
f 851 951 950
f 851 852 951
f 852 952 951
f 852 853 952
f 853 953 952
f 853 854 953
f 854 954 953
f 854 855 954
f 855 955 954
f 855 856 955
f 856 956 955
f 856 857 956
f 857 957 956
f 857 858 957
f 858 958 957
f 858 859 958
f 859 959 958
f 859 860 959
f 860 960 959
f 860 861 960
f 861 961 960
f 861 862 961
f 862 962 961
f 862 863 962
f 863 963 962
f 863 864 963
f 864 964 963
f 864 865 964
f 865 965 964
f 865 866 965
f 866 966 965
f 866 867 966
f 867 967 966
f 867 868 967
f 868 968 967
f 868 869 968
f 869 969 968
f 869 870 969
f 870 970 969
f 870 871 970
f 871 971 970
f 871 872 971
f 872 972 971
f 872 873 972
f 873 973 972
f 873 874 973
f 874 974 973
f 874 875 974
f 875 975 974
f 875 876 975
f 876 976 975
f 876 877 976
f 877 977 976
f 877 878 977
f 878 978 977
f 878 879 978
f 879 979 978
f 879 880 979
f 880 980 979
f 880 881 980
f 881 981 980
f 881 882 981
f 882 982 981
f 882 883 982
f 883 983 982
f 883 884 983
f 884 984 983
f 884 885 984
f 885 985 984
f 885 886 985
f 886 986 985
f 886 887 986
f 887 987 986
f 887 888 987
f 888 988 987
f 888 889 988
f 889 989 988
f 889 890 989
f 890 990 989
f 890 891 990
f 891 991 990
f 891 892 991
f 892 992 991
f 892 893 992
f 893 993 992
f 893 894 993
f 894 994 993
f 894 895 994
f 895 995 994
f 895 896 995
f 896 996 995
f 896 897 996
f 897 997 996
f 897 898 997
f 898 998 997
f 898 899 998
f 899 999 998
f 899 900 999
f 900 1000 999
f 901 902 1001
f 902 1002 1001
f 902 903 1002
f 903 1003 1002
f 903 904 1003
f 904 1004 1003
f 904 905 1004
f 905 1005 1004
f 905 906 1005
f 906 1006 1005
f 906 907 1006
f 907 1007 1006
f 907 908 1007
f 908 1008 1007
f 908 909 1008
f 909 1009 1008
f 909 910 1009
f 910 1010 1009
f 910 911 1010
f 911 1011 1010
f 911 912 1011
f 912 1012 1011
f 912 913 1012
f 913 1013 1012
f 913 914 1013
f 914 1014 1013
f 914 915 1014
f 915 1015 1014
f 915 916 1015
f 916 1016 1015
f 916 917 1016
f 917 1017 1016
f 917 918 1017
f 918 1018 1017
f 918 919 1018
f 919 1019 1018
f 919 920 1019
f 920 1020 1019
f 920 921 1020
f 921 1021 1020
f 921 922 1021
f 922 1022 1021
f 922 923 1022
f 923 1023 1022
f 923 924 1023
f 924 1024 1023
f 924 925 1024
f 925 1025 1024
f 925 926 1025
f 926 1026 1025
f 926 927 1026
f 927 1027 1026
f 927 928 1027
f 928 1028 1027
f 928 929 1028
f 929 1029 1028
f 929 930 1029
f 930 1030 1029
f 930 931 1030
f 931 1031 1030
f 931 932 1031
f 932 1032 1031
f 932 933 1032
f 933 1033 1032
f 933 934 1033
f 934 1034 1033
f 934 935 1034
f 935 1035 1034
f 935 936 1035
f 936 1036 1035
f 936 937 1036
f 937 1037 1036
f 937 938 1037
f 938 1038 1037
f 938 939 1038
f 939 1039 1038
f 939 940 1039
f 940 1040 1039
f 940 941 1040
f 941 1041 1040
f 941 942 1041
f 942 1042 1041
f 942 943 1042
f 943 1043 1042
f 943 944 1043
f 944 1044 1043
f 944 945 1044
f 945 1045 1044
f 945 946 1045
f 946 1046 1045
f 946 947 1046
f 947 1047 1046
f 947 948 1047
f 948 1048 1047
f 948 949 1048
f 949 1049 1048
f 949 950 1049
f 950 1050 1049
f 950 951 1050
f 951 1051 1050
f 951 952 1051
f 952 1052 1051
f 952 953 1052
f 953 1053 1052
f 953 954 1053
f 954 1054 1053
f 954 955 1054
f 955 1055 1054
f 955 956 1055
f 956 1056 1055
f 956 957 1056
f 957 1057 1056
f 957 958 1057
f 958 1058 1057
f 958 959 1058
f 959 1059 1058
f 959 960 1059
f 960 1060 1059
f 960 961 1060
f 961 1061 1060
f 961 962 1061
f 962 1062 1061
f 962 963 1062
f 963 1063 1062
f 963 964 1063
f 964 1064 1063
f 964 965 1064
f 965 1065 1064
f 965 966 1065
f 966 1066 1065
f 966 967 1066
f 967 1067 1066
f 967 968 1067
f 968 1068 1067
f 968 969 1068
f 969 1069 1068
f 969 970 1069
f 970 1070 1069
f 970 971 1070
f 971 1071 1070
f 971 972 1071
f 972 1072 1071
f 972 973 1072
f 973 1073 1072
f 973 974 1073
f 974 1074 1073
f 974 975 1074
f 975 1075 1074
f 975 976 1075
f 976 1076 1075
f 976 977 1076
f 977 1077 1076
f 977 978 1077
f 978 1078 1077
f 978 979 1078
f 979 1079 1078
f 979 980 1079
f 980 1080 1079
f 980 981 1080
f 981 1081 1080
f 981 982 1081
f 982 1082 1081
f 982 983 1082
f 983 1083 1082
f 983 984 1083
f 984 1084 1083
f 984 985 1084
f 985 1085 1084
f 985 986 1085
f 986 1086 1085
f 986 987 1086
f 987 1087 1086
f 987 988 1087
f 988 1088 1087
f 988 989 1088
f 989 1089 1088
f 989 990 1089
f 990 1090 1089
f 990 991 1090
f 991 1091 1090
f 991 992 1091
f 992 1092 1091
f 992 993 1092
f 993 1093 1092
f 993 994 1093
f 994 1094 1093
f 994 995 1094
f 995 1095 1094
f 995 996 1095
f 996 1096 1095
f 996 997 1096
f 997 1097 1096
f 997 998 1097
f 998 1098 1097
f 998 999 1098
f 999 1099 1098
f 999 1000 1099
f 1000 1100 1099
f 1001 1002 1101
f 1002 1102 1101
f 1002 1003 1102
f 1003 1103 1102
f 1003 1004 1103
f 1004 1104 1103
f 1004 1005 1104
f 1005 1105 1104
f 1005 1006 1105
f 1006 1106 1105
f 1006 1007 1106
f 1007 1107 1106
f 1007 1008 1107
f 1008 1108 1107
f 1008 1009 1108
f 1009 1109 1108
f 1009 1010 1109
f 1010 1110 1109
f 1010 1011 1110
f 1011 1111 1110
f 1011 1012 1111
f 1012 1112 1111
f 1012 1013 1112
f 1013 1113 1112
f 1013 1014 1113
f 1014 1114 1113
f 1014 1015 1114
f 1015 1115 1114
f 1015 1016 1115
f 1016 1116 1115
f 1016 1017 1116
f 1017 1117 1116
f 1017 1018 1117
f 1018 1118 1117
f 1018 1019 1118
f 1019 1119 1118
f 1019 1020 1119
f 1020 1120 1119
f 1020 1021 1120
f 1021 1121 1120
f 1021 1022 1121
f 1022 1122 1121
f 1022 1023 1122
f 1023 1123 1122
f 1023 1024 1123
f 1024 1124 1123
f 1024 1025 1124
f 1025 1125 1124
f 1025 1026 1125
f 1026 1126 1125
f 1026 1027 1126
f 1027 1127 1126
f 1027 1028 1127
f 1028 1128 1127
f 1028 1029 1128
f 1029 1129 1128
f 1029 1030 1129
f 1030 1130 1129
f 1030 1031 1130
f 1031 1131 1130
f 1031 1032 1131
f 1032 1132 1131
f 1032 1033 1132
f 1033 1133 1132
f 1033 1034 1133
f 1034 1134 1133
f 1034 1035 1134
f 1035 1135 1134
f 1035 1036 1135
f 1036 1136 1135
f 1036 1037 1136
f 1037 1137 1136
f 1037 1038 1137
f 1038 1138 1137
f 1038 1039 1138
f 1039 1139 1138
f 1039 1040 1139
f 1040 1140 1139
f 1040 1041 1140
f 1041 1141 1140
f 1041 1042 1141
f 1042 1142 1141
f 1042 1043 1142
f 1043 1143 1142
f 1043 1044 1143
f 1044 1144 1143
f 1044 1045 1144
f 1045 1145 1144
f 1045 1046 1145
f 1046 1146 1145
f 1046 1047 1146
f 1047 1147 1146
f 1047 1048 1147
f 1048 1148 1147
f 1048 1049 1148
f 1049 1149 1148
f 1049 1050 1149
f 1050 1150 1149
f 1050 1051 1150
f 1051 1151 1150
f 1051 1052 1151
f 1052 1152 1151
f 1052 1053 1152
f 1053 1153 1152
f 1053 1054 1153
f 1054 1154 1153
f 1054 1055 1154
f 1055 1155 1154
f 1055 1056 1155
f 1056 1156 1155
f 1056 1057 1156
f 1057 1157 1156
f 1057 1058 1157
f 1058 1158 1157
f 1058 1059 1158
f 1059 1159 1158
f 1059 1060 1159
f 1060 1160 1159
f 1060 1061 1160
f 1061 1161 1160
f 1061 1062 1161
f 1062 1162 1161
f 1062 1063 1162
f 1063 1163 1162
f 1063 1064 1163
f 1064 1164 1163
f 1064 1065 1164
f 1065 1165 1164
f 1065 1066 1165
f 1066 1166 1165
f 1066 1067 1166
f 1067 1167 1166
f 1067 1068 1167
f 1068 1168 1167
f 1068 1069 1168
f 1069 1169 1168
f 1069 1070 1169
f 1070 1170 1169
f 1070 1071 1170
f 1071 1171 1170
f 1071 1072 1171
f 1072 1172 1171
f 1072 1073 1172
f 1073 1173 1172
f 1073 1074 1173
f 1074 1174 1173
f 1074 1075 1174
f 1075 1175 1174
f 1075 1076 1175
f 1076 1176 1175
f 1076 1077 1176
f 1077 1177 1176
f 1077 1078 1177
f 1078 1178 1177
f 1078 1079 1178
f 1079 1179 1178
f 1079 1080 1179
f 1080 1180 1179
f 1080 1081 1180
f 1081 1181 1180
f 1081 1082 1181
f 1082 1182 1181
f 1082 1083 1182
f 1083 1183 1182
f 1083 1084 1183
f 1084 1184 1183
f 1084 1085 1184
f 1085 1185 1184
f 1085 1086 1185
f 1086 1186 1185
f 1086 1087 1186
f 1087 1187 1186
f 1087 1088 1187
f 1088 1188 1187
f 1088 1089 1188
f 1089 1189 1188
f 1089 1090 1189
f 1090 1190 1189
f 1090 1091 1190
f 1091 1191 1190
f 1091 1092 1191
f 1092 1192 1191
f 1092 1093 1192
f 1093 1193 1192
f 1093 1094 1193
f 1094 1194 1193
f 1094 1095 1194
f 1095 1195 1194
f 1095 1096 1195
f 1096 1196 1195
f 1096 1097 1196
f 1097 1197 1196
f 1097 1098 1197
f 1098 1198 1197
f 1098 1099 1198
f 1099 1199 1198
f 1099 1100 1199
f 1100 1200 1199
f 1101 1102 1201
f 1102 1202 1201
f 1102 1103 1202
f 1103 1203 1202
f 1103 1104 1203
f 1104 1204 1203
f 1104 1105 1204
f 1105 1205 1204
f 1105 1106 1205
f 1106 1206 1205
f 1106 1107 1206
f 1107 1207 1206
f 1107 1108 1207
f 1108 1208 1207
f 1108 1109 1208
f 1109 1209 1208
f 1109 1110 1209
f 1110 1210 1209
f 1110 1111 1210
f 1111 1211 1210
f 1111 1112 1211
f 1112 1212 1211
f 1112 1113 1212
f 1113 1213 1212
f 1113 1114 1213
f 1114 1214 1213
f 1114 1115 1214
f 1115 1215 1214
f 1115 1116 1215
f 1116 1216 1215
f 1116 1117 1216
f 1117 1217 1216
f 1117 1118 1217
f 1118 1218 1217
f 1118 1119 1218
f 1119 1219 1218
f 1119 1120 1219
f 1120 1220 1219
f 1120 1121 1220
f 1121 1221 1220
f 1121 1122 1221
f 1122 1222 1221
f 1122 1123 1222
f 1123 1223 1222
f 1123 1124 1223
f 1124 1224 1223
f 1124 1125 1224
f 1125 1225 1224
f 1125 1126 1225
f 1126 1226 1225
f 1126 1127 1226
f 1127 1227 1226
f 1127 1128 1227
f 1128 1228 1227
f 1128 1129 1228
f 1129 1229 1228
f 1129 1130 1229
f 1130 1230 1229
f 1130 1131 1230
f 1131 1231 1230
f 1131 1132 1231
f 1132 1232 1231
f 1132 1133 1232
f 1133 1233 1232
f 1133 1134 1233
f 1134 1234 1233
f 1134 1135 1234
f 1135 1235 1234
f 1135 1136 1235
f 1136 1236 1235
f 1136 1137 1236
f 1137 1237 1236
f 1137 1138 1237
f 1138 1238 1237
f 1138 1139 1238
f 1139 1239 1238
f 1139 1140 1239
f 1140 1240 1239
f 1140 1141 1240
f 1141 1241 1240
f 1141 1142 1241
f 1142 1242 1241
f 1142 1143 1242
f 1143 1243 1242
f 1143 1144 1243
f 1144 1244 1243
f 1144 1145 1244
f 1145 1245 1244
f 1145 1146 1245
f 1146 1246 1245
f 1146 1147 1246
f 1147 1247 1246
f 1147 1148 1247
f 1148 1248 1247
f 1148 1149 1248
f 1149 1249 1248
f 1149 1150 1249
f 1150 1250 1249
f 1150 1151 1250
f 1151 1251 1250
f 1151 1152 1251
f 1152 1252 1251
f 1152 1153 1252
f 1153 1253 1252
f 1153 1154 1253
f 1154 1254 1253
f 1154 1155 1254
f 1155 1255 1254
f 1155 1156 1255
f 1156 1256 1255
f 1156 1157 1256
f 1157 1257 1256
f 1157 1158 1257
f 1158 1258 1257
f 1158 1159 1258
f 1159 1259 1258
f 1159 1160 1259
f 1160 1260 1259
f 1160 1161 1260
f 1161 1261 1260
f 1161 1162 1261
f 1162 1262 1261
f 1162 1163 1262
f 1163 1263 1262
f 1163 1164 1263
f 1164 1264 1263
f 1164 1165 1264
f 1165 1265 1264
f 1165 1166 1265
f 1166 1266 1265
f 1166 1167 1266
f 1167 1267 1266
f 1167 1168 1267
f 1168 1268 1267
f 1168 1169 1268
f 1169 1269 1268
f 1169 1170 1269
f 1170 1270 1269
f 1170 1171 1270
f 1171 1271 1270
f 1171 1172 1271
f 1172 1272 1271
f 1172 1173 1272
f 1173 1273 1272
f 1173 1174 1273
f 1174 1274 1273
f 1174 1175 1274
f 1175 1275 1274
f 1175 1176 1275
f 1176 1276 1275
f 1176 1177 1276
f 1177 1277 1276
f 1177 1178 1277
f 1178 1278 1277
f 1178 1179 1278
f 1179 1279 1278
f 1179 1180 1279
f 1180 1280 1279
f 1180 1181 1280
f 1181 1281 1280
f 1181 1182 1281
f 1182 1282 1281
f 1182 1183 1282
f 1183 1283 1282
f 1183 1184 1283
f 1184 1284 1283
f 1184 1185 1284
f 1185 1285 1284
f 1185 1186 1285
f 1186 1286 1285
f 1186 1187 1286
f 1187 1287 1286
f 1187 1188 1287
f 1188 1288 1287
f 1188 1189 1288
f 1189 1289 1288
f 1189 1190 1289
f 1190 1290 1289
f 1190 1191 1290
f 1191 1291 1290
f 1191 1192 1291
f 1192 1292 1291
f 1192 1193 1292
f 1193 1293 1292
f 1193 1194 1293
f 1194 1294 1293
f 1194 1195 1294
f 1195 1295 1294
f 1195 1196 1295
f 1196 1296 1295
f 1196 1197 1296
f 1197 1297 1296
f 1197 1198 1297
f 1198 1298 1297
f 1198 1199 1298
f 1199 1299 1298
f 1199 1200 1299
f 1200 1300 1299
f 1201 1202 1301
f 1202 1302 1301
f 1202 1203 1302
f 1203 1303 1302
f 1203 1204 1303
f 1204 1304 1303
f 1204 1205 1304
f 1205 1305 1304
f 1205 1206 1305
f 1206 1306 1305
f 1206 1207 1306
f 1207 1307 1306
f 1207 1208 1307
f 1208 1308 1307
f 1208 1209 1308
f 1209 1309 1308
f 1209 1210 1309
f 1210 1310 1309
f 1210 1211 1310
f 1211 1311 1310
f 1211 1212 1311
f 1212 1312 1311
f 1212 1213 1312
f 1213 1313 1312
f 1213 1214 1313
f 1214 1314 1313
f 1214 1215 1314
f 1215 1315 1314
f 1215 1216 1315
f 1216 1316 1315
f 1216 1217 1316
f 1217 1317 1316
f 1217 1218 1317
f 1218 1318 1317
f 1218 1219 1318
f 1219 1319 1318
f 1219 1220 1319
f 1220 1320 1319
f 1220 1221 1320
f 1221 1321 1320
f 1221 1222 1321
f 1222 1322 1321
f 1222 1223 1322
f 1223 1323 1322
f 1223 1224 1323
f 1224 1324 1323
f 1224 1225 1324
f 1225 1325 1324
f 1225 1226 1325
f 1226 1326 1325
f 1226 1227 1326
f 1227 1327 1326
f 1227 1228 1327
f 1228 1328 1327
f 1228 1229 1328
f 1229 1329 1328
f 1229 1230 1329
f 1230 1330 1329
f 1230 1231 1330
f 1231 1331 1330
f 1231 1232 1331
f 1232 1332 1331
f 1232 1233 1332
f 1233 1333 1332
f 1233 1234 1333
f 1234 1334 1333
f 1234 1235 1334
f 1235 1335 1334
f 1235 1236 1335
f 1236 1336 1335
f 1236 1237 1336
f 1237 1337 1336
f 1237 1238 1337
f 1238 1338 1337
f 1238 1239 1338
f 1239 1339 1338
f 1239 1240 1339
f 1240 1340 1339
f 1240 1241 1340
f 1241 1341 1340
f 1241 1242 1341
f 1242 1342 1341
f 1242 1243 1342
f 1243 1343 1342
f 1243 1244 1343
f 1244 1344 1343
f 1244 1245 1344
f 1245 1345 1344
f 1245 1246 1345
f 1246 1346 1345
f 1246 1247 1346
f 1247 1347 1346
f 1247 1248 1347
f 1248 1348 1347
f 1248 1249 1348
f 1249 1349 1348
f 1249 1250 1349
f 1250 1350 1349
f 1250 1251 1350
f 1251 1351 1350
f 1251 1252 1351
f 1252 1352 1351
f 1252 1253 1352
f 1253 1353 1352
f 1253 1254 1353
f 1254 1354 1353
f 1254 1255 1354
f 1255 1355 1354
f 1255 1256 1355
f 1256 1356 1355
f 1256 1257 1356
f 1257 1357 1356
f 1257 1258 1357
f 1258 1358 1357
f 1258 1259 1358
f 1259 1359 1358
f 1259 1260 1359
f 1260 1360 1359
f 1260 1261 1360
f 1261 1361 1360
f 1261 1262 1361
f 1262 1362 1361
f 1262 1263 1362
f 1263 1363 1362
f 1263 1264 1363
f 1264 1364 1363
f 1264 1265 1364
f 1265 1365 1364
f 1265 1266 1365
f 1266 1366 1365
f 1266 1267 1366
f 1267 1367 1366
f 1267 1268 1367
f 1268 1368 1367
f 1268 1269 1368
f 1269 1369 1368
f 1269 1270 1369
f 1270 1370 1369
f 1270 1271 1370
f 1271 1371 1370
f 1271 1272 1371
f 1272 1372 1371
f 1272 1273 1372
f 1273 1373 1372
f 1273 1274 1373
f 1274 1374 1373
f 1274 1275 1374
f 1275 1375 1374
f 1275 1276 1375
f 1276 1376 1375
f 1276 1277 1376
f 1277 1377 1376
f 1277 1278 1377
f 1278 1378 1377
f 1278 1279 1378
f 1279 1379 1378
f 1279 1280 1379
f 1280 1380 1379
f 1280 1281 1380
f 1281 1381 1380
f 1281 1282 1381
f 1282 1382 1381
f 1282 1283 1382
f 1283 1383 1382
f 1283 1284 1383
f 1284 1384 1383
f 1284 1285 1384
f 1285 1385 1384
f 1285 1286 1385
f 1286 1386 1385
f 1286 1287 1386
f 1287 1387 1386
f 1287 1288 1387
f 1288 1388 1387
f 1288 1289 1388
f 1289 1389 1388
f 1289 1290 1389
f 1290 1390 1389
f 1290 1291 1390
f 1291 1391 1390
f 1291 1292 1391
f 1292 1392 1391
f 1292 1293 1392
f 1293 1393 1392
f 1293 1294 1393
f 1294 1394 1393
f 1294 1295 1394
f 1295 1395 1394
f 1295 1296 1395
f 1296 1396 1395
f 1296 1297 1396
f 1297 1397 1396
f 1297 1298 1397
f 1298 1398 1397
f 1298 1299 1398
f 1299 1399 1398
f 1299 1300 1399
f 1300 1400 1399
f 1301 1302 1401
f 1302 1402 1401
f 1302 1303 1402
f 1303 1403 1402
f 1303 1304 1403
f 1304 1404 1403
f 1304 1305 1404
f 1305 1405 1404
f 1305 1306 1405
f 1306 1406 1405
f 1306 1307 1406
f 1307 1407 1406
f 1307 1308 1407
f 1308 1408 1407
f 1308 1309 1408
f 1309 1409 1408
f 1309 1310 1409
f 1310 1410 1409
f 1310 1311 1410
f 1311 1411 1410
f 1311 1312 1411
f 1312 1412 1411
f 1312 1313 1412
f 1313 1413 1412
f 1313 1314 1413
f 1314 1414 1413
f 1314 1315 1414
f 1315 1415 1414
f 1315 1316 1415
f 1316 1416 1415
f 1316 1317 1416
f 1317 1417 1416
f 1317 1318 1417
f 1318 1418 1417
f 1318 1319 1418
f 1319 1419 1418
f 1319 1320 1419
f 1320 1420 1419
f 1320 1321 1420
f 1321 1421 1420
f 1321 1322 1421
f 1322 1422 1421
f 1322 1323 1422
f 1323 1423 1422
f 1323 1324 1423
f 1324 1424 1423
f 1324 1325 1424
f 1325 1425 1424
f 1325 1326 1425
f 1326 1426 1425
f 1326 1327 1426
f 1327 1427 1426
f 1327 1328 1427
f 1328 1428 1427
f 1328 1329 1428
f 1329 1429 1428
f 1329 1330 1429
f 1330 1430 1429
f 1330 1331 1430
f 1331 1431 1430
f 1331 1332 1431
f 1332 1432 1431
f 1332 1333 1432
f 1333 1433 1432
f 1333 1334 1433
f 1334 1434 1433
f 1334 1335 1434
f 1335 1435 1434
f 1335 1336 1435
f 1336 1436 1435
f 1336 1337 1436
f 1337 1437 1436
f 1337 1338 1437
f 1338 1438 1437
f 1338 1339 1438
f 1339 1439 1438
f 1339 1340 1439
f 1340 1440 1439
f 1340 1341 1440
f 1341 1441 1440
f 1341 1342 1441
f 1342 1442 1441
f 1342 1343 1442
f 1343 1443 1442
f 1343 1344 1443
f 1344 1444 1443
f 1344 1345 1444
f 1345 1445 1444
f 1345 1346 1445
f 1346 1446 1445
f 1346 1347 1446
f 1347 1447 1446
f 1347 1348 1447
f 1348 1448 1447
f 1348 1349 1448
f 1349 1449 1448
f 1349 1350 1449
f 1350 1450 1449
f 1350 1351 1450
f 1351 1451 1450
f 1351 1352 1451
f 1352 1452 1451
f 1352 1353 1452
f 1353 1453 1452
f 1353 1354 1453
f 1354 1454 1453
f 1354 1355 1454
f 1355 1455 1454
f 1355 1356 1455
f 1356 1456 1455
f 1356 1357 1456
f 1357 1457 1456
f 1357 1358 1457
f 1358 1458 1457
f 1358 1359 1458
f 1359 1459 1458
f 1359 1360 1459
f 1360 1460 1459
f 1360 1361 1460
f 1361 1461 1460
f 1361 1362 1461
f 1362 1462 1461
f 1362 1363 1462
f 1363 1463 1462
f 1363 1364 1463
f 1364 1464 1463
f 1364 1365 1464
f 1365 1465 1464
f 1365 1366 1465
f 1366 1466 1465
f 1366 1367 1466
f 1367 1467 1466
f 1367 1368 1467
f 1368 1468 1467
f 1368 1369 1468
f 1369 1469 1468
f 1369 1370 1469
f 1370 1470 1469
f 1370 1371 1470
f 1371 1471 1470
f 1371 1372 1471
f 1372 1472 1471
f 1372 1373 1472
f 1373 1473 1472
f 1373 1374 1473
f 1374 1474 1473
f 1374 1375 1474
f 1375 1475 1474
f 1375 1376 1475
f 1376 1476 1475
f 1376 1377 1476
f 1377 1477 1476
f 1377 1378 1477
f 1378 1478 1477
f 1378 1379 1478
f 1379 1479 1478
f 1379 1380 1479
f 1380 1480 1479
f 1380 1381 1480
f 1381 1481 1480
f 1381 1382 1481
f 1382 1482 1481
f 1382 1383 1482
f 1383 1483 1482
f 1383 1384 1483
f 1384 1484 1483
f 1384 1385 1484
f 1385 1485 1484
f 1385 1386 1485
f 1386 1486 1485
f 1386 1387 1486
f 1387 1487 1486
f 1387 1388 1487
f 1388 1488 1487
f 1388 1389 1488
f 1389 1489 1488
f 1389 1390 1489
f 1390 1490 1489
f 1390 1391 1490
f 1391 1491 1490
f 1391 1392 1491
f 1392 1492 1491
f 1392 1393 1492
f 1393 1493 1492
f 1393 1394 1493
f 1394 1494 1493
f 1394 1395 1494
f 1395 1495 1494
f 1395 1396 1495
f 1396 1496 1495
f 1396 1397 1496
f 1397 1497 1496
f 1397 1398 1497
f 1398 1498 1497
f 1398 1399 1498
f 1399 1499 1498
f 1399 1400 1499
f 1400 1500 1499
f 1401 1402 1501
f 1402 1502 1501
f 1402 1403 1502
f 1403 1503 1502
f 1403 1404 1503
f 1404 1504 1503
f 1404 1405 1504
f 1405 1505 1504
f 1405 1406 1505
f 1406 1506 1505
f 1406 1407 1506
f 1407 1507 1506
f 1407 1408 1507
f 1408 1508 1507
f 1408 1409 1508
f 1409 1509 1508
f 1409 1410 1509
f 1410 1510 1509
f 1410 1411 1510
f 1411 1511 1510
f 1411 1412 1511
f 1412 1512 1511
f 1412 1413 1512
f 1413 1513 1512
f 1413 1414 1513
f 1414 1514 1513
f 1414 1415 1514
f 1415 1515 1514
f 1415 1416 1515
f 1416 1516 1515
f 1416 1417 1516
f 1417 1517 1516
f 1417 1418 1517
f 1418 1518 1517
f 1418 1419 1518
f 1419 1519 1518
f 1419 1420 1519
f 1420 1520 1519
f 1420 1421 1520
f 1421 1521 1520
f 1421 1422 1521
f 1422 1522 1521
f 1422 1423 1522
f 1423 1523 1522
f 1423 1424 1523
f 1424 1524 1523
f 1424 1425 1524
f 1425 1525 1524
f 1425 1426 1525
f 1426 1526 1525
f 1426 1427 1526
f 1427 1527 1526
f 1427 1428 1527
f 1428 1528 1527
f 1428 1429 1528
f 1429 1529 1528
f 1429 1430 1529
f 1430 1530 1529
f 1430 1431 1530
f 1431 1531 1530
f 1431 1432 1531
f 1432 1532 1531
f 1432 1433 1532
f 1433 1533 1532
f 1433 1434 1533
f 1434 1534 1533
f 1434 1435 1534
f 1435 1535 1534
f 1435 1436 1535
f 1436 1536 1535
f 1436 1437 1536
f 1437 1537 1536
f 1437 1438 1537
f 1438 1538 1537
f 1438 1439 1538
f 1439 1539 1538
f 1439 1440 1539
f 1440 1540 1539
f 1440 1441 1540
f 1441 1541 1540
f 1441 1442 1541
f 1442 1542 1541
f 1442 1443 1542
f 1443 1543 1542
f 1443 1444 1543
f 1444 1544 1543
f 1444 1445 1544
f 1445 1545 1544
f 1445 1446 1545
f 1446 1546 1545
f 1446 1447 1546
f 1447 1547 1546
f 1447 1448 1547
f 1448 1548 1547
f 1448 1449 1548
f 1449 1549 1548
f 1449 1450 1549
f 1450 1550 1549
f 1450 1451 1550
f 1451 1551 1550
f 1451 1452 1551
f 1452 1552 1551
f 1452 1453 1552
f 1453 1553 1552
f 1453 1454 1553
f 1454 1554 1553
f 1454 1455 1554
f 1455 1555 1554
f 1455 1456 1555
f 1456 1556 1555
f 1456 1457 1556
f 1457 1557 1556
f 1457 1458 1557
f 1458 1558 1557
f 1458 1459 1558
f 1459 1559 1558
f 1459 1460 1559
f 1460 1560 1559
f 1460 1461 1560
f 1461 1561 1560
f 1461 1462 1561
f 1462 1562 1561
f 1462 1463 1562
f 1463 1563 1562
f 1463 1464 1563
f 1464 1564 1563
f 1464 1465 1564
f 1465 1565 1564
f 1465 1466 1565
f 1466 1566 1565
f 1466 1467 1566
f 1467 1567 1566
f 1467 1468 1567
f 1468 1568 1567
f 1468 1469 1568
f 1469 1569 1568
f 1469 1470 1569
f 1470 1570 1569
f 1470 1471 1570
f 1471 1571 1570
f 1471 1472 1571
f 1472 1572 1571
f 1472 1473 1572
f 1473 1573 1572
f 1473 1474 1573
f 1474 1574 1573
f 1474 1475 1574
f 1475 1575 1574
f 1475 1476 1575
f 1476 1576 1575
f 1476 1477 1576
f 1477 1577 1576
f 1477 1478 1577
f 1478 1578 1577
f 1478 1479 1578
f 1479 1579 1578
f 1479 1480 1579
f 1480 1580 1579
f 1480 1481 1580
f 1481 1581 1580
f 1481 1482 1581
f 1482 1582 1581
f 1482 1483 1582
f 1483 1583 1582
f 1483 1484 1583
f 1484 1584 1583
f 1484 1485 1584
f 1485 1585 1584
f 1485 1486 1585
f 1486 1586 1585
f 1486 1487 1586
f 1487 1587 1586
f 1487 1488 1587
f 1488 1588 1587
f 1488 1489 1588
f 1489 1589 1588
f 1489 1490 1589
f 1490 1590 1589
f 1490 1491 1590
f 1491 1591 1590
f 1491 1492 1591
f 1492 1592 1591
f 1492 1493 1592
f 1493 1593 1592
f 1493 1494 1593
f 1494 1594 1593
f 1494 1495 1594
f 1495 1595 1594
f 1495 1496 1595
f 1496 1596 1595
f 1496 1497 1596
f 1497 1597 1596
f 1497 1498 1597
f 1498 1598 1597
f 1498 1499 1598
f 1499 1599 1598
f 1499 1500 1599
f 1500 1600 1599
f 1501 1502 1601
f 1502 1602 1601
f 1502 1503 1602
f 1503 1603 1602
f 1503 1504 1603
f 1504 1604 1603
f 1504 1505 1604
f 1505 1605 1604
f 1505 1506 1605
f 1506 1606 1605
f 1506 1507 1606
f 1507 1607 1606
f 1507 1508 1607
f 1508 1608 1607
f 1508 1509 1608
f 1509 1609 1608
f 1509 1510 1609
f 1510 1610 1609
f 1510 1511 1610
f 1511 1611 1610
f 1511 1512 1611
f 1512 1612 1611
f 1512 1513 1612
f 1513 1613 1612
f 1513 1514 1613
f 1514 1614 1613
f 1514 1515 1614
f 1515 1615 1614
f 1515 1516 1615
f 1516 1616 1615
f 1516 1517 1616
f 1517 1617 1616
f 1517 1518 1617
f 1518 1618 1617
f 1518 1519 1618
f 1519 1619 1618
f 1519 1520 1619
f 1520 1620 1619
f 1520 1521 1620
f 1521 1621 1620
f 1521 1522 1621
f 1522 1622 1621
f 1522 1523 1622
f 1523 1623 1622
f 1523 1524 1623
f 1524 1624 1623
f 1524 1525 1624
f 1525 1625 1624
f 1525 1526 1625
f 1526 1626 1625
f 1526 1527 1626
f 1527 1627 1626
f 1527 1528 1627
f 1528 1628 1627
f 1528 1529 1628
f 1529 1629 1628
f 1529 1530 1629
f 1530 1630 1629
f 1530 1531 1630
f 1531 1631 1630
f 1531 1532 1631
f 1532 1632 1631
f 1532 1533 1632
f 1533 1633 1632
f 1533 1534 1633
f 1534 1634 1633
f 1534 1535 1634
f 1535 1635 1634
f 1535 1536 1635
f 1536 1636 1635
f 1536 1537 1636
f 1537 1637 1636
f 1537 1538 1637
f 1538 1638 1637
f 1538 1539 1638
f 1539 1639 1638
f 1539 1540 1639
f 1540 1640 1639
f 1540 1541 1640
f 1541 1641 1640
f 1541 1542 1641
f 1542 1642 1641
f 1542 1543 1642
f 1543 1643 1642
f 1543 1544 1643
f 1544 1644 1643
f 1544 1545 1644
f 1545 1645 1644
f 1545 1546 1645
f 1546 1646 1645
f 1546 1547 1646
f 1547 1647 1646
f 1547 1548 1647
f 1548 1648 1647
f 1548 1549 1648
f 1549 1649 1648
f 1549 1550 1649
f 1550 1650 1649
f 1550 1551 1650
f 1551 1651 1650
f 1551 1552 1651
f 1552 1652 1651
f 1552 1553 1652
f 1553 1653 1652
f 1553 1554 1653
f 1554 1654 1653
f 1554 1555 1654
f 1555 1655 1654
f 1555 1556 1655
f 1556 1656 1655
f 1556 1557 1656
f 1557 1657 1656
f 1557 1558 1657
f 1558 1658 1657
f 1558 1559 1658
f 1559 1659 1658
f 1559 1560 1659
f 1560 1660 1659
f 1560 1561 1660
f 1561 1661 1660
f 1561 1562 1661
f 1562 1662 1661
f 1562 1563 1662
f 1563 1663 1662
f 1563 1564 1663
f 1564 1664 1663
f 1564 1565 1664
f 1565 1665 1664
f 1565 1566 1665
f 1566 1666 1665
f 1566 1567 1666
f 1567 1667 1666
f 1567 1568 1667
f 1568 1668 1667
f 1568 1569 1668
f 1569 1669 1668
f 1569 1570 1669
f 1570 1670 1669
f 1570 1571 1670
f 1571 1671 1670
f 1571 1572 1671
f 1572 1672 1671
f 1572 1573 1672
f 1573 1673 1672
f 1573 1574 1673
f 1574 1674 1673
f 1574 1575 1674
f 1575 1675 1674
f 1575 1576 1675
f 1576 1676 1675
f 1576 1577 1676
f 1577 1677 1676
f 1577 1578 1677
f 1578 1678 1677
f 1578 1579 1678
f 1579 1679 1678
f 1579 1580 1679
f 1580 1680 1679
f 1580 1581 1680
f 1581 1681 1680
f 1581 1582 1681
f 1582 1682 1681
f 1582 1583 1682
f 1583 1683 1682
f 1583 1584 1683
f 1584 1684 1683
f 1584 1585 1684
f 1585 1685 1684
f 1585 1586 1685
f 1586 1686 1685
f 1586 1587 1686
f 1587 1687 1686
f 1587 1588 1687
f 1588 1688 1687
f 1588 1589 1688
f 1589 1689 1688
f 1589 1590 1689
f 1590 1690 1689
f 1590 1591 1690
f 1591 1691 1690
f 1591 1592 1691
f 1592 1692 1691
f 1592 1593 1692
f 1593 1693 1692
f 1593 1594 1693
f 1594 1694 1693
f 1594 1595 1694
f 1595 1695 1694
f 1595 1596 1695
f 1596 1696 1695
f 1596 1597 1696
f 1597 1697 1696
f 1597 1598 1697
f 1598 1698 1697
f 1598 1599 1698
f 1599 1699 1698
f 1599 1600 1699
f 1600 1700 1699
f 1601 1602 1701
f 1602 1702 1701
f 1602 1603 1702
f 1603 1703 1702
f 1603 1604 1703
f 1604 1704 1703
f 1604 1605 1704
f 1605 1705 1704
f 1605 1606 1705
f 1606 1706 1705
f 1606 1607 1706
f 1607 1707 1706
f 1607 1608 1707
f 1608 1708 1707
f 1608 1609 1708
f 1609 1709 1708
f 1609 1610 1709
f 1610 1710 1709
f 1610 1611 1710
f 1611 1711 1710
f 1611 1612 1711
f 1612 1712 1711
f 1612 1613 1712
f 1613 1713 1712
f 1613 1614 1713
f 1614 1714 1713
f 1614 1615 1714
f 1615 1715 1714
f 1615 1616 1715
f 1616 1716 1715
f 1616 1617 1716
f 1617 1717 1716
f 1617 1618 1717
f 1618 1718 1717
f 1618 1619 1718
f 1619 1719 1718
f 1619 1620 1719
f 1620 1720 1719
f 1620 1621 1720
f 1621 1721 1720
f 1621 1622 1721
f 1622 1722 1721
f 1622 1623 1722
f 1623 1723 1722
f 1623 1624 1723
f 1624 1724 1723
f 1624 1625 1724
f 1625 1725 1724
f 1625 1626 1725
f 1626 1726 1725
f 1626 1627 1726
f 1627 1727 1726
f 1627 1628 1727
f 1628 1728 1727
f 1628 1629 1728
f 1629 1729 1728
f 1629 1630 1729
f 1630 1730 1729
f 1630 1631 1730
f 1631 1731 1730
f 1631 1632 1731
f 1632 1732 1731
f 1632 1633 1732
f 1633 1733 1732
f 1633 1634 1733
f 1634 1734 1733
f 1634 1635 1734
f 1635 1735 1734
f 1635 1636 1735
f 1636 1736 1735
f 1636 1637 1736
f 1637 1737 1736
f 1637 1638 1737
f 1638 1738 1737
f 1638 1639 1738
f 1639 1739 1738
f 1639 1640 1739
f 1640 1740 1739
f 1640 1641 1740
f 1641 1741 1740
f 1641 1642 1741
f 1642 1742 1741
f 1642 1643 1742
f 1643 1743 1742
f 1643 1644 1743
f 1644 1744 1743
f 1644 1645 1744
f 1645 1745 1744
f 1645 1646 1745
f 1646 1746 1745
f 1646 1647 1746
f 1647 1747 1746
f 1647 1648 1747
f 1648 1748 1747
f 1648 1649 1748
f 1649 1749 1748
f 1649 1650 1749
f 1650 1750 1749
f 1650 1651 1750
f 1651 1751 1750
f 1651 1652 1751
f 1652 1752 1751
f 1652 1653 1752
f 1653 1753 1752
f 1653 1654 1753
f 1654 1754 1753
f 1654 1655 1754
f 1655 1755 1754
f 1655 1656 1755
f 1656 1756 1755
f 1656 1657 1756
f 1657 1757 1756
f 1657 1658 1757
f 1658 1758 1757
f 1658 1659 1758
f 1659 1759 1758
f 1659 1660 1759
f 1660 1760 1759
f 1660 1661 1760
f 1661 1761 1760
f 1661 1662 1761
f 1662 1762 1761
f 1662 1663 1762
f 1663 1763 1762
f 1663 1664 1763
f 1664 1764 1763
f 1664 1665 1764
f 1665 1765 1764
f 1665 1666 1765
f 1666 1766 1765
f 1666 1667 1766
f 1667 1767 1766
f 1667 1668 1767
f 1668 1768 1767
f 1668 1669 1768
f 1669 1769 1768
f 1669 1670 1769
f 1670 1770 1769
f 1670 1671 1770
f 1671 1771 1770
f 1671 1672 1771
f 1672 1772 1771
f 1672 1673 1772
f 1673 1773 1772
f 1673 1674 1773
f 1674 1774 1773
f 1674 1675 1774
f 1675 1775 1774
f 1675 1676 1775
f 1676 1776 1775
f 1676 1677 1776
f 1677 1777 1776
f 1677 1678 1777
f 1678 1778 1777
f 1678 1679 1778
f 1679 1779 1778
f 1679 1680 1779
f 1680 1780 1779
f 1680 1681 1780
f 1681 1781 1780
f 1681 1682 1781
f 1682 1782 1781
f 1682 1683 1782
f 1683 1783 1782
f 1683 1684 1783
f 1684 1784 1783
f 1684 1685 1784
f 1685 1785 1784
f 1685 1686 1785
f 1686 1786 1785
f 1686 1687 1786
f 1687 1787 1786
f 1687 1688 1787
f 1688 1788 1787
f 1688 1689 1788
f 1689 1789 1788
f 1689 1690 1789
f 1690 1790 1789
f 1690 1691 1790
f 1691 1791 1790
f 1691 1692 1791
f 1692 1792 1791
f 1692 1693 1792
f 1693 1793 1792
f 1693 1694 1793
f 1694 1794 1793
f 1694 1695 1794
f 1695 1795 1794
f 1695 1696 1795
f 1696 1796 1795
f 1696 1697 1796
f 1697 1797 1796
f 1697 1698 1797
f 1698 1798 1797
f 1698 1699 1798
f 1699 1799 1798
f 1699 1700 1799
f 1700 1800 1799
f 1701 1702 1801
f 1702 1802 1801
f 1702 1703 1802
f 1703 1803 1802
f 1703 1704 1803
f 1704 1804 1803
f 1704 1705 1804
f 1705 1805 1804
f 1705 1706 1805
f 1706 1806 1805
f 1706 1707 1806
f 1707 1807 1806
f 1707 1708 1807
f 1708 1808 1807
f 1708 1709 1808
f 1709 1809 1808
f 1709 1710 1809
f 1710 1810 1809
f 1710 1711 1810
f 1711 1811 1810
f 1711 1712 1811
f 1712 1812 1811
f 1712 1713 1812
f 1713 1813 1812
f 1713 1714 1813
f 1714 1814 1813
f 1714 1715 1814
f 1715 1815 1814
f 1715 1716 1815
f 1716 1816 1815
f 1716 1717 1816
f 1717 1817 1816
f 1717 1718 1817
f 1718 1818 1817
f 1718 1719 1818
f 1719 1819 1818
f 1719 1720 1819
f 1720 1820 1819
f 1720 1721 1820
f 1721 1821 1820
f 1721 1722 1821
f 1722 1822 1821
f 1722 1723 1822
f 1723 1823 1822
f 1723 1724 1823
f 1724 1824 1823
f 1724 1725 1824
f 1725 1825 1824
f 1725 1726 1825
f 1726 1826 1825
f 1726 1727 1826
f 1727 1827 1826
f 1727 1728 1827
f 1728 1828 1827
f 1728 1729 1828
f 1729 1829 1828
f 1729 1730 1829
f 1730 1830 1829
f 1730 1731 1830
f 1731 1831 1830
f 1731 1732 1831
f 1732 1832 1831
f 1732 1733 1832
f 1733 1833 1832
f 1733 1734 1833
f 1734 1834 1833
f 1734 1735 1834
f 1735 1835 1834
f 1735 1736 1835
f 1736 1836 1835
f 1736 1737 1836
f 1737 1837 1836
f 1737 1738 1837
f 1738 1838 1837
f 1738 1739 1838
f 1739 1839 1838
f 1739 1740 1839
f 1740 1840 1839
f 1740 1741 1840
f 1741 1841 1840
f 1741 1742 1841
f 1742 1842 1841
f 1742 1743 1842
f 1743 1843 1842
f 1743 1744 1843
f 1744 1844 1843
f 1744 1745 1844
f 1745 1845 1844
f 1745 1746 1845
f 1746 1846 1845
f 1746 1747 1846
f 1747 1847 1846
f 1747 1748 1847
f 1748 1848 1847
f 1748 1749 1848
f 1749 1849 1848
f 1749 1750 1849
f 1750 1850 1849
f 1750 1751 1850
f 1751 1851 1850
f 1751 1752 1851
f 1752 1852 1851
f 1752 1753 1852
f 1753 1853 1852
f 1753 1754 1853
f 1754 1854 1853
f 1754 1755 1854
f 1755 1855 1854
f 1755 1756 1855
f 1756 1856 1855
f 1756 1757 1856
f 1757 1857 1856
f 1757 1758 1857
f 1758 1858 1857
f 1758 1759 1858
f 1759 1859 1858
f 1759 1760 1859
f 1760 1860 1859
f 1760 1761 1860
f 1761 1861 1860
f 1761 1762 1861
f 1762 1862 1861
f 1762 1763 1862
f 1763 1863 1862
f 1763 1764 1863
f 1764 1864 1863
f 1764 1765 1864
f 1765 1865 1864
f 1765 1766 1865
f 1766 1866 1865
f 1766 1767 1866
f 1767 1867 1866
f 1767 1768 1867
f 1768 1868 1867
f 1768 1769 1868
f 1769 1869 1868
f 1769 1770 1869
f 1770 1870 1869
f 1770 1771 1870
f 1771 1871 1870
f 1771 1772 1871
f 1772 1872 1871
f 1772 1773 1872
f 1773 1873 1872
f 1773 1774 1873
f 1774 1874 1873
f 1774 1775 1874
f 1775 1875 1874
f 1775 1776 1875
f 1776 1876 1875
f 1776 1777 1876
f 1777 1877 1876
f 1777 1778 1877
f 1778 1878 1877
f 1778 1779 1878
f 1779 1879 1878
f 1779 1780 1879
f 1780 1880 1879
f 1780 1781 1880
f 1781 1881 1880
f 1781 1782 1881
f 1782 1882 1881
f 1782 1783 1882
f 1783 1883 1882
f 1783 1784 1883
f 1784 1884 1883
f 1784 1785 1884
f 1785 1885 1884
f 1785 1786 1885
f 1786 1886 1885
f 1786 1787 1886
f 1787 1887 1886
f 1787 1788 1887
f 1788 1888 1887
f 1788 1789 1888
f 1789 1889 1888
f 1789 1790 1889
f 1790 1890 1889
f 1790 1791 1890
f 1791 1891 1890
f 1791 1792 1891
f 1792 1892 1891
f 1792 1793 1892
f 1793 1893 1892
f 1793 1794 1893
f 1794 1894 1893
f 1794 1795 1894
f 1795 1895 1894
f 1795 1796 1895
f 1796 1896 1895
f 1796 1797 1896
f 1797 1897 1896
f 1797 1798 1897
f 1798 1898 1897
f 1798 1799 1898
f 1799 1899 1898
f 1799 1800 1899
f 1800 1900 1899
f 1801 1802 1901
f 1802 1902 1901
f 1802 1803 1902
f 1803 1903 1902
f 1803 1804 1903
f 1804 1904 1903
f 1804 1805 1904
f 1805 1905 1904
f 1805 1806 1905
f 1806 1906 1905
f 1806 1807 1906
f 1807 1907 1906
f 1807 1808 1907
f 1808 1908 1907
f 1808 1809 1908
f 1809 1909 1908
f 1809 1810 1909
f 1810 1910 1909
f 1810 1811 1910
f 1811 1911 1910
f 1811 1812 1911
f 1812 1912 1911
f 1812 1813 1912
f 1813 1913 1912
f 1813 1814 1913
f 1814 1914 1913
f 1814 1815 1914
f 1815 1915 1914
f 1815 1816 1915
f 1816 1916 1915
f 1816 1817 1916
f 1817 1917 1916
f 1817 1818 1917
f 1818 1918 1917
f 1818 1819 1918
f 1819 1919 1918
f 1819 1820 1919
f 1820 1920 1919
f 1820 1821 1920
f 1821 1921 1920
f 1821 1822 1921
f 1822 1922 1921
f 1822 1823 1922
f 1823 1923 1922
f 1823 1824 1923
f 1824 1924 1923
f 1824 1825 1924
f 1825 1925 1924
f 1825 1826 1925
f 1826 1926 1925
f 1826 1827 1926
f 1827 1927 1926
f 1827 1828 1927
f 1828 1928 1927
f 1828 1829 1928
f 1829 1929 1928
f 1829 1830 1929
f 1830 1930 1929
f 1830 1831 1930
f 1831 1931 1930
f 1831 1832 1931
f 1832 1932 1931
f 1832 1833 1932
f 1833 1933 1932
f 1833 1834 1933
f 1834 1934 1933
f 1834 1835 1934
f 1835 1935 1934
f 1835 1836 1935
f 1836 1936 1935
f 1836 1837 1936
f 1837 1937 1936
f 1837 1838 1937
f 1838 1938 1937
f 1838 1839 1938
f 1839 1939 1938
f 1839 1840 1939
f 1840 1940 1939
f 1840 1841 1940
f 1841 1941 1940
f 1841 1842 1941
f 1842 1942 1941
f 1842 1843 1942
f 1843 1943 1942
f 1843 1844 1943
f 1844 1944 1943
f 1844 1845 1944
f 1845 1945 1944
f 1845 1846 1945
f 1846 1946 1945
f 1846 1847 1946
f 1847 1947 1946
f 1847 1848 1947
f 1848 1948 1947
f 1848 1849 1948
f 1849 1949 1948
f 1849 1850 1949
f 1850 1950 1949
f 1850 1851 1950
f 1851 1951 1950
f 1851 1852 1951
f 1852 1952 1951
f 1852 1853 1952
f 1853 1953 1952
f 1853 1854 1953
f 1854 1954 1953
f 1854 1855 1954
f 1855 1955 1954
f 1855 1856 1955
f 1856 1956 1955
f 1856 1857 1956
f 1857 1957 1956
f 1857 1858 1957
f 1858 1958 1957
f 1858 1859 1958
f 1859 1959 1958
f 1859 1860 1959
f 1860 1960 1959
f 1860 1861 1960
f 1861 1961 1960
f 1861 1862 1961
f 1862 1962 1961
f 1862 1863 1962
f 1863 1963 1962
f 1863 1864 1963
f 1864 1964 1963
f 1864 1865 1964
f 1865 1965 1964
f 1865 1866 1965
f 1866 1966 1965
f 1866 1867 1966
f 1867 1967 1966
f 1867 1868 1967
f 1868 1968 1967
f 1868 1869 1968
f 1869 1969 1968
f 1869 1870 1969
f 1870 1970 1969
f 1870 1871 1970
f 1871 1971 1970
f 1871 1872 1971
f 1872 1972 1971
f 1872 1873 1972
f 1873 1973 1972
f 1873 1874 1973
f 1874 1974 1973
f 1874 1875 1974
f 1875 1975 1974
f 1875 1876 1975
f 1876 1976 1975
f 1876 1877 1976
f 1877 1977 1976
f 1877 1878 1977
f 1878 1978 1977
f 1878 1879 1978
f 1879 1979 1978
f 1879 1880 1979
f 1880 1980 1979
f 1880 1881 1980
f 1881 1981 1980
f 1881 1882 1981
f 1882 1982 1981
f 1882 1883 1982
f 1883 1983 1982
f 1883 1884 1983
f 1884 1984 1983
f 1884 1885 1984
f 1885 1985 1984
f 1885 1886 1985
f 1886 1986 1985
f 1886 1887 1986
f 1887 1987 1986
f 1887 1888 1987
f 1888 1988 1987
f 1888 1889 1988
f 1889 1989 1988
f 1889 1890 1989
f 1890 1990 1989
f 1890 1891 1990
f 1891 1991 1990
f 1891 1892 1991
f 1892 1992 1991
f 1892 1893 1992
f 1893 1993 1992
f 1893 1894 1993
f 1894 1994 1993
f 1894 1895 1994
f 1895 1995 1994
f 1895 1896 1995
f 1896 1996 1995
f 1896 1897 1996
f 1897 1997 1996
f 1897 1898 1997
f 1898 1998 1997
f 1898 1899 1998
f 1899 1999 1998
f 1899 1900 1999
f 1900 2000 1999
f 1901 1902 2001
f 1902 2002 2001
f 1902 1903 2002
f 1903 2003 2002
f 1903 1904 2003
f 1904 2004 2003
f 1904 1905 2004
f 1905 2005 2004
f 1905 1906 2005
f 1906 2006 2005
f 1906 1907 2006
f 1907 2007 2006
f 1907 1908 2007
f 1908 2008 2007
f 1908 1909 2008
f 1909 2009 2008
f 1909 1910 2009
f 1910 2010 2009
f 1910 1911 2010
f 1911 2011 2010
f 1911 1912 2011
f 1912 2012 2011
f 1912 1913 2012
f 1913 2013 2012
f 1913 1914 2013
f 1914 2014 2013
f 1914 1915 2014
f 1915 2015 2014
f 1915 1916 2015
f 1916 2016 2015
f 1916 1917 2016
f 1917 2017 2016
f 1917 1918 2017
f 1918 2018 2017
f 1918 1919 2018
f 1919 2019 2018
f 1919 1920 2019
f 1920 2020 2019
f 1920 1921 2020
f 1921 2021 2020
f 1921 1922 2021
f 1922 2022 2021
f 1922 1923 2022
f 1923 2023 2022
f 1923 1924 2023
f 1924 2024 2023
f 1924 1925 2024
f 1925 2025 2024
f 1925 1926 2025
f 1926 2026 2025
f 1926 1927 2026
f 1927 2027 2026
f 1927 1928 2027
f 1928 2028 2027
f 1928 1929 2028
f 1929 2029 2028
f 1929 1930 2029
f 1930 2030 2029
f 1930 1931 2030
f 1931 2031 2030
f 1931 1932 2031
f 1932 2032 2031
f 1932 1933 2032
f 1933 2033 2032
f 1933 1934 2033
f 1934 2034 2033
f 1934 1935 2034
f 1935 2035 2034
f 1935 1936 2035
f 1936 2036 2035
f 1936 1937 2036
f 1937 2037 2036
f 1937 1938 2037
f 1938 2038 2037
f 1938 1939 2038
f 1939 2039 2038
f 1939 1940 2039
f 1940 2040 2039
f 1940 1941 2040
f 1941 2041 2040
f 1941 1942 2041
f 1942 2042 2041
f 1942 1943 2042
f 1943 2043 2042
f 1943 1944 2043
f 1944 2044 2043
f 1944 1945 2044
f 1945 2045 2044
f 1945 1946 2045
f 1946 2046 2045
f 1946 1947 2046
f 1947 2047 2046
f 1947 1948 2047
f 1948 2048 2047
f 1948 1949 2048
f 1949 2049 2048
f 1949 1950 2049
f 1950 2050 2049
f 1950 1951 2050
f 1951 2051 2050
f 1951 1952 2051
f 1952 2052 2051
f 1952 1953 2052
f 1953 2053 2052
f 1953 1954 2053
f 1954 2054 2053
f 1954 1955 2054
f 1955 2055 2054
f 1955 1956 2055
f 1956 2056 2055
f 1956 1957 2056
f 1957 2057 2056
f 1957 1958 2057
f 1958 2058 2057
f 1958 1959 2058
f 1959 2059 2058
f 1959 1960 2059
f 1960 2060 2059
f 1960 1961 2060
f 1961 2061 2060
f 1961 1962 2061
f 1962 2062 2061
f 1962 1963 2062
f 1963 2063 2062
f 1963 1964 2063
f 1964 2064 2063
f 1964 1965 2064
f 1965 2065 2064
f 1965 1966 2065
f 1966 2066 2065
f 1966 1967 2066
f 1967 2067 2066
f 1967 1968 2067
f 1968 2068 2067
f 1968 1969 2068
f 1969 2069 2068
f 1969 1970 2069
f 1970 2070 2069
f 1970 1971 2070
f 1971 2071 2070
f 1971 1972 2071
f 1972 2072 2071
f 1972 1973 2072
f 1973 2073 2072
f 1973 1974 2073
f 1974 2074 2073
f 1974 1975 2074
f 1975 2075 2074
f 1975 1976 2075
f 1976 2076 2075
f 1976 1977 2076
f 1977 2077 2076
f 1977 1978 2077
f 1978 2078 2077
f 1978 1979 2078
f 1979 2079 2078
f 1979 1980 2079
f 1980 2080 2079
f 1980 1981 2080
f 1981 2081 2080
f 1981 1982 2081
f 1982 2082 2081
f 1982 1983 2082
f 1983 2083 2082
f 1983 1984 2083
f 1984 2084 2083
f 1984 1985 2084
f 1985 2085 2084
f 1985 1986 2085
f 1986 2086 2085
f 1986 1987 2086
f 1987 2087 2086
f 1987 1988 2087
f 1988 2088 2087
f 1988 1989 2088
f 1989 2089 2088
f 1989 1990 2089
f 1990 2090 2089
f 1990 1991 2090
f 1991 2091 2090
f 1991 1992 2091
f 1992 2092 2091
f 1992 1993 2092
f 1993 2093 2092
f 1993 1994 2093
f 1994 2094 2093
f 1994 1995 2094
f 1995 2095 2094
f 1995 1996 2095
f 1996 2096 2095
f 1996 1997 2096
f 1997 2097 2096
f 1997 1998 2097
f 1998 2098 2097
f 1998 1999 2098
f 1999 2099 2098
f 1999 2000 2099
f 2000 2100 2099
f 2001 2002 2101
f 2002 2102 2101
f 2002 2003 2102
f 2003 2103 2102
f 2003 2004 2103
f 2004 2104 2103
f 2004 2005 2104
f 2005 2105 2104
f 2005 2006 2105
f 2006 2106 2105
f 2006 2007 2106
f 2007 2107 2106
f 2007 2008 2107
f 2008 2108 2107
f 2008 2009 2108
f 2009 2109 2108
f 2009 2010 2109
f 2010 2110 2109
f 2010 2011 2110
f 2011 2111 2110
f 2011 2012 2111
f 2012 2112 2111
f 2012 2013 2112
f 2013 2113 2112
f 2013 2014 2113
f 2014 2114 2113
f 2014 2015 2114
f 2015 2115 2114
f 2015 2016 2115
f 2016 2116 2115
f 2016 2017 2116
f 2017 2117 2116
f 2017 2018 2117
f 2018 2118 2117
f 2018 2019 2118
f 2019 2119 2118
f 2019 2020 2119
f 2020 2120 2119
f 2020 2021 2120
f 2021 2121 2120
f 2021 2022 2121
f 2022 2122 2121
f 2022 2023 2122
f 2023 2123 2122
f 2023 2024 2123
f 2024 2124 2123
f 2024 2025 2124
f 2025 2125 2124
f 2025 2026 2125
f 2026 2126 2125
f 2026 2027 2126
f 2027 2127 2126
f 2027 2028 2127
f 2028 2128 2127
f 2028 2029 2128
f 2029 2129 2128
f 2029 2030 2129
f 2030 2130 2129
f 2030 2031 2130
f 2031 2131 2130
f 2031 2032 2131
f 2032 2132 2131
f 2032 2033 2132
f 2033 2133 2132
f 2033 2034 2133
f 2034 2134 2133
f 2034 2035 2134
f 2035 2135 2134
f 2035 2036 2135
f 2036 2136 2135
f 2036 2037 2136
f 2037 2137 2136
f 2037 2038 2137
f 2038 2138 2137
f 2038 2039 2138
f 2039 2139 2138
f 2039 2040 2139
f 2040 2140 2139
f 2040 2041 2140
f 2041 2141 2140
f 2041 2042 2141
f 2042 2142 2141
f 2042 2043 2142
f 2043 2143 2142
f 2043 2044 2143
f 2044 2144 2143
f 2044 2045 2144
f 2045 2145 2144
f 2045 2046 2145
f 2046 2146 2145
f 2046 2047 2146
f 2047 2147 2146
f 2047 2048 2147
f 2048 2148 2147
f 2048 2049 2148
f 2049 2149 2148
f 2049 2050 2149
f 2050 2150 2149
f 2050 2051 2150
f 2051 2151 2150
f 2051 2052 2151
f 2052 2152 2151
f 2052 2053 2152
f 2053 2153 2152
f 2053 2054 2153
f 2054 2154 2153
f 2054 2055 2154
f 2055 2155 2154
f 2055 2056 2155
f 2056 2156 2155
f 2056 2057 2156
f 2057 2157 2156
f 2057 2058 2157
f 2058 2158 2157
f 2058 2059 2158
f 2059 2159 2158
f 2059 2060 2159
f 2060 2160 2159
f 2060 2061 2160
f 2061 2161 2160
f 2061 2062 2161
f 2062 2162 2161
f 2062 2063 2162
f 2063 2163 2162
f 2063 2064 2163
f 2064 2164 2163
f 2064 2065 2164
f 2065 2165 2164
f 2065 2066 2165
f 2066 2166 2165
f 2066 2067 2166
f 2067 2167 2166
f 2067 2068 2167
f 2068 2168 2167
f 2068 2069 2168
f 2069 2169 2168
f 2069 2070 2169
f 2070 2170 2169
f 2070 2071 2170
f 2071 2171 2170
f 2071 2072 2171
f 2072 2172 2171
f 2072 2073 2172
f 2073 2173 2172
f 2073 2074 2173
f 2074 2174 2173
f 2074 2075 2174
f 2075 2175 2174
f 2075 2076 2175
f 2076 2176 2175
f 2076 2077 2176
f 2077 2177 2176
f 2077 2078 2177
f 2078 2178 2177
f 2078 2079 2178
f 2079 2179 2178
f 2079 2080 2179
f 2080 2180 2179
f 2080 2081 2180
f 2081 2181 2180
f 2081 2082 2181
f 2082 2182 2181
f 2082 2083 2182
f 2083 2183 2182
f 2083 2084 2183
f 2084 2184 2183
f 2084 2085 2184
f 2085 2185 2184
f 2085 2086 2185
f 2086 2186 2185
f 2086 2087 2186
f 2087 2187 2186
f 2087 2088 2187
f 2088 2188 2187
f 2088 2089 2188
f 2089 2189 2188
f 2089 2090 2189
f 2090 2190 2189
f 2090 2091 2190
f 2091 2191 2190
f 2091 2092 2191
f 2092 2192 2191
f 2092 2093 2192
f 2093 2193 2192
f 2093 2094 2193
f 2094 2194 2193
f 2094 2095 2194
f 2095 2195 2194
f 2095 2096 2195
f 2096 2196 2195
f 2096 2097 2196
f 2097 2197 2196
f 2097 2098 2197
f 2098 2198 2197
f 2098 2099 2198
f 2099 2199 2198
f 2099 2100 2199
f 2100 2200 2199
f 2101 2102 2201
f 2102 2202 2201
f 2102 2103 2202
f 2103 2203 2202
f 2103 2104 2203
f 2104 2204 2203
f 2104 2105 2204
f 2105 2205 2204
f 2105 2106 2205
f 2106 2206 2205
f 2106 2107 2206
f 2107 2207 2206
f 2107 2108 2207
f 2108 2208 2207
f 2108 2109 2208
f 2109 2209 2208
f 2109 2110 2209
f 2110 2210 2209
f 2110 2111 2210
f 2111 2211 2210
f 2111 2112 2211
f 2112 2212 2211
f 2112 2113 2212
f 2113 2213 2212
f 2113 2114 2213
f 2114 2214 2213
f 2114 2115 2214
f 2115 2215 2214
f 2115 2116 2215
f 2116 2216 2215
f 2116 2117 2216
f 2117 2217 2216
f 2117 2118 2217
f 2118 2218 2217
f 2118 2119 2218
f 2119 2219 2218
f 2119 2120 2219
f 2120 2220 2219
f 2120 2121 2220
f 2121 2221 2220
f 2121 2122 2221
f 2122 2222 2221
f 2122 2123 2222
f 2123 2223 2222
f 2123 2124 2223
f 2124 2224 2223
f 2124 2125 2224
f 2125 2225 2224
f 2125 2126 2225
f 2126 2226 2225
f 2126 2127 2226
f 2127 2227 2226
f 2127 2128 2227
f 2128 2228 2227
f 2128 2129 2228
f 2129 2229 2228
f 2129 2130 2229
f 2130 2230 2229
f 2130 2131 2230
f 2131 2231 2230
f 2131 2132 2231
f 2132 2232 2231
f 2132 2133 2232
f 2133 2233 2232
f 2133 2134 2233
f 2134 2234 2233
f 2134 2135 2234
f 2135 2235 2234
f 2135 2136 2235
f 2136 2236 2235
f 2136 2137 2236
f 2137 2237 2236
f 2137 2138 2237
f 2138 2238 2237
f 2138 2139 2238
f 2139 2239 2238
f 2139 2140 2239
f 2140 2240 2239
f 2140 2141 2240
f 2141 2241 2240
f 2141 2142 2241
f 2142 2242 2241
f 2142 2143 2242
f 2143 2243 2242
f 2143 2144 2243
f 2144 2244 2243
f 2144 2145 2244
f 2145 2245 2244
f 2145 2146 2245
f 2146 2246 2245
f 2146 2147 2246
f 2147 2247 2246
f 2147 2148 2247
f 2148 2248 2247
f 2148 2149 2248
f 2149 2249 2248
f 2149 2150 2249
f 2150 2250 2249
f 2150 2151 2250
f 2151 2251 2250
f 2151 2152 2251
f 2152 2252 2251
f 2152 2153 2252
f 2153 2253 2252
f 2153 2154 2253
f 2154 2254 2253
f 2154 2155 2254
f 2155 2255 2254
f 2155 2156 2255
f 2156 2256 2255
f 2156 2157 2256
f 2157 2257 2256
f 2157 2158 2257
f 2158 2258 2257
f 2158 2159 2258
f 2159 2259 2258
f 2159 2160 2259
f 2160 2260 2259
f 2160 2161 2260
f 2161 2261 2260
f 2161 2162 2261
f 2162 2262 2261
f 2162 2163 2262
f 2163 2263 2262
f 2163 2164 2263
f 2164 2264 2263
f 2164 2165 2264
f 2165 2265 2264
f 2165 2166 2265
f 2166 2266 2265
f 2166 2167 2266
f 2167 2267 2266
f 2167 2168 2267
f 2168 2268 2267
f 2168 2169 2268
f 2169 2269 2268
f 2169 2170 2269
f 2170 2270 2269
f 2170 2171 2270
f 2171 2271 2270
f 2171 2172 2271
f 2172 2272 2271
f 2172 2173 2272
f 2173 2273 2272
f 2173 2174 2273
f 2174 2274 2273
f 2174 2175 2274
f 2175 2275 2274
f 2175 2176 2275
f 2176 2276 2275
f 2176 2177 2276
f 2177 2277 2276
f 2177 2178 2277
f 2178 2278 2277
f 2178 2179 2278
f 2179 2279 2278
f 2179 2180 2279
f 2180 2280 2279
f 2180 2181 2280
f 2181 2281 2280
f 2181 2182 2281
f 2182 2282 2281
f 2182 2183 2282
f 2183 2283 2282
f 2183 2184 2283
f 2184 2284 2283
f 2184 2185 2284
f 2185 2285 2284
f 2185 2186 2285
f 2186 2286 2285
f 2186 2187 2286
f 2187 2287 2286
f 2187 2188 2287
f 2188 2288 2287
f 2188 2189 2288
f 2189 2289 2288
f 2189 2190 2289
f 2190 2290 2289
f 2190 2191 2290
f 2191 2291 2290
f 2191 2192 2291
f 2192 2292 2291
f 2192 2193 2292
f 2193 2293 2292
f 2193 2194 2293
f 2194 2294 2293
f 2194 2195 2294
f 2195 2295 2294
f 2195 2196 2295
f 2196 2296 2295
f 2196 2197 2296
f 2197 2297 2296
f 2197 2198 2297
f 2198 2298 2297
f 2198 2199 2298
f 2199 2299 2298
f 2199 2200 2299
f 2200 2300 2299
f 2201 2202 2301
f 2202 2302 2301
f 2202 2203 2302
f 2203 2303 2302
f 2203 2204 2303
f 2204 2304 2303
f 2204 2205 2304
f 2205 2305 2304
f 2205 2206 2305
f 2206 2306 2305
f 2206 2207 2306
f 2207 2307 2306
f 2207 2208 2307
f 2208 2308 2307
f 2208 2209 2308
f 2209 2309 2308
f 2209 2210 2309
f 2210 2310 2309
f 2210 2211 2310
f 2211 2311 2310
f 2211 2212 2311
f 2212 2312 2311
f 2212 2213 2312
f 2213 2313 2312
f 2213 2214 2313
f 2214 2314 2313
f 2214 2215 2314
f 2215 2315 2314
f 2215 2216 2315
f 2216 2316 2315
f 2216 2217 2316
f 2217 2317 2316
f 2217 2218 2317
f 2218 2318 2317
f 2218 2219 2318
f 2219 2319 2318
f 2219 2220 2319
f 2220 2320 2319
f 2220 2221 2320
f 2221 2321 2320
f 2221 2222 2321
f 2222 2322 2321
f 2222 2223 2322
f 2223 2323 2322
f 2223 2224 2323
f 2224 2324 2323
f 2224 2225 2324
f 2225 2325 2324
f 2225 2226 2325
f 2226 2326 2325
f 2226 2227 2326
f 2227 2327 2326
f 2227 2228 2327
f 2228 2328 2327
f 2228 2229 2328
f 2229 2329 2328
f 2229 2230 2329
f 2230 2330 2329
f 2230 2231 2330
f 2231 2331 2330
f 2231 2232 2331
f 2232 2332 2331
f 2232 2233 2332
f 2233 2333 2332
f 2233 2234 2333
f 2234 2334 2333
f 2234 2235 2334
f 2235 2335 2334
f 2235 2236 2335
f 2236 2336 2335
f 2236 2237 2336
f 2237 2337 2336
f 2237 2238 2337
f 2238 2338 2337
f 2238 2239 2338
f 2239 2339 2338
f 2239 2240 2339
f 2240 2340 2339
f 2240 2241 2340
f 2241 2341 2340
f 2241 2242 2341
f 2242 2342 2341
f 2242 2243 2342
f 2243 2343 2342
f 2243 2244 2343
f 2244 2344 2343
f 2244 2245 2344
f 2245 2345 2344
f 2245 2246 2345
f 2246 2346 2345
f 2246 2247 2346
f 2247 2347 2346
f 2247 2248 2347
f 2248 2348 2347
f 2248 2249 2348
f 2249 2349 2348
f 2249 2250 2349
f 2250 2350 2349
f 2250 2251 2350
f 2251 2351 2350
f 2251 2252 2351
f 2252 2352 2351
f 2252 2253 2352
f 2253 2353 2352
f 2253 2254 2353
f 2254 2354 2353
f 2254 2255 2354
f 2255 2355 2354
f 2255 2256 2355
f 2256 2356 2355
f 2256 2257 2356
f 2257 2357 2356
f 2257 2258 2357
f 2258 2358 2357
f 2258 2259 2358
f 2259 2359 2358
f 2259 2260 2359
f 2260 2360 2359
f 2260 2261 2360
f 2261 2361 2360
f 2261 2262 2361
f 2262 2362 2361
f 2262 2263 2362
f 2263 2363 2362
f 2263 2264 2363
f 2264 2364 2363
f 2264 2265 2364
f 2265 2365 2364
f 2265 2266 2365
f 2266 2366 2365
f 2266 2267 2366
f 2267 2367 2366
f 2267 2268 2367
f 2268 2368 2367
f 2268 2269 2368
f 2269 2369 2368
f 2269 2270 2369
f 2270 2370 2369
f 2270 2271 2370
f 2271 2371 2370
f 2271 2272 2371
f 2272 2372 2371
f 2272 2273 2372
f 2273 2373 2372
f 2273 2274 2373
f 2274 2374 2373
f 2274 2275 2374
f 2275 2375 2374
f 2275 2276 2375
f 2276 2376 2375
f 2276 2277 2376
f 2277 2377 2376
f 2277 2278 2377
f 2278 2378 2377
f 2278 2279 2378
f 2279 2379 2378
f 2279 2280 2379
f 2280 2380 2379
f 2280 2281 2380
f 2281 2381 2380
f 2281 2282 2381
f 2282 2382 2381
f 2282 2283 2382
f 2283 2383 2382
f 2283 2284 2383
f 2284 2384 2383
f 2284 2285 2384
f 2285 2385 2384
f 2285 2286 2385
f 2286 2386 2385
f 2286 2287 2386
f 2287 2387 2386
f 2287 2288 2387
f 2288 2388 2387
f 2288 2289 2388
f 2289 2389 2388
f 2289 2290 2389
f 2290 2390 2389
f 2290 2291 2390
f 2291 2391 2390
f 2291 2292 2391
f 2292 2392 2391
f 2292 2293 2392
f 2293 2393 2392
f 2293 2294 2393
f 2294 2394 2393
f 2294 2295 2394
f 2295 2395 2394
f 2295 2296 2395
f 2296 2396 2395
f 2296 2297 2396
f 2297 2397 2396
f 2297 2298 2397
f 2298 2398 2397
f 2298 2299 2398
f 2299 2399 2398
f 2299 2300 2399
f 2300 2400 2399
f 2301 2302 2401
f 2302 2402 2401
f 2302 2303 2402
f 2303 2403 2402
f 2303 2304 2403
f 2304 2404 2403
f 2304 2305 2404
f 2305 2405 2404
f 2305 2306 2405
f 2306 2406 2405
f 2306 2307 2406
f 2307 2407 2406
f 2307 2308 2407
f 2308 2408 2407
f 2308 2309 2408
f 2309 2409 2408
f 2309 2310 2409
f 2310 2410 2409
f 2310 2311 2410
f 2311 2411 2410
f 2311 2312 2411
f 2312 2412 2411
f 2312 2313 2412
f 2313 2413 2412
f 2313 2314 2413
f 2314 2414 2413
f 2314 2315 2414
f 2315 2415 2414
f 2315 2316 2415
f 2316 2416 2415
f 2316 2317 2416
f 2317 2417 2416
f 2317 2318 2417
f 2318 2418 2417
f 2318 2319 2418
f 2319 2419 2418
f 2319 2320 2419
f 2320 2420 2419
f 2320 2321 2420
f 2321 2421 2420
f 2321 2322 2421
f 2322 2422 2421
f 2322 2323 2422
f 2323 2423 2422
f 2323 2324 2423
f 2324 2424 2423
f 2324 2325 2424
f 2325 2425 2424
f 2325 2326 2425
f 2326 2426 2425
f 2326 2327 2426
f 2327 2427 2426
f 2327 2328 2427
f 2328 2428 2427
f 2328 2329 2428
f 2329 2429 2428
f 2329 2330 2429
f 2330 2430 2429
f 2330 2331 2430
f 2331 2431 2430
f 2331 2332 2431
f 2332 2432 2431
f 2332 2333 2432
f 2333 2433 2432
f 2333 2334 2433
f 2334 2434 2433
f 2334 2335 2434
f 2335 2435 2434
f 2335 2336 2435
f 2336 2436 2435
f 2336 2337 2436
f 2337 2437 2436
f 2337 2338 2437
f 2338 2438 2437
f 2338 2339 2438
f 2339 2439 2438
f 2339 2340 2439
f 2340 2440 2439
f 2340 2341 2440
f 2341 2441 2440
f 2341 2342 2441
f 2342 2442 2441
f 2342 2343 2442
f 2343 2443 2442
f 2343 2344 2443
f 2344 2444 2443
f 2344 2345 2444
f 2345 2445 2444
f 2345 2346 2445
f 2346 2446 2445
f 2346 2347 2446
f 2347 2447 2446
f 2347 2348 2447
f 2348 2448 2447
f 2348 2349 2448
f 2349 2449 2448
f 2349 2350 2449
f 2350 2450 2449
f 2350 2351 2450
f 2351 2451 2450
f 2351 2352 2451
f 2352 2452 2451
f 2352 2353 2452
f 2353 2453 2452
f 2353 2354 2453
f 2354 2454 2453
f 2354 2355 2454
f 2355 2455 2454
f 2355 2356 2455
f 2356 2456 2455
f 2356 2357 2456
f 2357 2457 2456
f 2357 2358 2457
f 2358 2458 2457
f 2358 2359 2458
f 2359 2459 2458
f 2359 2360 2459
f 2360 2460 2459
f 2360 2361 2460
f 2361 2461 2460
f 2361 2362 2461
f 2362 2462 2461
f 2362 2363 2462
f 2363 2463 2462
f 2363 2364 2463
f 2364 2464 2463
f 2364 2365 2464
f 2365 2465 2464
f 2365 2366 2465
f 2366 2466 2465
f 2366 2367 2466
f 2367 2467 2466
f 2367 2368 2467
f 2368 2468 2467
f 2368 2369 2468
f 2369 2469 2468
f 2369 2370 2469
f 2370 2470 2469
f 2370 2371 2470
f 2371 2471 2470
f 2371 2372 2471
f 2372 2472 2471
f 2372 2373 2472
f 2373 2473 2472
f 2373 2374 2473
f 2374 2474 2473
f 2374 2375 2474
f 2375 2475 2474
f 2375 2376 2475
f 2376 2476 2475
f 2376 2377 2476
f 2377 2477 2476
f 2377 2378 2477
f 2378 2478 2477
f 2378 2379 2478
f 2379 2479 2478
f 2379 2380 2479
f 2380 2480 2479
f 2380 2381 2480
f 2381 2481 2480
f 2381 2382 2481
f 2382 2482 2481
f 2382 2383 2482
f 2383 2483 2482
f 2383 2384 2483
f 2384 2484 2483
f 2384 2385 2484
f 2385 2485 2484
f 2385 2386 2485
f 2386 2486 2485
f 2386 2387 2486
f 2387 2487 2486
f 2387 2388 2487
f 2388 2488 2487
f 2388 2389 2488
f 2389 2489 2488
f 2389 2390 2489
f 2390 2490 2489
f 2390 2391 2490
f 2391 2491 2490
f 2391 2392 2491
f 2392 2492 2491
f 2392 2393 2492
f 2393 2493 2492
f 2393 2394 2493
f 2394 2494 2493
f 2394 2395 2494
f 2395 2495 2494
f 2395 2396 2495
f 2396 2496 2495
f 2396 2397 2496
f 2397 2497 2496
f 2397 2398 2497
f 2398 2498 2497
f 2398 2399 2498
f 2399 2499 2498
f 2399 2400 2499
f 2400 2500 2499
f 2401 2402 2501
f 2402 2502 2501
f 2402 2403 2502
f 2403 2503 2502
f 2403 2404 2503
f 2404 2504 2503
f 2404 2405 2504
f 2405 2505 2504
f 2405 2406 2505
f 2406 2506 2505
f 2406 2407 2506
f 2407 2507 2506
f 2407 2408 2507
f 2408 2508 2507
f 2408 2409 2508
f 2409 2509 2508
f 2409 2410 2509
f 2410 2510 2509
f 2410 2411 2510
f 2411 2511 2510
f 2411 2412 2511
f 2412 2512 2511
f 2412 2413 2512
f 2413 2513 2512
f 2413 2414 2513
f 2414 2514 2513
f 2414 2415 2514
f 2415 2515 2514
f 2415 2416 2515
f 2416 2516 2515
f 2416 2417 2516
f 2417 2517 2516
f 2417 2418 2517
f 2418 2518 2517
f 2418 2419 2518
f 2419 2519 2518
f 2419 2420 2519
f 2420 2520 2519
f 2420 2421 2520
f 2421 2521 2520
f 2421 2422 2521
f 2422 2522 2521
f 2422 2423 2522
f 2423 2523 2522
f 2423 2424 2523
f 2424 2524 2523
f 2424 2425 2524
f 2425 2525 2524
f 2425 2426 2525
f 2426 2526 2525
f 2426 2427 2526
f 2427 2527 2526
f 2427 2428 2527
f 2428 2528 2527
f 2428 2429 2528
f 2429 2529 2528
f 2429 2430 2529
f 2430 2530 2529
f 2430 2431 2530
f 2431 2531 2530
f 2431 2432 2531
f 2432 2532 2531
f 2432 2433 2532
f 2433 2533 2532
f 2433 2434 2533
f 2434 2534 2533
f 2434 2435 2534
f 2435 2535 2534
f 2435 2436 2535
f 2436 2536 2535
f 2436 2437 2536
f 2437 2537 2536
f 2437 2438 2537
f 2438 2538 2537
f 2438 2439 2538
f 2439 2539 2538
f 2439 2440 2539
f 2440 2540 2539
f 2440 2441 2540
f 2441 2541 2540
f 2441 2442 2541
f 2442 2542 2541
f 2442 2443 2542
f 2443 2543 2542
f 2443 2444 2543
f 2444 2544 2543
f 2444 2445 2544
f 2445 2545 2544
f 2445 2446 2545
f 2446 2546 2545
f 2446 2447 2546
f 2447 2547 2546
f 2447 2448 2547
f 2448 2548 2547
f 2448 2449 2548
f 2449 2549 2548
f 2449 2450 2549
f 2450 2550 2549
f 2450 2451 2550
f 2451 2551 2550
f 2451 2452 2551
f 2452 2552 2551
f 2452 2453 2552
f 2453 2553 2552
f 2453 2454 2553
f 2454 2554 2553
f 2454 2455 2554
f 2455 2555 2554
f 2455 2456 2555
f 2456 2556 2555
f 2456 2457 2556
f 2457 2557 2556
f 2457 2458 2557
f 2458 2558 2557
f 2458 2459 2558
f 2459 2559 2558
f 2459 2460 2559
f 2460 2560 2559
f 2460 2461 2560
f 2461 2561 2560
f 2461 2462 2561
f 2462 2562 2561
f 2462 2463 2562
f 2463 2563 2562
f 2463 2464 2563
f 2464 2564 2563
f 2464 2465 2564
f 2465 2565 2564
f 2465 2466 2565
f 2466 2566 2565
f 2466 2467 2566
f 2467 2567 2566
f 2467 2468 2567
f 2468 2568 2567
f 2468 2469 2568
f 2469 2569 2568
f 2469 2470 2569
f 2470 2570 2569
f 2470 2471 2570
f 2471 2571 2570
f 2471 2472 2571
f 2472 2572 2571
f 2472 2473 2572
f 2473 2573 2572
f 2473 2474 2573
f 2474 2574 2573
f 2474 2475 2574
f 2475 2575 2574
f 2475 2476 2575
f 2476 2576 2575
f 2476 2477 2576
f 2477 2577 2576
f 2477 2478 2577
f 2478 2578 2577
f 2478 2479 2578
f 2479 2579 2578
f 2479 2480 2579
f 2480 2580 2579
f 2480 2481 2580
f 2481 2581 2580
f 2481 2482 2581
f 2482 2582 2581
f 2482 2483 2582
f 2483 2583 2582
f 2483 2484 2583
f 2484 2584 2583
f 2484 2485 2584
f 2485 2585 2584
f 2485 2486 2585
f 2486 2586 2585
f 2486 2487 2586
f 2487 2587 2586
f 2487 2488 2587
f 2488 2588 2587
f 2488 2489 2588
f 2489 2589 2588
f 2489 2490 2589
f 2490 2590 2589
f 2490 2491 2590
f 2491 2591 2590
f 2491 2492 2591
f 2492 2592 2591
f 2492 2493 2592
f 2493 2593 2592
f 2493 2494 2593
f 2494 2594 2593
f 2494 2495 2594
f 2495 2595 2594
f 2495 2496 2595
f 2496 2596 2595
f 2496 2497 2596
f 2497 2597 2596
f 2497 2498 2597
f 2498 2598 2597
f 2498 2499 2598
f 2499 2599 2598
f 2499 2500 2599
f 2500 2600 2599
f 2501 2502 2601
f 2502 2602 2601
f 2502 2503 2602
f 2503 2603 2602
f 2503 2504 2603
f 2504 2604 2603
f 2504 2505 2604
f 2505 2605 2604
f 2505 2506 2605
f 2506 2606 2605
f 2506 2507 2606
f 2507 2607 2606
f 2507 2508 2607
f 2508 2608 2607
f 2508 2509 2608
f 2509 2609 2608
f 2509 2510 2609
f 2510 2610 2609
f 2510 2511 2610
f 2511 2611 2610
f 2511 2512 2611
f 2512 2612 2611
f 2512 2513 2612
f 2513 2613 2612
f 2513 2514 2613
f 2514 2614 2613
f 2514 2515 2614
f 2515 2615 2614
f 2515 2516 2615
f 2516 2616 2615
f 2516 2517 2616
f 2517 2617 2616
f 2517 2518 2617
f 2518 2618 2617
f 2518 2519 2618
f 2519 2619 2618
f 2519 2520 2619
f 2520 2620 2619
f 2520 2521 2620
f 2521 2621 2620
f 2521 2522 2621
f 2522 2622 2621
f 2522 2523 2622
f 2523 2623 2622
f 2523 2524 2623
f 2524 2624 2623
f 2524 2525 2624
f 2525 2625 2624
f 2525 2526 2625
f 2526 2626 2625
f 2526 2527 2626
f 2527 2627 2626
f 2527 2528 2627
f 2528 2628 2627
f 2528 2529 2628
f 2529 2629 2628
f 2529 2530 2629
f 2530 2630 2629
f 2530 2531 2630
f 2531 2631 2630
f 2531 2532 2631
f 2532 2632 2631
f 2532 2533 2632
f 2533 2633 2632
f 2533 2534 2633
f 2534 2634 2633
f 2534 2535 2634
f 2535 2635 2634
f 2535 2536 2635
f 2536 2636 2635
f 2536 2537 2636
f 2537 2637 2636
f 2537 2538 2637
f 2538 2638 2637
f 2538 2539 2638
f 2539 2639 2638
f 2539 2540 2639
f 2540 2640 2639
f 2540 2541 2640
f 2541 2641 2640
f 2541 2542 2641
f 2542 2642 2641
f 2542 2543 2642
f 2543 2643 2642
f 2543 2544 2643
f 2544 2644 2643
f 2544 2545 2644
f 2545 2645 2644
f 2545 2546 2645
f 2546 2646 2645
f 2546 2547 2646
f 2547 2647 2646
f 2547 2548 2647
f 2548 2648 2647
f 2548 2549 2648
f 2549 2649 2648
f 2549 2550 2649
f 2550 2650 2649
f 2550 2551 2650
f 2551 2651 2650
f 2551 2552 2651
f 2552 2652 2651
f 2552 2553 2652
f 2553 2653 2652
f 2553 2554 2653
f 2554 2654 2653
f 2554 2555 2654
f 2555 2655 2654
f 2555 2556 2655
f 2556 2656 2655
f 2556 2557 2656
f 2557 2657 2656
f 2557 2558 2657
f 2558 2658 2657
f 2558 2559 2658
f 2559 2659 2658
f 2559 2560 2659
f 2560 2660 2659
f 2560 2561 2660
f 2561 2661 2660
f 2561 2562 2661
f 2562 2662 2661
f 2562 2563 2662
f 2563 2663 2662
f 2563 2564 2663
f 2564 2664 2663
f 2564 2565 2664
f 2565 2665 2664
f 2565 2566 2665
f 2566 2666 2665
f 2566 2567 2666
f 2567 2667 2666
f 2567 2568 2667
f 2568 2668 2667
f 2568 2569 2668
f 2569 2669 2668
f 2569 2570 2669
f 2570 2670 2669
f 2570 2571 2670
f 2571 2671 2670
f 2571 2572 2671
f 2572 2672 2671
f 2572 2573 2672
f 2573 2673 2672
f 2573 2574 2673
f 2574 2674 2673
f 2574 2575 2674
f 2575 2675 2674
f 2575 2576 2675
f 2576 2676 2675
f 2576 2577 2676
f 2577 2677 2676
f 2577 2578 2677
f 2578 2678 2677
f 2578 2579 2678
f 2579 2679 2678
f 2579 2580 2679
f 2580 2680 2679
f 2580 2581 2680
f 2581 2681 2680
f 2581 2582 2681
f 2582 2682 2681
f 2582 2583 2682
f 2583 2683 2682
f 2583 2584 2683
f 2584 2684 2683
f 2584 2585 2684
f 2585 2685 2684
f 2585 2586 2685
f 2586 2686 2685
f 2586 2587 2686
f 2587 2687 2686
f 2587 2588 2687
f 2588 2688 2687
f 2588 2589 2688
f 2589 2689 2688
f 2589 2590 2689
f 2590 2690 2689
f 2590 2591 2690
f 2591 2691 2690
f 2591 2592 2691
f 2592 2692 2691
f 2592 2593 2692
f 2593 2693 2692
f 2593 2594 2693
f 2594 2694 2693
f 2594 2595 2694
f 2595 2695 2694
f 2595 2596 2695
f 2596 2696 2695
f 2596 2597 2696
f 2597 2697 2696
f 2597 2598 2697
f 2598 2698 2697
f 2598 2599 2698
f 2599 2699 2698
f 2599 2600 2699
f 2600 2700 2699
f 2601 2602 2701
f 2602 2702 2701
f 2602 2603 2702
f 2603 2703 2702
f 2603 2604 2703
f 2604 2704 2703
f 2604 2605 2704
f 2605 2705 2704
f 2605 2606 2705
f 2606 2706 2705
f 2606 2607 2706
f 2607 2707 2706
f 2607 2608 2707
f 2608 2708 2707
f 2608 2609 2708
f 2609 2709 2708
f 2609 2610 2709
f 2610 2710 2709
f 2610 2611 2710
f 2611 2711 2710
f 2611 2612 2711
f 2612 2712 2711
f 2612 2613 2712
f 2613 2713 2712
f 2613 2614 2713
f 2614 2714 2713
f 2614 2615 2714
f 2615 2715 2714
f 2615 2616 2715
f 2616 2716 2715
f 2616 2617 2716
f 2617 2717 2716
f 2617 2618 2717
f 2618 2718 2717
f 2618 2619 2718
f 2619 2719 2718
f 2619 2620 2719
f 2620 2720 2719
f 2620 2621 2720
f 2621 2721 2720
f 2621 2622 2721
f 2622 2722 2721
f 2622 2623 2722
f 2623 2723 2722
f 2623 2624 2723
f 2624 2724 2723
f 2624 2625 2724
f 2625 2725 2724
f 2625 2626 2725
f 2626 2726 2725
f 2626 2627 2726
f 2627 2727 2726
f 2627 2628 2727
f 2628 2728 2727
f 2628 2629 2728
f 2629 2729 2728
f 2629 2630 2729
f 2630 2730 2729
f 2630 2631 2730
f 2631 2731 2730
f 2631 2632 2731
f 2632 2732 2731
f 2632 2633 2732
f 2633 2733 2732
f 2633 2634 2733
f 2634 2734 2733
f 2634 2635 2734
f 2635 2735 2734
f 2635 2636 2735
f 2636 2736 2735
f 2636 2637 2736
f 2637 2737 2736
f 2637 2638 2737
f 2638 2738 2737
f 2638 2639 2738
f 2639 2739 2738
f 2639 2640 2739
f 2640 2740 2739
f 2640 2641 2740
f 2641 2741 2740
f 2641 2642 2741
f 2642 2742 2741
f 2642 2643 2742
f 2643 2743 2742
f 2643 2644 2743
f 2644 2744 2743
f 2644 2645 2744
f 2645 2745 2744
f 2645 2646 2745
f 2646 2746 2745
f 2646 2647 2746
f 2647 2747 2746
f 2647 2648 2747
f 2648 2748 2747
f 2648 2649 2748
f 2649 2749 2748
f 2649 2650 2749
f 2650 2750 2749
f 2650 2651 2750
f 2651 2751 2750
f 2651 2652 2751
f 2652 2752 2751
f 2652 2653 2752
f 2653 2753 2752
f 2653 2654 2753
f 2654 2754 2753
f 2654 2655 2754
f 2655 2755 2754
f 2655 2656 2755
f 2656 2756 2755
f 2656 2657 2756
f 2657 2757 2756
f 2657 2658 2757
f 2658 2758 2757
f 2658 2659 2758
f 2659 2759 2758
f 2659 2660 2759
f 2660 2760 2759
f 2660 2661 2760
f 2661 2761 2760
f 2661 2662 2761
f 2662 2762 2761
f 2662 2663 2762
f 2663 2763 2762
f 2663 2664 2763
f 2664 2764 2763
f 2664 2665 2764
f 2665 2765 2764
f 2665 2666 2765
f 2666 2766 2765
f 2666 2667 2766
f 2667 2767 2766
f 2667 2668 2767
f 2668 2768 2767
f 2668 2669 2768
f 2669 2769 2768
f 2669 2670 2769
f 2670 2770 2769
f 2670 2671 2770
f 2671 2771 2770
f 2671 2672 2771
f 2672 2772 2771
f 2672 2673 2772
f 2673 2773 2772
f 2673 2674 2773
f 2674 2774 2773
f 2674 2675 2774
f 2675 2775 2774
f 2675 2676 2775
f 2676 2776 2775
f 2676 2677 2776
f 2677 2777 2776
f 2677 2678 2777
f 2678 2778 2777
f 2678 2679 2778
f 2679 2779 2778
f 2679 2680 2779
f 2680 2780 2779
f 2680 2681 2780
f 2681 2781 2780
f 2681 2682 2781
f 2682 2782 2781
f 2682 2683 2782
f 2683 2783 2782
f 2683 2684 2783
f 2684 2784 2783
f 2684 2685 2784
f 2685 2785 2784
f 2685 2686 2785
f 2686 2786 2785
f 2686 2687 2786
f 2687 2787 2786
f 2687 2688 2787
f 2688 2788 2787
f 2688 2689 2788
f 2689 2789 2788
f 2689 2690 2789
f 2690 2790 2789
f 2690 2691 2790
f 2691 2791 2790
f 2691 2692 2791
f 2692 2792 2791
f 2692 2693 2792
f 2693 2793 2792
f 2693 2694 2793
f 2694 2794 2793
f 2694 2695 2794
f 2695 2795 2794
f 2695 2696 2795
f 2696 2796 2795
f 2696 2697 2796
f 2697 2797 2796
f 2697 2698 2797
f 2698 2798 2797
f 2698 2699 2798
f 2699 2799 2798
f 2699 2700 2799
f 2700 2800 2799
f 2701 2702 2801
f 2702 2802 2801
f 2702 2703 2802
f 2703 2803 2802
f 2703 2704 2803
f 2704 2804 2803
f 2704 2705 2804
f 2705 2805 2804
f 2705 2706 2805
f 2706 2806 2805
f 2706 2707 2806
f 2707 2807 2806
f 2707 2708 2807
f 2708 2808 2807
f 2708 2709 2808
f 2709 2809 2808
f 2709 2710 2809
f 2710 2810 2809
f 2710 2711 2810
f 2711 2811 2810
f 2711 2712 2811
f 2712 2812 2811
f 2712 2713 2812
f 2713 2813 2812
f 2713 2714 2813
f 2714 2814 2813
f 2714 2715 2814
f 2715 2815 2814
f 2715 2716 2815
f 2716 2816 2815
f 2716 2717 2816
f 2717 2817 2816
f 2717 2718 2817
f 2718 2818 2817
f 2718 2719 2818
f 2719 2819 2818
f 2719 2720 2819
f 2720 2820 2819
f 2720 2721 2820
f 2721 2821 2820
f 2721 2722 2821
f 2722 2822 2821
f 2722 2723 2822
f 2723 2823 2822
f 2723 2724 2823
f 2724 2824 2823
f 2724 2725 2824
f 2725 2825 2824
f 2725 2726 2825
f 2726 2826 2825
f 2726 2727 2826
f 2727 2827 2826
f 2727 2728 2827
f 2728 2828 2827
f 2728 2729 2828
f 2729 2829 2828
f 2729 2730 2829
f 2730 2830 2829
f 2730 2731 2830
f 2731 2831 2830
f 2731 2732 2831
f 2732 2832 2831
f 2732 2733 2832
f 2733 2833 2832
f 2733 2734 2833
f 2734 2834 2833
f 2734 2735 2834
f 2735 2835 2834
f 2735 2736 2835
f 2736 2836 2835
f 2736 2737 2836
f 2737 2837 2836
f 2737 2738 2837
f 2738 2838 2837
f 2738 2739 2838
f 2739 2839 2838
f 2739 2740 2839
f 2740 2840 2839
f 2740 2741 2840
f 2741 2841 2840
f 2741 2742 2841
f 2742 2842 2841
f 2742 2743 2842
f 2743 2843 2842
f 2743 2744 2843
f 2744 2844 2843
f 2744 2745 2844
f 2745 2845 2844
f 2745 2746 2845
f 2746 2846 2845
f 2746 2747 2846
f 2747 2847 2846
f 2747 2748 2847
f 2748 2848 2847
f 2748 2749 2848
f 2749 2849 2848
f 2749 2750 2849
f 2750 2850 2849
f 2750 2751 2850
f 2751 2851 2850
f 2751 2752 2851
f 2752 2852 2851
f 2752 2753 2852
f 2753 2853 2852
f 2753 2754 2853
f 2754 2854 2853
f 2754 2755 2854
f 2755 2855 2854
f 2755 2756 2855
f 2756 2856 2855
f 2756 2757 2856
f 2757 2857 2856
f 2757 2758 2857
f 2758 2858 2857
f 2758 2759 2858
f 2759 2859 2858
f 2759 2760 2859
f 2760 2860 2859
f 2760 2761 2860
f 2761 2861 2860
f 2761 2762 2861
f 2762 2862 2861
f 2762 2763 2862
f 2763 2863 2862
f 2763 2764 2863
f 2764 2864 2863
f 2764 2765 2864
f 2765 2865 2864
f 2765 2766 2865
f 2766 2866 2865
f 2766 2767 2866
f 2767 2867 2866
f 2767 2768 2867
f 2768 2868 2867
f 2768 2769 2868
f 2769 2869 2868
f 2769 2770 2869
f 2770 2870 2869
f 2770 2771 2870
f 2771 2871 2870
f 2771 2772 2871
f 2772 2872 2871
f 2772 2773 2872
f 2773 2873 2872
f 2773 2774 2873
f 2774 2874 2873
f 2774 2775 2874
f 2775 2875 2874
f 2775 2776 2875
f 2776 2876 2875
f 2776 2777 2876
f 2777 2877 2876
f 2777 2778 2877
f 2778 2878 2877
f 2778 2779 2878
f 2779 2879 2878
f 2779 2780 2879
f 2780 2880 2879
f 2780 2781 2880
f 2781 2881 2880
f 2781 2782 2881
f 2782 2882 2881
f 2782 2783 2882
f 2783 2883 2882
f 2783 2784 2883
f 2784 2884 2883
f 2784 2785 2884
f 2785 2885 2884
f 2785 2786 2885
f 2786 2886 2885
f 2786 2787 2886
f 2787 2887 2886
f 2787 2788 2887
f 2788 2888 2887
f 2788 2789 2888
f 2789 2889 2888
f 2789 2790 2889
f 2790 2890 2889
f 2790 2791 2890
f 2791 2891 2890
f 2791 2792 2891
f 2792 2892 2891
f 2792 2793 2892
f 2793 2893 2892
f 2793 2794 2893
f 2794 2894 2893
f 2794 2795 2894
f 2795 2895 2894
f 2795 2796 2895
f 2796 2896 2895
f 2796 2797 2896
f 2797 2897 2896
f 2797 2798 2897
f 2798 2898 2897
f 2798 2799 2898
f 2799 2899 2898
f 2799 2800 2899
f 2800 2900 2899
f 2801 2802 2901
f 2802 2902 2901
f 2802 2803 2902
f 2803 2903 2902
f 2803 2804 2903
f 2804 2904 2903
f 2804 2805 2904
f 2805 2905 2904
f 2805 2806 2905
f 2806 2906 2905
f 2806 2807 2906
f 2807 2907 2906
f 2807 2808 2907
f 2808 2908 2907
f 2808 2809 2908
f 2809 2909 2908
f 2809 2810 2909
f 2810 2910 2909
f 2810 2811 2910
f 2811 2911 2910
f 2811 2812 2911
f 2812 2912 2911
f 2812 2813 2912
f 2813 2913 2912
f 2813 2814 2913
f 2814 2914 2913
f 2814 2815 2914
f 2815 2915 2914
f 2815 2816 2915
f 2816 2916 2915
f 2816 2817 2916
f 2817 2917 2916
f 2817 2818 2917
f 2818 2918 2917
f 2818 2819 2918
f 2819 2919 2918
f 2819 2820 2919
f 2820 2920 2919
f 2820 2821 2920
f 2821 2921 2920
f 2821 2822 2921
f 2822 2922 2921
f 2822 2823 2922
f 2823 2923 2922
f 2823 2824 2923
f 2824 2924 2923
f 2824 2825 2924
f 2825 2925 2924
f 2825 2826 2925
f 2826 2926 2925
f 2826 2827 2926
f 2827 2927 2926
f 2827 2828 2927
f 2828 2928 2927
f 2828 2829 2928
f 2829 2929 2928
f 2829 2830 2929
f 2830 2930 2929
f 2830 2831 2930
f 2831 2931 2930
f 2831 2832 2931
f 2832 2932 2931
f 2832 2833 2932
f 2833 2933 2932
f 2833 2834 2933
f 2834 2934 2933
f 2834 2835 2934
f 2835 2935 2934
f 2835 2836 2935
f 2836 2936 2935
f 2836 2837 2936
f 2837 2937 2936
f 2837 2838 2937
f 2838 2938 2937
f 2838 2839 2938
f 2839 2939 2938
f 2839 2840 2939
f 2840 2940 2939
f 2840 2841 2940
f 2841 2941 2940
f 2841 2842 2941
f 2842 2942 2941
f 2842 2843 2942
f 2843 2943 2942
f 2843 2844 2943
f 2844 2944 2943
f 2844 2845 2944
f 2845 2945 2944
f 2845 2846 2945
f 2846 2946 2945
f 2846 2847 2946
f 2847 2947 2946
f 2847 2848 2947
f 2848 2948 2947
f 2848 2849 2948
f 2849 2949 2948
f 2849 2850 2949
f 2850 2950 2949
f 2850 2851 2950
f 2851 2951 2950
f 2851 2852 2951
f 2852 2952 2951
f 2852 2853 2952
f 2853 2953 2952
f 2853 2854 2953
f 2854 2954 2953
f 2854 2855 2954
f 2855 2955 2954
f 2855 2856 2955
f 2856 2956 2955
f 2856 2857 2956
f 2857 2957 2956
f 2857 2858 2957
f 2858 2958 2957
f 2858 2859 2958
f 2859 2959 2958
f 2859 2860 2959
f 2860 2960 2959
f 2860 2861 2960
f 2861 2961 2960
f 2861 2862 2961
f 2862 2962 2961
f 2862 2863 2962
f 2863 2963 2962
f 2863 2864 2963
f 2864 2964 2963
f 2864 2865 2964
f 2865 2965 2964
f 2865 2866 2965
f 2866 2966 2965
f 2866 2867 2966
f 2867 2967 2966
f 2867 2868 2967
f 2868 2968 2967
f 2868 2869 2968
f 2869 2969 2968
f 2869 2870 2969
f 2870 2970 2969
f 2870 2871 2970
f 2871 2971 2970
f 2871 2872 2971
f 2872 2972 2971
f 2872 2873 2972
f 2873 2973 2972
f 2873 2874 2973
f 2874 2974 2973
f 2874 2875 2974
f 2875 2975 2974
f 2875 2876 2975
f 2876 2976 2975
f 2876 2877 2976
f 2877 2977 2976
f 2877 2878 2977
f 2878 2978 2977
f 2878 2879 2978
f 2879 2979 2978
f 2879 2880 2979
f 2880 2980 2979
f 2880 2881 2980
f 2881 2981 2980
f 2881 2882 2981
f 2882 2982 2981
f 2882 2883 2982
f 2883 2983 2982
f 2883 2884 2983
f 2884 2984 2983
f 2884 2885 2984
f 2885 2985 2984
f 2885 2886 2985
f 2886 2986 2985
f 2886 2887 2986
f 2887 2987 2986
f 2887 2888 2987
f 2888 2988 2987
f 2888 2889 2988
f 2889 2989 2988
f 2889 2890 2989
f 2890 2990 2989
f 2890 2891 2990
f 2891 2991 2990
f 2891 2892 2991
f 2892 2992 2991
f 2892 2893 2992
f 2893 2993 2992
f 2893 2894 2993
f 2894 2994 2993
f 2894 2895 2994
f 2895 2995 2994
f 2895 2896 2995
f 2896 2996 2995
f 2896 2897 2996
f 2897 2997 2996
f 2897 2898 2997
f 2898 2998 2997
f 2898 2899 2998
f 2899 2999 2998
f 2899 2900 2999
f 2900 3000 2999
f 2901 2902 3001
f 2902 3002 3001
f 2902 2903 3002
f 2903 3003 3002
f 2903 2904 3003
f 2904 3004 3003
f 2904 2905 3004
f 2905 3005 3004
f 2905 2906 3005
f 2906 3006 3005
f 2906 2907 3006
f 2907 3007 3006
f 2907 2908 3007
f 2908 3008 3007
f 2908 2909 3008
f 2909 3009 3008
f 2909 2910 3009
f 2910 3010 3009
f 2910 2911 3010
f 2911 3011 3010
f 2911 2912 3011
f 2912 3012 3011
f 2912 2913 3012
f 2913 3013 3012
f 2913 2914 3013
f 2914 3014 3013
f 2914 2915 3014
f 2915 3015 3014
f 2915 2916 3015
f 2916 3016 3015
f 2916 2917 3016
f 2917 3017 3016
f 2917 2918 3017
f 2918 3018 3017
f 2918 2919 3018
f 2919 3019 3018
f 2919 2920 3019
f 2920 3020 3019
f 2920 2921 3020
f 2921 3021 3020
f 2921 2922 3021
f 2922 3022 3021
f 2922 2923 3022
f 2923 3023 3022
f 2923 2924 3023
f 2924 3024 3023
f 2924 2925 3024
f 2925 3025 3024
f 2925 2926 3025
f 2926 3026 3025
f 2926 2927 3026
f 2927 3027 3026
f 2927 2928 3027
f 2928 3028 3027
f 2928 2929 3028
f 2929 3029 3028
f 2929 2930 3029
f 2930 3030 3029
f 2930 2931 3030
f 2931 3031 3030
f 2931 2932 3031
f 2932 3032 3031
f 2932 2933 3032
f 2933 3033 3032
f 2933 2934 3033
f 2934 3034 3033
f 2934 2935 3034
f 2935 3035 3034
f 2935 2936 3035
f 2936 3036 3035
f 2936 2937 3036
f 2937 3037 3036
f 2937 2938 3037
f 2938 3038 3037
f 2938 2939 3038
f 2939 3039 3038
f 2939 2940 3039
f 2940 3040 3039
f 2940 2941 3040
f 2941 3041 3040
f 2941 2942 3041
f 2942 3042 3041
f 2942 2943 3042
f 2943 3043 3042
f 2943 2944 3043
f 2944 3044 3043
f 2944 2945 3044
f 2945 3045 3044
f 2945 2946 3045
f 2946 3046 3045
f 2946 2947 3046
f 2947 3047 3046
f 2947 2948 3047
f 2948 3048 3047
f 2948 2949 3048
f 2949 3049 3048
f 2949 2950 3049
f 2950 3050 3049
f 2950 2951 3050
f 2951 3051 3050
f 2951 2952 3051
f 2952 3052 3051
f 2952 2953 3052
f 2953 3053 3052
f 2953 2954 3053
f 2954 3054 3053
f 2954 2955 3054
f 2955 3055 3054
f 2955 2956 3055
f 2956 3056 3055
f 2956 2957 3056
f 2957 3057 3056
f 2957 2958 3057
f 2958 3058 3057
f 2958 2959 3058
f 2959 3059 3058
f 2959 2960 3059
f 2960 3060 3059
f 2960 2961 3060
f 2961 3061 3060
f 2961 2962 3061
f 2962 3062 3061
f 2962 2963 3062
f 2963 3063 3062
f 2963 2964 3063
f 2964 3064 3063
f 2964 2965 3064
f 2965 3065 3064
f 2965 2966 3065
f 2966 3066 3065
f 2966 2967 3066
f 2967 3067 3066
f 2967 2968 3067
f 2968 3068 3067
f 2968 2969 3068
f 2969 3069 3068
f 2969 2970 3069
f 2970 3070 3069
f 2970 2971 3070
f 2971 3071 3070
f 2971 2972 3071
f 2972 3072 3071
f 2972 2973 3072
f 2973 3073 3072
f 2973 2974 3073
f 2974 3074 3073
f 2974 2975 3074
f 2975 3075 3074
f 2975 2976 3075
f 2976 3076 3075
f 2976 2977 3076
f 2977 3077 3076
f 2977 2978 3077
f 2978 3078 3077
f 2978 2979 3078
f 2979 3079 3078
f 2979 2980 3079
f 2980 3080 3079
f 2980 2981 3080
f 2981 3081 3080
f 2981 2982 3081
f 2982 3082 3081
f 2982 2983 3082
f 2983 3083 3082
f 2983 2984 3083
f 2984 3084 3083
f 2984 2985 3084
f 2985 3085 3084
f 2985 2986 3085
f 2986 3086 3085
f 2986 2987 3086
f 2987 3087 3086
f 2987 2988 3087
f 2988 3088 3087
f 2988 2989 3088
f 2989 3089 3088
f 2989 2990 3089
f 2990 3090 3089
f 2990 2991 3090
f 2991 3091 3090
f 2991 2992 3091
f 2992 3092 3091
f 2992 2993 3092
f 2993 3093 3092
f 2993 2994 3093
f 2994 3094 3093
f 2994 2995 3094
f 2995 3095 3094
f 2995 2996 3095
f 2996 3096 3095
f 2996 2997 3096
f 2997 3097 3096
f 2997 2998 3097
f 2998 3098 3097
f 2998 2999 3098
f 2999 3099 3098
f 2999 3000 3099
f 3000 3100 3099
f 3001 3002 3101
f 3002 3102 3101
f 3002 3003 3102
f 3003 3103 3102
f 3003 3004 3103
f 3004 3104 3103
f 3004 3005 3104
f 3005 3105 3104
f 3005 3006 3105
f 3006 3106 3105
f 3006 3007 3106
f 3007 3107 3106
f 3007 3008 3107
f 3008 3108 3107
f 3008 3009 3108
f 3009 3109 3108
f 3009 3010 3109
f 3010 3110 3109
f 3010 3011 3110
f 3011 3111 3110
f 3011 3012 3111
f 3012 3112 3111
f 3012 3013 3112
f 3013 3113 3112
f 3013 3014 3113
f 3014 3114 3113
f 3014 3015 3114
f 3015 3115 3114
f 3015 3016 3115
f 3016 3116 3115
f 3016 3017 3116
f 3017 3117 3116
f 3017 3018 3117
f 3018 3118 3117
f 3018 3019 3118
f 3019 3119 3118
f 3019 3020 3119
f 3020 3120 3119
f 3020 3021 3120
f 3021 3121 3120
f 3021 3022 3121
f 3022 3122 3121
f 3022 3023 3122
f 3023 3123 3122
f 3023 3024 3123
f 3024 3124 3123
f 3024 3025 3124
f 3025 3125 3124
f 3025 3026 3125
f 3026 3126 3125
f 3026 3027 3126
f 3027 3127 3126
f 3027 3028 3127
f 3028 3128 3127
f 3028 3029 3128
f 3029 3129 3128
f 3029 3030 3129
f 3030 3130 3129
f 3030 3031 3130
f 3031 3131 3130
f 3031 3032 3131
f 3032 3132 3131
f 3032 3033 3132
f 3033 3133 3132
f 3033 3034 3133
f 3034 3134 3133
f 3034 3035 3134
f 3035 3135 3134
f 3035 3036 3135
f 3036 3136 3135
f 3036 3037 3136
f 3037 3137 3136
f 3037 3038 3137
f 3038 3138 3137
f 3038 3039 3138
f 3039 3139 3138
f 3039 3040 3139
f 3040 3140 3139
f 3040 3041 3140
f 3041 3141 3140
f 3041 3042 3141
f 3042 3142 3141
f 3042 3043 3142
f 3043 3143 3142
f 3043 3044 3143
f 3044 3144 3143
f 3044 3045 3144
f 3045 3145 3144
f 3045 3046 3145
f 3046 3146 3145
f 3046 3047 3146
f 3047 3147 3146
f 3047 3048 3147
f 3048 3148 3147
f 3048 3049 3148
f 3049 3149 3148
f 3049 3050 3149
f 3050 3150 3149
f 3050 3051 3150
f 3051 3151 3150
f 3051 3052 3151
f 3052 3152 3151
f 3052 3053 3152
f 3053 3153 3152
f 3053 3054 3153
f 3054 3154 3153
f 3054 3055 3154
f 3055 3155 3154
f 3055 3056 3155
f 3056 3156 3155
f 3056 3057 3156
f 3057 3157 3156
f 3057 3058 3157
f 3058 3158 3157
f 3058 3059 3158
f 3059 3159 3158
f 3059 3060 3159
f 3060 3160 3159
f 3060 3061 3160
f 3061 3161 3160
f 3061 3062 3161
f 3062 3162 3161
f 3062 3063 3162
f 3063 3163 3162
f 3063 3064 3163
f 3064 3164 3163
f 3064 3065 3164
f 3065 3165 3164
f 3065 3066 3165
f 3066 3166 3165
f 3066 3067 3166
f 3067 3167 3166
f 3067 3068 3167
f 3068 3168 3167
f 3068 3069 3168
f 3069 3169 3168
f 3069 3070 3169
f 3070 3170 3169
f 3070 3071 3170
f 3071 3171 3170
f 3071 3072 3171
f 3072 3172 3171
f 3072 3073 3172
f 3073 3173 3172
f 3073 3074 3173
f 3074 3174 3173
f 3074 3075 3174
f 3075 3175 3174
f 3075 3076 3175
f 3076 3176 3175
f 3076 3077 3176
f 3077 3177 3176
f 3077 3078 3177
f 3078 3178 3177
f 3078 3079 3178
f 3079 3179 3178
f 3079 3080 3179
f 3080 3180 3179
f 3080 3081 3180
f 3081 3181 3180
f 3081 3082 3181
f 3082 3182 3181
f 3082 3083 3182
f 3083 3183 3182
f 3083 3084 3183
f 3084 3184 3183
f 3084 3085 3184
f 3085 3185 3184
f 3085 3086 3185
f 3086 3186 3185
f 3086 3087 3186
f 3087 3187 3186
f 3087 3088 3187
f 3088 3188 3187
f 3088 3089 3188
f 3089 3189 3188
f 3089 3090 3189
f 3090 3190 3189
f 3090 3091 3190
f 3091 3191 3190
f 3091 3092 3191
f 3092 3192 3191
f 3092 3093 3192
f 3093 3193 3192
f 3093 3094 3193
f 3094 3194 3193
f 3094 3095 3194
f 3095 3195 3194
f 3095 3096 3195
f 3096 3196 3195
f 3096 3097 3196
f 3097 3197 3196
f 3097 3098 3197
f 3098 3198 3197
f 3098 3099 3198
f 3099 3199 3198
f 3099 3100 3199
f 3100 3200 3199
f 3101 3102 3201
f 3102 3202 3201
f 3102 3103 3202
f 3103 3203 3202
f 3103 3104 3203
f 3104 3204 3203
f 3104 3105 3204
f 3105 3205 3204
f 3105 3106 3205
f 3106 3206 3205
f 3106 3107 3206
f 3107 3207 3206
f 3107 3108 3207
f 3108 3208 3207
f 3108 3109 3208
f 3109 3209 3208
f 3109 3110 3209
f 3110 3210 3209
f 3110 3111 3210
f 3111 3211 3210
f 3111 3112 3211
f 3112 3212 3211
f 3112 3113 3212
f 3113 3213 3212
f 3113 3114 3213
f 3114 3214 3213
f 3114 3115 3214
f 3115 3215 3214
f 3115 3116 3215
f 3116 3216 3215
f 3116 3117 3216
f 3117 3217 3216
f 3117 3118 3217
f 3118 3218 3217
f 3118 3119 3218
f 3119 3219 3218
f 3119 3120 3219
f 3120 3220 3219
f 3120 3121 3220
f 3121 3221 3220
f 3121 3122 3221
f 3122 3222 3221
f 3122 3123 3222
f 3123 3223 3222
f 3123 3124 3223
f 3124 3224 3223
f 3124 3125 3224
f 3125 3225 3224
f 3125 3126 3225
f 3126 3226 3225
f 3126 3127 3226
f 3127 3227 3226
f 3127 3128 3227
f 3128 3228 3227
f 3128 3129 3228
f 3129 3229 3228
f 3129 3130 3229
f 3130 3230 3229
f 3130 3131 3230
f 3131 3231 3230
f 3131 3132 3231
f 3132 3232 3231
f 3132 3133 3232
f 3133 3233 3232
f 3133 3134 3233
f 3134 3234 3233
f 3134 3135 3234
f 3135 3235 3234
f 3135 3136 3235
f 3136 3236 3235
f 3136 3137 3236
f 3137 3237 3236
f 3137 3138 3237
f 3138 3238 3237
f 3138 3139 3238
f 3139 3239 3238
f 3139 3140 3239
f 3140 3240 3239
f 3140 3141 3240
f 3141 3241 3240
f 3141 3142 3241
f 3142 3242 3241
f 3142 3143 3242
f 3143 3243 3242
f 3143 3144 3243
f 3144 3244 3243
f 3144 3145 3244
f 3145 3245 3244
f 3145 3146 3245
f 3146 3246 3245
f 3146 3147 3246
f 3147 3247 3246
f 3147 3148 3247
f 3148 3248 3247
f 3148 3149 3248
f 3149 3249 3248
f 3149 3150 3249
f 3150 3250 3249
f 3150 3151 3250
f 3151 3251 3250
f 3151 3152 3251
f 3152 3252 3251
f 3152 3153 3252
f 3153 3253 3252
f 3153 3154 3253
f 3154 3254 3253
f 3154 3155 3254
f 3155 3255 3254
f 3155 3156 3255
f 3156 3256 3255
f 3156 3157 3256
f 3157 3257 3256
f 3157 3158 3257
f 3158 3258 3257
f 3158 3159 3258
f 3159 3259 3258
f 3159 3160 3259
f 3160 3260 3259
f 3160 3161 3260
f 3161 3261 3260
f 3161 3162 3261
f 3162 3262 3261
f 3162 3163 3262
f 3163 3263 3262
f 3163 3164 3263
f 3164 3264 3263
f 3164 3165 3264
f 3165 3265 3264
f 3165 3166 3265
f 3166 3266 3265
f 3166 3167 3266
f 3167 3267 3266
f 3167 3168 3267
f 3168 3268 3267
f 3168 3169 3268
f 3169 3269 3268
f 3169 3170 3269
f 3170 3270 3269
f 3170 3171 3270
f 3171 3271 3270
f 3171 3172 3271
f 3172 3272 3271
f 3172 3173 3272
f 3173 3273 3272
f 3173 3174 3273
f 3174 3274 3273
f 3174 3175 3274
f 3175 3275 3274
f 3175 3176 3275
f 3176 3276 3275
f 3176 3177 3276
f 3177 3277 3276
f 3177 3178 3277
f 3178 3278 3277
f 3178 3179 3278
f 3179 3279 3278
f 3179 3180 3279
f 3180 3280 3279
f 3180 3181 3280
f 3181 3281 3280
f 3181 3182 3281
f 3182 3282 3281
f 3182 3183 3282
f 3183 3283 3282
f 3183 3184 3283
f 3184 3284 3283
f 3184 3185 3284
f 3185 3285 3284
f 3185 3186 3285
f 3186 3286 3285
f 3186 3187 3286
f 3187 3287 3286
f 3187 3188 3287
f 3188 3288 3287
f 3188 3189 3288
f 3189 3289 3288
f 3189 3190 3289
f 3190 3290 3289
f 3190 3191 3290
f 3191 3291 3290
f 3191 3192 3291
f 3192 3292 3291
f 3192 3193 3292
f 3193 3293 3292
f 3193 3194 3293
f 3194 3294 3293
f 3194 3195 3294
f 3195 3295 3294
f 3195 3196 3295
f 3196 3296 3295
f 3196 3197 3296
f 3197 3297 3296
f 3197 3198 3297
f 3198 3298 3297
f 3198 3199 3298
f 3199 3299 3298
f 3199 3200 3299
f 3200 3300 3299
f 3201 3202 3301
f 3202 3302 3301
f 3202 3203 3302
f 3203 3303 3302
f 3203 3204 3303
f 3204 3304 3303
f 3204 3205 3304
f 3205 3305 3304
f 3205 3206 3305
f 3206 3306 3305
f 3206 3207 3306
f 3207 3307 3306
f 3207 3208 3307
f 3208 3308 3307
f 3208 3209 3308
f 3209 3309 3308
f 3209 3210 3309
f 3210 3310 3309
f 3210 3211 3310
f 3211 3311 3310
f 3211 3212 3311
f 3212 3312 3311
f 3212 3213 3312
f 3213 3313 3312
f 3213 3214 3313
f 3214 3314 3313
f 3214 3215 3314
f 3215 3315 3314
f 3215 3216 3315
f 3216 3316 3315
f 3216 3217 3316
f 3217 3317 3316
f 3217 3218 3317
f 3218 3318 3317
f 3218 3219 3318
f 3219 3319 3318
f 3219 3220 3319
f 3220 3320 3319
f 3220 3221 3320
f 3221 3321 3320
f 3221 3222 3321
f 3222 3322 3321
f 3222 3223 3322
f 3223 3323 3322
f 3223 3224 3323
f 3224 3324 3323
f 3224 3225 3324
f 3225 3325 3324
f 3225 3226 3325
f 3226 3326 3325
f 3226 3227 3326
f 3227 3327 3326
f 3227 3228 3327
f 3228 3328 3327
f 3228 3229 3328
f 3229 3329 3328
f 3229 3230 3329
f 3230 3330 3329
f 3230 3231 3330
f 3231 3331 3330
f 3231 3232 3331
f 3232 3332 3331
f 3232 3233 3332
f 3233 3333 3332
f 3233 3234 3333
f 3234 3334 3333
f 3234 3235 3334
f 3235 3335 3334
f 3235 3236 3335
f 3236 3336 3335
f 3236 3237 3336
f 3237 3337 3336
f 3237 3238 3337
f 3238 3338 3337
f 3238 3239 3338
f 3239 3339 3338
f 3239 3240 3339
f 3240 3340 3339
f 3240 3241 3340
f 3241 3341 3340
f 3241 3242 3341
f 3242 3342 3341
f 3242 3243 3342
f 3243 3343 3342
f 3243 3244 3343
f 3244 3344 3343
f 3244 3245 3344
f 3245 3345 3344
f 3245 3246 3345
f 3246 3346 3345
f 3246 3247 3346
f 3247 3347 3346
f 3247 3248 3347
f 3248 3348 3347
f 3248 3249 3348
f 3249 3349 3348
f 3249 3250 3349
f 3250 3350 3349
f 3250 3251 3350
f 3251 3351 3350
f 3251 3252 3351
f 3252 3352 3351
f 3252 3253 3352
f 3253 3353 3352
f 3253 3254 3353
f 3254 3354 3353
f 3254 3255 3354
f 3255 3355 3354
f 3255 3256 3355
f 3256 3356 3355
f 3256 3257 3356
f 3257 3357 3356
f 3257 3258 3357
f 3258 3358 3357
f 3258 3259 3358
f 3259 3359 3358
f 3259 3260 3359
f 3260 3360 3359
f 3260 3261 3360
f 3261 3361 3360
f 3261 3262 3361
f 3262 3362 3361
f 3262 3263 3362
f 3263 3363 3362
f 3263 3264 3363
f 3264 3364 3363
f 3264 3265 3364
f 3265 3365 3364
f 3265 3266 3365
f 3266 3366 3365
f 3266 3267 3366
f 3267 3367 3366
f 3267 3268 3367
f 3268 3368 3367
f 3268 3269 3368
f 3269 3369 3368
f 3269 3270 3369
f 3270 3370 3369
f 3270 3271 3370
f 3271 3371 3370
f 3271 3272 3371
f 3272 3372 3371
f 3272 3273 3372
f 3273 3373 3372
f 3273 3274 3373
f 3274 3374 3373
f 3274 3275 3374
f 3275 3375 3374
f 3275 3276 3375
f 3276 3376 3375
f 3276 3277 3376
f 3277 3377 3376
f 3277 3278 3377
f 3278 3378 3377
f 3278 3279 3378
f 3279 3379 3378
f 3279 3280 3379
f 3280 3380 3379
f 3280 3281 3380
f 3281 3381 3380
f 3281 3282 3381
f 3282 3382 3381
f 3282 3283 3382
f 3283 3383 3382
f 3283 3284 3383
f 3284 3384 3383
f 3284 3285 3384
f 3285 3385 3384
f 3285 3286 3385
f 3286 3386 3385
f 3286 3287 3386
f 3287 3387 3386
f 3287 3288 3387
f 3288 3388 3387
f 3288 3289 3388
f 3289 3389 3388
f 3289 3290 3389
f 3290 3390 3389
f 3290 3291 3390
f 3291 3391 3390
f 3291 3292 3391
f 3292 3392 3391
f 3292 3293 3392
f 3293 3393 3392
f 3293 3294 3393
f 3294 3394 3393
f 3294 3295 3394
f 3295 3395 3394
f 3295 3296 3395
f 3296 3396 3395
f 3296 3297 3396
f 3297 3397 3396
f 3297 3298 3397
f 3298 3398 3397
f 3298 3299 3398
f 3299 3399 3398
f 3299 3300 3399
f 3300 3400 3399
f 3301 3302 3401
f 3302 3402 3401
f 3302 3303 3402
f 3303 3403 3402
f 3303 3304 3403
f 3304 3404 3403
f 3304 3305 3404
f 3305 3405 3404
f 3305 3306 3405
f 3306 3406 3405
f 3306 3307 3406
f 3307 3407 3406
f 3307 3308 3407
f 3308 3408 3407
f 3308 3309 3408
f 3309 3409 3408
f 3309 3310 3409
f 3310 3410 3409
f 3310 3311 3410
f 3311 3411 3410
f 3311 3312 3411
f 3312 3412 3411
f 3312 3313 3412
f 3313 3413 3412
f 3313 3314 3413
f 3314 3414 3413
f 3314 3315 3414
f 3315 3415 3414
f 3315 3316 3415
f 3316 3416 3415
f 3316 3317 3416
f 3317 3417 3416
f 3317 3318 3417
f 3318 3418 3417
f 3318 3319 3418
f 3319 3419 3418
f 3319 3320 3419
f 3320 3420 3419
f 3320 3321 3420
f 3321 3421 3420
f 3321 3322 3421
f 3322 3422 3421
f 3322 3323 3422
f 3323 3423 3422
f 3323 3324 3423
f 3324 3424 3423
f 3324 3325 3424
f 3325 3425 3424
f 3325 3326 3425
f 3326 3426 3425
f 3326 3327 3426
f 3327 3427 3426
f 3327 3328 3427
f 3328 3428 3427
f 3328 3329 3428
f 3329 3429 3428
f 3329 3330 3429
f 3330 3430 3429
f 3330 3331 3430
f 3331 3431 3430
f 3331 3332 3431
f 3332 3432 3431
f 3332 3333 3432
f 3333 3433 3432
f 3333 3334 3433
f 3334 3434 3433
f 3334 3335 3434
f 3335 3435 3434
f 3335 3336 3435
f 3336 3436 3435
f 3336 3337 3436
f 3337 3437 3436
f 3337 3338 3437
f 3338 3438 3437
f 3338 3339 3438
f 3339 3439 3438
f 3339 3340 3439
f 3340 3440 3439
f 3340 3341 3440
f 3341 3441 3440
f 3341 3342 3441
f 3342 3442 3441
f 3342 3343 3442
f 3343 3443 3442
f 3343 3344 3443
f 3344 3444 3443
f 3344 3345 3444
f 3345 3445 3444
f 3345 3346 3445
f 3346 3446 3445
f 3346 3347 3446
f 3347 3447 3446
f 3347 3348 3447
f 3348 3448 3447
f 3348 3349 3448
f 3349 3449 3448
f 3349 3350 3449
f 3350 3450 3449
f 3350 3351 3450
f 3351 3451 3450
f 3351 3352 3451
f 3352 3452 3451
f 3352 3353 3452
f 3353 3453 3452
f 3353 3354 3453
f 3354 3454 3453
f 3354 3355 3454
f 3355 3455 3454
f 3355 3356 3455
f 3356 3456 3455
f 3356 3357 3456
f 3357 3457 3456
f 3357 3358 3457
f 3358 3458 3457
f 3358 3359 3458
f 3359 3459 3458
f 3359 3360 3459
f 3360 3460 3459
f 3360 3361 3460
f 3361 3461 3460
f 3361 3362 3461
f 3362 3462 3461
f 3362 3363 3462
f 3363 3463 3462
f 3363 3364 3463
f 3364 3464 3463
f 3364 3365 3464
f 3365 3465 3464
f 3365 3366 3465
f 3366 3466 3465
f 3366 3367 3466
f 3367 3467 3466
f 3367 3368 3467
f 3368 3468 3467
f 3368 3369 3468
f 3369 3469 3468
f 3369 3370 3469
f 3370 3470 3469
f 3370 3371 3470
f 3371 3471 3470
f 3371 3372 3471
f 3372 3472 3471
f 3372 3373 3472
f 3373 3473 3472
f 3373 3374 3473
f 3374 3474 3473
f 3374 3375 3474
f 3375 3475 3474
f 3375 3376 3475
f 3376 3476 3475
f 3376 3377 3476
f 3377 3477 3476
f 3377 3378 3477
f 3378 3478 3477
f 3378 3379 3478
f 3379 3479 3478
f 3379 3380 3479
f 3380 3480 3479
f 3380 3381 3480
f 3381 3481 3480
f 3381 3382 3481
f 3382 3482 3481
f 3382 3383 3482
f 3383 3483 3482
f 3383 3384 3483
f 3384 3484 3483
f 3384 3385 3484
f 3385 3485 3484
f 3385 3386 3485
f 3386 3486 3485
f 3386 3387 3486
f 3387 3487 3486
f 3387 3388 3487
f 3388 3488 3487
f 3388 3389 3488
f 3389 3489 3488
f 3389 3390 3489
f 3390 3490 3489
f 3390 3391 3490
f 3391 3491 3490
f 3391 3392 3491
f 3392 3492 3491
f 3392 3393 3492
f 3393 3493 3492
f 3393 3394 3493
f 3394 3494 3493
f 3394 3395 3494
f 3395 3495 3494
f 3395 3396 3495
f 3396 3496 3495
f 3396 3397 3496
f 3397 3497 3496
f 3397 3398 3497
f 3398 3498 3497
f 3398 3399 3498
f 3399 3499 3498
f 3399 3400 3499
f 3400 3500 3499
f 3401 3402 3501
f 3402 3502 3501
f 3402 3403 3502
f 3403 3503 3502
f 3403 3404 3503
f 3404 3504 3503
f 3404 3405 3504
f 3405 3505 3504
f 3405 3406 3505
f 3406 3506 3505
f 3406 3407 3506
f 3407 3507 3506
f 3407 3408 3507
f 3408 3508 3507
f 3408 3409 3508
f 3409 3509 3508
f 3409 3410 3509
f 3410 3510 3509
f 3410 3411 3510
f 3411 3511 3510
f 3411 3412 3511
f 3412 3512 3511
f 3412 3413 3512
f 3413 3513 3512
f 3413 3414 3513
f 3414 3514 3513
f 3414 3415 3514
f 3415 3515 3514
f 3415 3416 3515
f 3416 3516 3515
f 3416 3417 3516
f 3417 3517 3516
f 3417 3418 3517
f 3418 3518 3517
f 3418 3419 3518
f 3419 3519 3518
f 3419 3420 3519
f 3420 3520 3519
f 3420 3421 3520
f 3421 3521 3520
f 3421 3422 3521
f 3422 3522 3521
f 3422 3423 3522
f 3423 3523 3522
f 3423 3424 3523
f 3424 3524 3523
f 3424 3425 3524
f 3425 3525 3524
f 3425 3426 3525
f 3426 3526 3525
f 3426 3427 3526
f 3427 3527 3526
f 3427 3428 3527
f 3428 3528 3527
f 3428 3429 3528
f 3429 3529 3528
f 3429 3430 3529
f 3430 3530 3529
f 3430 3431 3530
f 3431 3531 3530
f 3431 3432 3531
f 3432 3532 3531
f 3432 3433 3532
f 3433 3533 3532
f 3433 3434 3533
f 3434 3534 3533
f 3434 3435 3534
f 3435 3535 3534
f 3435 3436 3535
f 3436 3536 3535
f 3436 3437 3536
f 3437 3537 3536
f 3437 3438 3537
f 3438 3538 3537
f 3438 3439 3538
f 3439 3539 3538
f 3439 3440 3539
f 3440 3540 3539
f 3440 3441 3540
f 3441 3541 3540
f 3441 3442 3541
f 3442 3542 3541
f 3442 3443 3542
f 3443 3543 3542
f 3443 3444 3543
f 3444 3544 3543
f 3444 3445 3544
f 3445 3545 3544
f 3445 3446 3545
f 3446 3546 3545
f 3446 3447 3546
f 3447 3547 3546
f 3447 3448 3547
f 3448 3548 3547
f 3448 3449 3548
f 3449 3549 3548
f 3449 3450 3549
f 3450 3550 3549
f 3450 3451 3550
f 3451 3551 3550
f 3451 3452 3551
f 3452 3552 3551
f 3452 3453 3552
f 3453 3553 3552
f 3453 3454 3553
f 3454 3554 3553
f 3454 3455 3554
f 3455 3555 3554
f 3455 3456 3555
f 3456 3556 3555
f 3456 3457 3556
f 3457 3557 3556
f 3457 3458 3557
f 3458 3558 3557
f 3458 3459 3558
f 3459 3559 3558
f 3459 3460 3559
f 3460 3560 3559
f 3460 3461 3560
f 3461 3561 3560
f 3461 3462 3561
f 3462 3562 3561
f 3462 3463 3562
f 3463 3563 3562
f 3463 3464 3563
f 3464 3564 3563
f 3464 3465 3564
f 3465 3565 3564
f 3465 3466 3565
f 3466 3566 3565
f 3466 3467 3566
f 3467 3567 3566
f 3467 3468 3567
f 3468 3568 3567
f 3468 3469 3568
f 3469 3569 3568
f 3469 3470 3569
f 3470 3570 3569
f 3470 3471 3570
f 3471 3571 3570
f 3471 3472 3571
f 3472 3572 3571
f 3472 3473 3572
f 3473 3573 3572
f 3473 3474 3573
f 3474 3574 3573
f 3474 3475 3574
f 3475 3575 3574
f 3475 3476 3575
f 3476 3576 3575
f 3476 3477 3576
f 3477 3577 3576
f 3477 3478 3577
f 3478 3578 3577
f 3478 3479 3578
f 3479 3579 3578
f 3479 3480 3579
f 3480 3580 3579
f 3480 3481 3580
f 3481 3581 3580
f 3481 3482 3581
f 3482 3582 3581
f 3482 3483 3582
f 3483 3583 3582
f 3483 3484 3583
f 3484 3584 3583
f 3484 3485 3584
f 3485 3585 3584
f 3485 3486 3585
f 3486 3586 3585
f 3486 3487 3586
f 3487 3587 3586
f 3487 3488 3587
f 3488 3588 3587
f 3488 3489 3588
f 3489 3589 3588
f 3489 3490 3589
f 3490 3590 3589
f 3490 3491 3590
f 3491 3591 3590
f 3491 3492 3591
f 3492 3592 3591
f 3492 3493 3592
f 3493 3593 3592
f 3493 3494 3593
f 3494 3594 3593
f 3494 3495 3594
f 3495 3595 3594
f 3495 3496 3595
f 3496 3596 3595
f 3496 3497 3596
f 3497 3597 3596
f 3497 3498 3597
f 3498 3598 3597
f 3498 3499 3598
f 3499 3599 3598
f 3499 3500 3599
f 3500 3600 3599
f 3501 3502 3601
f 3502 3602 3601
f 3502 3503 3602
f 3503 3603 3602
f 3503 3504 3603
f 3504 3604 3603
f 3504 3505 3604
f 3505 3605 3604
f 3505 3506 3605
f 3506 3606 3605
f 3506 3507 3606
f 3507 3607 3606
f 3507 3508 3607
f 3508 3608 3607
f 3508 3509 3608
f 3509 3609 3608
f 3509 3510 3609
f 3510 3610 3609
f 3510 3511 3610
f 3511 3611 3610
f 3511 3512 3611
f 3512 3612 3611
f 3512 3513 3612
f 3513 3613 3612
f 3513 3514 3613
f 3514 3614 3613
f 3514 3515 3614
f 3515 3615 3614
f 3515 3516 3615
f 3516 3616 3615
f 3516 3517 3616
f 3517 3617 3616
f 3517 3518 3617
f 3518 3618 3617
f 3518 3519 3618
f 3519 3619 3618
f 3519 3520 3619
f 3520 3620 3619
f 3520 3521 3620
f 3521 3621 3620
f 3521 3522 3621
f 3522 3622 3621
f 3522 3523 3622
f 3523 3623 3622
f 3523 3524 3623
f 3524 3624 3623
f 3524 3525 3624
f 3525 3625 3624
f 3525 3526 3625
f 3526 3626 3625
f 3526 3527 3626
f 3527 3627 3626
f 3527 3528 3627
f 3528 3628 3627
f 3528 3529 3628
f 3529 3629 3628
f 3529 3530 3629
f 3530 3630 3629
f 3530 3531 3630
f 3531 3631 3630
f 3531 3532 3631
f 3532 3632 3631
f 3532 3533 3632
f 3533 3633 3632
f 3533 3534 3633
f 3534 3634 3633
f 3534 3535 3634
f 3535 3635 3634
f 3535 3536 3635
f 3536 3636 3635
f 3536 3537 3636
f 3537 3637 3636
f 3537 3538 3637
f 3538 3638 3637
f 3538 3539 3638
f 3539 3639 3638
f 3539 3540 3639
f 3540 3640 3639
f 3540 3541 3640
f 3541 3641 3640
f 3541 3542 3641
f 3542 3642 3641
f 3542 3543 3642
f 3543 3643 3642
f 3543 3544 3643
f 3544 3644 3643
f 3544 3545 3644
f 3545 3645 3644
f 3545 3546 3645
f 3546 3646 3645
f 3546 3547 3646
f 3547 3647 3646
f 3547 3548 3647
f 3548 3648 3647
f 3548 3549 3648
f 3549 3649 3648
f 3549 3550 3649
f 3550 3650 3649
f 3550 3551 3650
f 3551 3651 3650
f 3551 3552 3651
f 3552 3652 3651
f 3552 3553 3652
f 3553 3653 3652
f 3553 3554 3653
f 3554 3654 3653
f 3554 3555 3654
f 3555 3655 3654
f 3555 3556 3655
f 3556 3656 3655
f 3556 3557 3656
f 3557 3657 3656
f 3557 3558 3657
f 3558 3658 3657
f 3558 3559 3658
f 3559 3659 3658
f 3559 3560 3659
f 3560 3660 3659
f 3560 3561 3660
f 3561 3661 3660
f 3561 3562 3661
f 3562 3662 3661
f 3562 3563 3662
f 3563 3663 3662
f 3563 3564 3663
f 3564 3664 3663
f 3564 3565 3664
f 3565 3665 3664
f 3565 3566 3665
f 3566 3666 3665
f 3566 3567 3666
f 3567 3667 3666
f 3567 3568 3667
f 3568 3668 3667
f 3568 3569 3668
f 3569 3669 3668
f 3569 3570 3669
f 3570 3670 3669
f 3570 3571 3670
f 3571 3671 3670
f 3571 3572 3671
f 3572 3672 3671
f 3572 3573 3672
f 3573 3673 3672
f 3573 3574 3673
f 3574 3674 3673
f 3574 3575 3674
f 3575 3675 3674
f 3575 3576 3675
f 3576 3676 3675
f 3576 3577 3676
f 3577 3677 3676
f 3577 3578 3677
f 3578 3678 3677
f 3578 3579 3678
f 3579 3679 3678
f 3579 3580 3679
f 3580 3680 3679
f 3580 3581 3680
f 3581 3681 3680
f 3581 3582 3681
f 3582 3682 3681
f 3582 3583 3682
f 3583 3683 3682
f 3583 3584 3683
f 3584 3684 3683
f 3584 3585 3684
f 3585 3685 3684
f 3585 3586 3685
f 3586 3686 3685
f 3586 3587 3686
f 3587 3687 3686
f 3587 3588 3687
f 3588 3688 3687
f 3588 3589 3688
f 3589 3689 3688
f 3589 3590 3689
f 3590 3690 3689
f 3590 3591 3690
f 3591 3691 3690
f 3591 3592 3691
f 3592 3692 3691
f 3592 3593 3692
f 3593 3693 3692
f 3593 3594 3693
f 3594 3694 3693
f 3594 3595 3694
f 3595 3695 3694
f 3595 3596 3695
f 3596 3696 3695
f 3596 3597 3696
f 3597 3697 3696
f 3597 3598 3697
f 3598 3698 3697
f 3598 3599 3698
f 3599 3699 3698
f 3599 3600 3699
f 3600 3700 3699
f 3601 3602 3701
f 3602 3702 3701
f 3602 3603 3702
f 3603 3703 3702
f 3603 3604 3703
f 3604 3704 3703
f 3604 3605 3704
f 3605 3705 3704
f 3605 3606 3705
f 3606 3706 3705
f 3606 3607 3706
f 3607 3707 3706
f 3607 3608 3707
f 3608 3708 3707
f 3608 3609 3708
f 3609 3709 3708
f 3609 3610 3709
f 3610 3710 3709
f 3610 3611 3710
f 3611 3711 3710
f 3611 3612 3711
f 3612 3712 3711
f 3612 3613 3712
f 3613 3713 3712
f 3613 3614 3713
f 3614 3714 3713
f 3614 3615 3714
f 3615 3715 3714
f 3615 3616 3715
f 3616 3716 3715
f 3616 3617 3716
f 3617 3717 3716
f 3617 3618 3717
f 3618 3718 3717
f 3618 3619 3718
f 3619 3719 3718
f 3619 3620 3719
f 3620 3720 3719
f 3620 3621 3720
f 3621 3721 3720
f 3621 3622 3721
f 3622 3722 3721
f 3622 3623 3722
f 3623 3723 3722
f 3623 3624 3723
f 3624 3724 3723
f 3624 3625 3724
f 3625 3725 3724
f 3625 3626 3725
f 3626 3726 3725
f 3626 3627 3726
f 3627 3727 3726
f 3627 3628 3727
f 3628 3728 3727
f 3628 3629 3728
f 3629 3729 3728
f 3629 3630 3729
f 3630 3730 3729
f 3630 3631 3730
f 3631 3731 3730
f 3631 3632 3731
f 3632 3732 3731
f 3632 3633 3732
f 3633 3733 3732
f 3633 3634 3733
f 3634 3734 3733
f 3634 3635 3734
f 3635 3735 3734
f 3635 3636 3735
f 3636 3736 3735
f 3636 3637 3736
f 3637 3737 3736
f 3637 3638 3737
f 3638 3738 3737
f 3638 3639 3738
f 3639 3739 3738
f 3639 3640 3739
f 3640 3740 3739
f 3640 3641 3740
f 3641 3741 3740
f 3641 3642 3741
f 3642 3742 3741
f 3642 3643 3742
f 3643 3743 3742
f 3643 3644 3743
f 3644 3744 3743
f 3644 3645 3744
f 3645 3745 3744
f 3645 3646 3745
f 3646 3746 3745
f 3646 3647 3746
f 3647 3747 3746
f 3647 3648 3747
f 3648 3748 3747
f 3648 3649 3748
f 3649 3749 3748
f 3649 3650 3749
f 3650 3750 3749
f 3650 3651 3750
f 3651 3751 3750
f 3651 3652 3751
f 3652 3752 3751
f 3652 3653 3752
f 3653 3753 3752
f 3653 3654 3753
f 3654 3754 3753
f 3654 3655 3754
f 3655 3755 3754
f 3655 3656 3755
f 3656 3756 3755
f 3656 3657 3756
f 3657 3757 3756
f 3657 3658 3757
f 3658 3758 3757
f 3658 3659 3758
f 3659 3759 3758
f 3659 3660 3759
f 3660 3760 3759
f 3660 3661 3760
f 3661 3761 3760
f 3661 3662 3761
f 3662 3762 3761
f 3662 3663 3762
f 3663 3763 3762
f 3663 3664 3763
f 3664 3764 3763
f 3664 3665 3764
f 3665 3765 3764
f 3665 3666 3765
f 3666 3766 3765
f 3666 3667 3766
f 3667 3767 3766
f 3667 3668 3767
f 3668 3768 3767
f 3668 3669 3768
f 3669 3769 3768
f 3669 3670 3769
f 3670 3770 3769
f 3670 3671 3770
f 3671 3771 3770
f 3671 3672 3771
f 3672 3772 3771
f 3672 3673 3772
f 3673 3773 3772
f 3673 3674 3773
f 3674 3774 3773
f 3674 3675 3774
f 3675 3775 3774
f 3675 3676 3775
f 3676 3776 3775
f 3676 3677 3776
f 3677 3777 3776
f 3677 3678 3777
f 3678 3778 3777
f 3678 3679 3778
f 3679 3779 3778
f 3679 3680 3779
f 3680 3780 3779
f 3680 3681 3780
f 3681 3781 3780
f 3681 3682 3781
f 3682 3782 3781
f 3682 3683 3782
f 3683 3783 3782
f 3683 3684 3783
f 3684 3784 3783
f 3684 3685 3784
f 3685 3785 3784
f 3685 3686 3785
f 3686 3786 3785
f 3686 3687 3786
f 3687 3787 3786
f 3687 3688 3787
f 3688 3788 3787
f 3688 3689 3788
f 3689 3789 3788
f 3689 3690 3789
f 3690 3790 3789
f 3690 3691 3790
f 3691 3791 3790
f 3691 3692 3791
f 3692 3792 3791
f 3692 3693 3792
f 3693 3793 3792
f 3693 3694 3793
f 3694 3794 3793
f 3694 3695 3794
f 3695 3795 3794
f 3695 3696 3795
f 3696 3796 3795
f 3696 3697 3796
f 3697 3797 3796
f 3697 3698 3797
f 3698 3798 3797
f 3698 3699 3798
f 3699 3799 3798
f 3699 3700 3799
f 3700 3800 3799
f 3701 3702 3801
f 3702 3802 3801
f 3702 3703 3802
f 3703 3803 3802
f 3703 3704 3803
f 3704 3804 3803
f 3704 3705 3804
f 3705 3805 3804
f 3705 3706 3805
f 3706 3806 3805
f 3706 3707 3806
f 3707 3807 3806
f 3707 3708 3807
f 3708 3808 3807
f 3708 3709 3808
f 3709 3809 3808
f 3709 3710 3809
f 3710 3810 3809
f 3710 3711 3810
f 3711 3811 3810
f 3711 3712 3811
f 3712 3812 3811
f 3712 3713 3812
f 3713 3813 3812
f 3713 3714 3813
f 3714 3814 3813
f 3714 3715 3814
f 3715 3815 3814
f 3715 3716 3815
f 3716 3816 3815
f 3716 3717 3816
f 3717 3817 3816
f 3717 3718 3817
f 3718 3818 3817
f 3718 3719 3818
f 3719 3819 3818
f 3719 3720 3819
f 3720 3820 3819
f 3720 3721 3820
f 3721 3821 3820
f 3721 3722 3821
f 3722 3822 3821
f 3722 3723 3822
f 3723 3823 3822
f 3723 3724 3823
f 3724 3824 3823
f 3724 3725 3824
f 3725 3825 3824
f 3725 3726 3825
f 3726 3826 3825
f 3726 3727 3826
f 3727 3827 3826
f 3727 3728 3827
f 3728 3828 3827
f 3728 3729 3828
f 3729 3829 3828
f 3729 3730 3829
f 3730 3830 3829
f 3730 3731 3830
f 3731 3831 3830
f 3731 3732 3831
f 3732 3832 3831
f 3732 3733 3832
f 3733 3833 3832
f 3733 3734 3833
f 3734 3834 3833
f 3734 3735 3834
f 3735 3835 3834
f 3735 3736 3835
f 3736 3836 3835
f 3736 3737 3836
f 3737 3837 3836
f 3737 3738 3837
f 3738 3838 3837
f 3738 3739 3838
f 3739 3839 3838
f 3739 3740 3839
f 3740 3840 3839
f 3740 3741 3840
f 3741 3841 3840
f 3741 3742 3841
f 3742 3842 3841
f 3742 3743 3842
f 3743 3843 3842
f 3743 3744 3843
f 3744 3844 3843
f 3744 3745 3844
f 3745 3845 3844
f 3745 3746 3845
f 3746 3846 3845
f 3746 3747 3846
f 3747 3847 3846
f 3747 3748 3847
f 3748 3848 3847
f 3748 3749 3848
f 3749 3849 3848
f 3749 3750 3849
f 3750 3850 3849
f 3750 3751 3850
f 3751 3851 3850
f 3751 3752 3851
f 3752 3852 3851
f 3752 3753 3852
f 3753 3853 3852
f 3753 3754 3853
f 3754 3854 3853
f 3754 3755 3854
f 3755 3855 3854
f 3755 3756 3855
f 3756 3856 3855
f 3756 3757 3856
f 3757 3857 3856
f 3757 3758 3857
f 3758 3858 3857
f 3758 3759 3858
f 3759 3859 3858
f 3759 3760 3859
f 3760 3860 3859
f 3760 3761 3860
f 3761 3861 3860
f 3761 3762 3861
f 3762 3862 3861
f 3762 3763 3862
f 3763 3863 3862
f 3763 3764 3863
f 3764 3864 3863
f 3764 3765 3864
f 3765 3865 3864
f 3765 3766 3865
f 3766 3866 3865
f 3766 3767 3866
f 3767 3867 3866
f 3767 3768 3867
f 3768 3868 3867
f 3768 3769 3868
f 3769 3869 3868
f 3769 3770 3869
f 3770 3870 3869
f 3770 3771 3870
f 3771 3871 3870
f 3771 3772 3871
f 3772 3872 3871
f 3772 3773 3872
f 3773 3873 3872
f 3773 3774 3873
f 3774 3874 3873
f 3774 3775 3874
f 3775 3875 3874
f 3775 3776 3875
f 3776 3876 3875
f 3776 3777 3876
f 3777 3877 3876
f 3777 3778 3877
f 3778 3878 3877
f 3778 3779 3878
f 3779 3879 3878
f 3779 3780 3879
f 3780 3880 3879
f 3780 3781 3880
f 3781 3881 3880
f 3781 3782 3881
f 3782 3882 3881
f 3782 3783 3882
f 3783 3883 3882
f 3783 3784 3883
f 3784 3884 3883
f 3784 3785 3884
f 3785 3885 3884
f 3785 3786 3885
f 3786 3886 3885
f 3786 3787 3886
f 3787 3887 3886
f 3787 3788 3887
f 3788 3888 3887
f 3788 3789 3888
f 3789 3889 3888
f 3789 3790 3889
f 3790 3890 3889
f 3790 3791 3890
f 3791 3891 3890
f 3791 3792 3891
f 3792 3892 3891
f 3792 3793 3892
f 3793 3893 3892
f 3793 3794 3893
f 3794 3894 3893
f 3794 3795 3894
f 3795 3895 3894
f 3795 3796 3895
f 3796 3896 3895
f 3796 3797 3896
f 3797 3897 3896
f 3797 3798 3897
f 3798 3898 3897
f 3798 3799 3898
f 3799 3899 3898
f 3799 3800 3899
f 3800 3900 3899
f 3801 3802 3901
f 3802 3902 3901
f 3802 3803 3902
f 3803 3903 3902
f 3803 3804 3903
f 3804 3904 3903
f 3804 3805 3904
f 3805 3905 3904
f 3805 3806 3905
f 3806 3906 3905
f 3806 3807 3906
f 3807 3907 3906
f 3807 3808 3907
f 3808 3908 3907
f 3808 3809 3908
f 3809 3909 3908
f 3809 3810 3909
f 3810 3910 3909
f 3810 3811 3910
f 3811 3911 3910
f 3811 3812 3911
f 3812 3912 3911
f 3812 3813 3912
f 3813 3913 3912
f 3813 3814 3913
f 3814 3914 3913
f 3814 3815 3914
f 3815 3915 3914
f 3815 3816 3915
f 3816 3916 3915
f 3816 3817 3916
f 3817 3917 3916
f 3817 3818 3917
f 3818 3918 3917
f 3818 3819 3918
f 3819 3919 3918
f 3819 3820 3919
f 3820 3920 3919
f 3820 3821 3920
f 3821 3921 3920
f 3821 3822 3921
f 3822 3922 3921
f 3822 3823 3922
f 3823 3923 3922
f 3823 3824 3923
f 3824 3924 3923
f 3824 3825 3924
f 3825 3925 3924
f 3825 3826 3925
f 3826 3926 3925
f 3826 3827 3926
f 3827 3927 3926
f 3827 3828 3927
f 3828 3928 3927
f 3828 3829 3928
f 3829 3929 3928
f 3829 3830 3929
f 3830 3930 3929
f 3830 3831 3930
f 3831 3931 3930
f 3831 3832 3931
f 3832 3932 3931
f 3832 3833 3932
f 3833 3933 3932
f 3833 3834 3933
f 3834 3934 3933
f 3834 3835 3934
f 3835 3935 3934
f 3835 3836 3935
f 3836 3936 3935
f 3836 3837 3936
f 3837 3937 3936
f 3837 3838 3937
f 3838 3938 3937
f 3838 3839 3938
f 3839 3939 3938
f 3839 3840 3939
f 3840 3940 3939
f 3840 3841 3940
f 3841 3941 3940
f 3841 3842 3941
f 3842 3942 3941
f 3842 3843 3942
f 3843 3943 3942
f 3843 3844 3943
f 3844 3944 3943
f 3844 3845 3944
f 3845 3945 3944
f 3845 3846 3945
f 3846 3946 3945
f 3846 3847 3946
f 3847 3947 3946
f 3847 3848 3947
f 3848 3948 3947
f 3848 3849 3948
f 3849 3949 3948
f 3849 3850 3949
f 3850 3950 3949
f 3850 3851 3950
f 3851 3951 3950
f 3851 3852 3951
f 3852 3952 3951
f 3852 3853 3952
f 3853 3953 3952
f 3853 3854 3953
f 3854 3954 3953
f 3854 3855 3954
f 3855 3955 3954
f 3855 3856 3955
f 3856 3956 3955
f 3856 3857 3956
f 3857 3957 3956
f 3857 3858 3957
f 3858 3958 3957
f 3858 3859 3958
f 3859 3959 3958
f 3859 3860 3959
f 3860 3960 3959
f 3860 3861 3960
f 3861 3961 3960
f 3861 3862 3961
f 3862 3962 3961
f 3862 3863 3962
f 3863 3963 3962
f 3863 3864 3963
f 3864 3964 3963
f 3864 3865 3964
f 3865 3965 3964
f 3865 3866 3965
f 3866 3966 3965
f 3866 3867 3966
f 3867 3967 3966
f 3867 3868 3967
f 3868 3968 3967
f 3868 3869 3968
f 3869 3969 3968
f 3869 3870 3969
f 3870 3970 3969
f 3870 3871 3970
f 3871 3971 3970
f 3871 3872 3971
f 3872 3972 3971
f 3872 3873 3972
f 3873 3973 3972
f 3873 3874 3973
f 3874 3974 3973
f 3874 3875 3974
f 3875 3975 3974
f 3875 3876 3975
f 3876 3976 3975
f 3876 3877 3976
f 3877 3977 3976
f 3877 3878 3977
f 3878 3978 3977
f 3878 3879 3978
f 3879 3979 3978
f 3879 3880 3979
f 3880 3980 3979
f 3880 3881 3980
f 3881 3981 3980
f 3881 3882 3981
f 3882 3982 3981
f 3882 3883 3982
f 3883 3983 3982
f 3883 3884 3983
f 3884 3984 3983
f 3884 3885 3984
f 3885 3985 3984
f 3885 3886 3985
f 3886 3986 3985
f 3886 3887 3986
f 3887 3987 3986
f 3887 3888 3987
f 3888 3988 3987
f 3888 3889 3988
f 3889 3989 3988
f 3889 3890 3989
f 3890 3990 3989
f 3890 3891 3990
f 3891 3991 3990
f 3891 3892 3991
f 3892 3992 3991
f 3892 3893 3992
f 3893 3993 3992
f 3893 3894 3993
f 3894 3994 3993
f 3894 3895 3994
f 3895 3995 3994
f 3895 3896 3995
f 3896 3996 3995
f 3896 3897 3996
f 3897 3997 3996
f 3897 3898 3997
f 3898 3998 3997
f 3898 3899 3998
f 3899 3999 3998
f 3899 3900 3999
f 3900 4000 3999
f 3901 3902 4001
f 3902 4002 4001
f 3902 3903 4002
f 3903 4003 4002
f 3903 3904 4003
f 3904 4004 4003
f 3904 3905 4004
f 3905 4005 4004
f 3905 3906 4005
f 3906 4006 4005
f 3906 3907 4006
f 3907 4007 4006
f 3907 3908 4007
f 3908 4008 4007
f 3908 3909 4008
f 3909 4009 4008
f 3909 3910 4009
f 3910 4010 4009
f 3910 3911 4010
f 3911 4011 4010
f 3911 3912 4011
f 3912 4012 4011
f 3912 3913 4012
f 3913 4013 4012
f 3913 3914 4013
f 3914 4014 4013
f 3914 3915 4014
f 3915 4015 4014
f 3915 3916 4015
f 3916 4016 4015
f 3916 3917 4016
f 3917 4017 4016
f 3917 3918 4017
f 3918 4018 4017
f 3918 3919 4018
f 3919 4019 4018
f 3919 3920 4019
f 3920 4020 4019
f 3920 3921 4020
f 3921 4021 4020
f 3921 3922 4021
f 3922 4022 4021
f 3922 3923 4022
f 3923 4023 4022
f 3923 3924 4023
f 3924 4024 4023
f 3924 3925 4024
f 3925 4025 4024
f 3925 3926 4025
f 3926 4026 4025
f 3926 3927 4026
f 3927 4027 4026
f 3927 3928 4027
f 3928 4028 4027
f 3928 3929 4028
f 3929 4029 4028
f 3929 3930 4029
f 3930 4030 4029
f 3930 3931 4030
f 3931 4031 4030
f 3931 3932 4031
f 3932 4032 4031
f 3932 3933 4032
f 3933 4033 4032
f 3933 3934 4033
f 3934 4034 4033
f 3934 3935 4034
f 3935 4035 4034
f 3935 3936 4035
f 3936 4036 4035
f 3936 3937 4036
f 3937 4037 4036
f 3937 3938 4037
f 3938 4038 4037
f 3938 3939 4038
f 3939 4039 4038
f 3939 3940 4039
f 3940 4040 4039
f 3940 3941 4040
f 3941 4041 4040
f 3941 3942 4041
f 3942 4042 4041
f 3942 3943 4042
f 3943 4043 4042
f 3943 3944 4043
f 3944 4044 4043
f 3944 3945 4044
f 3945 4045 4044
f 3945 3946 4045
f 3946 4046 4045
f 3946 3947 4046
f 3947 4047 4046
f 3947 3948 4047
f 3948 4048 4047
f 3948 3949 4048
f 3949 4049 4048
f 3949 3950 4049
f 3950 4050 4049
f 3950 3951 4050
f 3951 4051 4050
f 3951 3952 4051
f 3952 4052 4051
f 3952 3953 4052
f 3953 4053 4052
f 3953 3954 4053
f 3954 4054 4053
f 3954 3955 4054
f 3955 4055 4054
f 3955 3956 4055
f 3956 4056 4055
f 3956 3957 4056
f 3957 4057 4056
f 3957 3958 4057
f 3958 4058 4057
f 3958 3959 4058
f 3959 4059 4058
f 3959 3960 4059
f 3960 4060 4059
f 3960 3961 4060
f 3961 4061 4060
f 3961 3962 4061
f 3962 4062 4061
f 3962 3963 4062
f 3963 4063 4062
f 3963 3964 4063
f 3964 4064 4063
f 3964 3965 4064
f 3965 4065 4064
f 3965 3966 4065
f 3966 4066 4065
f 3966 3967 4066
f 3967 4067 4066
f 3967 3968 4067
f 3968 4068 4067
f 3968 3969 4068
f 3969 4069 4068
f 3969 3970 4069
f 3970 4070 4069
f 3970 3971 4070
f 3971 4071 4070
f 3971 3972 4071
f 3972 4072 4071
f 3972 3973 4072
f 3973 4073 4072
f 3973 3974 4073
f 3974 4074 4073
f 3974 3975 4074
f 3975 4075 4074
f 3975 3976 4075
f 3976 4076 4075
f 3976 3977 4076
f 3977 4077 4076
f 3977 3978 4077
f 3978 4078 4077
f 3978 3979 4078
f 3979 4079 4078
f 3979 3980 4079
f 3980 4080 4079
f 3980 3981 4080
f 3981 4081 4080
f 3981 3982 4081
f 3982 4082 4081
f 3982 3983 4082
f 3983 4083 4082
f 3983 3984 4083
f 3984 4084 4083
f 3984 3985 4084
f 3985 4085 4084
f 3985 3986 4085
f 3986 4086 4085
f 3986 3987 4086
f 3987 4087 4086
f 3987 3988 4087
f 3988 4088 4087
f 3988 3989 4088
f 3989 4089 4088
f 3989 3990 4089
f 3990 4090 4089
f 3990 3991 4090
f 3991 4091 4090
f 3991 3992 4091
f 3992 4092 4091
f 3992 3993 4092
f 3993 4093 4092
f 3993 3994 4093
f 3994 4094 4093
f 3994 3995 4094
f 3995 4095 4094
f 3995 3996 4095
f 3996 4096 4095
f 3996 3997 4096
f 3997 4097 4096
f 3997 3998 4097
f 3998 4098 4097
f 3998 3999 4098
f 3999 4099 4098
f 3999 4000 4099
f 4000 4100 4099
f 4001 4002 4101
f 4002 4102 4101
f 4002 4003 4102
f 4003 4103 4102
f 4003 4004 4103
f 4004 4104 4103
f 4004 4005 4104
f 4005 4105 4104
f 4005 4006 4105
f 4006 4106 4105
f 4006 4007 4106
f 4007 4107 4106
f 4007 4008 4107
f 4008 4108 4107
f 4008 4009 4108
f 4009 4109 4108
f 4009 4010 4109
f 4010 4110 4109
f 4010 4011 4110
f 4011 4111 4110
f 4011 4012 4111
f 4012 4112 4111
f 4012 4013 4112
f 4013 4113 4112
f 4013 4014 4113
f 4014 4114 4113
f 4014 4015 4114
f 4015 4115 4114
f 4015 4016 4115
f 4016 4116 4115
f 4016 4017 4116
f 4017 4117 4116
f 4017 4018 4117
f 4018 4118 4117
f 4018 4019 4118
f 4019 4119 4118
f 4019 4020 4119
f 4020 4120 4119
f 4020 4021 4120
f 4021 4121 4120
f 4021 4022 4121
f 4022 4122 4121
f 4022 4023 4122
f 4023 4123 4122
f 4023 4024 4123
f 4024 4124 4123
f 4024 4025 4124
f 4025 4125 4124
f 4025 4026 4125
f 4026 4126 4125
f 4026 4027 4126
f 4027 4127 4126
f 4027 4028 4127
f 4028 4128 4127
f 4028 4029 4128
f 4029 4129 4128
f 4029 4030 4129
f 4030 4130 4129
f 4030 4031 4130
f 4031 4131 4130
f 4031 4032 4131
f 4032 4132 4131
f 4032 4033 4132
f 4033 4133 4132
f 4033 4034 4133
f 4034 4134 4133
f 4034 4035 4134
f 4035 4135 4134
f 4035 4036 4135
f 4036 4136 4135
f 4036 4037 4136
f 4037 4137 4136
f 4037 4038 4137
f 4038 4138 4137
f 4038 4039 4138
f 4039 4139 4138
f 4039 4040 4139
f 4040 4140 4139
f 4040 4041 4140
f 4041 4141 4140
f 4041 4042 4141
f 4042 4142 4141
f 4042 4043 4142
f 4043 4143 4142
f 4043 4044 4143
f 4044 4144 4143
f 4044 4045 4144
f 4045 4145 4144
f 4045 4046 4145
f 4046 4146 4145
f 4046 4047 4146
f 4047 4147 4146
f 4047 4048 4147
f 4048 4148 4147
f 4048 4049 4148
f 4049 4149 4148
f 4049 4050 4149
f 4050 4150 4149
f 4050 4051 4150
f 4051 4151 4150
f 4051 4052 4151
f 4052 4152 4151
f 4052 4053 4152
f 4053 4153 4152
f 4053 4054 4153
f 4054 4154 4153
f 4054 4055 4154
f 4055 4155 4154
f 4055 4056 4155
f 4056 4156 4155
f 4056 4057 4156
f 4057 4157 4156
f 4057 4058 4157
f 4058 4158 4157
f 4058 4059 4158
f 4059 4159 4158
f 4059 4060 4159
f 4060 4160 4159
f 4060 4061 4160
f 4061 4161 4160
f 4061 4062 4161
f 4062 4162 4161
f 4062 4063 4162
f 4063 4163 4162
f 4063 4064 4163
f 4064 4164 4163
f 4064 4065 4164
f 4065 4165 4164
f 4065 4066 4165
f 4066 4166 4165
f 4066 4067 4166
f 4067 4167 4166
f 4067 4068 4167
f 4068 4168 4167
f 4068 4069 4168
f 4069 4169 4168
f 4069 4070 4169
f 4070 4170 4169
f 4070 4071 4170
f 4071 4171 4170
f 4071 4072 4171
f 4072 4172 4171
f 4072 4073 4172
f 4073 4173 4172
f 4073 4074 4173
f 4074 4174 4173
f 4074 4075 4174
f 4075 4175 4174
f 4075 4076 4175
f 4076 4176 4175
f 4076 4077 4176
f 4077 4177 4176
f 4077 4078 4177
f 4078 4178 4177
f 4078 4079 4178
f 4079 4179 4178
f 4079 4080 4179
f 4080 4180 4179
f 4080 4081 4180
f 4081 4181 4180
f 4081 4082 4181
f 4082 4182 4181
f 4082 4083 4182
f 4083 4183 4182
f 4083 4084 4183
f 4084 4184 4183
f 4084 4085 4184
f 4085 4185 4184
f 4085 4086 4185
f 4086 4186 4185
f 4086 4087 4186
f 4087 4187 4186
f 4087 4088 4187
f 4088 4188 4187
f 4088 4089 4188
f 4089 4189 4188
f 4089 4090 4189
f 4090 4190 4189
f 4090 4091 4190
f 4091 4191 4190
f 4091 4092 4191
f 4092 4192 4191
f 4092 4093 4192
f 4093 4193 4192
f 4093 4094 4193
f 4094 4194 4193
f 4094 4095 4194
f 4095 4195 4194
f 4095 4096 4195
f 4096 4196 4195
f 4096 4097 4196
f 4097 4197 4196
f 4097 4098 4197
f 4098 4198 4197
f 4098 4099 4198
f 4099 4199 4198
f 4099 4100 4199
f 4100 4200 4199
f 4101 4102 4201
f 4102 4202 4201
f 4102 4103 4202
f 4103 4203 4202
f 4103 4104 4203
f 4104 4204 4203
f 4104 4105 4204
f 4105 4205 4204
f 4105 4106 4205
f 4106 4206 4205
f 4106 4107 4206
f 4107 4207 4206
f 4107 4108 4207
f 4108 4208 4207
f 4108 4109 4208
f 4109 4209 4208
f 4109 4110 4209
f 4110 4210 4209
f 4110 4111 4210
f 4111 4211 4210
f 4111 4112 4211
f 4112 4212 4211
f 4112 4113 4212
f 4113 4213 4212
f 4113 4114 4213
f 4114 4214 4213
f 4114 4115 4214
f 4115 4215 4214
f 4115 4116 4215
f 4116 4216 4215
f 4116 4117 4216
f 4117 4217 4216
f 4117 4118 4217
f 4118 4218 4217
f 4118 4119 4218
f 4119 4219 4218
f 4119 4120 4219
f 4120 4220 4219
f 4120 4121 4220
f 4121 4221 4220
f 4121 4122 4221
f 4122 4222 4221
f 4122 4123 4222
f 4123 4223 4222
f 4123 4124 4223
f 4124 4224 4223
f 4124 4125 4224
f 4125 4225 4224
f 4125 4126 4225
f 4126 4226 4225
f 4126 4127 4226
f 4127 4227 4226
f 4127 4128 4227
f 4128 4228 4227
f 4128 4129 4228
f 4129 4229 4228
f 4129 4130 4229
f 4130 4230 4229
f 4130 4131 4230
f 4131 4231 4230
f 4131 4132 4231
f 4132 4232 4231
f 4132 4133 4232
f 4133 4233 4232
f 4133 4134 4233
f 4134 4234 4233
f 4134 4135 4234
f 4135 4235 4234
f 4135 4136 4235
f 4136 4236 4235
f 4136 4137 4236
f 4137 4237 4236
f 4137 4138 4237
f 4138 4238 4237
f 4138 4139 4238
f 4139 4239 4238
f 4139 4140 4239
f 4140 4240 4239
f 4140 4141 4240
f 4141 4241 4240
f 4141 4142 4241
f 4142 4242 4241
f 4142 4143 4242
f 4143 4243 4242
f 4143 4144 4243
f 4144 4244 4243
f 4144 4145 4244
f 4145 4245 4244
f 4145 4146 4245
f 4146 4246 4245
f 4146 4147 4246
f 4147 4247 4246
f 4147 4148 4247
f 4148 4248 4247
f 4148 4149 4248
f 4149 4249 4248
f 4149 4150 4249
f 4150 4250 4249
f 4150 4151 4250
f 4151 4251 4250
f 4151 4152 4251
f 4152 4252 4251
f 4152 4153 4252
f 4153 4253 4252
f 4153 4154 4253
f 4154 4254 4253
f 4154 4155 4254
f 4155 4255 4254
f 4155 4156 4255
f 4156 4256 4255
f 4156 4157 4256
f 4157 4257 4256
f 4157 4158 4257
f 4158 4258 4257
f 4158 4159 4258
f 4159 4259 4258
f 4159 4160 4259
f 4160 4260 4259
f 4160 4161 4260
f 4161 4261 4260
f 4161 4162 4261
f 4162 4262 4261
f 4162 4163 4262
f 4163 4263 4262
f 4163 4164 4263
f 4164 4264 4263
f 4164 4165 4264
f 4165 4265 4264
f 4165 4166 4265
f 4166 4266 4265
f 4166 4167 4266
f 4167 4267 4266
f 4167 4168 4267
f 4168 4268 4267
f 4168 4169 4268
f 4169 4269 4268
f 4169 4170 4269
f 4170 4270 4269
f 4170 4171 4270
f 4171 4271 4270
f 4171 4172 4271
f 4172 4272 4271
f 4172 4173 4272
f 4173 4273 4272
f 4173 4174 4273
f 4174 4274 4273
f 4174 4175 4274
f 4175 4275 4274
f 4175 4176 4275
f 4176 4276 4275
f 4176 4177 4276
f 4177 4277 4276
f 4177 4178 4277
f 4178 4278 4277
f 4178 4179 4278
f 4179 4279 4278
f 4179 4180 4279
f 4180 4280 4279
f 4180 4181 4280
f 4181 4281 4280
f 4181 4182 4281
f 4182 4282 4281
f 4182 4183 4282
f 4183 4283 4282
f 4183 4184 4283
f 4184 4284 4283
f 4184 4185 4284
f 4185 4285 4284
f 4185 4186 4285
f 4186 4286 4285
f 4186 4187 4286
f 4187 4287 4286
f 4187 4188 4287
f 4188 4288 4287
f 4188 4189 4288
f 4189 4289 4288
f 4189 4190 4289
f 4190 4290 4289
f 4190 4191 4290
f 4191 4291 4290
f 4191 4192 4291
f 4192 4292 4291
f 4192 4193 4292
f 4193 4293 4292
f 4193 4194 4293
f 4194 4294 4293
f 4194 4195 4294
f 4195 4295 4294
f 4195 4196 4295
f 4196 4296 4295
f 4196 4197 4296
f 4197 4297 4296
f 4197 4198 4297
f 4198 4298 4297
f 4198 4199 4298
f 4199 4299 4298
f 4199 4200 4299
f 4200 4300 4299
f 4201 4202 4301
f 4202 4302 4301
f 4202 4203 4302
f 4203 4303 4302
f 4203 4204 4303
f 4204 4304 4303
f 4204 4205 4304
f 4205 4305 4304
f 4205 4206 4305
f 4206 4306 4305
f 4206 4207 4306
f 4207 4307 4306
f 4207 4208 4307
f 4208 4308 4307
f 4208 4209 4308
f 4209 4309 4308
f 4209 4210 4309
f 4210 4310 4309
f 4210 4211 4310
f 4211 4311 4310
f 4211 4212 4311
f 4212 4312 4311
f 4212 4213 4312
f 4213 4313 4312
f 4213 4214 4313
f 4214 4314 4313
f 4214 4215 4314
f 4215 4315 4314
f 4215 4216 4315
f 4216 4316 4315
f 4216 4217 4316
f 4217 4317 4316
f 4217 4218 4317
f 4218 4318 4317
f 4218 4219 4318
f 4219 4319 4318
f 4219 4220 4319
f 4220 4320 4319
f 4220 4221 4320
f 4221 4321 4320
f 4221 4222 4321
f 4222 4322 4321
f 4222 4223 4322
f 4223 4323 4322
f 4223 4224 4323
f 4224 4324 4323
f 4224 4225 4324
f 4225 4325 4324
f 4225 4226 4325
f 4226 4326 4325
f 4226 4227 4326
f 4227 4327 4326
f 4227 4228 4327
f 4228 4328 4327
f 4228 4229 4328
f 4229 4329 4328
f 4229 4230 4329
f 4230 4330 4329
f 4230 4231 4330
f 4231 4331 4330
f 4231 4232 4331
f 4232 4332 4331
f 4232 4233 4332
f 4233 4333 4332
f 4233 4234 4333
f 4234 4334 4333
f 4234 4235 4334
f 4235 4335 4334
f 4235 4236 4335
f 4236 4336 4335
f 4236 4237 4336
f 4237 4337 4336
f 4237 4238 4337
f 4238 4338 4337
f 4238 4239 4338
f 4239 4339 4338
f 4239 4240 4339
f 4240 4340 4339
f 4240 4241 4340
f 4241 4341 4340
f 4241 4242 4341
f 4242 4342 4341
f 4242 4243 4342
f 4243 4343 4342
f 4243 4244 4343
f 4244 4344 4343
f 4244 4245 4344
f 4245 4345 4344
f 4245 4246 4345
f 4246 4346 4345
f 4246 4247 4346
f 4247 4347 4346
f 4247 4248 4347
f 4248 4348 4347
f 4248 4249 4348
f 4249 4349 4348
f 4249 4250 4349
f 4250 4350 4349
f 4250 4251 4350
f 4251 4351 4350
f 4251 4252 4351
f 4252 4352 4351
f 4252 4253 4352
f 4253 4353 4352
f 4253 4254 4353
f 4254 4354 4353
f 4254 4255 4354
f 4255 4355 4354
f 4255 4256 4355
f 4256 4356 4355
f 4256 4257 4356
f 4257 4357 4356
f 4257 4258 4357
f 4258 4358 4357
f 4258 4259 4358
f 4259 4359 4358
f 4259 4260 4359
f 4260 4360 4359
f 4260 4261 4360
f 4261 4361 4360
f 4261 4262 4361
f 4262 4362 4361
f 4262 4263 4362
f 4263 4363 4362
f 4263 4264 4363
f 4264 4364 4363
f 4264 4265 4364
f 4265 4365 4364
f 4265 4266 4365
f 4266 4366 4365
f 4266 4267 4366
f 4267 4367 4366
f 4267 4268 4367
f 4268 4368 4367
f 4268 4269 4368
f 4269 4369 4368
f 4269 4270 4369
f 4270 4370 4369
f 4270 4271 4370
f 4271 4371 4370
f 4271 4272 4371
f 4272 4372 4371
f 4272 4273 4372
f 4273 4373 4372
f 4273 4274 4373
f 4274 4374 4373
f 4274 4275 4374
f 4275 4375 4374
f 4275 4276 4375
f 4276 4376 4375
f 4276 4277 4376
f 4277 4377 4376
f 4277 4278 4377
f 4278 4378 4377
f 4278 4279 4378
f 4279 4379 4378
f 4279 4280 4379
f 4280 4380 4379
f 4280 4281 4380
f 4281 4381 4380
f 4281 4282 4381
f 4282 4382 4381
f 4282 4283 4382
f 4283 4383 4382
f 4283 4284 4383
f 4284 4384 4383
f 4284 4285 4384
f 4285 4385 4384
f 4285 4286 4385
f 4286 4386 4385
f 4286 4287 4386
f 4287 4387 4386
f 4287 4288 4387
f 4288 4388 4387
f 4288 4289 4388
f 4289 4389 4388
f 4289 4290 4389
f 4290 4390 4389
f 4290 4291 4390
f 4291 4391 4390
f 4291 4292 4391
f 4292 4392 4391
f 4292 4293 4392
f 4293 4393 4392
f 4293 4294 4393
f 4294 4394 4393
f 4294 4295 4394
f 4295 4395 4394
f 4295 4296 4395
f 4296 4396 4395
f 4296 4297 4396
f 4297 4397 4396
f 4297 4298 4397
f 4298 4398 4397
f 4298 4299 4398
f 4299 4399 4398
f 4299 4300 4399
f 4300 4400 4399
f 4301 4302 4401
f 4302 4402 4401
f 4302 4303 4402
f 4303 4403 4402
f 4303 4304 4403
f 4304 4404 4403
f 4304 4305 4404
f 4305 4405 4404
f 4305 4306 4405
f 4306 4406 4405
f 4306 4307 4406
f 4307 4407 4406
f 4307 4308 4407
f 4308 4408 4407
f 4308 4309 4408
f 4309 4409 4408
f 4309 4310 4409
f 4310 4410 4409
f 4310 4311 4410
f 4311 4411 4410
f 4311 4312 4411
f 4312 4412 4411
f 4312 4313 4412
f 4313 4413 4412
f 4313 4314 4413
f 4314 4414 4413
f 4314 4315 4414
f 4315 4415 4414
f 4315 4316 4415
f 4316 4416 4415
f 4316 4317 4416
f 4317 4417 4416
f 4317 4318 4417
f 4318 4418 4417
f 4318 4319 4418
f 4319 4419 4418
f 4319 4320 4419
f 4320 4420 4419
f 4320 4321 4420
f 4321 4421 4420
f 4321 4322 4421
f 4322 4422 4421
f 4322 4323 4422
f 4323 4423 4422
f 4323 4324 4423
f 4324 4424 4423
f 4324 4325 4424
f 4325 4425 4424
f 4325 4326 4425
f 4326 4426 4425
f 4326 4327 4426
f 4327 4427 4426
f 4327 4328 4427
f 4328 4428 4427
f 4328 4329 4428
f 4329 4429 4428
f 4329 4330 4429
f 4330 4430 4429
f 4330 4331 4430
f 4331 4431 4430
f 4331 4332 4431
f 4332 4432 4431
f 4332 4333 4432
f 4333 4433 4432
f 4333 4334 4433
f 4334 4434 4433
f 4334 4335 4434
f 4335 4435 4434
f 4335 4336 4435
f 4336 4436 4435
f 4336 4337 4436
f 4337 4437 4436
f 4337 4338 4437
f 4338 4438 4437
f 4338 4339 4438
f 4339 4439 4438
f 4339 4340 4439
f 4340 4440 4439
f 4340 4341 4440
f 4341 4441 4440
f 4341 4342 4441
f 4342 4442 4441
f 4342 4343 4442
f 4343 4443 4442
f 4343 4344 4443
f 4344 4444 4443
f 4344 4345 4444
f 4345 4445 4444
f 4345 4346 4445
f 4346 4446 4445
f 4346 4347 4446
f 4347 4447 4446
f 4347 4348 4447
f 4348 4448 4447
f 4348 4349 4448
f 4349 4449 4448
f 4349 4350 4449
f 4350 4450 4449
f 4350 4351 4450
f 4351 4451 4450
f 4351 4352 4451
f 4352 4452 4451
f 4352 4353 4452
f 4353 4453 4452
f 4353 4354 4453
f 4354 4454 4453
f 4354 4355 4454
f 4355 4455 4454
f 4355 4356 4455
f 4356 4456 4455
f 4356 4357 4456
f 4357 4457 4456
f 4357 4358 4457
f 4358 4458 4457
f 4358 4359 4458
f 4359 4459 4458
f 4359 4360 4459
f 4360 4460 4459
f 4360 4361 4460
f 4361 4461 4460
f 4361 4362 4461
f 4362 4462 4461
f 4362 4363 4462
f 4363 4463 4462
f 4363 4364 4463
f 4364 4464 4463
f 4364 4365 4464
f 4365 4465 4464
f 4365 4366 4465
f 4366 4466 4465
f 4366 4367 4466
f 4367 4467 4466
f 4367 4368 4467
f 4368 4468 4467
f 4368 4369 4468
f 4369 4469 4468
f 4369 4370 4469
f 4370 4470 4469
f 4370 4371 4470
f 4371 4471 4470
f 4371 4372 4471
f 4372 4472 4471
f 4372 4373 4472
f 4373 4473 4472
f 4373 4374 4473
f 4374 4474 4473
f 4374 4375 4474
f 4375 4475 4474
f 4375 4376 4475
f 4376 4476 4475
f 4376 4377 4476
f 4377 4477 4476
f 4377 4378 4477
f 4378 4478 4477
f 4378 4379 4478
f 4379 4479 4478
f 4379 4380 4479
f 4380 4480 4479
f 4380 4381 4480
f 4381 4481 4480
f 4381 4382 4481
f 4382 4482 4481
f 4382 4383 4482
f 4383 4483 4482
f 4383 4384 4483
f 4384 4484 4483
f 4384 4385 4484
f 4385 4485 4484
f 4385 4386 4485
f 4386 4486 4485
f 4386 4387 4486
f 4387 4487 4486
f 4387 4388 4487
f 4388 4488 4487
f 4388 4389 4488
f 4389 4489 4488
f 4389 4390 4489
f 4390 4490 4489
f 4390 4391 4490
f 4391 4491 4490
f 4391 4392 4491
f 4392 4492 4491
f 4392 4393 4492
f 4393 4493 4492
f 4393 4394 4493
f 4394 4494 4493
f 4394 4395 4494
f 4395 4495 4494
f 4395 4396 4495
f 4396 4496 4495
f 4396 4397 4496
f 4397 4497 4496
f 4397 4398 4497
f 4398 4498 4497
f 4398 4399 4498
f 4399 4499 4498
f 4399 4400 4499
f 4400 4500 4499
f 4401 4402 4501
f 4402 4502 4501
f 4402 4403 4502
f 4403 4503 4502
f 4403 4404 4503
f 4404 4504 4503
f 4404 4405 4504
f 4405 4505 4504
f 4405 4406 4505
f 4406 4506 4505
f 4406 4407 4506
f 4407 4507 4506
f 4407 4408 4507
f 4408 4508 4507
f 4408 4409 4508
f 4409 4509 4508
f 4409 4410 4509
f 4410 4510 4509
f 4410 4411 4510
f 4411 4511 4510
f 4411 4412 4511
f 4412 4512 4511
f 4412 4413 4512
f 4413 4513 4512
f 4413 4414 4513
f 4414 4514 4513
f 4414 4415 4514
f 4415 4515 4514
f 4415 4416 4515
f 4416 4516 4515
f 4416 4417 4516
f 4417 4517 4516
f 4417 4418 4517
f 4418 4518 4517
f 4418 4419 4518
f 4419 4519 4518
f 4419 4420 4519
f 4420 4520 4519
f 4420 4421 4520
f 4421 4521 4520
f 4421 4422 4521
f 4422 4522 4521
f 4422 4423 4522
f 4423 4523 4522
f 4423 4424 4523
f 4424 4524 4523
f 4424 4425 4524
f 4425 4525 4524
f 4425 4426 4525
f 4426 4526 4525
f 4426 4427 4526
f 4427 4527 4526
f 4427 4428 4527
f 4428 4528 4527
f 4428 4429 4528
f 4429 4529 4528
f 4429 4430 4529
f 4430 4530 4529
f 4430 4431 4530
f 4431 4531 4530
f 4431 4432 4531
f 4432 4532 4531
f 4432 4433 4532
f 4433 4533 4532
f 4433 4434 4533
f 4434 4534 4533
f 4434 4435 4534
f 4435 4535 4534
f 4435 4436 4535
f 4436 4536 4535
f 4436 4437 4536
f 4437 4537 4536
f 4437 4438 4537
f 4438 4538 4537
f 4438 4439 4538
f 4439 4539 4538
f 4439 4440 4539
f 4440 4540 4539
f 4440 4441 4540
f 4441 4541 4540
f 4441 4442 4541
f 4442 4542 4541
f 4442 4443 4542
f 4443 4543 4542
f 4443 4444 4543
f 4444 4544 4543
f 4444 4445 4544
f 4445 4545 4544
f 4445 4446 4545
f 4446 4546 4545
f 4446 4447 4546
f 4447 4547 4546
f 4447 4448 4547
f 4448 4548 4547
f 4448 4449 4548
f 4449 4549 4548
f 4449 4450 4549
f 4450 4550 4549
f 4450 4451 4550
f 4451 4551 4550
f 4451 4452 4551
f 4452 4552 4551
f 4452 4453 4552
f 4453 4553 4552
f 4453 4454 4553
f 4454 4554 4553
f 4454 4455 4554
f 4455 4555 4554
f 4455 4456 4555
f 4456 4556 4555
f 4456 4457 4556
f 4457 4557 4556
f 4457 4458 4557
f 4458 4558 4557
f 4458 4459 4558
f 4459 4559 4558
f 4459 4460 4559
f 4460 4560 4559
f 4460 4461 4560
f 4461 4561 4560
f 4461 4462 4561
f 4462 4562 4561
f 4462 4463 4562
f 4463 4563 4562
f 4463 4464 4563
f 4464 4564 4563
f 4464 4465 4564
f 4465 4565 4564
f 4465 4466 4565
f 4466 4566 4565
f 4466 4467 4566
f 4467 4567 4566
f 4467 4468 4567
f 4468 4568 4567
f 4468 4469 4568
f 4469 4569 4568
f 4469 4470 4569
f 4470 4570 4569
f 4470 4471 4570
f 4471 4571 4570
f 4471 4472 4571
f 4472 4572 4571
f 4472 4473 4572
f 4473 4573 4572
f 4473 4474 4573
f 4474 4574 4573
f 4474 4475 4574
f 4475 4575 4574
f 4475 4476 4575
f 4476 4576 4575
f 4476 4477 4576
f 4477 4577 4576
f 4477 4478 4577
f 4478 4578 4577
f 4478 4479 4578
f 4479 4579 4578
f 4479 4480 4579
f 4480 4580 4579
f 4480 4481 4580
f 4481 4581 4580
f 4481 4482 4581
f 4482 4582 4581
f 4482 4483 4582
f 4483 4583 4582
f 4483 4484 4583
f 4484 4584 4583
f 4484 4485 4584
f 4485 4585 4584
f 4485 4486 4585
f 4486 4586 4585
f 4486 4487 4586
f 4487 4587 4586
f 4487 4488 4587
f 4488 4588 4587
f 4488 4489 4588
f 4489 4589 4588
f 4489 4490 4589
f 4490 4590 4589
f 4490 4491 4590
f 4491 4591 4590
f 4491 4492 4591
f 4492 4592 4591
f 4492 4493 4592
f 4493 4593 4592
f 4493 4494 4593
f 4494 4594 4593
f 4494 4495 4594
f 4495 4595 4594
f 4495 4496 4595
f 4496 4596 4595
f 4496 4497 4596
f 4497 4597 4596
f 4497 4498 4597
f 4498 4598 4597
f 4498 4499 4598
f 4499 4599 4598
f 4499 4500 4599
f 4500 4600 4599
f 4501 4502 4601
f 4502 4602 4601
f 4502 4503 4602
f 4503 4603 4602
f 4503 4504 4603
f 4504 4604 4603
f 4504 4505 4604
f 4505 4605 4604
f 4505 4506 4605
f 4506 4606 4605
f 4506 4507 4606
f 4507 4607 4606
f 4507 4508 4607
f 4508 4608 4607
f 4508 4509 4608
f 4509 4609 4608
f 4509 4510 4609
f 4510 4610 4609
f 4510 4511 4610
f 4511 4611 4610
f 4511 4512 4611
f 4512 4612 4611
f 4512 4513 4612
f 4513 4613 4612
f 4513 4514 4613
f 4514 4614 4613
f 4514 4515 4614
f 4515 4615 4614
f 4515 4516 4615
f 4516 4616 4615
f 4516 4517 4616
f 4517 4617 4616
f 4517 4518 4617
f 4518 4618 4617
f 4518 4519 4618
f 4519 4619 4618
f 4519 4520 4619
f 4520 4620 4619
f 4520 4521 4620
f 4521 4621 4620
f 4521 4522 4621
f 4522 4622 4621
f 4522 4523 4622
f 4523 4623 4622
f 4523 4524 4623
f 4524 4624 4623
f 4524 4525 4624
f 4525 4625 4624
f 4525 4526 4625
f 4526 4626 4625
f 4526 4527 4626
f 4527 4627 4626
f 4527 4528 4627
f 4528 4628 4627
f 4528 4529 4628
f 4529 4629 4628
f 4529 4530 4629
f 4530 4630 4629
f 4530 4531 4630
f 4531 4631 4630
f 4531 4532 4631
f 4532 4632 4631
f 4532 4533 4632
f 4533 4633 4632
f 4533 4534 4633
f 4534 4634 4633
f 4534 4535 4634
f 4535 4635 4634
f 4535 4536 4635
f 4536 4636 4635
f 4536 4537 4636
f 4537 4637 4636
f 4537 4538 4637
f 4538 4638 4637
f 4538 4539 4638
f 4539 4639 4638
f 4539 4540 4639
f 4540 4640 4639
f 4540 4541 4640
f 4541 4641 4640
f 4541 4542 4641
f 4542 4642 4641
f 4542 4543 4642
f 4543 4643 4642
f 4543 4544 4643
f 4544 4644 4643
f 4544 4545 4644
f 4545 4645 4644
f 4545 4546 4645
f 4546 4646 4645
f 4546 4547 4646
f 4547 4647 4646
f 4547 4548 4647
f 4548 4648 4647
f 4548 4549 4648
f 4549 4649 4648
f 4549 4550 4649
f 4550 4650 4649
f 4550 4551 4650
f 4551 4651 4650
f 4551 4552 4651
f 4552 4652 4651
f 4552 4553 4652
f 4553 4653 4652
f 4553 4554 4653
f 4554 4654 4653
f 4554 4555 4654
f 4555 4655 4654
f 4555 4556 4655
f 4556 4656 4655
f 4556 4557 4656
f 4557 4657 4656
f 4557 4558 4657
f 4558 4658 4657
f 4558 4559 4658
f 4559 4659 4658
f 4559 4560 4659
f 4560 4660 4659
f 4560 4561 4660
f 4561 4661 4660
f 4561 4562 4661
f 4562 4662 4661
f 4562 4563 4662
f 4563 4663 4662
f 4563 4564 4663
f 4564 4664 4663
f 4564 4565 4664
f 4565 4665 4664
f 4565 4566 4665
f 4566 4666 4665
f 4566 4567 4666
f 4567 4667 4666
f 4567 4568 4667
f 4568 4668 4667
f 4568 4569 4668
f 4569 4669 4668
f 4569 4570 4669
f 4570 4670 4669
f 4570 4571 4670
f 4571 4671 4670
f 4571 4572 4671
f 4572 4672 4671
f 4572 4573 4672
f 4573 4673 4672
f 4573 4574 4673
f 4574 4674 4673
f 4574 4575 4674
f 4575 4675 4674
f 4575 4576 4675
f 4576 4676 4675
f 4576 4577 4676
f 4577 4677 4676
f 4577 4578 4677
f 4578 4678 4677
f 4578 4579 4678
f 4579 4679 4678
f 4579 4580 4679
f 4580 4680 4679
f 4580 4581 4680
f 4581 4681 4680
f 4581 4582 4681
f 4582 4682 4681
f 4582 4583 4682
f 4583 4683 4682
f 4583 4584 4683
f 4584 4684 4683
f 4584 4585 4684
f 4585 4685 4684
f 4585 4586 4685
f 4586 4686 4685
f 4586 4587 4686
f 4587 4687 4686
f 4587 4588 4687
f 4588 4688 4687
f 4588 4589 4688
f 4589 4689 4688
f 4589 4590 4689
f 4590 4690 4689
f 4590 4591 4690
f 4591 4691 4690
f 4591 4592 4691
f 4592 4692 4691
f 4592 4593 4692
f 4593 4693 4692
f 4593 4594 4693
f 4594 4694 4693
f 4594 4595 4694
f 4595 4695 4694
f 4595 4596 4695
f 4596 4696 4695
f 4596 4597 4696
f 4597 4697 4696
f 4597 4598 4697
f 4598 4698 4697
f 4598 4599 4698
f 4599 4699 4698
f 4599 4600 4699
f 4600 4700 4699
f 4601 4602 4701
f 4602 4702 4701
f 4602 4603 4702
f 4603 4703 4702
f 4603 4604 4703
f 4604 4704 4703
f 4604 4605 4704
f 4605 4705 4704
f 4605 4606 4705
f 4606 4706 4705
f 4606 4607 4706
f 4607 4707 4706
f 4607 4608 4707
f 4608 4708 4707
f 4608 4609 4708
f 4609 4709 4708
f 4609 4610 4709
f 4610 4710 4709
f 4610 4611 4710
f 4611 4711 4710
f 4611 4612 4711
f 4612 4712 4711
f 4612 4613 4712
f 4613 4713 4712
f 4613 4614 4713
f 4614 4714 4713
f 4614 4615 4714
f 4615 4715 4714
f 4615 4616 4715
f 4616 4716 4715
f 4616 4617 4716
f 4617 4717 4716
f 4617 4618 4717
f 4618 4718 4717
f 4618 4619 4718
f 4619 4719 4718
f 4619 4620 4719
f 4620 4720 4719
f 4620 4621 4720
f 4621 4721 4720
f 4621 4622 4721
f 4622 4722 4721
f 4622 4623 4722
f 4623 4723 4722
f 4623 4624 4723
f 4624 4724 4723
f 4624 4625 4724
f 4625 4725 4724
f 4625 4626 4725
f 4626 4726 4725
f 4626 4627 4726
f 4627 4727 4726
f 4627 4628 4727
f 4628 4728 4727
f 4628 4629 4728
f 4629 4729 4728
f 4629 4630 4729
f 4630 4730 4729
f 4630 4631 4730
f 4631 4731 4730
f 4631 4632 4731
f 4632 4732 4731
f 4632 4633 4732
f 4633 4733 4732
f 4633 4634 4733
f 4634 4734 4733
f 4634 4635 4734
f 4635 4735 4734
f 4635 4636 4735
f 4636 4736 4735
f 4636 4637 4736
f 4637 4737 4736
f 4637 4638 4737
f 4638 4738 4737
f 4638 4639 4738
f 4639 4739 4738
f 4639 4640 4739
f 4640 4740 4739
f 4640 4641 4740
f 4641 4741 4740
f 4641 4642 4741
f 4642 4742 4741
f 4642 4643 4742
f 4643 4743 4742
f 4643 4644 4743
f 4644 4744 4743
f 4644 4645 4744
f 4645 4745 4744
f 4645 4646 4745
f 4646 4746 4745
f 4646 4647 4746
f 4647 4747 4746
f 4647 4648 4747
f 4648 4748 4747
f 4648 4649 4748
f 4649 4749 4748
f 4649 4650 4749
f 4650 4750 4749
f 4650 4651 4750
f 4651 4751 4750
f 4651 4652 4751
f 4652 4752 4751
f 4652 4653 4752
f 4653 4753 4752
f 4653 4654 4753
f 4654 4754 4753
f 4654 4655 4754
f 4655 4755 4754
f 4655 4656 4755
f 4656 4756 4755
f 4656 4657 4756
f 4657 4757 4756
f 4657 4658 4757
f 4658 4758 4757
f 4658 4659 4758
f 4659 4759 4758
f 4659 4660 4759
f 4660 4760 4759
f 4660 4661 4760
f 4661 4761 4760
f 4661 4662 4761
f 4662 4762 4761
f 4662 4663 4762
f 4663 4763 4762
f 4663 4664 4763
f 4664 4764 4763
f 4664 4665 4764
f 4665 4765 4764
f 4665 4666 4765
f 4666 4766 4765
f 4666 4667 4766
f 4667 4767 4766
f 4667 4668 4767
f 4668 4768 4767
f 4668 4669 4768
f 4669 4769 4768
f 4669 4670 4769
f 4670 4770 4769
f 4670 4671 4770
f 4671 4771 4770
f 4671 4672 4771
f 4672 4772 4771
f 4672 4673 4772
f 4673 4773 4772
f 4673 4674 4773
f 4674 4774 4773
f 4674 4675 4774
f 4675 4775 4774
f 4675 4676 4775
f 4676 4776 4775
f 4676 4677 4776
f 4677 4777 4776
f 4677 4678 4777
f 4678 4778 4777
f 4678 4679 4778
f 4679 4779 4778
f 4679 4680 4779
f 4680 4780 4779
f 4680 4681 4780
f 4681 4781 4780
f 4681 4682 4781
f 4682 4782 4781
f 4682 4683 4782
f 4683 4783 4782
f 4683 4684 4783
f 4684 4784 4783
f 4684 4685 4784
f 4685 4785 4784
f 4685 4686 4785
f 4686 4786 4785
f 4686 4687 4786
f 4687 4787 4786
f 4687 4688 4787
f 4688 4788 4787
f 4688 4689 4788
f 4689 4789 4788
f 4689 4690 4789
f 4690 4790 4789
f 4690 4691 4790
f 4691 4791 4790
f 4691 4692 4791
f 4692 4792 4791
f 4692 4693 4792
f 4693 4793 4792
f 4693 4694 4793
f 4694 4794 4793
f 4694 4695 4794
f 4695 4795 4794
f 4695 4696 4795
f 4696 4796 4795
f 4696 4697 4796
f 4697 4797 4796
f 4697 4698 4797
f 4698 4798 4797
f 4698 4699 4798
f 4699 4799 4798
f 4699 4700 4799
f 4700 4800 4799
f 4701 4702 4801
f 4702 4802 4801
f 4702 4703 4802
f 4703 4803 4802
f 4703 4704 4803
f 4704 4804 4803
f 4704 4705 4804
f 4705 4805 4804
f 4705 4706 4805
f 4706 4806 4805
f 4706 4707 4806
f 4707 4807 4806
f 4707 4708 4807
f 4708 4808 4807
f 4708 4709 4808
f 4709 4809 4808
f 4709 4710 4809
f 4710 4810 4809
f 4710 4711 4810
f 4711 4811 4810
f 4711 4712 4811
f 4712 4812 4811
f 4712 4713 4812
f 4713 4813 4812
f 4713 4714 4813
f 4714 4814 4813
f 4714 4715 4814
f 4715 4815 4814
f 4715 4716 4815
f 4716 4816 4815
f 4716 4717 4816
f 4717 4817 4816
f 4717 4718 4817
f 4718 4818 4817
f 4718 4719 4818
f 4719 4819 4818
f 4719 4720 4819
f 4720 4820 4819
f 4720 4721 4820
f 4721 4821 4820
f 4721 4722 4821
f 4722 4822 4821
f 4722 4723 4822
f 4723 4823 4822
f 4723 4724 4823
f 4724 4824 4823
f 4724 4725 4824
f 4725 4825 4824
f 4725 4726 4825
f 4726 4826 4825
f 4726 4727 4826
f 4727 4827 4826
f 4727 4728 4827
f 4728 4828 4827
f 4728 4729 4828
f 4729 4829 4828
f 4729 4730 4829
f 4730 4830 4829
f 4730 4731 4830
f 4731 4831 4830
f 4731 4732 4831
f 4732 4832 4831
f 4732 4733 4832
f 4733 4833 4832
f 4733 4734 4833
f 4734 4834 4833
f 4734 4735 4834
f 4735 4835 4834
f 4735 4736 4835
f 4736 4836 4835
f 4736 4737 4836
f 4737 4837 4836
f 4737 4738 4837
f 4738 4838 4837
f 4738 4739 4838
f 4739 4839 4838
f 4739 4740 4839
f 4740 4840 4839
f 4740 4741 4840
f 4741 4841 4840
f 4741 4742 4841
f 4742 4842 4841
f 4742 4743 4842
f 4743 4843 4842
f 4743 4744 4843
f 4744 4844 4843
f 4744 4745 4844
f 4745 4845 4844
f 4745 4746 4845
f 4746 4846 4845
f 4746 4747 4846
f 4747 4847 4846
f 4747 4748 4847
f 4748 4848 4847
f 4748 4749 4848
f 4749 4849 4848
f 4749 4750 4849
f 4750 4850 4849
f 4750 4751 4850
f 4751 4851 4850
f 4751 4752 4851
f 4752 4852 4851
f 4752 4753 4852
f 4753 4853 4852
f 4753 4754 4853
f 4754 4854 4853
f 4754 4755 4854
f 4755 4855 4854
f 4755 4756 4855
f 4756 4856 4855
f 4756 4757 4856
f 4757 4857 4856
f 4757 4758 4857
f 4758 4858 4857
f 4758 4759 4858
f 4759 4859 4858
f 4759 4760 4859
f 4760 4860 4859
f 4760 4761 4860
f 4761 4861 4860
f 4761 4762 4861
f 4762 4862 4861
f 4762 4763 4862
f 4763 4863 4862
f 4763 4764 4863
f 4764 4864 4863
f 4764 4765 4864
f 4765 4865 4864
f 4765 4766 4865
f 4766 4866 4865
f 4766 4767 4866
f 4767 4867 4866
f 4767 4768 4867
f 4768 4868 4867
f 4768 4769 4868
f 4769 4869 4868
f 4769 4770 4869
f 4770 4870 4869
f 4770 4771 4870
f 4771 4871 4870
f 4771 4772 4871
f 4772 4872 4871
f 4772 4773 4872
f 4773 4873 4872
f 4773 4774 4873
f 4774 4874 4873
f 4774 4775 4874
f 4775 4875 4874
f 4775 4776 4875
f 4776 4876 4875
f 4776 4777 4876
f 4777 4877 4876
f 4777 4778 4877
f 4778 4878 4877
f 4778 4779 4878
f 4779 4879 4878
f 4779 4780 4879
f 4780 4880 4879
f 4780 4781 4880
f 4781 4881 4880
f 4781 4782 4881
f 4782 4882 4881
f 4782 4783 4882
f 4783 4883 4882
f 4783 4784 4883
f 4784 4884 4883
f 4784 4785 4884
f 4785 4885 4884
f 4785 4786 4885
f 4786 4886 4885
f 4786 4787 4886
f 4787 4887 4886
f 4787 4788 4887
f 4788 4888 4887
f 4788 4789 4888
f 4789 4889 4888
f 4789 4790 4889
f 4790 4890 4889
f 4790 4791 4890
f 4791 4891 4890
f 4791 4792 4891
f 4792 4892 4891
f 4792 4793 4892
f 4793 4893 4892
f 4793 4794 4893
f 4794 4894 4893
f 4794 4795 4894
f 4795 4895 4894
f 4795 4796 4895
f 4796 4896 4895
f 4796 4797 4896
f 4797 4897 4896
f 4797 4798 4897
f 4798 4898 4897
f 4798 4799 4898
f 4799 4899 4898
f 4799 4800 4899
f 4800 4900 4899
f 4801 4802 4901
f 4802 4902 4901
f 4802 4803 4902
f 4803 4903 4902
f 4803 4804 4903
f 4804 4904 4903
f 4804 4805 4904
f 4805 4905 4904
f 4805 4806 4905
f 4806 4906 4905
f 4806 4807 4906
f 4807 4907 4906
f 4807 4808 4907
f 4808 4908 4907
f 4808 4809 4908
f 4809 4909 4908
f 4809 4810 4909
f 4810 4910 4909
f 4810 4811 4910
f 4811 4911 4910
f 4811 4812 4911
f 4812 4912 4911
f 4812 4813 4912
f 4813 4913 4912
f 4813 4814 4913
f 4814 4914 4913
f 4814 4815 4914
f 4815 4915 4914
f 4815 4816 4915
f 4816 4916 4915
f 4816 4817 4916
f 4817 4917 4916
f 4817 4818 4917
f 4818 4918 4917
f 4818 4819 4918
f 4819 4919 4918
f 4819 4820 4919
f 4820 4920 4919
f 4820 4821 4920
f 4821 4921 4920
f 4821 4822 4921
f 4822 4922 4921
f 4822 4823 4922
f 4823 4923 4922
f 4823 4824 4923
f 4824 4924 4923
f 4824 4825 4924
f 4825 4925 4924
f 4825 4826 4925
f 4826 4926 4925
f 4826 4827 4926
f 4827 4927 4926
f 4827 4828 4927
f 4828 4928 4927
f 4828 4829 4928
f 4829 4929 4928
f 4829 4830 4929
f 4830 4930 4929
f 4830 4831 4930
f 4831 4931 4930
f 4831 4832 4931
f 4832 4932 4931
f 4832 4833 4932
f 4833 4933 4932
f 4833 4834 4933
f 4834 4934 4933
f 4834 4835 4934
f 4835 4935 4934
f 4835 4836 4935
f 4836 4936 4935
f 4836 4837 4936
f 4837 4937 4936
f 4837 4838 4937
f 4838 4938 4937
f 4838 4839 4938
f 4839 4939 4938
f 4839 4840 4939
f 4840 4940 4939
f 4840 4841 4940
f 4841 4941 4940
f 4841 4842 4941
f 4842 4942 4941
f 4842 4843 4942
f 4843 4943 4942
f 4843 4844 4943
f 4844 4944 4943
f 4844 4845 4944
f 4845 4945 4944
f 4845 4846 4945
f 4846 4946 4945
f 4846 4847 4946
f 4847 4947 4946
f 4847 4848 4947
f 4848 4948 4947
f 4848 4849 4948
f 4849 4949 4948
f 4849 4850 4949
f 4850 4950 4949
f 4850 4851 4950
f 4851 4951 4950
f 4851 4852 4951
f 4852 4952 4951
f 4852 4853 4952
f 4853 4953 4952
f 4853 4854 4953
f 4854 4954 4953
f 4854 4855 4954
f 4855 4955 4954
f 4855 4856 4955
f 4856 4956 4955
f 4856 4857 4956
f 4857 4957 4956
f 4857 4858 4957
f 4858 4958 4957
f 4858 4859 4958
f 4859 4959 4958
f 4859 4860 4959
f 4860 4960 4959
f 4860 4861 4960
f 4861 4961 4960
f 4861 4862 4961
f 4862 4962 4961
f 4862 4863 4962
f 4863 4963 4962
f 4863 4864 4963
f 4864 4964 4963
f 4864 4865 4964
f 4865 4965 4964
f 4865 4866 4965
f 4866 4966 4965
f 4866 4867 4966
f 4867 4967 4966
f 4867 4868 4967
f 4868 4968 4967
f 4868 4869 4968
f 4869 4969 4968
f 4869 4870 4969
f 4870 4970 4969
f 4870 4871 4970
f 4871 4971 4970
f 4871 4872 4971
f 4872 4972 4971
f 4872 4873 4972
f 4873 4973 4972
f 4873 4874 4973
f 4874 4974 4973
f 4874 4875 4974
f 4875 4975 4974
f 4875 4876 4975
f 4876 4976 4975
f 4876 4877 4976
f 4877 4977 4976
f 4877 4878 4977
f 4878 4978 4977
f 4878 4879 4978
f 4879 4979 4978
f 4879 4880 4979
f 4880 4980 4979
f 4880 4881 4980
f 4881 4981 4980
f 4881 4882 4981
f 4882 4982 4981
f 4882 4883 4982
f 4883 4983 4982
f 4883 4884 4983
f 4884 4984 4983
f 4884 4885 4984
f 4885 4985 4984
f 4885 4886 4985
f 4886 4986 4985
f 4886 4887 4986
f 4887 4987 4986
f 4887 4888 4987
f 4888 4988 4987
f 4888 4889 4988
f 4889 4989 4988
f 4889 4890 4989
f 4890 4990 4989
f 4890 4891 4990
f 4891 4991 4990
f 4891 4892 4991
f 4892 4992 4991
f 4892 4893 4992
f 4893 4993 4992
f 4893 4894 4993
f 4894 4994 4993
f 4894 4895 4994
f 4895 4995 4994
f 4895 4896 4995
f 4896 4996 4995
f 4896 4897 4996
f 4897 4997 4996
f 4897 4898 4997
f 4898 4998 4997
f 4898 4899 4998
f 4899 4999 4998
f 4899 4900 4999
f 4900 5000 4999
f 4901 4902 5001
f 4902 5002 5001
f 4902 4903 5002
f 4903 5003 5002
f 4903 4904 5003
f 4904 5004 5003
f 4904 4905 5004
f 4905 5005 5004
f 4905 4906 5005
f 4906 5006 5005
f 4906 4907 5006
f 4907 5007 5006
f 4907 4908 5007
f 4908 5008 5007
f 4908 4909 5008
f 4909 5009 5008
f 4909 4910 5009
f 4910 5010 5009
f 4910 4911 5010
f 4911 5011 5010
f 4911 4912 5011
f 4912 5012 5011
f 4912 4913 5012
f 4913 5013 5012
f 4913 4914 5013
f 4914 5014 5013
f 4914 4915 5014
f 4915 5015 5014
f 4915 4916 5015
f 4916 5016 5015
f 4916 4917 5016
f 4917 5017 5016
f 4917 4918 5017
f 4918 5018 5017
f 4918 4919 5018
f 4919 5019 5018
f 4919 4920 5019
f 4920 5020 5019
f 4920 4921 5020
f 4921 5021 5020
f 4921 4922 5021
f 4922 5022 5021
f 4922 4923 5022
f 4923 5023 5022
f 4923 4924 5023
f 4924 5024 5023
f 4924 4925 5024
f 4925 5025 5024
f 4925 4926 5025
f 4926 5026 5025
f 4926 4927 5026
f 4927 5027 5026
f 4927 4928 5027
f 4928 5028 5027
f 4928 4929 5028
f 4929 5029 5028
f 4929 4930 5029
f 4930 5030 5029
f 4930 4931 5030
f 4931 5031 5030
f 4931 4932 5031
f 4932 5032 5031
f 4932 4933 5032
f 4933 5033 5032
f 4933 4934 5033
f 4934 5034 5033
f 4934 4935 5034
f 4935 5035 5034
f 4935 4936 5035
f 4936 5036 5035
f 4936 4937 5036
f 4937 5037 5036
f 4937 4938 5037
f 4938 5038 5037
f 4938 4939 5038
f 4939 5039 5038
f 4939 4940 5039
f 4940 5040 5039
f 4940 4941 5040
f 4941 5041 5040
f 4941 4942 5041
f 4942 5042 5041
f 4942 4943 5042
f 4943 5043 5042
f 4943 4944 5043
f 4944 5044 5043
f 4944 4945 5044
f 4945 5045 5044
f 4945 4946 5045
f 4946 5046 5045
f 4946 4947 5046
f 4947 5047 5046
f 4947 4948 5047
f 4948 5048 5047
f 4948 4949 5048
f 4949 5049 5048
f 4949 4950 5049
f 4950 5050 5049
f 4950 4951 5050
f 4951 5051 5050
f 4951 4952 5051
f 4952 5052 5051
f 4952 4953 5052
f 4953 5053 5052
f 4953 4954 5053
f 4954 5054 5053
f 4954 4955 5054
f 4955 5055 5054
f 4955 4956 5055
f 4956 5056 5055
f 4956 4957 5056
f 4957 5057 5056
f 4957 4958 5057
f 4958 5058 5057
f 4958 4959 5058
f 4959 5059 5058
f 4959 4960 5059
f 4960 5060 5059
f 4960 4961 5060
f 4961 5061 5060
f 4961 4962 5061
f 4962 5062 5061
f 4962 4963 5062
f 4963 5063 5062
f 4963 4964 5063
f 4964 5064 5063
f 4964 4965 5064
f 4965 5065 5064
f 4965 4966 5065
f 4966 5066 5065
f 4966 4967 5066
f 4967 5067 5066
f 4967 4968 5067
f 4968 5068 5067
f 4968 4969 5068
f 4969 5069 5068
f 4969 4970 5069
f 4970 5070 5069
f 4970 4971 5070
f 4971 5071 5070
f 4971 4972 5071
f 4972 5072 5071
f 4972 4973 5072
f 4973 5073 5072
f 4973 4974 5073
f 4974 5074 5073
f 4974 4975 5074
f 4975 5075 5074
f 4975 4976 5075
f 4976 5076 5075
f 4976 4977 5076
f 4977 5077 5076
f 4977 4978 5077
f 4978 5078 5077
f 4978 4979 5078
f 4979 5079 5078
f 4979 4980 5079
f 4980 5080 5079
f 4980 4981 5080
f 4981 5081 5080
f 4981 4982 5081
f 4982 5082 5081
f 4982 4983 5082
f 4983 5083 5082
f 4983 4984 5083
f 4984 5084 5083
f 4984 4985 5084
f 4985 5085 5084
f 4985 4986 5085
f 4986 5086 5085
f 4986 4987 5086
f 4987 5087 5086
f 4987 4988 5087
f 4988 5088 5087
f 4988 4989 5088
f 4989 5089 5088
f 4989 4990 5089
f 4990 5090 5089
f 4990 4991 5090
f 4991 5091 5090
f 4991 4992 5091
f 4992 5092 5091
f 4992 4993 5092
f 4993 5093 5092
f 4993 4994 5093
f 4994 5094 5093
f 4994 4995 5094
f 4995 5095 5094
f 4995 4996 5095
f 4996 5096 5095
f 4996 4997 5096
f 4997 5097 5096
f 4997 4998 5097
f 4998 5098 5097
f 4998 4999 5098
f 4999 5099 5098
f 4999 5000 5099
f 5000 5100 5099
f 5001 5002 5101
f 5002 5102 5101
f 5002 5003 5102
f 5003 5103 5102
f 5003 5004 5103
f 5004 5104 5103
f 5004 5005 5104
f 5005 5105 5104
f 5005 5006 5105
f 5006 5106 5105
f 5006 5007 5106
f 5007 5107 5106
f 5007 5008 5107
f 5008 5108 5107
f 5008 5009 5108
f 5009 5109 5108
f 5009 5010 5109
f 5010 5110 5109
f 5010 5011 5110
f 5011 5111 5110
f 5011 5012 5111
f 5012 5112 5111
f 5012 5013 5112
f 5013 5113 5112
f 5013 5014 5113
f 5014 5114 5113
f 5014 5015 5114
f 5015 5115 5114
f 5015 5016 5115
f 5016 5116 5115
f 5016 5017 5116
f 5017 5117 5116
f 5017 5018 5117
f 5018 5118 5117
f 5018 5019 5118
f 5019 5119 5118
f 5019 5020 5119
f 5020 5120 5119
f 5020 5021 5120
f 5021 5121 5120
f 5021 5022 5121
f 5022 5122 5121
f 5022 5023 5122
f 5023 5123 5122
f 5023 5024 5123
f 5024 5124 5123
f 5024 5025 5124
f 5025 5125 5124
f 5025 5026 5125
f 5026 5126 5125
f 5026 5027 5126
f 5027 5127 5126
f 5027 5028 5127
f 5028 5128 5127
f 5028 5029 5128
f 5029 5129 5128
f 5029 5030 5129
f 5030 5130 5129
f 5030 5031 5130
f 5031 5131 5130
f 5031 5032 5131
f 5032 5132 5131
f 5032 5033 5132
f 5033 5133 5132
f 5033 5034 5133
f 5034 5134 5133
f 5034 5035 5134
f 5035 5135 5134
f 5035 5036 5135
f 5036 5136 5135
f 5036 5037 5136
f 5037 5137 5136
f 5037 5038 5137
f 5038 5138 5137
f 5038 5039 5138
f 5039 5139 5138
f 5039 5040 5139
f 5040 5140 5139
f 5040 5041 5140
f 5041 5141 5140
f 5041 5042 5141
f 5042 5142 5141
f 5042 5043 5142
f 5043 5143 5142
f 5043 5044 5143
f 5044 5144 5143
f 5044 5045 5144
f 5045 5145 5144
f 5045 5046 5145
f 5046 5146 5145
f 5046 5047 5146
f 5047 5147 5146
f 5047 5048 5147
f 5048 5148 5147
f 5048 5049 5148
f 5049 5149 5148
f 5049 5050 5149
f 5050 5150 5149
f 5050 5051 5150
f 5051 5151 5150
f 5051 5052 5151
f 5052 5152 5151
f 5052 5053 5152
f 5053 5153 5152
f 5053 5054 5153
f 5054 5154 5153
f 5054 5055 5154
f 5055 5155 5154
f 5055 5056 5155
f 5056 5156 5155
f 5056 5057 5156
f 5057 5157 5156
f 5057 5058 5157
f 5058 5158 5157
f 5058 5059 5158
f 5059 5159 5158
f 5059 5060 5159
f 5060 5160 5159
f 5060 5061 5160
f 5061 5161 5160
f 5061 5062 5161
f 5062 5162 5161
f 5062 5063 5162
f 5063 5163 5162
f 5063 5064 5163
f 5064 5164 5163
f 5064 5065 5164
f 5065 5165 5164
f 5065 5066 5165
f 5066 5166 5165
f 5066 5067 5166
f 5067 5167 5166
f 5067 5068 5167
f 5068 5168 5167
f 5068 5069 5168
f 5069 5169 5168
f 5069 5070 5169
f 5070 5170 5169
f 5070 5071 5170
f 5071 5171 5170
f 5071 5072 5171
f 5072 5172 5171
f 5072 5073 5172
f 5073 5173 5172
f 5073 5074 5173
f 5074 5174 5173
f 5074 5075 5174
f 5075 5175 5174
f 5075 5076 5175
f 5076 5176 5175
f 5076 5077 5176
f 5077 5177 5176
f 5077 5078 5177
f 5078 5178 5177
f 5078 5079 5178
f 5079 5179 5178
f 5079 5080 5179
f 5080 5180 5179
f 5080 5081 5180
f 5081 5181 5180
f 5081 5082 5181
f 5082 5182 5181
f 5082 5083 5182
f 5083 5183 5182
f 5083 5084 5183
f 5084 5184 5183
f 5084 5085 5184
f 5085 5185 5184
f 5085 5086 5185
f 5086 5186 5185
f 5086 5087 5186
f 5087 5187 5186
f 5087 5088 5187
f 5088 5188 5187
f 5088 5089 5188
f 5089 5189 5188
f 5089 5090 5189
f 5090 5190 5189
f 5090 5091 5190
f 5091 5191 5190
f 5091 5092 5191
f 5092 5192 5191
f 5092 5093 5192
f 5093 5193 5192
f 5093 5094 5193
f 5094 5194 5193
f 5094 5095 5194
f 5095 5195 5194
f 5095 5096 5195
f 5096 5196 5195
f 5096 5097 5196
f 5097 5197 5196
f 5097 5098 5197
f 5098 5198 5197
f 5098 5099 5198
f 5099 5199 5198
f 5099 5100 5199
f 5100 5200 5199
f 5101 5102 5201
f 5102 5202 5201
f 5102 5103 5202
f 5103 5203 5202
f 5103 5104 5203
f 5104 5204 5203
f 5104 5105 5204
f 5105 5205 5204
f 5105 5106 5205
f 5106 5206 5205
f 5106 5107 5206
f 5107 5207 5206
f 5107 5108 5207
f 5108 5208 5207
f 5108 5109 5208
f 5109 5209 5208
f 5109 5110 5209
f 5110 5210 5209
f 5110 5111 5210
f 5111 5211 5210
f 5111 5112 5211
f 5112 5212 5211
f 5112 5113 5212
f 5113 5213 5212
f 5113 5114 5213
f 5114 5214 5213
f 5114 5115 5214
f 5115 5215 5214
f 5115 5116 5215
f 5116 5216 5215
f 5116 5117 5216
f 5117 5217 5216
f 5117 5118 5217
f 5118 5218 5217
f 5118 5119 5218
f 5119 5219 5218
f 5119 5120 5219
f 5120 5220 5219
f 5120 5121 5220
f 5121 5221 5220
f 5121 5122 5221
f 5122 5222 5221
f 5122 5123 5222
f 5123 5223 5222
f 5123 5124 5223
f 5124 5224 5223
f 5124 5125 5224
f 5125 5225 5224
f 5125 5126 5225
f 5126 5226 5225
f 5126 5127 5226
f 5127 5227 5226
f 5127 5128 5227
f 5128 5228 5227
f 5128 5129 5228
f 5129 5229 5228
f 5129 5130 5229
f 5130 5230 5229
f 5130 5131 5230
f 5131 5231 5230
f 5131 5132 5231
f 5132 5232 5231
f 5132 5133 5232
f 5133 5233 5232
f 5133 5134 5233
f 5134 5234 5233
f 5134 5135 5234
f 5135 5235 5234
f 5135 5136 5235
f 5136 5236 5235
f 5136 5137 5236
f 5137 5237 5236
f 5137 5138 5237
f 5138 5238 5237
f 5138 5139 5238
f 5139 5239 5238
f 5139 5140 5239
f 5140 5240 5239
f 5140 5141 5240
f 5141 5241 5240
f 5141 5142 5241
f 5142 5242 5241
f 5142 5143 5242
f 5143 5243 5242
f 5143 5144 5243
f 5144 5244 5243
f 5144 5145 5244
f 5145 5245 5244
f 5145 5146 5245
f 5146 5246 5245
f 5146 5147 5246
f 5147 5247 5246
f 5147 5148 5247
f 5148 5248 5247
f 5148 5149 5248
f 5149 5249 5248
f 5149 5150 5249
f 5150 5250 5249
f 5150 5151 5250
f 5151 5251 5250
f 5151 5152 5251
f 5152 5252 5251
f 5152 5153 5252
f 5153 5253 5252
f 5153 5154 5253
f 5154 5254 5253
f 5154 5155 5254
f 5155 5255 5254
f 5155 5156 5255
f 5156 5256 5255
f 5156 5157 5256
f 5157 5257 5256
f 5157 5158 5257
f 5158 5258 5257
f 5158 5159 5258
f 5159 5259 5258
f 5159 5160 5259
f 5160 5260 5259
f 5160 5161 5260
f 5161 5261 5260
f 5161 5162 5261
f 5162 5262 5261
f 5162 5163 5262
f 5163 5263 5262
f 5163 5164 5263
f 5164 5264 5263
f 5164 5165 5264
f 5165 5265 5264
f 5165 5166 5265
f 5166 5266 5265
f 5166 5167 5266
f 5167 5267 5266
f 5167 5168 5267
f 5168 5268 5267
f 5168 5169 5268
f 5169 5269 5268
f 5169 5170 5269
f 5170 5270 5269
f 5170 5171 5270
f 5171 5271 5270
f 5171 5172 5271
f 5172 5272 5271
f 5172 5173 5272
f 5173 5273 5272
f 5173 5174 5273
f 5174 5274 5273
f 5174 5175 5274
f 5175 5275 5274
f 5175 5176 5275
f 5176 5276 5275
f 5176 5177 5276
f 5177 5277 5276
f 5177 5178 5277
f 5178 5278 5277
f 5178 5179 5278
f 5179 5279 5278
f 5179 5180 5279
f 5180 5280 5279
f 5180 5181 5280
f 5181 5281 5280
f 5181 5182 5281
f 5182 5282 5281
f 5182 5183 5282
f 5183 5283 5282
f 5183 5184 5283
f 5184 5284 5283
f 5184 5185 5284
f 5185 5285 5284
f 5185 5186 5285
f 5186 5286 5285
f 5186 5187 5286
f 5187 5287 5286
f 5187 5188 5287
f 5188 5288 5287
f 5188 5189 5288
f 5189 5289 5288
f 5189 5190 5289
f 5190 5290 5289
f 5190 5191 5290
f 5191 5291 5290
f 5191 5192 5291
f 5192 5292 5291
f 5192 5193 5292
f 5193 5293 5292
f 5193 5194 5293
f 5194 5294 5293
f 5194 5195 5294
f 5195 5295 5294
f 5195 5196 5295
f 5196 5296 5295
f 5196 5197 5296
f 5197 5297 5296
f 5197 5198 5297
f 5198 5298 5297
f 5198 5199 5298
f 5199 5299 5298
f 5199 5200 5299
f 5200 5300 5299
f 5201 5202 5301
f 5202 5302 5301
f 5202 5203 5302
f 5203 5303 5302
f 5203 5204 5303
f 5204 5304 5303
f 5204 5205 5304
f 5205 5305 5304
f 5205 5206 5305
f 5206 5306 5305
f 5206 5207 5306
f 5207 5307 5306
f 5207 5208 5307
f 5208 5308 5307
f 5208 5209 5308
f 5209 5309 5308
f 5209 5210 5309
f 5210 5310 5309
f 5210 5211 5310
f 5211 5311 5310
f 5211 5212 5311
f 5212 5312 5311
f 5212 5213 5312
f 5213 5313 5312
f 5213 5214 5313
f 5214 5314 5313
f 5214 5215 5314
f 5215 5315 5314
f 5215 5216 5315
f 5216 5316 5315
f 5216 5217 5316
f 5217 5317 5316
f 5217 5218 5317
f 5218 5318 5317
f 5218 5219 5318
f 5219 5319 5318
f 5219 5220 5319
f 5220 5320 5319
f 5220 5221 5320
f 5221 5321 5320
f 5221 5222 5321
f 5222 5322 5321
f 5222 5223 5322
f 5223 5323 5322
f 5223 5224 5323
f 5224 5324 5323
f 5224 5225 5324
f 5225 5325 5324
f 5225 5226 5325
f 5226 5326 5325
f 5226 5227 5326
f 5227 5327 5326
f 5227 5228 5327
f 5228 5328 5327
f 5228 5229 5328
f 5229 5329 5328
f 5229 5230 5329
f 5230 5330 5329
f 5230 5231 5330
f 5231 5331 5330
f 5231 5232 5331
f 5232 5332 5331
f 5232 5233 5332
f 5233 5333 5332
f 5233 5234 5333
f 5234 5334 5333
f 5234 5235 5334
f 5235 5335 5334
f 5235 5236 5335
f 5236 5336 5335
f 5236 5237 5336
f 5237 5337 5336
f 5237 5238 5337
f 5238 5338 5337
f 5238 5239 5338
f 5239 5339 5338
f 5239 5240 5339
f 5240 5340 5339
f 5240 5241 5340
f 5241 5341 5340
f 5241 5242 5341
f 5242 5342 5341
f 5242 5243 5342
f 5243 5343 5342
f 5243 5244 5343
f 5244 5344 5343
f 5244 5245 5344
f 5245 5345 5344
f 5245 5246 5345
f 5246 5346 5345
f 5246 5247 5346
f 5247 5347 5346
f 5247 5248 5347
f 5248 5348 5347
f 5248 5249 5348
f 5249 5349 5348
f 5249 5250 5349
f 5250 5350 5349
f 5250 5251 5350
f 5251 5351 5350
f 5251 5252 5351
f 5252 5352 5351
f 5252 5253 5352
f 5253 5353 5352
f 5253 5254 5353
f 5254 5354 5353
f 5254 5255 5354
f 5255 5355 5354
f 5255 5256 5355
f 5256 5356 5355
f 5256 5257 5356
f 5257 5357 5356
f 5257 5258 5357
f 5258 5358 5357
f 5258 5259 5358
f 5259 5359 5358
f 5259 5260 5359
f 5260 5360 5359
f 5260 5261 5360
f 5261 5361 5360
f 5261 5262 5361
f 5262 5362 5361
f 5262 5263 5362
f 5263 5363 5362
f 5263 5264 5363
f 5264 5364 5363
f 5264 5265 5364
f 5265 5365 5364
f 5265 5266 5365
f 5266 5366 5365
f 5266 5267 5366
f 5267 5367 5366
f 5267 5268 5367
f 5268 5368 5367
f 5268 5269 5368
f 5269 5369 5368
f 5269 5270 5369
f 5270 5370 5369
f 5270 5271 5370
f 5271 5371 5370
f 5271 5272 5371
f 5272 5372 5371
f 5272 5273 5372
f 5273 5373 5372
f 5273 5274 5373
f 5274 5374 5373
f 5274 5275 5374
f 5275 5375 5374
f 5275 5276 5375
f 5276 5376 5375
f 5276 5277 5376
f 5277 5377 5376
f 5277 5278 5377
f 5278 5378 5377
f 5278 5279 5378
f 5279 5379 5378
f 5279 5280 5379
f 5280 5380 5379
f 5280 5281 5380
f 5281 5381 5380
f 5281 5282 5381
f 5282 5382 5381
f 5282 5283 5382
f 5283 5383 5382
f 5283 5284 5383
f 5284 5384 5383
f 5284 5285 5384
f 5285 5385 5384
f 5285 5286 5385
f 5286 5386 5385
f 5286 5287 5386
f 5287 5387 5386
f 5287 5288 5387
f 5288 5388 5387
f 5288 5289 5388
f 5289 5389 5388
f 5289 5290 5389
f 5290 5390 5389
f 5290 5291 5390
f 5291 5391 5390
f 5291 5292 5391
f 5292 5392 5391
f 5292 5293 5392
f 5293 5393 5392
f 5293 5294 5393
f 5294 5394 5393
f 5294 5295 5394
f 5295 5395 5394
f 5295 5296 5395
f 5296 5396 5395
f 5296 5297 5396
f 5297 5397 5396
f 5297 5298 5397
f 5298 5398 5397
f 5298 5299 5398
f 5299 5399 5398
f 5299 5300 5399
f 5300 5400 5399
f 5301 5302 5401
f 5302 5402 5401
f 5302 5303 5402
f 5303 5403 5402
f 5303 5304 5403
f 5304 5404 5403
f 5304 5305 5404
f 5305 5405 5404
f 5305 5306 5405
f 5306 5406 5405
f 5306 5307 5406
f 5307 5407 5406
f 5307 5308 5407
f 5308 5408 5407
f 5308 5309 5408
f 5309 5409 5408
f 5309 5310 5409
f 5310 5410 5409
f 5310 5311 5410
f 5311 5411 5410
f 5311 5312 5411
f 5312 5412 5411
f 5312 5313 5412
f 5313 5413 5412
f 5313 5314 5413
f 5314 5414 5413
f 5314 5315 5414
f 5315 5415 5414
f 5315 5316 5415
f 5316 5416 5415
f 5316 5317 5416
f 5317 5417 5416
f 5317 5318 5417
f 5318 5418 5417
f 5318 5319 5418
f 5319 5419 5418
f 5319 5320 5419
f 5320 5420 5419
f 5320 5321 5420
f 5321 5421 5420
f 5321 5322 5421
f 5322 5422 5421
f 5322 5323 5422
f 5323 5423 5422
f 5323 5324 5423
f 5324 5424 5423
f 5324 5325 5424
f 5325 5425 5424
f 5325 5326 5425
f 5326 5426 5425
f 5326 5327 5426
f 5327 5427 5426
f 5327 5328 5427
f 5328 5428 5427
f 5328 5329 5428
f 5329 5429 5428
f 5329 5330 5429
f 5330 5430 5429
f 5330 5331 5430
f 5331 5431 5430
f 5331 5332 5431
f 5332 5432 5431
f 5332 5333 5432
f 5333 5433 5432
f 5333 5334 5433
f 5334 5434 5433
f 5334 5335 5434
f 5335 5435 5434
f 5335 5336 5435
f 5336 5436 5435
f 5336 5337 5436
f 5337 5437 5436
f 5337 5338 5437
f 5338 5438 5437
f 5338 5339 5438
f 5339 5439 5438
f 5339 5340 5439
f 5340 5440 5439
f 5340 5341 5440
f 5341 5441 5440
f 5341 5342 5441
f 5342 5442 5441
f 5342 5343 5442
f 5343 5443 5442
f 5343 5344 5443
f 5344 5444 5443
f 5344 5345 5444
f 5345 5445 5444
f 5345 5346 5445
f 5346 5446 5445
f 5346 5347 5446
f 5347 5447 5446
f 5347 5348 5447
f 5348 5448 5447
f 5348 5349 5448
f 5349 5449 5448
f 5349 5350 5449
f 5350 5450 5449
f 5350 5351 5450
f 5351 5451 5450
f 5351 5352 5451
f 5352 5452 5451
f 5352 5353 5452
f 5353 5453 5452
f 5353 5354 5453
f 5354 5454 5453
f 5354 5355 5454
f 5355 5455 5454
f 5355 5356 5455
f 5356 5456 5455
f 5356 5357 5456
f 5357 5457 5456
f 5357 5358 5457
f 5358 5458 5457
f 5358 5359 5458
f 5359 5459 5458
f 5359 5360 5459
f 5360 5460 5459
f 5360 5361 5460
f 5361 5461 5460
f 5361 5362 5461
f 5362 5462 5461
f 5362 5363 5462
f 5363 5463 5462
f 5363 5364 5463
f 5364 5464 5463
f 5364 5365 5464
f 5365 5465 5464
f 5365 5366 5465
f 5366 5466 5465
f 5366 5367 5466
f 5367 5467 5466
f 5367 5368 5467
f 5368 5468 5467
f 5368 5369 5468
f 5369 5469 5468
f 5369 5370 5469
f 5370 5470 5469
f 5370 5371 5470
f 5371 5471 5470
f 5371 5372 5471
f 5372 5472 5471
f 5372 5373 5472
f 5373 5473 5472
f 5373 5374 5473
f 5374 5474 5473
f 5374 5375 5474
f 5375 5475 5474
f 5375 5376 5475
f 5376 5476 5475
f 5376 5377 5476
f 5377 5477 5476
f 5377 5378 5477
f 5378 5478 5477
f 5378 5379 5478
f 5379 5479 5478
f 5379 5380 5479
f 5380 5480 5479
f 5380 5381 5480
f 5381 5481 5480
f 5381 5382 5481
f 5382 5482 5481
f 5382 5383 5482
f 5383 5483 5482
f 5383 5384 5483
f 5384 5484 5483
f 5384 5385 5484
f 5385 5485 5484
f 5385 5386 5485
f 5386 5486 5485
f 5386 5387 5486
f 5387 5487 5486
f 5387 5388 5487
f 5388 5488 5487
f 5388 5389 5488
f 5389 5489 5488
f 5389 5390 5489
f 5390 5490 5489
f 5390 5391 5490
f 5391 5491 5490
f 5391 5392 5491
f 5392 5492 5491
f 5392 5393 5492
f 5393 5493 5492
f 5393 5394 5493
f 5394 5494 5493
f 5394 5395 5494
f 5395 5495 5494
f 5395 5396 5495
f 5396 5496 5495
f 5396 5397 5496
f 5397 5497 5496
f 5397 5398 5497
f 5398 5498 5497
f 5398 5399 5498
f 5399 5499 5498
f 5399 5400 5499
f 5400 5500 5499
f 5401 5402 5501
f 5402 5502 5501
f 5402 5403 5502
f 5403 5503 5502
f 5403 5404 5503
f 5404 5504 5503
f 5404 5405 5504
f 5405 5505 5504
f 5405 5406 5505
f 5406 5506 5505
f 5406 5407 5506
f 5407 5507 5506
f 5407 5408 5507
f 5408 5508 5507
f 5408 5409 5508
f 5409 5509 5508
f 5409 5410 5509
f 5410 5510 5509
f 5410 5411 5510
f 5411 5511 5510
f 5411 5412 5511
f 5412 5512 5511
f 5412 5413 5512
f 5413 5513 5512
f 5413 5414 5513
f 5414 5514 5513
f 5414 5415 5514
f 5415 5515 5514
f 5415 5416 5515
f 5416 5516 5515
f 5416 5417 5516
f 5417 5517 5516
f 5417 5418 5517
f 5418 5518 5517
f 5418 5419 5518
f 5419 5519 5518
f 5419 5420 5519
f 5420 5520 5519
f 5420 5421 5520
f 5421 5521 5520
f 5421 5422 5521
f 5422 5522 5521
f 5422 5423 5522
f 5423 5523 5522
f 5423 5424 5523
f 5424 5524 5523
f 5424 5425 5524
f 5425 5525 5524
f 5425 5426 5525
f 5426 5526 5525
f 5426 5427 5526
f 5427 5527 5526
f 5427 5428 5527
f 5428 5528 5527
f 5428 5429 5528
f 5429 5529 5528
f 5429 5430 5529
f 5430 5530 5529
f 5430 5431 5530
f 5431 5531 5530
f 5431 5432 5531
f 5432 5532 5531
f 5432 5433 5532
f 5433 5533 5532
f 5433 5434 5533
f 5434 5534 5533
f 5434 5435 5534
f 5435 5535 5534
f 5435 5436 5535
f 5436 5536 5535
f 5436 5437 5536
f 5437 5537 5536
f 5437 5438 5537
f 5438 5538 5537
f 5438 5439 5538
f 5439 5539 5538
f 5439 5440 5539
f 5440 5540 5539
f 5440 5441 5540
f 5441 5541 5540
f 5441 5442 5541
f 5442 5542 5541
f 5442 5443 5542
f 5443 5543 5542
f 5443 5444 5543
f 5444 5544 5543
f 5444 5445 5544
f 5445 5545 5544
f 5445 5446 5545
f 5446 5546 5545
f 5446 5447 5546
f 5447 5547 5546
f 5447 5448 5547
f 5448 5548 5547
f 5448 5449 5548
f 5449 5549 5548
f 5449 5450 5549
f 5450 5550 5549
f 5450 5451 5550
f 5451 5551 5550
f 5451 5452 5551
f 5452 5552 5551
f 5452 5453 5552
f 5453 5553 5552
f 5453 5454 5553
f 5454 5554 5553
f 5454 5455 5554
f 5455 5555 5554
f 5455 5456 5555
f 5456 5556 5555
f 5456 5457 5556
f 5457 5557 5556
f 5457 5458 5557
f 5458 5558 5557
f 5458 5459 5558
f 5459 5559 5558
f 5459 5460 5559
f 5460 5560 5559
f 5460 5461 5560
f 5461 5561 5560
f 5461 5462 5561
f 5462 5562 5561
f 5462 5463 5562
f 5463 5563 5562
f 5463 5464 5563
f 5464 5564 5563
f 5464 5465 5564
f 5465 5565 5564
f 5465 5466 5565
f 5466 5566 5565
f 5466 5467 5566
f 5467 5567 5566
f 5467 5468 5567
f 5468 5568 5567
f 5468 5469 5568
f 5469 5569 5568
f 5469 5470 5569
f 5470 5570 5569
f 5470 5471 5570
f 5471 5571 5570
f 5471 5472 5571
f 5472 5572 5571
f 5472 5473 5572
f 5473 5573 5572
f 5473 5474 5573
f 5474 5574 5573
f 5474 5475 5574
f 5475 5575 5574
f 5475 5476 5575
f 5476 5576 5575
f 5476 5477 5576
f 5477 5577 5576
f 5477 5478 5577
f 5478 5578 5577
f 5478 5479 5578
f 5479 5579 5578
f 5479 5480 5579
f 5480 5580 5579
f 5480 5481 5580
f 5481 5581 5580
f 5481 5482 5581
f 5482 5582 5581
f 5482 5483 5582
f 5483 5583 5582
f 5483 5484 5583
f 5484 5584 5583
f 5484 5485 5584
f 5485 5585 5584
f 5485 5486 5585
f 5486 5586 5585
f 5486 5487 5586
f 5487 5587 5586
f 5487 5488 5587
f 5488 5588 5587
f 5488 5489 5588
f 5489 5589 5588
f 5489 5490 5589
f 5490 5590 5589
f 5490 5491 5590
f 5491 5591 5590
f 5491 5492 5591
f 5492 5592 5591
f 5492 5493 5592
f 5493 5593 5592
f 5493 5494 5593
f 5494 5594 5593
f 5494 5495 5594
f 5495 5595 5594
f 5495 5496 5595
f 5496 5596 5595
f 5496 5497 5596
f 5497 5597 5596
f 5497 5498 5597
f 5498 5598 5597
f 5498 5499 5598
f 5499 5599 5598
f 5499 5500 5599
f 5500 5600 5599
f 5501 5502 5601
f 5502 5602 5601
f 5502 5503 5602
f 5503 5603 5602
f 5503 5504 5603
f 5504 5604 5603
f 5504 5505 5604
f 5505 5605 5604
f 5505 5506 5605
f 5506 5606 5605
f 5506 5507 5606
f 5507 5607 5606
f 5507 5508 5607
f 5508 5608 5607
f 5508 5509 5608
f 5509 5609 5608
f 5509 5510 5609
f 5510 5610 5609
f 5510 5511 5610
f 5511 5611 5610
f 5511 5512 5611
f 5512 5612 5611
f 5512 5513 5612
f 5513 5613 5612
f 5513 5514 5613
f 5514 5614 5613
f 5514 5515 5614
f 5515 5615 5614
f 5515 5516 5615
f 5516 5616 5615
f 5516 5517 5616
f 5517 5617 5616
f 5517 5518 5617
f 5518 5618 5617
f 5518 5519 5618
f 5519 5619 5618
f 5519 5520 5619
f 5520 5620 5619
f 5520 5521 5620
f 5521 5621 5620
f 5521 5522 5621
f 5522 5622 5621
f 5522 5523 5622
f 5523 5623 5622
f 5523 5524 5623
f 5524 5624 5623
f 5524 5525 5624
f 5525 5625 5624
f 5525 5526 5625
f 5526 5626 5625
f 5526 5527 5626
f 5527 5627 5626
f 5527 5528 5627
f 5528 5628 5627
f 5528 5529 5628
f 5529 5629 5628
f 5529 5530 5629
f 5530 5630 5629
f 5530 5531 5630
f 5531 5631 5630
f 5531 5532 5631
f 5532 5632 5631
f 5532 5533 5632
f 5533 5633 5632
f 5533 5534 5633
f 5534 5634 5633
f 5534 5535 5634
f 5535 5635 5634
f 5535 5536 5635
f 5536 5636 5635
f 5536 5537 5636
f 5537 5637 5636
f 5537 5538 5637
f 5538 5638 5637
f 5538 5539 5638
f 5539 5639 5638
f 5539 5540 5639
f 5540 5640 5639
f 5540 5541 5640
f 5541 5641 5640
f 5541 5542 5641
f 5542 5642 5641
f 5542 5543 5642
f 5543 5643 5642
f 5543 5544 5643
f 5544 5644 5643
f 5544 5545 5644
f 5545 5645 5644
f 5545 5546 5645
f 5546 5646 5645
f 5546 5547 5646
f 5547 5647 5646
f 5547 5548 5647
f 5548 5648 5647
f 5548 5549 5648
f 5549 5649 5648
f 5549 5550 5649
f 5550 5650 5649
f 5550 5551 5650
f 5551 5651 5650
f 5551 5552 5651
f 5552 5652 5651
f 5552 5553 5652
f 5553 5653 5652
f 5553 5554 5653
f 5554 5654 5653
f 5554 5555 5654
f 5555 5655 5654
f 5555 5556 5655
f 5556 5656 5655
f 5556 5557 5656
f 5557 5657 5656
f 5557 5558 5657
f 5558 5658 5657
f 5558 5559 5658
f 5559 5659 5658
f 5559 5560 5659
f 5560 5660 5659
f 5560 5561 5660
f 5561 5661 5660
f 5561 5562 5661
f 5562 5662 5661
f 5562 5563 5662
f 5563 5663 5662
f 5563 5564 5663
f 5564 5664 5663
f 5564 5565 5664
f 5565 5665 5664
f 5565 5566 5665
f 5566 5666 5665
f 5566 5567 5666
f 5567 5667 5666
f 5567 5568 5667
f 5568 5668 5667
f 5568 5569 5668
f 5569 5669 5668
f 5569 5570 5669
f 5570 5670 5669
f 5570 5571 5670
f 5571 5671 5670
f 5571 5572 5671
f 5572 5672 5671
f 5572 5573 5672
f 5573 5673 5672
f 5573 5574 5673
f 5574 5674 5673
f 5574 5575 5674
f 5575 5675 5674
f 5575 5576 5675
f 5576 5676 5675
f 5576 5577 5676
f 5577 5677 5676
f 5577 5578 5677
f 5578 5678 5677
f 5578 5579 5678
f 5579 5679 5678
f 5579 5580 5679
f 5580 5680 5679
f 5580 5581 5680
f 5581 5681 5680
f 5581 5582 5681
f 5582 5682 5681
f 5582 5583 5682
f 5583 5683 5682
f 5583 5584 5683
f 5584 5684 5683
f 5584 5585 5684
f 5585 5685 5684
f 5585 5586 5685
f 5586 5686 5685
f 5586 5587 5686
f 5587 5687 5686
f 5587 5588 5687
f 5588 5688 5687
f 5588 5589 5688
f 5589 5689 5688
f 5589 5590 5689
f 5590 5690 5689
f 5590 5591 5690
f 5591 5691 5690
f 5591 5592 5691
f 5592 5692 5691
f 5592 5593 5692
f 5593 5693 5692
f 5593 5594 5693
f 5594 5694 5693
f 5594 5595 5694
f 5595 5695 5694
f 5595 5596 5695
f 5596 5696 5695
f 5596 5597 5696
f 5597 5697 5696
f 5597 5598 5697
f 5598 5698 5697
f 5598 5599 5698
f 5599 5699 5698
f 5599 5600 5699
f 5600 5700 5699
f 5601 5602 5701
f 5602 5702 5701
f 5602 5603 5702
f 5603 5703 5702
f 5603 5604 5703
f 5604 5704 5703
f 5604 5605 5704
f 5605 5705 5704
f 5605 5606 5705
f 5606 5706 5705
f 5606 5607 5706
f 5607 5707 5706
f 5607 5608 5707
f 5608 5708 5707
f 5608 5609 5708
f 5609 5709 5708
f 5609 5610 5709
f 5610 5710 5709
f 5610 5611 5710
f 5611 5711 5710
f 5611 5612 5711
f 5612 5712 5711
f 5612 5613 5712
f 5613 5713 5712
f 5613 5614 5713
f 5614 5714 5713
f 5614 5615 5714
f 5615 5715 5714
f 5615 5616 5715
f 5616 5716 5715
f 5616 5617 5716
f 5617 5717 5716
f 5617 5618 5717
f 5618 5718 5717
f 5618 5619 5718
f 5619 5719 5718
f 5619 5620 5719
f 5620 5720 5719
f 5620 5621 5720
f 5621 5721 5720
f 5621 5622 5721
f 5622 5722 5721
f 5622 5623 5722
f 5623 5723 5722
f 5623 5624 5723
f 5624 5724 5723
f 5624 5625 5724
f 5625 5725 5724
f 5625 5626 5725
f 5626 5726 5725
f 5626 5627 5726
f 5627 5727 5726
f 5627 5628 5727
f 5628 5728 5727
f 5628 5629 5728
f 5629 5729 5728
f 5629 5630 5729
f 5630 5730 5729
f 5630 5631 5730
f 5631 5731 5730
f 5631 5632 5731
f 5632 5732 5731
f 5632 5633 5732
f 5633 5733 5732
f 5633 5634 5733
f 5634 5734 5733
f 5634 5635 5734
f 5635 5735 5734
f 5635 5636 5735
f 5636 5736 5735
f 5636 5637 5736
f 5637 5737 5736
f 5637 5638 5737
f 5638 5738 5737
f 5638 5639 5738
f 5639 5739 5738
f 5639 5640 5739
f 5640 5740 5739
f 5640 5641 5740
f 5641 5741 5740
f 5641 5642 5741
f 5642 5742 5741
f 5642 5643 5742
f 5643 5743 5742
f 5643 5644 5743
f 5644 5744 5743
f 5644 5645 5744
f 5645 5745 5744
f 5645 5646 5745
f 5646 5746 5745
f 5646 5647 5746
f 5647 5747 5746
f 5647 5648 5747
f 5648 5748 5747
f 5648 5649 5748
f 5649 5749 5748
f 5649 5650 5749
f 5650 5750 5749
f 5650 5651 5750
f 5651 5751 5750
f 5651 5652 5751
f 5652 5752 5751
f 5652 5653 5752
f 5653 5753 5752
f 5653 5654 5753
f 5654 5754 5753
f 5654 5655 5754
f 5655 5755 5754
f 5655 5656 5755
f 5656 5756 5755
f 5656 5657 5756
f 5657 5757 5756
f 5657 5658 5757
f 5658 5758 5757
f 5658 5659 5758
f 5659 5759 5758
f 5659 5660 5759
f 5660 5760 5759
f 5660 5661 5760
f 5661 5761 5760
f 5661 5662 5761
f 5662 5762 5761
f 5662 5663 5762
f 5663 5763 5762
f 5663 5664 5763
f 5664 5764 5763
f 5664 5665 5764
f 5665 5765 5764
f 5665 5666 5765
f 5666 5766 5765
f 5666 5667 5766
f 5667 5767 5766
f 5667 5668 5767
f 5668 5768 5767
f 5668 5669 5768
f 5669 5769 5768
f 5669 5670 5769
f 5670 5770 5769
f 5670 5671 5770
f 5671 5771 5770
f 5671 5672 5771
f 5672 5772 5771
f 5672 5673 5772
f 5673 5773 5772
f 5673 5674 5773
f 5674 5774 5773
f 5674 5675 5774
f 5675 5775 5774
f 5675 5676 5775
f 5676 5776 5775
f 5676 5677 5776
f 5677 5777 5776
f 5677 5678 5777
f 5678 5778 5777
f 5678 5679 5778
f 5679 5779 5778
f 5679 5680 5779
f 5680 5780 5779
f 5680 5681 5780
f 5681 5781 5780
f 5681 5682 5781
f 5682 5782 5781
f 5682 5683 5782
f 5683 5783 5782
f 5683 5684 5783
f 5684 5784 5783
f 5684 5685 5784
f 5685 5785 5784
f 5685 5686 5785
f 5686 5786 5785
f 5686 5687 5786
f 5687 5787 5786
f 5687 5688 5787
f 5688 5788 5787
f 5688 5689 5788
f 5689 5789 5788
f 5689 5690 5789
f 5690 5790 5789
f 5690 5691 5790
f 5691 5791 5790
f 5691 5692 5791
f 5692 5792 5791
f 5692 5693 5792
f 5693 5793 5792
f 5693 5694 5793
f 5694 5794 5793
f 5694 5695 5794
f 5695 5795 5794
f 5695 5696 5795
f 5696 5796 5795
f 5696 5697 5796
f 5697 5797 5796
f 5697 5698 5797
f 5698 5798 5797
f 5698 5699 5798
f 5699 5799 5798
f 5699 5700 5799
f 5700 5800 5799
f 5701 5702 5801
f 5702 5802 5801
f 5702 5703 5802
f 5703 5803 5802
f 5703 5704 5803
f 5704 5804 5803
f 5704 5705 5804
f 5705 5805 5804
f 5705 5706 5805
f 5706 5806 5805
f 5706 5707 5806
f 5707 5807 5806
f 5707 5708 5807
f 5708 5808 5807
f 5708 5709 5808
f 5709 5809 5808
f 5709 5710 5809
f 5710 5810 5809
f 5710 5711 5810
f 5711 5811 5810
f 5711 5712 5811
f 5712 5812 5811
f 5712 5713 5812
f 5713 5813 5812
f 5713 5714 5813
f 5714 5814 5813
f 5714 5715 5814
f 5715 5815 5814
f 5715 5716 5815
f 5716 5816 5815
f 5716 5717 5816
f 5717 5817 5816
f 5717 5718 5817
f 5718 5818 5817
f 5718 5719 5818
f 5719 5819 5818
f 5719 5720 5819
f 5720 5820 5819
f 5720 5721 5820
f 5721 5821 5820
f 5721 5722 5821
f 5722 5822 5821
f 5722 5723 5822
f 5723 5823 5822
f 5723 5724 5823
f 5724 5824 5823
f 5724 5725 5824
f 5725 5825 5824
f 5725 5726 5825
f 5726 5826 5825
f 5726 5727 5826
f 5727 5827 5826
f 5727 5728 5827
f 5728 5828 5827
f 5728 5729 5828
f 5729 5829 5828
f 5729 5730 5829
f 5730 5830 5829
f 5730 5731 5830
f 5731 5831 5830
f 5731 5732 5831
f 5732 5832 5831
f 5732 5733 5832
f 5733 5833 5832
f 5733 5734 5833
f 5734 5834 5833
f 5734 5735 5834
f 5735 5835 5834
f 5735 5736 5835
f 5736 5836 5835
f 5736 5737 5836
f 5737 5837 5836
f 5737 5738 5837
f 5738 5838 5837
f 5738 5739 5838
f 5739 5839 5838
f 5739 5740 5839
f 5740 5840 5839
f 5740 5741 5840
f 5741 5841 5840
f 5741 5742 5841
f 5742 5842 5841
f 5742 5743 5842
f 5743 5843 5842
f 5743 5744 5843
f 5744 5844 5843
f 5744 5745 5844
f 5745 5845 5844
f 5745 5746 5845
f 5746 5846 5845
f 5746 5747 5846
f 5747 5847 5846
f 5747 5748 5847
f 5748 5848 5847
f 5748 5749 5848
f 5749 5849 5848
f 5749 5750 5849
f 5750 5850 5849
f 5750 5751 5850
f 5751 5851 5850
f 5751 5752 5851
f 5752 5852 5851
f 5752 5753 5852
f 5753 5853 5852
f 5753 5754 5853
f 5754 5854 5853
f 5754 5755 5854
f 5755 5855 5854
f 5755 5756 5855
f 5756 5856 5855
f 5756 5757 5856
f 5757 5857 5856
f 5757 5758 5857
f 5758 5858 5857
f 5758 5759 5858
f 5759 5859 5858
f 5759 5760 5859
f 5760 5860 5859
f 5760 5761 5860
f 5761 5861 5860
f 5761 5762 5861
f 5762 5862 5861
f 5762 5763 5862
f 5763 5863 5862
f 5763 5764 5863
f 5764 5864 5863
f 5764 5765 5864
f 5765 5865 5864
f 5765 5766 5865
f 5766 5866 5865
f 5766 5767 5866
f 5767 5867 5866
f 5767 5768 5867
f 5768 5868 5867
f 5768 5769 5868
f 5769 5869 5868
f 5769 5770 5869
f 5770 5870 5869
f 5770 5771 5870
f 5771 5871 5870
f 5771 5772 5871
f 5772 5872 5871
f 5772 5773 5872
f 5773 5873 5872
f 5773 5774 5873
f 5774 5874 5873
f 5774 5775 5874
f 5775 5875 5874
f 5775 5776 5875
f 5776 5876 5875
f 5776 5777 5876
f 5777 5877 5876
f 5777 5778 5877
f 5778 5878 5877
f 5778 5779 5878
f 5779 5879 5878
f 5779 5780 5879
f 5780 5880 5879
f 5780 5781 5880
f 5781 5881 5880
f 5781 5782 5881
f 5782 5882 5881
f 5782 5783 5882
f 5783 5883 5882
f 5783 5784 5883
f 5784 5884 5883
f 5784 5785 5884
f 5785 5885 5884
f 5785 5786 5885
f 5786 5886 5885
f 5786 5787 5886
f 5787 5887 5886
f 5787 5788 5887
f 5788 5888 5887
f 5788 5789 5888
f 5789 5889 5888
f 5789 5790 5889
f 5790 5890 5889
f 5790 5791 5890
f 5791 5891 5890
f 5791 5792 5891
f 5792 5892 5891
f 5792 5793 5892
f 5793 5893 5892
f 5793 5794 5893
f 5794 5894 5893
f 5794 5795 5894
f 5795 5895 5894
f 5795 5796 5895
f 5796 5896 5895
f 5796 5797 5896
f 5797 5897 5896
f 5797 5798 5897
f 5798 5898 5897
f 5798 5799 5898
f 5799 5899 5898
f 5799 5800 5899
f 5800 5900 5899
f 5801 5802 5901
f 5802 5902 5901
f 5802 5803 5902
f 5803 5903 5902
f 5803 5804 5903
f 5804 5904 5903
f 5804 5805 5904
f 5805 5905 5904
f 5805 5806 5905
f 5806 5906 5905
f 5806 5807 5906
f 5807 5907 5906
f 5807 5808 5907
f 5808 5908 5907
f 5808 5809 5908
f 5809 5909 5908
f 5809 5810 5909
f 5810 5910 5909
f 5810 5811 5910
f 5811 5911 5910
f 5811 5812 5911
f 5812 5912 5911
f 5812 5813 5912
f 5813 5913 5912
f 5813 5814 5913
f 5814 5914 5913
f 5814 5815 5914
f 5815 5915 5914
f 5815 5816 5915
f 5816 5916 5915
f 5816 5817 5916
f 5817 5917 5916
f 5817 5818 5917
f 5818 5918 5917
f 5818 5819 5918
f 5819 5919 5918
f 5819 5820 5919
f 5820 5920 5919
f 5820 5821 5920
f 5821 5921 5920
f 5821 5822 5921
f 5822 5922 5921
f 5822 5823 5922
f 5823 5923 5922
f 5823 5824 5923
f 5824 5924 5923
f 5824 5825 5924
f 5825 5925 5924
f 5825 5826 5925
f 5826 5926 5925
f 5826 5827 5926
f 5827 5927 5926
f 5827 5828 5927
f 5828 5928 5927
f 5828 5829 5928
f 5829 5929 5928
f 5829 5830 5929
f 5830 5930 5929
f 5830 5831 5930
f 5831 5931 5930
f 5831 5832 5931
f 5832 5932 5931
f 5832 5833 5932
f 5833 5933 5932
f 5833 5834 5933
f 5834 5934 5933
f 5834 5835 5934
f 5835 5935 5934
f 5835 5836 5935
f 5836 5936 5935
f 5836 5837 5936
f 5837 5937 5936
f 5837 5838 5937
f 5838 5938 5937
f 5838 5839 5938
f 5839 5939 5938
f 5839 5840 5939
f 5840 5940 5939
f 5840 5841 5940
f 5841 5941 5940
f 5841 5842 5941
f 5842 5942 5941
f 5842 5843 5942
f 5843 5943 5942
f 5843 5844 5943
f 5844 5944 5943
f 5844 5845 5944
f 5845 5945 5944
f 5845 5846 5945
f 5846 5946 5945
f 5846 5847 5946
f 5847 5947 5946
f 5847 5848 5947
f 5848 5948 5947
f 5848 5849 5948
f 5849 5949 5948
f 5849 5850 5949
f 5850 5950 5949
f 5850 5851 5950
f 5851 5951 5950
f 5851 5852 5951
f 5852 5952 5951
f 5852 5853 5952
f 5853 5953 5952
f 5853 5854 5953
f 5854 5954 5953
f 5854 5855 5954
f 5855 5955 5954
f 5855 5856 5955
f 5856 5956 5955
f 5856 5857 5956
f 5857 5957 5956
f 5857 5858 5957
f 5858 5958 5957
f 5858 5859 5958
f 5859 5959 5958
f 5859 5860 5959
f 5860 5960 5959
f 5860 5861 5960
f 5861 5961 5960
f 5861 5862 5961
f 5862 5962 5961
f 5862 5863 5962
f 5863 5963 5962
f 5863 5864 5963
f 5864 5964 5963
f 5864 5865 5964
f 5865 5965 5964
f 5865 5866 5965
f 5866 5966 5965
f 5866 5867 5966
f 5867 5967 5966
f 5867 5868 5967
f 5868 5968 5967
f 5868 5869 5968
f 5869 5969 5968
f 5869 5870 5969
f 5870 5970 5969
f 5870 5871 5970
f 5871 5971 5970
f 5871 5872 5971
f 5872 5972 5971
f 5872 5873 5972
f 5873 5973 5972
f 5873 5874 5973
f 5874 5974 5973
f 5874 5875 5974
f 5875 5975 5974
f 5875 5876 5975
f 5876 5976 5975
f 5876 5877 5976
f 5877 5977 5976
f 5877 5878 5977
f 5878 5978 5977
f 5878 5879 5978
f 5879 5979 5978
f 5879 5880 5979
f 5880 5980 5979
f 5880 5881 5980
f 5881 5981 5980
f 5881 5882 5981
f 5882 5982 5981
f 5882 5883 5982
f 5883 5983 5982
f 5883 5884 5983
f 5884 5984 5983
f 5884 5885 5984
f 5885 5985 5984
f 5885 5886 5985
f 5886 5986 5985
f 5886 5887 5986
f 5887 5987 5986
f 5887 5888 5987
f 5888 5988 5987
f 5888 5889 5988
f 5889 5989 5988
f 5889 5890 5989
f 5890 5990 5989
f 5890 5891 5990
f 5891 5991 5990
f 5891 5892 5991
f 5892 5992 5991
f 5892 5893 5992
f 5893 5993 5992
f 5893 5894 5993
f 5894 5994 5993
f 5894 5895 5994
f 5895 5995 5994
f 5895 5896 5995
f 5896 5996 5995
f 5896 5897 5996
f 5897 5997 5996
f 5897 5898 5997
f 5898 5998 5997
f 5898 5899 5998
f 5899 5999 5998
f 5899 5900 5999
f 5900 6000 5999
f 5901 5902 6001
f 5902 6002 6001
f 5902 5903 6002
f 5903 6003 6002
f 5903 5904 6003
f 5904 6004 6003
f 5904 5905 6004
f 5905 6005 6004
f 5905 5906 6005
f 5906 6006 6005
f 5906 5907 6006
f 5907 6007 6006
f 5907 5908 6007
f 5908 6008 6007
f 5908 5909 6008
f 5909 6009 6008
f 5909 5910 6009
f 5910 6010 6009
f 5910 5911 6010
f 5911 6011 6010
f 5911 5912 6011
f 5912 6012 6011
f 5912 5913 6012
f 5913 6013 6012
f 5913 5914 6013
f 5914 6014 6013
f 5914 5915 6014
f 5915 6015 6014
f 5915 5916 6015
f 5916 6016 6015
f 5916 5917 6016
f 5917 6017 6016
f 5917 5918 6017
f 5918 6018 6017
f 5918 5919 6018
f 5919 6019 6018
f 5919 5920 6019
f 5920 6020 6019
f 5920 5921 6020
f 5921 6021 6020
f 5921 5922 6021
f 5922 6022 6021
f 5922 5923 6022
f 5923 6023 6022
f 5923 5924 6023
f 5924 6024 6023
f 5924 5925 6024
f 5925 6025 6024
f 5925 5926 6025
f 5926 6026 6025
f 5926 5927 6026
f 5927 6027 6026
f 5927 5928 6027
f 5928 6028 6027
f 5928 5929 6028
f 5929 6029 6028
f 5929 5930 6029
f 5930 6030 6029
f 5930 5931 6030
f 5931 6031 6030
f 5931 5932 6031
f 5932 6032 6031
f 5932 5933 6032
f 5933 6033 6032
f 5933 5934 6033
f 5934 6034 6033
f 5934 5935 6034
f 5935 6035 6034
f 5935 5936 6035
f 5936 6036 6035
f 5936 5937 6036
f 5937 6037 6036
f 5937 5938 6037
f 5938 6038 6037
f 5938 5939 6038
f 5939 6039 6038
f 5939 5940 6039
f 5940 6040 6039
f 5940 5941 6040
f 5941 6041 6040
f 5941 5942 6041
f 5942 6042 6041
f 5942 5943 6042
f 5943 6043 6042
f 5943 5944 6043
f 5944 6044 6043
f 5944 5945 6044
f 5945 6045 6044
f 5945 5946 6045
f 5946 6046 6045
f 5946 5947 6046
f 5947 6047 6046
f 5947 5948 6047
f 5948 6048 6047
f 5948 5949 6048
f 5949 6049 6048
f 5949 5950 6049
f 5950 6050 6049
f 5950 5951 6050
f 5951 6051 6050
f 5951 5952 6051
f 5952 6052 6051
f 5952 5953 6052
f 5953 6053 6052
f 5953 5954 6053
f 5954 6054 6053
f 5954 5955 6054
f 5955 6055 6054
f 5955 5956 6055
f 5956 6056 6055
f 5956 5957 6056
f 5957 6057 6056
f 5957 5958 6057
f 5958 6058 6057
f 5958 5959 6058
f 5959 6059 6058
f 5959 5960 6059
f 5960 6060 6059
f 5960 5961 6060
f 5961 6061 6060
f 5961 5962 6061
f 5962 6062 6061
f 5962 5963 6062
f 5963 6063 6062
f 5963 5964 6063
f 5964 6064 6063
f 5964 5965 6064
f 5965 6065 6064
f 5965 5966 6065
f 5966 6066 6065
f 5966 5967 6066
f 5967 6067 6066
f 5967 5968 6067
f 5968 6068 6067
f 5968 5969 6068
f 5969 6069 6068
f 5969 5970 6069
f 5970 6070 6069
f 5970 5971 6070
f 5971 6071 6070
f 5971 5972 6071
f 5972 6072 6071
f 5972 5973 6072
f 5973 6073 6072
f 5973 5974 6073
f 5974 6074 6073
f 5974 5975 6074
f 5975 6075 6074
f 5975 5976 6075
f 5976 6076 6075
f 5976 5977 6076
f 5977 6077 6076
f 5977 5978 6077
f 5978 6078 6077
f 5978 5979 6078
f 5979 6079 6078
f 5979 5980 6079
f 5980 6080 6079
f 5980 5981 6080
f 5981 6081 6080
f 5981 5982 6081
f 5982 6082 6081
f 5982 5983 6082
f 5983 6083 6082
f 5983 5984 6083
f 5984 6084 6083
f 5984 5985 6084
f 5985 6085 6084
f 5985 5986 6085
f 5986 6086 6085
f 5986 5987 6086
f 5987 6087 6086
f 5987 5988 6087
f 5988 6088 6087
f 5988 5989 6088
f 5989 6089 6088
f 5989 5990 6089
f 5990 6090 6089
f 5990 5991 6090
f 5991 6091 6090
f 5991 5992 6091
f 5992 6092 6091
f 5992 5993 6092
f 5993 6093 6092
f 5993 5994 6093
f 5994 6094 6093
f 5994 5995 6094
f 5995 6095 6094
f 5995 5996 6095
f 5996 6096 6095
f 5996 5997 6096
f 5997 6097 6096
f 5997 5998 6097
f 5998 6098 6097
f 5998 5999 6098
f 5999 6099 6098
f 5999 6000 6099
f 6000 6100 6099
f 6001 6002 6101
f 6002 6102 6101
f 6002 6003 6102
f 6003 6103 6102
f 6003 6004 6103
f 6004 6104 6103
f 6004 6005 6104
f 6005 6105 6104
f 6005 6006 6105
f 6006 6106 6105
f 6006 6007 6106
f 6007 6107 6106
f 6007 6008 6107
f 6008 6108 6107
f 6008 6009 6108
f 6009 6109 6108
f 6009 6010 6109
f 6010 6110 6109
f 6010 6011 6110
f 6011 6111 6110
f 6011 6012 6111
f 6012 6112 6111
f 6012 6013 6112
f 6013 6113 6112
f 6013 6014 6113
f 6014 6114 6113
f 6014 6015 6114
f 6015 6115 6114
f 6015 6016 6115
f 6016 6116 6115
f 6016 6017 6116
f 6017 6117 6116
f 6017 6018 6117
f 6018 6118 6117
f 6018 6019 6118
f 6019 6119 6118
f 6019 6020 6119
f 6020 6120 6119
f 6020 6021 6120
f 6021 6121 6120
f 6021 6022 6121
f 6022 6122 6121
f 6022 6023 6122
f 6023 6123 6122
f 6023 6024 6123
f 6024 6124 6123
f 6024 6025 6124
f 6025 6125 6124
f 6025 6026 6125
f 6026 6126 6125
f 6026 6027 6126
f 6027 6127 6126
f 6027 6028 6127
f 6028 6128 6127
f 6028 6029 6128
f 6029 6129 6128
f 6029 6030 6129
f 6030 6130 6129
f 6030 6031 6130
f 6031 6131 6130
f 6031 6032 6131
f 6032 6132 6131
f 6032 6033 6132
f 6033 6133 6132
f 6033 6034 6133
f 6034 6134 6133
f 6034 6035 6134
f 6035 6135 6134
f 6035 6036 6135
f 6036 6136 6135
f 6036 6037 6136
f 6037 6137 6136
f 6037 6038 6137
f 6038 6138 6137
f 6038 6039 6138
f 6039 6139 6138
f 6039 6040 6139
f 6040 6140 6139
f 6040 6041 6140
f 6041 6141 6140
f 6041 6042 6141
f 6042 6142 6141
f 6042 6043 6142
f 6043 6143 6142
f 6043 6044 6143
f 6044 6144 6143
f 6044 6045 6144
f 6045 6145 6144
f 6045 6046 6145
f 6046 6146 6145
f 6046 6047 6146
f 6047 6147 6146
f 6047 6048 6147
f 6048 6148 6147
f 6048 6049 6148
f 6049 6149 6148
f 6049 6050 6149
f 6050 6150 6149
f 6050 6051 6150
f 6051 6151 6150
f 6051 6052 6151
f 6052 6152 6151
f 6052 6053 6152
f 6053 6153 6152
f 6053 6054 6153
f 6054 6154 6153
f 6054 6055 6154
f 6055 6155 6154
f 6055 6056 6155
f 6056 6156 6155
f 6056 6057 6156
f 6057 6157 6156
f 6057 6058 6157
f 6058 6158 6157
f 6058 6059 6158
f 6059 6159 6158
f 6059 6060 6159
f 6060 6160 6159
f 6060 6061 6160
f 6061 6161 6160
f 6061 6062 6161
f 6062 6162 6161
f 6062 6063 6162
f 6063 6163 6162
f 6063 6064 6163
f 6064 6164 6163
f 6064 6065 6164
f 6065 6165 6164
f 6065 6066 6165
f 6066 6166 6165
f 6066 6067 6166
f 6067 6167 6166
f 6067 6068 6167
f 6068 6168 6167
f 6068 6069 6168
f 6069 6169 6168
f 6069 6070 6169
f 6070 6170 6169
f 6070 6071 6170
f 6071 6171 6170
f 6071 6072 6171
f 6072 6172 6171
f 6072 6073 6172
f 6073 6173 6172
f 6073 6074 6173
f 6074 6174 6173
f 6074 6075 6174
f 6075 6175 6174
f 6075 6076 6175
f 6076 6176 6175
f 6076 6077 6176
f 6077 6177 6176
f 6077 6078 6177
f 6078 6178 6177
f 6078 6079 6178
f 6079 6179 6178
f 6079 6080 6179
f 6080 6180 6179
f 6080 6081 6180
f 6081 6181 6180
f 6081 6082 6181
f 6082 6182 6181
f 6082 6083 6182
f 6083 6183 6182
f 6083 6084 6183
f 6084 6184 6183
f 6084 6085 6184
f 6085 6185 6184
f 6085 6086 6185
f 6086 6186 6185
f 6086 6087 6186
f 6087 6187 6186
f 6087 6088 6187
f 6088 6188 6187
f 6088 6089 6188
f 6089 6189 6188
f 6089 6090 6189
f 6090 6190 6189
f 6090 6091 6190
f 6091 6191 6190
f 6091 6092 6191
f 6092 6192 6191
f 6092 6093 6192
f 6093 6193 6192
f 6093 6094 6193
f 6094 6194 6193
f 6094 6095 6194
f 6095 6195 6194
f 6095 6096 6195
f 6096 6196 6195
f 6096 6097 6196
f 6097 6197 6196
f 6097 6098 6197
f 6098 6198 6197
f 6098 6099 6198
f 6099 6199 6198
f 6099 6100 6199
f 6100 6200 6199
f 6101 6102 6201
f 6102 6202 6201
f 6102 6103 6202
f 6103 6203 6202
f 6103 6104 6203
f 6104 6204 6203
f 6104 6105 6204
f 6105 6205 6204
f 6105 6106 6205
f 6106 6206 6205
f 6106 6107 6206
f 6107 6207 6206
f 6107 6108 6207
f 6108 6208 6207
f 6108 6109 6208
f 6109 6209 6208
f 6109 6110 6209
f 6110 6210 6209
f 6110 6111 6210
f 6111 6211 6210
f 6111 6112 6211
f 6112 6212 6211
f 6112 6113 6212
f 6113 6213 6212
f 6113 6114 6213
f 6114 6214 6213
f 6114 6115 6214
f 6115 6215 6214
f 6115 6116 6215
f 6116 6216 6215
f 6116 6117 6216
f 6117 6217 6216
f 6117 6118 6217
f 6118 6218 6217
f 6118 6119 6218
f 6119 6219 6218
f 6119 6120 6219
f 6120 6220 6219
f 6120 6121 6220
f 6121 6221 6220
f 6121 6122 6221
f 6122 6222 6221
f 6122 6123 6222
f 6123 6223 6222
f 6123 6124 6223
f 6124 6224 6223
f 6124 6125 6224
f 6125 6225 6224
f 6125 6126 6225
f 6126 6226 6225
f 6126 6127 6226
f 6127 6227 6226
f 6127 6128 6227
f 6128 6228 6227
f 6128 6129 6228
f 6129 6229 6228
f 6129 6130 6229
f 6130 6230 6229
f 6130 6131 6230
f 6131 6231 6230
f 6131 6132 6231
f 6132 6232 6231
f 6132 6133 6232
f 6133 6233 6232
f 6133 6134 6233
f 6134 6234 6233
f 6134 6135 6234
f 6135 6235 6234
f 6135 6136 6235
f 6136 6236 6235
f 6136 6137 6236
f 6137 6237 6236
f 6137 6138 6237
f 6138 6238 6237
f 6138 6139 6238
f 6139 6239 6238
f 6139 6140 6239
f 6140 6240 6239
f 6140 6141 6240
f 6141 6241 6240
f 6141 6142 6241
f 6142 6242 6241
f 6142 6143 6242
f 6143 6243 6242
f 6143 6144 6243
f 6144 6244 6243
f 6144 6145 6244
f 6145 6245 6244
f 6145 6146 6245
f 6146 6246 6245
f 6146 6147 6246
f 6147 6247 6246
f 6147 6148 6247
f 6148 6248 6247
f 6148 6149 6248
f 6149 6249 6248
f 6149 6150 6249
f 6150 6250 6249
f 6150 6151 6250
f 6151 6251 6250
f 6151 6152 6251
f 6152 6252 6251
f 6152 6153 6252
f 6153 6253 6252
f 6153 6154 6253
f 6154 6254 6253
f 6154 6155 6254
f 6155 6255 6254
f 6155 6156 6255
f 6156 6256 6255
f 6156 6157 6256
f 6157 6257 6256
f 6157 6158 6257
f 6158 6258 6257
f 6158 6159 6258
f 6159 6259 6258
f 6159 6160 6259
f 6160 6260 6259
f 6160 6161 6260
f 6161 6261 6260
f 6161 6162 6261
f 6162 6262 6261
f 6162 6163 6262
f 6163 6263 6262
f 6163 6164 6263
f 6164 6264 6263
f 6164 6165 6264
f 6165 6265 6264
f 6165 6166 6265
f 6166 6266 6265
f 6166 6167 6266
f 6167 6267 6266
f 6167 6168 6267
f 6168 6268 6267
f 6168 6169 6268
f 6169 6269 6268
f 6169 6170 6269
f 6170 6270 6269
f 6170 6171 6270
f 6171 6271 6270
f 6171 6172 6271
f 6172 6272 6271
f 6172 6173 6272
f 6173 6273 6272
f 6173 6174 6273
f 6174 6274 6273
f 6174 6175 6274
f 6175 6275 6274
f 6175 6176 6275
f 6176 6276 6275
f 6176 6177 6276
f 6177 6277 6276
f 6177 6178 6277
f 6178 6278 6277
f 6178 6179 6278
f 6179 6279 6278
f 6179 6180 6279
f 6180 6280 6279
f 6180 6181 6280
f 6181 6281 6280
f 6181 6182 6281
f 6182 6282 6281
f 6182 6183 6282
f 6183 6283 6282
f 6183 6184 6283
f 6184 6284 6283
f 6184 6185 6284
f 6185 6285 6284
f 6185 6186 6285
f 6186 6286 6285
f 6186 6187 6286
f 6187 6287 6286
f 6187 6188 6287
f 6188 6288 6287
f 6188 6189 6288
f 6189 6289 6288
f 6189 6190 6289
f 6190 6290 6289
f 6190 6191 6290
f 6191 6291 6290
f 6191 6192 6291
f 6192 6292 6291
f 6192 6193 6292
f 6193 6293 6292
f 6193 6194 6293
f 6194 6294 6293
f 6194 6195 6294
f 6195 6295 6294
f 6195 6196 6295
f 6196 6296 6295
f 6196 6197 6296
f 6197 6297 6296
f 6197 6198 6297
f 6198 6298 6297
f 6198 6199 6298
f 6199 6299 6298
f 6199 6200 6299
f 6200 6300 6299
f 6201 6202 6301
f 6202 6302 6301
f 6202 6203 6302
f 6203 6303 6302
f 6203 6204 6303
f 6204 6304 6303
f 6204 6205 6304
f 6205 6305 6304
f 6205 6206 6305
f 6206 6306 6305
f 6206 6207 6306
f 6207 6307 6306
f 6207 6208 6307
f 6208 6308 6307
f 6208 6209 6308
f 6209 6309 6308
f 6209 6210 6309
f 6210 6310 6309
f 6210 6211 6310
f 6211 6311 6310
f 6211 6212 6311
f 6212 6312 6311
f 6212 6213 6312
f 6213 6313 6312
f 6213 6214 6313
f 6214 6314 6313
f 6214 6215 6314
f 6215 6315 6314
f 6215 6216 6315
f 6216 6316 6315
f 6216 6217 6316
f 6217 6317 6316
f 6217 6218 6317
f 6218 6318 6317
f 6218 6219 6318
f 6219 6319 6318
f 6219 6220 6319
f 6220 6320 6319
f 6220 6221 6320
f 6221 6321 6320
f 6221 6222 6321
f 6222 6322 6321
f 6222 6223 6322
f 6223 6323 6322
f 6223 6224 6323
f 6224 6324 6323
f 6224 6225 6324
f 6225 6325 6324
f 6225 6226 6325
f 6226 6326 6325
f 6226 6227 6326
f 6227 6327 6326
f 6227 6228 6327
f 6228 6328 6327
f 6228 6229 6328
f 6229 6329 6328
f 6229 6230 6329
f 6230 6330 6329
f 6230 6231 6330
f 6231 6331 6330
f 6231 6232 6331
f 6232 6332 6331
f 6232 6233 6332
f 6233 6333 6332
f 6233 6234 6333
f 6234 6334 6333
f 6234 6235 6334
f 6235 6335 6334
f 6235 6236 6335
f 6236 6336 6335
f 6236 6237 6336
f 6237 6337 6336
f 6237 6238 6337
f 6238 6338 6337
f 6238 6239 6338
f 6239 6339 6338
f 6239 6240 6339
f 6240 6340 6339
f 6240 6241 6340
f 6241 6341 6340
f 6241 6242 6341
f 6242 6342 6341
f 6242 6243 6342
f 6243 6343 6342
f 6243 6244 6343
f 6244 6344 6343
f 6244 6245 6344
f 6245 6345 6344
f 6245 6246 6345
f 6246 6346 6345
f 6246 6247 6346
f 6247 6347 6346
f 6247 6248 6347
f 6248 6348 6347
f 6248 6249 6348
f 6249 6349 6348
f 6249 6250 6349
f 6250 6350 6349
f 6250 6251 6350
f 6251 6351 6350
f 6251 6252 6351
f 6252 6352 6351
f 6252 6253 6352
f 6253 6353 6352
f 6253 6254 6353
f 6254 6354 6353
f 6254 6255 6354
f 6255 6355 6354
f 6255 6256 6355
f 6256 6356 6355
f 6256 6257 6356
f 6257 6357 6356
f 6257 6258 6357
f 6258 6358 6357
f 6258 6259 6358
f 6259 6359 6358
f 6259 6260 6359
f 6260 6360 6359
f 6260 6261 6360
f 6261 6361 6360
f 6261 6262 6361
f 6262 6362 6361
f 6262 6263 6362
f 6263 6363 6362
f 6263 6264 6363
f 6264 6364 6363
f 6264 6265 6364
f 6265 6365 6364
f 6265 6266 6365
f 6266 6366 6365
f 6266 6267 6366
f 6267 6367 6366
f 6267 6268 6367
f 6268 6368 6367
f 6268 6269 6368
f 6269 6369 6368
f 6269 6270 6369
f 6270 6370 6369
f 6270 6271 6370
f 6271 6371 6370
f 6271 6272 6371
f 6272 6372 6371
f 6272 6273 6372
f 6273 6373 6372
f 6273 6274 6373
f 6274 6374 6373
f 6274 6275 6374
f 6275 6375 6374
f 6275 6276 6375
f 6276 6376 6375
f 6276 6277 6376
f 6277 6377 6376
f 6277 6278 6377
f 6278 6378 6377
f 6278 6279 6378
f 6279 6379 6378
f 6279 6280 6379
f 6280 6380 6379
f 6280 6281 6380
f 6281 6381 6380
f 6281 6282 6381
f 6282 6382 6381
f 6282 6283 6382
f 6283 6383 6382
f 6283 6284 6383
f 6284 6384 6383
f 6284 6285 6384
f 6285 6385 6384
f 6285 6286 6385
f 6286 6386 6385
f 6286 6287 6386
f 6287 6387 6386
f 6287 6288 6387
f 6288 6388 6387
f 6288 6289 6388
f 6289 6389 6388
f 6289 6290 6389
f 6290 6390 6389
f 6290 6291 6390
f 6291 6391 6390
f 6291 6292 6391
f 6292 6392 6391
f 6292 6293 6392
f 6293 6393 6392
f 6293 6294 6393
f 6294 6394 6393
f 6294 6295 6394
f 6295 6395 6394
f 6295 6296 6395
f 6296 6396 6395
f 6296 6297 6396
f 6297 6397 6396
f 6297 6298 6397
f 6298 6398 6397
f 6298 6299 6398
f 6299 6399 6398
f 6299 6300 6399
f 6300 6400 6399
f 6301 6302 6401
f 6302 6402 6401
f 6302 6303 6402
f 6303 6403 6402
f 6303 6304 6403
f 6304 6404 6403
f 6304 6305 6404
f 6305 6405 6404
f 6305 6306 6405
f 6306 6406 6405
f 6306 6307 6406
f 6307 6407 6406
f 6307 6308 6407
f 6308 6408 6407
f 6308 6309 6408
f 6309 6409 6408
f 6309 6310 6409
f 6310 6410 6409
f 6310 6311 6410
f 6311 6411 6410
f 6311 6312 6411
f 6312 6412 6411
f 6312 6313 6412
f 6313 6413 6412
f 6313 6314 6413
f 6314 6414 6413
f 6314 6315 6414
f 6315 6415 6414
f 6315 6316 6415
f 6316 6416 6415
f 6316 6317 6416
f 6317 6417 6416
f 6317 6318 6417
f 6318 6418 6417
f 6318 6319 6418
f 6319 6419 6418
f 6319 6320 6419
f 6320 6420 6419
f 6320 6321 6420
f 6321 6421 6420
f 6321 6322 6421
f 6322 6422 6421
f 6322 6323 6422
f 6323 6423 6422
f 6323 6324 6423
f 6324 6424 6423
f 6324 6325 6424
f 6325 6425 6424
f 6325 6326 6425
f 6326 6426 6425
f 6326 6327 6426
f 6327 6427 6426
f 6327 6328 6427
f 6328 6428 6427
f 6328 6329 6428
f 6329 6429 6428
f 6329 6330 6429
f 6330 6430 6429
f 6330 6331 6430
f 6331 6431 6430
f 6331 6332 6431
f 6332 6432 6431
f 6332 6333 6432
f 6333 6433 6432
f 6333 6334 6433
f 6334 6434 6433
f 6334 6335 6434
f 6335 6435 6434
f 6335 6336 6435
f 6336 6436 6435
f 6336 6337 6436
f 6337 6437 6436
f 6337 6338 6437
f 6338 6438 6437
f 6338 6339 6438
f 6339 6439 6438
f 6339 6340 6439
f 6340 6440 6439
f 6340 6341 6440
f 6341 6441 6440
f 6341 6342 6441
f 6342 6442 6441
f 6342 6343 6442
f 6343 6443 6442
f 6343 6344 6443
f 6344 6444 6443
f 6344 6345 6444
f 6345 6445 6444
f 6345 6346 6445
f 6346 6446 6445
f 6346 6347 6446
f 6347 6447 6446
f 6347 6348 6447
f 6348 6448 6447
f 6348 6349 6448
f 6349 6449 6448
f 6349 6350 6449
f 6350 6450 6449
f 6350 6351 6450
f 6351 6451 6450
f 6351 6352 6451
f 6352 6452 6451
f 6352 6353 6452
f 6353 6453 6452
f 6353 6354 6453
f 6354 6454 6453
f 6354 6355 6454
f 6355 6455 6454
f 6355 6356 6455
f 6356 6456 6455
f 6356 6357 6456
f 6357 6457 6456
f 6357 6358 6457
f 6358 6458 6457
f 6358 6359 6458
f 6359 6459 6458
f 6359 6360 6459
f 6360 6460 6459
f 6360 6361 6460
f 6361 6461 6460
f 6361 6362 6461
f 6362 6462 6461
f 6362 6363 6462
f 6363 6463 6462
f 6363 6364 6463
f 6364 6464 6463
f 6364 6365 6464
f 6365 6465 6464
f 6365 6366 6465
f 6366 6466 6465
f 6366 6367 6466
f 6367 6467 6466
f 6367 6368 6467
f 6368 6468 6467
f 6368 6369 6468
f 6369 6469 6468
f 6369 6370 6469
f 6370 6470 6469
f 6370 6371 6470
f 6371 6471 6470
f 6371 6372 6471
f 6372 6472 6471
f 6372 6373 6472
f 6373 6473 6472
f 6373 6374 6473
f 6374 6474 6473
f 6374 6375 6474
f 6375 6475 6474
f 6375 6376 6475
f 6376 6476 6475
f 6376 6377 6476
f 6377 6477 6476
f 6377 6378 6477
f 6378 6478 6477
f 6378 6379 6478
f 6379 6479 6478
f 6379 6380 6479
f 6380 6480 6479
f 6380 6381 6480
f 6381 6481 6480
f 6381 6382 6481
f 6382 6482 6481
f 6382 6383 6482
f 6383 6483 6482
f 6383 6384 6483
f 6384 6484 6483
f 6384 6385 6484
f 6385 6485 6484
f 6385 6386 6485
f 6386 6486 6485
f 6386 6387 6486
f 6387 6487 6486
f 6387 6388 6487
f 6388 6488 6487
f 6388 6389 6488
f 6389 6489 6488
f 6389 6390 6489
f 6390 6490 6489
f 6390 6391 6490
f 6391 6491 6490
f 6391 6392 6491
f 6392 6492 6491
f 6392 6393 6492
f 6393 6493 6492
f 6393 6394 6493
f 6394 6494 6493
f 6394 6395 6494
f 6395 6495 6494
f 6395 6396 6495
f 6396 6496 6495
f 6396 6397 6496
f 6397 6497 6496
f 6397 6398 6497
f 6398 6498 6497
f 6398 6399 6498
f 6399 6499 6498
f 6399 6400 6499
f 6400 6500 6499
f 6401 6402 6501
f 6402 6502 6501
f 6402 6403 6502
f 6403 6503 6502
f 6403 6404 6503
f 6404 6504 6503
f 6404 6405 6504
f 6405 6505 6504
f 6405 6406 6505
f 6406 6506 6505
f 6406 6407 6506
f 6407 6507 6506
f 6407 6408 6507
f 6408 6508 6507
f 6408 6409 6508
f 6409 6509 6508
f 6409 6410 6509
f 6410 6510 6509
f 6410 6411 6510
f 6411 6511 6510
f 6411 6412 6511
f 6412 6512 6511
f 6412 6413 6512
f 6413 6513 6512
f 6413 6414 6513
f 6414 6514 6513
f 6414 6415 6514
f 6415 6515 6514
f 6415 6416 6515
f 6416 6516 6515
f 6416 6417 6516
f 6417 6517 6516
f 6417 6418 6517
f 6418 6518 6517
f 6418 6419 6518
f 6419 6519 6518
f 6419 6420 6519
f 6420 6520 6519
f 6420 6421 6520
f 6421 6521 6520
f 6421 6422 6521
f 6422 6522 6521
f 6422 6423 6522
f 6423 6523 6522
f 6423 6424 6523
f 6424 6524 6523
f 6424 6425 6524
f 6425 6525 6524
f 6425 6426 6525
f 6426 6526 6525
f 6426 6427 6526
f 6427 6527 6526
f 6427 6428 6527
f 6428 6528 6527
f 6428 6429 6528
f 6429 6529 6528
f 6429 6430 6529
f 6430 6530 6529
f 6430 6431 6530
f 6431 6531 6530
f 6431 6432 6531
f 6432 6532 6531
f 6432 6433 6532
f 6433 6533 6532
f 6433 6434 6533
f 6434 6534 6533
f 6434 6435 6534
f 6435 6535 6534
f 6435 6436 6535
f 6436 6536 6535
f 6436 6437 6536
f 6437 6537 6536
f 6437 6438 6537
f 6438 6538 6537
f 6438 6439 6538
f 6439 6539 6538
f 6439 6440 6539
f 6440 6540 6539
f 6440 6441 6540
f 6441 6541 6540
f 6441 6442 6541
f 6442 6542 6541
f 6442 6443 6542
f 6443 6543 6542
f 6443 6444 6543
f 6444 6544 6543
f 6444 6445 6544
f 6445 6545 6544
f 6445 6446 6545
f 6446 6546 6545
f 6446 6447 6546
f 6447 6547 6546
f 6447 6448 6547
f 6448 6548 6547
f 6448 6449 6548
f 6449 6549 6548
f 6449 6450 6549
f 6450 6550 6549
f 6450 6451 6550
f 6451 6551 6550
f 6451 6452 6551
f 6452 6552 6551
f 6452 6453 6552
f 6453 6553 6552
f 6453 6454 6553
f 6454 6554 6553
f 6454 6455 6554
f 6455 6555 6554
f 6455 6456 6555
f 6456 6556 6555
f 6456 6457 6556
f 6457 6557 6556
f 6457 6458 6557
f 6458 6558 6557
f 6458 6459 6558
f 6459 6559 6558
f 6459 6460 6559
f 6460 6560 6559
f 6460 6461 6560
f 6461 6561 6560
f 6461 6462 6561
f 6462 6562 6561
f 6462 6463 6562
f 6463 6563 6562
f 6463 6464 6563
f 6464 6564 6563
f 6464 6465 6564
f 6465 6565 6564
f 6465 6466 6565
f 6466 6566 6565
f 6466 6467 6566
f 6467 6567 6566
f 6467 6468 6567
f 6468 6568 6567
f 6468 6469 6568
f 6469 6569 6568
f 6469 6470 6569
f 6470 6570 6569
f 6470 6471 6570
f 6471 6571 6570
f 6471 6472 6571
f 6472 6572 6571
f 6472 6473 6572
f 6473 6573 6572
f 6473 6474 6573
f 6474 6574 6573
f 6474 6475 6574
f 6475 6575 6574
f 6475 6476 6575
f 6476 6576 6575
f 6476 6477 6576
f 6477 6577 6576
f 6477 6478 6577
f 6478 6578 6577
f 6478 6479 6578
f 6479 6579 6578
f 6479 6480 6579
f 6480 6580 6579
f 6480 6481 6580
f 6481 6581 6580
f 6481 6482 6581
f 6482 6582 6581
f 6482 6483 6582
f 6483 6583 6582
f 6483 6484 6583
f 6484 6584 6583
f 6484 6485 6584
f 6485 6585 6584
f 6485 6486 6585
f 6486 6586 6585
f 6486 6487 6586
f 6487 6587 6586
f 6487 6488 6587
f 6488 6588 6587
f 6488 6489 6588
f 6489 6589 6588
f 6489 6490 6589
f 6490 6590 6589
f 6490 6491 6590
f 6491 6591 6590
f 6491 6492 6591
f 6492 6592 6591
f 6492 6493 6592
f 6493 6593 6592
f 6493 6494 6593
f 6494 6594 6593
f 6494 6495 6594
f 6495 6595 6594
f 6495 6496 6595
f 6496 6596 6595
f 6496 6497 6596
f 6497 6597 6596
f 6497 6498 6597
f 6498 6598 6597
f 6498 6499 6598
f 6499 6599 6598
f 6499 6500 6599
f 6500 6600 6599
f 6501 6502 6601
f 6502 6602 6601
f 6502 6503 6602
f 6503 6603 6602
f 6503 6504 6603
f 6504 6604 6603
f 6504 6505 6604
f 6505 6605 6604
f 6505 6506 6605
f 6506 6606 6605
f 6506 6507 6606
f 6507 6607 6606
f 6507 6508 6607
f 6508 6608 6607
f 6508 6509 6608
f 6509 6609 6608
f 6509 6510 6609
f 6510 6610 6609
f 6510 6511 6610
f 6511 6611 6610
f 6511 6512 6611
f 6512 6612 6611
f 6512 6513 6612
f 6513 6613 6612
f 6513 6514 6613
f 6514 6614 6613
f 6514 6515 6614
f 6515 6615 6614
f 6515 6516 6615
f 6516 6616 6615
f 6516 6517 6616
f 6517 6617 6616
f 6517 6518 6617
f 6518 6618 6617
f 6518 6519 6618
f 6519 6619 6618
f 6519 6520 6619
f 6520 6620 6619
f 6520 6521 6620
f 6521 6621 6620
f 6521 6522 6621
f 6522 6622 6621
f 6522 6523 6622
f 6523 6623 6622
f 6523 6524 6623
f 6524 6624 6623
f 6524 6525 6624
f 6525 6625 6624
f 6525 6526 6625
f 6526 6626 6625
f 6526 6527 6626
f 6527 6627 6626
f 6527 6528 6627
f 6528 6628 6627
f 6528 6529 6628
f 6529 6629 6628
f 6529 6530 6629
f 6530 6630 6629
f 6530 6531 6630
f 6531 6631 6630
f 6531 6532 6631
f 6532 6632 6631
f 6532 6533 6632
f 6533 6633 6632
f 6533 6534 6633
f 6534 6634 6633
f 6534 6535 6634
f 6535 6635 6634
f 6535 6536 6635
f 6536 6636 6635
f 6536 6537 6636
f 6537 6637 6636
f 6537 6538 6637
f 6538 6638 6637
f 6538 6539 6638
f 6539 6639 6638
f 6539 6540 6639
f 6540 6640 6639
f 6540 6541 6640
f 6541 6641 6640
f 6541 6542 6641
f 6542 6642 6641
f 6542 6543 6642
f 6543 6643 6642
f 6543 6544 6643
f 6544 6644 6643
f 6544 6545 6644
f 6545 6645 6644
f 6545 6546 6645
f 6546 6646 6645
f 6546 6547 6646
f 6547 6647 6646
f 6547 6548 6647
f 6548 6648 6647
f 6548 6549 6648
f 6549 6649 6648
f 6549 6550 6649
f 6550 6650 6649
f 6550 6551 6650
f 6551 6651 6650
f 6551 6552 6651
f 6552 6652 6651
f 6552 6553 6652
f 6553 6653 6652
f 6553 6554 6653
f 6554 6654 6653
f 6554 6555 6654
f 6555 6655 6654
f 6555 6556 6655
f 6556 6656 6655
f 6556 6557 6656
f 6557 6657 6656
f 6557 6558 6657
f 6558 6658 6657
f 6558 6559 6658
f 6559 6659 6658
f 6559 6560 6659
f 6560 6660 6659
f 6560 6561 6660
f 6561 6661 6660
f 6561 6562 6661
f 6562 6662 6661
f 6562 6563 6662
f 6563 6663 6662
f 6563 6564 6663
f 6564 6664 6663
f 6564 6565 6664
f 6565 6665 6664
f 6565 6566 6665
f 6566 6666 6665
f 6566 6567 6666
f 6567 6667 6666
f 6567 6568 6667
f 6568 6668 6667
f 6568 6569 6668
f 6569 6669 6668
f 6569 6570 6669
f 6570 6670 6669
f 6570 6571 6670
f 6571 6671 6670
f 6571 6572 6671
f 6572 6672 6671
f 6572 6573 6672
f 6573 6673 6672
f 6573 6574 6673
f 6574 6674 6673
f 6574 6575 6674
f 6575 6675 6674
f 6575 6576 6675
f 6576 6676 6675
f 6576 6577 6676
f 6577 6677 6676
f 6577 6578 6677
f 6578 6678 6677
f 6578 6579 6678
f 6579 6679 6678
f 6579 6580 6679
f 6580 6680 6679
f 6580 6581 6680
f 6581 6681 6680
f 6581 6582 6681
f 6582 6682 6681
f 6582 6583 6682
f 6583 6683 6682
f 6583 6584 6683
f 6584 6684 6683
f 6584 6585 6684
f 6585 6685 6684
f 6585 6586 6685
f 6586 6686 6685
f 6586 6587 6686
f 6587 6687 6686
f 6587 6588 6687
f 6588 6688 6687
f 6588 6589 6688
f 6589 6689 6688
f 6589 6590 6689
f 6590 6690 6689
f 6590 6591 6690
f 6591 6691 6690
f 6591 6592 6691
f 6592 6692 6691
f 6592 6593 6692
f 6593 6693 6692
f 6593 6594 6693
f 6594 6694 6693
f 6594 6595 6694
f 6595 6695 6694
f 6595 6596 6695
f 6596 6696 6695
f 6596 6597 6696
f 6597 6697 6696
f 6597 6598 6697
f 6598 6698 6697
f 6598 6599 6698
f 6599 6699 6698
f 6599 6600 6699
f 6600 6700 6699
f 6601 6602 6701
f 6602 6702 6701
f 6602 6603 6702
f 6603 6703 6702
f 6603 6604 6703
f 6604 6704 6703
f 6604 6605 6704
f 6605 6705 6704
f 6605 6606 6705
f 6606 6706 6705
f 6606 6607 6706
f 6607 6707 6706
f 6607 6608 6707
f 6608 6708 6707
f 6608 6609 6708
f 6609 6709 6708
f 6609 6610 6709
f 6610 6710 6709
f 6610 6611 6710
f 6611 6711 6710
f 6611 6612 6711
f 6612 6712 6711
f 6612 6613 6712
f 6613 6713 6712
f 6613 6614 6713
f 6614 6714 6713
f 6614 6615 6714
f 6615 6715 6714
f 6615 6616 6715
f 6616 6716 6715
f 6616 6617 6716
f 6617 6717 6716
f 6617 6618 6717
f 6618 6718 6717
f 6618 6619 6718
f 6619 6719 6718
f 6619 6620 6719
f 6620 6720 6719
f 6620 6621 6720
f 6621 6721 6720
f 6621 6622 6721
f 6622 6722 6721
f 6622 6623 6722
f 6623 6723 6722
f 6623 6624 6723
f 6624 6724 6723
f 6624 6625 6724
f 6625 6725 6724
f 6625 6626 6725
f 6626 6726 6725
f 6626 6627 6726
f 6627 6727 6726
f 6627 6628 6727
f 6628 6728 6727
f 6628 6629 6728
f 6629 6729 6728
f 6629 6630 6729
f 6630 6730 6729
f 6630 6631 6730
f 6631 6731 6730
f 6631 6632 6731
f 6632 6732 6731
f 6632 6633 6732
f 6633 6733 6732
f 6633 6634 6733
f 6634 6734 6733
f 6634 6635 6734
f 6635 6735 6734
f 6635 6636 6735
f 6636 6736 6735
f 6636 6637 6736
f 6637 6737 6736
f 6637 6638 6737
f 6638 6738 6737
f 6638 6639 6738
f 6639 6739 6738
f 6639 6640 6739
f 6640 6740 6739
f 6640 6641 6740
f 6641 6741 6740
f 6641 6642 6741
f 6642 6742 6741
f 6642 6643 6742
f 6643 6743 6742
f 6643 6644 6743
f 6644 6744 6743
f 6644 6645 6744
f 6645 6745 6744
f 6645 6646 6745
f 6646 6746 6745
f 6646 6647 6746
f 6647 6747 6746
f 6647 6648 6747
f 6648 6748 6747
f 6648 6649 6748
f 6649 6749 6748
f 6649 6650 6749
f 6650 6750 6749
f 6650 6651 6750
f 6651 6751 6750
f 6651 6652 6751
f 6652 6752 6751
f 6652 6653 6752
f 6653 6753 6752
f 6653 6654 6753
f 6654 6754 6753
f 6654 6655 6754
f 6655 6755 6754
f 6655 6656 6755
f 6656 6756 6755
f 6656 6657 6756
f 6657 6757 6756
f 6657 6658 6757
f 6658 6758 6757
f 6658 6659 6758
f 6659 6759 6758
f 6659 6660 6759
f 6660 6760 6759
f 6660 6661 6760
f 6661 6761 6760
f 6661 6662 6761
f 6662 6762 6761
f 6662 6663 6762
f 6663 6763 6762
f 6663 6664 6763
f 6664 6764 6763
f 6664 6665 6764
f 6665 6765 6764
f 6665 6666 6765
f 6666 6766 6765
f 6666 6667 6766
f 6667 6767 6766
f 6667 6668 6767
f 6668 6768 6767
f 6668 6669 6768
f 6669 6769 6768
f 6669 6670 6769
f 6670 6770 6769
f 6670 6671 6770
f 6671 6771 6770
f 6671 6672 6771
f 6672 6772 6771
f 6672 6673 6772
f 6673 6773 6772
f 6673 6674 6773
f 6674 6774 6773
f 6674 6675 6774
f 6675 6775 6774
f 6675 6676 6775
f 6676 6776 6775
f 6676 6677 6776
f 6677 6777 6776
f 6677 6678 6777
f 6678 6778 6777
f 6678 6679 6778
f 6679 6779 6778
f 6679 6680 6779
f 6680 6780 6779
f 6680 6681 6780
f 6681 6781 6780
f 6681 6682 6781
f 6682 6782 6781
f 6682 6683 6782
f 6683 6783 6782
f 6683 6684 6783
f 6684 6784 6783
f 6684 6685 6784
f 6685 6785 6784
f 6685 6686 6785
f 6686 6786 6785
f 6686 6687 6786
f 6687 6787 6786
f 6687 6688 6787
f 6688 6788 6787
f 6688 6689 6788
f 6689 6789 6788
f 6689 6690 6789
f 6690 6790 6789
f 6690 6691 6790
f 6691 6791 6790
f 6691 6692 6791
f 6692 6792 6791
f 6692 6693 6792
f 6693 6793 6792
f 6693 6694 6793
f 6694 6794 6793
f 6694 6695 6794
f 6695 6795 6794
f 6695 6696 6795
f 6696 6796 6795
f 6696 6697 6796
f 6697 6797 6796
f 6697 6698 6797
f 6698 6798 6797
f 6698 6699 6798
f 6699 6799 6798
f 6699 6700 6799
f 6700 6800 6799
f 6701 6702 6801
f 6702 6802 6801
f 6702 6703 6802
f 6703 6803 6802
f 6703 6704 6803
f 6704 6804 6803
f 6704 6705 6804
f 6705 6805 6804
f 6705 6706 6805
f 6706 6806 6805
f 6706 6707 6806
f 6707 6807 6806
f 6707 6708 6807
f 6708 6808 6807
f 6708 6709 6808
f 6709 6809 6808
f 6709 6710 6809
f 6710 6810 6809
f 6710 6711 6810
f 6711 6811 6810
f 6711 6712 6811
f 6712 6812 6811
f 6712 6713 6812
f 6713 6813 6812
f 6713 6714 6813
f 6714 6814 6813
f 6714 6715 6814
f 6715 6815 6814
f 6715 6716 6815
f 6716 6816 6815
f 6716 6717 6816
f 6717 6817 6816
f 6717 6718 6817
f 6718 6818 6817
f 6718 6719 6818
f 6719 6819 6818
f 6719 6720 6819
f 6720 6820 6819
f 6720 6721 6820
f 6721 6821 6820
f 6721 6722 6821
f 6722 6822 6821
f 6722 6723 6822
f 6723 6823 6822
f 6723 6724 6823
f 6724 6824 6823
f 6724 6725 6824
f 6725 6825 6824
f 6725 6726 6825
f 6726 6826 6825
f 6726 6727 6826
f 6727 6827 6826
f 6727 6728 6827
f 6728 6828 6827
f 6728 6729 6828
f 6729 6829 6828
f 6729 6730 6829
f 6730 6830 6829
f 6730 6731 6830
f 6731 6831 6830
f 6731 6732 6831
f 6732 6832 6831
f 6732 6733 6832
f 6733 6833 6832
f 6733 6734 6833
f 6734 6834 6833
f 6734 6735 6834
f 6735 6835 6834
f 6735 6736 6835
f 6736 6836 6835
f 6736 6737 6836
f 6737 6837 6836
f 6737 6738 6837
f 6738 6838 6837
f 6738 6739 6838
f 6739 6839 6838
f 6739 6740 6839
f 6740 6840 6839
f 6740 6741 6840
f 6741 6841 6840
f 6741 6742 6841
f 6742 6842 6841
f 6742 6743 6842
f 6743 6843 6842
f 6743 6744 6843
f 6744 6844 6843
f 6744 6745 6844
f 6745 6845 6844
f 6745 6746 6845
f 6746 6846 6845
f 6746 6747 6846
f 6747 6847 6846
f 6747 6748 6847
f 6748 6848 6847
f 6748 6749 6848
f 6749 6849 6848
f 6749 6750 6849
f 6750 6850 6849
f 6750 6751 6850
f 6751 6851 6850
f 6751 6752 6851
f 6752 6852 6851
f 6752 6753 6852
f 6753 6853 6852
f 6753 6754 6853
f 6754 6854 6853
f 6754 6755 6854
f 6755 6855 6854
f 6755 6756 6855
f 6756 6856 6855
f 6756 6757 6856
f 6757 6857 6856
f 6757 6758 6857
f 6758 6858 6857
f 6758 6759 6858
f 6759 6859 6858
f 6759 6760 6859
f 6760 6860 6859
f 6760 6761 6860
f 6761 6861 6860
f 6761 6762 6861
f 6762 6862 6861
f 6762 6763 6862
f 6763 6863 6862
f 6763 6764 6863
f 6764 6864 6863
f 6764 6765 6864
f 6765 6865 6864
f 6765 6766 6865
f 6766 6866 6865
f 6766 6767 6866
f 6767 6867 6866
f 6767 6768 6867
f 6768 6868 6867
f 6768 6769 6868
f 6769 6869 6868
f 6769 6770 6869
f 6770 6870 6869
f 6770 6771 6870
f 6771 6871 6870
f 6771 6772 6871
f 6772 6872 6871
f 6772 6773 6872
f 6773 6873 6872
f 6773 6774 6873
f 6774 6874 6873
f 6774 6775 6874
f 6775 6875 6874
f 6775 6776 6875
f 6776 6876 6875
f 6776 6777 6876
f 6777 6877 6876
f 6777 6778 6877
f 6778 6878 6877
f 6778 6779 6878
f 6779 6879 6878
f 6779 6780 6879
f 6780 6880 6879
f 6780 6781 6880
f 6781 6881 6880
f 6781 6782 6881
f 6782 6882 6881
f 6782 6783 6882
f 6783 6883 6882
f 6783 6784 6883
f 6784 6884 6883
f 6784 6785 6884
f 6785 6885 6884
f 6785 6786 6885
f 6786 6886 6885
f 6786 6787 6886
f 6787 6887 6886
f 6787 6788 6887
f 6788 6888 6887
f 6788 6789 6888
f 6789 6889 6888
f 6789 6790 6889
f 6790 6890 6889
f 6790 6791 6890
f 6791 6891 6890
f 6791 6792 6891
f 6792 6892 6891
f 6792 6793 6892
f 6793 6893 6892
f 6793 6794 6893
f 6794 6894 6893
f 6794 6795 6894
f 6795 6895 6894
f 6795 6796 6895
f 6796 6896 6895
f 6796 6797 6896
f 6797 6897 6896
f 6797 6798 6897
f 6798 6898 6897
f 6798 6799 6898
f 6799 6899 6898
f 6799 6800 6899
f 6800 6900 6899
f 6801 6802 6901
f 6802 6902 6901
f 6802 6803 6902
f 6803 6903 6902
f 6803 6804 6903
f 6804 6904 6903
f 6804 6805 6904
f 6805 6905 6904
f 6805 6806 6905
f 6806 6906 6905
f 6806 6807 6906
f 6807 6907 6906
f 6807 6808 6907
f 6808 6908 6907
f 6808 6809 6908
f 6809 6909 6908
f 6809 6810 6909
f 6810 6910 6909
f 6810 6811 6910
f 6811 6911 6910
f 6811 6812 6911
f 6812 6912 6911
f 6812 6813 6912
f 6813 6913 6912
f 6813 6814 6913
f 6814 6914 6913
f 6814 6815 6914
f 6815 6915 6914
f 6815 6816 6915
f 6816 6916 6915
f 6816 6817 6916
f 6817 6917 6916
f 6817 6818 6917
f 6818 6918 6917
f 6818 6819 6918
f 6819 6919 6918
f 6819 6820 6919
f 6820 6920 6919
f 6820 6821 6920
f 6821 6921 6920
f 6821 6822 6921
f 6822 6922 6921
f 6822 6823 6922
f 6823 6923 6922
f 6823 6824 6923
f 6824 6924 6923
f 6824 6825 6924
f 6825 6925 6924
f 6825 6826 6925
f 6826 6926 6925
f 6826 6827 6926
f 6827 6927 6926
f 6827 6828 6927
f 6828 6928 6927
f 6828 6829 6928
f 6829 6929 6928
f 6829 6830 6929
f 6830 6930 6929
f 6830 6831 6930
f 6831 6931 6930
f 6831 6832 6931
f 6832 6932 6931
f 6832 6833 6932
f 6833 6933 6932
f 6833 6834 6933
f 6834 6934 6933
f 6834 6835 6934
f 6835 6935 6934
f 6835 6836 6935
f 6836 6936 6935
f 6836 6837 6936
f 6837 6937 6936
f 6837 6838 6937
f 6838 6938 6937
f 6838 6839 6938
f 6839 6939 6938
f 6839 6840 6939
f 6840 6940 6939
f 6840 6841 6940
f 6841 6941 6940
f 6841 6842 6941
f 6842 6942 6941
f 6842 6843 6942
f 6843 6943 6942
f 6843 6844 6943
f 6844 6944 6943
f 6844 6845 6944
f 6845 6945 6944
f 6845 6846 6945
f 6846 6946 6945
f 6846 6847 6946
f 6847 6947 6946
f 6847 6848 6947
f 6848 6948 6947
f 6848 6849 6948
f 6849 6949 6948
f 6849 6850 6949
f 6850 6950 6949
f 6850 6851 6950
f 6851 6951 6950
f 6851 6852 6951
f 6852 6952 6951
f 6852 6853 6952
f 6853 6953 6952
f 6853 6854 6953
f 6854 6954 6953
f 6854 6855 6954
f 6855 6955 6954
f 6855 6856 6955
f 6856 6956 6955
f 6856 6857 6956
f 6857 6957 6956
f 6857 6858 6957
f 6858 6958 6957
f 6858 6859 6958
f 6859 6959 6958
f 6859 6860 6959
f 6860 6960 6959
f 6860 6861 6960
f 6861 6961 6960
f 6861 6862 6961
f 6862 6962 6961
f 6862 6863 6962
f 6863 6963 6962
f 6863 6864 6963
f 6864 6964 6963
f 6864 6865 6964
f 6865 6965 6964
f 6865 6866 6965
f 6866 6966 6965
f 6866 6867 6966
f 6867 6967 6966
f 6867 6868 6967
f 6868 6968 6967
f 6868 6869 6968
f 6869 6969 6968
f 6869 6870 6969
f 6870 6970 6969
f 6870 6871 6970
f 6871 6971 6970
f 6871 6872 6971
f 6872 6972 6971
f 6872 6873 6972
f 6873 6973 6972
f 6873 6874 6973
f 6874 6974 6973
f 6874 6875 6974
f 6875 6975 6974
f 6875 6876 6975
f 6876 6976 6975
f 6876 6877 6976
f 6877 6977 6976
f 6877 6878 6977
f 6878 6978 6977
f 6878 6879 6978
f 6879 6979 6978
f 6879 6880 6979
f 6880 6980 6979
f 6880 6881 6980
f 6881 6981 6980
f 6881 6882 6981
f 6882 6982 6981
f 6882 6883 6982
f 6883 6983 6982
f 6883 6884 6983
f 6884 6984 6983
f 6884 6885 6984
f 6885 6985 6984
f 6885 6886 6985
f 6886 6986 6985
f 6886 6887 6986
f 6887 6987 6986
f 6887 6888 6987
f 6888 6988 6987
f 6888 6889 6988
f 6889 6989 6988
f 6889 6890 6989
f 6890 6990 6989
f 6890 6891 6990
f 6891 6991 6990
f 6891 6892 6991
f 6892 6992 6991
f 6892 6893 6992
f 6893 6993 6992
f 6893 6894 6993
f 6894 6994 6993
f 6894 6895 6994
f 6895 6995 6994
f 6895 6896 6995
f 6896 6996 6995
f 6896 6897 6996
f 6897 6997 6996
f 6897 6898 6997
f 6898 6998 6997
f 6898 6899 6998
f 6899 6999 6998
f 6899 6900 6999
f 6900 7000 6999
f 6901 6902 7001
f 6902 7002 7001
f 6902 6903 7002
f 6903 7003 7002
f 6903 6904 7003
f 6904 7004 7003
f 6904 6905 7004
f 6905 7005 7004
f 6905 6906 7005
f 6906 7006 7005
f 6906 6907 7006
f 6907 7007 7006
f 6907 6908 7007
f 6908 7008 7007
f 6908 6909 7008
f 6909 7009 7008
f 6909 6910 7009
f 6910 7010 7009
f 6910 6911 7010
f 6911 7011 7010
f 6911 6912 7011
f 6912 7012 7011
f 6912 6913 7012
f 6913 7013 7012
f 6913 6914 7013
f 6914 7014 7013
f 6914 6915 7014
f 6915 7015 7014
f 6915 6916 7015
f 6916 7016 7015
f 6916 6917 7016
f 6917 7017 7016
f 6917 6918 7017
f 6918 7018 7017
f 6918 6919 7018
f 6919 7019 7018
f 6919 6920 7019
f 6920 7020 7019
f 6920 6921 7020
f 6921 7021 7020
f 6921 6922 7021
f 6922 7022 7021
f 6922 6923 7022
f 6923 7023 7022
f 6923 6924 7023
f 6924 7024 7023
f 6924 6925 7024
f 6925 7025 7024
f 6925 6926 7025
f 6926 7026 7025
f 6926 6927 7026
f 6927 7027 7026
f 6927 6928 7027
f 6928 7028 7027
f 6928 6929 7028
f 6929 7029 7028
f 6929 6930 7029
f 6930 7030 7029
f 6930 6931 7030
f 6931 7031 7030
f 6931 6932 7031
f 6932 7032 7031
f 6932 6933 7032
f 6933 7033 7032
f 6933 6934 7033
f 6934 7034 7033
f 6934 6935 7034
f 6935 7035 7034
f 6935 6936 7035
f 6936 7036 7035
f 6936 6937 7036
f 6937 7037 7036
f 6937 6938 7037
f 6938 7038 7037
f 6938 6939 7038
f 6939 7039 7038
f 6939 6940 7039
f 6940 7040 7039
f 6940 6941 7040
f 6941 7041 7040
f 6941 6942 7041
f 6942 7042 7041
f 6942 6943 7042
f 6943 7043 7042
f 6943 6944 7043
f 6944 7044 7043
f 6944 6945 7044
f 6945 7045 7044
f 6945 6946 7045
f 6946 7046 7045
f 6946 6947 7046
f 6947 7047 7046
f 6947 6948 7047
f 6948 7048 7047
f 6948 6949 7048
f 6949 7049 7048
f 6949 6950 7049
f 6950 7050 7049
f 6950 6951 7050
f 6951 7051 7050
f 6951 6952 7051
f 6952 7052 7051
f 6952 6953 7052
f 6953 7053 7052
f 6953 6954 7053
f 6954 7054 7053
f 6954 6955 7054
f 6955 7055 7054
f 6955 6956 7055
f 6956 7056 7055
f 6956 6957 7056
f 6957 7057 7056
f 6957 6958 7057
f 6958 7058 7057
f 6958 6959 7058
f 6959 7059 7058
f 6959 6960 7059
f 6960 7060 7059
f 6960 6961 7060
f 6961 7061 7060
f 6961 6962 7061
f 6962 7062 7061
f 6962 6963 7062
f 6963 7063 7062
f 6963 6964 7063
f 6964 7064 7063
f 6964 6965 7064
f 6965 7065 7064
f 6965 6966 7065
f 6966 7066 7065
f 6966 6967 7066
f 6967 7067 7066
f 6967 6968 7067
f 6968 7068 7067
f 6968 6969 7068
f 6969 7069 7068
f 6969 6970 7069
f 6970 7070 7069
f 6970 6971 7070
f 6971 7071 7070
f 6971 6972 7071
f 6972 7072 7071
f 6972 6973 7072
f 6973 7073 7072
f 6973 6974 7073
f 6974 7074 7073
f 6974 6975 7074
f 6975 7075 7074
f 6975 6976 7075
f 6976 7076 7075
f 6976 6977 7076
f 6977 7077 7076
f 6977 6978 7077
f 6978 7078 7077
f 6978 6979 7078
f 6979 7079 7078
f 6979 6980 7079
f 6980 7080 7079
f 6980 6981 7080
f 6981 7081 7080
f 6981 6982 7081
f 6982 7082 7081
f 6982 6983 7082
f 6983 7083 7082
f 6983 6984 7083
f 6984 7084 7083
f 6984 6985 7084
f 6985 7085 7084
f 6985 6986 7085
f 6986 7086 7085
f 6986 6987 7086
f 6987 7087 7086
f 6987 6988 7087
f 6988 7088 7087
f 6988 6989 7088
f 6989 7089 7088
f 6989 6990 7089
f 6990 7090 7089
f 6990 6991 7090
f 6991 7091 7090
f 6991 6992 7091
f 6992 7092 7091
f 6992 6993 7092
f 6993 7093 7092
f 6993 6994 7093
f 6994 7094 7093
f 6994 6995 7094
f 6995 7095 7094
f 6995 6996 7095
f 6996 7096 7095
f 6996 6997 7096
f 6997 7097 7096
f 6997 6998 7097
f 6998 7098 7097
f 6998 6999 7098
f 6999 7099 7098
f 6999 7000 7099
f 7000 7100 7099
f 7001 7002 7101
f 7002 7102 7101
f 7002 7003 7102
f 7003 7103 7102
f 7003 7004 7103
f 7004 7104 7103
f 7004 7005 7104
f 7005 7105 7104
f 7005 7006 7105
f 7006 7106 7105
f 7006 7007 7106
f 7007 7107 7106
f 7007 7008 7107
f 7008 7108 7107
f 7008 7009 7108
f 7009 7109 7108
f 7009 7010 7109
f 7010 7110 7109
f 7010 7011 7110
f 7011 7111 7110
f 7011 7012 7111
f 7012 7112 7111
f 7012 7013 7112
f 7013 7113 7112
f 7013 7014 7113
f 7014 7114 7113
f 7014 7015 7114
f 7015 7115 7114
f 7015 7016 7115
f 7016 7116 7115
f 7016 7017 7116
f 7017 7117 7116
f 7017 7018 7117
f 7018 7118 7117
f 7018 7019 7118
f 7019 7119 7118
f 7019 7020 7119
f 7020 7120 7119
f 7020 7021 7120
f 7021 7121 7120
f 7021 7022 7121
f 7022 7122 7121
f 7022 7023 7122
f 7023 7123 7122
f 7023 7024 7123
f 7024 7124 7123
f 7024 7025 7124
f 7025 7125 7124
f 7025 7026 7125
f 7026 7126 7125
f 7026 7027 7126
f 7027 7127 7126
f 7027 7028 7127
f 7028 7128 7127
f 7028 7029 7128
f 7029 7129 7128
f 7029 7030 7129
f 7030 7130 7129
f 7030 7031 7130
f 7031 7131 7130
f 7031 7032 7131
f 7032 7132 7131
f 7032 7033 7132
f 7033 7133 7132
f 7033 7034 7133
f 7034 7134 7133
f 7034 7035 7134
f 7035 7135 7134
f 7035 7036 7135
f 7036 7136 7135
f 7036 7037 7136
f 7037 7137 7136
f 7037 7038 7137
f 7038 7138 7137
f 7038 7039 7138
f 7039 7139 7138
f 7039 7040 7139
f 7040 7140 7139
f 7040 7041 7140
f 7041 7141 7140
f 7041 7042 7141
f 7042 7142 7141
f 7042 7043 7142
f 7043 7143 7142
f 7043 7044 7143
f 7044 7144 7143
f 7044 7045 7144
f 7045 7145 7144
f 7045 7046 7145
f 7046 7146 7145
f 7046 7047 7146
f 7047 7147 7146
f 7047 7048 7147
f 7048 7148 7147
f 7048 7049 7148
f 7049 7149 7148
f 7049 7050 7149
f 7050 7150 7149
f 7050 7051 7150
f 7051 7151 7150
f 7051 7052 7151
f 7052 7152 7151
f 7052 7053 7152
f 7053 7153 7152
f 7053 7054 7153
f 7054 7154 7153
f 7054 7055 7154
f 7055 7155 7154
f 7055 7056 7155
f 7056 7156 7155
f 7056 7057 7156
f 7057 7157 7156
f 7057 7058 7157
f 7058 7158 7157
f 7058 7059 7158
f 7059 7159 7158
f 7059 7060 7159
f 7060 7160 7159
f 7060 7061 7160
f 7061 7161 7160
f 7061 7062 7161
f 7062 7162 7161
f 7062 7063 7162
f 7063 7163 7162
f 7063 7064 7163
f 7064 7164 7163
f 7064 7065 7164
f 7065 7165 7164
f 7065 7066 7165
f 7066 7166 7165
f 7066 7067 7166
f 7067 7167 7166
f 7067 7068 7167
f 7068 7168 7167
f 7068 7069 7168
f 7069 7169 7168
f 7069 7070 7169
f 7070 7170 7169
f 7070 7071 7170
f 7071 7171 7170
f 7071 7072 7171
f 7072 7172 7171
f 7072 7073 7172
f 7073 7173 7172
f 7073 7074 7173
f 7074 7174 7173
f 7074 7075 7174
f 7075 7175 7174
f 7075 7076 7175
f 7076 7176 7175
f 7076 7077 7176
f 7077 7177 7176
f 7077 7078 7177
f 7078 7178 7177
f 7078 7079 7178
f 7079 7179 7178
f 7079 7080 7179
f 7080 7180 7179
f 7080 7081 7180
f 7081 7181 7180
f 7081 7082 7181
f 7082 7182 7181
f 7082 7083 7182
f 7083 7183 7182
f 7083 7084 7183
f 7084 7184 7183
f 7084 7085 7184
f 7085 7185 7184
f 7085 7086 7185
f 7086 7186 7185
f 7086 7087 7186
f 7087 7187 7186
f 7087 7088 7187
f 7088 7188 7187
f 7088 7089 7188
f 7089 7189 7188
f 7089 7090 7189
f 7090 7190 7189
f 7090 7091 7190
f 7091 7191 7190
f 7091 7092 7191
f 7092 7192 7191
f 7092 7093 7192
f 7093 7193 7192
f 7093 7094 7193
f 7094 7194 7193
f 7094 7095 7194
f 7095 7195 7194
f 7095 7096 7195
f 7096 7196 7195
f 7096 7097 7196
f 7097 7197 7196
f 7097 7098 7197
f 7098 7198 7197
f 7098 7099 7198
f 7099 7199 7198
f 7099 7100 7199
f 7100 7200 7199
f 7101 7102 7201
f 7102 7202 7201
f 7102 7103 7202
f 7103 7203 7202
f 7103 7104 7203
f 7104 7204 7203
f 7104 7105 7204
f 7105 7205 7204
f 7105 7106 7205
f 7106 7206 7205
f 7106 7107 7206
f 7107 7207 7206
f 7107 7108 7207
f 7108 7208 7207
f 7108 7109 7208
f 7109 7209 7208
f 7109 7110 7209
f 7110 7210 7209
f 7110 7111 7210
f 7111 7211 7210
f 7111 7112 7211
f 7112 7212 7211
f 7112 7113 7212
f 7113 7213 7212
f 7113 7114 7213
f 7114 7214 7213
f 7114 7115 7214
f 7115 7215 7214
f 7115 7116 7215
f 7116 7216 7215
f 7116 7117 7216
f 7117 7217 7216
f 7117 7118 7217
f 7118 7218 7217
f 7118 7119 7218
f 7119 7219 7218
f 7119 7120 7219
f 7120 7220 7219
f 7120 7121 7220
f 7121 7221 7220
f 7121 7122 7221
f 7122 7222 7221
f 7122 7123 7222
f 7123 7223 7222
f 7123 7124 7223
f 7124 7224 7223
f 7124 7125 7224
f 7125 7225 7224
f 7125 7126 7225
f 7126 7226 7225
f 7126 7127 7226
f 7127 7227 7226
f 7127 7128 7227
f 7128 7228 7227
f 7128 7129 7228
f 7129 7229 7228
f 7129 7130 7229
f 7130 7230 7229
f 7130 7131 7230
f 7131 7231 7230
f 7131 7132 7231
f 7132 7232 7231
f 7132 7133 7232
f 7133 7233 7232
f 7133 7134 7233
f 7134 7234 7233
f 7134 7135 7234
f 7135 7235 7234
f 7135 7136 7235
f 7136 7236 7235
f 7136 7137 7236
f 7137 7237 7236
f 7137 7138 7237
f 7138 7238 7237
f 7138 7139 7238
f 7139 7239 7238
f 7139 7140 7239
f 7140 7240 7239
f 7140 7141 7240
f 7141 7241 7240
f 7141 7142 7241
f 7142 7242 7241
f 7142 7143 7242
f 7143 7243 7242
f 7143 7144 7243
f 7144 7244 7243
f 7144 7145 7244
f 7145 7245 7244
f 7145 7146 7245
f 7146 7246 7245
f 7146 7147 7246
f 7147 7247 7246
f 7147 7148 7247
f 7148 7248 7247
f 7148 7149 7248
f 7149 7249 7248
f 7149 7150 7249
f 7150 7250 7249
f 7150 7151 7250
f 7151 7251 7250
f 7151 7152 7251
f 7152 7252 7251
f 7152 7153 7252
f 7153 7253 7252
f 7153 7154 7253
f 7154 7254 7253
f 7154 7155 7254
f 7155 7255 7254
f 7155 7156 7255
f 7156 7256 7255
f 7156 7157 7256
f 7157 7257 7256
f 7157 7158 7257
f 7158 7258 7257
f 7158 7159 7258
f 7159 7259 7258
f 7159 7160 7259
f 7160 7260 7259
f 7160 7161 7260
f 7161 7261 7260
f 7161 7162 7261
f 7162 7262 7261
f 7162 7163 7262
f 7163 7263 7262
f 7163 7164 7263
f 7164 7264 7263
f 7164 7165 7264
f 7165 7265 7264
f 7165 7166 7265
f 7166 7266 7265
f 7166 7167 7266
f 7167 7267 7266
f 7167 7168 7267
f 7168 7268 7267
f 7168 7169 7268
f 7169 7269 7268
f 7169 7170 7269
f 7170 7270 7269
f 7170 7171 7270
f 7171 7271 7270
f 7171 7172 7271
f 7172 7272 7271
f 7172 7173 7272
f 7173 7273 7272
f 7173 7174 7273
f 7174 7274 7273
f 7174 7175 7274
f 7175 7275 7274
f 7175 7176 7275
f 7176 7276 7275
f 7176 7177 7276
f 7177 7277 7276
f 7177 7178 7277
f 7178 7278 7277
f 7178 7179 7278
f 7179 7279 7278
f 7179 7180 7279
f 7180 7280 7279
f 7180 7181 7280
f 7181 7281 7280
f 7181 7182 7281
f 7182 7282 7281
f 7182 7183 7282
f 7183 7283 7282
f 7183 7184 7283
f 7184 7284 7283
f 7184 7185 7284
f 7185 7285 7284
f 7185 7186 7285
f 7186 7286 7285
f 7186 7187 7286
f 7187 7287 7286
f 7187 7188 7287
f 7188 7288 7287
f 7188 7189 7288
f 7189 7289 7288
f 7189 7190 7289
f 7190 7290 7289
f 7190 7191 7290
f 7191 7291 7290
f 7191 7192 7291
f 7192 7292 7291
f 7192 7193 7292
f 7193 7293 7292
f 7193 7194 7293
f 7194 7294 7293
f 7194 7195 7294
f 7195 7295 7294
f 7195 7196 7295
f 7196 7296 7295
f 7196 7197 7296
f 7197 7297 7296
f 7197 7198 7297
f 7198 7298 7297
f 7198 7199 7298
f 7199 7299 7298
f 7199 7200 7299
f 7200 7300 7299
f 7201 7202 7301
f 7202 7302 7301
f 7202 7203 7302
f 7203 7303 7302
f 7203 7204 7303
f 7204 7304 7303
f 7204 7205 7304
f 7205 7305 7304
f 7205 7206 7305
f 7206 7306 7305
f 7206 7207 7306
f 7207 7307 7306
f 7207 7208 7307
f 7208 7308 7307
f 7208 7209 7308
f 7209 7309 7308
f 7209 7210 7309
f 7210 7310 7309
f 7210 7211 7310
f 7211 7311 7310
f 7211 7212 7311
f 7212 7312 7311
f 7212 7213 7312
f 7213 7313 7312
f 7213 7214 7313
f 7214 7314 7313
f 7214 7215 7314
f 7215 7315 7314
f 7215 7216 7315
f 7216 7316 7315
f 7216 7217 7316
f 7217 7317 7316
f 7217 7218 7317
f 7218 7318 7317
f 7218 7219 7318
f 7219 7319 7318
f 7219 7220 7319
f 7220 7320 7319
f 7220 7221 7320
f 7221 7321 7320
f 7221 7222 7321
f 7222 7322 7321
f 7222 7223 7322
f 7223 7323 7322
f 7223 7224 7323
f 7224 7324 7323
f 7224 7225 7324
f 7225 7325 7324
f 7225 7226 7325
f 7226 7326 7325
f 7226 7227 7326
f 7227 7327 7326
f 7227 7228 7327
f 7228 7328 7327
f 7228 7229 7328
f 7229 7329 7328
f 7229 7230 7329
f 7230 7330 7329
f 7230 7231 7330
f 7231 7331 7330
f 7231 7232 7331
f 7232 7332 7331
f 7232 7233 7332
f 7233 7333 7332
f 7233 7234 7333
f 7234 7334 7333
f 7234 7235 7334
f 7235 7335 7334
f 7235 7236 7335
f 7236 7336 7335
f 7236 7237 7336
f 7237 7337 7336
f 7237 7238 7337
f 7238 7338 7337
f 7238 7239 7338
f 7239 7339 7338
f 7239 7240 7339
f 7240 7340 7339
f 7240 7241 7340
f 7241 7341 7340
f 7241 7242 7341
f 7242 7342 7341
f 7242 7243 7342
f 7243 7343 7342
f 7243 7244 7343
f 7244 7344 7343
f 7244 7245 7344
f 7245 7345 7344
f 7245 7246 7345
f 7246 7346 7345
f 7246 7247 7346
f 7247 7347 7346
f 7247 7248 7347
f 7248 7348 7347
f 7248 7249 7348
f 7249 7349 7348
f 7249 7250 7349
f 7250 7350 7349
f 7250 7251 7350
f 7251 7351 7350
f 7251 7252 7351
f 7252 7352 7351
f 7252 7253 7352
f 7253 7353 7352
f 7253 7254 7353
f 7254 7354 7353
f 7254 7255 7354
f 7255 7355 7354
f 7255 7256 7355
f 7256 7356 7355
f 7256 7257 7356
f 7257 7357 7356
f 7257 7258 7357
f 7258 7358 7357
f 7258 7259 7358
f 7259 7359 7358
f 7259 7260 7359
f 7260 7360 7359
f 7260 7261 7360
f 7261 7361 7360
f 7261 7262 7361
f 7262 7362 7361
f 7262 7263 7362
f 7263 7363 7362
f 7263 7264 7363
f 7264 7364 7363
f 7264 7265 7364
f 7265 7365 7364
f 7265 7266 7365
f 7266 7366 7365
f 7266 7267 7366
f 7267 7367 7366
f 7267 7268 7367
f 7268 7368 7367
f 7268 7269 7368
f 7269 7369 7368
f 7269 7270 7369
f 7270 7370 7369
f 7270 7271 7370
f 7271 7371 7370
f 7271 7272 7371
f 7272 7372 7371
f 7272 7273 7372
f 7273 7373 7372
f 7273 7274 7373
f 7274 7374 7373
f 7274 7275 7374
f 7275 7375 7374
f 7275 7276 7375
f 7276 7376 7375
f 7276 7277 7376
f 7277 7377 7376
f 7277 7278 7377
f 7278 7378 7377
f 7278 7279 7378
f 7279 7379 7378
f 7279 7280 7379
f 7280 7380 7379
f 7280 7281 7380
f 7281 7381 7380
f 7281 7282 7381
f 7282 7382 7381
f 7282 7283 7382
f 7283 7383 7382
f 7283 7284 7383
f 7284 7384 7383
f 7284 7285 7384
f 7285 7385 7384
f 7285 7286 7385
f 7286 7386 7385
f 7286 7287 7386
f 7287 7387 7386
f 7287 7288 7387
f 7288 7388 7387
f 7288 7289 7388
f 7289 7389 7388
f 7289 7290 7389
f 7290 7390 7389
f 7290 7291 7390
f 7291 7391 7390
f 7291 7292 7391
f 7292 7392 7391
f 7292 7293 7392
f 7293 7393 7392
f 7293 7294 7393
f 7294 7394 7393
f 7294 7295 7394
f 7295 7395 7394
f 7295 7296 7395
f 7296 7396 7395
f 7296 7297 7396
f 7297 7397 7396
f 7297 7298 7397
f 7298 7398 7397
f 7298 7299 7398
f 7299 7399 7398
f 7299 7300 7399
f 7300 7400 7399
f 7301 7302 7401
f 7302 7402 7401
f 7302 7303 7402
f 7303 7403 7402
f 7303 7304 7403
f 7304 7404 7403
f 7304 7305 7404
f 7305 7405 7404
f 7305 7306 7405
f 7306 7406 7405
f 7306 7307 7406
f 7307 7407 7406
f 7307 7308 7407
f 7308 7408 7407
f 7308 7309 7408
f 7309 7409 7408
f 7309 7310 7409
f 7310 7410 7409
f 7310 7311 7410
f 7311 7411 7410
f 7311 7312 7411
f 7312 7412 7411
f 7312 7313 7412
f 7313 7413 7412
f 7313 7314 7413
f 7314 7414 7413
f 7314 7315 7414
f 7315 7415 7414
f 7315 7316 7415
f 7316 7416 7415
f 7316 7317 7416
f 7317 7417 7416
f 7317 7318 7417
f 7318 7418 7417
f 7318 7319 7418
f 7319 7419 7418
f 7319 7320 7419
f 7320 7420 7419
f 7320 7321 7420
f 7321 7421 7420
f 7321 7322 7421
f 7322 7422 7421
f 7322 7323 7422
f 7323 7423 7422
f 7323 7324 7423
f 7324 7424 7423
f 7324 7325 7424
f 7325 7425 7424
f 7325 7326 7425
f 7326 7426 7425
f 7326 7327 7426
f 7327 7427 7426
f 7327 7328 7427
f 7328 7428 7427
f 7328 7329 7428
f 7329 7429 7428
f 7329 7330 7429
f 7330 7430 7429
f 7330 7331 7430
f 7331 7431 7430
f 7331 7332 7431
f 7332 7432 7431
f 7332 7333 7432
f 7333 7433 7432
f 7333 7334 7433
f 7334 7434 7433
f 7334 7335 7434
f 7335 7435 7434
f 7335 7336 7435
f 7336 7436 7435
f 7336 7337 7436
f 7337 7437 7436
f 7337 7338 7437
f 7338 7438 7437
f 7338 7339 7438
f 7339 7439 7438
f 7339 7340 7439
f 7340 7440 7439
f 7340 7341 7440
f 7341 7441 7440
f 7341 7342 7441
f 7342 7442 7441
f 7342 7343 7442
f 7343 7443 7442
f 7343 7344 7443
f 7344 7444 7443
f 7344 7345 7444
f 7345 7445 7444
f 7345 7346 7445
f 7346 7446 7445
f 7346 7347 7446
f 7347 7447 7446
f 7347 7348 7447
f 7348 7448 7447
f 7348 7349 7448
f 7349 7449 7448
f 7349 7350 7449
f 7350 7450 7449
f 7350 7351 7450
f 7351 7451 7450
f 7351 7352 7451
f 7352 7452 7451
f 7352 7353 7452
f 7353 7453 7452
f 7353 7354 7453
f 7354 7454 7453
f 7354 7355 7454
f 7355 7455 7454
f 7355 7356 7455
f 7356 7456 7455
f 7356 7357 7456
f 7357 7457 7456
f 7357 7358 7457
f 7358 7458 7457
f 7358 7359 7458
f 7359 7459 7458
f 7359 7360 7459
f 7360 7460 7459
f 7360 7361 7460
f 7361 7461 7460
f 7361 7362 7461
f 7362 7462 7461
f 7362 7363 7462
f 7363 7463 7462
f 7363 7364 7463
f 7364 7464 7463
f 7364 7365 7464
f 7365 7465 7464
f 7365 7366 7465
f 7366 7466 7465
f 7366 7367 7466
f 7367 7467 7466
f 7367 7368 7467
f 7368 7468 7467
f 7368 7369 7468
f 7369 7469 7468
f 7369 7370 7469
f 7370 7470 7469
f 7370 7371 7470
f 7371 7471 7470
f 7371 7372 7471
f 7372 7472 7471
f 7372 7373 7472
f 7373 7473 7472
f 7373 7374 7473
f 7374 7474 7473
f 7374 7375 7474
f 7375 7475 7474
f 7375 7376 7475
f 7376 7476 7475
f 7376 7377 7476
f 7377 7477 7476
f 7377 7378 7477
f 7378 7478 7477
f 7378 7379 7478
f 7379 7479 7478
f 7379 7380 7479
f 7380 7480 7479
f 7380 7381 7480
f 7381 7481 7480
f 7381 7382 7481
f 7382 7482 7481
f 7382 7383 7482
f 7383 7483 7482
f 7383 7384 7483
f 7384 7484 7483
f 7384 7385 7484
f 7385 7485 7484
f 7385 7386 7485
f 7386 7486 7485
f 7386 7387 7486
f 7387 7487 7486
f 7387 7388 7487
f 7388 7488 7487
f 7388 7389 7488
f 7389 7489 7488
f 7389 7390 7489
f 7390 7490 7489
f 7390 7391 7490
f 7391 7491 7490
f 7391 7392 7491
f 7392 7492 7491
f 7392 7393 7492
f 7393 7493 7492
f 7393 7394 7493
f 7394 7494 7493
f 7394 7395 7494
f 7395 7495 7494
f 7395 7396 7495
f 7396 7496 7495
f 7396 7397 7496
f 7397 7497 7496
f 7397 7398 7497
f 7398 7498 7497
f 7398 7399 7498
f 7399 7499 7498
f 7399 7400 7499
f 7400 7500 7499
f 7401 7402 7501
f 7402 7502 7501
f 7402 7403 7502
f 7403 7503 7502
f 7403 7404 7503
f 7404 7504 7503
f 7404 7405 7504
f 7405 7505 7504
f 7405 7406 7505
f 7406 7506 7505
f 7406 7407 7506
f 7407 7507 7506
f 7407 7408 7507
f 7408 7508 7507
f 7408 7409 7508
f 7409 7509 7508
f 7409 7410 7509
f 7410 7510 7509
f 7410 7411 7510
f 7411 7511 7510
f 7411 7412 7511
f 7412 7512 7511
f 7412 7413 7512
f 7413 7513 7512
f 7413 7414 7513
f 7414 7514 7513
f 7414 7415 7514
f 7415 7515 7514
f 7415 7416 7515
f 7416 7516 7515
f 7416 7417 7516
f 7417 7517 7516
f 7417 7418 7517
f 7418 7518 7517
f 7418 7419 7518
f 7419 7519 7518
f 7419 7420 7519
f 7420 7520 7519
f 7420 7421 7520
f 7421 7521 7520
f 7421 7422 7521
f 7422 7522 7521
f 7422 7423 7522
f 7423 7523 7522
f 7423 7424 7523
f 7424 7524 7523
f 7424 7425 7524
f 7425 7525 7524
f 7425 7426 7525
f 7426 7526 7525
f 7426 7427 7526
f 7427 7527 7526
f 7427 7428 7527
f 7428 7528 7527
f 7428 7429 7528
f 7429 7529 7528
f 7429 7430 7529
f 7430 7530 7529
f 7430 7431 7530
f 7431 7531 7530
f 7431 7432 7531
f 7432 7532 7531
f 7432 7433 7532
f 7433 7533 7532
f 7433 7434 7533
f 7434 7534 7533
f 7434 7435 7534
f 7435 7535 7534
f 7435 7436 7535
f 7436 7536 7535
f 7436 7437 7536
f 7437 7537 7536
f 7437 7438 7537
f 7438 7538 7537
f 7438 7439 7538
f 7439 7539 7538
f 7439 7440 7539
f 7440 7540 7539
f 7440 7441 7540
f 7441 7541 7540
f 7441 7442 7541
f 7442 7542 7541
f 7442 7443 7542
f 7443 7543 7542
f 7443 7444 7543
f 7444 7544 7543
f 7444 7445 7544
f 7445 7545 7544
f 7445 7446 7545
f 7446 7546 7545
f 7446 7447 7546
f 7447 7547 7546
f 7447 7448 7547
f 7448 7548 7547
f 7448 7449 7548
f 7449 7549 7548
f 7449 7450 7549
f 7450 7550 7549
f 7450 7451 7550
f 7451 7551 7550
f 7451 7452 7551
f 7452 7552 7551
f 7452 7453 7552
f 7453 7553 7552
f 7453 7454 7553
f 7454 7554 7553
f 7454 7455 7554
f 7455 7555 7554
f 7455 7456 7555
f 7456 7556 7555
f 7456 7457 7556
f 7457 7557 7556
f 7457 7458 7557
f 7458 7558 7557
f 7458 7459 7558
f 7459 7559 7558
f 7459 7460 7559
f 7460 7560 7559
f 7460 7461 7560
f 7461 7561 7560
f 7461 7462 7561
f 7462 7562 7561
f 7462 7463 7562
f 7463 7563 7562
f 7463 7464 7563
f 7464 7564 7563
f 7464 7465 7564
f 7465 7565 7564
f 7465 7466 7565
f 7466 7566 7565
f 7466 7467 7566
f 7467 7567 7566
f 7467 7468 7567
f 7468 7568 7567
f 7468 7469 7568
f 7469 7569 7568
f 7469 7470 7569
f 7470 7570 7569
f 7470 7471 7570
f 7471 7571 7570
f 7471 7472 7571
f 7472 7572 7571
f 7472 7473 7572
f 7473 7573 7572
f 7473 7474 7573
f 7474 7574 7573
f 7474 7475 7574
f 7475 7575 7574
f 7475 7476 7575
f 7476 7576 7575
f 7476 7477 7576
f 7477 7577 7576
f 7477 7478 7577
f 7478 7578 7577
f 7478 7479 7578
f 7479 7579 7578
f 7479 7480 7579
f 7480 7580 7579
f 7480 7481 7580
f 7481 7581 7580
f 7481 7482 7581
f 7482 7582 7581
f 7482 7483 7582
f 7483 7583 7582
f 7483 7484 7583
f 7484 7584 7583
f 7484 7485 7584
f 7485 7585 7584
f 7485 7486 7585
f 7486 7586 7585
f 7486 7487 7586
f 7487 7587 7586
f 7487 7488 7587
f 7488 7588 7587
f 7488 7489 7588
f 7489 7589 7588
f 7489 7490 7589
f 7490 7590 7589
f 7490 7491 7590
f 7491 7591 7590
f 7491 7492 7591
f 7492 7592 7591
f 7492 7493 7592
f 7493 7593 7592
f 7493 7494 7593
f 7494 7594 7593
f 7494 7495 7594
f 7495 7595 7594
f 7495 7496 7595
f 7496 7596 7595
f 7496 7497 7596
f 7497 7597 7596
f 7497 7498 7597
f 7498 7598 7597
f 7498 7499 7598
f 7499 7599 7598
f 7499 7500 7599
f 7500 7600 7599
f 7501 7502 7601
f 7502 7602 7601
f 7502 7503 7602
f 7503 7603 7602
f 7503 7504 7603
f 7504 7604 7603
f 7504 7505 7604
f 7505 7605 7604
f 7505 7506 7605
f 7506 7606 7605
f 7506 7507 7606
f 7507 7607 7606
f 7507 7508 7607
f 7508 7608 7607
f 7508 7509 7608
f 7509 7609 7608
f 7509 7510 7609
f 7510 7610 7609
f 7510 7511 7610
f 7511 7611 7610
f 7511 7512 7611
f 7512 7612 7611
f 7512 7513 7612
f 7513 7613 7612
f 7513 7514 7613
f 7514 7614 7613
f 7514 7515 7614
f 7515 7615 7614
f 7515 7516 7615
f 7516 7616 7615
f 7516 7517 7616
f 7517 7617 7616
f 7517 7518 7617
f 7518 7618 7617
f 7518 7519 7618
f 7519 7619 7618
f 7519 7520 7619
f 7520 7620 7619
f 7520 7521 7620
f 7521 7621 7620
f 7521 7522 7621
f 7522 7622 7621
f 7522 7523 7622
f 7523 7623 7622
f 7523 7524 7623
f 7524 7624 7623
f 7524 7525 7624
f 7525 7625 7624
f 7525 7526 7625
f 7526 7626 7625
f 7526 7527 7626
f 7527 7627 7626
f 7527 7528 7627
f 7528 7628 7627
f 7528 7529 7628
f 7529 7629 7628
f 7529 7530 7629
f 7530 7630 7629
f 7530 7531 7630
f 7531 7631 7630
f 7531 7532 7631
f 7532 7632 7631
f 7532 7533 7632
f 7533 7633 7632
f 7533 7534 7633
f 7534 7634 7633
f 7534 7535 7634
f 7535 7635 7634
f 7535 7536 7635
f 7536 7636 7635
f 7536 7537 7636
f 7537 7637 7636
f 7537 7538 7637
f 7538 7638 7637
f 7538 7539 7638
f 7539 7639 7638
f 7539 7540 7639
f 7540 7640 7639
f 7540 7541 7640
f 7541 7641 7640
f 7541 7542 7641
f 7542 7642 7641
f 7542 7543 7642
f 7543 7643 7642
f 7543 7544 7643
f 7544 7644 7643
f 7544 7545 7644
f 7545 7645 7644
f 7545 7546 7645
f 7546 7646 7645
f 7546 7547 7646
f 7547 7647 7646
f 7547 7548 7647
f 7548 7648 7647
f 7548 7549 7648
f 7549 7649 7648
f 7549 7550 7649
f 7550 7650 7649
f 7550 7551 7650
f 7551 7651 7650
f 7551 7552 7651
f 7552 7652 7651
f 7552 7553 7652
f 7553 7653 7652
f 7553 7554 7653
f 7554 7654 7653
f 7554 7555 7654
f 7555 7655 7654
f 7555 7556 7655
f 7556 7656 7655
f 7556 7557 7656
f 7557 7657 7656
f 7557 7558 7657
f 7558 7658 7657
f 7558 7559 7658
f 7559 7659 7658
f 7559 7560 7659
f 7560 7660 7659
f 7560 7561 7660
f 7561 7661 7660
f 7561 7562 7661
f 7562 7662 7661
f 7562 7563 7662
f 7563 7663 7662
f 7563 7564 7663
f 7564 7664 7663
f 7564 7565 7664
f 7565 7665 7664
f 7565 7566 7665
f 7566 7666 7665
f 7566 7567 7666
f 7567 7667 7666
f 7567 7568 7667
f 7568 7668 7667
f 7568 7569 7668
f 7569 7669 7668
f 7569 7570 7669
f 7570 7670 7669
f 7570 7571 7670
f 7571 7671 7670
f 7571 7572 7671
f 7572 7672 7671
f 7572 7573 7672
f 7573 7673 7672
f 7573 7574 7673
f 7574 7674 7673
f 7574 7575 7674
f 7575 7675 7674
f 7575 7576 7675
f 7576 7676 7675
f 7576 7577 7676
f 7577 7677 7676
f 7577 7578 7677
f 7578 7678 7677
f 7578 7579 7678
f 7579 7679 7678
f 7579 7580 7679
f 7580 7680 7679
f 7580 7581 7680
f 7581 7681 7680
f 7581 7582 7681
f 7582 7682 7681
f 7582 7583 7682
f 7583 7683 7682
f 7583 7584 7683
f 7584 7684 7683
f 7584 7585 7684
f 7585 7685 7684
f 7585 7586 7685
f 7586 7686 7685
f 7586 7587 7686
f 7587 7687 7686
f 7587 7588 7687
f 7588 7688 7687
f 7588 7589 7688
f 7589 7689 7688
f 7589 7590 7689
f 7590 7690 7689
f 7590 7591 7690
f 7591 7691 7690
f 7591 7592 7691
f 7592 7692 7691
f 7592 7593 7692
f 7593 7693 7692
f 7593 7594 7693
f 7594 7694 7693
f 7594 7595 7694
f 7595 7695 7694
f 7595 7596 7695
f 7596 7696 7695
f 7596 7597 7696
f 7597 7697 7696
f 7597 7598 7697
f 7598 7698 7697
f 7598 7599 7698
f 7599 7699 7698
f 7599 7600 7699
f 7600 7700 7699
f 7601 7602 7701
f 7602 7702 7701
f 7602 7603 7702
f 7603 7703 7702
f 7603 7604 7703
f 7604 7704 7703
f 7604 7605 7704
f 7605 7705 7704
f 7605 7606 7705
f 7606 7706 7705
f 7606 7607 7706
f 7607 7707 7706
f 7607 7608 7707
f 7608 7708 7707
f 7608 7609 7708
f 7609 7709 7708
f 7609 7610 7709
f 7610 7710 7709
f 7610 7611 7710
f 7611 7711 7710
f 7611 7612 7711
f 7612 7712 7711
f 7612 7613 7712
f 7613 7713 7712
f 7613 7614 7713
f 7614 7714 7713
f 7614 7615 7714
f 7615 7715 7714
f 7615 7616 7715
f 7616 7716 7715
f 7616 7617 7716
f 7617 7717 7716
f 7617 7618 7717
f 7618 7718 7717
f 7618 7619 7718
f 7619 7719 7718
f 7619 7620 7719
f 7620 7720 7719
f 7620 7621 7720
f 7621 7721 7720
f 7621 7622 7721
f 7622 7722 7721
f 7622 7623 7722
f 7623 7723 7722
f 7623 7624 7723
f 7624 7724 7723
f 7624 7625 7724
f 7625 7725 7724
f 7625 7626 7725
f 7626 7726 7725
f 7626 7627 7726
f 7627 7727 7726
f 7627 7628 7727
f 7628 7728 7727
f 7628 7629 7728
f 7629 7729 7728
f 7629 7630 7729
f 7630 7730 7729
f 7630 7631 7730
f 7631 7731 7730
f 7631 7632 7731
f 7632 7732 7731
f 7632 7633 7732
f 7633 7733 7732
f 7633 7634 7733
f 7634 7734 7733
f 7634 7635 7734
f 7635 7735 7734
f 7635 7636 7735
f 7636 7736 7735
f 7636 7637 7736
f 7637 7737 7736
f 7637 7638 7737
f 7638 7738 7737
f 7638 7639 7738
f 7639 7739 7738
f 7639 7640 7739
f 7640 7740 7739
f 7640 7641 7740
f 7641 7741 7740
f 7641 7642 7741
f 7642 7742 7741
f 7642 7643 7742
f 7643 7743 7742
f 7643 7644 7743
f 7644 7744 7743
f 7644 7645 7744
f 7645 7745 7744
f 7645 7646 7745
f 7646 7746 7745
f 7646 7647 7746
f 7647 7747 7746
f 7647 7648 7747
f 7648 7748 7747
f 7648 7649 7748
f 7649 7749 7748
f 7649 7650 7749
f 7650 7750 7749
f 7650 7651 7750
f 7651 7751 7750
f 7651 7652 7751
f 7652 7752 7751
f 7652 7653 7752
f 7653 7753 7752
f 7653 7654 7753
f 7654 7754 7753
f 7654 7655 7754
f 7655 7755 7754
f 7655 7656 7755
f 7656 7756 7755
f 7656 7657 7756
f 7657 7757 7756
f 7657 7658 7757
f 7658 7758 7757
f 7658 7659 7758
f 7659 7759 7758
f 7659 7660 7759
f 7660 7760 7759
f 7660 7661 7760
f 7661 7761 7760
f 7661 7662 7761
f 7662 7762 7761
f 7662 7663 7762
f 7663 7763 7762
f 7663 7664 7763
f 7664 7764 7763
f 7664 7665 7764
f 7665 7765 7764
f 7665 7666 7765
f 7666 7766 7765
f 7666 7667 7766
f 7667 7767 7766
f 7667 7668 7767
f 7668 7768 7767
f 7668 7669 7768
f 7669 7769 7768
f 7669 7670 7769
f 7670 7770 7769
f 7670 7671 7770
f 7671 7771 7770
f 7671 7672 7771
f 7672 7772 7771
f 7672 7673 7772
f 7673 7773 7772
f 7673 7674 7773
f 7674 7774 7773
f 7674 7675 7774
f 7675 7775 7774
f 7675 7676 7775
f 7676 7776 7775
f 7676 7677 7776
f 7677 7777 7776
f 7677 7678 7777
f 7678 7778 7777
f 7678 7679 7778
f 7679 7779 7778
f 7679 7680 7779
f 7680 7780 7779
f 7680 7681 7780
f 7681 7781 7780
f 7681 7682 7781
f 7682 7782 7781
f 7682 7683 7782
f 7683 7783 7782
f 7683 7684 7783
f 7684 7784 7783
f 7684 7685 7784
f 7685 7785 7784
f 7685 7686 7785
f 7686 7786 7785
f 7686 7687 7786
f 7687 7787 7786
f 7687 7688 7787
f 7688 7788 7787
f 7688 7689 7788
f 7689 7789 7788
f 7689 7690 7789
f 7690 7790 7789
f 7690 7691 7790
f 7691 7791 7790
f 7691 7692 7791
f 7692 7792 7791
f 7692 7693 7792
f 7693 7793 7792
f 7693 7694 7793
f 7694 7794 7793
f 7694 7695 7794
f 7695 7795 7794
f 7695 7696 7795
f 7696 7796 7795
f 7696 7697 7796
f 7697 7797 7796
f 7697 7698 7797
f 7698 7798 7797
f 7698 7699 7798
f 7699 7799 7798
f 7699 7700 7799
f 7700 7800 7799
f 7701 7702 7801
f 7702 7802 7801
f 7702 7703 7802
f 7703 7803 7802
f 7703 7704 7803
f 7704 7804 7803
f 7704 7705 7804
f 7705 7805 7804
f 7705 7706 7805
f 7706 7806 7805
f 7706 7707 7806
f 7707 7807 7806
f 7707 7708 7807
f 7708 7808 7807
f 7708 7709 7808
f 7709 7809 7808
f 7709 7710 7809
f 7710 7810 7809
f 7710 7711 7810
f 7711 7811 7810
f 7711 7712 7811
f 7712 7812 7811
f 7712 7713 7812
f 7713 7813 7812
f 7713 7714 7813
f 7714 7814 7813
f 7714 7715 7814
f 7715 7815 7814
f 7715 7716 7815
f 7716 7816 7815
f 7716 7717 7816
f 7717 7817 7816
f 7717 7718 7817
f 7718 7818 7817
f 7718 7719 7818
f 7719 7819 7818
f 7719 7720 7819
f 7720 7820 7819
f 7720 7721 7820
f 7721 7821 7820
f 7721 7722 7821
f 7722 7822 7821
f 7722 7723 7822
f 7723 7823 7822
f 7723 7724 7823
f 7724 7824 7823
f 7724 7725 7824
f 7725 7825 7824
f 7725 7726 7825
f 7726 7826 7825
f 7726 7727 7826
f 7727 7827 7826
f 7727 7728 7827
f 7728 7828 7827
f 7728 7729 7828
f 7729 7829 7828
f 7729 7730 7829
f 7730 7830 7829
f 7730 7731 7830
f 7731 7831 7830
f 7731 7732 7831
f 7732 7832 7831
f 7732 7733 7832
f 7733 7833 7832
f 7733 7734 7833
f 7734 7834 7833
f 7734 7735 7834
f 7735 7835 7834
f 7735 7736 7835
f 7736 7836 7835
f 7736 7737 7836
f 7737 7837 7836
f 7737 7738 7837
f 7738 7838 7837
f 7738 7739 7838
f 7739 7839 7838
f 7739 7740 7839
f 7740 7840 7839
f 7740 7741 7840
f 7741 7841 7840
f 7741 7742 7841
f 7742 7842 7841
f 7742 7743 7842
f 7743 7843 7842
f 7743 7744 7843
f 7744 7844 7843
f 7744 7745 7844
f 7745 7845 7844
f 7745 7746 7845
f 7746 7846 7845
f 7746 7747 7846
f 7747 7847 7846
f 7747 7748 7847
f 7748 7848 7847
f 7748 7749 7848
f 7749 7849 7848
f 7749 7750 7849
f 7750 7850 7849
f 7750 7751 7850
f 7751 7851 7850
f 7751 7752 7851
f 7752 7852 7851
f 7752 7753 7852
f 7753 7853 7852
f 7753 7754 7853
f 7754 7854 7853
f 7754 7755 7854
f 7755 7855 7854
f 7755 7756 7855
f 7756 7856 7855
f 7756 7757 7856
f 7757 7857 7856
f 7757 7758 7857
f 7758 7858 7857
f 7758 7759 7858
f 7759 7859 7858
f 7759 7760 7859
f 7760 7860 7859
f 7760 7761 7860
f 7761 7861 7860
f 7761 7762 7861
f 7762 7862 7861
f 7762 7763 7862
f 7763 7863 7862
f 7763 7764 7863
f 7764 7864 7863
f 7764 7765 7864
f 7765 7865 7864
f 7765 7766 7865
f 7766 7866 7865
f 7766 7767 7866
f 7767 7867 7866
f 7767 7768 7867
f 7768 7868 7867
f 7768 7769 7868
f 7769 7869 7868
f 7769 7770 7869
f 7770 7870 7869
f 7770 7771 7870
f 7771 7871 7870
f 7771 7772 7871
f 7772 7872 7871
f 7772 7773 7872
f 7773 7873 7872
f 7773 7774 7873
f 7774 7874 7873
f 7774 7775 7874
f 7775 7875 7874
f 7775 7776 7875
f 7776 7876 7875
f 7776 7777 7876
f 7777 7877 7876
f 7777 7778 7877
f 7778 7878 7877
f 7778 7779 7878
f 7779 7879 7878
f 7779 7780 7879
f 7780 7880 7879
f 7780 7781 7880
f 7781 7881 7880
f 7781 7782 7881
f 7782 7882 7881
f 7782 7783 7882
f 7783 7883 7882
f 7783 7784 7883
f 7784 7884 7883
f 7784 7785 7884
f 7785 7885 7884
f 7785 7786 7885
f 7786 7886 7885
f 7786 7787 7886
f 7787 7887 7886
f 7787 7788 7887
f 7788 7888 7887
f 7788 7789 7888
f 7789 7889 7888
f 7789 7790 7889
f 7790 7890 7889
f 7790 7791 7890
f 7791 7891 7890
f 7791 7792 7891
f 7792 7892 7891
f 7792 7793 7892
f 7793 7893 7892
f 7793 7794 7893
f 7794 7894 7893
f 7794 7795 7894
f 7795 7895 7894
f 7795 7796 7895
f 7796 7896 7895
f 7796 7797 7896
f 7797 7897 7896
f 7797 7798 7897
f 7798 7898 7897
f 7798 7799 7898
f 7799 7899 7898
f 7799 7800 7899
f 7800 7900 7899
f 7801 7802 7901
f 7802 7902 7901
f 7802 7803 7902
f 7803 7903 7902
f 7803 7804 7903
f 7804 7904 7903
f 7804 7805 7904
f 7805 7905 7904
f 7805 7806 7905
f 7806 7906 7905
f 7806 7807 7906
f 7807 7907 7906
f 7807 7808 7907
f 7808 7908 7907
f 7808 7809 7908
f 7809 7909 7908
f 7809 7810 7909
f 7810 7910 7909
f 7810 7811 7910
f 7811 7911 7910
f 7811 7812 7911
f 7812 7912 7911
f 7812 7813 7912
f 7813 7913 7912
f 7813 7814 7913
f 7814 7914 7913
f 7814 7815 7914
f 7815 7915 7914
f 7815 7816 7915
f 7816 7916 7915
f 7816 7817 7916
f 7817 7917 7916
f 7817 7818 7917
f 7818 7918 7917
f 7818 7819 7918
f 7819 7919 7918
f 7819 7820 7919
f 7820 7920 7919
f 7820 7821 7920
f 7821 7921 7920
f 7821 7822 7921
f 7822 7922 7921
f 7822 7823 7922
f 7823 7923 7922
f 7823 7824 7923
f 7824 7924 7923
f 7824 7825 7924
f 7825 7925 7924
f 7825 7826 7925
f 7826 7926 7925
f 7826 7827 7926
f 7827 7927 7926
f 7827 7828 7927
f 7828 7928 7927
f 7828 7829 7928
f 7829 7929 7928
f 7829 7830 7929
f 7830 7930 7929
f 7830 7831 7930
f 7831 7931 7930
f 7831 7832 7931
f 7832 7932 7931
f 7832 7833 7932
f 7833 7933 7932
f 7833 7834 7933
f 7834 7934 7933
f 7834 7835 7934
f 7835 7935 7934
f 7835 7836 7935
f 7836 7936 7935
f 7836 7837 7936
f 7837 7937 7936
f 7837 7838 7937
f 7838 7938 7937
f 7838 7839 7938
f 7839 7939 7938
f 7839 7840 7939
f 7840 7940 7939
f 7840 7841 7940
f 7841 7941 7940
f 7841 7842 7941
f 7842 7942 7941
f 7842 7843 7942
f 7843 7943 7942
f 7843 7844 7943
f 7844 7944 7943
f 7844 7845 7944
f 7845 7945 7944
f 7845 7846 7945
f 7846 7946 7945
f 7846 7847 7946
f 7847 7947 7946
f 7847 7848 7947
f 7848 7948 7947
f 7848 7849 7948
f 7849 7949 7948
f 7849 7850 7949
f 7850 7950 7949
f 7850 7851 7950
f 7851 7951 7950
f 7851 7852 7951
f 7852 7952 7951
f 7852 7853 7952
f 7853 7953 7952
f 7853 7854 7953
f 7854 7954 7953
f 7854 7855 7954
f 7855 7955 7954
f 7855 7856 7955
f 7856 7956 7955
f 7856 7857 7956
f 7857 7957 7956
f 7857 7858 7957
f 7858 7958 7957
f 7858 7859 7958
f 7859 7959 7958
f 7859 7860 7959
f 7860 7960 7959
f 7860 7861 7960
f 7861 7961 7960
f 7861 7862 7961
f 7862 7962 7961
f 7862 7863 7962
f 7863 7963 7962
f 7863 7864 7963
f 7864 7964 7963
f 7864 7865 7964
f 7865 7965 7964
f 7865 7866 7965
f 7866 7966 7965
f 7866 7867 7966
f 7867 7967 7966
f 7867 7868 7967
f 7868 7968 7967
f 7868 7869 7968
f 7869 7969 7968
f 7869 7870 7969
f 7870 7970 7969
f 7870 7871 7970
f 7871 7971 7970
f 7871 7872 7971
f 7872 7972 7971
f 7872 7873 7972
f 7873 7973 7972
f 7873 7874 7973
f 7874 7974 7973
f 7874 7875 7974
f 7875 7975 7974
f 7875 7876 7975
f 7876 7976 7975
f 7876 7877 7976
f 7877 7977 7976
f 7877 7878 7977
f 7878 7978 7977
f 7878 7879 7978
f 7879 7979 7978
f 7879 7880 7979
f 7880 7980 7979
f 7880 7881 7980
f 7881 7981 7980
f 7881 7882 7981
f 7882 7982 7981
f 7882 7883 7982
f 7883 7983 7982
f 7883 7884 7983
f 7884 7984 7983
f 7884 7885 7984
f 7885 7985 7984
f 7885 7886 7985
f 7886 7986 7985
f 7886 7887 7986
f 7887 7987 7986
f 7887 7888 7987
f 7888 7988 7987
f 7888 7889 7988
f 7889 7989 7988
f 7889 7890 7989
f 7890 7990 7989
f 7890 7891 7990
f 7891 7991 7990
f 7891 7892 7991
f 7892 7992 7991
f 7892 7893 7992
f 7893 7993 7992
f 7893 7894 7993
f 7894 7994 7993
f 7894 7895 7994
f 7895 7995 7994
f 7895 7896 7995
f 7896 7996 7995
f 7896 7897 7996
f 7897 7997 7996
f 7897 7898 7997
f 7898 7998 7997
f 7898 7899 7998
f 7899 7999 7998
f 7899 7900 7999
f 7900 8000 7999
f 7901 7902 8001
f 7902 8002 8001
f 7902 7903 8002
f 7903 8003 8002
f 7903 7904 8003
f 7904 8004 8003
f 7904 7905 8004
f 7905 8005 8004
f 7905 7906 8005
f 7906 8006 8005
f 7906 7907 8006
f 7907 8007 8006
f 7907 7908 8007
f 7908 8008 8007
f 7908 7909 8008
f 7909 8009 8008
f 7909 7910 8009
f 7910 8010 8009
f 7910 7911 8010
f 7911 8011 8010
f 7911 7912 8011
f 7912 8012 8011
f 7912 7913 8012
f 7913 8013 8012
f 7913 7914 8013
f 7914 8014 8013
f 7914 7915 8014
f 7915 8015 8014
f 7915 7916 8015
f 7916 8016 8015
f 7916 7917 8016
f 7917 8017 8016
f 7917 7918 8017
f 7918 8018 8017
f 7918 7919 8018
f 7919 8019 8018
f 7919 7920 8019
f 7920 8020 8019
f 7920 7921 8020
f 7921 8021 8020
f 7921 7922 8021
f 7922 8022 8021
f 7922 7923 8022
f 7923 8023 8022
f 7923 7924 8023
f 7924 8024 8023
f 7924 7925 8024
f 7925 8025 8024
f 7925 7926 8025
f 7926 8026 8025
f 7926 7927 8026
f 7927 8027 8026
f 7927 7928 8027
f 7928 8028 8027
f 7928 7929 8028
f 7929 8029 8028
f 7929 7930 8029
f 7930 8030 8029
f 7930 7931 8030
f 7931 8031 8030
f 7931 7932 8031
f 7932 8032 8031
f 7932 7933 8032
f 7933 8033 8032
f 7933 7934 8033
f 7934 8034 8033
f 7934 7935 8034
f 7935 8035 8034
f 7935 7936 8035
f 7936 8036 8035
f 7936 7937 8036
f 7937 8037 8036
f 7937 7938 8037
f 7938 8038 8037
f 7938 7939 8038
f 7939 8039 8038
f 7939 7940 8039
f 7940 8040 8039
f 7940 7941 8040
f 7941 8041 8040
f 7941 7942 8041
f 7942 8042 8041
f 7942 7943 8042
f 7943 8043 8042
f 7943 7944 8043
f 7944 8044 8043
f 7944 7945 8044
f 7945 8045 8044
f 7945 7946 8045
f 7946 8046 8045
f 7946 7947 8046
f 7947 8047 8046
f 7947 7948 8047
f 7948 8048 8047
f 7948 7949 8048
f 7949 8049 8048
f 7949 7950 8049
f 7950 8050 8049
f 7950 7951 8050
f 7951 8051 8050
f 7951 7952 8051
f 7952 8052 8051
f 7952 7953 8052
f 7953 8053 8052
f 7953 7954 8053
f 7954 8054 8053
f 7954 7955 8054
f 7955 8055 8054
f 7955 7956 8055
f 7956 8056 8055
f 7956 7957 8056
f 7957 8057 8056
f 7957 7958 8057
f 7958 8058 8057
f 7958 7959 8058
f 7959 8059 8058
f 7959 7960 8059
f 7960 8060 8059
f 7960 7961 8060
f 7961 8061 8060
f 7961 7962 8061
f 7962 8062 8061
f 7962 7963 8062
f 7963 8063 8062
f 7963 7964 8063
f 7964 8064 8063
f 7964 7965 8064
f 7965 8065 8064
f 7965 7966 8065
f 7966 8066 8065
f 7966 7967 8066
f 7967 8067 8066
f 7967 7968 8067
f 7968 8068 8067
f 7968 7969 8068
f 7969 8069 8068
f 7969 7970 8069
f 7970 8070 8069
f 7970 7971 8070
f 7971 8071 8070
f 7971 7972 8071
f 7972 8072 8071
f 7972 7973 8072
f 7973 8073 8072
f 7973 7974 8073
f 7974 8074 8073
f 7974 7975 8074
f 7975 8075 8074
f 7975 7976 8075
f 7976 8076 8075
f 7976 7977 8076
f 7977 8077 8076
f 7977 7978 8077
f 7978 8078 8077
f 7978 7979 8078
f 7979 8079 8078
f 7979 7980 8079
f 7980 8080 8079
f 7980 7981 8080
f 7981 8081 8080
f 7981 7982 8081
f 7982 8082 8081
f 7982 7983 8082
f 7983 8083 8082
f 7983 7984 8083
f 7984 8084 8083
f 7984 7985 8084
f 7985 8085 8084
f 7985 7986 8085
f 7986 8086 8085
f 7986 7987 8086
f 7987 8087 8086
f 7987 7988 8087
f 7988 8088 8087
f 7988 7989 8088
f 7989 8089 8088
f 7989 7990 8089
f 7990 8090 8089
f 7990 7991 8090
f 7991 8091 8090
f 7991 7992 8091
f 7992 8092 8091
f 7992 7993 8092
f 7993 8093 8092
f 7993 7994 8093
f 7994 8094 8093
f 7994 7995 8094
f 7995 8095 8094
f 7995 7996 8095
f 7996 8096 8095
f 7996 7997 8096
f 7997 8097 8096
f 7997 7998 8097
f 7998 8098 8097
f 7998 7999 8098
f 7999 8099 8098
f 7999 8000 8099
f 8000 8100 8099
f 8001 8002 8101
f 8002 8102 8101
f 8002 8003 8102
f 8003 8103 8102
f 8003 8004 8103
f 8004 8104 8103
f 8004 8005 8104
f 8005 8105 8104
f 8005 8006 8105
f 8006 8106 8105
f 8006 8007 8106
f 8007 8107 8106
f 8007 8008 8107
f 8008 8108 8107
f 8008 8009 8108
f 8009 8109 8108
f 8009 8010 8109
f 8010 8110 8109
f 8010 8011 8110
f 8011 8111 8110
f 8011 8012 8111
f 8012 8112 8111
f 8012 8013 8112
f 8013 8113 8112
f 8013 8014 8113
f 8014 8114 8113
f 8014 8015 8114
f 8015 8115 8114
f 8015 8016 8115
f 8016 8116 8115
f 8016 8017 8116
f 8017 8117 8116
f 8017 8018 8117
f 8018 8118 8117
f 8018 8019 8118
f 8019 8119 8118
f 8019 8020 8119
f 8020 8120 8119
f 8020 8021 8120
f 8021 8121 8120
f 8021 8022 8121
f 8022 8122 8121
f 8022 8023 8122
f 8023 8123 8122
f 8023 8024 8123
f 8024 8124 8123
f 8024 8025 8124
f 8025 8125 8124
f 8025 8026 8125
f 8026 8126 8125
f 8026 8027 8126
f 8027 8127 8126
f 8027 8028 8127
f 8028 8128 8127
f 8028 8029 8128
f 8029 8129 8128
f 8029 8030 8129
f 8030 8130 8129
f 8030 8031 8130
f 8031 8131 8130
f 8031 8032 8131
f 8032 8132 8131
f 8032 8033 8132
f 8033 8133 8132
f 8033 8034 8133
f 8034 8134 8133
f 8034 8035 8134
f 8035 8135 8134
f 8035 8036 8135
f 8036 8136 8135
f 8036 8037 8136
f 8037 8137 8136
f 8037 8038 8137
f 8038 8138 8137
f 8038 8039 8138
f 8039 8139 8138
f 8039 8040 8139
f 8040 8140 8139
f 8040 8041 8140
f 8041 8141 8140
f 8041 8042 8141
f 8042 8142 8141
f 8042 8043 8142
f 8043 8143 8142
f 8043 8044 8143
f 8044 8144 8143
f 8044 8045 8144
f 8045 8145 8144
f 8045 8046 8145
f 8046 8146 8145
f 8046 8047 8146
f 8047 8147 8146
f 8047 8048 8147
f 8048 8148 8147
f 8048 8049 8148
f 8049 8149 8148
f 8049 8050 8149
f 8050 8150 8149
f 8050 8051 8150
f 8051 8151 8150
f 8051 8052 8151
f 8052 8152 8151
f 8052 8053 8152
f 8053 8153 8152
f 8053 8054 8153
f 8054 8154 8153
f 8054 8055 8154
f 8055 8155 8154
f 8055 8056 8155
f 8056 8156 8155
f 8056 8057 8156
f 8057 8157 8156
f 8057 8058 8157
f 8058 8158 8157
f 8058 8059 8158
f 8059 8159 8158
f 8059 8060 8159
f 8060 8160 8159
f 8060 8061 8160
f 8061 8161 8160
f 8061 8062 8161
f 8062 8162 8161
f 8062 8063 8162
f 8063 8163 8162
f 8063 8064 8163
f 8064 8164 8163
f 8064 8065 8164
f 8065 8165 8164
f 8065 8066 8165
f 8066 8166 8165
f 8066 8067 8166
f 8067 8167 8166
f 8067 8068 8167
f 8068 8168 8167
f 8068 8069 8168
f 8069 8169 8168
f 8069 8070 8169
f 8070 8170 8169
f 8070 8071 8170
f 8071 8171 8170
f 8071 8072 8171
f 8072 8172 8171
f 8072 8073 8172
f 8073 8173 8172
f 8073 8074 8173
f 8074 8174 8173
f 8074 8075 8174
f 8075 8175 8174
f 8075 8076 8175
f 8076 8176 8175
f 8076 8077 8176
f 8077 8177 8176
f 8077 8078 8177
f 8078 8178 8177
f 8078 8079 8178
f 8079 8179 8178
f 8079 8080 8179
f 8080 8180 8179
f 8080 8081 8180
f 8081 8181 8180
f 8081 8082 8181
f 8082 8182 8181
f 8082 8083 8182
f 8083 8183 8182
f 8083 8084 8183
f 8084 8184 8183
f 8084 8085 8184
f 8085 8185 8184
f 8085 8086 8185
f 8086 8186 8185
f 8086 8087 8186
f 8087 8187 8186
f 8087 8088 8187
f 8088 8188 8187
f 8088 8089 8188
f 8089 8189 8188
f 8089 8090 8189
f 8090 8190 8189
f 8090 8091 8190
f 8091 8191 8190
f 8091 8092 8191
f 8092 8192 8191
f 8092 8093 8192
f 8093 8193 8192
f 8093 8094 8193
f 8094 8194 8193
f 8094 8095 8194
f 8095 8195 8194
f 8095 8096 8195
f 8096 8196 8195
f 8096 8097 8196
f 8097 8197 8196
f 8097 8098 8197
f 8098 8198 8197
f 8098 8099 8198
f 8099 8199 8198
f 8099 8100 8199
f 8100 8200 8199
f 8101 8102 8201
f 8102 8202 8201
f 8102 8103 8202
f 8103 8203 8202
f 8103 8104 8203
f 8104 8204 8203
f 8104 8105 8204
f 8105 8205 8204
f 8105 8106 8205
f 8106 8206 8205
f 8106 8107 8206
f 8107 8207 8206
f 8107 8108 8207
f 8108 8208 8207
f 8108 8109 8208
f 8109 8209 8208
f 8109 8110 8209
f 8110 8210 8209
f 8110 8111 8210
f 8111 8211 8210
f 8111 8112 8211
f 8112 8212 8211
f 8112 8113 8212
f 8113 8213 8212
f 8113 8114 8213
f 8114 8214 8213
f 8114 8115 8214
f 8115 8215 8214
f 8115 8116 8215
f 8116 8216 8215
f 8116 8117 8216
f 8117 8217 8216
f 8117 8118 8217
f 8118 8218 8217
f 8118 8119 8218
f 8119 8219 8218
f 8119 8120 8219
f 8120 8220 8219
f 8120 8121 8220
f 8121 8221 8220
f 8121 8122 8221
f 8122 8222 8221
f 8122 8123 8222
f 8123 8223 8222
f 8123 8124 8223
f 8124 8224 8223
f 8124 8125 8224
f 8125 8225 8224
f 8125 8126 8225
f 8126 8226 8225
f 8126 8127 8226
f 8127 8227 8226
f 8127 8128 8227
f 8128 8228 8227
f 8128 8129 8228
f 8129 8229 8228
f 8129 8130 8229
f 8130 8230 8229
f 8130 8131 8230
f 8131 8231 8230
f 8131 8132 8231
f 8132 8232 8231
f 8132 8133 8232
f 8133 8233 8232
f 8133 8134 8233
f 8134 8234 8233
f 8134 8135 8234
f 8135 8235 8234
f 8135 8136 8235
f 8136 8236 8235
f 8136 8137 8236
f 8137 8237 8236
f 8137 8138 8237
f 8138 8238 8237
f 8138 8139 8238
f 8139 8239 8238
f 8139 8140 8239
f 8140 8240 8239
f 8140 8141 8240
f 8141 8241 8240
f 8141 8142 8241
f 8142 8242 8241
f 8142 8143 8242
f 8143 8243 8242
f 8143 8144 8243
f 8144 8244 8243
f 8144 8145 8244
f 8145 8245 8244
f 8145 8146 8245
f 8146 8246 8245
f 8146 8147 8246
f 8147 8247 8246
f 8147 8148 8247
f 8148 8248 8247
f 8148 8149 8248
f 8149 8249 8248
f 8149 8150 8249
f 8150 8250 8249
f 8150 8151 8250
f 8151 8251 8250
f 8151 8152 8251
f 8152 8252 8251
f 8152 8153 8252
f 8153 8253 8252
f 8153 8154 8253
f 8154 8254 8253
f 8154 8155 8254
f 8155 8255 8254
f 8155 8156 8255
f 8156 8256 8255
f 8156 8157 8256
f 8157 8257 8256
f 8157 8158 8257
f 8158 8258 8257
f 8158 8159 8258
f 8159 8259 8258
f 8159 8160 8259
f 8160 8260 8259
f 8160 8161 8260
f 8161 8261 8260
f 8161 8162 8261
f 8162 8262 8261
f 8162 8163 8262
f 8163 8263 8262
f 8163 8164 8263
f 8164 8264 8263
f 8164 8165 8264
f 8165 8265 8264
f 8165 8166 8265
f 8166 8266 8265
f 8166 8167 8266
f 8167 8267 8266
f 8167 8168 8267
f 8168 8268 8267
f 8168 8169 8268
f 8169 8269 8268
f 8169 8170 8269
f 8170 8270 8269
f 8170 8171 8270
f 8171 8271 8270
f 8171 8172 8271
f 8172 8272 8271
f 8172 8173 8272
f 8173 8273 8272
f 8173 8174 8273
f 8174 8274 8273
f 8174 8175 8274
f 8175 8275 8274
f 8175 8176 8275
f 8176 8276 8275
f 8176 8177 8276
f 8177 8277 8276
f 8177 8178 8277
f 8178 8278 8277
f 8178 8179 8278
f 8179 8279 8278
f 8179 8180 8279
f 8180 8280 8279
f 8180 8181 8280
f 8181 8281 8280
f 8181 8182 8281
f 8182 8282 8281
f 8182 8183 8282
f 8183 8283 8282
f 8183 8184 8283
f 8184 8284 8283
f 8184 8185 8284
f 8185 8285 8284
f 8185 8186 8285
f 8186 8286 8285
f 8186 8187 8286
f 8187 8287 8286
f 8187 8188 8287
f 8188 8288 8287
f 8188 8189 8288
f 8189 8289 8288
f 8189 8190 8289
f 8190 8290 8289
f 8190 8191 8290
f 8191 8291 8290
f 8191 8192 8291
f 8192 8292 8291
f 8192 8193 8292
f 8193 8293 8292
f 8193 8194 8293
f 8194 8294 8293
f 8194 8195 8294
f 8195 8295 8294
f 8195 8196 8295
f 8196 8296 8295
f 8196 8197 8296
f 8197 8297 8296
f 8197 8198 8297
f 8198 8298 8297
f 8198 8199 8298
f 8199 8299 8298
f 8199 8200 8299
f 8200 8300 8299
f 8201 8202 8301
f 8202 8302 8301
f 8202 8203 8302
f 8203 8303 8302
f 8203 8204 8303
f 8204 8304 8303
f 8204 8205 8304
f 8205 8305 8304
f 8205 8206 8305
f 8206 8306 8305
f 8206 8207 8306
f 8207 8307 8306
f 8207 8208 8307
f 8208 8308 8307
f 8208 8209 8308
f 8209 8309 8308
f 8209 8210 8309
f 8210 8310 8309
f 8210 8211 8310
f 8211 8311 8310
f 8211 8212 8311
f 8212 8312 8311
f 8212 8213 8312
f 8213 8313 8312
f 8213 8214 8313
f 8214 8314 8313
f 8214 8215 8314
f 8215 8315 8314
f 8215 8216 8315
f 8216 8316 8315
f 8216 8217 8316
f 8217 8317 8316
f 8217 8218 8317
f 8218 8318 8317
f 8218 8219 8318
f 8219 8319 8318
f 8219 8220 8319
f 8220 8320 8319
f 8220 8221 8320
f 8221 8321 8320
f 8221 8222 8321
f 8222 8322 8321
f 8222 8223 8322
f 8223 8323 8322
f 8223 8224 8323
f 8224 8324 8323
f 8224 8225 8324
f 8225 8325 8324
f 8225 8226 8325
f 8226 8326 8325
f 8226 8227 8326
f 8227 8327 8326
f 8227 8228 8327
f 8228 8328 8327
f 8228 8229 8328
f 8229 8329 8328
f 8229 8230 8329
f 8230 8330 8329
f 8230 8231 8330
f 8231 8331 8330
f 8231 8232 8331
f 8232 8332 8331
f 8232 8233 8332
f 8233 8333 8332
f 8233 8234 8333
f 8234 8334 8333
f 8234 8235 8334
f 8235 8335 8334
f 8235 8236 8335
f 8236 8336 8335
f 8236 8237 8336
f 8237 8337 8336
f 8237 8238 8337
f 8238 8338 8337
f 8238 8239 8338
f 8239 8339 8338
f 8239 8240 8339
f 8240 8340 8339
f 8240 8241 8340
f 8241 8341 8340
f 8241 8242 8341
f 8242 8342 8341
f 8242 8243 8342
f 8243 8343 8342
f 8243 8244 8343
f 8244 8344 8343
f 8244 8245 8344
f 8245 8345 8344
f 8245 8246 8345
f 8246 8346 8345
f 8246 8247 8346
f 8247 8347 8346
f 8247 8248 8347
f 8248 8348 8347
f 8248 8249 8348
f 8249 8349 8348
f 8249 8250 8349
f 8250 8350 8349
f 8250 8251 8350
f 8251 8351 8350
f 8251 8252 8351
f 8252 8352 8351
f 8252 8253 8352
f 8253 8353 8352
f 8253 8254 8353
f 8254 8354 8353
f 8254 8255 8354
f 8255 8355 8354
f 8255 8256 8355
f 8256 8356 8355
f 8256 8257 8356
f 8257 8357 8356
f 8257 8258 8357
f 8258 8358 8357
f 8258 8259 8358
f 8259 8359 8358
f 8259 8260 8359
f 8260 8360 8359
f 8260 8261 8360
f 8261 8361 8360
f 8261 8262 8361
f 8262 8362 8361
f 8262 8263 8362
f 8263 8363 8362
f 8263 8264 8363
f 8264 8364 8363
f 8264 8265 8364
f 8265 8365 8364
f 8265 8266 8365
f 8266 8366 8365
f 8266 8267 8366
f 8267 8367 8366
f 8267 8268 8367
f 8268 8368 8367
f 8268 8269 8368
f 8269 8369 8368
f 8269 8270 8369
f 8270 8370 8369
f 8270 8271 8370
f 8271 8371 8370
f 8271 8272 8371
f 8272 8372 8371
f 8272 8273 8372
f 8273 8373 8372
f 8273 8274 8373
f 8274 8374 8373
f 8274 8275 8374
f 8275 8375 8374
f 8275 8276 8375
f 8276 8376 8375
f 8276 8277 8376
f 8277 8377 8376
f 8277 8278 8377
f 8278 8378 8377
f 8278 8279 8378
f 8279 8379 8378
f 8279 8280 8379
f 8280 8380 8379
f 8280 8281 8380
f 8281 8381 8380
f 8281 8282 8381
f 8282 8382 8381
f 8282 8283 8382
f 8283 8383 8382
f 8283 8284 8383
f 8284 8384 8383
f 8284 8285 8384
f 8285 8385 8384
f 8285 8286 8385
f 8286 8386 8385
f 8286 8287 8386
f 8287 8387 8386
f 8287 8288 8387
f 8288 8388 8387
f 8288 8289 8388
f 8289 8389 8388
f 8289 8290 8389
f 8290 8390 8389
f 8290 8291 8390
f 8291 8391 8390
f 8291 8292 8391
f 8292 8392 8391
f 8292 8293 8392
f 8293 8393 8392
f 8293 8294 8393
f 8294 8394 8393
f 8294 8295 8394
f 8295 8395 8394
f 8295 8296 8395
f 8296 8396 8395
f 8296 8297 8396
f 8297 8397 8396
f 8297 8298 8397
f 8298 8398 8397
f 8298 8299 8398
f 8299 8399 8398
f 8299 8300 8399
f 8300 8400 8399
f 8301 8302 8401
f 8302 8402 8401
f 8302 8303 8402
f 8303 8403 8402
f 8303 8304 8403
f 8304 8404 8403
f 8304 8305 8404
f 8305 8405 8404
f 8305 8306 8405
f 8306 8406 8405
f 8306 8307 8406
f 8307 8407 8406
f 8307 8308 8407
f 8308 8408 8407
f 8308 8309 8408
f 8309 8409 8408
f 8309 8310 8409
f 8310 8410 8409
f 8310 8311 8410
f 8311 8411 8410
f 8311 8312 8411
f 8312 8412 8411
f 8312 8313 8412
f 8313 8413 8412
f 8313 8314 8413
f 8314 8414 8413
f 8314 8315 8414
f 8315 8415 8414
f 8315 8316 8415
f 8316 8416 8415
f 8316 8317 8416
f 8317 8417 8416
f 8317 8318 8417
f 8318 8418 8417
f 8318 8319 8418
f 8319 8419 8418
f 8319 8320 8419
f 8320 8420 8419
f 8320 8321 8420
f 8321 8421 8420
f 8321 8322 8421
f 8322 8422 8421
f 8322 8323 8422
f 8323 8423 8422
f 8323 8324 8423
f 8324 8424 8423
f 8324 8325 8424
f 8325 8425 8424
f 8325 8326 8425
f 8326 8426 8425
f 8326 8327 8426
f 8327 8427 8426
f 8327 8328 8427
f 8328 8428 8427
f 8328 8329 8428
f 8329 8429 8428
f 8329 8330 8429
f 8330 8430 8429
f 8330 8331 8430
f 8331 8431 8430
f 8331 8332 8431
f 8332 8432 8431
f 8332 8333 8432
f 8333 8433 8432
f 8333 8334 8433
f 8334 8434 8433
f 8334 8335 8434
f 8335 8435 8434
f 8335 8336 8435
f 8336 8436 8435
f 8336 8337 8436
f 8337 8437 8436
f 8337 8338 8437
f 8338 8438 8437
f 8338 8339 8438
f 8339 8439 8438
f 8339 8340 8439
f 8340 8440 8439
f 8340 8341 8440
f 8341 8441 8440
f 8341 8342 8441
f 8342 8442 8441
f 8342 8343 8442
f 8343 8443 8442
f 8343 8344 8443
f 8344 8444 8443
f 8344 8345 8444
f 8345 8445 8444
f 8345 8346 8445
f 8346 8446 8445
f 8346 8347 8446
f 8347 8447 8446
f 8347 8348 8447
f 8348 8448 8447
f 8348 8349 8448
f 8349 8449 8448
f 8349 8350 8449
f 8350 8450 8449
f 8350 8351 8450
f 8351 8451 8450
f 8351 8352 8451
f 8352 8452 8451
f 8352 8353 8452
f 8353 8453 8452
f 8353 8354 8453
f 8354 8454 8453
f 8354 8355 8454
f 8355 8455 8454
f 8355 8356 8455
f 8356 8456 8455
f 8356 8357 8456
f 8357 8457 8456
f 8357 8358 8457
f 8358 8458 8457
f 8358 8359 8458
f 8359 8459 8458
f 8359 8360 8459
f 8360 8460 8459
f 8360 8361 8460
f 8361 8461 8460
f 8361 8362 8461
f 8362 8462 8461
f 8362 8363 8462
f 8363 8463 8462
f 8363 8364 8463
f 8364 8464 8463
f 8364 8365 8464
f 8365 8465 8464
f 8365 8366 8465
f 8366 8466 8465
f 8366 8367 8466
f 8367 8467 8466
f 8367 8368 8467
f 8368 8468 8467
f 8368 8369 8468
f 8369 8469 8468
f 8369 8370 8469
f 8370 8470 8469
f 8370 8371 8470
f 8371 8471 8470
f 8371 8372 8471
f 8372 8472 8471
f 8372 8373 8472
f 8373 8473 8472
f 8373 8374 8473
f 8374 8474 8473
f 8374 8375 8474
f 8375 8475 8474
f 8375 8376 8475
f 8376 8476 8475
f 8376 8377 8476
f 8377 8477 8476
f 8377 8378 8477
f 8378 8478 8477
f 8378 8379 8478
f 8379 8479 8478
f 8379 8380 8479
f 8380 8480 8479
f 8380 8381 8480
f 8381 8481 8480
f 8381 8382 8481
f 8382 8482 8481
f 8382 8383 8482
f 8383 8483 8482
f 8383 8384 8483
f 8384 8484 8483
f 8384 8385 8484
f 8385 8485 8484
f 8385 8386 8485
f 8386 8486 8485
f 8386 8387 8486
f 8387 8487 8486
f 8387 8388 8487
f 8388 8488 8487
f 8388 8389 8488
f 8389 8489 8488
f 8389 8390 8489
f 8390 8490 8489
f 8390 8391 8490
f 8391 8491 8490
f 8391 8392 8491
f 8392 8492 8491
f 8392 8393 8492
f 8393 8493 8492
f 8393 8394 8493
f 8394 8494 8493
f 8394 8395 8494
f 8395 8495 8494
f 8395 8396 8495
f 8396 8496 8495
f 8396 8397 8496
f 8397 8497 8496
f 8397 8398 8497
f 8398 8498 8497
f 8398 8399 8498
f 8399 8499 8498
f 8399 8400 8499
f 8400 8500 8499
f 8401 8402 8501
f 8402 8502 8501
f 8402 8403 8502
f 8403 8503 8502
f 8403 8404 8503
f 8404 8504 8503
f 8404 8405 8504
f 8405 8505 8504
f 8405 8406 8505
f 8406 8506 8505
f 8406 8407 8506
f 8407 8507 8506
f 8407 8408 8507
f 8408 8508 8507
f 8408 8409 8508
f 8409 8509 8508
f 8409 8410 8509
f 8410 8510 8509
f 8410 8411 8510
f 8411 8511 8510
f 8411 8412 8511
f 8412 8512 8511
f 8412 8413 8512
f 8413 8513 8512
f 8413 8414 8513
f 8414 8514 8513
f 8414 8415 8514
f 8415 8515 8514
f 8415 8416 8515
f 8416 8516 8515
f 8416 8417 8516
f 8417 8517 8516
f 8417 8418 8517
f 8418 8518 8517
f 8418 8419 8518
f 8419 8519 8518
f 8419 8420 8519
f 8420 8520 8519
f 8420 8421 8520
f 8421 8521 8520
f 8421 8422 8521
f 8422 8522 8521
f 8422 8423 8522
f 8423 8523 8522
f 8423 8424 8523
f 8424 8524 8523
f 8424 8425 8524
f 8425 8525 8524
f 8425 8426 8525
f 8426 8526 8525
f 8426 8427 8526
f 8427 8527 8526
f 8427 8428 8527
f 8428 8528 8527
f 8428 8429 8528
f 8429 8529 8528
f 8429 8430 8529
f 8430 8530 8529
f 8430 8431 8530
f 8431 8531 8530
f 8431 8432 8531
f 8432 8532 8531
f 8432 8433 8532
f 8433 8533 8532
f 8433 8434 8533
f 8434 8534 8533
f 8434 8435 8534
f 8435 8535 8534
f 8435 8436 8535
f 8436 8536 8535
f 8436 8437 8536
f 8437 8537 8536
f 8437 8438 8537
f 8438 8538 8537
f 8438 8439 8538
f 8439 8539 8538
f 8439 8440 8539
f 8440 8540 8539
f 8440 8441 8540
f 8441 8541 8540
f 8441 8442 8541
f 8442 8542 8541
f 8442 8443 8542
f 8443 8543 8542
f 8443 8444 8543
f 8444 8544 8543
f 8444 8445 8544
f 8445 8545 8544
f 8445 8446 8545
f 8446 8546 8545
f 8446 8447 8546
f 8447 8547 8546
f 8447 8448 8547
f 8448 8548 8547
f 8448 8449 8548
f 8449 8549 8548
f 8449 8450 8549
f 8450 8550 8549
f 8450 8451 8550
f 8451 8551 8550
f 8451 8452 8551
f 8452 8552 8551
f 8452 8453 8552
f 8453 8553 8552
f 8453 8454 8553
f 8454 8554 8553
f 8454 8455 8554
f 8455 8555 8554
f 8455 8456 8555
f 8456 8556 8555
f 8456 8457 8556
f 8457 8557 8556
f 8457 8458 8557
f 8458 8558 8557
f 8458 8459 8558
f 8459 8559 8558
f 8459 8460 8559
f 8460 8560 8559
f 8460 8461 8560
f 8461 8561 8560
f 8461 8462 8561
f 8462 8562 8561
f 8462 8463 8562
f 8463 8563 8562
f 8463 8464 8563
f 8464 8564 8563
f 8464 8465 8564
f 8465 8565 8564
f 8465 8466 8565
f 8466 8566 8565
f 8466 8467 8566
f 8467 8567 8566
f 8467 8468 8567
f 8468 8568 8567
f 8468 8469 8568
f 8469 8569 8568
f 8469 8470 8569
f 8470 8570 8569
f 8470 8471 8570
f 8471 8571 8570
f 8471 8472 8571
f 8472 8572 8571
f 8472 8473 8572
f 8473 8573 8572
f 8473 8474 8573
f 8474 8574 8573
f 8474 8475 8574
f 8475 8575 8574
f 8475 8476 8575
f 8476 8576 8575
f 8476 8477 8576
f 8477 8577 8576
f 8477 8478 8577
f 8478 8578 8577
f 8478 8479 8578
f 8479 8579 8578
f 8479 8480 8579
f 8480 8580 8579
f 8480 8481 8580
f 8481 8581 8580
f 8481 8482 8581
f 8482 8582 8581
f 8482 8483 8582
f 8483 8583 8582
f 8483 8484 8583
f 8484 8584 8583
f 8484 8485 8584
f 8485 8585 8584
f 8485 8486 8585
f 8486 8586 8585
f 8486 8487 8586
f 8487 8587 8586
f 8487 8488 8587
f 8488 8588 8587
f 8488 8489 8588
f 8489 8589 8588
f 8489 8490 8589
f 8490 8590 8589
f 8490 8491 8590
f 8491 8591 8590
f 8491 8492 8591
f 8492 8592 8591
f 8492 8493 8592
f 8493 8593 8592
f 8493 8494 8593
f 8494 8594 8593
f 8494 8495 8594
f 8495 8595 8594
f 8495 8496 8595
f 8496 8596 8595
f 8496 8497 8596
f 8497 8597 8596
f 8497 8498 8597
f 8498 8598 8597
f 8498 8499 8598
f 8499 8599 8598
f 8499 8500 8599
f 8500 8600 8599
f 8501 8502 8601
f 8502 8602 8601
f 8502 8503 8602
f 8503 8603 8602
f 8503 8504 8603
f 8504 8604 8603
f 8504 8505 8604
f 8505 8605 8604
f 8505 8506 8605
f 8506 8606 8605
f 8506 8507 8606
f 8507 8607 8606
f 8507 8508 8607
f 8508 8608 8607
f 8508 8509 8608
f 8509 8609 8608
f 8509 8510 8609
f 8510 8610 8609
f 8510 8511 8610
f 8511 8611 8610
f 8511 8512 8611
f 8512 8612 8611
f 8512 8513 8612
f 8513 8613 8612
f 8513 8514 8613
f 8514 8614 8613
f 8514 8515 8614
f 8515 8615 8614
f 8515 8516 8615
f 8516 8616 8615
f 8516 8517 8616
f 8517 8617 8616
f 8517 8518 8617
f 8518 8618 8617
f 8518 8519 8618
f 8519 8619 8618
f 8519 8520 8619
f 8520 8620 8619
f 8520 8521 8620
f 8521 8621 8620
f 8521 8522 8621
f 8522 8622 8621
f 8522 8523 8622
f 8523 8623 8622
f 8523 8524 8623
f 8524 8624 8623
f 8524 8525 8624
f 8525 8625 8624
f 8525 8526 8625
f 8526 8626 8625
f 8526 8527 8626
f 8527 8627 8626
f 8527 8528 8627
f 8528 8628 8627
f 8528 8529 8628
f 8529 8629 8628
f 8529 8530 8629
f 8530 8630 8629
f 8530 8531 8630
f 8531 8631 8630
f 8531 8532 8631
f 8532 8632 8631
f 8532 8533 8632
f 8533 8633 8632
f 8533 8534 8633
f 8534 8634 8633
f 8534 8535 8634
f 8535 8635 8634
f 8535 8536 8635
f 8536 8636 8635
f 8536 8537 8636
f 8537 8637 8636
f 8537 8538 8637
f 8538 8638 8637
f 8538 8539 8638
f 8539 8639 8638
f 8539 8540 8639
f 8540 8640 8639
f 8540 8541 8640
f 8541 8641 8640
f 8541 8542 8641
f 8542 8642 8641
f 8542 8543 8642
f 8543 8643 8642
f 8543 8544 8643
f 8544 8644 8643
f 8544 8545 8644
f 8545 8645 8644
f 8545 8546 8645
f 8546 8646 8645
f 8546 8547 8646
f 8547 8647 8646
f 8547 8548 8647
f 8548 8648 8647
f 8548 8549 8648
f 8549 8649 8648
f 8549 8550 8649
f 8550 8650 8649
f 8550 8551 8650
f 8551 8651 8650
f 8551 8552 8651
f 8552 8652 8651
f 8552 8553 8652
f 8553 8653 8652
f 8553 8554 8653
f 8554 8654 8653
f 8554 8555 8654
f 8555 8655 8654
f 8555 8556 8655
f 8556 8656 8655
f 8556 8557 8656
f 8557 8657 8656
f 8557 8558 8657
f 8558 8658 8657
f 8558 8559 8658
f 8559 8659 8658
f 8559 8560 8659
f 8560 8660 8659
f 8560 8561 8660
f 8561 8661 8660
f 8561 8562 8661
f 8562 8662 8661
f 8562 8563 8662
f 8563 8663 8662
f 8563 8564 8663
f 8564 8664 8663
f 8564 8565 8664
f 8565 8665 8664
f 8565 8566 8665
f 8566 8666 8665
f 8566 8567 8666
f 8567 8667 8666
f 8567 8568 8667
f 8568 8668 8667
f 8568 8569 8668
f 8569 8669 8668
f 8569 8570 8669
f 8570 8670 8669
f 8570 8571 8670
f 8571 8671 8670
f 8571 8572 8671
f 8572 8672 8671
f 8572 8573 8672
f 8573 8673 8672
f 8573 8574 8673
f 8574 8674 8673
f 8574 8575 8674
f 8575 8675 8674
f 8575 8576 8675
f 8576 8676 8675
f 8576 8577 8676
f 8577 8677 8676
f 8577 8578 8677
f 8578 8678 8677
f 8578 8579 8678
f 8579 8679 8678
f 8579 8580 8679
f 8580 8680 8679
f 8580 8581 8680
f 8581 8681 8680
f 8581 8582 8681
f 8582 8682 8681
f 8582 8583 8682
f 8583 8683 8682
f 8583 8584 8683
f 8584 8684 8683
f 8584 8585 8684
f 8585 8685 8684
f 8585 8586 8685
f 8586 8686 8685
f 8586 8587 8686
f 8587 8687 8686
f 8587 8588 8687
f 8588 8688 8687
f 8588 8589 8688
f 8589 8689 8688
f 8589 8590 8689
f 8590 8690 8689
f 8590 8591 8690
f 8591 8691 8690
f 8591 8592 8691
f 8592 8692 8691
f 8592 8593 8692
f 8593 8693 8692
f 8593 8594 8693
f 8594 8694 8693
f 8594 8595 8694
f 8595 8695 8694
f 8595 8596 8695
f 8596 8696 8695
f 8596 8597 8696
f 8597 8697 8696
f 8597 8598 8697
f 8598 8698 8697
f 8598 8599 8698
f 8599 8699 8698
f 8599 8600 8699
f 8600 8700 8699
f 8601 8602 8701
f 8602 8702 8701
f 8602 8603 8702
f 8603 8703 8702
f 8603 8604 8703
f 8604 8704 8703
f 8604 8605 8704
f 8605 8705 8704
f 8605 8606 8705
f 8606 8706 8705
f 8606 8607 8706
f 8607 8707 8706
f 8607 8608 8707
f 8608 8708 8707
f 8608 8609 8708
f 8609 8709 8708
f 8609 8610 8709
f 8610 8710 8709
f 8610 8611 8710
f 8611 8711 8710
f 8611 8612 8711
f 8612 8712 8711
f 8612 8613 8712
f 8613 8713 8712
f 8613 8614 8713
f 8614 8714 8713
f 8614 8615 8714
f 8615 8715 8714
f 8615 8616 8715
f 8616 8716 8715
f 8616 8617 8716
f 8617 8717 8716
f 8617 8618 8717
f 8618 8718 8717
f 8618 8619 8718
f 8619 8719 8718
f 8619 8620 8719
f 8620 8720 8719
f 8620 8621 8720
f 8621 8721 8720
f 8621 8622 8721
f 8622 8722 8721
f 8622 8623 8722
f 8623 8723 8722
f 8623 8624 8723
f 8624 8724 8723
f 8624 8625 8724
f 8625 8725 8724
f 8625 8626 8725
f 8626 8726 8725
f 8626 8627 8726
f 8627 8727 8726
f 8627 8628 8727
f 8628 8728 8727
f 8628 8629 8728
f 8629 8729 8728
f 8629 8630 8729
f 8630 8730 8729
f 8630 8631 8730
f 8631 8731 8730
f 8631 8632 8731
f 8632 8732 8731
f 8632 8633 8732
f 8633 8733 8732
f 8633 8634 8733
f 8634 8734 8733
f 8634 8635 8734
f 8635 8735 8734
f 8635 8636 8735
f 8636 8736 8735
f 8636 8637 8736
f 8637 8737 8736
f 8637 8638 8737
f 8638 8738 8737
f 8638 8639 8738
f 8639 8739 8738
f 8639 8640 8739
f 8640 8740 8739
f 8640 8641 8740
f 8641 8741 8740
f 8641 8642 8741
f 8642 8742 8741
f 8642 8643 8742
f 8643 8743 8742
f 8643 8644 8743
f 8644 8744 8743
f 8644 8645 8744
f 8645 8745 8744
f 8645 8646 8745
f 8646 8746 8745
f 8646 8647 8746
f 8647 8747 8746
f 8647 8648 8747
f 8648 8748 8747
f 8648 8649 8748
f 8649 8749 8748
f 8649 8650 8749
f 8650 8750 8749
f 8650 8651 8750
f 8651 8751 8750
f 8651 8652 8751
f 8652 8752 8751
f 8652 8653 8752
f 8653 8753 8752
f 8653 8654 8753
f 8654 8754 8753
f 8654 8655 8754
f 8655 8755 8754
f 8655 8656 8755
f 8656 8756 8755
f 8656 8657 8756
f 8657 8757 8756
f 8657 8658 8757
f 8658 8758 8757
f 8658 8659 8758
f 8659 8759 8758
f 8659 8660 8759
f 8660 8760 8759
f 8660 8661 8760
f 8661 8761 8760
f 8661 8662 8761
f 8662 8762 8761
f 8662 8663 8762
f 8663 8763 8762
f 8663 8664 8763
f 8664 8764 8763
f 8664 8665 8764
f 8665 8765 8764
f 8665 8666 8765
f 8666 8766 8765
f 8666 8667 8766
f 8667 8767 8766
f 8667 8668 8767
f 8668 8768 8767
f 8668 8669 8768
f 8669 8769 8768
f 8669 8670 8769
f 8670 8770 8769
f 8670 8671 8770
f 8671 8771 8770
f 8671 8672 8771
f 8672 8772 8771
f 8672 8673 8772
f 8673 8773 8772
f 8673 8674 8773
f 8674 8774 8773
f 8674 8675 8774
f 8675 8775 8774
f 8675 8676 8775
f 8676 8776 8775
f 8676 8677 8776
f 8677 8777 8776
f 8677 8678 8777
f 8678 8778 8777
f 8678 8679 8778
f 8679 8779 8778
f 8679 8680 8779
f 8680 8780 8779
f 8680 8681 8780
f 8681 8781 8780
f 8681 8682 8781
f 8682 8782 8781
f 8682 8683 8782
f 8683 8783 8782
f 8683 8684 8783
f 8684 8784 8783
f 8684 8685 8784
f 8685 8785 8784
f 8685 8686 8785
f 8686 8786 8785
f 8686 8687 8786
f 8687 8787 8786
f 8687 8688 8787
f 8688 8788 8787
f 8688 8689 8788
f 8689 8789 8788
f 8689 8690 8789
f 8690 8790 8789
f 8690 8691 8790
f 8691 8791 8790
f 8691 8692 8791
f 8692 8792 8791
f 8692 8693 8792
f 8693 8793 8792
f 8693 8694 8793
f 8694 8794 8793
f 8694 8695 8794
f 8695 8795 8794
f 8695 8696 8795
f 8696 8796 8795
f 8696 8697 8796
f 8697 8797 8796
f 8697 8698 8797
f 8698 8798 8797
f 8698 8699 8798
f 8699 8799 8798
f 8699 8700 8799
f 8700 8800 8799
f 8701 8702 8801
f 8702 8802 8801
f 8702 8703 8802
f 8703 8803 8802
f 8703 8704 8803
f 8704 8804 8803
f 8704 8705 8804
f 8705 8805 8804
f 8705 8706 8805
f 8706 8806 8805
f 8706 8707 8806
f 8707 8807 8806
f 8707 8708 8807
f 8708 8808 8807
f 8708 8709 8808
f 8709 8809 8808
f 8709 8710 8809
f 8710 8810 8809
f 8710 8711 8810
f 8711 8811 8810
f 8711 8712 8811
f 8712 8812 8811
f 8712 8713 8812
f 8713 8813 8812
f 8713 8714 8813
f 8714 8814 8813
f 8714 8715 8814
f 8715 8815 8814
f 8715 8716 8815
f 8716 8816 8815
f 8716 8717 8816
f 8717 8817 8816
f 8717 8718 8817
f 8718 8818 8817
f 8718 8719 8818
f 8719 8819 8818
f 8719 8720 8819
f 8720 8820 8819
f 8720 8721 8820
f 8721 8821 8820
f 8721 8722 8821
f 8722 8822 8821
f 8722 8723 8822
f 8723 8823 8822
f 8723 8724 8823
f 8724 8824 8823
f 8724 8725 8824
f 8725 8825 8824
f 8725 8726 8825
f 8726 8826 8825
f 8726 8727 8826
f 8727 8827 8826
f 8727 8728 8827
f 8728 8828 8827
f 8728 8729 8828
f 8729 8829 8828
f 8729 8730 8829
f 8730 8830 8829
f 8730 8731 8830
f 8731 8831 8830
f 8731 8732 8831
f 8732 8832 8831
f 8732 8733 8832
f 8733 8833 8832
f 8733 8734 8833
f 8734 8834 8833
f 8734 8735 8834
f 8735 8835 8834
f 8735 8736 8835
f 8736 8836 8835
f 8736 8737 8836
f 8737 8837 8836
f 8737 8738 8837
f 8738 8838 8837
f 8738 8739 8838
f 8739 8839 8838
f 8739 8740 8839
f 8740 8840 8839
f 8740 8741 8840
f 8741 8841 8840
f 8741 8742 8841
f 8742 8842 8841
f 8742 8743 8842
f 8743 8843 8842
f 8743 8744 8843
f 8744 8844 8843
f 8744 8745 8844
f 8745 8845 8844
f 8745 8746 8845
f 8746 8846 8845
f 8746 8747 8846
f 8747 8847 8846
f 8747 8748 8847
f 8748 8848 8847
f 8748 8749 8848
f 8749 8849 8848
f 8749 8750 8849
f 8750 8850 8849
f 8750 8751 8850
f 8751 8851 8850
f 8751 8752 8851
f 8752 8852 8851
f 8752 8753 8852
f 8753 8853 8852
f 8753 8754 8853
f 8754 8854 8853
f 8754 8755 8854
f 8755 8855 8854
f 8755 8756 8855
f 8756 8856 8855
f 8756 8757 8856
f 8757 8857 8856
f 8757 8758 8857
f 8758 8858 8857
f 8758 8759 8858
f 8759 8859 8858
f 8759 8760 8859
f 8760 8860 8859
f 8760 8761 8860
f 8761 8861 8860
f 8761 8762 8861
f 8762 8862 8861
f 8762 8763 8862
f 8763 8863 8862
f 8763 8764 8863
f 8764 8864 8863
f 8764 8765 8864
f 8765 8865 8864
f 8765 8766 8865
f 8766 8866 8865
f 8766 8767 8866
f 8767 8867 8866
f 8767 8768 8867
f 8768 8868 8867
f 8768 8769 8868
f 8769 8869 8868
f 8769 8770 8869
f 8770 8870 8869
f 8770 8771 8870
f 8771 8871 8870
f 8771 8772 8871
f 8772 8872 8871
f 8772 8773 8872
f 8773 8873 8872
f 8773 8774 8873
f 8774 8874 8873
f 8774 8775 8874
f 8775 8875 8874
f 8775 8776 8875
f 8776 8876 8875
f 8776 8777 8876
f 8777 8877 8876
f 8777 8778 8877
f 8778 8878 8877
f 8778 8779 8878
f 8779 8879 8878
f 8779 8780 8879
f 8780 8880 8879
f 8780 8781 8880
f 8781 8881 8880
f 8781 8782 8881
f 8782 8882 8881
f 8782 8783 8882
f 8783 8883 8882
f 8783 8784 8883
f 8784 8884 8883
f 8784 8785 8884
f 8785 8885 8884
f 8785 8786 8885
f 8786 8886 8885
f 8786 8787 8886
f 8787 8887 8886
f 8787 8788 8887
f 8788 8888 8887
f 8788 8789 8888
f 8789 8889 8888
f 8789 8790 8889
f 8790 8890 8889
f 8790 8791 8890
f 8791 8891 8890
f 8791 8792 8891
f 8792 8892 8891
f 8792 8793 8892
f 8793 8893 8892
f 8793 8794 8893
f 8794 8894 8893
f 8794 8795 8894
f 8795 8895 8894
f 8795 8796 8895
f 8796 8896 8895
f 8796 8797 8896
f 8797 8897 8896
f 8797 8798 8897
f 8798 8898 8897
f 8798 8799 8898
f 8799 8899 8898
f 8799 8800 8899
f 8800 8900 8899
f 8801 8802 8901
f 8802 8902 8901
f 8802 8803 8902
f 8803 8903 8902
f 8803 8804 8903
f 8804 8904 8903
f 8804 8805 8904
f 8805 8905 8904
f 8805 8806 8905
f 8806 8906 8905
f 8806 8807 8906
f 8807 8907 8906
f 8807 8808 8907
f 8808 8908 8907
f 8808 8809 8908
f 8809 8909 8908
f 8809 8810 8909
f 8810 8910 8909
f 8810 8811 8910
f 8811 8911 8910
f 8811 8812 8911
f 8812 8912 8911
f 8812 8813 8912
f 8813 8913 8912
f 8813 8814 8913
f 8814 8914 8913
f 8814 8815 8914
f 8815 8915 8914
f 8815 8816 8915
f 8816 8916 8915
f 8816 8817 8916
f 8817 8917 8916
f 8817 8818 8917
f 8818 8918 8917
f 8818 8819 8918
f 8819 8919 8918
f 8819 8820 8919
f 8820 8920 8919
f 8820 8821 8920
f 8821 8921 8920
f 8821 8822 8921
f 8822 8922 8921
f 8822 8823 8922
f 8823 8923 8922
f 8823 8824 8923
f 8824 8924 8923
f 8824 8825 8924
f 8825 8925 8924
f 8825 8826 8925
f 8826 8926 8925
f 8826 8827 8926
f 8827 8927 8926
f 8827 8828 8927
f 8828 8928 8927
f 8828 8829 8928
f 8829 8929 8928
f 8829 8830 8929
f 8830 8930 8929
f 8830 8831 8930
f 8831 8931 8930
f 8831 8832 8931
f 8832 8932 8931
f 8832 8833 8932
f 8833 8933 8932
f 8833 8834 8933
f 8834 8934 8933
f 8834 8835 8934
f 8835 8935 8934
f 8835 8836 8935
f 8836 8936 8935
f 8836 8837 8936
f 8837 8937 8936
f 8837 8838 8937
f 8838 8938 8937
f 8838 8839 8938
f 8839 8939 8938
f 8839 8840 8939
f 8840 8940 8939
f 8840 8841 8940
f 8841 8941 8940
f 8841 8842 8941
f 8842 8942 8941
f 8842 8843 8942
f 8843 8943 8942
f 8843 8844 8943
f 8844 8944 8943
f 8844 8845 8944
f 8845 8945 8944
f 8845 8846 8945
f 8846 8946 8945
f 8846 8847 8946
f 8847 8947 8946
f 8847 8848 8947
f 8848 8948 8947
f 8848 8849 8948
f 8849 8949 8948
f 8849 8850 8949
f 8850 8950 8949
f 8850 8851 8950
f 8851 8951 8950
f 8851 8852 8951
f 8852 8952 8951
f 8852 8853 8952
f 8853 8953 8952
f 8853 8854 8953
f 8854 8954 8953
f 8854 8855 8954
f 8855 8955 8954
f 8855 8856 8955
f 8856 8956 8955
f 8856 8857 8956
f 8857 8957 8956
f 8857 8858 8957
f 8858 8958 8957
f 8858 8859 8958
f 8859 8959 8958
f 8859 8860 8959
f 8860 8960 8959
f 8860 8861 8960
f 8861 8961 8960
f 8861 8862 8961
f 8862 8962 8961
f 8862 8863 8962
f 8863 8963 8962
f 8863 8864 8963
f 8864 8964 8963
f 8864 8865 8964
f 8865 8965 8964
f 8865 8866 8965
f 8866 8966 8965
f 8866 8867 8966
f 8867 8967 8966
f 8867 8868 8967
f 8868 8968 8967
f 8868 8869 8968
f 8869 8969 8968
f 8869 8870 8969
f 8870 8970 8969
f 8870 8871 8970
f 8871 8971 8970
f 8871 8872 8971
f 8872 8972 8971
f 8872 8873 8972
f 8873 8973 8972
f 8873 8874 8973
f 8874 8974 8973
f 8874 8875 8974
f 8875 8975 8974
f 8875 8876 8975
f 8876 8976 8975
f 8876 8877 8976
f 8877 8977 8976
f 8877 8878 8977
f 8878 8978 8977
f 8878 8879 8978
f 8879 8979 8978
f 8879 8880 8979
f 8880 8980 8979
f 8880 8881 8980
f 8881 8981 8980
f 8881 8882 8981
f 8882 8982 8981
f 8882 8883 8982
f 8883 8983 8982
f 8883 8884 8983
f 8884 8984 8983
f 8884 8885 8984
f 8885 8985 8984
f 8885 8886 8985
f 8886 8986 8985
f 8886 8887 8986
f 8887 8987 8986
f 8887 8888 8987
f 8888 8988 8987
f 8888 8889 8988
f 8889 8989 8988
f 8889 8890 8989
f 8890 8990 8989
f 8890 8891 8990
f 8891 8991 8990
f 8891 8892 8991
f 8892 8992 8991
f 8892 8893 8992
f 8893 8993 8992
f 8893 8894 8993
f 8894 8994 8993
f 8894 8895 8994
f 8895 8995 8994
f 8895 8896 8995
f 8896 8996 8995
f 8896 8897 8996
f 8897 8997 8996
f 8897 8898 8997
f 8898 8998 8997
f 8898 8899 8998
f 8899 8999 8998
f 8899 8900 8999
f 8900 9000 8999
f 8901 8902 9001
f 8902 9002 9001
f 8902 8903 9002
f 8903 9003 9002
f 8903 8904 9003
f 8904 9004 9003
f 8904 8905 9004
f 8905 9005 9004
f 8905 8906 9005
f 8906 9006 9005
f 8906 8907 9006
f 8907 9007 9006
f 8907 8908 9007
f 8908 9008 9007
f 8908 8909 9008
f 8909 9009 9008
f 8909 8910 9009
f 8910 9010 9009
f 8910 8911 9010
f 8911 9011 9010
f 8911 8912 9011
f 8912 9012 9011
f 8912 8913 9012
f 8913 9013 9012
f 8913 8914 9013
f 8914 9014 9013
f 8914 8915 9014
f 8915 9015 9014
f 8915 8916 9015
f 8916 9016 9015
f 8916 8917 9016
f 8917 9017 9016
f 8917 8918 9017
f 8918 9018 9017
f 8918 8919 9018
f 8919 9019 9018
f 8919 8920 9019
f 8920 9020 9019
f 8920 8921 9020
f 8921 9021 9020
f 8921 8922 9021
f 8922 9022 9021
f 8922 8923 9022
f 8923 9023 9022
f 8923 8924 9023
f 8924 9024 9023
f 8924 8925 9024
f 8925 9025 9024
f 8925 8926 9025
f 8926 9026 9025
f 8926 8927 9026
f 8927 9027 9026
f 8927 8928 9027
f 8928 9028 9027
f 8928 8929 9028
f 8929 9029 9028
f 8929 8930 9029
f 8930 9030 9029
f 8930 8931 9030
f 8931 9031 9030
f 8931 8932 9031
f 8932 9032 9031
f 8932 8933 9032
f 8933 9033 9032
f 8933 8934 9033
f 8934 9034 9033
f 8934 8935 9034
f 8935 9035 9034
f 8935 8936 9035
f 8936 9036 9035
f 8936 8937 9036
f 8937 9037 9036
f 8937 8938 9037
f 8938 9038 9037
f 8938 8939 9038
f 8939 9039 9038
f 8939 8940 9039
f 8940 9040 9039
f 8940 8941 9040
f 8941 9041 9040
f 8941 8942 9041
f 8942 9042 9041
f 8942 8943 9042
f 8943 9043 9042
f 8943 8944 9043
f 8944 9044 9043
f 8944 8945 9044
f 8945 9045 9044
f 8945 8946 9045
f 8946 9046 9045
f 8946 8947 9046
f 8947 9047 9046
f 8947 8948 9047
f 8948 9048 9047
f 8948 8949 9048
f 8949 9049 9048
f 8949 8950 9049
f 8950 9050 9049
f 8950 8951 9050
f 8951 9051 9050
f 8951 8952 9051
f 8952 9052 9051
f 8952 8953 9052
f 8953 9053 9052
f 8953 8954 9053
f 8954 9054 9053
f 8954 8955 9054
f 8955 9055 9054
f 8955 8956 9055
f 8956 9056 9055
f 8956 8957 9056
f 8957 9057 9056
f 8957 8958 9057
f 8958 9058 9057
f 8958 8959 9058
f 8959 9059 9058
f 8959 8960 9059
f 8960 9060 9059
f 8960 8961 9060
f 8961 9061 9060
f 8961 8962 9061
f 8962 9062 9061
f 8962 8963 9062
f 8963 9063 9062
f 8963 8964 9063
f 8964 9064 9063
f 8964 8965 9064
f 8965 9065 9064
f 8965 8966 9065
f 8966 9066 9065
f 8966 8967 9066
f 8967 9067 9066
f 8967 8968 9067
f 8968 9068 9067
f 8968 8969 9068
f 8969 9069 9068
f 8969 8970 9069
f 8970 9070 9069
f 8970 8971 9070
f 8971 9071 9070
f 8971 8972 9071
f 8972 9072 9071
f 8972 8973 9072
f 8973 9073 9072
f 8973 8974 9073
f 8974 9074 9073
f 8974 8975 9074
f 8975 9075 9074
f 8975 8976 9075
f 8976 9076 9075
f 8976 8977 9076
f 8977 9077 9076
f 8977 8978 9077
f 8978 9078 9077
f 8978 8979 9078
f 8979 9079 9078
f 8979 8980 9079
f 8980 9080 9079
f 8980 8981 9080
f 8981 9081 9080
f 8981 8982 9081
f 8982 9082 9081
f 8982 8983 9082
f 8983 9083 9082
f 8983 8984 9083
f 8984 9084 9083
f 8984 8985 9084
f 8985 9085 9084
f 8985 8986 9085
f 8986 9086 9085
f 8986 8987 9086
f 8987 9087 9086
f 8987 8988 9087
f 8988 9088 9087
f 8988 8989 9088
f 8989 9089 9088
f 8989 8990 9089
f 8990 9090 9089
f 8990 8991 9090
f 8991 9091 9090
f 8991 8992 9091
f 8992 9092 9091
f 8992 8993 9092
f 8993 9093 9092
f 8993 8994 9093
f 8994 9094 9093
f 8994 8995 9094
f 8995 9095 9094
f 8995 8996 9095
f 8996 9096 9095
f 8996 8997 9096
f 8997 9097 9096
f 8997 8998 9097
f 8998 9098 9097
f 8998 8999 9098
f 8999 9099 9098
f 8999 9000 9099
f 9000 9100 9099
f 9001 9002 9101
f 9002 9102 9101
f 9002 9003 9102
f 9003 9103 9102
f 9003 9004 9103
f 9004 9104 9103
f 9004 9005 9104
f 9005 9105 9104
f 9005 9006 9105
f 9006 9106 9105
f 9006 9007 9106
f 9007 9107 9106
f 9007 9008 9107
f 9008 9108 9107
f 9008 9009 9108
f 9009 9109 9108
f 9009 9010 9109
f 9010 9110 9109
f 9010 9011 9110
f 9011 9111 9110
f 9011 9012 9111
f 9012 9112 9111
f 9012 9013 9112
f 9013 9113 9112
f 9013 9014 9113
f 9014 9114 9113
f 9014 9015 9114
f 9015 9115 9114
f 9015 9016 9115
f 9016 9116 9115
f 9016 9017 9116
f 9017 9117 9116
f 9017 9018 9117
f 9018 9118 9117
f 9018 9019 9118
f 9019 9119 9118
f 9019 9020 9119
f 9020 9120 9119
f 9020 9021 9120
f 9021 9121 9120
f 9021 9022 9121
f 9022 9122 9121
f 9022 9023 9122
f 9023 9123 9122
f 9023 9024 9123
f 9024 9124 9123
f 9024 9025 9124
f 9025 9125 9124
f 9025 9026 9125
f 9026 9126 9125
f 9026 9027 9126
f 9027 9127 9126
f 9027 9028 9127
f 9028 9128 9127
f 9028 9029 9128
f 9029 9129 9128
f 9029 9030 9129
f 9030 9130 9129
f 9030 9031 9130
f 9031 9131 9130
f 9031 9032 9131
f 9032 9132 9131
f 9032 9033 9132
f 9033 9133 9132
f 9033 9034 9133
f 9034 9134 9133
f 9034 9035 9134
f 9035 9135 9134
f 9035 9036 9135
f 9036 9136 9135
f 9036 9037 9136
f 9037 9137 9136
f 9037 9038 9137
f 9038 9138 9137
f 9038 9039 9138
f 9039 9139 9138
f 9039 9040 9139
f 9040 9140 9139
f 9040 9041 9140
f 9041 9141 9140
f 9041 9042 9141
f 9042 9142 9141
f 9042 9043 9142
f 9043 9143 9142
f 9043 9044 9143
f 9044 9144 9143
f 9044 9045 9144
f 9045 9145 9144
f 9045 9046 9145
f 9046 9146 9145
f 9046 9047 9146
f 9047 9147 9146
f 9047 9048 9147
f 9048 9148 9147
f 9048 9049 9148
f 9049 9149 9148
f 9049 9050 9149
f 9050 9150 9149
f 9050 9051 9150
f 9051 9151 9150
f 9051 9052 9151
f 9052 9152 9151
f 9052 9053 9152
f 9053 9153 9152
f 9053 9054 9153
f 9054 9154 9153
f 9054 9055 9154
f 9055 9155 9154
f 9055 9056 9155
f 9056 9156 9155
f 9056 9057 9156
f 9057 9157 9156
f 9057 9058 9157
f 9058 9158 9157
f 9058 9059 9158
f 9059 9159 9158
f 9059 9060 9159
f 9060 9160 9159
f 9060 9061 9160
f 9061 9161 9160
f 9061 9062 9161
f 9062 9162 9161
f 9062 9063 9162
f 9063 9163 9162
f 9063 9064 9163
f 9064 9164 9163
f 9064 9065 9164
f 9065 9165 9164
f 9065 9066 9165
f 9066 9166 9165
f 9066 9067 9166
f 9067 9167 9166
f 9067 9068 9167
f 9068 9168 9167
f 9068 9069 9168
f 9069 9169 9168
f 9069 9070 9169
f 9070 9170 9169
f 9070 9071 9170
f 9071 9171 9170
f 9071 9072 9171
f 9072 9172 9171
f 9072 9073 9172
f 9073 9173 9172
f 9073 9074 9173
f 9074 9174 9173
f 9074 9075 9174
f 9075 9175 9174
f 9075 9076 9175
f 9076 9176 9175
f 9076 9077 9176
f 9077 9177 9176
f 9077 9078 9177
f 9078 9178 9177
f 9078 9079 9178
f 9079 9179 9178
f 9079 9080 9179
f 9080 9180 9179
f 9080 9081 9180
f 9081 9181 9180
f 9081 9082 9181
f 9082 9182 9181
f 9082 9083 9182
f 9083 9183 9182
f 9083 9084 9183
f 9084 9184 9183
f 9084 9085 9184
f 9085 9185 9184
f 9085 9086 9185
f 9086 9186 9185
f 9086 9087 9186
f 9087 9187 9186
f 9087 9088 9187
f 9088 9188 9187
f 9088 9089 9188
f 9089 9189 9188
f 9089 9090 9189
f 9090 9190 9189
f 9090 9091 9190
f 9091 9191 9190
f 9091 9092 9191
f 9092 9192 9191
f 9092 9093 9192
f 9093 9193 9192
f 9093 9094 9193
f 9094 9194 9193
f 9094 9095 9194
f 9095 9195 9194
f 9095 9096 9195
f 9096 9196 9195
f 9096 9097 9196
f 9097 9197 9196
f 9097 9098 9197
f 9098 9198 9197
f 9098 9099 9198
f 9099 9199 9198
f 9099 9100 9199
f 9100 9200 9199
f 9101 9102 9201
f 9102 9202 9201
f 9102 9103 9202
f 9103 9203 9202
f 9103 9104 9203
f 9104 9204 9203
f 9104 9105 9204
f 9105 9205 9204
f 9105 9106 9205
f 9106 9206 9205
f 9106 9107 9206
f 9107 9207 9206
f 9107 9108 9207
f 9108 9208 9207
f 9108 9109 9208
f 9109 9209 9208
f 9109 9110 9209
f 9110 9210 9209
f 9110 9111 9210
f 9111 9211 9210
f 9111 9112 9211
f 9112 9212 9211
f 9112 9113 9212
f 9113 9213 9212
f 9113 9114 9213
f 9114 9214 9213
f 9114 9115 9214
f 9115 9215 9214
f 9115 9116 9215
f 9116 9216 9215
f 9116 9117 9216
f 9117 9217 9216
f 9117 9118 9217
f 9118 9218 9217
f 9118 9119 9218
f 9119 9219 9218
f 9119 9120 9219
f 9120 9220 9219
f 9120 9121 9220
f 9121 9221 9220
f 9121 9122 9221
f 9122 9222 9221
f 9122 9123 9222
f 9123 9223 9222
f 9123 9124 9223
f 9124 9224 9223
f 9124 9125 9224
f 9125 9225 9224
f 9125 9126 9225
f 9126 9226 9225
f 9126 9127 9226
f 9127 9227 9226
f 9127 9128 9227
f 9128 9228 9227
f 9128 9129 9228
f 9129 9229 9228
f 9129 9130 9229
f 9130 9230 9229
f 9130 9131 9230
f 9131 9231 9230
f 9131 9132 9231
f 9132 9232 9231
f 9132 9133 9232
f 9133 9233 9232
f 9133 9134 9233
f 9134 9234 9233
f 9134 9135 9234
f 9135 9235 9234
f 9135 9136 9235
f 9136 9236 9235
f 9136 9137 9236
f 9137 9237 9236
f 9137 9138 9237
f 9138 9238 9237
f 9138 9139 9238
f 9139 9239 9238
f 9139 9140 9239
f 9140 9240 9239
f 9140 9141 9240
f 9141 9241 9240
f 9141 9142 9241
f 9142 9242 9241
f 9142 9143 9242
f 9143 9243 9242
f 9143 9144 9243
f 9144 9244 9243
f 9144 9145 9244
f 9145 9245 9244
f 9145 9146 9245
f 9146 9246 9245
f 9146 9147 9246
f 9147 9247 9246
f 9147 9148 9247
f 9148 9248 9247
f 9148 9149 9248
f 9149 9249 9248
f 9149 9150 9249
f 9150 9250 9249
f 9150 9151 9250
f 9151 9251 9250
f 9151 9152 9251
f 9152 9252 9251
f 9152 9153 9252
f 9153 9253 9252
f 9153 9154 9253
f 9154 9254 9253
f 9154 9155 9254
f 9155 9255 9254
f 9155 9156 9255
f 9156 9256 9255
f 9156 9157 9256
f 9157 9257 9256
f 9157 9158 9257
f 9158 9258 9257
f 9158 9159 9258
f 9159 9259 9258
f 9159 9160 9259
f 9160 9260 9259
f 9160 9161 9260
f 9161 9261 9260
f 9161 9162 9261
f 9162 9262 9261
f 9162 9163 9262
f 9163 9263 9262
f 9163 9164 9263
f 9164 9264 9263
f 9164 9165 9264
f 9165 9265 9264
f 9165 9166 9265
f 9166 9266 9265
f 9166 9167 9266
f 9167 9267 9266
f 9167 9168 9267
f 9168 9268 9267
f 9168 9169 9268
f 9169 9269 9268
f 9169 9170 9269
f 9170 9270 9269
f 9170 9171 9270
f 9171 9271 9270
f 9171 9172 9271
f 9172 9272 9271
f 9172 9173 9272
f 9173 9273 9272
f 9173 9174 9273
f 9174 9274 9273
f 9174 9175 9274
f 9175 9275 9274
f 9175 9176 9275
f 9176 9276 9275
f 9176 9177 9276
f 9177 9277 9276
f 9177 9178 9277
f 9178 9278 9277
f 9178 9179 9278
f 9179 9279 9278
f 9179 9180 9279
f 9180 9280 9279
f 9180 9181 9280
f 9181 9281 9280
f 9181 9182 9281
f 9182 9282 9281
f 9182 9183 9282
f 9183 9283 9282
f 9183 9184 9283
f 9184 9284 9283
f 9184 9185 9284
f 9185 9285 9284
f 9185 9186 9285
f 9186 9286 9285
f 9186 9187 9286
f 9187 9287 9286
f 9187 9188 9287
f 9188 9288 9287
f 9188 9189 9288
f 9189 9289 9288
f 9189 9190 9289
f 9190 9290 9289
f 9190 9191 9290
f 9191 9291 9290
f 9191 9192 9291
f 9192 9292 9291
f 9192 9193 9292
f 9193 9293 9292
f 9193 9194 9293
f 9194 9294 9293
f 9194 9195 9294
f 9195 9295 9294
f 9195 9196 9295
f 9196 9296 9295
f 9196 9197 9296
f 9197 9297 9296
f 9197 9198 9297
f 9198 9298 9297
f 9198 9199 9298
f 9199 9299 9298
f 9199 9200 9299
f 9200 9300 9299
f 9201 9202 9301
f 9202 9302 9301
f 9202 9203 9302
f 9203 9303 9302
f 9203 9204 9303
f 9204 9304 9303
f 9204 9205 9304
f 9205 9305 9304
f 9205 9206 9305
f 9206 9306 9305
f 9206 9207 9306
f 9207 9307 9306
f 9207 9208 9307
f 9208 9308 9307
f 9208 9209 9308
f 9209 9309 9308
f 9209 9210 9309
f 9210 9310 9309
f 9210 9211 9310
f 9211 9311 9310
f 9211 9212 9311
f 9212 9312 9311
f 9212 9213 9312
f 9213 9313 9312
f 9213 9214 9313
f 9214 9314 9313
f 9214 9215 9314
f 9215 9315 9314
f 9215 9216 9315
f 9216 9316 9315
f 9216 9217 9316
f 9217 9317 9316
f 9217 9218 9317
f 9218 9318 9317
f 9218 9219 9318
f 9219 9319 9318
f 9219 9220 9319
f 9220 9320 9319
f 9220 9221 9320
f 9221 9321 9320
f 9221 9222 9321
f 9222 9322 9321
f 9222 9223 9322
f 9223 9323 9322
f 9223 9224 9323
f 9224 9324 9323
f 9224 9225 9324
f 9225 9325 9324
f 9225 9226 9325
f 9226 9326 9325
f 9226 9227 9326
f 9227 9327 9326
f 9227 9228 9327
f 9228 9328 9327
f 9228 9229 9328
f 9229 9329 9328
f 9229 9230 9329
f 9230 9330 9329
f 9230 9231 9330
f 9231 9331 9330
f 9231 9232 9331
f 9232 9332 9331
f 9232 9233 9332
f 9233 9333 9332
f 9233 9234 9333
f 9234 9334 9333
f 9234 9235 9334
f 9235 9335 9334
f 9235 9236 9335
f 9236 9336 9335
f 9236 9237 9336
f 9237 9337 9336
f 9237 9238 9337
f 9238 9338 9337
f 9238 9239 9338
f 9239 9339 9338
f 9239 9240 9339
f 9240 9340 9339
f 9240 9241 9340
f 9241 9341 9340
f 9241 9242 9341
f 9242 9342 9341
f 9242 9243 9342
f 9243 9343 9342
f 9243 9244 9343
f 9244 9344 9343
f 9244 9245 9344
f 9245 9345 9344
f 9245 9246 9345
f 9246 9346 9345
f 9246 9247 9346
f 9247 9347 9346
f 9247 9248 9347
f 9248 9348 9347
f 9248 9249 9348
f 9249 9349 9348
f 9249 9250 9349
f 9250 9350 9349
f 9250 9251 9350
f 9251 9351 9350
f 9251 9252 9351
f 9252 9352 9351
f 9252 9253 9352
f 9253 9353 9352
f 9253 9254 9353
f 9254 9354 9353
f 9254 9255 9354
f 9255 9355 9354
f 9255 9256 9355
f 9256 9356 9355
f 9256 9257 9356
f 9257 9357 9356
f 9257 9258 9357
f 9258 9358 9357
f 9258 9259 9358
f 9259 9359 9358
f 9259 9260 9359
f 9260 9360 9359
f 9260 9261 9360
f 9261 9361 9360
f 9261 9262 9361
f 9262 9362 9361
f 9262 9263 9362
f 9263 9363 9362
f 9263 9264 9363
f 9264 9364 9363
f 9264 9265 9364
f 9265 9365 9364
f 9265 9266 9365
f 9266 9366 9365
f 9266 9267 9366
f 9267 9367 9366
f 9267 9268 9367
f 9268 9368 9367
f 9268 9269 9368
f 9269 9369 9368
f 9269 9270 9369
f 9270 9370 9369
f 9270 9271 9370
f 9271 9371 9370
f 9271 9272 9371
f 9272 9372 9371
f 9272 9273 9372
f 9273 9373 9372
f 9273 9274 9373
f 9274 9374 9373
f 9274 9275 9374
f 9275 9375 9374
f 9275 9276 9375
f 9276 9376 9375
f 9276 9277 9376
f 9277 9377 9376
f 9277 9278 9377
f 9278 9378 9377
f 9278 9279 9378
f 9279 9379 9378
f 9279 9280 9379
f 9280 9380 9379
f 9280 9281 9380
f 9281 9381 9380
f 9281 9282 9381
f 9282 9382 9381
f 9282 9283 9382
f 9283 9383 9382
f 9283 9284 9383
f 9284 9384 9383
f 9284 9285 9384
f 9285 9385 9384
f 9285 9286 9385
f 9286 9386 9385
f 9286 9287 9386
f 9287 9387 9386
f 9287 9288 9387
f 9288 9388 9387
f 9288 9289 9388
f 9289 9389 9388
f 9289 9290 9389
f 9290 9390 9389
f 9290 9291 9390
f 9291 9391 9390
f 9291 9292 9391
f 9292 9392 9391
f 9292 9293 9392
f 9293 9393 9392
f 9293 9294 9393
f 9294 9394 9393
f 9294 9295 9394
f 9295 9395 9394
f 9295 9296 9395
f 9296 9396 9395
f 9296 9297 9396
f 9297 9397 9396
f 9297 9298 9397
f 9298 9398 9397
f 9298 9299 9398
f 9299 9399 9398
f 9299 9300 9399
f 9300 9400 9399
f 9301 9302 9401
f 9302 9402 9401
f 9302 9303 9402
f 9303 9403 9402
f 9303 9304 9403
f 9304 9404 9403
f 9304 9305 9404
f 9305 9405 9404
f 9305 9306 9405
f 9306 9406 9405
f 9306 9307 9406
f 9307 9407 9406
f 9307 9308 9407
f 9308 9408 9407
f 9308 9309 9408
f 9309 9409 9408
f 9309 9310 9409
f 9310 9410 9409
f 9310 9311 9410
f 9311 9411 9410
f 9311 9312 9411
f 9312 9412 9411
f 9312 9313 9412
f 9313 9413 9412
f 9313 9314 9413
f 9314 9414 9413
f 9314 9315 9414
f 9315 9415 9414
f 9315 9316 9415
f 9316 9416 9415
f 9316 9317 9416
f 9317 9417 9416
f 9317 9318 9417
f 9318 9418 9417
f 9318 9319 9418
f 9319 9419 9418
f 9319 9320 9419
f 9320 9420 9419
f 9320 9321 9420
f 9321 9421 9420
f 9321 9322 9421
f 9322 9422 9421
f 9322 9323 9422
f 9323 9423 9422
f 9323 9324 9423
f 9324 9424 9423
f 9324 9325 9424
f 9325 9425 9424
f 9325 9326 9425
f 9326 9426 9425
f 9326 9327 9426
f 9327 9427 9426
f 9327 9328 9427
f 9328 9428 9427
f 9328 9329 9428
f 9329 9429 9428
f 9329 9330 9429
f 9330 9430 9429
f 9330 9331 9430
f 9331 9431 9430
f 9331 9332 9431
f 9332 9432 9431
f 9332 9333 9432
f 9333 9433 9432
f 9333 9334 9433
f 9334 9434 9433
f 9334 9335 9434
f 9335 9435 9434
f 9335 9336 9435
f 9336 9436 9435
f 9336 9337 9436
f 9337 9437 9436
f 9337 9338 9437
f 9338 9438 9437
f 9338 9339 9438
f 9339 9439 9438
f 9339 9340 9439
f 9340 9440 9439
f 9340 9341 9440
f 9341 9441 9440
f 9341 9342 9441
f 9342 9442 9441
f 9342 9343 9442
f 9343 9443 9442
f 9343 9344 9443
f 9344 9444 9443
f 9344 9345 9444
f 9345 9445 9444
f 9345 9346 9445
f 9346 9446 9445
f 9346 9347 9446
f 9347 9447 9446
f 9347 9348 9447
f 9348 9448 9447
f 9348 9349 9448
f 9349 9449 9448
f 9349 9350 9449
f 9350 9450 9449
f 9350 9351 9450
f 9351 9451 9450
f 9351 9352 9451
f 9352 9452 9451
f 9352 9353 9452
f 9353 9453 9452
f 9353 9354 9453
f 9354 9454 9453
f 9354 9355 9454
f 9355 9455 9454
f 9355 9356 9455
f 9356 9456 9455
f 9356 9357 9456
f 9357 9457 9456
f 9357 9358 9457
f 9358 9458 9457
f 9358 9359 9458
f 9359 9459 9458
f 9359 9360 9459
f 9360 9460 9459
f 9360 9361 9460
f 9361 9461 9460
f 9361 9362 9461
f 9362 9462 9461
f 9362 9363 9462
f 9363 9463 9462
f 9363 9364 9463
f 9364 9464 9463
f 9364 9365 9464
f 9365 9465 9464
f 9365 9366 9465
f 9366 9466 9465
f 9366 9367 9466
f 9367 9467 9466
f 9367 9368 9467
f 9368 9468 9467
f 9368 9369 9468
f 9369 9469 9468
f 9369 9370 9469
f 9370 9470 9469
f 9370 9371 9470
f 9371 9471 9470
f 9371 9372 9471
f 9372 9472 9471
f 9372 9373 9472
f 9373 9473 9472
f 9373 9374 9473
f 9374 9474 9473
f 9374 9375 9474
f 9375 9475 9474
f 9375 9376 9475
f 9376 9476 9475
f 9376 9377 9476
f 9377 9477 9476
f 9377 9378 9477
f 9378 9478 9477
f 9378 9379 9478
f 9379 9479 9478
f 9379 9380 9479
f 9380 9480 9479
f 9380 9381 9480
f 9381 9481 9480
f 9381 9382 9481
f 9382 9482 9481
f 9382 9383 9482
f 9383 9483 9482
f 9383 9384 9483
f 9384 9484 9483
f 9384 9385 9484
f 9385 9485 9484
f 9385 9386 9485
f 9386 9486 9485
f 9386 9387 9486
f 9387 9487 9486
f 9387 9388 9487
f 9388 9488 9487
f 9388 9389 9488
f 9389 9489 9488
f 9389 9390 9489
f 9390 9490 9489
f 9390 9391 9490
f 9391 9491 9490
f 9391 9392 9491
f 9392 9492 9491
f 9392 9393 9492
f 9393 9493 9492
f 9393 9394 9493
f 9394 9494 9493
f 9394 9395 9494
f 9395 9495 9494
f 9395 9396 9495
f 9396 9496 9495
f 9396 9397 9496
f 9397 9497 9496
f 9397 9398 9497
f 9398 9498 9497
f 9398 9399 9498
f 9399 9499 9498
f 9399 9400 9499
f 9400 9500 9499
f 9401 9402 9501
f 9402 9502 9501
f 9402 9403 9502
f 9403 9503 9502
f 9403 9404 9503
f 9404 9504 9503
f 9404 9405 9504
f 9405 9505 9504
f 9405 9406 9505
f 9406 9506 9505
f 9406 9407 9506
f 9407 9507 9506
f 9407 9408 9507
f 9408 9508 9507
f 9408 9409 9508
f 9409 9509 9508
f 9409 9410 9509
f 9410 9510 9509
f 9410 9411 9510
f 9411 9511 9510
f 9411 9412 9511
f 9412 9512 9511
f 9412 9413 9512
f 9413 9513 9512
f 9413 9414 9513
f 9414 9514 9513
f 9414 9415 9514
f 9415 9515 9514
f 9415 9416 9515
f 9416 9516 9515
f 9416 9417 9516
f 9417 9517 9516
f 9417 9418 9517
f 9418 9518 9517
f 9418 9419 9518
f 9419 9519 9518
f 9419 9420 9519
f 9420 9520 9519
f 9420 9421 9520
f 9421 9521 9520
f 9421 9422 9521
f 9422 9522 9521
f 9422 9423 9522
f 9423 9523 9522
f 9423 9424 9523
f 9424 9524 9523
f 9424 9425 9524
f 9425 9525 9524
f 9425 9426 9525
f 9426 9526 9525
f 9426 9427 9526
f 9427 9527 9526
f 9427 9428 9527
f 9428 9528 9527
f 9428 9429 9528
f 9429 9529 9528
f 9429 9430 9529
f 9430 9530 9529
f 9430 9431 9530
f 9431 9531 9530
f 9431 9432 9531
f 9432 9532 9531
f 9432 9433 9532
f 9433 9533 9532
f 9433 9434 9533
f 9434 9534 9533
f 9434 9435 9534
f 9435 9535 9534
f 9435 9436 9535
f 9436 9536 9535
f 9436 9437 9536
f 9437 9537 9536
f 9437 9438 9537
f 9438 9538 9537
f 9438 9439 9538
f 9439 9539 9538
f 9439 9440 9539
f 9440 9540 9539
f 9440 9441 9540
f 9441 9541 9540
f 9441 9442 9541
f 9442 9542 9541
f 9442 9443 9542
f 9443 9543 9542
f 9443 9444 9543
f 9444 9544 9543
f 9444 9445 9544
f 9445 9545 9544
f 9445 9446 9545
f 9446 9546 9545
f 9446 9447 9546
f 9447 9547 9546
f 9447 9448 9547
f 9448 9548 9547
f 9448 9449 9548
f 9449 9549 9548
f 9449 9450 9549
f 9450 9550 9549
f 9450 9451 9550
f 9451 9551 9550
f 9451 9452 9551
f 9452 9552 9551
f 9452 9453 9552
f 9453 9553 9552
f 9453 9454 9553
f 9454 9554 9553
f 9454 9455 9554
f 9455 9555 9554
f 9455 9456 9555
f 9456 9556 9555
f 9456 9457 9556
f 9457 9557 9556
f 9457 9458 9557
f 9458 9558 9557
f 9458 9459 9558
f 9459 9559 9558
f 9459 9460 9559
f 9460 9560 9559
f 9460 9461 9560
f 9461 9561 9560
f 9461 9462 9561
f 9462 9562 9561
f 9462 9463 9562
f 9463 9563 9562
f 9463 9464 9563
f 9464 9564 9563
f 9464 9465 9564
f 9465 9565 9564
f 9465 9466 9565
f 9466 9566 9565
f 9466 9467 9566
f 9467 9567 9566
f 9467 9468 9567
f 9468 9568 9567
f 9468 9469 9568
f 9469 9569 9568
f 9469 9470 9569
f 9470 9570 9569
f 9470 9471 9570
f 9471 9571 9570
f 9471 9472 9571
f 9472 9572 9571
f 9472 9473 9572
f 9473 9573 9572
f 9473 9474 9573
f 9474 9574 9573
f 9474 9475 9574
f 9475 9575 9574
f 9475 9476 9575
f 9476 9576 9575
f 9476 9477 9576
f 9477 9577 9576
f 9477 9478 9577
f 9478 9578 9577
f 9478 9479 9578
f 9479 9579 9578
f 9479 9480 9579
f 9480 9580 9579
f 9480 9481 9580
f 9481 9581 9580
f 9481 9482 9581
f 9482 9582 9581
f 9482 9483 9582
f 9483 9583 9582
f 9483 9484 9583
f 9484 9584 9583
f 9484 9485 9584
f 9485 9585 9584
f 9485 9486 9585
f 9486 9586 9585
f 9486 9487 9586
f 9487 9587 9586
f 9487 9488 9587
f 9488 9588 9587
f 9488 9489 9588
f 9489 9589 9588
f 9489 9490 9589
f 9490 9590 9589
f 9490 9491 9590
f 9491 9591 9590
f 9491 9492 9591
f 9492 9592 9591
f 9492 9493 9592
f 9493 9593 9592
f 9493 9494 9593
f 9494 9594 9593
f 9494 9495 9594
f 9495 9595 9594
f 9495 9496 9595
f 9496 9596 9595
f 9496 9497 9596
f 9497 9597 9596
f 9497 9498 9597
f 9498 9598 9597
f 9498 9499 9598
f 9499 9599 9598
f 9499 9500 9599
f 9500 9600 9599
f 9501 9502 9601
f 9502 9602 9601
f 9502 9503 9602
f 9503 9603 9602
f 9503 9504 9603
f 9504 9604 9603
f 9504 9505 9604
f 9505 9605 9604
f 9505 9506 9605
f 9506 9606 9605
f 9506 9507 9606
f 9507 9607 9606
f 9507 9508 9607
f 9508 9608 9607
f 9508 9509 9608
f 9509 9609 9608
f 9509 9510 9609
f 9510 9610 9609
f 9510 9511 9610
f 9511 9611 9610
f 9511 9512 9611
f 9512 9612 9611
f 9512 9513 9612
f 9513 9613 9612
f 9513 9514 9613
f 9514 9614 9613
f 9514 9515 9614
f 9515 9615 9614
f 9515 9516 9615
f 9516 9616 9615
f 9516 9517 9616
f 9517 9617 9616
f 9517 9518 9617
f 9518 9618 9617
f 9518 9519 9618
f 9519 9619 9618
f 9519 9520 9619
f 9520 9620 9619
f 9520 9521 9620
f 9521 9621 9620
f 9521 9522 9621
f 9522 9622 9621
f 9522 9523 9622
f 9523 9623 9622
f 9523 9524 9623
f 9524 9624 9623
f 9524 9525 9624
f 9525 9625 9624
f 9525 9526 9625
f 9526 9626 9625
f 9526 9527 9626
f 9527 9627 9626
f 9527 9528 9627
f 9528 9628 9627
f 9528 9529 9628
f 9529 9629 9628
f 9529 9530 9629
f 9530 9630 9629
f 9530 9531 9630
f 9531 9631 9630
f 9531 9532 9631
f 9532 9632 9631
f 9532 9533 9632
f 9533 9633 9632
f 9533 9534 9633
f 9534 9634 9633
f 9534 9535 9634
f 9535 9635 9634
f 9535 9536 9635
f 9536 9636 9635
f 9536 9537 9636
f 9537 9637 9636
f 9537 9538 9637
f 9538 9638 9637
f 9538 9539 9638
f 9539 9639 9638
f 9539 9540 9639
f 9540 9640 9639
f 9540 9541 9640
f 9541 9641 9640
f 9541 9542 9641
f 9542 9642 9641
f 9542 9543 9642
f 9543 9643 9642
f 9543 9544 9643
f 9544 9644 9643
f 9544 9545 9644
f 9545 9645 9644
f 9545 9546 9645
f 9546 9646 9645
f 9546 9547 9646
f 9547 9647 9646
f 9547 9548 9647
f 9548 9648 9647
f 9548 9549 9648
f 9549 9649 9648
f 9549 9550 9649
f 9550 9650 9649
f 9550 9551 9650
f 9551 9651 9650
f 9551 9552 9651
f 9552 9652 9651
f 9552 9553 9652
f 9553 9653 9652
f 9553 9554 9653
f 9554 9654 9653
f 9554 9555 9654
f 9555 9655 9654
f 9555 9556 9655
f 9556 9656 9655
f 9556 9557 9656
f 9557 9657 9656
f 9557 9558 9657
f 9558 9658 9657
f 9558 9559 9658
f 9559 9659 9658
f 9559 9560 9659
f 9560 9660 9659
f 9560 9561 9660
f 9561 9661 9660
f 9561 9562 9661
f 9562 9662 9661
f 9562 9563 9662
f 9563 9663 9662
f 9563 9564 9663
f 9564 9664 9663
f 9564 9565 9664
f 9565 9665 9664
f 9565 9566 9665
f 9566 9666 9665
f 9566 9567 9666
f 9567 9667 9666
f 9567 9568 9667
f 9568 9668 9667
f 9568 9569 9668
f 9569 9669 9668
f 9569 9570 9669
f 9570 9670 9669
f 9570 9571 9670
f 9571 9671 9670
f 9571 9572 9671
f 9572 9672 9671
f 9572 9573 9672
f 9573 9673 9672
f 9573 9574 9673
f 9574 9674 9673
f 9574 9575 9674
f 9575 9675 9674
f 9575 9576 9675
f 9576 9676 9675
f 9576 9577 9676
f 9577 9677 9676
f 9577 9578 9677
f 9578 9678 9677
f 9578 9579 9678
f 9579 9679 9678
f 9579 9580 9679
f 9580 9680 9679
f 9580 9581 9680
f 9581 9681 9680
f 9581 9582 9681
f 9582 9682 9681
f 9582 9583 9682
f 9583 9683 9682
f 9583 9584 9683
f 9584 9684 9683
f 9584 9585 9684
f 9585 9685 9684
f 9585 9586 9685
f 9586 9686 9685
f 9586 9587 9686
f 9587 9687 9686
f 9587 9588 9687
f 9588 9688 9687
f 9588 9589 9688
f 9589 9689 9688
f 9589 9590 9689
f 9590 9690 9689
f 9590 9591 9690
f 9591 9691 9690
f 9591 9592 9691
f 9592 9692 9691
f 9592 9593 9692
f 9593 9693 9692
f 9593 9594 9693
f 9594 9694 9693
f 9594 9595 9694
f 9595 9695 9694
f 9595 9596 9695
f 9596 9696 9695
f 9596 9597 9696
f 9597 9697 9696
f 9597 9598 9697
f 9598 9698 9697
f 9598 9599 9698
f 9599 9699 9698
f 9599 9600 9699
f 9600 9700 9699
f 9601 9602 9701
f 9602 9702 9701
f 9602 9603 9702
f 9603 9703 9702
f 9603 9604 9703
f 9604 9704 9703
f 9604 9605 9704
f 9605 9705 9704
f 9605 9606 9705
f 9606 9706 9705
f 9606 9607 9706
f 9607 9707 9706
f 9607 9608 9707
f 9608 9708 9707
f 9608 9609 9708
f 9609 9709 9708
f 9609 9610 9709
f 9610 9710 9709
f 9610 9611 9710
f 9611 9711 9710
f 9611 9612 9711
f 9612 9712 9711
f 9612 9613 9712
f 9613 9713 9712
f 9613 9614 9713
f 9614 9714 9713
f 9614 9615 9714
f 9615 9715 9714
f 9615 9616 9715
f 9616 9716 9715
f 9616 9617 9716
f 9617 9717 9716
f 9617 9618 9717
f 9618 9718 9717
f 9618 9619 9718
f 9619 9719 9718
f 9619 9620 9719
f 9620 9720 9719
f 9620 9621 9720
f 9621 9721 9720
f 9621 9622 9721
f 9622 9722 9721
f 9622 9623 9722
f 9623 9723 9722
f 9623 9624 9723
f 9624 9724 9723
f 9624 9625 9724
f 9625 9725 9724
f 9625 9626 9725
f 9626 9726 9725
f 9626 9627 9726
f 9627 9727 9726
f 9627 9628 9727
f 9628 9728 9727
f 9628 9629 9728
f 9629 9729 9728
f 9629 9630 9729
f 9630 9730 9729
f 9630 9631 9730
f 9631 9731 9730
f 9631 9632 9731
f 9632 9732 9731
f 9632 9633 9732
f 9633 9733 9732
f 9633 9634 9733
f 9634 9734 9733
f 9634 9635 9734
f 9635 9735 9734
f 9635 9636 9735
f 9636 9736 9735
f 9636 9637 9736
f 9637 9737 9736
f 9637 9638 9737
f 9638 9738 9737
f 9638 9639 9738
f 9639 9739 9738
f 9639 9640 9739
f 9640 9740 9739
f 9640 9641 9740
f 9641 9741 9740
f 9641 9642 9741
f 9642 9742 9741
f 9642 9643 9742
f 9643 9743 9742
f 9643 9644 9743
f 9644 9744 9743
f 9644 9645 9744
f 9645 9745 9744
f 9645 9646 9745
f 9646 9746 9745
f 9646 9647 9746
f 9647 9747 9746
f 9647 9648 9747
f 9648 9748 9747
f 9648 9649 9748
f 9649 9749 9748
f 9649 9650 9749
f 9650 9750 9749
f 9650 9651 9750
f 9651 9751 9750
f 9651 9652 9751
f 9652 9752 9751
f 9652 9653 9752
f 9653 9753 9752
f 9653 9654 9753
f 9654 9754 9753
f 9654 9655 9754
f 9655 9755 9754
f 9655 9656 9755
f 9656 9756 9755
f 9656 9657 9756
f 9657 9757 9756
f 9657 9658 9757
f 9658 9758 9757
f 9658 9659 9758
f 9659 9759 9758
f 9659 9660 9759
f 9660 9760 9759
f 9660 9661 9760
f 9661 9761 9760
f 9661 9662 9761
f 9662 9762 9761
f 9662 9663 9762
f 9663 9763 9762
f 9663 9664 9763
f 9664 9764 9763
f 9664 9665 9764
f 9665 9765 9764
f 9665 9666 9765
f 9666 9766 9765
f 9666 9667 9766
f 9667 9767 9766
f 9667 9668 9767
f 9668 9768 9767
f 9668 9669 9768
f 9669 9769 9768
f 9669 9670 9769
f 9670 9770 9769
f 9670 9671 9770
f 9671 9771 9770
f 9671 9672 9771
f 9672 9772 9771
f 9672 9673 9772
f 9673 9773 9772
f 9673 9674 9773
f 9674 9774 9773
f 9674 9675 9774
f 9675 9775 9774
f 9675 9676 9775
f 9676 9776 9775
f 9676 9677 9776
f 9677 9777 9776
f 9677 9678 9777
f 9678 9778 9777
f 9678 9679 9778
f 9679 9779 9778
f 9679 9680 9779
f 9680 9780 9779
f 9680 9681 9780
f 9681 9781 9780
f 9681 9682 9781
f 9682 9782 9781
f 9682 9683 9782
f 9683 9783 9782
f 9683 9684 9783
f 9684 9784 9783
f 9684 9685 9784
f 9685 9785 9784
f 9685 9686 9785
f 9686 9786 9785
f 9686 9687 9786
f 9687 9787 9786
f 9687 9688 9787
f 9688 9788 9787
f 9688 9689 9788
f 9689 9789 9788
f 9689 9690 9789
f 9690 9790 9789
f 9690 9691 9790
f 9691 9791 9790
f 9691 9692 9791
f 9692 9792 9791
f 9692 9693 9792
f 9693 9793 9792
f 9693 9694 9793
f 9694 9794 9793
f 9694 9695 9794
f 9695 9795 9794
f 9695 9696 9795
f 9696 9796 9795
f 9696 9697 9796
f 9697 9797 9796
f 9697 9698 9797
f 9698 9798 9797
f 9698 9699 9798
f 9699 9799 9798
f 9699 9700 9799
f 9700 9800 9799
f 9701 9702 9801
f 9702 9802 9801
f 9702 9703 9802
f 9703 9803 9802
f 9703 9704 9803
f 9704 9804 9803
f 9704 9705 9804
f 9705 9805 9804
f 9705 9706 9805
f 9706 9806 9805
f 9706 9707 9806
f 9707 9807 9806
f 9707 9708 9807
f 9708 9808 9807
f 9708 9709 9808
f 9709 9809 9808
f 9709 9710 9809
f 9710 9810 9809
f 9710 9711 9810
f 9711 9811 9810
f 9711 9712 9811
f 9712 9812 9811
f 9712 9713 9812
f 9713 9813 9812
f 9713 9714 9813
f 9714 9814 9813
f 9714 9715 9814
f 9715 9815 9814
f 9715 9716 9815
f 9716 9816 9815
f 9716 9717 9816
f 9717 9817 9816
f 9717 9718 9817
f 9718 9818 9817
f 9718 9719 9818
f 9719 9819 9818
f 9719 9720 9819
f 9720 9820 9819
f 9720 9721 9820
f 9721 9821 9820
f 9721 9722 9821
f 9722 9822 9821
f 9722 9723 9822
f 9723 9823 9822
f 9723 9724 9823
f 9724 9824 9823
f 9724 9725 9824
f 9725 9825 9824
f 9725 9726 9825
f 9726 9826 9825
f 9726 9727 9826
f 9727 9827 9826
f 9727 9728 9827
f 9728 9828 9827
f 9728 9729 9828
f 9729 9829 9828
f 9729 9730 9829
f 9730 9830 9829
f 9730 9731 9830
f 9731 9831 9830
f 9731 9732 9831
f 9732 9832 9831
f 9732 9733 9832
f 9733 9833 9832
f 9733 9734 9833
f 9734 9834 9833
f 9734 9735 9834
f 9735 9835 9834
f 9735 9736 9835
f 9736 9836 9835
f 9736 9737 9836
f 9737 9837 9836
f 9737 9738 9837
f 9738 9838 9837
f 9738 9739 9838
f 9739 9839 9838
f 9739 9740 9839
f 9740 9840 9839
f 9740 9741 9840
f 9741 9841 9840
f 9741 9742 9841
f 9742 9842 9841
f 9742 9743 9842
f 9743 9843 9842
f 9743 9744 9843
f 9744 9844 9843
f 9744 9745 9844
f 9745 9845 9844
f 9745 9746 9845
f 9746 9846 9845
f 9746 9747 9846
f 9747 9847 9846
f 9747 9748 9847
f 9748 9848 9847
f 9748 9749 9848
f 9749 9849 9848
f 9749 9750 9849
f 9750 9850 9849
f 9750 9751 9850
f 9751 9851 9850
f 9751 9752 9851
f 9752 9852 9851
f 9752 9753 9852
f 9753 9853 9852
f 9753 9754 9853
f 9754 9854 9853
f 9754 9755 9854
f 9755 9855 9854
f 9755 9756 9855
f 9756 9856 9855
f 9756 9757 9856
f 9757 9857 9856
f 9757 9758 9857
f 9758 9858 9857
f 9758 9759 9858
f 9759 9859 9858
f 9759 9760 9859
f 9760 9860 9859
f 9760 9761 9860
f 9761 9861 9860
f 9761 9762 9861
f 9762 9862 9861
f 9762 9763 9862
f 9763 9863 9862
f 9763 9764 9863
f 9764 9864 9863
f 9764 9765 9864
f 9765 9865 9864
f 9765 9766 9865
f 9766 9866 9865
f 9766 9767 9866
f 9767 9867 9866
f 9767 9768 9867
f 9768 9868 9867
f 9768 9769 9868
f 9769 9869 9868
f 9769 9770 9869
f 9770 9870 9869
f 9770 9771 9870
f 9771 9871 9870
f 9771 9772 9871
f 9772 9872 9871
f 9772 9773 9872
f 9773 9873 9872
f 9773 9774 9873
f 9774 9874 9873
f 9774 9775 9874
f 9775 9875 9874
f 9775 9776 9875
f 9776 9876 9875
f 9776 9777 9876
f 9777 9877 9876
f 9777 9778 9877
f 9778 9878 9877
f 9778 9779 9878
f 9779 9879 9878
f 9779 9780 9879
f 9780 9880 9879
f 9780 9781 9880
f 9781 9881 9880
f 9781 9782 9881
f 9782 9882 9881
f 9782 9783 9882
f 9783 9883 9882
f 9783 9784 9883
f 9784 9884 9883
f 9784 9785 9884
f 9785 9885 9884
f 9785 9786 9885
f 9786 9886 9885
f 9786 9787 9886
f 9787 9887 9886
f 9787 9788 9887
f 9788 9888 9887
f 9788 9789 9888
f 9789 9889 9888
f 9789 9790 9889
f 9790 9890 9889
f 9790 9791 9890
f 9791 9891 9890
f 9791 9792 9891
f 9792 9892 9891
f 9792 9793 9892
f 9793 9893 9892
f 9793 9794 9893
f 9794 9894 9893
f 9794 9795 9894
f 9795 9895 9894
f 9795 9796 9895
f 9796 9896 9895
f 9796 9797 9896
f 9797 9897 9896
f 9797 9798 9897
f 9798 9898 9897
f 9798 9799 9898
f 9799 9899 9898
f 9799 9800 9899
f 9800 9900 9899
f 9801 9802 9901
f 9802 9902 9901
f 9802 9803 9902
f 9803 9903 9902
f 9803 9804 9903
f 9804 9904 9903
f 9804 9805 9904
f 9805 9905 9904
f 9805 9806 9905
f 9806 9906 9905
f 9806 9807 9906
f 9807 9907 9906
f 9807 9808 9907
f 9808 9908 9907
f 9808 9809 9908
f 9809 9909 9908
f 9809 9810 9909
f 9810 9910 9909
f 9810 9811 9910
f 9811 9911 9910
f 9811 9812 9911
f 9812 9912 9911
f 9812 9813 9912
f 9813 9913 9912
f 9813 9814 9913
f 9814 9914 9913
f 9814 9815 9914
f 9815 9915 9914
f 9815 9816 9915
f 9816 9916 9915
f 9816 9817 9916
f 9817 9917 9916
f 9817 9818 9917
f 9818 9918 9917
f 9818 9819 9918
f 9819 9919 9918
f 9819 9820 9919
f 9820 9920 9919
f 9820 9821 9920
f 9821 9921 9920
f 9821 9822 9921
f 9822 9922 9921
f 9822 9823 9922
f 9823 9923 9922
f 9823 9824 9923
f 9824 9924 9923
f 9824 9825 9924
f 9825 9925 9924
f 9825 9826 9925
f 9826 9926 9925
f 9826 9827 9926
f 9827 9927 9926
f 9827 9828 9927
f 9828 9928 9927
f 9828 9829 9928
f 9829 9929 9928
f 9829 9830 9929
f 9830 9930 9929
f 9830 9831 9930
f 9831 9931 9930
f 9831 9832 9931
f 9832 9932 9931
f 9832 9833 9932
f 9833 9933 9932
f 9833 9834 9933
f 9834 9934 9933
f 9834 9835 9934
f 9835 9935 9934
f 9835 9836 9935
f 9836 9936 9935
f 9836 9837 9936
f 9837 9937 9936
f 9837 9838 9937
f 9838 9938 9937
f 9838 9839 9938
f 9839 9939 9938
f 9839 9840 9939
f 9840 9940 9939
f 9840 9841 9940
f 9841 9941 9940
f 9841 9842 9941
f 9842 9942 9941
f 9842 9843 9942
f 9843 9943 9942
f 9843 9844 9943
f 9844 9944 9943
f 9844 9845 9944
f 9845 9945 9944
f 9845 9846 9945
f 9846 9946 9945
f 9846 9847 9946
f 9847 9947 9946
f 9847 9848 9947
f 9848 9948 9947
f 9848 9849 9948
f 9849 9949 9948
f 9849 9850 9949
f 9850 9950 9949
f 9850 9851 9950
f 9851 9951 9950
f 9851 9852 9951
f 9852 9952 9951
f 9852 9853 9952
f 9853 9953 9952
f 9853 9854 9953
f 9854 9954 9953
f 9854 9855 9954
f 9855 9955 9954
f 9855 9856 9955
f 9856 9956 9955
f 9856 9857 9956
f 9857 9957 9956
f 9857 9858 9957
f 9858 9958 9957
f 9858 9859 9958
f 9859 9959 9958
f 9859 9860 9959
f 9860 9960 9959
f 9860 9861 9960
f 9861 9961 9960
f 9861 9862 9961
f 9862 9962 9961
f 9862 9863 9962
f 9863 9963 9962
f 9863 9864 9963
f 9864 9964 9963
f 9864 9865 9964
f 9865 9965 9964
f 9865 9866 9965
f 9866 9966 9965
f 9866 9867 9966
f 9867 9967 9966
f 9867 9868 9967
f 9868 9968 9967
f 9868 9869 9968
f 9869 9969 9968
f 9869 9870 9969
f 9870 9970 9969
f 9870 9871 9970
f 9871 9971 9970
f 9871 9872 9971
f 9872 9972 9971
f 9872 9873 9972
f 9873 9973 9972
f 9873 9874 9973
f 9874 9974 9973
f 9874 9875 9974
f 9875 9975 9974
f 9875 9876 9975
f 9876 9976 9975
f 9876 9877 9976
f 9877 9977 9976
f 9877 9878 9977
f 9878 9978 9977
f 9878 9879 9978
f 9879 9979 9978
f 9879 9880 9979
f 9880 9980 9979
f 9880 9881 9980
f 9881 9981 9980
f 9881 9882 9981
f 9882 9982 9981
f 9882 9883 9982
f 9883 9983 9982
f 9883 9884 9983
f 9884 9984 9983
f 9884 9885 9984
f 9885 9985 9984
f 9885 9886 9985
f 9886 9986 9985
f 9886 9887 9986
f 9887 9987 9986
f 9887 9888 9987
f 9888 9988 9987
f 9888 9889 9988
f 9889 9989 9988
f 9889 9890 9989
f 9890 9990 9989
f 9890 9891 9990
f 9891 9991 9990
f 9891 9892 9991
f 9892 9992 9991
f 9892 9893 9992
f 9893 9993 9992
f 9893 9894 9993
f 9894 9994 9993
f 9894 9895 9994
f 9895 9995 9994
f 9895 9896 9995
f 9896 9996 9995
f 9896 9897 9996
f 9897 9997 9996
f 9897 9898 9997
f 9898 9998 9997
f 9898 9899 9998
f 9899 9999 9998
f 9899 9900 9999
f 9900 10000 9999
